Coordinates
version=1
nRows=1729
nColumns=24
inDegrees=yes

Units are S.I. units (second, meters, Newtons, ...)
If the header above contains a line with 'inDegrees', this indicates whether rotational values are in degrees (yes) or radians (no).

endheader
time	right ankle	left ankle	right knee	left knee	right hip	left hip	right shoulder	left shoulder	right elbow	left elbow	right foot	left foot	right shank	left shank	right thigh	left thigh	pelvis	trunk	shoulders	head	right arm	left arm	right forearm	left forearm
0.0	-88.28488846594496	276.9562093671493	-3.3823655740404988	-0.42594507174457036	-1.7796559909028622	0.2829513517212195	10.432798090899864	-10.374237370941753	-11.513660164551423	14.05696641295079	-18.135072500937454	346.21214204312537	-19.85028354085493	-20.744096013418996	-23.232681822135945	-21.170040587888565	69.05717248583461	156.38510979410734	-293.4153717698048	158.58934130903572	-11.020215274765917	-31.827333566083354	-22.533792272880547	-17.770339421386012
0.04002314814814815	-87.39150936506836	275.83080419984196	-3.6025382230031893	-0.1691845603248341	-2.1522581453020733	0.025368291375513087	9.916233665560904	-10.471433336063786	-10.789382985743623	13.991005553837988	-16.929008484417366	344.6925194413336	-19.8263848474744	-21.04847024502901	-23.566904337242704	-21.05657926964122	69.0560108655211	156.23788398535504	-293.11630860542743	158.9341160100877	-11.38964638948022	-31.772151885480852	-22.024330864335056	-17.781229551490128
0.0800462962962963	-85.24385166294667	273.79819824921685	-3.4529240510442514	-0.17947381310535757	-2.4673514453125613	-0.246157701809375	9.130870514342181	-10.663924648137291	-9.725043991622355	14.000007685815415	-15.347501574994496	342.63569521781835	-20.109794707963033	-21.175678785822853	-23.539935157703553	-21.189781019506555	69.0345981233995	156.02602024979234	-292.99064155202313	159.40835675144166	-11.962861201866232	-31.760352641307108	-21.716021661083133	-17.760541202326223
0.12006944444444445	-82.69076795195934	271.8999004205927	-3.1912147102301405	-0.2871142732597337	-2.571893143726533	-0.0184629126551264	8.582370494974061	-10.806634676374621	-9.001644066187765	14.072499413467328	-14.6098089513642	341.35212056119764	-20.477670844150765	-21.0034182059846	-22.967554754702192	-21.718474180299467	69.01690386327353	155.88254829981668	-293.1500310731304	159.71142621016025	-12.367805394558289	-31.783790392477158	-22.156873813209288	-17.710892376436277
0.1600925925925926	-81.76406461239921	271.34186457997475	-3.2885905269876043	-0.2578894302672209	-2.462010167868238	0.3767979792838857	8.501690122118955	-10.742616088373973	-8.92978030241682	13.873832332268666	-14.97863734912329	341.339776399244	-20.487567359198962	-20.78482283250854	-22.439653406580803	-22.09819987327326	69.032738935377	155.86715196620395	-293.3386943844082	159.7159793528446	-12.43465109347163	-31.67988025986412	-22.808976445081157	-17.804740376131605
0.20011574074074073	-82.80710087375745	271.81169633463446	-3.400410752630684	-0.534517911596211	-2.139257749145351	-0.09426341451653929	8.48653348535901	-10.571706755988846	-9.0865676498161	13.26721742443537	-15.233526496782005	341.6079752619703	-20.343995826976837	-20.673049964643994	-22.369085846879813	-21.91221137930377	69.067700520037	155.8817081561074	-293.37127640503854	159.64318292524231	-12.4654136592264	-31.393813810014024	-22.905283618892184	-18.128348738294605
0.2401388888888889	-83.96737824954147	272.2139007113701	-3.1928758112712012	-1.3261368163756737	-1.9384020371207051	-1.1015441697623647	8.391283089012363	-10.550430722056184	-9.306399011225635	12.980147785379872	-15.366255177000355	341.54839881975	-20.492044073607474	-20.491391224979807	-22.61547488918984	-21.688897733298916	69.0921939524753	155.87294794121368	-293.3669146782928	159.63671032985297	-12.529926951811916	-31.24608929950884	-22.79107575039137	-18.27426792691881
0.280162037037037	-84.11400451590835	272.10686174379885	-3.1069559839488545	-1.8509257087173914	-2.2073091237033005	-1.4552034370530418	8.284287213654842	-10.656122013989181	-9.585512995549298	13.28554558597085	-16.144610643238025	341.3055823939193	-20.686018956152125	-20.27087712664313	-23.079622863145545	-21.76709802343923	69.10416569588206	155.85919190996884	-293.35783437735967	159.66249871041137	-12.566613034362774	-31.357952729293103	-22.829953963885472	-18.06580352701357
0.3201851851851852	-83.75938059124175	271.86601013933114	-3.197632669679653	-1.7430260808078801	-2.531208821549185	-1.181542839641546	8.040946628032323	-10.59978719253636	-9.775559474338461	13.305539491977875	-16.34287931473314	341.29184347627836	-20.570264479502924	-20.171842169669432	-23.417206411862693	-21.854330344671993	69.11890013421699	155.85024370481253	-293.3321456690969	159.6585750564763	-12.730271789295756	-31.441486193213265	-22.875681238076652	-18.084868439207128
0.36020833333333335	-83.78569099692213	271.8356952368707	-3.172467298661793	-1.4881903010269424	-2.579974272536143	-1.0737083569688162	8.027608687981402	-10.475199946106423	-9.913693577191598	13.033801310923707	-15.172467288586759	341.5517402187814	-20.30474952099533	-20.24298642910331	-23.44002896580102	-21.83807121824205	69.13228699491754	155.8444510049298	-293.35105696505553	159.6448404270281	-12.616915114348558	-31.540932619804394	-22.701892211015632	-18.523609704434023
0.40023148148148147	-85.01873382542584	272.1742759881481	-3.314801988558452	-1.2909845874769434	-2.531836766113662	-1.107415202443609	8.991453954141951	-10.578786154489489	-10.3584372551271	13.26095066467147	-15.417792449133842	341.68084324890555	-20.014818556576827	-20.489284604304117	-23.276575687408453	-21.82490399268407	69.12560860763448	155.86326141931946	-293.39544841564424	159.66201227638393	-11.532087050399042	-31.792971228508577	-22.53686846760749	-18.835104583289976
0.44025462962962963	-86.99113521473075	272.82884210024474	-3.2002878257763285	-1.1073678968949874	-2.513147485497679	-0.7924537146048749	9.185147510900018	-10.650982112021559	-9.753507632150997	13.555683122104643	-18.34341418471834	341.588297269442	-20.09321229720436	-20.727837696832196	-22.74350002031494	-21.82837579280603	69.11100342676073	155.9665625449568	-293.4145201908655	159.68960698444954	-11.691276449599115	-31.90937365486056	-22.90052522735438	-18.80290900537004
0.4802777777777778	-88.03659715344688	273.22471667201324	-1.1235990548279866	-1.0320408011317581	-2.423557290107939	-0.4276168392125514	4.166097144733109	-10.40855521549014	-4.430278087409205	13.185965004363739	-20.458251560648364	341.5611900692068	-21.604905232015398	-20.783776470229554	-21.941664550945987	-21.818091343731183	69.11468490388009	156.1350672084703	-293.420146711712	159.7064888991085	-17.688781892252294	-31.774011367018915	-23.51626755197958	-18.715207747378287
0.5203009259259259	-87.7178457101349	273.0037949432282	2.5539121030221064	-1.0430338804834525	-1.8875859706407068	-0.612592785198727	-5.667878734922747	-10.285207902074301	4.759842757611994	12.615092197365685	-19.739394358096845	341.70612631929544	-24.265758316184787	-20.756320939401334	-21.445226323508194	-21.80506449707059	69.12429516013661	156.18347534092703	-293.42520283380765	159.71640201850946	-27.96449343199356	-31.614933638730676	-23.78929638159144	-18.756595024418473
0.560324074074074	-87.10682957798065	272.6592413270249	4.289525948461333	-1.036716122849418	-1.1221970523348368	-0.9275744957845007	-11.566967250972112	-10.562382402682655	9.58892204631181	12.47454478147999	-18.419509180728014	341.8619865928403	-25.612365059547386	-20.758153383608175	-21.36286056556085	-21.80826147160691	69.11690787694074	156.04415741762838	-293.43691065415226	159.70898056302917	-33.02238963370658	-31.566639213644734	-23.758255664859703	-18.8343004467841
0.6003472222222223	-87.10504665609095	272.60565632906145	2.6835844727021785	-1.014781131637353	-1.189832810454566	-0.6571148775914705	-8.213706155675577	-10.813396549694367	6.078778316875014	12.718835361480615	-18.12559019506304	341.91658736683945	-24.5455440812741	-20.773814234055337	-21.354219570138355	-21.817160065225153	69.1035645448222	155.91315244166577	-293.4620878920354	159.68326203730976	-29.033463910875412	-31.618686997474953	-23.606207621275715	-18.75477725832846
0.6403703703703704	-87.59055752535104	272.59409817641404	0.7271224740690866	-1.0995109778248477	-2.169267938826484	-0.3609825265999855	-2.064587283147361	-10.849986472377541	0.8381649079311985	13.120218512481294	-18.198448779333333	341.87562207299317	-23.07067193903781	-20.773210965836142	-21.481711472749865	-21.81928392364506	69.10024927700438	155.8993466421694	-293.3947532587668	159.72187437906845	-23.627127750606718	-31.704074834581476	-23.250742918606292	-18.49877095038211
0.6803935185185185	-87.83602052844081	272.44313037437047	0.0042372823268382155	-1.2598597181871303	-2.9101145424496653	-0.8736094888380198	1.3102478481625868	-10.96731507508463	-2.0335498908617406	13.459667510066469	-18.13262798247763	341.71631921768926	-22.44700239080025	-20.755470851165782	-22.11687655483918	-21.818195593515682	69.1022095166323	155.91464546415835	-293.162038056514	159.86300503759242	-20.910960773913743	-31.752970032458336	-22.749275670286465	-18.288309586975274
0.7204166666666667	-87.59250668287709	272.47447542980547	-1.011737183725473	-1.1649675409545666	-2.995682136368172	-1.5761473778278117	4.546929200625054	-11.183316430912663	-5.910125556356726	13.531725286004775	-18.15055284708947	341.49811269989243	-21.735907861313223	-20.743797244870805	-22.8311258540201	-21.818368044575124	69.10274803996411	155.90912853860215	-293.0346111840584	159.62100394428433	-16.93362244067623	-31.76029724302387	-22.51506398835052	-18.21376014224748
0.7604398148148148	-87.43211678551089	272.84554706302885	-2.4288053416757087	-0.8535984734724636	-2.964723175141089	-1.528612667595284	7.935099322257218	-11.177877508990191	-10.058804784315805	13.273356361689284	-18.33697025437101	341.365439060989	-20.80358631016	-20.755057277001583	-22.860590401615383	-21.817148393501526	69.10294058619655	155.9024027227953	-293.1455257305716	158.60380375573118	-12.558959069618112	-31.74427892996526	-22.72003985255887	-18.241955040050456
0.8004629629629629	-87.71903938651356	273.13569198374154	-3.1921636146303176	-0.8000450853351462	-2.813966201391184	-1.0371440491711312	8.900143853315353	-10.993082588941586	-10.864576875779607	13.047964761816337	-18.439691849854924	341.3914145998175	-20.334384110675302	-20.773541828635842	-22.542086660944776	-21.812835026992758	69.10410186354132	155.8991950320442	-293.1453274088122	157.848473071377	-11.593181290741967	-31.70274096104663	-23.003757116624385	-18.360355746513704
0.8404861111111112	-87.55201134987047	273.0779030728681	-3.2922379066397336	-0.9954365207327078	-2.168700812948556	-0.8029026395140935	8.439355455681751	-11.024715274770342	-9.606380581227398	13.380820678562284	-18.36698374796501	341.58393857863126	-20.34878799366338	-20.776047652556613	-22.47492135942825	-21.8152040940397	69.10183684424504	155.88910168004747	-293.03427340929557	158.21474931528252	-12.578666503031542	-31.661475104388686	-23.126946915627514	-18.382683344619807
0.8805092592592593	-86.1624507624157	272.9249250301633	-3.1235472020046333	-1.0910874020598345	-1.6849444854292044	-0.8525385681721838	8.248107815850421	-11.171236654535871	-9.044447846318377	13.762379970059106	-18.030195433707917	341.79502573976885	-20.55029644002076	-20.757078768555473	-22.579299095315037	-21.83345854853522	69.0734171009619	155.87365545324468	-293.16282043679615	158.7867562853159	-12.982243195883342	-31.660624086014906	-23.18405914633253	-18.368046118868122
0.9205324074074074	-85.25388101986043	272.8172954495903	-3.1050719449857933	-1.0590712407439213	-1.978013953478181	-0.8384737253356238	8.282509575972833	-10.987338380708099	-9.380236073423665	13.506422241065605	-17.261083931260316	341.79538317652134	-20.516273300457854	-20.730541456499978	-22.678450154225686	-21.83875123628593	69.01354608469508	155.92477084139614	-293.3968738201113	159.03013849682844	-12.783115277433538	-31.688938743764425	-23.095261428768893	-18.50521035390119
0.9605555555555556	-86.58969445765102	272.6350304643987	-3.3186269894455216	-1.0351745586216585	-2.2793869748639515	-0.6499689765078437	8.25855939675259	-10.52787943092197	-9.415282305266041	13.141873857882496	-17.01072527689709	341.64056866942474	-20.139598516574154	-20.72843035620653	-22.768338328488724	-21.77982529993065	69.02260883769364	156.0787873022464	-293.4584839519466	159.37565318052168	-12.745939399819306	-31.657739537100895	-22.674315759477963	-18.53376136907083
1.0005787037037037	-88.23275418960192	272.48436074493594	-3.412191500255957	-1.1119715891539343	-2.1803596594444294	-0.6535735572476074	8.177399591222528	-10.248219716829867	-9.123856872979212	13.075028099701026	-17.740142276253167	341.5928438461095	-19.86869852253166	-20.777528531108743	-22.963669244059147	-21.75242878126319	69.16685848205579	156.10490101450432	-293.4112484918668	159.68192785569158	-12.931914008595015	-31.513081070821883	-22.251137779302738	-18.38407298818258
1.0406018518518518	-87.75663266635513	272.5207888295624	-3.3099606486588287	-1.2191407828996836	-2.2203921385520635	-1.0175144685357262	8.010846842206119	-10.57504072451614	-9.269298123367497	13.379814164624706	-17.315412634503616	341.7390933977624	-19.891682702965596	-20.797138757101337	-23.191529302688835	-22.04959155149885	69.28025116162118	155.9122945763142	-293.3745673611839	159.71032368497447	-12.973222385914	-31.573993390656156	-22.242254869192365	-18.186502405862157
1.080625	-86.70568905288965	272.5441345744469	-3.468357284739331	-1.1780137783982547	-2.512123058535861	-1.1629536925834447	8.111006837194584	-11.515373049701674	-9.73908549391196	14.356511095328555	-15.164371444977064	342.02079941306073	-19.810030309825294	-20.56306534891742	-23.333146616430923	-22.598714780747784	69.25761601086447	155.89853562431355	-293.4307413396115	159.7615788090423	-12.569755330574282	-32.22173309262733	-22.220047691315898	-17.87152106994786
1.120648148148148	-87.00398156510951	272.3432071112939	-4.148515262463878	-0.9916170940358214	-2.921469714974726	-1.0809722758402829	9.112812575931683	-11.002594936404178	-10.549428761181082	13.262453193060198	-14.19587857779318	341.96303942740184	-19.409228421960492	-20.36738287636348	-23.566688507044333	-22.833218784429107	69.24602905870454	156.07580855110203	-293.6234436321575	159.9155978272212	-11.38016238549865	-31.627621942755354	-21.82802982693987	-18.36947676845162
1.1606712962962964	-87.11322791098152	272.0805702850242	-4.063850774101843	-0.4399764052321644	-2.9653082531588812	-1.3468202189078997	9.052756868067112	-5.3704491992959	-10.153658791991369	5.152240488183612	-15.662186985549198	340.66141015353816	-19.61980067691826	-21.296097567226965	-23.671733074472982	-22.769399623131648	69.26680095684048	155.96177016477006	-293.8149903622582	159.4331188586762	-11.574839187325708	-26.262051403674306	-21.682674949216747	-21.124310877876283
1.2006944444444445	-86.30029360509839	272.0860925020085	-1.6529826117512696	0.49770018584411	-1.5536751527807184	-1.1366797929942716	4.043573458622592	3.8706110876602557	-4.639379628414303	-7.1240311546837995	-17.786641241641988	338.7691284317689	-21.457741779552464	-23.336534114920596	-23.088604883349547	-22.838013761997743	69.20095288910792	155.69853791902517	-293.9285148000455	157.91286585713164	-17.49523274403964	-17.75533585881368	-22.17849204183142	-24.871602548381432
1.2407175925925926	-86.3393562244183	272.3609205261882	1.721722050165459	0.9685443287324242	0.9480177782233797	0.065471143523097	-4.186303604022274	9.343665547653815	4.433833025490246	-14.121544750946168	-18.56825641806357	338.21774267865635	-23.811860859832848	-24.845218048774555	-22.100298074227126	-22.844074309937028	69.10825686402131	155.7248834759402	-293.9735181160803	156.7521092187169	-27.248929372155033	-12.71862065294161	-22.817700898466214	-26.745137118991366
1.2807407407407407	-87.20587030677605	272.4735996213376	3.4840603152194496	0.9302852468016682	2.62118729766568	0.6239827251445268	-9.345244595480775	9.14644302494032	10.208122867835703	-14.333499171252706	-18.1316643401706	338.81268156051556	-24.91528751670144	-25.162164113580886	-21.554119252360778	-22.76869846623279	69.08822752760084	155.89415501051798	-293.7995786087598	156.95610949623784	-33.48608198168051	-12.652273329979252	-23.01155157300994	-26.842459646958545
1.3207638888888888	-87.6826580778966	272.20393705171284	3.6023803955997176	0.9779855159645423	2.690508002096608	0.012769382850778208	-10.544348783590957	8.716227528406593	11.472764539868173	-13.921937148880636	-19.08014510574135	339.42803575614874	-24.99143071266596	-24.712422047671836	-21.546473269999424	-22.89943567885456	69.09981096547561	155.93403494728403	-293.5406422174159	157.23816689034678	-34.67444296644274	-13.200429729855841	-22.740797628502293	-27.02124821609999
1.360787037037037	-88.0290236419446	272.1801526500566	2.908417245181575	0.6039656293511719	1.544101028404677	-0.3648952303977353	-9.775884268049358	10.476479989117957	10.109553455647426	-15.444366373981252	-21.665513794039086	340.3922744542102	-24.628266444360676	-23.542664093772956	-21.71262031142247	-22.88700924985453	69.09198121437483	155.90393286907107	-293.62378657343334	157.13448693575026	-32.851025941978165	-12.100532040325433	-22.5478013790253	-27.442602614612085
1.400810185185185	-88.04759318554419	273.0567787916441	1.4946337942101988	-0.1301406549605838	-0.3014945130612345	-0.06590889807492374	-6.320027048987563	10.470355134552511	5.732063864860672	-14.663906085922644	-22.120682083159636	341.52040132256667	-23.677144305976412	-22.36708662383039	-22.221916617606425	-22.51710774173742	69.08136068650042	155.9581359740925	-293.9711049790637	157.69604032266142	-28.252065847801276	-12.395530111454619	-22.774074952015	-26.911789994914486
1.4408333333333334	-86.22644841034533	273.96377881104075	0.27778841812184074	-0.18595570221404167	-1.8951301084111654	0.2997193853050506	-2.074049218494317	4.021917174426719	1.2310019778382861	-5.793944916768028	-18.563222907307363	342.0078932659539	-22.75512339752234	-22.01363587362235	-23.12045386394705	-22.248871382598182	69.08922054997062	156.09367809087672	-294.1866327802527	158.54684838364534	-24.001724720688614	-18.613041231656112	-22.987597610174234	-24.31310812288396
1.4808564814814815	-83.37669169262834	273.6645729058049	-0.5086692233171565	0.29294270569747655	-2.4793570932935856	0.3610119027155192	0.9876578800917959	-6.07868600223994	-1.5917788998305196	7.607970255629838	-14.1749086338708	341.9508841010321	-22.087466734678912	-21.957774958023194	-23.670201815385965	-22.379344776820545	69.10162216413259	156.1739566203753	-294.23528445281136	158.7668163624695	-21.371148616675	-28.231349811846798	-22.76381049810115	-20.640424594882333
1.5208796296296296	-83.01052961823727	272.7881158889834	-1.8813508949526458	0.5414008835964118	-2.3091931742028433	0.4323481112909657	4.982286884775483	-11.382761670218656	-5.766853133348488	14.84062097671353	-12.8555290383905	341.66916627069406	-20.985764926292944	-21.72638291492197	-23.54763266786638	-22.489268254246483	69.10293708548876	156.15749303690077	-294.2833963625623	158.6357912534412	-16.99014257684675	-33.35884022514645	-22.498624461746218	-18.5734079865678
1.5609027777777778	-85.49021077030199	272.44163271137654	-3.329650885322349	0.5395812654599506	-2.1747127179886414	0.9932921533394283	8.782806415003645	-10.858101714575847	-10.075294102447367	14.951690210284948	-13.96995286315125	341.39116717845087	-19.938726564083865	-21.513891452493596	-23.409170190207078	-22.06789832033283	69.10336831821138	156.11375025623192	-294.3924595443888	158.58715804536718	-12.594063245710842	-33.37190805262817	-22.767514156404303	-18.44560809139506
1.6009259259259259	-87.50172618723191	272.46029359124765	-3.870505523711395	0.5146733352941669	-2.195432487782419	1.4126095903993545	9.51055401035075	-10.939885428470708	-11.28327473963757	15.356472290008705	-15.150981358787519	341.47339695020565	-19.69451417073536	-21.277290829098703	-23.42152994571984	-21.44099601586153	69.113916451087	156.07466581114517	-294.52174056782695	158.5980020515252	-11.81396805315326	-33.76041214973583	-23.326709693145716	-18.40492553865029
1.640949074074074	-87.88536450833759	272.4755670987505	-3.8012076652455162	0.5616680524689048	-1.8116072888243546	0.6630681936130084	8.701714521110638	-11.794167922088898	-10.759269445942335	15.25621508321168	-16.538790121170905	341.83700826832404	-19.82087240619292	-21.186644964259955	-22.965678544014168	-21.3192991952682	69.12590795691149	156.00824722137145	-294.5147848739139	158.59987521494588	-12.720508511064253	-33.79088025628987	-23.381413823495947	-18.538057273984222
1.6809722222222223	-87.42945245105442	272.34919155663465	-3.5231440441241784	0.7643408079199934	-1.372949420695889	-0.8875480118802334	8.433209324890223	-6.622073432912945	-10.367982110391278	6.947344084155986	-17.944510392331793	341.9527810330812	-19.942759911966164	-21.949868695045197	-22.42844086751049	-21.967653215575112	69.13065443344803	155.9933924837771	-294.06795074704235	158.60313856065687	-12.880102646765252	-27.737482712668708	-22.83614873061515	-20.77960502802837
1.7209953703703704	-85.8031194859673	271.82783044771696	-3.3324849502174434	0.8998360869475712	-1.7074375818708971	-2.0615654922362356	8.544727526589138	3.92332357685454	-10.253805375897524	-7.1561682154250565	-17.808768538462303	341.3750714677862	-20.13213749162078	-23.37391234460418	-22.831750876268146	-22.995184036107915	69.12906130566469	156.24243965257722	-293.1846442400074	158.60869102140617	-12.632172683507164	-17.472722808285482	-22.529214764992773	-24.578370852863657
1.7610185185185185	-83.66829668565266	271.4772540745695	-3.4776693433670363	0.5662675641532041	-2.42427537663377	-2.4475019065773584	8.524416955918802	10.503771863864792	-10.35381608773098	-15.259050512483315	-16.13475379754199	340.1717935100252	-20.296301869154732	-24.26607939280437	-23.737755042061977	-23.69280835774309	69.116281977042	156.54297046969862	-292.64030907637397	158.60283560710315	-12.671754596922554	-11.500853734458488	-22.874199966480106	-26.79853957298556
1.8010416666666667	-82.88700633665907	272.59339761156383	-3.6188579360931645	-0.04983560598978128	-2.786778428792849	-2.4656516154405845	8.495953953317843	10.496255142431092	-10.371819055286968	-15.167774111369878	-14.496998581535394	339.5564949201434	-20.424331706911147	-24.454239939088552	-24.120007064530782	-23.86575491959013	69.08878516877722	156.4530340375564	-292.9285531426281	158.59662842614512	-12.77147962113304	-11.310570109000295	-23.09177620832814	-26.792133883562173
1.8410648148148148	-83.23600832306678	274.9241346897216	-3.42903447592287	-0.38853673855204074	-2.790097764097944	-2.509592157477503	8.705552835612403	9.695987192179537	-10.018261862821108	-14.64629813112708	-13.850152888035353	340.4397167289655	-20.59222340486943	-24.31964072529769	-24.03789636474363	-23.739058734348646	69.06314842147249	156.1882304518103	-293.3930481740018	158.59789228382283	-12.591462985267881	-11.574205371371562	-22.55551303306129	-26.13095241788585
1.8810879629629629	-83.84108682769289	276.39819185223496	-3.2670206462953346	-0.36486033640372306	-2.6621136571974415	-2.3296545331307743	8.779636555633251	8.961449356204064	-9.535537899227183	-13.993313409436563	-14.176521912424548	341.64288759959504	-20.53592823535398	-23.442631391811716	-23.965120194307914	-23.151622125799335	69.06786003580058	156.15005358164512	-293.45231361166236	158.5966069548912	-12.429807760245168	-12.156105512534651	-21.994034626270462	-24.291725340245165
1.9211111111111112	-85.3430987949	275.7017933603174	-3.4499428015604816	-0.2716132171831218	-2.555796808660491	-1.6309574680560934	8.34325120766451	3.1909285673927963	-9.246485857038177	-5.979221808330967	-15.633111087987288	342.04920933534453	-20.176221309600024	-21.985230465440367	-23.999279883632823	-22.216587444926347	69.10263146859232	156.21212058133688	-293.35052124754014	158.59072946526322	-12.537900576873056	-18.009746277084844	-22.116016862257965	-20.974714928484573
1.9611342592592593	-87.44545225424413	273.636997050971	-3.780378345566418	-0.2710880982313808	-2.526088306536952	-1.073005999581481	8.168238435180236	-6.2785451713858995	-9.554140642029115	7.251752315441289	-17.375620922700378	342.02307235679325	-19.84496653541241	-21.01573540554915	-24.03912227729728	-21.879038096927218	69.12747396396418	156.1466175936159	-293.3636351492978	158.58268954718642	-12.36928695407343	-27.503678496460708	-22.47083322821119	-18.56958594586453
2.0011574074074074	-88.44489466948218	272.0964119507624	-4.168908692165689	-0.2896099072060194	-2.5861183923252136	-1.1565151483811822	9.170849793504958	-11.814097493342953	-10.836145838314119	15.207955133061503	-17.253848791131304	341.83098443994356	-19.571307210019796	-20.824566921725037	-23.99312458178362	-22.185441293648424	69.12178697093528	155.9873393084941	-293.4094658966387	158.57310121039035	-11.36692884325798	-32.95040630586742	-22.67259433408671	-18.016945333786126
2.0411805555555556	-88.1806664026059	271.912370999125	-4.009799991522788	-0.28616502410417805	-2.7481269999231306	-1.243898599118953	9.332622511519938	-11.902271107571154	-10.760961864301255	15.887575927605123	-15.712797209030299	341.48503986630914	-19.673148224783063	-20.860916572177672	-23.88856194159193	-22.132413823839457	69.10416882978808	155.87877294254713	-293.3801600857113	158.56727212856313	-11.77754460954084	-32.90903440331397	-22.80150127877552	-17.893687398904717
2.0812037037037037	-87.96679959795289	272.33302537613986	-1.8255218754825682	-0.40780762026399286	-2.7738430540404564	-0.9591276472814577	4.23985836659931	-10.8979088955494	-4.909049918671299	14.728499149347916	-15.982869528818497	341.36603568271744	-21.248282396758242	-20.839145872933983	-23.713214694536077	-21.66383640704514	69.08492102227281	155.86662831354369	-293.335509833775	158.5670548853083	-17.939803912542303	-31.842508850280225	-22.633285939652936	-17.74332185321279
2.121226851851852	-88.02287326964515	272.633826650284	1.9023545125183703	-0.6767274477827644	-2.22290746008627	-0.6112470353047772	-5.624596099178265	-10.803503588565928	5.330966568192218	13.979388792572111	-18.621568698917145	341.6170378494219	-24.024121453359328	-20.80517361700535	-23.1370833666207	-21.343565868847833	69.07030015933734	155.88560571967537	-293.35066996504287	158.56737280518925	-28.30863075673814	-31.752514503485514	-22.242929821878207	-18.04021249568487
2.16125	-87.78338371700023	272.73732839343273	3.852179961305472	-0.7737451560463084	-1.3395067799726177	-0.45874421474685056	-11.682136423547336	-11.042029459892055	10.813763528900227	13.393477374977186	-20.428076898346262	341.8704253242281	-25.501487378471452	-20.766686266684516	-22.27876024892214	-21.412089243828376	69.07479198121109	155.89580341662167	-293.3829874770174	158.5660595204152	-33.60401253627036	-32.00383643126912	-22.20701255335034	-18.61257989834492
2.201273148148148	-87.55972409742859	272.6459052953538	1.9175085376701413	-0.30667927390206506	-1.1854990115390103	-0.6919226270979107	-7.2104307025147865	-11.139929559133018	5.726048159532612	13.104939145560436	-19.730715845161868	341.9079856165434	-24.05645035716941	-20.809370359554137	-22.162473700861767	-22.076414440534904	69.07336916627595	155.9019484730941	-293.3827574174006	158.56921528104425	-28.264726960885525	-32.10606330523335	-22.47350052149791	-18.95520683998386
2.241296296296296	-87.76564433974394	272.36932422856245	-1.894339090982391	0.4013816292541587	-1.9406912185573475	-1.1954126862057266	2.85565678439025	-11.079939851323466	-4.337232753338293	13.025777631322745	-18.36255424772962	341.86726362141627	-21.236465066278186	-21.02075672803379	-23.025243728659703	-22.909939640191595	69.03776197413934	155.89704199413177	-293.3999062222793	158.57905029400925	-18.158952271770303	-32.04859769507971	-22.585571715406488	-19.01905628712568
2.2813194444444442	-88.0686823861097	272.2805729088828	-4.041454313292821	0.4614685637869191	-2.542113156377886	-1.3678779466162847	8.872568093266189	-11.025967644788787	-10.237734983310508	13.108652855978805	-17.897493418598856	341.85705835746097	-19.607158265533286	-21.235505393892907	-23.701929619215846	-22.8796963100327	69.01853283866005	155.87552269079248	-293.4676907664813	158.58333455023023	-12.331203984087693	-31.997333695626878	-22.53859025597366	-18.896325963464065
2.321342592592593	-88.166824287008	272.6773436252821	-3.9507822130422974	0.052915529514269	-2.5006508830921215	-1.0110272371972022	9.145352194529003	-11.06481447709455	-10.552107136081684	13.501070136160342	-17.97818376513476	341.86168998141	-19.594367196092477	-21.301305736574136	-23.587510618101035	-22.123457514821794	69.0573897698284	155.9122537756473	-293.3662814092764	158.57808784219287	-11.97213147477784	-32.03694228353493	-22.52335785487915	-18.53708441656576
2.361365740740741	-88.20544857684617	273.0567580678749	-3.5781398570605916	0.013017990667320628	-2.298653866685652	-0.7346563379097039	8.223655821313999	-11.108070370538263	-9.547179627005894	13.792922970791633	-18.066693767668767	341.8673034034221	-20.073162675758127	-21.220361531636314	-23.27624658819161	-21.813711629586734	69.10230028322628	156.06994788291638	-292.917644314489	158.57224209188246	-12.748477825718155	-32.08006609732435	-22.58721207333565	-18.28591305288917
2.401388888888889	-88.34957459485793	272.93270053352376	-3.672853984107008	0.06351718561465797	-2.2605176454355522	-0.75402424450735	8.368586674113073	-11.076649065115602	-9.507096149082091	13.550379011637286	-18.154698641620556	341.8779381201002	-20.3929722500409	-20.999558102842542	-23.213610697990376	-21.97140459207607	69.11038827489621	156.17641606850674	-292.61454845406126	158.56472059781322	-12.578785466113871	-32.04910574842573	-22.574977595368637	-18.498426677902145
2.441412037037037	-88.05729413756298	272.65225158865087	-3.5671890585607753	-0.35147842564351933	-2.2915334623157353	-0.7217538186565642	8.808086600532253	-11.028099806163643	-9.767808752556855	13.279625742171174	-17.91735618348504	341.8621013875906	-20.46447405905367	-20.785206399198245	-23.260329164255566	-21.864988335166387	69.10323422950187	156.06605970125645	-292.9246624848359	158.55928991978024	-12.16196819678548	-31.99925254609802	-22.225090651408692	-18.719818547716955
2.4814351851851852	-86.86368551994009	272.58855831608366	-3.1390857233727574	-0.8908707479379859	-2.3004235786260088	-0.701729720981261	8.913747589217309	-11.021833741245077	-9.575718083367509	13.488595267462856	-17.07452444391754	341.78854621538244	-20.46028273069969	-20.728621385801915	-23.270401280609704	-21.683738789058623	69.10131230117399	155.90929768352595	-293.3676506404218	158.56585540765082	-12.057830186822414	-31.988740470233395	-21.648513840398564	-18.500213757053487
2.5214583333333334	-85.95687951106989	272.6300426463699	-2.9388273373151907	-1.1050834869897594	-2.295758241860265	-0.8077489179839429	8.889999908127603	-11.027335306885362	-9.269249426086938	13.690108132715912	-16.44985629642089	341.70950835016515	-20.4382939700575	-20.75364370084901	-23.262853412973058	-21.755190421131033	69.10241125885095	155.8872178954147	-293.43895184084636	158.57582057980096	-12.07293789780384	-31.99403729961918	-21.300971937413877	-18.30389294414286
2.5614814814814815	-86.00347964578063	272.63130040375484	-3.1590116437984928	-1.1066428336180405	-2.2922035560281873	-0.8849439582089282	8.899847593701292	-11.016964621326089	-9.239686507709589	13.522751423347511	-16.12075139804068	341.68184653250603	-20.0970404383972	-20.76269459832244	-23.264321104533423	-21.8455793240513	69.1028251652536	155.91175318045396	-293.363594613582	158.58329547538239	-12.060673650598432	-31.989126997046625	-21.29111259673823	-18.46634212205953
2.6015046296296296	-85.63431723389648	272.616838593002	-3.4089988196053382	-1.1380762645407354	-2.3043825875176593	-0.9299267703886401	8.867956965716608	-11.03671350169958	-9.316567855947165	13.596626735306945	-15.053155463768448	341.7103788970115	-19.636422034968945	-20.767377286609673	-23.268663803663955	-21.837965964482663	69.10263092363539	155.87648680597093	-293.4051081965346	158.58212891549704	-12.083674624378773	-31.999482613708366	-21.355082111011257	-18.402899034831975
2.6415277777777777	-84.24636457707449	272.6301722478523	-3.43106039507588	-0.9940525021694405	-2.3283814029763326	-0.8629921157453999	8.819856627046937	-11.105304539726795	-9.325946785156118	14.164161081983359	-13.939749346063806	341.78767197750767	-19.611309490307733	-20.79655846583563	-23.268516393428996	-21.82201431784074	69.10252208953543	155.8873469657987	-293.38525255965885	158.54458538763316	-12.117180525114193	-32.04728822902055	-21.35878621118448	-17.88326277186394
2.681550925925926	-82.51260121657761	272.61711364117355	-3.362554473160373	-0.5044874450417818	-2.2739362161464016	-0.4642071508769961	8.865056215194691	-11.074556352996735	-9.263975123467507	14.547941973047006	-13.823264043604325	341.85731122717453	-19.8665451565157	-20.76256949592279	-23.266936323895067	-21.818018175862164	69.1027412249356	156.1024654564107	-293.1026878521353	158.58554971213192	-12.137980591491925	-32.07796969244886	-21.340735439675242	-17.529856126081526
2.721574074074074	-81.482546681298	272.51277192904195	-3.329312477516952	-0.32635729813620706	-2.1352168466546146	-0.08202513448454499	8.999717628538049	-10.910358312067888	-9.234072452499458	14.465254553674198	-14.164811249093617	341.8812223630327	-19.977403785184237	-20.55172947340691	-23.26773537945796	-21.798193501747193	69.10299277877247	156.31054815365684	-292.9448549767093	158.96011713661233	-12.134410676044581	-32.04652704860284	-21.330041494019227	-17.580427934024698
2.761597222222222	-82.48802403547239	272.3587413729028	-3.306939155216642	-0.9769696140427726	-2.200272007806327	-0.42996895178031347	9.098400245358427	-10.973790695848885	-9.426004149376466	14.335050673222606	-15.097797531442339	341.8963796685886	-19.957607142451806	-20.29913573081882	-23.25693149627085	-21.81188297936646	69.1019436180165	156.15866894220005	-293.4390238071729	159.4628648494837	-11.919945153530378	-32.01356840986723	-21.327817760402695	-17.679149422944704
2.80162037037037	-85.06447665388812	272.2560499221703	-3.2856153118757696	-1.7386115181116641	-2.5756996013547413	-1.3000308055613916	9.110627998808587	-11.318978858170405	-9.665382247190522	14.358563517548063	-16.9507739662009	341.85501034931724	-19.93761257341633	-20.295632076388017	-23.221686765064533	-21.96710220133032	69.10012782470845	155.89607365981954	-294.16670893710875	159.44864267257495	-11.539051218637965	-31.999980747610977	-21.33416532741454	-17.64657917884732
2.8416435185185187	-86.49422621161577	272.3644723836896	-3.367711961138571	-1.6508499870661304	-2.8163232532407014	-1.7090914152990138	9.156471160175325	-11.324750474688441	-9.647533700033435	14.310292360171822	-18.26668552109078	341.685692039	-19.915566357830215	-20.6638888164087	-23.254587537164127	-22.269994850086746	69.10542098436329	156.00934390584007	-294.1054752152579	158.92750393347777	-11.52056139127022	-31.914572354732996	-21.341173429463268	-17.602821681349468
2.881666666666667	-85.69766395067512	272.6613746556295	-3.5332652958212227	-0.8540926121102995	-2.59206894428632	-1.3464695562680398	9.296590169583034	-10.81192039229576	-9.706709789603643	14.014251404907291	-18.09372800125908	341.5771119675764	-19.88520605432818	-21.08359702366188	-23.48048560891563	-22.48964583913896	69.11818768136058	156.40652289294684	-293.13106335123007	158.5610227640114	-11.993364306857998	-31.77202842794793	-21.338386193031724	-17.72723628726763
2.921689814814815	-85.08039294283518	272.835240526827	-3.521845657787405	-0.32531086374037116	-2.141143558110383	-0.7210895626831031	9.3120272352871	-10.498443594555432	-9.87581512091633	13.734723901444058	-17.579193882973456	341.73558662080603	-19.889028921450134	-21.103935684702535	-23.764968367546928	-22.252688417504757	69.11400200466676	156.61775186569918	-292.2597564866748	158.55011221442336	-12.404001227742228	-31.80646622558224	-21.33365826239067	-18.02146006550612
2.961712962962963	-86.18444307698891	272.82643732016305	-3.3899269821830367	-0.4673036156545035	-1.8240405792526018	-0.312696117801719	9.06161876824868	-10.78894376740696	-9.570592447388883	13.8429255508262	-18.148256166640408	341.91151039000255	-19.937177026008726	-20.876716248893786	-23.68126081907951	-21.881758633352263	69.08302961565491	156.40710002475106	-292.0854150196904	158.6107843071287	-12.473897556244538	-32.11479378655537	-21.345175001028935	-18.24125367630168
3.001736111111111	-87.39765708423867	272.8013473508231	-3.427680347916213	-0.7374978970516819	-1.7341712847495085	-0.18473893592266125	8.98956777019688	-11.046910697988867	-9.13961944957803	13.951844989809475	-19.0682789608841	341.83482025156616	-19.97274398680038	-20.722820778897017	-23.039943328009045	-22.198709821591663	69.0563245478523	156.0876221490176	-292.28079941476125	158.6111748470238	-12.311249345395765	-32.31468901709161	-21.33758677039694	-18.361183918887704
3.0417592592592593	-87.66299756569393	272.7527521922163	-3.4985206593231424	-0.7067367781484236	-1.7873697292699522	-0.20270611602124766	9.456413201868132	-10.753226568080642	-9.24733193009517	13.515917229857205	-17.81702748110297	341.815208885203	-19.96000895548893	-20.54329847665565	-22.49861813206944	-22.730611534668583	69.05258677035138	156.06625263453532	-292.7219982875166	158.59815668624037	-11.959554387703633	-32.115196975860655	-21.253552908891635	-18.60470984454865
3.0817824074074074	-87.4300393954167	272.68700374530897	-3.307804468299375	-0.5181028917729832	-1.8533721803681826	-0.32806169129776125	9.92987913050444	-10.457546090170139	-9.749344656453324	13.00410080111595	-15.121052377458554	342.0389641672912	-19.98979019853718	-20.405741666012474	-22.664764844743686	-22.420014560723033	69.05699474795104	156.1792685137882	-293.1971530758949	158.60109175738853	-11.622969433927949	-31.8665527039972	-21.33234491962304	-18.86439159162579
3.1218055555555555	-86.65245027709398	272.64572553799763	-2.8444464077537246	-0.45004084828118257	-1.6546857405231463	-0.4320365064811663	9.939099820568929	-10.592811060168032	-10.572869893032857	12.90807442716187	-14.833202675847673	342.05978556365847	-20.171766922915467	-20.57399908014584	-22.9878697957694	-21.651547488405186	69.05831600967238	156.11851878905173	-293.06454470459965	158.61036728607434	-11.457671790558422	-31.8457789766138	-21.947234282400487	-18.935878406040572
3.1618287037037036	-85.99782063318506	272.5881036466807	-2.4776437096087984	-0.6183143934064017	-1.1595391352443443	-0.4529835436556209	9.770492210013746	-10.696106450524104	-11.439051892471443	12.857089342596122	-17.366930723118273	341.73130915291165	-20.387963497450443	-20.902754246754924	-23.00697780009915	-21.359608110856882	69.05736410471235	155.98659699838305	-292.36859891677784	158.5904936879087	-11.313134935103648	-31.773964969604208	-22.802988327681305	-18.908700847097407
3.2018518518518517	-86.70319390713733	272.5478492198058	-2.6352123716732754	-0.6659778082908316	-1.1218974474914298	-0.6808976990472646	9.670301495171312	-10.735916193865844	-11.626443021945933	12.964735277542966	-19.47288822963138	341.54126632236415	-20.43578408605896	-21.012160404998113	-23.074663184200105	-21.66133845447547	69.05490356282763	155.9291622317252	-291.78872940807787	158.52955814248844	-11.205223191817424	-31.730309878681425	-23.266721341180556	-18.7679816261808
3.241875	-87.95616956451718	272.5146754632598	-3.2009121896854413	-0.2315257510527886	-1.9359871642553754	-1.1315620682176388	9.646255442341658	-11.454949667372661	-11.373115582848195	14.093578124046996	-19.307456376338664	341.7519176904037	-20.279043912265195	-20.726113237240284	-23.252215289024065	-22.13200256120706	69.05563697451113	155.91323401161583	-291.82537249753256	158.57200179942924	-11.205767703681857	-32.39969053307871	-23.24937966413971	-18.353512044715117
3.281898148148148	-88.2183050615558	272.3635098830437	-3.5724898874890214	0.03707848515808074	-2.7466129607687724	-1.5343011170224528	9.707513902739025	-11.307953350339892	-11.334717731979564	13.724377237360057	-18.128181992898547	341.6970547405693	-20.088194034094144	-20.54333656316824	-23.310726399496488	-22.471961781865033	69.0689696406714	155.87511099426484	-292.49269124333955	158.8450927566749	-11.139964287273173	-32.19790982138039	-22.87143692437209	-18.551345953817304
3.321921296296296	-87.64713561068183	272.2508395277375	-3.364940042041055	-0.17648186125839682	-2.9040249239359577	-2.1272780395796596	9.654178381236578	-6.404769658310068	-11.109299109189806	6.081851426693123	-17.483305047146104	340.38333381219024	-20.126907533790003	-21.55758008848747	-23.291313824955594	-22.923459930478487	69.0908375496208	155.7069921210051	-293.2383158924223	159.13222931041784	-11.103867316296999	-27.128641835354927	-22.162658228845004	-21.09391841837234
3.3619444444444446	-87.3022814962307	272.3641458708585	-2.950070112768627	-0.16703751793114227	-2.5076002939081206	-2.871772941290699	9.360494764847818	1.9965969884375463	-10.198221030042003	-6.7200699401762245	-17.399418150293457	338.6821417073949	-20.32816216012347	-23.236175886862824	-23.281511479049158	-23.45697542472412	69.10411706195721	155.4480167858667	-293.5571290349002	159.2013142222939	-11.496384752014336	-18.46924902190476	-21.514869507148845	-25.192147742333944
3.4019675925925927	-87.45139162460455	272.40263579206146	-2.8409674001802427	0.015878587495254063	-1.7517553738525704	-2.6305763405910674	9.295329277336329	7.6879397086882815	-9.477630584692216	-14.469889340040439	-17.993208072802048	338.5454603148875	-20.422195082696035	-23.57158515447101	-23.268303869312817	-23.354379686600225	69.10475118449939	155.31542925786346	-293.4497794588726	159.07195525602117	-11.849525006418588	-13.223446469765904	-21.637841077279788	-27.686730185589468
3.441990740740741	-87.52275106523376	272.2567855633784	-2.9102653729174732	0.12951458966905274	-1.2050924198522286	-0.9202051694752015	9.663567595964787	9.604463153011888	-9.796773262703871	-14.555032172375554	-19.432985021088797	339.38745734657306	-20.45165666726146	-23.055052884381112	-23.251316468301837	-22.90639077053197	69.10250673226847	155.3262738027853	-293.143211765414	158.79142850261977	-11.429609408640232	-13.293536836923309	-22.539446406174108	-27.84486155549574
3.482013888888889	-87.43365354724271	272.5937205202614	-2.4146599881983377	0.13303969880658176	-1.3322770905891148	0.7608017437778902	8.265543220909255	9.182098776539789	-8.612188910253312	-12.857625698818838	-20.292903374043732	339.90180779283617	-20.849163990364445	-23.113143077731706	-23.24436619139405	-23.015986093444454	69.1022320873345	155.33676398772593	-292.9807509207815	158.51159307373808	-12.807398995960227	-14.51757241545674	-23.190596851383162	-27.367264204284808
3.522037037037037	-87.55078483721294	273.612399747604	-0.979104936248948	-0.36227628445985854	-1.8750875127720874	0.6181498417143816	3.4497146821835227	4.950040009039286	-3.5977013175237094	-12.58840803160757	-19.442140589785183	340.77079040605025	-21.860922316161762	-22.872781528854517	-23.24786143238113	-23.213400710857044	69.10259915352499	155.32287966110403	-293.15931482193764	158.49289351748394	-18.41931498138956	-14.4545973572301	-22.91916734515233	-27.055146454439253
3.562060185185185	-87.70932173833941	274.0517881021636	-0.1512665169337846	-0.7352722839767989	-2.525587319504709	-1.0893225899751753	0.3236837163397696	-0.37346954207189387	-0.4728825029516518	-13.081071616343468	-18.18012944463402	341.9554098620796	-22.44336926971117	-22.220324245783544	-23.26994736710249	-22.921210469081004	69.10267354776691	155.3150147643432	-293.4051012655443	158.8494228812188	-22.03440114862191	-13.679275996965501	-22.25325859201955	-26.81877646732802
3.6020833333333333	-87.71846758291021	273.32131871922076	-1.3069134686235864	-0.40287827229021	-3.024941586118304	-2.311572761241242	3.6524503550321934	-3.350754473443358	-4.639673064655021	-11.57720792519904	-17.795260783081233	342.4080388818264	-21.53473244030775	-21.92756100049931	-23.289397496428535	-22.480278264626477	69.10261540713162	155.3024602410694	-293.4589698441962	159.3515490457646	-17.742915370162493	-14.521485429708704	-21.929073485572033	-26.054819633358136
3.6421064814814814	-87.86132002256979	272.726987526964	-2.795665595266571	-0.1471246650319456	-2.962622340493806	-1.9890925396057746	8.608974842235227	-6.72783524660543	-10.218724961523519	-6.1219691549037	-17.956794642257833	342.2921061236742	-20.182427323688287	-21.67492914625528	-23.199104453169838	-22.056623454537757	69.10259825796207	155.33507975262654	-293.4197365378627	159.60565451003436	-11.72950890878208	-18.46682291321163	-21.87472006573283	-24.23027537370467
3.6821296296296295	-88.2161680420842	272.86642710488576	-3.095883113010143	-0.35052660633889937	-2.4866517581603853	-1.2846198549336205	9.982524947055959	-10.767196594230658	-11.188593775721191	-0.8188268505865655	-18.162972795282087	342.2157706328419	-19.726349506046816	-21.750713917654167	-23.060641936812303	-21.84729394923805	69.10260867823794	155.48032272252345	-293.4068858534653	159.69770496797202	-10.36470300814068	-22.36711954456476	-21.66378341711443	-23.286898273999896
3.7221527777777776	-88.08745567196578	272.96006070862484	-3.0845736919092763	-0.6383600666172242	-2.4338357099389523	-1.4800563072814499	9.400982978597778	-10.940914090839591	-10.081487356024152	0.34204755725606373	-17.88744188618253	342.21163284933084	-19.86920114957738	-22.310690924822666	-23.207477727002143	-22.14177626171002	69.10261330206242	155.5990312583486	-293.4170226105594	159.9675571973715	-11.292960316100874	-23.246488408648077	-21.386473750410744	-25.02567130237277
3.7621759259259258	-86.40036490060446	272.76769507240004	-3.1956360838583775	-0.7168186438857882	-3.0002189726473847	-2.08125991555073	9.15247684965281	-6.541099136522588	-9.93824030541801	-0.2706412825617076	-16.818559425870518	342.1569393054424	-19.96213937992721	-22.56913726208637	-23.42061464325647	-22.54797134140749	69.10260265396802	155.52787193566795	-293.4317232826068	160.16602189733592	-11.60987566880047	-22.755923696104333	-21.307945651193776	-26.519657808840634
3.802199074074074	-83.96964709427397	272.621145858888	-2.9079654038618625	-0.40068663150341566	-3.2662764371010367	-1.9404051380964478	9.23088948709218	-2.1445627798809066	-10.393764708495295	-0.48278589756486623	-16.136377878633468	342.07249458272025	-19.948897631764623	-22.536226277672256	-23.01266180770584	-22.560255674323727	69.10259194620141	155.3948022963686	-293.44137109376175	160.05710304574689	-11.44620491924131	-22.41514569622767	-21.34698168172406	-25.019167068621613
3.8422222222222224	-83.4818040687301	272.59868357380316	-2.5684310459207866	0.1941795230293952	-2.836582759017614	-1.394985961734681	9.258191414351264	-0.7491772171685459	-10.702328384565774	-0.9417304474606696	-16.478124674929063	341.95373810692973	-19.92968741193475	-22.64870679580922	-22.387499059889336	-22.367183607421538	69.10264237038284	155.3592711805727	-293.43691814877735	160.05753576670676	-11.292080693723577	-21.91247146361603	-21.366462980510676	-22.955141040571746
3.8822453703703705	-85.06436391164709	272.54252312294926	-2.790593814769732	0.5407679730106408	-2.494664206221009	-1.615655718363555	9.082881918841993	-2.2410758521642578	-10.594194990215446	0.34466988264608817	-16.519635051510534	341.7618649163965	-19.90317617404935	-22.461711323070574	-22.520022531916865	-22.458272384824312	69.10272189518072	155.37501372470564	-293.4231670451779	160.19859583397292	-11.341169085691647	-22.765551462230988	-21.358708117429643	-22.062333386775535
3.9222685185185187	-86.53417398425535	272.25108839428657	-3.2331564260214	0.04739308094370488	-2.630587840929325	-2.1918626597313104	8.68783824906198	-6.294161372442486	-9.921130148839103	5.835965515643451	-16.75022208361534	341.523704028244	-19.870081697700826	-21.38811688170655	-23.00695107041811	-22.65789742737671	69.10246443088764	155.37732748800025	-293.4150600203323	160.05065308915567	-11.71649273024046	-26.59007575153747	-21.34665209860563	-20.710299763886525
3.9622916666666668	-87.31533132274544	271.78226935518217	-3.2104480915421743	-1.1221520241913379	-2.620696988161687	-1.9013575055501746	8.359460955836152	-10.120632037501405	-9.146131685638217	11.603185421766263	-18.278206867828246	341.28009794601473	-19.874111739099448	-20.151985348678892	-22.910243910025713	-22.381709617735538	69.10189439704747	155.36591903263647	-293.4144184419419	159.74929716712825	-12.206074833013034	-30.526008340532982	-21.347208398812555	-18.981461007172598
4.002314814814815	-87.77079009606874	271.4919161987511	-2.844879522737615	-1.9578561711587676	-2.1672812313733867	-1.0599019500449565	8.363898160661531	-11.01318455312906	-8.860293587478752	13.419028934971019	-18.697872363068242	341.58314623261134	-19.903004813209108	-19.74005914529056	-22.60657933705619	-21.883526299547896	69.10314333171578	155.33963241697975	-293.4113582607807	159.61579565357704	-12.445956385277555	-31.63235251540351	-21.353853012367935	-18.225186828594204
4.0423379629629625	-87.84974082542767	271.50076821453973	-2.78914578171383	-2.0517089797739185	-1.856694042023248	-0.6647203615375351	8.487775428271444	-10.405806400010453	-8.886168824377444	12.953786412636697	-17.58792671472304	342.9725163078379	-19.903233625017506	-19.8587937482162	-22.82511389393771	-21.736152583152105	69.10698009359452	155.34694327417532	-293.4052916854028	159.59936180823274	-12.453357074446771	-31.222958950923044	-21.355562469756876	-18.259907361016047
4.082361111111111	-87.53501354267014	271.66553941653615	-3.0387340785782597	-1.929086182829485	-2.0710029678266624	-0.9574038956451804	8.525926780794062	-10.080749123385022	-8.84335046692898	12.34215995794106	-18.24814008320004	343.73495690846033	-19.925245238638354	-19.916422193037747	-23.228382011726126	-21.81493611668897	69.10137846197532	155.4919483457748	-293.40503875216353	159.60393057518237	-12.453354173010013	-30.88888610538362	-21.37149287159717	-18.544060937956814
4.12238425925926	-87.11449797669496	271.963454303842	-3.11869527997816	-1.8890803578950723	-2.4555454162670673	-1.7237370072689384	8.70204176545318	-10.01902017460144	-8.9708098174589	11.94934523443353	-19.82458722952734	341.620278226393	-20.034948425996234	-19.920278506976203	-23.320427337057822	-21.825461338723628	69.07675004633016	155.74222008150247	-293.41121629797135	159.6267328982795	-12.388539718141558	-30.73447590088503	-21.41212643413219	-18.78668589361881
4.162407407407407	-87.20998905215333	272.27528782057556	-3.1443423093522704	-1.8483520406351401	-2.5739747824460197	-2.285246827754486	9.074573809796819	-9.866468205134343	-9.5689750482107	11.82179588529203	-19.3210554276138	338.54185628379537	-20.038578347942007	-19.99584545451144	-23.271538750093484	-21.762840616124166	69.06002818927449	155.92066798016867	-293.415849602783	159.66185351393023	-12.119948513813469	-30.666822555763673	-21.43842997612694	-18.845296994542323
4.202430555555556	-88.02838827428795	272.33499398617874	-3.5468434567740643	-1.768837064665018	-2.4869465909156214	-2.1389431511471138	9.139849535494145	-9.656258974742318	-9.978723184819597	11.734482313837724	-18.041844171115187	338.2679977313165	-19.755069786308994	-20.07025382561976	-23.316621007508786	-21.860822285867727	69.0767535971984	155.91991428320097	-293.4162483918326	159.59698550246424	-11.934675139203264	-30.616761430139718	-21.4123495620169	-18.88101464618829
4.242453703703704	-88.63770291179168	272.25942644709744	-4.032313171507889	-1.632965123159275	-2.502291466699953	-1.8986622157593307	8.679078309587396	-9.776485200051846	-9.554092076136376	11.918344847205207	-17.647023032837993	340.3997746602759	-19.516181369635632	-20.117255979727574	-23.279363309047056	-22.287864867476927	69.10137293365696	155.74790873505702	-293.4153565854719	159.3249919718106	-12.123989563130138	-30.753181396454423	-21.355680996192135	-18.836025295023333
4.282476851851852	-87.69543999195392	272.2812762117834	-3.8518382968497837	-1.4654779042679948	-2.484904853707745	-1.860358255545025	8.305373470732803	-10.432426919360745	-8.952801092846787	12.926994309809945	-16.885055709822254	341.91466469440434	-19.653149278263186	-20.194676963966927	-22.889988673690922	-22.549068947479554	69.1069595731515	155.5287904621846	-293.4144995221802	159.12693954641907	-12.396042083031674	-31.306142760261437	-21.324778061136286	-18.385910091673253
4.3225	-85.48467945816401	272.1745370483426	-3.092699117568608	-1.3416541871711574	-2.1549529803770042	-1.364465432682943	8.466391186125302	-11.11498132328058	-8.864333927260253	14.193870972385454	-15.179645069212029	342.0336912395704	-19.907526664311703	-20.194846984209562	-22.40180383698339	-22.076042737485395	69.10316801087494	155.4163505115139	-293.414987757353	159.30755638511963	-12.358084179912069	-31.906558071076688	-21.33575168857695	-17.70803481748841
4.362523148148148	-83.8300315261043	271.78259052651885	-2.565755366142226	-1.2668229878202448	-1.8409503352899093	-0.6180240887816387	8.866016164606181	-11.187846271603682	-9.00946106284392	14.398632852939112	-13.819592513939938	341.7674387830409	-19.989814937413854	-20.03073955838549	-22.286748713800904	-21.323924654745994	69.10202355098846	155.3973927999644	-293.41952942062613	159.6217980585514	-11.9686035229972	-31.909736541660607	-21.352223265602007	-17.470065326544812
4.402546296296296	-83.75849191673989	271.4852608920021	-2.501484734539784	-1.2396647804239211	-1.9011978845098656	-0.41885297630458385	9.14027854555347	-10.786707151108391	-9.069661143728453	13.4805109008815	-13.740552448790226	341.6074630522649	-19.946654946246554	-19.857562058965144	-22.493999639498483	-21.00869793671771	69.10237623917914	155.382114687156	-293.42535905567735	159.75808769742756	-11.468056778165419	-31.362490382514977	-21.34984479671003	-17.89155401618447
4.442569444444445	-85.29179134986029	271.59818690438414	-2.614585712863196	-1.250081212618652	-2.0895603804672147	-0.6115597591845279	9.228881656030744	-10.487241309400941	-9.067680361448017	12.637921948264834	-15.0707705781997	341.53263627572505	-19.781253272560306	-19.820753802027667	-22.73072302822581	-21.05651424608378	69.10193571338202	155.36300759284958	-293.4262218740277	159.63841641286535	-11.189448465466882	-30.9224595553854	-21.34083859573397	-18.52646899553899
4.482592592592592	-87.68501139267691	271.8252372713708	-2.9567182365357416	-1.2402052341093561	-2.1205890923335495	-0.7056492426508251	9.220297580833861	-10.58424833736112	-9.018366805444657	12.492983983195911	-17.125638380591283	341.5179921409794	-19.441764334825606	-19.875686312542626	-22.894906278186255	-21.11354829844433	69.1028180966359	155.35963155915942	-293.42357819273707	159.2158914262713	-11.179503151233433	-30.991142202464715	-21.337672075876483	-18.91959197916077
4.522615740740741	-89.22381857871177	271.8192418138126	-3.4808121125947964	-1.2110676518108319	-2.066367599878905	-0.6923208956787091	9.202937904496805	-10.764207286593098	-9.051355549407068	12.576278628803893	-18.428741124344853	341.59798396511223	-19.173878167849523	-19.911245846471445	-22.983846211339255	-21.11118599376013	69.10722368108802	155.36216761443904	-293.4214773607318	158.80836319649435	-11.226484351948443	-31.192291786578068	-21.340506969624755	-18.91596509212188
4.5626388888888885	-89.27689202705454	271.7217549297212	-3.6349753516240906	-1.2183722691688341	-2.1230420942261525	-0.6862409475498483	9.194015880201638	-10.607764046114912	-9.313203780320627	12.53690929148613	-18.50947879615103	341.848408843394	-19.246772995434227	-19.899611774817927	-22.88705878108773	-21.106951374591304	69.10356061620529	155.3555448129369	-293.418843081904	158.86131402362787	-11.231127048657356	-31.030680918195287	-21.348144637852087	-18.468996055901016
4.602662037037037	-88.98124373006202	271.65185378329153	-3.3752661473699606	-1.2767204978557443	-2.3040454102395187	-0.6676419181541198	9.192152143273741	-10.307662104109307	-9.570657474776645	12.437448502109971	-18.177871477501128	342.1091079005216	-19.38828714195111	-19.907676653048853	-22.50308324579599	-21.10745831526927	69.07617631721611	155.34577316163998	-293.41589713101075	159.05234451471625	-11.22519498472019	-30.718582895021072	-21.353030719205094	-17.932806176203542
4.642685185185186	-88.83421978028314	271.6423250512837	-3.218702680402474	-1.3143992235295148	-2.0302709741394693	-0.6278578230089693	9.202433508626891	-10.192663270527293	-9.677178922221962	12.133786681230157	-18.00380707739272	341.61344292478117	-19.32334016298843	-19.963529077875776	-22.172206946708158	-21.098097091448835	69.04709531213744	155.34304927042172	-293.41375038575046	158.84600845591808	-11.227823113641321	-30.625298325000657	-21.346190722699006	-18.568237735736517
4.682708333333333	-88.31560001907522	272.1427629998481	-3.183218560009634	-1.2405887487341067	-0.8985057830248885	-0.6332628503054646	9.19794441288207	-10.20741460817651	-9.859373924706166	11.520220509478474	-18.027758739855273	340.3944005099507	-19.315849758943514	-19.919195837581356	-22.24836895012588	-21.098150600078753	69.05523345559956	155.34389947883656	-293.413063796403	158.58065129828998	-11.220072264666584	-30.665403305943656	-21.33574265166135	-20.96119368074139
4.722731481481482	-87.86875833674019	273.45702445206786	-3.148124484027266	-1.0464664390276757	-0.11108231133865858	-0.6688717822962831	9.175710937957907	-10.231688971078034	-10.107293976560655	10.855853434436815	-18.10729679428553	340.85117914431993	-19.408344957113272	-19.66502266323701	-22.56145074747323	-21.127321582550152	69.08837418593771	155.34554609984582	-293.4207373552319	158.820563872096	-11.192814529170818	-30.62181020377355	-21.35570991557472	-22.815266917454807
4.7627546296296295	-88.29794778278739	275.0461570625611	-3.1802383840143493	-0.8078198084753297	-0.6308843323008336	-0.5237135430266621	9.232240335962066	-10.313610412319216	-10.176681502662683	10.718246404164585	-18.156297482264023	344.0143780858303	-19.348840239631357	-19.491716016044975	-22.809216501532646	-21.104495310599603	69.10764049163501	155.34967748694706	-293.43659183616984	159.34867548356223	-11.232928227693918	-30.624791400093017	-21.408975330515858	-21.925060596606684
4.802777777777778	-89.0852021567064	276.1789662046177	-3.184479550509113	-0.6220308779489091	-1.3533864423044457	-0.10197140506034666	9.356191969801886	-10.505808543891728	-9.95027918513897	11.432895381200677	-18.23160371733603	346.8142262306682	-19.186495385362775	-19.663573487243482	-22.748253478539098	-20.886794427038026	69.10630728275524	155.3535192517079	-293.4305959083359	159.6459478566997	-11.410039310313351	-31.19252359588249	-21.294772029309	-19.872632937733854
4.842800925925926	-89.5336940699187	276.7439192855716	-3.3943994270907814	-0.5345665348057508	-1.5303091343752087	0.24949494812632725	9.374759476258784	-10.61367863935063	-9.858087625580033	12.145529841089862	-18.287730603466272	347.1960961422488	-18.816254492690334	-19.902610787120324	-22.364166679846576	-20.54440708524217	69.09518518965548	155.35614199567766	-293.3917813585269	159.70166890795625	-11.162890578653446	-32.1071267054848	-20.894961924230827	-18.87400484007142
4.882824074074074	-89.74773972032621	276.74498827288653	-3.9672155379745027	-0.4534040757632688	-1.5558923466077095	0.24823704980254255	9.68175296659378	-10.46254806899478	-10.71424979236003	11.892602018284897	-18.2198433643903	346.6604582424264	-18.088976185317748	-19.944985757791542	-22.093081470270974	-20.34739344403556	69.09345847018373	155.36033937858673	-293.4451194906286	159.73948247954644	-9.756301355020582	-30.82425039470091	-20.833247021045224	-18.803294394994566
4.922847222222222	-89.97949625952103	275.5913561349241	-3.8323285582011715	-0.21320982692880888	-1.4105287156609558	0.18504410229505922	10.942831298118188	-10.259964792836985	-10.648754470377865	11.31142382467228	-18.11171845971967	346.47829098060333	-18.096786530404813	-19.927220297203434	-22.327506743300773	-20.31535941244063	69.13939368350985	155.36985464886288	-293.67943404531314	159.73213707242266	-9.872311054763614	-25.95007168844576	-21.470897449350872	-18.91769295171953
4.9628703703703705	-90.02395501572948	273.25537803668846	-1.6820939066132528	0.043853103778041594	-1.310247333238372	0.38313725466260534	10.61254782732795	-10.148723008853842	-5.460127639918352	11.268050073238	-18.143793380624587	346.3656147148519	-20.52887234719907	-19.90885613151258	-22.892530580100058	-20.195651971543455	69.16850600426288	155.39746887249606	-293.84840391305005	159.62565410044118	-16.64790005868845	-22.755940496713407	-21.998075107701055	-19.0170833379332
5.002893518518518	-88.63672792588169	271.48136283281	1.7886483047571033	-0.006427009241584733	-1.9732058651217916	0.7037975720868914	3.5788644126342075	-10.057490734591783	3.5165831146723328	11.540275115169667	-18.30760968526461	346.1257864146333	-24.673835519179406	-19.718462051863185	-23.27069139042699	-19.88993393729504	68.9177192426048	155.39588788319202	-293.79783392465106	159.6087553057801	-27.902688846176318	-25.758593754220144	-22.4705914144795	-18.934646689669336
5.042916666666667	-84.90425561987091	271.92817789768173	4.200885979956317	-0.1755273345615292	-2.7253014594009044	0.8332036733070451	-7.630625720645333	-10.401189654521763	9.29820111583332	12.268348313969396	-18.073950174053707	346.18647027520194	-27.494308126127635	-19.25613660146044	-23.279508360319866	-19.44176194166276	68.28430898931654	155.21327384768512	-293.63027043550676	159.87059804983193	-34.844332198029804	-30.460798616290162	-23.710235507252506	-18.42356960549978
5.082939814814814	-80.63456884758955	273.82771463105195	4.5434391182261145	-0.16334873817304602	-1.7651076510435064	0.739422700876761	-13.48745295202583	-11.611376426110658	9.62627206148143	13.762260763256043	-17.098314109646026	346.8417273191091	-27.841714784490165	-18.541785992042904	-23.221421222145324	-18.89235522307939	67.46603215165673	154.8555674746912	-293.2838305912579	159.8099876344594	-35.312306378751416	-32.36365202031443	-24.894210059043786	-17.884343109951928
5.122962962962963	-78.24173140431571	275.13903360490093	4.190409418282274	-0.18253992344450187	0.46233198233835937	0.5975750096286553	-12.835106852221687	-11.125653631922619	8.712824426116235	12.916146460769038	-16.160179655317435	346.79816079403633	-27.60101146098843	-18.43046234160792	-23.407386871230983	-19.014256068814788	66.64774363090801	154.63125911581977	-293.14464271877364	158.24996836963436	-34.25527191535113	-31.329737883514852	-25.064269974786455	-18.67563033588428
5.1629861111111115	-77.02633119757692	274.8062366272696	4.488207849198757	-0.2562776977366661	1.614510389579616	0.2568869392059288	-11.627754957511328	-4.509784776792597	9.320138937137157	5.054290366143958	-15.55840670197712	344.3681655732	-28.25430517699496	-20.655259249416673	-23.77927232263326	-21.11200095557564	66.01681775465542	154.7080750858862	-293.6716842391497	155.64457183386472	-34.34206066555012	-26.04985478904773	-24.902918327616575	-21.083385390406946
5.203009259259259	-75.78526946595963	273.40996740539885	5.169670578228187	-0.14963570146494143	1.384861914295845	-0.4437269910835388	-11.08626879160962	5.760514998525175	10.06627169262188	-6.329060848687399	-14.92614982614839	341.4212688591424	-29.195614140793523	-24.629394819919867	-24.027286272743282	-24.479905247710377	65.77398669103793	154.8652377413053	-294.0934099709948	154.03706038025035	-34.814368558137076	-18.303233117604833	-25.156968730498818	-22.896768018457422
5.243032407407408	-75.53152098214814	272.89242905868565	5.494510489231009	-0.09681273756460913	1.0994834585285849	-1.236213509615302	-10.142147090286487	11.476942152327114	9.691729394335626	-12.08380492474614	-14.923033217770055	340.62933744603396	-29.548720847010443	-27.221229906229027	-24.051077944158322	-26.76049261262284	65.81534955174473	154.8558818897575	-293.7695249043547	153.96647711483638	-35.00108034562946	-14.08317269509	-25.664695470975687	-23.233513583889263
5.283055555555555	-76.47933111584531	273.5822235777186	5.480728873379675	-0.35974330305246205	1.094912712133241	-1.890219125897685	-9.54260893600451	11.53843104388821	8.786923677923703	-11.522757307270403	-15.54840874013415	340.5549113226235	-29.48705276624962	-27.710439220221247	-24.006507623309744	-27.59913663746687	65.87310732837688	154.6541803708244	-293.39605209197674	154.18967230895868	-35.00475505367112	-14.210986910281704	-26.24869599887134	-23.959085420604268
5.323078703703704	-77.77152787309907	273.48566561522006	5.510758715866578	-0.6866725355804106	1.1182285035736306	-2.37408459800665	-9.49431781194775	11.393715108423027	7.7642499957661935	-10.936223872995921	-16.165438248588444	340.0867905019364	-29.4968377958419	-28.119700812210226	-23.992462323635195	-28.258645070149626	65.87982629001719	154.40627442701378	-293.59389524704784	154.02522109365577	-34.937885992488006	-14.500734884302517	-27.113891401769607	-25.344999681736482
5.363101851851852	-78.76854236926766	272.6808494086974	5.605777757722996	-0.7904931691930593	1.35108091567082	-2.4320354644362268	-9.48164529606419	11.069837408869839	6.839613897805784	-10.800544041378313	-17.15625701756396	340.6346650745672	-29.614791284273778	-28.2323242332573	-24.008194991244324	-28.12360990325594	65.87470571938387	154.269242257915	-294.0747335305	154.25766300210017	-34.98642709843189	-14.615394570917445	-28.133981530327617	-25.719911639282856
5.403125	-79.70361879533351	271.8896462988268	5.581135244986587	-0.8176662576929499	1.5748064207382932	-1.3939957463763488	-9.817044590765484	5.052935088504599	6.519228032515944	-5.225481528481574	-18.20646704325847	341.74975359872917	-29.65418428784048	-25.165771388591352	-24.037564368982814	-25.068865491674856	65.87402681618565	154.2484437740688	-294.3643344941319	156.1347764694787	-35.32364268914391	-18.60419062376259	-28.816560520680056	-23.937598171515475
5.443148148148148	-82.6210400256629	270.0418124623044	5.590579619593686	-1.0241889246193263	0.4693033644505884	0.5506519240006562	-11.47487360730557	-5.539373211003232	6.623783112210198	5.404546153432382	-18.58673634089712	342.07054976127074	-29.647216171619164	-19.47738815382185	-24.046803090739488	-20.084475671520366	65.87486035406457	154.23167952484744	-294.421614656317	159.2182137649464	-35.61544325118618	-26.139148945012536	-29.0139694438125	-20.797413516803502
5.483171296296296	-86.84474126506798	268.1397114956387	5.703038344644564	-1.183868834768472	-2.1101236346020835	1.8288200978296414	-12.10963517250786	-12.24844675976943	6.601905768424355	12.404013619250573	-18.589611969332836	341.89585754367516	-29.554512447323916	-15.92835720514637	-24.017953965800885	-17.099388762614467	65.87503893632343	154.10014000501405	-294.360653776079	161.19369433507873	-35.666603865555075	-31.136463858468176	-29.067387131073474	-18.776378007219378
5.523194444444444	-88.6465461430558	268.00078483710803	5.283439191619088	-0.9444507027767148	-3.4825297133322084	1.8089200023988063	-7.378974459277907	-12.871850174094416	6.537603793203322	13.048850996404648	-18.494987437820924	341.8179750019584	-28.979692340178502	-15.80530576870052	-23.99166800975715	-16.84919869595319	65.87490794337765	153.86768775792385	-294.09280693247035	160.979159942632	-35.88796455445947	-31.54557730319263	-29.281069165829592	-18.515875231449144
5.563217592592593	-87.11522307114939	268.35720385215905	4.288868874557924	-0.7346250185040732	-2.3557284742864204	1.4805573647616792	-2.6457585228124443	-12.616829664810123	6.77061693631639	12.69809326557524	-18.694059938528753	341.8725819647867	-28.115723249503432	-15.840671376769649	-23.999891227801044	-16.839777599220284	65.87486687239524	153.70235412011579	-293.6710235242922	160.01168938056162	-36.37071126769226	-31.070275952385217	-29.507270624061675	-18.4577027161597
5.60324074074074	-84.71930983501377	267.2640209525926	3.7162072234696932	-1.3017798130644247	-1.2653585267874645	1.5151012040324177	-6.682858585804468	-11.922668974763933	7.0949790624369395	11.873539009519058	-19.749833377049754	341.95899622168736	-27.740248940524665	-15.583862854262776	-24.010601707064538	-17.076474618004028	65.87488809615664	153.6738782578872	-293.4050985480477	159.6526967069846	-36.6739071615648	-30.458059783771745	-29.54157591923773	-18.64639006380331
5.643263888888889	-84.0339645700447	266.23404580855714	3.5732703312232488	-1.9281686985232416	-1.0100580087718232	1.490450970083795	-13.422602076587335	-5.396499862744897	6.998971464279774	5.059412699191196	-20.601312327575343	341.6733530209833	-27.655407023907614	-18.69052495071638	-24.016541713841406	-20.05187213255094	65.87490101662193	153.68720293768882	-293.3798926300083	159.32294099776183	-36.63994768719013	-26.09843395097225	-29.507942539688955	-20.805723541657414
5.683287037037037	-83.82114225764893	269.90740266225987	3.1570778050037327	-0.9355171507733188	0.335488426589104	0.7018294605098097	-13.546016009893483	5.790354944944625	6.522045751847457	-6.317376470081573	-19.536048703617226	340.7062632135373	-27.214649868822733	-25.26479597268657	-24.07019123384933	-25.027996601439483	65.87489058184772	153.675680069784	-293.41711768252145	157.97488498812606	-36.48249509566426	-18.57483585843427	-29.710842612559887	-24.43100916623777
5.723310185185185	-81.66893848956283	278.3207342352302	2.843797487371796	1.2596114631210804	2.157720151053959	-0.6026936438886942	-10.396526664838122	12.828516140392228	6.253141480117133	-13.350977926885678	-17.322759097085125	339.7267028206812	-26.748510425982147	-30.092526403732066	-24.091015892915294	-28.06190425683323	65.8748595283239	153.66374725633636	-293.42330624925154	156.1846019710791	-36.379822206497224	-13.808061210106658	-30.319484041524404	-26.86984392476755
5.763333333333334	-79.73893956146108	283.7018989189968	3.0777331827756846	2.6240356869913595	2.909402627735798	-1.4323694689467499	-9.625161327420992	13.112428515460975	6.376447046437117	-13.845681510624916	-16.514555323714333	339.3109848924706	-26.69478814708684	-30.86968548784607	-23.803626846817366	-28.217287015042018	65.87489184030571	153.68387550955228	-293.40778534675843	155.27170437099346	-36.5188815302004	-13.62998302597937	-30.844413091284906	-27.460087070368033
5.803356481481481	-79.98288188202065	282.49737535379234	3.365720244127424	2.7775313214648514	3.1852624686557314	-1.5388830402989095	-10.61038526680618	11.790995042167332	6.38081181798862	-12.836464915944273	-17.33573403566986	339.4202670291362	-26.80192005024395	-30.22173669436819	-23.23744452084098	-27.757968682516562	65.87507618727578	153.66798009236942	-293.38298128510655	155.2433901193694	-36.86256637020736	-14.540877758431392	-30.70404765888175	-27.42038696464141
5.84337962962963	-79.98096506622198	280.9714227192302	3.45481924808616	2.6665998661267714	3.4553895056801323	-1.3793452164906659	-10.976259781162721	11.792473228354872	5.950540989468316	-12.526400290489638	-17.227828220881776	340.65894156493266	-26.7891457307298	-30.11218873481171	-22.965219470210698	-27.772399226180923	65.8749694507566	153.52911487853504	-293.4481944558341	155.3297214706328	-36.98006395792247	-14.625245477022503	-30.425063291302664	-27.16143505340321
5.8834027777777775	-78.54311479487748	283.32390630515613	3.8123993885940846	2.5696404210992716	3.5012848864906303	-1.2503585619450615	-10.510240756846184	12.385321181116955	5.627804098353107	-12.226695626351857	-15.555454414107018	343.3188170207631	-26.713640252562826	-30.310017543958878	-23.123824230103452	-27.908903326598747	65.87385718403513	153.3552096771101	-293.68216250396307	155.299883859714	-36.87850653870156	-14.410206970956509	-30.56758655305225	-26.664935943533393
5.923425925925926	-76.8902875596604	286.4498818032203	4.529231218086968	2.3942129341106066	3.807700093432049	-1.2077796250647195	-10.288708896851748	12.781886896467043	6.021494728087938	-12.039056647218395	-13.737915034464223	346.1821531024474	-26.678733062038106	-30.34790919293077	-22.934892426965504	-27.958661210441804	65.87400100517884	153.26355934761384	-293.8565156571433	155.26376904214982	-36.99665597095806	-14.22757937606599	-30.63298657064128	-26.295209493136525
5.963449074074074	-74.96840807949279	287.4974943558906	4.993922814417893	2.5244018870782106	4.679023094041764	-1.2102825452491996	-10.494865210689593	12.752514078334839	6.614024006706887	-12.141351452616318	-11.524161193057012	348.00478454649607	-26.487200506538287	-30.458413705774248	-22.02318886922427	-27.905862245903577	65.88050881388293	153.3031105465628	-293.7710381949529	155.26019374837097	-37.25548014857934	-14.106477589207032	-30.500046964403424	-26.200451217596125
6.003472222222222	-72.82792487050938	287.32742239829963	4.924722381674097	3.1165724955620564	5.420069026798598	-1.2293686929074854	-10.643326292332805	12.498208435057881	6.628224810096841	-12.222602651308813	-8.782107244295219	349.1174110532659	-25.952202121734473	-30.816864142722352	-21.05595149741309	-27.696620906107455	65.88245229077259	153.53016001875454	-293.49817528481105	155.28155832119157	-37.28790958809782	-13.977737026681268	-30.66438391301054	-26.226438060070905
6.04349537037037	-71.18709376890928	287.11730869682503	4.835189323529466	3.515274704713758	5.745342613584543	-1.1911353807850187	-10.66192311724183	12.634693504531295	6.441980177117632	-12.283864337248275	-6.591416386774114	350.421803814911	-25.41702391823955	-30.948337014605343	-20.491484972501894	-27.43408110303679	65.84556208785892	153.75708910090015	-292.9387515134264	155.3058824213436	-37.13944068458888	-13.580905142088753	-30.976802378666008	-26.293029901724537
6.0835185185185185	-69.72720280469284	286.67395763800147	5.396473180758933	3.464374025394915	6.264694963893576	-1.101538413618428	-10.728102649967635	13.092163058571913	6.625012169411033	-12.561066980641979	-4.999088027139649	350.2843464159464	-25.271761784771982	-30.736310028608017	-19.8651236383907	-27.275420573082656	65.81855553050356	153.826565602933	-292.1445077731582	155.3164268473183	-37.09987672990282	-13.078148990462452	-31.06170029738692	-26.244164770568588
6.123541666666666	-68.4189872780926	285.477982594303	6.490543711057913	3.306010156987117	7.052199557577593	-1.3229559353966482	-10.995574066880595	13.15450520519378	6.990882349504509	-12.971818134260243	-3.8120103831109446	346.70254429551386	-25.384315325599303	-30.561923460534814	-18.91511800039943	-27.277856966448155	66.02084859073094	154.04512902789855	-291.6310543682268	155.31862323144804	-37.269304763843124	-12.803629682321315	-31.014609817629434	-25.82248640546142
6.163564814814815	-67.77514322685238	283.45233423903727	7.143620907229636	2.959974479557191	7.523142969551969	-1.870674666920285	-11.601022793800357	13.059515998023736	7.188918839690257	-13.298087651213999	-3.2148167501721048	343.313070770876	-25.4443925654043	-30.399538880591393	-18.298763825474026	-27.43381702095435	66.61670014887689	154.4367913034812	-291.57390541118195	155.33677058082307	-37.48474598365796	-12.50428868597335	-30.99690115865181	-25.276356109467315
6.203587962962963	-67.6863962570663	281.2983881242935	7.10244042016342	2.7481961818123013	7.506890024959365	-2.047766683879899	-12.384757207334967	13.375013445427875	7.087568211508695	-13.551030342276436	-3.109188346306496	344.08516875230174	-25.464636882690726	-30.329021956701894	-18.318377092345344	-27.447012803980996	67.48943506950825	154.6007295470506	-291.65767427628504	155.36609668539353	-37.520463356161	-12.030721699362417	-31.000643814804988	-25.211180079203814
6.243611111111111	-68.08728775938839	280.0763522242003	7.317629013778742	3.3400122838348514	7.309283355287709	-1.8210299385562603	-12.890330558680903	13.55465812485624	6.826904487178947	-13.584607553860227	-3.6906737547430453	345.10941196400324	-25.59177533340626	-30.521659468230993	-18.28511389125279	-27.156672924988158	68.362181535563	154.66431017114218	-291.68153415740795	155.41706034583297	-37.44049914532836	-11.785445849870811	-31.000308703731122	-25.393140120123277
6.28363425925926	-69.00116102990346	280.1005700586767	8.055910927729329	4.217633574841421	7.246736162653414	-1.870388998193769	-12.998639020801775	13.128745425574042	6.631699956384716	-13.04524847212597	-4.845697394389191	342.44137598935464	-25.59872715123734	-30.345809797102632	-17.788869077067915	-26.893738768073106	68.95323607772417	154.97670953602614	-291.6589011374301	155.6492207275438	-37.49807926805697	-11.854999799405036	-31.01591502013426	-24.871947986654675
6.323657407407407	-69.57451591596316	279.01768545503614	8.375019227976725	3.804454191102489	7.2090228133507575	-1.6187622857328015	-13.030467772749608	12.552155084582465	6.540421523537592	-11.934624547363722	-5.265563789618099	339.1989536539907	-25.28632543640255	-29.520952679986436	-17.31630990169195	-26.188188238683495	69.13858698425368	155.43093894290877	-291.6430647244823	156.07740600760428	-37.57092788323678	-11.973273210213776	-31.04531563195097	-23.607558891007145
6.363680555555556	-69.05927906712562	273.4431744258832	7.893604978803893	0.609329271680357	6.755652063206914	0.12563995731925523	-13.230033593904983	12.223355999590668	6.504206161258925	-10.436854074537296	-4.2758895635700185	338.29247259288167	-24.970854216337955	-28.803897886653345	-17.323337208182537	-23.958521052549315	69.08355334130322	155.91566662604163	-291.6498665612723	156.347731714261	-37.402643331464404	-12.072161025058762	-31.04183133045953	-22.91066525705874
6.4037037037037035	-68.53658307574709	266.98902505010216	7.406696202189287	-3.2349105431925325	6.067726051191746	2.257652884587689	-13.628204009759164	12.207657737326512	6.480737871969051	-8.915455945207935	-3.4755353626012067	338.81876937513226	-24.927261219989475	-28.695456872337132	-17.53149950652967	-21.33222315056439	69.02551208875433	156.4079248632903	-291.6609929293028	156.30058849106578	-37.23170555446083	-12.019923362184912	-31.033770692886776	-23.378879551181214
6.443726851851852	-68.91688583881974	269.13588926512097	7.329104541985362	-2.0616385086133877	5.652663672809508	2.4025939690318596	-14.059798212031659	12.42860742061636	6.479513459267852	-8.098326368201995	-3.912043788651488	340.38071721085964	-25.036697846856512	-29.372111103863418	-17.66358179617164	-20.912260607123372	69.036306688042	156.6852025550043	-291.65547759175047	156.33111331005523	-37.360194386911346	-11.582938509292035	-31.05945590955419	-23.139122248628183
6.48375	-69.02687710580605	280.6744970211695	7.096129336869886	4.442492305955027	5.286476979422061	0.9245235027385698	-14.337499053388902	12.588091647312952	6.534162006793696	-7.812417545972002	-4.1186570212933304	343.8771932599748	-25.096855316876102	-30.940482837367455	-17.998838078781333	-22.374687204562235	69.05082279664165	156.71356134922146	-291.6349614252238	156.72863251854997	-37.62094371266291	-10.973431225019112	-31.095999541285195	-20.64731677394238
6.523773148148148	-68.88626992238426	291.87389785173957	6.519759399011254	10.111242263253935	4.6737437645922135	0.21961680252222734	-14.632264576905849	12.577377530894701	6.557827129696394	-7.176878040012369	-3.9401860031740057	348.73680830416964	-25.04712282096051	-32.62380193867753	-18.54987097663654	-23.00944621816464	68.98815408379835	156.77605674974953	-291.6682357198004	156.84975381201895	-37.858558256033064	-10.634589356240738	-31.270565043009825	-17.864462677965776
6.563796296296296	-70.09514466977747	296.74013482527374	6.192238763724248	11.565308352569081	4.12225782330118	0.6126431174266216	-15.17168686651393	12.563130767921429	6.565977576960868	-6.568911296639751	-5.154015406639786	352.8755573157625	-25.0574949255558	-33.10961372231374	-18.85488954596805	-22.292509999095515	68.99761184695983	157.0230039161002	-291.7882544325611	156.01886068687267	-38.14919083560956	-10.599462787184024	-31.579401142029724	-17.215008389373892
6.6038194444444445	-71.7282885242145	296.51931854335555	6.485589957394984	9.728555266601768	3.8457141391426135	0.6502426853850306	-15.648714425494909	12.3925537068403	6.753534970375316	-6.669719063515264	-7.08675175802415	354.88840093658837	-25.359533991006813	-31.668356987048256	-18.776778648843276	-21.911881598335185	69.42156395287866	157.37754374684215	-291.6439102455359	155.16175835941834	-38.2702254486214	-10.650506568988348	-31.521616755512838	-17.916268734130696
6.643842592592592	-71.47539137657178	292.7910283403056	7.0161605297699285	6.0307411331655585	3.5622270242519702	0.19513020146680715	-15.744660876570352	11.921543675214934	7.218481412975838	-7.027051100953565	-7.264941697195155	354.3323223142239	-25.789866524606836	-28.60721832386251	-18.800438438011454	-22.445200768099056	70.15092446708589	157.6374043283844	-290.888557662067	155.3962532466233	-38.1079063217888	-10.680068664523915	-30.89045099965351	-18.134660125184368
6.683865740740741	-69.58936122197571	287.8507426866544	7.167947951698736	2.5100900850016226	2.993989928283703	0.11317455066650424	-15.904121209821021	11.548899260143955	8.166092759359378	-7.154198038771119	-5.618139170950769	352.3697682683522	-26.02861648956464	-25.466186865888957	-19.429341957149077	-22.935411891101083	70.63178539494453	157.576888030325	-290.2187994045062	155.77342170538526	-38.33113336706057	-10.709863650103912	-30.164255035400757	-17.838162130368232
6.723888888888889	-67.65187385229758	285.9321202751128	6.952402139684041	0.9270330336137855	2.4126012016487035	0.3193009372750789	-16.330755846129513	11.530917696947965	9.443949692695464	-7.090793238746953	-3.902068473859984	352.08790854795063	-26.250128177430227	-23.719435602501235	-20.234008796622746	-22.807536887141325	70.68125807747916	157.3529482878929	-290.331839504766	155.1625568879424	-38.97487954869743	-10.799728219325416	-29.53065723529454	-17.721926591310833
6.763912037037037	-66.18374773228027	287.8567268801986	6.832449773679102	0.8221730844722926	2.177070837491077	0.20402756810545894	-16.218698837718517	11.618059669736457	9.940833032405088	-6.973054025397409	-2.9108856145852258	354.75802589191017	-26.727160849272806	-23.161863351028757	-20.463246294350384	-22.433607857542754	70.44808171314672	157.35814074647845	-290.2920578296086	154.5438779538339	-38.83696227723854	-10.913758689363434	-28.89629340123986	-17.792517635391377
6.8039351851851855	-65.27943429183733	290.1849697635284	6.789431335271882	0.9589650521474422	2.0083060979434078	-0.25175981370736095	-15.371310779495271	11.6109304895868	9.535299685317181	-6.877371921383229	-2.595017309963282	357.8787822459533	-27.31559618404141	-22.930536374053418	-20.553086290033917	-22.417251274273795	70.22207792815165	157.44052653674316	-289.25936742438853	154.70218772148183	-37.937847791217365	-10.981744867118579	-28.40284681296312	-17.866661359218668
6.843958333333333	-64.35645726997066	290.6321952190739	6.545451211100896	0.839870313611845	1.6008932534514912	-0.7691419792547407	-14.747614516281145	11.510293406768215	9.805065287481836	-6.762775505944811	-2.2279040349704218	357.7056322637155	-27.871443764770035	-22.812338270044066	-21.229612737000565	-23.13448579234617	70.3944870860839	157.1792659484722	-288.26895305016046	154.65080638271507	-37.70809248713432	-11.000717053148719	-27.902840885860186	-17.93035103912925
6.883981481481482	-62.01564052625212	289.294727713531	6.598174023880228	0.38514514048448517	1.254420686463753	-1.2295872116668438	-14.765424295072659	11.347151322486262	10.699781884793852	-6.595025252316631	-0.5637169817748742	352.5709299767586	-28.548073894548054	-23.07693161563047	-21.938723177566644	-24.212994274498158	70.42862012329539	156.79990210243955	-288.5366782316239	154.3401908589119	-38.194328262236226	-11.025331145208995	-27.49301566929205	-17.833217950563395
6.924004629629629	-58.551378042407876	286.48799078325663	7.468751712604795	0.13625630150060417	1.1787251765407512	-1.5357132360205712	-14.903236571517255	11.303436235630494	10.285112977863928	-6.491879442597064	2.005711182985195	346.17169813777156	-29.442911115214528	-24.03388614717592	-21.991780991373872	-24.772444242458334	69.7312627019608	156.76988499624593	-289.50679537905216	154.9911330417404	-38.277079491431195	-11.111390423109043	-27.992303806389145	-17.363832026296677
6.964027777777778	-56.15840422013881	283.41209913962194	8.46735506453146	0.6464170278295432	1.0948863461271527	-1.6445886792899027	-14.751813070951808	11.5556127296772	8.652639632112349	-6.550890433376804	3.371395598238095	344.5252616815832	-30.470201050809763	-25.37403621170617	-22.003577910409646	-24.766043440394384	69.56041566276585	156.91640505648988	-289.67402404460205	156.31955664720883	-37.85821046163211	-11.219091876351541	-29.214531913934437	-16.8111794202446
7.004050925925926	-55.28742673902551	282.1394016544574	9.02663624496015	1.161516958240076	0.7831527962502822	-1.767298616033125	-14.529894213701036	11.929155605176486	7.790757743951949	-6.536372560360635	2.926891985291263	347.7576924686034	-31.785681385778474	-26.25439475899357	-22.744469369645444	-24.944772205678404	70.63407104741836	156.82421933175686	-288.8902701597414	156.99634841793846	-37.670034064494516	-11.29483672764988	-29.88115667691119	-16.831016754964352
7.044074074074074	-54.016063461503805	282.5158499039767	9.843698876086306	0.9587171572442639	0.38622993606188327	-2.068992320369362	-14.79576027853934	12.175226964394227	8.313848399528869	-6.164061926179749	2.4585856173674614	350.06499521027825	-33.52534849249281	-26.50678442085976	-23.689958743955344	-25.530532341679105	71.13198985228917	156.53214929003306	-288.69585617979845	156.94141566499673	-38.16221625042263	-11.344423418039355	-29.797241656535192	-17.39222940138886
7.084097222222222	-52.349849577465974	282.1048429341758	11.338312418171503	0.7211675965455755	0.26872899271750417	-2.3652207120433784	-15.430983164363019	12.343694631800101	9.470241554275548	-5.810540919032205	2.483059772188099	347.66654124848174	-35.16708886889377	-26.795085798035643	-23.903133192276186	-26.0981893839201	70.08275932632182	156.2660434493077	-289.8081748706612	157.0221446731835	-39.19573293719482	-11.347963617305254	-29.692774578157227	-17.78921279633977
7.12412037037037	-53.85352601939626	280.6438932609985	12.180032149332575	0.9267243078203016	0.46501811943058946	-2.470446380350834	-15.478570917690092	12.72788546015577	10.602383181306914	-6.208207614705415	0.4297162921480009	343.2066024712912	-35.71677055481848	-27.377245889553834	-23.51606321103087	-26.455346129410728	68.98298724492312	156.01545733436592	-290.82345276158696	157.29745822655542	-40.046254063332626	-11.257708267884738	-29.7262379022212	-17.896409618060645
7.164143518518518	-59.94458683247495	280.46848663977863	10.924135699854645	1.145891969329455	0.5506633865493573	-2.4658889240362925	-14.720852616525935	13.414092988584244	11.017618123610978	-7.326846384559572	-4.559172325813378	340.966054726944	-34.61460129448761	-27.919395712503686	-23.252713537025116	-26.769622589530172	68.81758668903355	155.69752179101084	-290.85775996554406	156.8319525473989	-39.99146356774665	-11.120407306955244	-29.687113308374634	-18.24182651738863
7.204166666666667	-65.9008961397023	281.36540542830363	8.854141413721274	1.2343301785925431	0.6371482870193104	-2.554596232580334	-13.986914463950246	13.880864329787215	10.343746070025087	-8.146701527340909	-8.684007891637492	341.02714333568633	-32.783043997170026	-28.36821471545629	-23.208099061371044	-27.132674353122766	69.04849493186842	155.426223950443	-291.13128078667864	155.79918178245788	-39.167892738491915	-11.077155130790274	-29.537314000637934	-18.767720433222536
7.244189814814815	-67.21282641128563	281.2469629969102	8.092190776101416	1.4222831410584666	1.1811636593182153	-2.775946560532313	-13.697918383172746	13.812077292784714	9.127868394231108	-7.9823237859424	-8.830504561808624	341.4050691741833	-31.617557661588307	-28.890428260225264	-23.087641783931446	-27.468969310822857	69.13619316621205	155.30276360414274	-292.14654680070413	155.7223147620189	-38.408409271547924	-11.117791083413124	-29.563224654016906	-18.859401663329947
7.284212962962963	-65.31908779848146	280.6741179264589	8.096547384473801	1.6468822702402355	1.894178953897638	-2.852174119790146	-13.608559982138658	13.802514151382686	7.922191821897319	-7.522513948308302	-6.38781791257037	341.6082956172301	-31.069071395631937	-29.334111330879566	-22.951652939056814	-27.688136060057133	68.83984180229628	155.13638841621952	-292.7923350911148	156.42644111234765	-38.24169257422842	-11.071601564845665	-30.287912687421624	-18.592686816087223
7.324236111111111	-64.15609453395274	280.56667329179356	7.6267804679639575	1.6733546373266224	2.3453869811425374	-2.6824779108350074	-13.528624378325356	14.20775309345897	6.891732488223492	-7.651049168037946	-4.611680526075034	341.47596340454544	-30.4564299840997	-29.54116335898523	-22.90377346976409	-27.86659302665187	68.01361072456223	154.82822930940472	-292.90351240826953	156.4860894534611	-38.51246226471831	-10.923399683861874	-31.568116976292814	-18.605528440693746
7.364259259259259	-66.03649519711342	279.8806384584191	6.831379106644038	1.598271107331387	2.657976402903064	-2.566264866207976	-13.470687692024722	14.522874862151095	6.066093223241087	-8.248031231938883	-5.601606786551244	340.122587727581	-29.563493660737876	-29.729257386624255	-22.74149595924527	-28.12655857725936	66.91497843011734	154.60537032640033	-293.1376721713941	156.3827247293105	-38.73368374322655	-10.867982009628122	-32.662213633498396	-19.128410277586042
7.404282407407408	-70.43029891778937	278.40723610557126	5.937545599864978	1.6777070209408727	3.0782584856368826	-2.609599726747688	-13.460652318000454	14.45279667407267	5.125044463971696	-8.719765628641841	-8.760454614241809	337.82603921310624	-28.3245734612714	-30.037013829062815	-22.374260369720176	-28.36401519786176	66.09197289272706	154.50510048758633	-293.4138665415989	157.1836177852764	-38.65885339046096	-11.056546368658886	-33.54830648412077	-19.83603569481687
7.444305555555555	-74.08500973475365	277.44828256941855	5.201732256513787	1.97536816837491	3.68815143210899	-2.546672440631878	-13.477270271430633	14.210668825112082	4.152040659894996	-8.828982068182615	-11.250027639366763	337.2246136926951	-27.172013408431198	-30.353052232643677	-21.965563587560396	-28.405090851912078	65.80570645613803	154.35252539529836	-293.4674783293759	158.2342818032339	-38.580716626315436	-11.435842067704954	-34.47345433351964	-20.2373041724409
7.484328703703704	-74.04164478397658	277.9287268222775	5.128741850105894	2.303742057089622	4.36199631601921	-2.304500513008085	-13.484170295386003	13.963051105771305	3.7577169072374055	-8.868723453042522	-10.757254376781262	340.18246833228056	-26.75094968939915	-30.61123375647655	-21.627022395267502	-28.29195467466586	65.83531552901155	154.19342091761087	-293.4095183928734	158.61563926581084	-38.70815530492317	-11.795114786503362	-34.9357804398947	-20.266849687049742
7.5243518518518515	-70.72979826041588	279.79238637790746	5.49115087927673	2.3389436626603652	4.846556452096171	-2.29610352984904	-13.474188417197485	13.797697685730968	3.9033933796711735	-8.889808803331555	-7.542802743640465	343.6480203082993	-26.787538778001718	-30.760849945003258	-21.31133261683287	-28.256475135346207	65.88424818028334	154.139999304473	-293.37520199240316	158.54996443550837	-38.90538809561593	-11.983968217904788	-34.73862114338456	-20.25407167663552
7.564375	-67.0675268671438	281.5078244823914	5.662133294300814	2.2020440578931737	5.112785668471489	-2.693430713139502	-13.57680532987183	13.705515070006173	4.255314696080903	-8.591215603077682	-3.8278022552630233	343.2162270194098	-26.5445754517536	-30.831646187623235	-20.87143948446058	-28.39841968992559	65.8841363750345	154.19606838047426	-293.3762071535868	158.52304780366234	-39.18601247127799	-12.051202652377398	-34.50284339642306	-20.226077228550835
7.604398148148148	-65.14150293792352	281.9624607819674	5.581509917387974	2.273243666868996	5.444408433012277	-3.0293997762697904	-13.80632367497426	13.653067480892464	4.7617452549892505	-8.211264913326895	-0.9899932943127254	340.7413235610404	-25.90404577728991	-30.91278200305311	-20.23448888231411	-28.545657388957594	65.87276291741175	154.32959514762686	-293.38719600214085	158.48347456876297	-39.46387533365643	-12.01510410360379	-34.44846089643721	-19.94310762845126
7.644421296296296	-64.84843806292054	283.45211805329205	5.515550750551054	2.4394136249196956	5.9571140590086396	-3.040778362860499	-13.721780621312346	13.804376969424222	4.94906349639081	-8.08974713451149	1.3541093987749946	341.7349998348093	-25.071367492650438	-30.97392964823713	-19.58044140284653	-28.57129720872645	65.86261747288202	154.4319211740103	-293.4067319949217	158.26067035401474	-39.327260162677945	-11.77151369784535	-34.349696962181795	-19.494811986602357
7.684444444444445	-65.18374018695324	286.74924145728613	5.4965404023568585	2.4113292028580275	6.373274901805287	-3.0638194744311518	-13.219915384043052	14.031792443443384	4.254064060792265	-7.992405249132475	2.8781092790967904	345.74665603041433	-24.062008488428248	-30.931150735752595	-19.085621014760264	-28.550292022325337	65.8569167466002	154.5372934957465	-293.3735283027021	158.04885406630913	-38.73668541957758	-11.432040487717103	-34.47195203645077	-19.168474942227206
7.7244675925925925	-65.52404771212544	287.5616800697361	5.398735265544004	2.112948315044422	6.513682711307761	-3.4090967566319854	-13.092677938355683	13.896585527735187	3.126357337453274	-7.848735999399174	2.5479559584377682	346.98502639087695	-23.199660614601612	-30.701092857881363	-18.657965785783958	-28.583986612168133	65.84972835345675	154.83354073736723	-293.21745376816244	157.94391938003872	-38.25007703885274	-11.26966277488026	-35.198380011068366	-19.093781332137496
7.764490740740741	-65.88371434966668	284.3114170916098	5.376929738256103	1.8381335306496775	6.679916679200995	-3.88376498456002	-13.643203304507153	13.979486303603514	2.4546532063146578	-8.42027405185298	0.9750132796747977	343.7634556556239	-23.029725637940558	-30.574178876081064	-18.171391274636377	-28.730353890463917	65.82700338506096	155.15038714092182	-293.01111181605535	157.7315431204474	-38.19546840638186	-10.869404373839103	-36.08159684204327	-19.33319670525802
7.804513888888889	-66.2873887713252	281.0006250482716	5.9099724259259645	2.0826654785795835	7.206952201647591	-4.180586617884882	-14.061203206154968	15.399052917519535	2.2781385869103348	-10.275723245505441	-0.28646228027781717	339.9291250646392	-23.468379145425658	-31.045428962813148	-17.57676399880259	-28.963328108560063	65.80525834905653	155.2146132669842	-292.76104225566587	157.4688146223111	-38.30617853169392	-9.379989999025668	-36.20939401803011	-19.668591496525536
7.844537037037037	-66.49406443775244	278.86408224848225	6.923909640327587	2.101124424673485	7.744463806152798	-3.7020233574958126	-14.03155428026631	15.357251714459784	2.15930442047701	-10.86272509958997	-0.5782612703557106	338.35507451975457	-23.932058130881714	-30.472356429466586	-16.92475338828305	-28.37311232914311	65.81006776968533	155.3261834122764	-292.42671911570244	157.38705723460183	-38.35538420787178	-9.316491844276086	-35.618273296613765	-20.168204340328288
7.884560185185185	-66.8947826881644	274.5445544227784	7.4353034952899435	0.2856917877272393	7.695777517056279	-1.2127089452326851	-14.172788861235606	8.130585216619886	2.2247440001951038	-5.779911951364373	-0.4700794617269537	338.88194170143174	-23.900035467855247	-25.689379070719454	-16.492881836515167	-25.402550562987003	65.83704289569162	155.81472143739438	-292.10046965408804	157.5288859404062	-38.42181871533219	-16.092569320040838	-35.25258470032202	-21.83609346358223
7.9245833333333335	-67.22306997847892	268.4746629856352	6.920194240770615	-2.7991072900445393	7.345807257759862	2.6371061683814703	-14.595038720824954	-3.901104347152773	2.5620887579178415	3.154000849434175	-0.6238036699700302	340.32327701919945	-23.351510542098254	-18.345424230554144	-16.43636145637504	-21.138654780566185	65.85574127238866	156.24458828109516	-291.82489371357696	157.7072118824936	-38.39161692720164	-27.673453582259683	-35.35302343413821	-24.53024703423398
7.964606481481481	-65.28131722916685	264.9878158056305	6.262545376253667	-5.3518547880622265	7.422689307061864	4.774322743966921	-14.69367252212545	-11.444770722492366	2.5067577456929353	8.752326384890617	0.01835472030026608	341.1979740600028	-22.939200586057282	-13.734063465647523	-16.450196237419263	-19.09017433704942	65.81040876367844	156.11958683045935	-291.6611829564357	157.6313886194717	-37.891808379989996	-35.11271003473513	-35.40609810468497	-26.5657230170018
8.00462962962963	-61.75704248621792	264.43801810296713	6.493171536498869	-7.7970729273083705	7.816271587243428	4.053164409870809	-14.3885111906758	-13.002858582184258	2.102645146579339	9.359343280922397	2.2712439783089877	341.1594988794888	-23.069672161446206	-12.136424776599611	-16.172362238653648	-19.96843859770776	65.80308364731751	155.85334872157495	-291.675236738922	157.62884207382658	-37.23725442377345	-36.654014780075755	-35.21839295133289	-27.632036160216856
8.044652777777777	-60.86601602225743	265.24087869922164	7.28488935544702	-9.11523409249783	7.8754354279360825	2.263057873315947	-14.501803568796811	-11.531914899667546	2.650057910158859	7.52296447992008	4.024183261597791	341.03590249135954	-23.35187824099748	-12.335192254604792	-15.765752744057309	-21.440568858432172	66.264596364214	156.09855279166592	-291.6530970329853	158.1031682755136	-37.45233999525216	-34.96818383644609	-34.80485220574755	-27.65010363757588
8.084675925925925	-62.566177947245656	269.58042342901064	7.653106509528541	-4.47419153280046	7.40975337445259	1.0718085253319012	-15.290024722844443	-4.47020845973679	4.25939482820064	2.730527064463748	3.9337644174205124	340.7859642173706	-23.415848659162705	-17.676225773581464	-15.770264444308623	-21.94384601235909	67.38771716055257	156.6618719134296	-291.4226498847754	158.1971102863332	-38.4383311222866	-27.640338492456678	-34.16455608022619	-24.919581409564515
8.124699074074075	-63.11076358046566	278.18247353837324	7.427354174181029	5.301586154450628	6.778724240819124	0.7844118899035613	-15.640533371748457	6.807417410418357	5.175143000981678	-3.9305331896041547	3.8425246043902064	340.89730081861364	-23.33792035377961	-27.20874038240754	-16.313841329486536	-21.56725485370717	68.56042771097147	156.90013549405734	-291.27707283296525	157.30653641836926	-38.849903072399314	-16.319474180346035	-33.67301799880761	-20.21538247275285
8.164722222222222	-61.53833916957719	285.944416061718	7.135873114384566	12.038592995003153	6.34824092733142	0.9190682050617643	-15.195109175435878	13.702038429679636	4.6902063996848655	-7.792260147880092	5.134387182229368	342.70741996070944	-23.35836868435088	-33.30139503355629	-16.81938782049268	-21.056636740743258	69.11007158845491	156.85970674889515	-291.3832712041696	156.61418294739923	-38.37686073079675	-9.470455391757497	-33.68956625516789	-17.25850322700984
8.20474537037037	-59.022883657918115	288.5770520964675	7.19346903304152	12.361197670811466	6.027108524881498	1.0079815358081596	-15.112679937831063	13.815361808657544	4.1815310401065116	-7.816476115479087	7.231901618226168	345.34112019752376	-23.683278402626456	-33.33369625581135	-16.85329660746733	-20.961762744566343	69.14361889140078	157.12184653587826	-291.38905323997164	156.8992614193378	-37.9741115463095	-9.061493314727699	-33.79472464582311	-16.883615320033087
8.24476851851852	-57.433752133701994	286.9196009774634	7.292452347364808	9.516743284791719	5.578851799520379	0.9637884357051494	-15.473333631429709	12.104057184864942	4.717356348393213	-6.626880713575974	8.409382633800178	346.78309148643905	-24.100172785398584	-30.879022840605785	-16.871718765732822	-21.39475098397459	69.06984948399081	157.54100131469323	-291.2807484680792	157.1829516068903	-37.9198284561878	-10.342609546603128	-33.19958195212814	-16.970494466134184
8.284791666666667	-59.36071102012614	283.74100896642193	6.509443034811138	6.172689351740808	4.970148113035052	0.7724141871197043	-15.080548180587915	11.439203944208924	5.976101821099288	-5.537654275604371	6.579890913248541	346.5687518195493	-24.080967825909994	-28.263228708281673	-17.497486074417864	-22.09903309054799	68.9666396070735	157.53561507207428	-291.3964205171007	156.83689689457594	-37.550246445439825	-11.015885234304577	-31.563032751075028	-16.55268388733613
8.324814814814815	-64.85840134054725	280.46863459119663	4.836400740397055	3.2390517201226197	4.1912325493794595	0.30193969425642647	-13.952361344558051	11.440497951086163	7.42946426494291	-4.780816742658732	1.7352079042210846	345.38811763850015	-23.683744952063392	-25.945366210832304	-18.556158557072905	-22.71652937836403	68.92616628066654	157.27859451430496	-291.60374507696673	156.45298499406098	-36.70162342045248	-11.317397918983858	-29.282101146955952	-16.0987985556865
8.364837962962962	-70.24499460637887	277.3706362066842	3.5673120079400444	0.9890236974309659	3.4151431154557907	-0.4329055756573114	-13.198511549530966	11.562262284499242	8.81727824226475	-4.937365634024279	-3.223541456240568	344.4278883411783	-23.44625247805709	-24.287714174038314	-19.421232587677537	-23.27982207283773	69.4547167221717	157.15066199233993	-291.7182462089993	156.41348784224783	-36.04037315175651	-11.356236266020375	-27.291150405693685	-16.293884353785984
8.404861111111112	-72.29078495940769	275.2663561070413	3.1808091825438667	-0.7213399713459341	2.841071673321516	-1.1812749622911476	-13.141482590550444	11.677258588749826	9.662550697527983	-6.111680335152531	-5.3693566523497935	344.0083340646491	-23.415066355170126	-23.301460032237188	-19.95219484421338	-23.923848268479574	70.71878667728686	157.0543879418641	-291.8826332647051	156.44160098111496	-35.93137667358229	-11.091696552936313	-26.240556007115444	-17.198582532016502
8.44488425925926	-71.52803531935403	274.7488030229345	2.8935700936919075	-1.7913912720417902	2.3623139654201304	-1.732670905615733	-13.20776782379603	11.693770602683275	9.618509866240968	-7.3879798041295155	-4.81583827113235	343.418223991389	-23.392270634599228	-22.689078187543416	-20.483484472248875	-24.540786538266786	71.91392847495035	156.9334307406332	-292.05992548145616	156.2027531105208	-36.01783552929851	-10.664927601214117	-25.9929341290718	-18.049961594704456
8.484907407407407	-70.20183710738671	275.07935491073175	2.8203186426859554	-2.1701619419026845	1.9936871560022893	-2.093438142486707	-13.108051657521294	11.605932293731422	9.438505332659615	-7.669692674318471	-3.9082906762012044	342.8455570433611	-23.701354587688996	-22.261079325462404	-20.928849638791363	-25.035475694756286	72.37472453891596	156.92031803747162	-292.1735256493544	155.73716549454352	-36.031650281584746	-10.575472726086389	-26.097997446846662	-18.27201502832007
8.524930555555555	-69.59925714331295	275.15456664149855	3.7069128960001434	-2.390680075034532	1.8754522401492029	-1.7266010367983644	-13.134110642317722	11.48043796183282	10.119924119411127	-6.790841636139134	-4.250943210944996	342.509142471536	-24.606494633434025	-22.05226759606566	-20.906599951648076	-24.71077083760555	72.29027895577934	157.00825479512594	-292.3391768194282	155.4185229545447	-36.11523016396984	-11.099328578178856	-26.161553469627904	-18.054351189897943
8.564953703703704	-70.27800362006464	274.68820295228267	4.752895858289035	-2.7284892551121382	1.9878609928553297	0.055889773350136424	-13.366497968988405	11.469094968483509	11.117816775396168	-5.862638186868993	-5.749810693305037	342.7965200388766	-25.50138295152199	-22.193819357738732	-20.7395654505913	-22.992192466288614	71.82495305267933	156.92810593011717	-292.47949848666167	155.41876133103904	-36.455655888451886	-11.780063141488114	-25.7165996572233	-18.110084878168436
8.604976851851852	-71.49940656932849	274.1353081310353	4.777178062992072	-2.3648653652706715	2.309472055400503	1.4217742850334432	-13.60381624509932	11.839391720188075	11.408824495998049	-5.8764171534016665	-7.0649912837122315	344.68827893900766	-25.82096711189699	-22.45086866303795	-21.03635552630479	-22.11630839869325	71.09455943598705	156.46598005734427	-292.53700155287	155.4348460086816	-37.147887238852206	-12.04974439535573	-24.799551374254406	-18.615384927108394
8.645	-70.76183436795338	273.5227615331946	4.5399903222643445	-0.8927079922645748	2.64420696289069	-0.09130069866971509	-13.81422889281017	12.566351058878237	11.22768601545915	-6.303023098629436	-6.963368037785557	346.1305386672969	-26.134346733685035	-22.357340649196928	-21.599864773330935	-24.374038236122615	70.58623643751304	156.00469533764317	-292.76724185376065	155.11333605291622	-37.859577515787365	-11.7023074954609	-24.559604483052098	-18.582410747528556
8.685023148148147	-67.2942352053911	272.8185885687314	5.256896162002984	-0.042742953056786416	2.7039221972209244	-2.9676794462176583	-13.961070933448756	13.206651229621151	10.926715147169807	-6.427268557551757	-5.899374129197341	344.52643174890454	-27.09921722573837	-22.70099947390574	-21.878196145172694	-27.589087818261092	70.47704959207721	155.9109475261308	-293.1855973399027	154.60517472932725	-38.03412034411309	-11.081418409386615	-25.78130294615781	-17.652516763752146
8.725046296296297	-64.52689832815624	273.3048381937578	6.370104210968134	-0.8161478556519771	2.6391852096477844	-3.5653573888569885	-13.973923479405595	11.862446959184817	10.460497603138416	-5.751732173667473	-5.249151368771805	342.08148791958564	-28.23450645346891	-24.77034258523112	-21.854504488769862	-28.033926729901182	70.49350900321662	155.7593831092664	-293.4502561379462	154.33607514355666	-37.89403465897145	-12.473167246773173	-27.365586607408645	-17.6607687485851
8.765069444444444	-65.29727954557099	275.2875181293264	6.880190970932591	-1.389077162189843	2.7006321835758893	-1.21896953244466	-13.863596706330592	7.375771585199838	10.272550894258375	-2.9136643214219036	-5.628656846590246	341.47272160235303	-28.89082769519939	-26.802819674773332	-21.80062351969893	-25.47249656281339	70.513479051291	155.2966586756014	-293.4617677356653	154.3267303968228	-38.03598752353861	-17.167536551561184	-27.98715634951931	-19.911079331799257
8.805092592592592	-67.29382109273557	275.5407978696836	7.057233983387422	-0.9466646114249804	2.783631899718762	1.1715550777054995	-13.653732966695198	3.3674319049329915	10.06838180054958	1.5641757276875001	-6.3967594329400015	341.8329787953277	-29.208834550826595	-25.045351012647515	-21.805059951508227	-23.15438980326617	70.44922037005796	155.02108871409797	-293.41300866417447	154.4332166057626	-38.3055979197141	-21.1974929411177	-28.265243573237996	-22.46508418100045
8.845115740740741	-67.4935536068436	272.1814353759708	7.315713501137997	-0.6609741009079417	2.8338539504049294	2.7235346386533736	-13.548579665009525	0.6478011512189372	8.97720126014914	4.907470525714186	-6.825752810625545	341.8073431705383	-29.347323542808255	-19.723492979630322	-21.824315675170837	-21.9489508242486	70.03758287407257	155.12567281381808	-293.4071375702504	154.7890943420128	-38.41105791178717	-23.847622095226185	-29.397665053039432	-24.18253814566029
8.88513888888889	-66.65056404738229	268.5831565287706	7.471813169679919	-0.7031224617820772	3.0138619835904703	5.507345182207606	-13.788449444979404	-5.009882965279351	7.807784250320887	6.539640157746942	-7.045963455856608	341.47671380069835	-29.298971960058907	-16.324993998503118	-21.82776870487885	-19.410216002799586	69.38505534112342	155.15761344293168	-293.41978450098526	155.04324261545474	-38.715661593095305	-29.683080092385694	-30.901493033573985	-26.402473590009492
8.925162037037037	-66.38021090174455	267.726038559951	7.597825153213866	-0.6792997256889126	3.3122776392178364	7.7798213202227835	-14.09118229277608	-9.225366116261808	7.3597946839935044	6.199757917903436	-6.675985329602597	341.70626820137994	-29.387367328697806	-19.137819957549468	-21.817080593571575	-17.235422585482013	68.97373550118273	154.92089363483007	-293.42543070496714	154.5335407836692	-39.16954539578323	-34.148629351109605	-31.814009761973864	-27.800998738957944
8.965185185185184	-66.67817903149174	269.05928449651066	7.571169610898773	-0.7271570003886998	3.4668168387333735	5.614591840357326	-14.05333941924472	-3.218990643926062	6.71148040863015	1.5761889323171026	-5.5560780560723515	342.38725461864266	-29.458684364785967	-25.484677672446367	-21.827166219410117	-19.688202349274107	68.78759686350784	154.70447192004465	-293.4222902472369	154.06091169885119	-39.16065975953565	-28.26140845931286	-32.44348025526298	-25.803341697896187
9.005208333333334	-67.33053350356855	272.11418065716623	6.949975903425646	-0.24192161478809637	3.382022280309915	0.44407481556537054	-13.884008461784008	8.969085061705671	5.796065839345765	-5.769451497022209	-5.135082840741575	341.5296944464883	-28.828123380150544	-29.7280624621322	-21.890321029814785	-25.175394911501783	68.41187259801545	154.64898441144328	-293.43518256357675	154.8659678225153	-38.93206400766594	-16.219140833631087	-33.14058951672908	-22.015002216287797
9.045231481481482	-67.91139624820073	276.0968457026889	6.269901374229328	1.2249643700163522	3.4997410404138054	-2.8378085550407994	-13.782274452235061	16.16219589484196	5.477703238201886	-10.348460588151422	-5.400837725999608	339.6954989396068	-27.74115259279158	-30.90449123333056	-21.852602453124476	-28.511088534612114	67.7922201401692	154.67479279438078	-293.4809635580625	156.1734341532868	-38.929779527038406	-9.169774971832169	-33.49708348162525	-19.869271251632355
9.08525462962963	-67.1103870167271	278.53317225120895	6.298274885442064	2.2967942659694813	4.228266302667659	-2.9277112650965598	-13.567669724503942	16.305611290069454	5.280429305673171	-10.843074104575964	-4.363441887403852	340.40085162294906	-27.09580124727718	-31.374604893269677	-21.43124852525564	-28.635220738274526	67.11399344608392	154.82206732518927	-293.45018165184	156.5652300384761	-38.775775499683576	-8.906110047814181	-33.48320691661709	-19.84208368357109
9.125277777777777	-65.73515947163543	278.66271428855976	6.632051260409816	2.004608751694607	4.992878029963752	-2.62826146583072	-13.343851145972932	14.7717038673045	4.69640815538899	-10.166132191988503	-2.73346682322358	341.9015414529568	-26.946179911994903	-31.60906069934545	-20.70429557401107	-28.273780621804647	66.48063723442868	155.0928566294646	-293.20075918146443	156.2204771117262	-38.37468675426618	-10.068718683377043	-33.41015792060625	-20.249516743396484
9.165300925925926	-66.05531188768424	277.93063857158086	6.6226321616118184	1.136252130146183	5.174246097429316	-3.6039968949175845	-13.361551402510695	14.372757581672959	4.467446790334099	-9.923527908709566	-2.6664120903913187	339.96281230850303	-26.63090988069763	-30.941155328550053	-20.02192782035155	-28.788677751019463	66.02137567438437	155.283212187714	-292.8790668229731	156.1605470153894	-38.20939815668943	-10.189173509495788	-33.298303369693755	-20.24327324439399
9.205324074074074	-66.63658192020618	277.18923614309296	6.221678066815636	0.5875394394954461	5.27474865250808	-4.542745936645814	-13.519936995422784	14.709849664818437	4.852258193086536	-10.119278216969676	-2.4832420426368174	337.6095273145039	-25.838943368176515	-30.024031958351785	-19.513577120579825	-29.33832553182704	65.8431548125475	155.23543390807384	-292.55598883147456	156.5924788412536	-38.25627834263763	-10.001354094966501	-33.13865457460017	-20.17976264119656
9.245347222222222	-65.64180555758868	277.1334197582447	5.758371713985209	0.8090343745490554	5.756792368537807	-4.438104522150061	-13.561431625558193	15.163406575792894	5.03672903704089	-10.758747733540762	-0.4939997769136397	339.3538492644776	-24.860646645858367	-29.96181303550864	-19.103679948380815	-29.297324646514525	65.85495176912043	155.062313532141	-291.85601912253634	157.00377622127382	-38.03406121690604	-10.030027258498023	-33.00288587377847	-20.528889056210176
9.285370370370371	-64.6604520488188	279.24199767568115	5.951491098185244	1.7738980860250821	6.329270330611188	-4.249096215192262	-13.409904425274602	15.094531723574004	4.659329338479129	-11.40766923577763	1.2594313106184387	342.6665729320201	-24.19268559054403	-30.771300194527853	-18.48068950456596	-29.06081045942598	65.88423776463476	155.17705508205924	-290.9163622377207	157.21803731272425	-37.593964173829264	-10.16553826843915	-32.97471921531498	-21.139307677778064
9.325393518518519	-64.46030091688112	282.67956946493996	6.963572219904781	2.6319441585854144	6.662880267417562	-4.83389527039044	-13.262106740848575	14.183553778359745	4.317902791315074	-11.455839406160974	1.5906290023349214	343.334727487782	-24.043095083844293	-31.50366949326785	-17.482994298609725	-29.00328333490276	65.85564828051683	155.84341532000735	-290.487797697512	157.43476797202197	-37.37078154938965	-10.233218887570843	-32.95022766205906	-21.482486402117573
9.365416666666667	-64.69376129605034	282.35978516485415	7.780665228127229	2.2188563016181058	6.7346724334885595	-5.582982718514767	-13.288543429000198	13.136660706368184	4.520821792940929	-11.178462829193572	1.0146872948134416	341.45157918778636	-24.123474363616566	-31.316513466637034	-16.642509722838568	-28.953523075020072	65.83094801674092	156.63297562601383	-290.6021305334177	157.82189710250978	-37.25544743370877	-10.235703515395045	-32.54908919082905	-21.408463165028195
9.405439814814814	-65.5821054540907	276.5062239842264	7.855660232147003	0.8584648360183268	6.888523064652743	-5.644954140310091	-13.292027190432202	12.710363403165973	4.886011765450284	-11.145932952407621	0.3581908438437722	339.0853128028421	-24.131845456367913	-30.493294897367278	-16.26934184063066	-28.660544834201232	65.9929824423813	156.98219528559383	-290.736998820281	158.20302199905822	-36.88987551995213	-10.256339966271938	-31.894187804906892	-21.137248230835496
9.445462962962964	-65.86901486049736	271.52779239366157	7.770813226377506	-0.10102325601974152	7.3096712266814245	-4.598688436698495	-13.138068129100171	12.712197289922313	4.759121586900952	-11.084695873855287	1.4281238882840768	338.15693424647884	-24.13024152170894	-29.927581269911883	-15.950585139924385	-27.624758619446794	66.4533283890181	156.9623428185452	-290.76759245158144	158.22118952398841	-36.424746336578835	-10.339988846459903	-31.661643407690036	-21.28139519758409
9.485486111111111	-64.49431778151767	270.8359581729153	7.890002670440803	-2.0647207846629443	7.544368810136415	-2.066222227091811	-13.212682361056144	12.552043959106589	4.496396040113239	-10.209947001042533	3.719723870756148	340.4104678191497	-24.15571100399282	-29.75343954498456	-15.654316720721212	-25.12309898072887	67.10099221689013	156.91148491675563	-290.720600124419	158.05965593499673	-36.33740225587539	-10.564751868613172	-31.859635829877647	-22.539478563568338
9.525509259259259	-63.29376744361184	271.2150055699709	7.890269353565536	-4.937488075872198	7.380831720014337	0.9895589347285421	-13.679634353950055	12.120381525484554	4.682008232447525	-8.681164686281493	4.166877776233413	344.17854994815985	-23.98274641446612	-30.007213523027943	-15.728615317722458	-22.112342796006672	67.79002138333715	156.90504512131548	-290.45385370727627	157.9789746963088	-36.77907771914926	-10.920247320673852	-32.099125903401216	-23.81977470597647
9.565532407407407	-63.759680116133325	273.02441021019945	7.636998948300522	-2.3959847000913808	7.313388582154047	2.439895464447866	-14.086007456984541	11.95710298727501	4.807890815004178	-7.872695430730445	2.717073105404637	344.144262624482	-23.595670178954734	-31.25332009672431	-15.935412307114774	-20.82963968132364	68.43701034100302	156.8921064247405	-290.0342837443765	157.68857170948462	-37.346833592513164	-11.105400612781253	-32.5358779032597	-23.02133195739262
9.605555555555556	-64.56200660005547	277.63961649897624	7.586625445740602	6.215731194210074	7.531493379491912	2.0343816780537636	-14.259284094325437	12.17348224899306	4.517062713278989	-8.261588715193275	1.8618090138905927	340.04875075320825	-23.328191443507777	-32.8958820877515	-15.808145984822445	-21.31127542131206	68.88484662974952	156.92790559001168	-289.78186900580164	157.17339748398206	-37.601531689404965	-11.007564342478105	-33.08389965801463	-20.774164334282858
9.645578703703704	-64.48250190355132	282.5006989368511	7.946160067053772	12.1320949619678	7.6955097134870405	1.2682286918726118	-14.404304596125968	12.168891622866875	4.456860897435517	-8.666991984989226	2.147709988766792	338.585917385801	-23.318062215498813	-33.51718364280946	-15.422130617515208	-21.866050554500035	69.02618212111341	157.05038171202324	-289.7673396195738	157.01440012011068	-37.520058765623645	-10.927216102908986	-33.06370157149705	-19.373480553262382
9.685601851851851	-64.29335290917949	285.36380032528297	8.020676233898467	11.777890335869321	7.522199392482039	0.8250361692832021	-14.465932574585162	12.027614671566278	4.997082474994215	-8.45828714877286	2.3953639406379494	341.60662657753875	-23.397845476879866	-32.863855002101005	-15.355045314930436	-22.04234715540791	68.99458915112615	157.13134470387615	-289.7938003652044	157.2272731286096	-37.342604675662	-10.874858199435494	-32.345600207053025	-19.059483360740344
9.725624999999999	-65.29206419093504	284.02459406768236	7.175985929590095	8.801225248580874	6.755382428322694	0.35348162947451567	-14.39687418959915	12.029274688660783	5.581114108858474	-8.042249355827677	1.5440079124964683	342.8740750325982	-23.447648917203892	-31.13404207242354	-16.01579475013564	-22.29520462558949	68.97427578257816	157.20046617569542	-289.7838908492295	156.9534057136611	-37.16836161845188	-10.744944828425815	-31.58704433545641	-18.81532226626588
9.765648148148149	-67.59907697391799	278.75641545459024	6.114011256587559	5.777982345447855	5.617029157512163	-0.40191264928103143	-14.416056830282951	11.612551262728518	5.8983814891628485	-7.433742322708194	-0.5922087595529888	339.9360596495356	-23.407405906219765	-28.668068976549478	-16.876931700298613	-22.742497819417366	68.99776971826746	157.5024691778589	-289.7884873832845	156.10308193383003	-36.91005658593981	-10.879381754761553	-31.011926746782365	-18.353717311059796
9.805671296296296	-70.26980369918371	274.96793273477294	5.752393451716145	3.6766941317872397	4.883427078933231	-1.0502720211117829	-14.452892814515359	10.907326632470996	6.408705024813458	-6.730393349049185	-3.273735276663672	338.21421615970235	-23.249424196990944	-26.727005998371553	-17.243626622328193	-23.19970426844121	69.02770425435129	157.8775756183333	-289.80058886574193	155.7252188171819	-36.57970413310052	-11.234613957540688	-30.17187939385171	-17.900350061146213
9.845694444444444	-72.80519595175699	274.97151616352875	5.450074317062176	2.7724353842878418	4.5423921558038405	-1.1427520213524571	-14.258284082415022	10.958748571134212	7.258708520926818	-6.562811180399455	-5.838865522689801	340.7518935111116	-23.03630185902135	-26.005053421325883	-17.573907753381462	-23.217697804467477	69.04883492174181	157.88465846350923	-289.7842619235166	156.10846924931747	-36.37495716857046	-11.153461131229335	-29.11499953490771	-17.728097477814785
9.885717592592593	-74.31546012298303	276.0425846256579	4.327973982499611	2.1842486633764637	3.9233733462172626	-1.0159944967379837	-14.089670794546986	11.685695744630921	8.191318539997319	-7.069047824493807	-7.069615977718655	343.8727265601595	-22.725016341911314	-25.780060254063628	-18.439855771185535	-22.655757742528507	69.05833724639096	157.63604489722326	-289.7721147585993	156.4876597147665	-36.45425013984318	-10.582108527908062	-28.257353978675454	-18.03719936517294
9.925740740740741	-73.22757959609596	276.67454457852807	3.163836650232556	1.3177663506102755	3.17864627794029	-1.2706981352834095	-14.152319468293749	12.124126401098483	9.183656231374385	-7.901351781232004	-5.553513675068672	344.42124625419774	-22.383853194738975	-25.382227073576658	-19.225294483350964	-22.47500434230986	69.05842357907389	157.59583200579254	-289.8090354800695	156.52342238762037	-36.55453658187453	-10.121676622439878	-27.375773058247972	-18.63581219310406
9.965763888888889	-71.5628056255552	275.9718789474646	2.937867278288153	0.3634955614438671	2.881317616056709	-1.853731893707553	-14.22480247308315	12.146208527761797	10.295044630628242	-8.702302454875582	-3.9234855588743898	343.39799878332957	-22.32032137322578	-24.820011461901657	-19.37545434754523	-23.420862469852153	69.05730300011416	157.7433204558916	-289.8435048602025	156.48977523572012	-36.47303974201343	-10.009416484793292	-26.21240363087574	-19.026730849585434
10.005787037037036	-73.72458656854172	273.34499666451654	3.075807834796179	-0.31223576314481466	2.938634076087657	-2.3959155561288292	-14.359313713992362	12.162734524517921	11.40529618627748	-8.914640317084077	-6.55309639098823	342.48838936229714	-22.443589378485825	-24.362724208985753	-19.366353117957587	-24.652322555793944	69.05865114228986	157.6951008251524	-289.74550853961864	156.50425240191055	-36.67067485898967	-10.1303571032917	-25.251697120623277	-19.0883764823612
10.045810185185186	-78.47987506649565	271.4511309628526	2.8852306554659153	-0.4283332666961264	3.1363785943825557	-2.8331287220474897	-14.502879406298861	12.292383225792722	12.187787880238936	-8.199673638434458	-10.862214769066199	342.07038220917065	-22.490014988570053	-24.373181106400878	-19.60589551513678	-25.425043383132888	69.05659003296886	157.2578277031074	-289.6529285268986	156.3672408066316	-37.297338241905805	-10.489482880523212	-24.90427935491975	-18.995442825174692
10.085833333333333	-80.0375185504566	272.9601168747482	2.8126930760067204	-0.5053603868616899	3.523201461053015	-3.213237393545987	-14.312262212348996	12.552763008990903	12.627427053741604	-7.133444170192299	-10.491657793590818	342.0039711888461	-22.739424812274194	-24.94218243901814	-19.927077999623194	-26.226700264921533	69.04682288489991	156.54951684137586	-290.0884708365755	155.89055539051307	-37.747861971357395	-10.977581777073041	-24.883248086224313	-18.675879620225857
10.125856481481481	-76.16010425584432	276.4223323991319	3.2745734241711464	-0.9113701809733369	3.7614034062158175	-3.370168295688591	-14.088920341422513	12.76218375303463	13.03311603255296	-6.372706395836934	-5.9469585781345415	342.08471366643164	-23.550859199641195	-25.764616810476312	-20.276076969156918	-27.11315864893818	69.03729467092519	155.96175844934277	-291.1074032512309	155.23926705808407	-37.817671260561056	-11.276051777345458	-24.940681816097623	-18.054447301371127
10.165879629629629	-69.90619341905584	278.82910364940557	3.82728225042627	-0.7687894507513107	3.31173496191944	-3.1499823508535965	-14.137601981413447	12.670269385046582	13.03806605579132	-5.6901009192666665	-2.3719804022091466	342.05543610633754	-24.751585160472118	-26.574137606028202	-20.92410526063975	-27.367592551354363	69.0323417212293	155.7649640328711	-291.886997338721	154.9187258102678	-37.86471853926186	-11.271839227935175	-25.327578078329708	-17.26681010604686
10.205902777777778	-65.9101304013002	279.3859309888772	3.944635359772789	-0.07038579423657733	2.289963004739368	-2.865105711963155	-14.105822512142701	12.67405373457653	12.390805707140874	-5.068497395646661	-1.7282490278855391	341.7814668594209	-25.926648008912494	-27.193307408248046	-21.982228664190558	-27.18349461448723	69.02779793093224	155.73257405995443	-291.888623954383	155.1255754050615	-38.06805897285636	-11.110477147325241	-26.010419829445695	-16.56749066449727
10.245925925925926	-66.20240216205544	278.7765142546758	4.063118693523157	-0.08954336975464461	1.5165707085690947	-3.059026412453675	-14.020641974736245	13.057657262290427	11.991224262380044	-4.705722148026398	-3.564686074126328	341.475300241597	-26.975227775548674	-27.467611174814323	-22.912952322008834	-27.499657729522752	69.02263585531496	155.5678588189719	-291.795221067967	155.44186428495817	-38.43523454627251	-11.077605107644345	-26.46396232104422	-16.10888165395609
10.285949074074074	-69.55578943713131	277.64194149466005	4.885607944934926	-0.8258115541921994	1.5912383473348277	-3.650956240547094	-14.070979806726426	13.112401287086646	12.072749494399382	-3.878858223423083	-7.519646546824333	341.3562045352465	-27.917561859015947	-27.433723264001273	-23.03118965226801	-28.287127490019472	68.99795678226548	155.34883121737903	-292.415515245034	155.53313806087286	-38.751595825512624	-11.502947658325311	-26.632603825333305	-15.598539601799231
10.325972222222223	-74.47741372832206	277.36216473998724	5.4353214199729285	-1.2234579579650027	1.991687950628126	-4.034336090812277	-13.839394393064286	12.672576467563616	11.597285721024779	-3.1891881928642873	-12.603674331747385	341.28400575274424	-28.193938182996916	-27.24362440114676	-22.753480656470074	-28.761076308593175	68.94503746257604	155.25774008716965	-293.1613312178197	155.45309418129733	-38.594831944962024	-12.125620025556117	-26.982536670526045	-15.11817339574722
10.36599537037037	-79.93060129484381	278.49916168371993	4.223419059345072	-1.1500546762484143	1.741844536876685	-4.19674899305182	-13.112475898244513	13.005034596591297	10.159722395643637	-4.780037809928671	-17.29344711022722	341.17242242961225	-27.372286414347215	-27.33770108821284	-23.15108896883359	-28.957363141917284	68.97853535438281	155.27489083753275	-293.1143625689486	155.30273266231097	-37.96390410167969	-11.857651880578842	-27.750943155871582	-15.452957317868922
10.406018518518518	-83.96912782850221	278.3203625903832	2.3927483656328254	-0.9585666569331145	0.9642964558093448	-4.497612792981779	-12.387935319110099	14.657110559766226	8.54918474253931	-6.576849221414472	-20.350546963664215	341.1448986195837	-26.343969515980064	-28.2365582218722	-23.981923737876997	-29.483965309502437	69.19874149749086	155.30455680735184	-292.6719894529106	155.4528272677536	-37.295819524568174	-10.246526818968618	-28.766964575159292	-17.19329105265159
10.446041666666666	-85.33459865634254	274.3855638741931	2.006016085541007	-0.7717473326563066	0.528353771783608	-3.806771898252	-12.150494324713538	14.383700150630686	7.657910864423255	-3.1224978654098603	-21.43174381018916	341.2081579415954	-26.10192141442907	-28.384359044788482	-24.096132133436114	-29.22229028918875	69.32962340638346	155.30832224572512	-292.44848334128704	156.29877258773342	-36.95178063863777	-10.434573186433568	-29.66220557061746	-20.535432561040167
10.486064814814815	-84.847440235673	269.1766373099016	2.62018103269755	-0.7308067810480038	0.5452055274554102	-0.9728130995303964	-12.218614518056787	7.0220200526249	7.188732848410027	4.800859029793576	-21.0273284083069	341.26957143770466	-26.3440217343842	-24.602621191525245	-23.545986352738296	-25.488270071370977	68.97466934506618	155.27501515302492	-292.2659372105527	157.13015614438967	-36.95928990799867	-17.688001927439004	-30.37596726732606	-23.643623546463928
10.526087962962963	-83.32256057740369	266.49658513218316	2.9417476646881786	-0.666518431744669	0.6103094639873449	2.0761805971712977	-12.145917511981219	-5.367989604617869	6.1436039678423775	10.664052496591856	-19.533386940679932	341.33055860267723	-26.479299913396915	-17.868215154313177	-23.217156992252683	-18.99570161946363	68.20668890519974	155.23175595826885	-292.0576525977225	157.06893301879973	-37.06580016517087	-30.047197444875337	-31.297390084662567	-23.786757159083734
10.56611111111111	-81.17940283208044	265.8373942849392	3.037718447499693	-0.516630746619421	0.6904020828300861	3.309355053911575	-12.043631931041046	-11.69467578659089	4.807105122936793	10.79490000152519	-17.542035951752595	341.48255903814095	-26.524743181193088	-14.457291271282998	-23.29821712418436	-15.494043691976643	67.34589360010577	155.26466608201116	-292.10388742875557	156.7620768174995	-37.0842911413297	-36.33348447015953	-32.32474143325177	-22.602363845272777
10.606134259259258	-79.08115367300337	266.16228563369043	3.2393987971202933	-0.5162388916982256	0.9673320773574164	2.301025991494397	-12.342941512226961	-5.118613582436396	4.294006695713266	4.720124720274373	-15.732606637150369	341.73931039115706	-26.658183183902466	-18.397507503413095	-23.329183996015175	-18.971244476359786	66.55863126137879	155.39460604598133	-292.3363284730631	157.08101789675032	-37.0433030366619	-29.66741185922389	-32.67538971532689	-22.96079218860875
10.646157407407408	-76.38716800941489	270.748062936732	3.3199277952422994	-0.267068499591698	1.624346573801898	-1.0734765601800482	-12.899340795072384	7.397577355697037	4.560228759973339	-4.582334652258798	-13.085566797219968	341.93420735467373	-26.672044336067373	-26.052662432359867	-22.931172799797878	-25.936064448421305	66.0194368197522	155.4905762111138	-292.2914425488216	157.7956729390384	-37.068465597079424	-17.104241825482873	-32.322963707598376	-23.242098739662225
10.686180555555556	-72.42005966406063	280.49618154108174	3.11751804746224	0.4943200448513568	2.5412133156984367	-4.380958078404068	-13.1359741528635	14.406532797368277	4.7598705289744325	-10.471813252330309	-8.501822781982796	342.00821420987427	-26.084018983655625	-30.819742773972536	-22.242868852890226	-30.035042045507808	65.85979905998475	155.52899027972362	-291.88895416841444	158.29548567169456	-37.22972607805998	-10.07714745172963	-32.23118277825367	-21.89902387440128
10.726203703703703	-69.29670891468908	288.5920388294508	3.058836667510898	0.9998095190159859	3.2045473802451108	-5.228902480900843	-12.976422322761232	14.277935110021364	4.463606068372368	-10.954884101005712	-4.361081708844594	342.2718208422686	-25.064885643928108	-31.10696836265258	-21.564601397823964	-30.090060171000374	65.90497911522154	155.64392263218514	-291.5848319786912	158.2028944507211	-37.32194098251219	-10.07228940806803	-32.81397320505103	-20.72772151477271
10.766226851851853	-68.45590101830685	288.97319131525484	3.633882125004178	0.8072804024685918	3.580784884172525	-4.857462368537859	-12.755052565312267	13.141651929387162	3.722640097869229	-10.302846648290402	-2.941163711192118	342.6675785145792	-24.45206739582015	-29.884865167985453	-20.832996271983475	-29.126425101168806	65.91320663227604	155.7823902222765	-291.55891818789223	157.73320310273112	-37.173352403858246	-11.021742363055651	-33.41368915563683	-20.80382360241468
10.80625	-67.94021300521418	284.0292684603131	4.506694271828994	0.458508197547625	4.245676137829196	-4.6694512485633	-12.539370216699139	14.146028617154306	2.987642709091738	-11.146892380514418	-2.3602127050618122	342.28677461645316	-24.427796463746148	-29.312978857887543	-19.979349654024944	-28.861018552480488	65.88255174935527	155.80922602365598	-291.5972686133078	157.47346283554532	-37.130544282494526	-10.059666353388067	-33.504354586349464	-21.16077218902258
10.846273148148148	-67.29510966782583	279.06693571857335	5.373534788877234	0.2586899526885377	5.536243158700189	-3.749213207584617	-12.301983802299066	13.912475597620906	2.696529319116234	-10.52430838567385	-1.6464521121602047	341.0611817911592	-24.552416088206613	-28.538023398519712	-18.957732118980886	-28.271393017256187	65.89305573449388	155.77572614402533	-291.6114056725448	157.4528828937811	-37.415013882678494	-10.628957900414534	-33.52860630184348	-21.242166761991044
10.886296296296296	-68.62063706817239	275.29039948013303	6.702526666658624	-0.16751833220360113	7.043366594347858	-0.6757376755897166	-12.289592192970325	7.23539516552143	2.7582803296906198	-4.053362875388111	-2.98927177357146	340.4264810321332	-24.718872882982396	-25.25655877734937	-17.652854400706914	-25.422352756990477	65.8806227660796	155.7765597618171	-291.65965621041676	157.20949986751825	-37.68183086936068	-17.510203547806753	-33.90137546939057	-21.578075957485083
10.926319444444445	-71.83811315265696	272.66178716940277	8.111359299535344	-1.043655216740129	7.913124144415741	3.1859733508530104	-12.783130501902342	-3.391138359604289	2.8778294627716328	5.396395755394301	-6.51655095012552	341.2288893861135	-24.938468280691268	-20.243956406159214	-16.57761154740325	-21.288827323699778	65.7342940878394	155.84564728649843	-291.6434575751335	156.705587636899	-37.77394363960312	-27.86254560135086	-34.36399530032078	-22.451720728265954
10.966342592592593	-74.16049371611587	271.59255210294594	8.303036512311268	-2.4956602527463385	7.896649902785481	4.690352340961255	-13.412097246443748	-9.73629461378017	2.745068609786109	10.35312926327014	-9.151552201020564	342.68433779250483	-24.993747395313193	-16.912084361556865	-16.46464750915358	-19.40817811027216	65.78098819320331	155.91662404662185	-291.36571369886315	156.36493743830547	-37.754617868091515	-33.83473130862504	-34.829359281748225	-23.477593236255714
11.00636574074074	-73.7218316376074	269.6694675708362	7.387956853333791	-4.646208382744442	7.450481764318868	3.776504665738393	-13.55636047056647	-10.711547650988955	2.1367012956751457	10.322026467928767	-8.77259789762364	342.8734748215475	-24.72023104431959	-15.630118306987853	-17.032334578000828	-20.27632703154167	66.69380336755104	155.89299685317178	-290.9750587962113	156.4071788660878	-37.61607471174233	-34.76493080436313	-35.480005413879354	-24.445832619708113
11.046388888888888	-71.85649264646744	267.1508337966527	6.747497732978498	-5.4804337432801535	6.837346563978862	2.6185152770437417	-13.848202587817497	-9.386179535958288	1.6833436755208433	8.538654610549836	-6.697537929229057	341.22184186483037	-24.32193467193494	-15.887478469166126	-17.410238188388547	-21.36764403787322	68.20169226774921	156.00723779384737	-290.82626377926397	156.67250106066072	-37.79267537924494	-33.372495770121915	-36.14046958395447	-24.83763002074714
11.086412037037038	-71.31609927679405	270.15114266660896	6.721951893450341	-1.6857123232231133	6.1038995844640285	1.6535615688263272	-15.138924217272079	-3.742880169502014	2.2863819006266	3.851711555816805	-5.735024084268829	340.1920716873726	-24.15973222137592	-20.158776298607776	-17.406227961496626	-21.843353588973727	69.12338456852022	156.5119443871743	-290.73760728426794	156.9478314911795	-38.63131627609103	-27.239911627170983	-36.34712112790015	-23.384949438140367
11.126435185185185	-72.60657112244006	278.64458052370577	6.505000501940496	5.265873297859704	5.405489980816763	0.6041071017977854	-16.456502071674464	5.691141525392309	3.2832639122694958	-3.2722690327366255	-6.588316515850025	341.05730967689647	-24.212677410815616	-27.60782123287987	-17.496124121684403	-22.342555742183265	69.15888075065874	157.0551281286057	-290.22059858998756	157.26873074460522	-39.41047443785291	-17.25500767215881	-36.12198358652043	-20.50839105868566
11.166458333333333	-73.62296426906005	284.11909521700727	5.941544514417201	9.62765127485298	4.847250494866225	0.14636732304991357	-16.69634226706611	11.937904148710755	3.4187742816659483	-7.666049036400451	-7.481517908128922	341.82329107077845	-24.182862151950516	-32.25295776661987	-17.9215376715171	-22.632286282757946	68.97196503676919	157.21995292343973	-289.4825620812828	157.66608168937745	-39.47805134056148	-10.839321712827669	-36.058489123347556	-18.514392567016046
11.20648148148148	-73.42189634324545	283.522239276103	5.514987542663948	9.245054991923176	4.325583719251716	0.1304760455978628	-16.635084584486368	12.568138593653181	3.2188583754803877	-7.763642891747111	-7.467425064814563	341.6382594001805	-23.935019726385832	-31.880675619472953	-18.45060038074223	-22.635166392327676	68.94127870762476	157.23395027882134	-289.0381529710512	157.9878789652787	-39.39782208127721	-10.199772620503225	-36.179887359996854	-18.075828148880262
11.24650462962963	-73.6140729137531	281.42320590868206	5.010428230666499	6.535299752986399	3.5681307997044214	-0.5833761332629226	-17.214644620929437	11.655505611896302	3.892446212932775	-6.9987359130127125	-7.6449776826847256	341.82778376439194	-23.60399914027471	-29.661424228464696	-18.9626652506726	-23.085457602331758	69.00997485199268	157.4981121414292	-288.70275762880635	158.24262769464465	-39.705120221357916	-10.85590420465401	-35.81306171447376	-17.85055620904366
11.286527777777778	-74.8151380777804	280.3014724296166	4.083780292803298	3.803086062225201	2.581899535590318	-1.8394582924139598	-17.74891986617164	11.723954855225093	5.056305196187986	-7.073518236725543	-8.46118845480801	342.50513066027776	-23.416752878806236	-27.80720291222626	-19.55925121036607	-23.989379073904786	69.07311363240164	157.85013159362734	-288.1528236927868	158.47773270963629	-39.90468256679303	-10.416819993551414	-34.84786212905928	-16.837218746697644
11.326550925925925	-75.54082577332463	279.1076803310491	3.342881486088723	1.931640948920259	1.8515092139351448	-2.2467772940030017	-17.30621489407294	12.197364111094334	5.536818191523569	-6.025863476030258	-8.950264352289281	342.7199479494606	-23.391320481037795	-26.03834735520563	-20.076304388878967	-24.3361265093438	69.09832825264209	157.91070501362424	-287.70534838449004	158.55894338234202	-39.46361337475528	-9.83400176843655	-33.925461232349974	-15.604803425719183
11.366574074074075	-75.29376775239518	277.5369368636973	3.3000564961970587	1.1897580629010438	1.6338299850647047	-0.9356794716866347	-16.375504558149814	12.263948663563351	5.3616453251724625	-1.8376476249804765	-8.896804352856279	343.00568174721207	-23.393273460608697	-24.145533144689196	-20.30421453517772	-23.139098925099177	69.10420404068887	157.7967975859645	-287.8468277035073	158.26967213208798	-38.57501897306662	-9.967733016142233	-33.21506798799828	-15.482020966570758
11.406597222222222	-75.31518395100352	277.11562539350746	3.42858567571906	1.2606958614896762	1.631424947920833	1.5373062188197018	-15.889018685513019	11.90810447007016	5.648029228512131	3.323749918790865	-9.196500401681917	345.0119616997156	-23.46362262028751	-23.21813638601101	-20.451165437925894	-20.705939061812728	69.10758606107821	157.75637053701078	-288.41437895016503	157.43681620518046	-37.73654336376268	-10.784410923582158	-32.09672009816093	-16.04805717906011
11.44662037037037	-76.1046917514997	278.71960445640553	3.228424374106253	1.2505930620948607	1.5868112751730086	3.072714244584448	-15.80521272767863	11.711586751611774	6.973706232897938	4.459575471762697	-10.109388595275348	348.17003756492613	-23.74063850322311	-23.909879839527505	-20.775978613046277	-19.296242231005692	69.10300728683121	157.62952382037224	-288.81457433218816	156.35066979685502	-37.44737935650544	-11.579205552358317	-30.46746074568334	-15.708078725655412
11.486643518518518	-76.31489324623142	279.718943928912	2.9444098243710344	0.5717601367139971	1.5752367163443222	1.7863859325862879	-15.566486801933918	12.050594015505174	8.713243798180654	0.954112656776327	-10.497558458300304	348.2568032751813	-24.16905570540723	-25.05350975168767	-21.23837073160135	-21.001607883702988	69.0780260979736	157.21360525873922	-289.1786122701181	155.8452959965508	-37.97344139949294	-11.591687010143062	-29.210035167975576	-14.69525305434378
11.526666666666667	-73.8509364231702	277.4907139367416	3.1498331065001155	-0.47812663092488167	1.7197146431740282	-1.2652510953196723	-15.06846964196516	12.388086798269022	10.03965658188127	-2.5475850645162756	-8.62015673242216	343.3823041436195	-24.8136546946899	-25.515376961684012	-21.619190405417314	-24.610346067071035	69.0501362021576	156.66441408640162	-290.0846856364298	156.41389006136677	-38.906991845191115	-11.273982356415004	-28.881922210106453	-14.243383279245492
11.566689814814815	-67.68828370896381	274.27944098728494	4.295362553462507	-1.275999325258187	2.0306395156375165	-3.267641994544543	-14.636812355847967	12.305875250895284	10.784794262039982	-3.474069989537429	-3.709368158788294	338.0118106392274	-26.02707726933187	-25.673986355703136	-21.726349670557056	-27.02384067380258	69.04448024368017	156.23858853781095	-291.195560636995	157.4643388092481	-39.3985639826367	-11.41578428645525	-28.910728585350924	-14.389331667779231
11.606712962962963	-60.69264895102885	273.2561396107395	5.852134492982903	-1.4598723254607033	2.351954325118812	-3.5766419162574894	-14.431951888531623	12.699320033272935	11.043487699633907	-3.4461531577611617	1.6868786381232468	336.72919812786404	-27.614113418341674	-26.40316117912745	-21.770184378710155	-27.6422631448319	69.04420353174605	155.87703600257055	-291.7291870389114	158.04191372658101	-39.044127311153915	-11.362522533356483	-28.484216742879084	-14.282842039949458
11.64673611111111	-57.87531063107799	273.37695034591474	6.800943454595038	-1.0461158109637392	2.380961475556907	-3.4376010894998554	-14.280167609090539	14.339426916628744	10.780493593835917	-3.1636967174387913	3.1558182598366926	339.28148070209255	-28.965574776610282	-26.811003950224702	-22.164871076938837	-27.988608851810383	69.02832389168739	155.45473619393215	-291.69597608223677	158.05639978735172	-38.27167119532447	-10.203184346190255	-27.774449894730978	-13.547312481485449
11.68675925925926	-59.541811532233766	272.27489687888215	7.452785734084596	-0.4140540477833777	2.0343213062596712	-2.5578571373362795	-14.03727266551665	14.387922318362081	10.102005436380127	-1.235268416464919	0.27034995249547933	342.4960481406749	-30.18290727605546	-24.42566488163274	-22.722955558178256	-27.65024282256664	69.00841911316459	155.24242764308093	-291.5741021085717	158.03529107197147	-37.79319434155795	-10.38867824534934	-27.71386756652622	-14.19697462058302
11.726782407407407	-62.07504892235665	270.4810928944719	8.54228708245434	0.04130666545428863	1.668085676698651	0.6902300859448977	-13.73591760767841	7.840242441782944	9.321311498789056	1.7877799964358698	-3.5457037906848967	344.1891904965569	-31.47879095990389	-19.853090485252807	-22.940950493317104	-24.518005275745722	69.00524013862045	155.39141284047417	-291.607451498088	157.98773319128807	-37.83170995341523	-16.80996412940182	-28.532717579924466	-19.267084103716115
11.766805555555555	-64.29140821000688	269.91984366674535	9.283527479882451	0.17506573957124738	1.6513784289583198	5.494025296181798	-13.437103405741652	-3.5349247472430143	8.424494250925632	3.751820727210274	-6.423435994186718	344.1058845224759	-32.170395792441354	-16.693873329405264	-22.924003594364606	-19.389886327561427	69.04019756796342	155.42772546130914	-291.79230770108774	157.4669105855141	-37.98538936268578	-28.101703136229148	-29.535550603345982	-26.862366217634303
11.806828703703705	-67.22148879209955	271.05100069095744	8.357738983620896	-0.01607383074890421	1.857855963520437	8.82707523507628	-13.145459065049424	-11.553219958490963	7.079306239183035	4.630019487611226	-8.729406276797945	342.5067596431287	-31.47912740345882	-15.672919600113374	-23.10946415130347	-15.802318100969941	69.06387968380126	155.03082406014667	-292.0419190648007	156.60947745674076	-37.8912980936899	-36.3241845529153	-30.39347094904049	-31.404772415620272
11.846851851851852	-70.75044464957907	272.6738743407673	6.144073796145382	-0.3700041278542688	1.949651852557023	9.030006104857044	-12.801567293725563	-11.46451018680681	5.533707208888879	4.710222084851027	-10.76932317684819	341.59011686674194	-29.78326746332216	-16.112215972925952	-23.41980650581104	-15.758841850863476	68.88429866265876	154.611488324631	-292.4141725055099	155.85960256604966	-37.655842567515435	-36.567385987452965	-31.41650798939564	-30.896317164613336
11.886875	-74.2753937579576	274.00479385791334	4.536532361527328	-0.550658417233819	1.944552240429477	5.7233153783049175	-12.540149229530503	-3.1395021276539237	4.575491413346434	2.181717093521118	-12.572328360175575	342.7790010593708	-28.36284814996651	-19.802060667488163	-23.489139558542746	-19.551398427282564	68.36448589635052	154.56901562043134	-292.8394766568658	155.25712827461663	-37.63935113858611	-28.582328083693326	-32.63982069770887	-26.460453262903613
11.926898148148148	-77.20864405847317	275.62710389162123	4.302550204666261	-0.15191909269137	2.0241807206337614	0.3515949029439381	-12.533191626703761	8.721030208159341	4.371920747051888	-2.7659032419272935	-13.64305823541821	342.6364160983856	-27.82828733251081	-26.101079059595463	-23.377910939973546	-25.314385929907786	67.61609279276675	154.7095468532421	-292.80968499488165	155.29895969971926	-37.9173618683477	-16.962769856127878	-33.562320015663786	-20.521469973707198
11.966921296296297	-77.56194130741959	277.1217136802536	4.528886414030156	0.7377760143119074	2.2899398235454376	-3.307820846182979	-12.443617443464975	15.898585208579405	4.084927134440885	-6.675169409925784	-13.023145620164001	339.4836901473308	-27.757935189184494	-30.30285674860579	-23.20178329017041	-28.988749348649463	66.85307343160868	154.75697081193326	-292.1389259608085	156.4705852653798	-37.991731299667876	-9.797162272927409	-33.977840441481845	-16.991944903139554
12.006944444444445	-75.7589107332687	277.80823101552505	4.530775630443263	1.3270644119108244	2.7870425115179267	-3.852598651060238	-12.247391899357677	16.662971724299634	3.4036509197072053	-8.061907523339933	-12.048853835963442	337.1563499808221	-27.68000366463569	-30.849959069883468	-22.820882448691563	-29.483334430102374	66.25309982610341	154.7341162199072	-291.53177800014396	157.6281382231905	-37.86255862889226	-8.956738358885843	-34.24986065040966	-17.03596348828013
12.046967592592592	-75.97387901948564	279.0402744130501	4.308452952629052	1.476785853819239	3.1730542975787297	-3.375338890041076	-12.711369786874661	15.557145947690564	3.225263815467888	-8.517793100427344	-13.265343218832726	338.0635826586774	-27.341414470173277	-30.534348571748055	-22.43832866650405	-29.151070657977485	65.92796891557097	154.71082447270598	-291.6911797744229	157.5175094167107	-38.31355460781319	-10.01986450180027	-34.48204122163996	-18.449462902905964
12.08699074074074	-78.89940816816853	281.2896755941001	4.122529298636412	1.8686452808030845	3.3110883773643303	-3.30425790164909	-13.613890468160685	14.919937010858778	3.435843251925915	-9.091818848131883	-15.791936094469136	340.2476364159354	-26.667992581787914	-30.97208744772908	-22.175941165386035	-29.118741589541244	65.83761736333037	154.6599030632339	-292.22868727936765	156.81691385546196	-39.09900369924249	-10.562573425106137	-34.6010918727074	-19.644546877735934
12.12701388888889	-80.38383811219013	282.9383953006769	4.386327062198329	2.4550798788280646	3.96376238172364	-3.2975621372257002	-13.689260308549365	14.666945254210171	3.171998614090381	-9.413291538838763	-16.227336912335275	341.56113950407433	-25.91412249594063	-31.430589858508952	-21.509297780085703	-28.978654796044466	65.84610870694677	154.54362295060477	-292.3685443057838	156.65983704694509	-39.16378318717594	-10.811961189066992	-34.79801897376447	-20.238546434903455
12.167037037037037	-77.95357005115484	284.0481028283747	5.035759184650416	2.7146130395039054	5.291805459091576	-2.9241243687410403	-13.029038189493553	14.6311289869964	2.952229332547151	-9.304904254263603	-13.182344968227483	342.7681626636593	-25.334929597309696	-31.30693123611482	-20.36161388319367	-28.588442235214288	65.86735135084018	154.45064517664582	-292.28656484652294	156.8038491297055	-38.682843200717556	-11.02334673103499	-35.07292980849644	-20.33252893244544
12.207060185185185	-74.2568669933968	286.39578996143416	5.4304807945455735	2.650478520177237	6.207632879567766	-2.5723754554719793	-12.806192614289806	14.375910114716541	3.048094167356449	-9.179238388766455	-9.299099287457167	345.5532284178298	-24.86400317816343	-30.94340492692362	-19.441430389693025	-28.18626531385462	65.87163405415951	154.54678272570555	-292.3865590492223	156.8114199366671	-38.45491186648846	-11.270715397846843	-35.34702319784897	-20.455600563114103
12.247083333333332	-73.5635099890569	289.05930167146346	5.423523675374791	2.6363752221972003	6.37018730905183	-2.819684597966098	-13.166137046659163	13.610284263847811	2.8444492596668143	-9.24872098095874	-7.866297765165214	348.2440643089879	-24.368597411025704	-30.800385572163208	-18.93463648473059	-28.12017217709176	65.86187145078313	154.84232010163458	-292.21418102859803	157.0481706788142	-38.471122881517786	-11.694425842540653	-35.70080085965482	-20.93680143442556
12.287106481481482	-75.88421259342005	288.61158709315225	5.6936392898636745	3.152956413053075	6.756523258334283	-3.3453448300586017	-13.49325954625251	12.792320351739383	2.6915093175313003	-9.47902686756711	-8.383010051560149	347.06938058008967	-23.938286317706186	-30.889886058084755	-18.241718032229628	-28.349877549944566	65.87318112409991	155.1538786737844	-291.6002630847563	157.37101884322908	-38.492376269870064	-12.215172873021274	-35.984709788263544	-21.64599092702828
12.32712962962963	-77.81495487772774	283.56131153816955	6.496879458127303	3.5056305274015567	7.649174873267925	-2.7730779746641403	-13.517106990574405	12.411320828850725	2.9174938642305377	-9.751639227629331	-9.188671833625051	342.67006351070944	-23.76331885502732	-30.677435347730196	-17.269110686971587	-27.692031157423187	65.89736557377132	155.2988829484721	-291.471437183348	157.27674075755493	-38.43430053017774	-12.509999963571047	-36.028549078238186	-22.274137601712
12.367152777777777	-78.16434370634643	275.6691445404123	7.0411611954975255	1.5139684420786588	8.147701643170164	0.03107703056444662	-13.218996030441348	12.275453181312239	2.7184711036790463	-9.73201345824157	-10.473779871426771	339.68157451386156	-23.76277057847193	-29.686236774878083	-16.72738964083672	-24.839603503007808	65.85849809503034	155.27312530715145	-292.1212020973272	157.1934904240445	-38.08871341657097	-12.548026053370762	-35.96951189306593	-22.566724289645393
12.407175925925927	-77.94523651540405	269.5560411589538	6.828650576647442	-2.8006889866535736	8.026708052594067	3.5528653486008284	-12.605095910610038	12.091803773898821	1.692731525841419	-9.484032294736085	-11.47144428285766	339.50264823002607	-23.595419660412716	-28.437765908769634	-16.76260522744542	-21.237719411378905	65.81492904937456	155.21800616484126	-292.3381623038629	157.6721209804609	-37.3985484600114	-12.592818947910459	-35.98309196552282	-22.58459530423876
12.447199074074074	-76.40422716711734	269.28521308211725	6.374980913704702	-5.447190128473446	7.865838268541496	4.5670007082002355	-12.058901161605965	11.947434964089835	0.6004380129669351	-9.572366498072082	-9.80581035021379	339.6448314105029	-23.155828622802687	-27.793691166040972	-16.74834834985647	-20.068329216203068	66.08675491084018	155.32818378431347	-291.43515418378263	158.42895756989498	-36.705980429519954	-12.598486749368476	-36.082136008964994	-22.58752683373011
12.487222222222222	-72.67518982633266	272.86317368465603	6.230353592648288	-3.0424339585292235	7.795444348699428	2.780885007504104	-12.467840435071277	12.02488306645729	0.6874509986204116	-10.115864075052329	-5.416534183580026	339.08984625243846	-22.71155286180843	-27.8419767794403	-16.490142175998557	-21.504777173406822	66.90598502415777	155.71652039112973	-290.29927172070614	158.94489533385433	-36.74345241140698	-12.209038647916174	-36.01499801743935	-22.53322140815149
12.52724537037037	-70.11967572344794	276.24397666307954	6.438250177402447	2.5151640954715053	7.734043385210552	0.9768870828933033	-13.974098897994958	12.26595612314406	2.413426954389969	-10.573913436589587	-2.6105261895615683	339.66538122431314	-22.531767467382792	-28.314291914227383	-16.285124392404356	-22.92050565064639	67.99562409780738	156.183109708168	-289.75160002438196	159.16194840633358	-37.79836498610581	-11.539271837778855	-35.44670105631889	-22.2048155330518
12.56726851851852	-71.46965493031708	279.5508118463103	6.619210779845217	6.669190798906727	7.697306656971675	0.6601810334741839	-15.176014707720702	12.323377668610851	4.19468623541877	-10.526184669433608	-3.990607053424668	342.1319023433314	-22.527998433941974	-29.046227302787784	-16.22659856338737	-22.923952829376447	68.7720228459333	156.41620332459317	-289.8105215936675	159.02648722613145	-38.786871786838674	-11.29908850679432	-34.580122680935006	-21.8167211432136
12.607291666666667	-73.69433844186834	283.1829637632155	6.319160572458709	8.176300697842429	7.500048703531975	1.027205578961663	-15.128170896970996	12.39271027492329	4.267659764976228	-10.285862276020936	-6.079870496840627	344.32469636963833	-22.374404021645546	-29.7534449843768	-16.252370756810507	-22.113974785944436	68.99330181890308	156.41355204143187	-290.2804968945567	158.25860044153274	-38.70470415644783	-11.32999235020526	-34.06332086860181	-21.441157177049107
12.647314814814814	-74.82588714360955	284.0544552202559	5.52540850894538	8.066154824795893	7.0599174495902	1.2404018934334669	-14.71050924267219	13.23187140720645	3.5122939051703934	-10.113353282101556	-6.781732738479903	344.480809075626	-21.95826417848552	-29.765708657503865	-16.43771935895188	-21.644572995035787	68.95220893202512	156.34074144766473	-290.7498432550946	157.31310119226248	-38.18471696209964	-10.523117995077982	-34.09474372779914	-20.366233452921122
12.687337962962962	-77.1682228939016	280.0712215261192	4.509301198819926	5.993653258875453	6.533821561783607	1.2523565271739725	-14.774134238953566	12.585756958968366	3.7016483540742753	-8.40391595450227	-8.542585864142595	343.2563058337479	-21.404949942555305	-28.133599249999747	-16.83350731615772	-22.043725795412584	68.95550819766385	156.34817541199703	-290.9129495594115	156.9690142319195	-38.07254632429898	-10.979453557880674	-34.116517476517345	-19.221952691460515
12.727361111111112	-81.11384802760165	274.6565056394776	3.62288105415808	2.4583273877281306	5.878252201818812	1.1172204323550747	-15.019614228142173	5.526128980239382	4.650733986971746	-2.95971578399472	-12.019378176476366	342.2038008542918	-20.893708644607642	-24.93183398879887	-17.279069629590538	-22.47693530415779	69.0066220897708	156.68765138192478	-290.7373445694512	157.3937895193884	-38.220376499092296	-17.65268065536766	-33.523688238468864	-20.606482633228794
12.76738425925926	-84.05795928549313	272.5033108982978	3.175761776992193	-0.019279152620428078	5.039441050476513	0.9208935771126721	-15.01533401649846	-5.83894572961045	5.18814835224453	3.8645216174499275	-14.851617826643462	342.09680943831296	-20.616559975646524	-22.025094969201675	-17.62307692672789	-22.05907061160164	69.04625651186136	157.34691825355355	-290.2178772348576	158.47149871261814	-38.27725165826486	-28.461887253980137	-32.53719357223183	-24.623912794574636
12.807407407407407	-85.36096321368468	273.18621856235666	2.833753372719263	-0.22263260159418632	4.3955778504567755	1.031611002362417	-14.961017803524712	-12.473989165170558	5.542814368222881	6.827814349057788	-16.141621889773475	342.1711311263473	-20.583227298662578	-21.051927241074935	-17.947903405613985	-21.268177957677935	69.0808944015585	157.7440636468196	-289.922859233486	159.3181235275057	-38.24873628165352	-34.75501881833924	-31.704905444139683	-27.92082331223166
12.847430555555556	-86.37479409646883	273.85372082955973	2.144309421942493	0.9666066496809939	4.2284512940119745	1.946829162851585	-15.304536028135853	-12.192855895120944	6.991932871483041	5.814916878379213	-16.82039446408656	341.6664369363961	-20.60236667874686	-21.50524581972776	-18.300472836869417	-20.545202798245498	69.10345860504566	157.45585817320335	-290.48993813386124	158.8246255117238	-38.464256502963664	-34.740860808190234	-30.850217610212056	-28.921925999860164
12.887453703703704	-86.75741102854096	273.9701459869223	1.6455749788620075	2.253404863969867	4.276023864452002	3.567638106743656	-15.632383177513356	-10.681764321514269	8.918895384281424	4.666483155821173	-16.84012447450641	342.2920640243476	-20.5293307209962	-21.718855247077684	-18.436911878670585	-19.510950520739073	69.10771601546165	156.9139288617493	-291.37044360662793	157.7135271319603	-38.74812288932317	-33.73766683940809	-29.79772272491023	-29.12665696387161
12.927476851851852	-86.53032923309716	273.80592635307517	1.809318815628947	2.333327539005102	4.242512624690751	4.214829011899588	-15.133165725065428	-11.063270649335434	9.214790098231923	4.785224994349881	-16.653954023382084	344.98544747018224	-20.379019767803698	-21.332947635880032	-18.314420492971976	-18.965114712174042	69.10687600440842	156.82403085802366	-291.7351903477623	157.56176627878546	-38.20201706794498	-34.24366205186692	-29.091057738381906	-29.480560794022352
12.9675	-87.49985423502669	273.22598998539615	1.8585588668469	0.7074358463218815	4.144340298260182	1.8812475525527497	-14.260208828011349	-11.679785827306063	8.333853091210363	5.010729508113075	-17.77961216364848	345.4677763288234	-20.308204444094414	-22.04741828906657	-18.42120844760828	-21.059382803680663	69.09624296138853	157.03632754276305	-291.6877559110286	158.44608660583606	-37.18451973806627	-34.803522291960704	-28.86536912674933	-29.47539352567867
13.007523148148149	-89.74701571405139	272.74905137181185	1.1700558276215847	-1.4054361076395943	4.197024484684843	-2.3121174491482614	-13.943880694720738	-10.882584897268709	8.540875097862244	4.590605326709786	-19.90471672056634	341.1160344199773	-20.371015567037404	-24.026055248504164	-18.987667500168186	-25.51432766066999	69.05565217623997	156.81077912795695	-291.6329505743223	159.24042138651714	-37.155379819945026	-34.345019527232225	-28.605219076118956	-29.025875531889227
13.047546296296296	-91.10983644778536	272.9303152411943	0.3161440196750358	-2.108259713369436	4.48977263301712	-4.012313036976926	-13.859528038389886	-9.748552459640734	9.541193926108651	4.248127467038231	-20.976167213245105	337.31938505550687	-20.29449978656521	-24.21835969584255	-19.55042548710415	-27.988899551582904	68.98182483722054	156.17763652487196	-291.6377783031953	159.4190071357783	-37.845942633579256	-33.74070870923377	-28.295344397093046	-28.790203087139304
13.087569444444444	-89.73150270118956	273.55903513622235	-0.3151425831257556	-0.6725880255092247	4.503654902406191	-0.6077220182204328	-13.345852756209345	-9.693728766314733	9.477522215573131	4.586531342752327	-19.355991819954184	338.62175595354887	-19.896706715357993	-21.649803373558953	-19.939507406705047	-25.03661918151056	68.89903081904369	155.7888233314574	-291.64156379448764	159.49453840040064	-37.82686085431659	-33.89106914213909	-28.303872692635636	-28.97979216049366
13.127592592592592	-85.53614111225437	274.0237810885555	-0.8207667018316784	1.4703008262563901	3.749199677337566	4.989872217895464	-12.865489844033458	-10.179035376786404	8.513583019974103	5.1535664399216	-15.271463650364893	342.2112852694574	-19.74934615279119	-19.144348981407234	-20.55459638339829	-19.32213954927309	68.84693526366914	155.78736306461678	-291.63563370643243	159.54412122618749	-37.165574076867216	-34.31360024320949	-28.66631940100463	-29.11352657660315
13.167615740740741	-79.69927159081594	273.6108817902603	-0.7451976928404029	2.4712680833600427	2.729704128375339	8.055295266282611	-13.017864483430428	-10.361201879662962	7.904909416346204	5.490942418261226	-10.302223751722366	344.259175443029	-20.556615438804428	-18.33364547154366	-21.348245805217715	-16.063009897363344	68.85325640509171	155.89426504924776	-291.6315801360159	159.11537145181524	-36.81316465975105	-34.42852133138713	-29.192800313414253	-29.120977286591085
13.207638888888889	-74.92801082229096	272.4404485812953	-0.19289273135618898	2.2379246141005322	2.1044461920307964	8.145071272474974	-13.20562535710982	-10.178812995670972	7.5351410082824914	5.1951576091165474	-6.716567369433122	343.75799874407613	-21.784023583433893	-18.365541003065715	-21.99015349462347	-15.976899992468276	68.91541643929958	155.8803019749842	-291.6316895316599	158.5737136201396	-36.8276992580619	-34.305669036964275	-29.76170833937381	-29.459123796123734
13.247662037037037	-74.44844913371465	272.36058825434804	0.046767828953344776	1.2295080275164547	1.8886005685260376	7.666234594156033	-12.63171822078035	-9.588172534295564	6.6593044774618795	3.6406463054902805	-7.023346527513922	340.8776355788838	-22.585448790754327	-18.466170486781337	-22.54096186492079	-16.553267754161766	68.97230106421935	155.57323739115105	-291.63688342261344	158.42750125953975	-36.77667819609431	-34.03143405585463	-30.401847412262825	-29.706482468299242
13.287685185185184	-77.2628538347854	273.9407270558057	0.31284978508987826	-0.10287018476869711	1.8493157349982534	7.686600035954283	-11.689838032422575	-8.82559331919605	5.364300226871258	1.1821517349041097	-10.641316946196781	338.1437059423314	-23.373732039799393	-18.439948615200578	-23.060051553555354	-16.652461695263085	68.88534919056347	155.08781904164942	-291.67268897299175	158.4404046874782	-36.597692845609714	-33.712189055799	-31.24542664950563	-29.37815977686583
13.327708333333334	-79.35028835357458	274.54010334341956	0.863692075153338	-0.5125333362236006	1.675448899585178	8.166219944134935	-11.23795051970205	-8.384119256026596	4.161498542782479	-0.15141264075698949	-13.789444077391053	339.091001339608	-24.417548790719977	-18.068923699676247	-23.5579992199512	-16.435738132764925	68.56977979577117	154.76357213639386	-291.74081229054815	158.51527306141617	-36.52010838175798	-33.528902658770505	-32.31235281176349	-29.472362081654467
13.367731481481481	-79.35066612848804	272.8886488461554	1.0750533968212306	0.14997257281919021	1.3340721981381514	8.89221329813694	-11.408861000941625	-8.203023018640561	3.639808524235698	1.0955959094884378	-14.445888160128234	342.559480181812	-25.122609771525973	-17.42593578422158	-24.08121936111573	-16.30660223151412	68.11776162973389	154.62659877492095	-291.62792662085144	158.94381325857591	-36.76163167820492	-33.59779275534436	-33.125753191809	-30.266736766948227
13.407754629629629	-78.8812752941384	271.1279032568997	1.2741601104493459	0.512300947845735	1.190971401698559	9.407922083633933	-11.816042404598464	-8.092464790377026	4.0300347876187965	3.718324094062326	-14.35917353986143	344.54654133948253	-25.608324744077308	-16.931848987715327	-24.333131885124175	-16.501455339111374	67.66258255380171	154.51052741852092	-291.17048064586317	159.3254765660128	-37.30045051149516	-33.98211695894746	-33.271471838328495	-30.25526406940611
13.447777777777778	-80.42283788925334	271.2889771751325	1.8164099200211001	0.2647953463691198	1.1963379480474994	8.848196237162492	-12.24114844529001	-8.717688976142455	4.635042118902539	5.52051163420635	-16.705059080832896	345.07218371409647	-26.17707385069923	-16.74256199933572	-24.161072684217928	-16.630056230792448	67.22736172683022	154.40989763672053	-290.9406276048601	158.64497721811068	-37.97970729429356	-34.272155869041484	-33.286434575528105	-29.13670034500197
13.487800925925926	-84.11107618914703	272.7556001235935	2.0147669485091075	0.07932712449862968	1.0563305044760636	6.5062646909037545	-12.786044874111026	-11.419485653092293	4.848928529208335	6.055620558822566	-21.278378167891887	346.2456192373382	-26.367442792922418	-16.485675651698926	-23.971229054932735	-16.247653537612337	66.77478762810654	154.33426803703406	-291.5261350552379	157.02159513911542	-38.66135547953138	-34.35995447938748	-33.8251779260988	-28.334163117461742
13.527824074074074	-86.82471821144821	272.7042103976543	1.9254924714124007	0.00483206915634977	1.1053575207657498	4.225485719571152	-13.28441106378522	-15.253079025327368	4.81627385985514	6.801455662820282	-22.68882745280284	347.00172422137376	-26.13265393361951	-15.614313379755586	-23.97775843955938	-15.626683991637776	66.32864850641431	154.22353075753423	-292.20178236087236	156.04838723231734	-39.00335449406592	-35.21006551790683	-34.53944259310809	-28.344390959641686
13.567847222222222	-86.86097998604933	270.992012587199	2.3003269715667307	0.13204163019221946	1.6842200967540741	4.261343351776864	-13.2313181406214	-14.399583371738624	4.738639862790972	7.262534644206978	-18.083770330775536	345.50467435496483	-25.9732750623333	-15.501634231406356	-23.945143685617438	-16.324660936297704	66.00299581391826	154.04568743650339	-292.17754743181825	156.70345260361745	-38.85918176486297	-34.98846790744757	-34.724201052751695	-27.71601824163477
13.607870370370371	-85.62295110934468	272.12146368108733	2.9434596800459727	0.7824125015539938	2.281850859717599	3.9813172777372845	-12.915485038602968	-4.430824062466241	4.6074321516337795	3.785580870985151	-14.012197219337992	342.7848910066277	-25.98075518797374	-19.33483277991226	-23.7617819145988	-20.117146945762826	65.8613332494779	153.9415619402874	-292.23710259548335	157.79916052084724	-38.750731914979966	-28.59354140640309	-34.53198858388099	-24.81818188432186
13.647893518518519	-84.43686950906131	276.94447817078407	3.1750296156351396	1.3325584308723666	2.356424671091063	0.631216267659224	-13.200495297233255	8.69750646883935	4.432915779911276	-3.6873912624766514	-16.061041861123343	340.96522885263863	-25.96521868885266	-25.87279061268245	-23.478325606496114	-25.44710090391183	65.83452693922499	154.16985965346234	-292.90321469506455	158.0033188617295	-38.96036399371992	-17.430219548028973	-34.467840576947125	-21.120253992755067
13.687916666666666	-82.85158979851236	280.1079688219112	3.2411400095467906	1.2513469173697949	2.400363386941279	-2.7147895324062934	-13.921991304536647	15.306620227747407	4.432540733373166	-10.213138170441049	-18.768151317165703	340.5673558935776	-25.883860882368694	-29.593111348788852	-22.925669426307408	-28.398419303987822	65.84479268982157	154.6919018335791	-292.96242070510345	158.24503076938726	-39.09100374906082	-9.912836963098101	-34.38239337117821	-20.125227460223897
13.727939814814814	-81.22738085745114	279.82349056950966	3.763803075374128	1.2562304003740832	3.1297414252368494	-3.3346013347757535	-14.2188650762217	15.447695981096444	4.701331104769731	-13.349024038273132	-17.781796887977592	340.8932044831349	-25.78897728050407	-29.58013942181148	-21.98289983929925	-28.42595205783607	65.86238236580868	155.13372905798937	-291.9038183896694	159.22766958932175	-38.98904616098197	-8.475805302775754	-34.288376361469034	-21.82362543643704
13.767962962962963	-81.42597104940293	279.4238712189872	4.652580184943859	1.6733728062968583	4.228787797587452	-3.012432635857172	-14.10813119073775	15.381735169857164	4.79668198111498	-14.657749002373688	-17.218352545034293	341.08515178431617	-25.74182823089103	-29.296112976952315	-20.88491707642413	-28.036940605062668	65.8626269220341	155.29450422903395	-291.01961947919216	159.56046165924306	-38.91557183387489	-8.483025012230712	-34.555597128804166	-23.135758850238844
13.807986111111111	-82.36353510533458	278.71464233687027	5.6465689951729985	1.7401823929037978	5.092585653341611	-2.5222731236854794	-13.999932254254821	14.968191778885776	4.478267550034947	-13.501705998899551	-18.33233854876609	340.499780814497	-25.741187797620128	-28.92252464559023	-19.834599373091095	-27.467928859860066	65.84985740044615	155.3049382121472	-290.9275060641307	158.9876756000147	-38.953022639667964	-9.523112107494725	-34.841924631213814	-23.026514907649357
13.848009259259259	-81.37110008166837	274.8017179551515	6.477146109145691	0.8468380063288359	5.7806837730828695	0.17698434569778787	-13.530525107861411	8.514971436434799	4.1055358017391	-6.053712799868741	-16.67288302090867	340.0537437814457	-25.63640669025513	-25.62288511240338	-19.00194830970152	-24.781821300704834	65.8604126747089	155.24219379231994	-290.947995428545	159.00380183215552	-38.90141949465669	-16.497638847398946	-34.70111908378904	-22.582436928324242
13.888032407407408	-79.93847921200151	270.1504163955676	6.6990895130167365	-0.5757933415760221	6.366723377194389	4.095613445367264	-13.093593050136528	-2.796618798226418	3.936722753288344	5.584766149521623	-11.856774108619248	341.11544747475665	-25.312796084105344	-20.29711332105485	-18.611504198230207	-20.836599310081198	65.90496724806125	155.10106581138518	-290.8030301637992	159.74849167978107	-38.665860389745035	-27.81200229983243	-34.421818461943275	-22.231303467974143
13.928055555555556	-80.74366738405027	269.20816803376425	6.468571535630239	-1.5152037372380265	6.365187776776082	4.989331197527704	-14.312191589672492	-10.91653618469537	4.018874050875911	12.856065946932768	-10.026744000768588	342.72028989442066	-24.839799397072923	-17.249997896899288	-18.43913300397763	-18.833363370940006	65.9158509119346	155.16976599021538	-290.7333708902147	160.10079326736553	-38.51500238225222	-34.7431762892418	-34.333255040289814	-21.70849790557054
13.968078703703704	-81.43474156176978	270.36431718603745	6.431633449774793	-2.2433629072199723	5.657249406963582	2.7852774200043937	-16.621074910036455	-13.206177866027899	4.3233673089332365	13.934013335060117	-12.588080216815271	343.3508500579963	-24.42241560015478	-17.028968790970538	-17.982006731292458	-19.241583156513926	65.80686171842392	155.67369919865067	-290.75294718070586	159.8159634822154	-38.66396798118477	-35.21726119821372	-34.341319072143634	-21.18333173025826
14.008101851851851	-78.88013685165821	270.3317854570509	6.72826355065928	-3.5083954772213324	5.400297884107762	1.5335494661329367	-17.31048273156847	-12.589437576713436	4.782050206633137	14.034204842218843	-13.183485635015487	343.37180751679944	-24.29769515800544	-17.13624751912107	-17.31382026947128	-20.196346867261397	65.84927307897004	156.23408188419359	-290.7461581176874	159.59104710310882	-38.9874762646713	-34.27557649228919	-34.225943866307446	-21.23400289615209
14.048125	-76.04781388348661	270.58056246639126	6.8614990297368506	-3.652457305109096	6.247029486119774	2.3408706847695777	-15.904113969394496	-11.318086352257712	5.207007644298929	13.007833374938228	-10.725717640056857	343.68993553316835	-24.369828993430218	-17.251153768682542	-17.093303044114677	-20.93420888357474	66.63178809714013	156.43612022761067	-290.68764196576825	159.7064814273578	-39.184567987097125	-34.58473870784553	-33.98482174467681	-22.034838143954133
14.088148148148148	-76.74269167571039	273.4438006013568	6.573122381719312	-1.261819888281846	6.9352321799757	2.7534337930675776	-14.485598660261514	-11.063623120028213	5.114066069888302	5.664189767727648	-10.328888503189148	343.87263897953005	-24.2848667158824	-17.939570793934877	-17.461606143083003	-21.822930300979195	68.00000725317838	156.39353621391143	-290.649457953854	159.49376325572706	-39.00997432732291	-35.886475449805204	-33.939667404259694	-22.445076177167508
14.128171296296296	-79.26469342160694	277.25911023854485	6.2278536767636705	1.369172885132927	6.624601635051676	1.5704313753978392	-14.338998804022896	-10.105361973561704	4.49922720800855	-5.970220997150046	-12.594349300756178	342.5446693005765	-23.992524932227596	-19.49584037828724	-17.754779239651555	-22.943227626170668	69.0075843124244	156.36030574517451	-290.70361879119326	158.62844501782052	-38.75189613757783	-35.14604384702069	-34.24054318582732	-21.152843821700188
14.168194444444444	-79.92993964909633	278.5197724285256	5.927955176142786	1.9877870838789822	6.08001963053822	0.15117128293340448	-14.723227245953808	-3.21097258645521	4.239897253792759	-11.459264406983383	-13.498858537385217	339.9581988861967	-23.665433377061873	-22.15118659546353	-17.77745891869408	-23.647911301656436	69.36002458655312	156.38066653760433	-290.77545351687417	157.97230220356107	-38.83941605996958	-27.56706024246374	-34.31401223647225	-19.817112528869472
14.208217592592593	-77.98464603340143	276.0762733819735	5.3279813678693255	0.7424466918210333	5.727690012750469	-0.08039962285538578	-14.714654012265372	7.672086530833384	5.008865855673644	-5.847349088967081	-11.439249695497224	338.4589558880311	-23.420321252497132	-23.290564244350932	-18.085603562725453	-23.21388487278061	69.5403388687863	156.40250115782834	-290.68772104892275	158.1005150588318	-39.00880337701939	-16.04804872743587	-33.515655429018864	-21.929361774580528
14.24824074074074	-77.29531975329988	272.23623125810656	4.3783636355493325	-1.2739562921921328	5.091956204625313	0.528389599012472	-14.72096840818964	13.761857686659463	6.207768399653862	2.637996050267014	-10.565054825373977	339.0864213863097	-23.19075084833699	-21.373983823462055	-18.814321084398784	-22.26318700190697	69.81884499305144	156.4062110475473	-290.520917924146	158.45061466798154	-38.92007958385575	-9.767260338503249	-32.41794715580875	-25.8947626120584
14.288263888888888	-81.59735192044266	270.7121072717275	3.421607017747634	-1.8771076989271034	4.227088187228754	0.5534015082184739	-15.203621523955634	13.57147943998942	6.79216066381316	3.302850702585913	-14.856559915667148	340.32000183996394	-22.810804693196104	-20.694000003187938	-19.460479648080153	-22.441402022074257	70.15577612756867	156.3916198008352	-290.6710745570487	158.53589634507722	-38.82140296027431	-10.026351316932505	-32.08402262008374	-25.396320826875325
14.328287037037036	-87.70288930062159	272.428109230235	2.8674758079899343	-0.3304678074001747	3.783516193097368	0.18178937722669597	-15.482515720766102	12.316008050897533	6.99772955684163	-1.7707391464689437	-20.144796179969518	340.85350225629026	-22.57778523925255	-23.04220282034906	-19.691020993492188	-23.277015914730967	70.42782068687876	156.3707105411388	-290.9562025713621	158.44828219797742	-38.862284407775064	-11.316349865041786	-31.986077838749125	-20.14160921043691
14.368310185185186	-90.28711975982102	274.3678676502121	2.7315988491138063	1.2173250528147186	3.745496262303393	0.6544600743790435	-14.943617742696985	11.889789864997898	7.457879780999304	-3.2325740104203935	-20.346082341748527	340.89955120186954	-22.812131866992743	-24.30756640653739	-19.650894121719887	-22.96233536295611	70.42713272864019	156.4325562703359	-290.66542478657374	158.3182067479243	-38.80578951450056	-11.587491216981562	-30.98821213921147	-16.259018511171263
14.408333333333333	-89.31974744581875	274.28152472741857	2.9060433854510386	1.467851325618732	3.7004776857746418	0.5785592403312845	-14.22705012952866	11.489103838431438	7.9365143247095835	-1.354225983361262	-17.949392461593746	340.93587496080386	-23.170160927462334	-23.461575868752632	-19.555821514357717	-22.823509563012607	70.1926238924195	156.66372364040507	-290.0099598257781	158.33605361128295	-38.65006637281304	-11.703213503436046	-29.619026148411606	-15.67083187517423
14.44835648148148	-87.18915695915238	272.85769566759654	3.6635181562145376	1.214886979815348	3.4733404166403807	-1.5387353508083677	-14.263948693176621	11.091849554337418	8.420400867847956	-1.3889562127839943	-17.991632111361014	341.0624775792542	-23.566138800294198	-22.814285204948817	-19.47397059781862	-24.663913158583867	70.15367094758624	156.91004348523273	-289.80746466695996	158.68788249258984	-38.58559511779973	-11.919826442121717	-28.96133799675772	-15.764294827187072
14.48837962962963	-84.7541078888091	271.79326428251466	4.6118419286642665	1.4066674830526882	2.8909195418215945	-3.5920391555053213	-14.747768241980935	10.9180729014924	8.99574374693731	-1.620711745323697	-18.898728477928103	341.7085559769655	-24.267655225517444	-22.0296813239069	-19.63870152027185	-26.575752766283856	70.48994457698478	156.83433211680747	-290.09261111387576	159.06082984708206	-38.616073310867435	-12.185033272945404	-29.073825259282643	-15.563723167974317
14.528402777777778	-81.99687350477645	272.8084176068575	4.617783746821276	1.7327094128636045	2.3036783283556854	-3.9387680816787913	-14.833525319937214	10.9962389921238	9.16760862762535	0.12189604362216802	-17.363874474064744	343.2383863766554	-24.859699476530807	-20.796663855485406	-20.309342548424482	-27.00308373206316	70.85355913371657	156.3762962703405	-290.4560651120994	159.0253062929154	-38.68720482482081	-12.445423219224807	-29.502555064799026	-15.390624802201131
14.568425925925926	-79.87053136769087	275.32065795026017	3.8905699010225914	0.9235845316128236	2.300510079105188	-3.7375131177425764	-14.599863525853888	11.248492345802624	8.920910842990066	0.9809957986897482	-14.957353572572217	343.9213500084555	-25.06068139699849	-21.46084998488766	-21.157551241092136	-27.175736162644753	70.96430100661902	155.9280009386868	-290.9492247612778	158.73045808911266	-38.737491244200456	-12.590351252095545	-29.83127512367369	-14.9469698924906
14.608449074074073	-78.73753587473014	276.3939461483686	3.8454978538799387	-0.766350692167524	2.4785773456239304	-3.8387859865398277	-14.449363462261912	11.536000759880775	8.684219094154747	-0.34813857589026054	-13.906174707798627	341.7845919629573	-25.497265108727376	-24.383565457638312	-21.66100994497144	-27.747383833353368	70.9285420227469	155.8204598616086	-291.77048036560274	158.54694001151117	-38.637884003834216	-12.528921446102927	-29.90560313444813	-14.257552714566799
14.648472222222223	-75.3496915078996	275.5079109142936	4.63388364402158	-1.4341511208001751	2.2222769602775987	-3.965608458733207	-14.182846702855368	11.99261627979598	8.515404712518572	-1.873649792896644	-11.877084529183946	338.5649664663632	-26.47180282895441	-26.916770719411772	-21.968754190423496	-28.106403963721462	70.94826341453	155.8554457702562	-292.3414102389487	158.53971687342428	-38.31351972298067	-12.155437289298575	-29.77927685091936	-13.892278118564505
14.68849537037037	-68.49494723303609	274.8582659963341	5.306784006789958	-0.735617167636793	1.9524127105938427	-3.868632848877573	-13.586792488690396	12.739283111067293	8.403458456501758	-2.4131258028306126	-7.806826920912883	337.13734831858363	-27.806529302546195	-27.866714006437576	-22.43604127878109	-28.112581181735365	70.89936316715824	155.64113879468897	-291.9151014775512	158.48396954788657	-37.92842887205276	-11.633449791429356	-29.531909160972106	-13.875045281104391
14.728518518518518	-64.39131149388719	275.38136155473813	5.65461598208274	-0.016925211118776443	2.1751426445562703	-3.6598788032467167	-13.158963025830984	13.605039098058008	8.415612330021048	-2.729108370152272	-6.248583792251679	337.2943952411675	-29.39431598174764	-28.142442329052685	-22.8985732041877	-28.166509768800296	70.34121856604285	155.25617669375904	-291.1593728320065	158.12311053450378	-37.91631982589756	-11.135103770773497	-29.504365797335396	-13.84100612933598
14.768541666666666	-68.13102613040178	276.45294800621485	5.863167785967644	0.13538753062295508	2.340309126110558	-3.847873889461869	-13.432572175364308	14.55284163369054	8.53593817873126	-3.798785794423756	-9.966704762749117	337.37082779286857	-30.34354560631334	-28.44779241064809	-23.1414853524536	-28.534665901874334	69.25221118110296	155.09161363134365	-291.2535052111499	157.58796799745943	-38.435153092431264	-10.386841871583556	-29.898048952463384	-13.754253128144242
14.808564814814815	-74.50426314436946	276.51836383285496	5.949313934316206	0.11657035545074917	2.034773855319137	-4.375883591884053	-13.969389014049328	15.372690337599238	8.5281700092192	-4.166343805908064	-14.580913281920004	337.18482623017263	-30.00700705811046	-28.78241780890282	-23.260186427840353	-28.970544224442648	68.19184622684827	155.07169975505445	-291.83560103219764	157.44677376904764	-38.86888141958755	-9.596793483756315	-30.340488182071383	-13.737518008865237
14.848587962962963	-76.00437969904692	273.54783094848347	6.136058759781562	0.1350606796662156	1.9348533850595957	-3.676401487745509	-14.09674072208001	15.45891905404708	7.912213342675715	-1.8077835813163645	-15.169354922337007	338.13936157169877	-29.420483320080976	-28.820643783146664	-23.251264890639405	-28.94527909680035	67.41811818409525	154.8285311392078	-291.8258159895341	157.92343298782995	-38.71262457345915	-9.529660039678333	-30.8021869966053	-14.072791355683592
14.88861111111111	-74.94751863368299	268.6338166733793	6.322260903999209	-0.18579361102064137	2.488966089540839	-1.0695700297673416	-13.869591521330872	15.072294071362073	6.706277834034548	1.150945685580367	-14.041615083864514	340.6579159983832	-29.122301503274457	-28.51034629479568	-22.935194084390673	-28.49660776831783	66.74897885220206	154.4310023321063	-291.46165965229903	158.3806626445899	-38.53335646094828	-9.865183883604871	-31.82506481184251	-14.991156926881317
14.92863425925926	-77.13334300143173	266.19768085502153	6.009929783961121	-0.6697776270441751	3.2709488452879905	0.7325055053560003	-13.615633836728197	15.248917878008436	5.680396430030506	1.7029103424645065	-15.616449846465258	342.08786352203776	-28.421457713922308	-28.59777341476267	-22.427199528704904	-28.172249481287707	66.21028672075703	154.147907147441	-291.69932181042145	158.28068531679668	-38.925057104694986	-9.71127829913138	-33.234052733086	-15.936955118093806
14.968657407407408	-81.18442436848575	269.3949668938369	5.164307482769975	0.14442689914567564	3.6570830965459296	-0.3443290363012779	-13.488219681275648	16.021341103336606	5.360029045225399	-0.20962121364108882	-18.601353445895214	340.5668480529796	-27.414339452076945	-29.81087901491854	-22.227867572998747	-28.127302786139538	65.99617313328024	154.04242148461236	-292.23646293183833	157.8943263618328	-39.43483182129337	-9.289145673298279	-34.08268970288161	-16.128511970732305
15.008680555555555	-82.42885388067356	277.10004242927545	4.494734825731009	2.3778078087542136	3.575308208602625	-2.217819316307909	-13.463691764896305	16.618253737959314	5.556086794241928	-3.6519754643511586	-19.179668464761548	339.26866044318297	-26.878017990282416	-31.536501936036515	-22.378947495708715	-28.21721130439569	66.04285326462228	154.0880082276333	-292.1545806434792	157.66905905717505	-39.51482297543026	-9.139874824347515	-34.02354668478959	-15.792030314339257
15.048703703703703	-80.6803785253812	284.48422473685616	4.8185917476643825	3.8022638521520498	3.7638405479734196	-3.0348568887070018	-13.51032651956959	16.79571891531858	5.783615479883281	-6.71881431640441	-17.435063674485406	341.42953130748384	-26.955362392544146	-32.38695098031745	-22.14027548653064	-28.600649152967776	66.09567912947054	154.18156570034816	-291.8417117710175	157.76421109342874	-39.410925003815464	-9.136300629154107	-33.609122108402914	-15.842473531561566
15.088726851851852	-79.92036743540426	287.953049648579	5.545562058319464	3.677369831276795	4.571635274695431	-3.4496220754016176	-13.641041776958104	16.74552114151123	5.712391374893444	-7.897311221242419	-16.62867948712939	345.1082552735085	-26.828031644662786	-32.201455343919235	-21.283475665502422	-29.272037435247995	66.03580487175228	154.1904693025421	-292.10824031712735	157.87980953615875	-39.479160253926736	-9.145606107830645	-33.38335993458139	-16.52126005419575
15.12875	-79.7831939850867	288.427276396381	5.2983793916553	3.43313336193827	5.388814105839569	-3.6994320566970536	-13.72617259822593	16.546327145305273	5.604957491025466	-8.04863610955686	-15.57001288663352	347.1797033265005	-25.792159555166563	-32.092212285822896	-20.493249544901644	-29.637455535052055	65.94306648919212	154.11794458804343	-292.5728172526067	157.72686188112266	-39.60764967611078	-9.33317156892636	-33.37114004193917	-17.344164317199244
15.168773148148148	-75.38496921020098	288.1480472225439	4.736658800205796	3.673854801871085	5.927753685933825	-3.5333432004998304	-13.753493123462846	16.194499299500112	5.7679543908192015	-8.47104181145575	-10.042319694397406	347.0524417624931	-24.637088345909262	-32.54082530237815	-19.900216896390873	-29.371069774182274	65.91271532952914	154.1641710263252	-292.4678861642821	157.69812757481904	-39.584489475005654	-9.626178761833089	-33.43356604380874	-18.201824136891858
15.208796296296295	-69.71144635910254	287.7146803256014	5.552490843985285	4.238493302207066	6.459177568251845	-3.4479968116993835	-13.896511800916437	15.646194120473222	5.714583812417427	-9.571586400403474	-4.218223331981392	345.5037441571435	-24.504363857176273	-33.019245754280604	-18.951948876968743	-28.850210204958344	65.92873280055781	154.588269543811	-291.7804533138626	158.1322928838602	-39.30768697799	-9.766790422771038	-33.57687399340146	-19.36820497740672
15.248819444444445	-69.54143813164455	286.973963130098	7.336328846941656	4.96569269438028	6.960602976158577	-3.780204544728418	-14.15637246531854	14.879355541691448	5.11835169627697	-11.049985531666977	-4.62470000889337	343.8338627164941	-25.08657991186361	-33.14994602743461	-17.75029334440076	-28.48880041971681	65.91398235481668	155.29037568932716	-291.0681405386375	158.79303828770725	-38.86583752427475	-9.83892592801432	-33.81107662112382	-20.779037002791895
15.288842592592593	-70.66740296577021	285.64991875850825	8.675168489342107	4.084097715593074	7.370696489409535	-3.6012369245335063	-14.316157799059651	14.172153027922036	4.4437499486913135	-12.100277409885567	-6.175848297962162	342.5113343687955	-25.50910536601485	-32.979311972835475	-16.83392706782311	-27.807109359036744	65.87545678985701	155.79569676430378	-290.7406138510288	159.35953172358398	-38.521873352221476	-10.023933224309403	-34.07387069293458	-21.980247771008578
15.32886574074074	-66.53327209268215	283.68684749655034	9.234650010407645	0.425998072529221	7.878168482128725	-1.4123270085504047	-14.105621454548553	13.78688117031025	4.049529244750981	-11.888912673434746	-2.0293320109942528	340.94728238112896	-25.495536691856827	-32.761813328327904	-16.26087870456773	-25.551586096426206	65.96226782514532	155.86103720091648	-290.63846406805305	159.62032104163256	-38.250801206440855	-10.31180569163024	-34.192448103653376	-22.698254076141794
15.36888888888889	-61.55853447094023	281.9481182073493	9.118200891111252	-1.356758776221321	8.321844926229339	1.8268605873309867	-13.708949798114979	13.610185573864264	3.9720590152294992	-10.695962071012834	3.357677288666565	339.2921991242553	-25.083639539461686	-32.86256860552949	-15.965438801024618	-22.460797922054866	66.30602915687011	155.7120770299452	-290.4876609152496	159.5936510596665	-37.99198512199126	-10.647433401490133	-34.08907425766786	-23.043971054969035
15.408912037037037	-61.635321606936486	281.2005142228251	8.500507473568357	3.0285696526429207	8.338841635788432	2.98643196344916	-13.832832408907732	13.532593762066428	4.204587056632204	-9.883873040444254	3.8260037699424743	338.1976771614019	-24.53875179338894	-33.26006564609345	-16.03824507014923	-21.392496181313078	66.86118075578915	155.6209753857819	-290.34773569792054	159.53444849741055	-38.172975672242615	-10.867488844878594	-33.99021149809738	-22.780487169666443
15.448935185185185	-64.27865354290216	282.3710145535687	7.695311818373991	9.182625852630926	8.068232854951484	2.0234506872861453	-14.537031482517028	13.456238266894152	4.599228891010506	-9.72835307228022	1.6634587274752448	338.88687425336497	-24.057896716530024	-33.61812114910819	-16.362590175144447	-22.404902164387863	67.49757781484206	155.5717646934259	-290.2766678695642	159.57065975656587	-38.97683666988874	-11.007069560044286	-33.97347566471689	-21.71600027426831
15.488958333333333	-65.88886331092466	285.9204679930478	6.590637013425369	11.91973816293569	7.69414738413999	1.6852994129390675	-15.091713173212929	13.187643344044735	5.0306059175096225	-9.343775982187084	0.72724906251932	342.1341042109779	-23.383877925289497	-33.78700030836656	-16.79324710351338	-22.789786106024025	68.12509091455419	155.52512349956186	-290.27411967474546	159.52347486330814	-39.79700429189478	-11.29817455378182	-33.88933619797936	-20.611658255527317
15.528981481481482	-68.78919966851521	288.17789308468156	5.192569035893403	11.552328171704756	6.9905257445350975	2.0985527321531126	-15.400270232120844	12.89876974361273	5.529759303815108	-8.69518131895701	-1.3224281086912129	344.77880943088746	-22.53335697787503	-33.37600909402178	-17.340759600805654	-22.241941457883584	68.6379420976063	155.65912131412176	-290.3694811696081	159.085971959758	-40.1117115417903	-11.445292586302031	-33.821060123011094	-19.96910280335132
15.56900462962963	-75.75399217768073	285.06092713429007	4.1333603161021095	9.127519979168284	6.076127341662354	1.5001835221308244	-15.839898848446552	12.942294761277513	5.9776814538796845	-8.419097868416275	-7.766396302072337	343.2729017758408	-22.01245397235813	-31.78626235327455	-17.879044215832295	-22.53037211009486	68.91951432814483	155.96815315689037	-290.4313818071446	158.33854725258917	-40.07638114470811	-11.079446016322109	-33.8752528738179	-19.491032860416993
15.609027777777778	-82.92217874400917	279.3276974407797	3.542803672761453	5.572442754857282	5.477447449171871	0.18534672447563708	-16.149524709779676	13.193644032271743	6.439274177487099	-8.491817548960402	-14.858302841321205	340.01396244454435	-21.935363971669418	-29.317637870628914	-18.39270342938859	-23.663580984841005	68.97944009483889	156.15272024412042	-290.5351390080527	157.9491881689968	-40.01509866517303	-10.599879298536862	-33.609750018166196	-19.12043087880066
15.649050925925925	-84.5371742036671	275.99168957872996	2.9541454860976626	2.48745231649472	5.188125534440196	-0.5534875122125399	-16.099042959536334	13.255413617162981	7.481829924704242	-8.256405147472654	-16.567875266694287	339.1488210826495	-22.030095660553286	-26.84321742033174	-19.076298060343376	-24.37190424264071	68.95313906020516	156.18975368918478	-291.0326110844161	158.21036247957696	-40.00266826751967	-10.579223525207752	-32.43046234992913	-18.839618434529598
15.689074074074075	-82.32440766127249	275.29922075394427	2.524045550449697	0.26559548040287745	4.792911553474143	-0.8859350873422045	-16.103145946254628	13.064035396072088	9.10763219454401	-7.450229467095402	-14.493821360172305	340.4545959575336	-22.17356794255504	-24.84357457238626	-19.648841278016988	-24.593248336223937	69.00926685919787	156.2866255483713	-291.9792766353972	158.3621693809011	-40.00953851716106	-10.975841365291075	-30.77798957897538	-18.42327587770444
15.729097222222222	-81.76317053429446	275.15083789144023	2.7986365609326866	-1.3513526068739043	4.458445153299339	-1.414772787445808	-16.311590646311664	12.847539110545574	10.359109204783786	-6.6091280851609095	-14.218540921647957	341.4146536846952	-22.460651206085217	-23.73728099414886	-19.65970758937368	-25.086973272226174	69.20866173646674	156.27786003275168	-292.91203448773416	157.87581578973933	-40.11444625722835	-11.372493236893206	-29.7361179375676	-17.978172429774162
15.76912037037037	-82.41718439409655	274.3436847865802	3.739820461113655	-2.1758480151261934	4.669951433713518	-1.857083492483409	-16.30275204417404	12.752640872972025	10.687269559193492	-6.014352623355245	-15.622520627867758	340.5674107997527	-23.183510248767064	-23.779395820496845	-19.4466530682151	-25.952486994632892	69.31285668210867	155.91841654989986	-293.2398600475856	157.5339308598146	-40.40488306773315	-11.675660328976548	-29.262510385905074	-17.678319273991633
15.809143518518518	-81.34922546706514	273.1288187046906	4.7154541508308645	-2.14168050399073	5.146365380996028	-1.8613434732726508	-15.817797384982212	12.780806766479166	10.564598738868805	-5.28610355671966	-15.694400533054989	338.5774228787266	-24.30525347473693	-24.545502710170894	-19.604435657986343	-26.687266647195884	69.09814064467469	155.46942545273805	-293.0458468074322	157.87151399532672	-40.61745163180646	-12.060844336829462	-28.62024527281048	-17.35640207689721
15.849166666666667	-79.61086492940076	272.71483574499746	5.308445236992303	-1.6059623079885916	5.121721364025963	-1.7892416029734806	-15.007372627443562	12.730283325640327	10.522551694160754	-4.441937769131881	-14.884530651467514	337.31750517562983	-25.38313482781679	-25.37724994153116	-20.063759993768244	-26.98369504914548	68.8248175541301	155.29293638546173	-292.8373945240426	158.0751162335991	-40.19958507265167	-12.406848391075698	-28.10557049415017	-16.924747940999737
15.889189814814815	-78.91703254022966	273.2908847458824	5.461939649395357	-1.0289897572830655	4.319505966404352	-2.128439375218826	-14.102346466833147	12.390568545802514	10.462864793302938	-3.9680365257436057	-14.702042913006167	337.26291914526377	-26.197144338485728	-26.053742150790157	-20.645707782410696	-27.08275381877948	68.83520439163458	155.34014685311956	-292.71776266642973	157.81642510622243	-39.085864183843626	-12.557093800263573	-28.252366812957106	-16.50401075618784
15.929212962962962	-78.75648928484758	274.2110094908051	5.138234874621829	-0.4792836238625624	3.1706283770292365	-2.6499425868617754	-13.326708340768814	12.07972660421378	10.020867135513509	-3.9338031281977504	-15.023623230510395	337.4975512876355	-26.612968967142322	-26.84076884166025	-21.49989179855254	-27.319965217651543	69.00967802479862	155.33567930157284	-292.5750610933413	157.78572725387	-38.00491766037199	-12.605869809122495	-28.53426460460824	-16.089759137919188
15.969236111111112	-78.72438783911237	275.46829701704723	4.65604816964235	0.21570333741218292	2.3488632673563212	-2.8406614189201123	-12.885285391829289	12.257584316370068	9.147573513356827	-3.976599642713484	-15.676674183804778	337.51477442099	-26.58523415765478	-27.85840910169945	-22.4586501489091	-27.64268878190782	68.97992983707734	155.1484078915261	-292.3142934147791	157.8768437223518	-37.541336974729745	-12.547739056598758	-28.540690812465513	-15.77870660270365
16.00925925925926	-79.4727973465475	276.9108579151423	4.162896309668091	0.8626716879939268	1.9880219863881488	-2.8445534718579966	-12.736865038273704	12.773432772546656	8.039482967279838	-3.922227036817814	-16.733790458495434	337.34820469031257	-26.394094176796997	-28.78417718144226	-23.103158446159043	-27.921548646945794	68.52216481194398	154.9653958636374	-292.0078514802653	157.56163180048634	-37.49838065299414	-12.265762213478041	-28.97303443951398	-15.724713365118987
16.049282407407407	-80.88711828637197	276.4934444802405	3.540975508572158	1.202768134720851	1.8044867062202412	-3.0512508990263414	-12.686417310199761	13.349326815732951	7.012966727851298	-4.064382560168844	-17.65330319975972	337.3335070466561	-26.29614668575981	-29.37903029767631	-23.28411341501166	-28.17632008384217	67.68466110605574	154.9019213790437	-292.0121956883704	157.2034956760872	-37.66369092584431	-11.751497392052244	-30.267116562940245	-15.799148928869329
16.089305555555555	-81.83868336652361	273.3721385565867	3.2696568227123852	1.4879198577849593	1.9417542659024882	-3.289249928276009	-12.604914073674289	14.053949774456484	6.715933520493958	-4.681485457181578	-18.19848562467095	338.0995569207712	-26.303942822381742	-29.878160514561756	-23.05797378957152	-28.390089467304577	66.77555520345715	154.62781727183915	-292.26348028033163	157.18429492674528	-38.18241655126171	-11.247635270450118	-31.44376556543847	-16.074088752873436
16.129328703703703	-82.10839310824576	272.6714872050506	3.295590396269988	1.952343931326676	2.576092542580071	-3.296451472923585	-12.44881648968976	14.77790562612522	7.1424840945699275	-5.4800670780536835	-18.706536301014054	339.66311169690334	-26.156365395017502	-30.592646709722516	-22.773152232770357	-28.639918179498792	66.17708942414471	154.0346353607677	-292.2821598424928	157.66637962932495	-38.7608463353733	-11.073243324643059	-31.684178800995696	-16.66962043559279
16.16935185185185	-82.52132970433703	278.233019135494	2.878402635583062	2.19697046208376	3.1882886571187132	-3.2778457722449303	-12.295429957970374	15.158490448140356	6.94791360480904	-5.946260228534362	-19.049800576887364	341.58716857703223	-25.66704190151107	-31.25055164020722	-22.787205749697463	-29.05428170764459	65.97245856216796	153.65356087926043	-292.26579651211193	158.81273839723093	-38.78945702935296	-11.107232542467727	-31.846096037747515	-17.118166978551443
16.209375	-83.19817788270588	286.0363919227368	2.562877685619366	2.239494743020031	3.462855632354329	-3.449608531123319	-12.211730477670734	15.113653533216661	5.675500175300565	-6.131624597899074	-19.052516325031092	344.5831639227116	-25.25440852495845	-31.669795548311825	-22.699460155387797	-29.432825340875084	65.92480575159142	153.81780482519375	-292.6023429005577	159.89104509176013	-38.416689671968555	-11.009474370032677	-32.72080896054054	-17.19693754683223
16.24939814814815	-83.39102253967775	292.0403721063061	3.3381476985749425	2.9898287030094792	3.906408733593229	-3.612862268261246	-12.14121283609129	14.98340425065986	4.736230712136103	-6.571556186528911	-18.964012323435753	348.77433184684617	-25.383700558035827	-32.4906896556618	-21.99059143403882	-29.49787968541301	65.88456563453859	154.146822235716	-292.71448437873966	160.23279730233864	-38.29196917771232	-10.894028444601744	-33.573874232022106	-17.440088139833378
16.289421296296297	-83.56500553504333	295.6664940251523	4.559110865304279	4.31393981253266	4.714714879556581	-3.574876821457556	-12.087150097954096	15.07014889629538	4.722665858570623	-7.37254128982474	-18.954004867754648	351.84633934620985	-25.64295991482777	-33.74131769063571	-21.095678628608994	-29.411474093085175	65.8695135447671	154.2023072049928	-292.18842125024065	160.28195924615386	-38.388016659250766	-11.05692848551513	-33.73316962081584	-18.10307638911911
16.329444444444444	-85.1048238957807	297.20428947929673	5.0496617042025544	4.993347151368732	5.367154834683242	-3.5518770774509556	-12.219347280308684	15.06918468527483	4.618804077929688	-7.966316968637528	-19.24009457885802	352.9051201316433	-25.30587636551597	-34.41548557353225	-20.59730312182687	-29.432631169277954	65.86807296401629	154.13996047745584	-291.6837744848074	160.3551641975031	-38.26063303145965	-11.347782122642997	-33.552197555647055	-18.780544260903767
16.369467592592592	-86.66095677112497	297.51476232432924	4.970953491006479	5.037746462752763	5.6158998791667845	-3.703232659719559	-12.629253645667344	14.512030159078375	3.893388380369271	-8.074463122422278	-19.579906918055414	353.13125209996383	-24.60824761719026	-34.31021580200611	-20.20873615358542	-29.36912589359389	65.85867644563947	154.32595385249988	-291.61797907377303	160.37072482469415	-38.046326032057806	-11.481519427715426	-33.623249169411	-19.23283382515602
16.40949074074074	-84.9228381786299	296.6523362774677	5.207295700972029	5.110894213362859	5.814238646733781	-3.842452659978864	-13.111499693264385	13.740063622902781	3.1957310582507836	-8.286201665373872	-18.245582584768556	352.4983026162261	-24.329576244656735	-34.15536773846776	-19.451290966642247	-29.024903074551446	65.89532715075909	154.676809105871	-291.68100801835607	160.46242455278846	-38.09807029703427	-11.460903179494892	-34.13357557539419	-19.73000849450942
16.449513888888887	-80.98330970422988	295.860749019845	5.618937139900348	5.050135132354598	6.301463844325909	-3.740675463902568	-13.347667245404928	13.508101196922064	3.3153878908633767	-9.116458248129268	-14.982966970022716	352.2191737176311	-24.192869461246346	-34.219045323949274	-18.51184397652112	-28.600332608528134	66.00268431092209	154.87791393233005	-291.67299144054033	160.60545316777745	-38.29222749201263	-11.31864555550463	-34.50220749100123	-20.478922099003313
16.48953703703704	-79.60811227190358	297.43129706197936	5.248294376149895	5.089386607959307	6.9652390714084325	-3.035045212933924	-13.400115025495786	13.86782945821513	4.166200812886875	-10.05692493007977	-13.085149474706526	354.3588526872384	-23.266398144018694	-34.20108212775614	-17.98654759011731	-27.98180565481472	65.92477802717333	154.89203469126056	-291.6513941011847	160.70664810635975	-38.353703410246126	-11.06558358981789	-34.19095102971177	-21.132390986516683
16.529560185185186	-80.68148788173427	297.8021767093538	4.312970630766091	5.82278562949367	7.489945153551604	-1.4122521392778715	-13.78084019356682	14.270270697138786	5.083348662855821	-10.183872069641206	-13.610407243913372	355.18977713599975	-21.95299405768688	-33.78903071282109	-18.097127872391226	-26.7031460880697	65.43416600757224	154.86643296988967	-291.65616323756996	160.79741544250422	-38.485068307060956	-10.89301556553734	-33.77774500645488	-21.13351711078336
16.569583333333334	-81.02729218036247	291.89412963566826	3.8816293379207125	7.050172613661544	7.801037295183657	0.5599240722228978	-14.541354643846367	14.422647660755242	5.7380517393288395	-9.5894491113491	-13.978819120020262	349.68315886403246	-21.365170961236686	-33.07684774490974	-18.23942712985685	-25.01650627560025	65.2391028684817	154.8647153420404	-291.6813177794722	160.67066839424166	-39.089527684651586	-10.930457820039749	-33.86895872327422	-20.626336028211853
16.60960648148148	-81.05305888343942	284.8493498241548	3.910933312478658	8.583695452107227	7.9790257463393015	1.8750093250355124	-15.061659620418348	14.379831924463149	5.958921222521761	-9.258746834134756	-13.375242821581367	342.54578459073065	-21.27848707744431	-32.69587972522703	-17.84108260741624	-23.63205750786976	66.33997747169359	154.91563813670115	-291.69174603582275	160.3709410896979	-39.76429769796512	-10.989062550568207	-34.07064209011732	-20.31588432957159
16.64962962962963	-81.2777512042543	284.11829614785074	3.8382451322258007	9.72454097413815	8.00083778359213	2.25985380627146	-15.130243898094243	14.197587122587331	5.619328498107612	-9.357909991413514	-12.29778978189971	341.55486080165684	-21.02793149587083	-32.56851224289851	-17.31955797149743	-22.83134073134599	68.1935540753704	155.06646709106855	-291.6782333511817	160.25234141495378	-39.84477771974416	-10.886456243498486	-34.117180479718414	-20.248515376832856
16.689652777777777	-81.47054860482407	286.14233414439957	3.7382574309023977	8.949943207847923	7.903106326374978	2.091510852608832	-15.05511813567943	14.056337464313529	5.554149768519101	-9.164388287752589	-11.542517000859249	344.54102635257436	-20.71338116319565	-31.53541194443727	-17.156183401430837	-22.66382613191081	69.43162115422813	155.20383149384838	-291.76037919986936	160.1616355359131	-39.78961405152582	-10.72201277559364	-34.258733061055494	-19.870123335093794
16.729675925925925	-82.81132045427698	284.11406155864137	3.7922443274613924	6.4060309081293365	7.827965594926424	1.8204039119819662	-14.934624235895747	14.090073267795699	6.680024152319212	-8.543995068710114	-13.218484838656877	344.768588960723	-20.293152568821867	-29.36966808880716	-17.164098444357478	-22.96012761658183	69.913295355195	155.1999794948221	-291.916312922719	159.69456315114277	-40.154321167053325	-10.694492743838268	-34.19732953732121	-19.23144903515947
16.769699074074072	-84.38218578275459	279.00652185487843	3.4700427892945305	3.6571151936665496	7.52414116271183	1.3963477874057904	-14.732784040574058	13.910297213512134	6.60217971326654	-7.9577898690876285	-17.354061403274812	341.9220603242844	-20.11399913453323	-27.10216860457703	-17.337618490937913	-23.44696008110364	70.24294210709776	155.2834222886297	-291.800890601587	158.9975298104536	-40.198460330519126	-10.931544040967907	-33.49900028085192	-18.917479501416835
16.809722222222224	-84.12549929145064	275.54179851013083	1.8009184908626827	1.1792101659258984	5.872292859748101	0.16638767893159875	-14.593700498023086	13.025109632865117	2.7261580825878293	-7.603278766201185	-20.278463050272023	340.04929952440705	-21.485068899983716	-25.318137821235723	-18.45958193292482	-24.212775818537082	70.44577766080018	155.62308824000925	-291.53803252015643	158.50573745030525	-39.42203189898589	-11.34777903087273	-32.428915632556254	-18.995079421953278
16.84974537037037	-83.42006240313566	274.52788446081416	-0.26722647444222886	-1.2242810667636677	2.687003877404635	-1.9394775216277618	-14.708596392949255	11.724891637824324	-0.2177228908998377	-7.643329177493873	-19.967111217277903	340.2851109404435	-23.72001301451209	-24.12729131194473	-20.67287216442668	-25.296968982008465	70.3387551398416	155.91433444089012	-291.68437914002254	158.04170418726648	-38.79540931440728	-11.617265288652774	-31.449681772393348	-18.957151681816313
16.88976851851852	-84.54497405000896	273.8735834398535	-0.1463283890520106	-2.901016608379083	0.301667860063138	-4.055926128367455	-14.909288634018306	11.081092670470639	2.7248911331929664	-8.33034087389123	-19.20056577346078	340.8312913779975	-24.522146565616723	-24.015341628000428	-22.225124807755023	-26.450411937808198	70.10631545314372	155.95605743330842	-291.9826968239842	157.46152096129936	-38.91972005182653	-11.338601179623467	-30.897987383549093	-18.59670019053705
16.929791666666667	-86.55625240648337	272.93546322575367	1.6354133639064503	-2.713712766652995	-0.3720359425615649	-5.569249787809391	-15.047106471130483	11.38827801328498	7.025947407590176	-8.079283421930757	-20.26252218089965	340.83280416774033	-24.183755608885093	-24.568506116350434	-22.29883401228217	-27.41174572404212	69.64149062210332	155.93206010063858	-291.9625518383218	157.42631323838216	-39.13109829898086	-10.55716499785872	-30.934424658203596	-18.898379737748385
16.969814814814814	-88.30826902002855	271.83935513626636	1.837094400450664	-0.5961796286536366	-0.4670487582661579	-4.987938137363574	-15.539594474840479	10.308785522842891	7.926643235357098	-3.9431168516452595	-21.56557069512418	340.688424527596	-23.315204751195793	-23.69982541713354	-21.880936360464887	-27.05532272769723	68.37309566184231	155.8881077202303	-291.9361577776443	158.09742778140287	-39.07529698336808	-11.657462718876545	-31.274893862077107	-21.29183325876012
17.009837962962962	-89.70733481398781	270.43259854462923	-0.07981114034038127	1.8238740046792006	0.8996922148989726	-0.11325668621274478	-15.745377544569694	4.9294472781058785	7.327839773009419	2.3150178083191775	-20.730793622751264	340.7338220091203	-20.947782011755592	-21.01831686166082	-21.099249611136216	-23.751043426428524	66.65282195327008	155.59885048654712	-291.9945081476678	158.95672956186326	-38.847866776840135	-18.007569847424833	-31.37169009287497	-25.066426318954868
17.04986111111111	-89.49994599098069	269.90367911120967	-2.5818925470806433	2.853054167224318	3.483815779996557	5.61813788120779	-14.753993127219866	-2.6045045889611305	7.086852232199417	5.131383905801011	-17.473710936630198	340.99574837049795	-17.960837379766858	-18.935752210435354	-20.48013562333162	-18.864115001032644	65.70040628189427	155.1026387314437	-291.89173371266793	159.74365818778983	-38.75480036708967	-27.127522708256237	-31.54919168577662	-27.74311397298979
17.08988425925926	-88.54678806954193	271.3830538617861	-5.532549823489222	2.6537812749911573	4.378750628859467	6.0218224307867825	-14.17927733521066	-7.069558826512511	6.963677067825248	4.23436113529381	-14.370618848302215	341.17690723546184	-15.822909287907407	-18.394071908319276	-21.345264016003853	-15.833474151697587	65.71069491418254	154.78431950086548	-291.9124756020857	160.13516098199074	-39.70687120961141	-32.63373408655184	-32.76883088485944	-28.618779562688474
17.12990740740741	-88.46035891385299	272.8217226806576	-7.201755270218004	2.497703405747593	2.9681963824337947	4.032802850582591	-12.990970381541986	-8.796753572390967	5.986851518709902	3.7971212246477433	-14.182643277171124	341.0518121186471	-15.703620618426228	-17.915850756552572	-22.908867982190046	-14.789001072494415	65.90898403003567	154.78223116632532	-292.227220621469	159.74101902533369	-38.85445779383869	-34.1862175789707	-32.88279779472107	-29.016969781464567
17.169930555555556	-87.15129931510015	271.94323693785014	-3.5882599687575696	2.58439287674981	0.9857812676105724	5.384324128162856	-5.538169787072377	-10.002951515030231	2.1512984795570977	5.087040894965352	-16.560752677929386	340.86205156623413	-19.4748523469288	-17.617528342851543	-23.02305455278642	-14.987915399699517	65.94554226847521	154.8575357783784	-292.5302130784507	158.29303975169893	-29.633630447385897	-33.85970041576732	-27.42502955811085	-28.771548937307884
17.209953703703704	-83.94487013796201	271.0298568065306	3.917914850205742	1.9142729460497883	-0.12186931475399705	6.185374416966941	6.315718082820167	-6.795475340393424	-3.275306335138228	5.577186784145629	-18.991002273872652	340.7988362871303	-25.203303578120455	-19.92417869362845	-21.30188637984662	-18.82025004536186	65.93688863705943	154.77422287879273	-292.8051702210678	156.08787483871592	-14.8539683070871	-28.639957456063385	-18.141038011693254	-25.657779671753417
17.24997685185185	-81.6270410692509	272.80885415912513	8.702709816989119	0.36449180073611365	-0.009648191824609836	0.9844827191872606	12.784939426827227	1.7990867924113378	-5.66983198525272	2.441397316531977	-19.785483886554317	340.7182217339814	-27.836272930184663	-24.752298709154843	-19.394106684041617	-25.61845044972418	65.96114575363605	154.46251056204753	-293.15453696546984	154.49506328622152	-6.264228580358434	-18.69857252968916	-12.265725198561924	-20.30270988825977
17.29	-81.3026520184694	275.6733704158423	7.913133225536176	-0.5964822835695289	0.10382868008899078	-7.060508133054237	12.408794498010204	8.296781303667704	-5.000660621218595	-3.4064360579199437	-18.97561206039009	340.49268938431277	-26.620119440953687	-28.61658393269782	-18.714828603094176	-29.938438430469716	65.99776412136976	153.9814287966859	-293.37139116019284	154.06756189275438	-5.863759561914051	-11.17795646922616	-11.413169993447966	-16.995725723288373
17.330023148148147	-82.57024668718768	277.6237441866653	4.182362316872583	-0.32636749006347676	-0.9029247460288667	-11.928614984602545	11.953491084165783	9.242353869952176	-4.989501562025382	-7.937306344131841	-17.22435621532715	339.90151252938597	-24.882704170539938	-29.93659656887992	-19.189316765503094	-30.29224466334844	66.01052155815707	153.55280874602317	-293.3783965925628	153.42738709155964	-5.990630453483703	-9.07571991211178	-11.316876253934936	-17.124300115855874
17.370046296296294	-85.42295349199962	279.27752173120354	1.360124913135189	0.03614456431435441	-1.9566043410837355	-12.289557513933259	11.768225668438618	8.90997741267331	-5.3852662251560535	-9.157828508572127	-16.395986578256114	339.1109659295903	-24.541414699820365	-30.114836985761784	-20.273222264223065	-29.94620224553637	65.99435143487564	153.4426363634141	-293.35550977106067	152.61778179888344	-6.51285959030028	-9.310578150010741	-11.911766999029112	-18.070890822800138
17.410069444444446	-88.41269691886134	281.8922114430555	1.0894402896064361	0.2516371524715927	-1.2695277046003863	-9.646699976381525	5.785715568555196	10.56587745410809	-3.284796216785896	-8.33690672159214	-18.908247640537127	340.53829553154407	-25.126051772115417	-30.498433117124918	-21.87320957722251	-30.237038816798574	65.96254692502313	153.59612378908497	-293.3871421238862	154.33876462762748	-14.926881276206117	-9.997729385769006	-18.12991662290125	-18.27548149771161
17.450092592592593	-89.21899106793579	284.78383434960995	2.031646502936909	1.241028505832585	1.0261776533419864	-5.902041577955368	-4.9825989262356	13.648919300848839	1.050310536794318	-7.5956408050445745	-23.471789379947737	346.9509106527496	-25.640756185816002	-31.350458777850434	-23.32801256767388	-30.188767702996458	65.93095627090712	153.71965269687996	-293.42398609851824	158.4910240847763	-29.48208457861429	-10.621365008329661	-28.426002438714278	-18.21684557400809
17.49011574074074	-85.63746429602364	286.00384539412306	1.9702176884148268	2.607973046726045	3.158671409749757	-3.343766388743918	-11.86453958267526	16.354500161383687	4.367504927968946	-7.975497141765877	-22.80870769527793	349.43660881128	-25.470986322739833	-32.412535908137855	-23.66594605753356	-29.80723009135282	65.9323226093478	153.71025185497973	-293.4332612719689	160.78394136298795	-38.43285765810771	-10.588838354516113	-34.22311126822299	-18.60901149535225
17.53013888888889	-76.75863173595091	286.2085337518356	-0.04272358368197467	3.3745896937651945	3.0461817395540782	-2.1940305130708655	-12.21441078079512	16.873209324949205	4.464320263611604	-8.662942854321127	-9.130763855457943	324.03822633103874	-24.925635275154647	-33.61347766689819	-23.77421610629959	-29.89180611249263	65.97454839843944	153.7900264230479	-293.4242599284219	159.50179253698815	-38.124824695361184	-10.586037000142227	-33.71951840987916	-19.640212732704413
17.570162037037036	-67.96878002265369	285.1571119333747	-2.215379863306911	3.09925588140639	0.26934461601250176	-0.9700842229712228	-10.938862273293608	12.234628974166577	2.456440837445077	-8.97303522313806	13.242097237493013	263.1195733949478	-24.313332957459508	-32.993533279111304	-24.447571237676968	-29.26670781769451	66.00844607442919	154.23117882464018	-293.40656279657264	157.4710715307592	-35.41939935691809	-11.363830336882941	-32.201604823328964	-20.697752750818978
17.610185185185184	-65.80492353029024	279.5458229566007	-1.5557463950484927	1.430473745691472	-1.2851303891570012	0.35257067047568175	-10.815311125202234	2.9554223221947162	1.1502805320394356	-9.685276645740123	26.552706014635895	197.88839455889416	-23.067846377952563	-27.840355448262287	-23.619671921032293	-26.150936498221327	65.99808436333782	154.80160127567743	-293.4063528087468	156.90968909296765	-34.80672842365988	-12.234228747321197	-32.07362113398884	-21.271651752422287
17.65020833333333	-68.4384683591629	273.94051051917984	1.7579164171952797	0.33081876175078256	1.78748667004138	0.7555524847813841	-11.022286291329381	-1.2170165039889203	1.5224078890958153	-11.023083648812893	19.732840843250678	162.5338310441581	-21.8520618458014	-22.80514275568558	-20.480533788227802	-23.009705511631324	65.96159064864649	154.9981929493917	-293.45735758841386	157.32285570650964	-35.444063137066095	-12.511300829168434	-32.68890258511095	-22.08674099254617
17.690231481481483	-70.62413440608998	276.31658932590574	4.539425594685541	1.5254183358913709	6.211426744749189	0.5687301391057292	-11.145294461091888	5.080016550946366	2.286327775613796	-12.022915041337159	3.546899890679633	156.563468330679	-22.00676058340595	-24.551163752636953	-17.951208198666038	-22.93094393041858	65.92946438032261	154.87211189086372	-293.398180748605	157.82192673071387	-36.11718380426804	-12.498411284499852	-33.609334177414325	-23.55418381495025
17.73025462962963	-70.88122473872083	281.5884738362096	4.966534960713829	2.081170573853731	7.827830778894657	1.2418362591158292	-11.41426799445464	12.51926971605722	2.364000933465856	-12.270217276948035	-4.864802056160073	159.95527957846159	-22.63897685031705	-28.985818613557143	-17.710336888313122	-23.655573809663224	65.9155687213275	154.7786160974573	-292.98322923784735	158.22819310334836	-36.63834501793015	-12.583222500518517	-34.351309047570766	-24.62086667384986
17.77027777777778	-71.56568062638412	281.47514055436227	4.0758945546674195	1.2971169416229407	7.446104268175737	2.6089498980391532	-11.622717073952556	13.843070138371251	1.993481669782885	-12.188540931032483	-5.1236979896317365	161.3271507125042	-22.459772741801856	-29.628573781156305	-18.30224718735809	-22.94539916126827	65.91577429716013	154.76597600824402	-292.41912798761655	158.4573558081157	-36.94434698653211	-12.681386903436078	-34.51408083263571	-24.881278268064435
17.810300925925926	-74.42456775100375	278.2224938101511	3.691631415253239	2.2625173848386364	7.276971611537891	3.0077486037923222	-12.462110249202013	12.421080424325018	2.255061312251279	-11.824417815166129	-6.316611593095303	160.3809220272365	-21.97533600516313	-27.94128395102294	-18.272557863528434	-22.471427708230237	65.91812677305425	154.80224946491938	-292.0745145905072	158.5160852651031	-37.85888292746465	-12.657156558781622	-34.846950725914624	-24.760776595700264
17.850324074074074	-77.66457588066848	276.32585216920154	4.081374966800672	3.996358855528736	7.771312920761312	2.2436405752576087	-15.301923372527774	11.897534893614095	3.7277104403529275	-11.218990684109192	-9.527074324812261	159.0115248745092	-21.64307385894081	-27.033349482854433	-17.58099521758838	-23.08159219031829	65.9178580309959	154.98655925447957	-291.88317115243757	158.3853421731793	-40.673473250638494	-12.542048688976706	-36.184753134692855	-24.193674584066187
17.89034722222222	-80.62946749747661	275.0914439287271	3.539296267036623	3.975769715487955	7.213674179427278	1.4452522428190528	-16.51109031070195	12.03840213383895	4.728008326669496	-10.6576359574259	-11.655782153299043	158.20552396874487	-21.21186445170396	-26.97153055512409	-17.670364299814295	-23.392216014196904	67.46603215165673	155.26124228475777	-291.73640401269023	157.98427075077632	-41.423046888247214	-12.423588079261648	-35.66541111715689	-23.56036645889587
17.93037037037037	-83.23257397693484	272.9845986821381	1.2686643155058563	2.9699109987272263	3.179690129323539	0.5877855606190613	-7.163296006247068	11.268117703815973	2.3233303866639248	-9.5769603945462	-12.190037146480464	158.43854053106196	-21.506770765099006	-26.951332503242583	-20.19727949904481	-22.837428361351854	69.01418964951804	155.40751263399136	-291.7024653610698	157.62891951987257	-30.539365961317017	-12.41864271058597	-29.061954569642225	-23.23197502206068
17.97039351851852	-81.44451949303854	272.73655285673055	-0.6767287356694962	2.4713735261204377	-2.996836496040641	-1.2728173625096828	11.451086399222119	9.331747010896747	-3.185058044672542	-7.7688220189477315	-10.977527366406562	159.91915190464294	-23.45076634402612	-26.884914874008345	-24.141092235794673	-22.77743949880667	68.38264019298224	155.4092901262934	-291.73169218209296	157.29753869171861	-9.687595026989527	-12.49689544494396	-19.0340114986583	-22.189006869853444
18.010416666666668	-75.33116576080141	276.3741513979335	-0.7862840378868643	1.9719035133805893	-6.9208549799802315	-3.4471008268688457	18.440065756476034	7.743047808995798	-7.657385178328811	-6.195609037284061	-8.524570619948591	161.93921873829115	-25.964436399033175	-26.83426547707026	-26.982086454503786	-23.402950282099226	67.74624382539503	155.4551431696854	-291.72874321439923	156.6056318477223	-1.6185017630897818	-12.55091756035334	-7.5290516643578655	-19.949185259579806
18.050439814814816	-74.12452739671359	279.50829738433714	-0.2216901249060387	-0.027146133640588845	-6.347685003661873	-3.975854612582725	-0.8324624995882912	7.666213854954988	-7.785689122123979	-5.354318465520866	-8.431446567521206	162.7496383323831	-26.968392385844112	-26.379925961736802	-27.552893181361256	-23.036845689583146	67.07933134391472	155.57360928128546	-291.6804191724824	156.22493438443496	-22.041415393687586	-12.609170148603951	6.562193366146005	-18.030424037281747
18.090462962962963	-82.05116000513557	278.74244240398036	-0.0035505528116960687	-2.4726355193300034	-1.711955975049068	-2.8904068670918446	-25.14143499729295	9.150309814057751	-3.210982913132131	-4.96163688252856	-13.311575447913285	161.9546590507304	-24.944084752513177	-25.564978612025115	-25.176015249342782	-22.83353941316419	66.42139830328402	155.50407436954578	-291.61666732583103	156.80615831552478	-48.621462233055695	-12.74303622386175	8.0841198896984	-17.491788958338176
18.13048611111111	-90.48471866807338	276.97234912057985	0.10554294292850758	-3.0128656345524423	4.133724274865857	-2.0594443057153207	-27.35078217847491	11.19703253055544	3.2304828566826496	-4.716091916319943	-19.01180349815732	161.32494485864422	-20.910222063535215	-25.102162945963755	-20.925371845415526	-24.95935872353722	65.9486221257826	155.1194386881786	-291.64896064807675	157.5728392764091	-52.399640992793806	-12.912818523565875	-12.781957535667857	-17.6101505715436
18.17050925925926	-92.48634491388923	277.3236309770257	-0.42410137158322486	-2.319566882976678	7.00789908712075	-2.187051093071678	-16.87863300445844	12.566083667198827	7.357644395217799	-4.717705480276962	-20.246714242426663	161.95654819340473	-18.04869058513586	-25.40706907120125	-18.50048079665696	-27.498627924548657	65.78282724496572	154.71211031655713	-291.911078218943	157.64922878720085	-42.29062049780411	-12.811382771561824	-33.20298841319861	-17.62783918671957
18.210532407407406	-91.75594194733854	279.16260093573715	-2.696663173839464	-2.006491270199507	6.093393813878126	-2.437272048625131	-13.623740586291216	13.156895454465346	8.46480133081741	-5.133259685386851	-18.853725212438036	162.87133621633427	-17.216404887672326	-26.392822507093754	-19.301078653013036	-28.22119127480758	65.80924394415034	154.55997527544724	-292.28142650427105	156.916750222561	-39.03565169323713	-12.423284241690709	-36.730152096697424	-17.54506099573446
18.250555555555554	-91.41680728406774	279.9149575698216	-4.786198790161261	-1.8147608470774697	4.222997941158267	-2.2149365896872286	-13.44308961415608	13.464736104280252	7.527863817970754	-5.599001008015308	-18.662944652696368	162.57904760459616	-17.725644519534598	-27.357599717356138	-21.003045734546717	-28.044813598460706	65.85536641354372	154.549419490022	-292.5359445779265	155.76158756937673	-39.23512286890981	-12.338420224344546	-32.45211282855294	-17.542667742575688
18.290578703703705	-89.00647522115908	279.08307873498313	-2.460733753567688	-1.4097660649432364	3.113064801761682	-2.5007614567818677	-4.663528342656545	13.250110707872121	3.104126748761509	-5.840018375132396	-19.028633904719683	161.42139556443288	-20.78533011034395	-27.62843745602595	-21.746047321462953	-28.222363945875017	65.88081930106458	154.3973108455069	-292.7807116890279	155.21755429619822	-30.499540593481896	-12.503590554407808	-26.3338908623019	-17.700373418933296
18.330601851851853	-85.44833002256603	278.7656411653944	3.2196239466932672	-1.0203711396640724	1.5406840403657225	-4.825290228552562	8.533823466683266	11.421448829891904	-3.5353081777633193	-5.733261031229658	-18.53013045702781	160.93048518851006	-25.568424212308656	-27.699211221103923	-21.76104601403	-28.67255600617328	65.91352386666377	154.0848346516192	-293.1216230572792	156.45124605908427	-15.311204462539422	-12.434370720471236	-18.658058633556976	-17.778661793769302
18.370625	-84.29099567597346	278.98876966143297	6.070839149245495	-0.7197299557756931	-1.0690457325229785	-8.326339522059568	14.192776719035644	8.199084345949487	-6.887717205479806	-4.908260722834821	-18.0790806220118	160.88348947732604	-27.70285319343384	-28.146029027281017	-21.70324944983517	-28.989228931911597	65.96475663569024	153.8281926981412	-293.3415398293009	158.81638459708392	-6.135607351934539	-12.465862116419316	-13.511556147519286	-17.356155709992223
18.410648148148148	-85.03993808598129	278.2904653402644	4.598959977000188	-0.47081209837133753	-3.0053005677540585	-10.696423684933295	12.057794995603462	5.842774757781193	-6.083665556776606	-4.170658527583908	-18.66051275323133	160.37057917327343	-26.048227074222154	-28.71761915081224	-21.555909770181415	-29.1612105628912	66.01766906494545	153.5784343146139	-293.3487013049792	160.02925327070326	-5.850893574881084	-12.614500080648796	-12.53082622904283	-16.851747506046152
18.450671296296296	-85.91408861878267	277.6074419488606	2.383299879886734	-0.04459163706650919	-3.5586534731829222	-11.780776606530349	9.544589386078393	5.280948098470257	-5.249314943043577	-5.087022815344867	-19.255112092601777	159.66146336941128	-23.47484489678655	-29.2584992227019	-21.08709322181069	-29.340961127469086	66.04126068446766	153.18076881718588	-293.30443465247214	159.4857523986626	-7.639877057068745	-12.23531656690119	-13.214351357916172	-17.32928617819077
18.490694444444443	-86.92620386333355	278.8410028819306	0.7580676463680807	0.5674331040280954	-2.7207899990345603	-11.937204174995045	10.083086575656882	6.113537939122618	-5.826982289166697	-7.058159913100872	-18.47826782641853	159.77950650979048	-21.1430681985195	-29.8587187331443	-20.36631404208741	-29.582362912106205	66.02989019224738	152.86064824492638	-293.30046564517977	158.65844184331021	-7.562074471559413	-11.547193148376593	-13.390353589721286	-18.589275592818367
18.53071759259259	-88.72119521452653	281.9772683680842	-1.0278736664055799	0.9709290871655678	0.652711919277325	-9.730037598423783	14.429738226550402	9.105771100611108	-6.485700575921367	-8.156327835703335	-17.392618941561366	161.52162251173178	-18.618220901596473	-30.493659112464798	-19.645578926173712	-29.766050011971174	66.00809455742186	152.83638536849554	-293.31952062966053	158.43955235019328	-5.927868509824279	-11.195736382016989	-12.26234936986289	-19.353624037927588
18.570740740740742	-90.68641488527867	284.0908632308957	-2.13551205931621	1.1101389225993858	4.995515913409057	-5.571821436171437	17.996119032646657	13.536365439632958	-5.75094888216405	-8.155424419071974	-18.06018797462842	162.99643735468942	-17.44043290161315	-30.959665479569466	-19.578935884109768	-29.716932989373717	65.99661919909526	153.0264744674207	-293.36435304855803	158.53601841924188	-6.5827586112540075	-11.035696083756008	-12.166701775553378	-19.31444944306834
18.61076388888889	-89.41703879113328	282.29932985288406	-1.2177728188661014	1.0873442152385042	5.830359825878115	-2.8219059938493047	11.386442604860644	16.293936747642697	-2.40784194500741	-8.04258739124864	-19.305219539270993	161.45000000133774	-19.90228798907036	-30.832834764337463	-21.119753144403674	-29.490914771755357	65.99792590476171	153.35854858398494	-293.46613495578094	158.57178767198474	-15.553781178504849	-10.655464372393169	-17.871938941016523	-19.092196388968105
18.650787037037038	-82.64655813773268	278.8083284532001	0.9107106398763217	0.7284353947793816	3.074141059457593	-2.720375795875778	-3.204641600113793	16.420999758431773	1.7800858767850771	-8.252048093568408	-17.190812107567396	158.72642498074845	-24.533729328582538	-30.10401013819363	-23.623347717659925	-29.310349735947042	65.97910147380522	153.73830974267486	-293.43672667487846	158.55393315817247	-29.90066901759461	-10.276876892781175	-28.117388348360222	-19.04596132990345
18.690810185185185	-73.92271943659983	277.8001155466621	2.7055683550300182	0.11496489190931777	1.2089250231539412	-3.3532761149445487	-12.507794821346625	15.626358866998029	3.185309272582676	-8.601912218387413	-11.34997068131976	158.37204698669802	-27.42389793854555	-29.432659369962266	-24.72235234939137	-29.356814639341763	65.90437477072798	154.04412627533407	-292.90342491237385	158.57314451524877	-38.44057470969541	-10.30497106609316	-35.27049973869731	-19.24869373924186
18.730833333333333	-68.28495839261522	278.5867605909282	4.252297430595855	-0.5478035587560598	1.842663265091303	-3.511817694115743	-13.349572239366655	14.976812492893085	2.203673476879975	-8.863348995736951	-6.182332164543965	159.5786141211098	-27.89924255398391	-29.00431054968837	-23.643838883314586	-29.566247637293955	65.81699273695159	154.43991290253334	-292.0800075154591	158.60408125505558	-38.836220416193115	-10.509422808515382	-36.634237696850434	-19.65122284599562
18.77085648148148	-66.93155186212586	278.273633389144	5.697045392803649	-1.3858807883035675	3.0647770321036654	-3.512580326921259	-12.542010643589583	14.579771534525175	1.6467465008737043	-9.202663520655086	-4.590032443758844	160.21709894294924	-27.66016220608114	-28.05462646740007	-21.937898299955975	-29.434798370112944	65.74100002672061	155.01747531024944	-291.6908424357017	158.60385609428897	-37.54490193986881	-10.423360840588629	-35.8956812659404	-20.004218239172488
18.81087962962963	-68.15700480728397	276.3712136135622	6.37097152980597	-2.2030136376526728	3.7726056461001596	-3.230863990979969	-12.744078755462551	14.439097845971634	1.4778259028769964	-9.71138398963625	-5.337689734290066	160.1915109074542	-27.179160447557948	-26.18195391961774	-20.81589200635719	-28.3821087717466	65.5952045453054	155.41498910478188	-291.6636826965061	158.5876428021673	-37.33402144099752	-10.150867995272876	-35.85563033410618	-20.11906365721633
18.850902777777776	-69.64540112787272	274.2292589239564	6.388499137918177	-1.5434854028832443	4.195040509734829	-2.02383312355817	-13.023769784293805	14.164666384620164	0.7879234998275199	-9.81018272872347	-6.1038722355565795	159.32167291857235	-26.45190693947626	-24.91365015790548	-20.212996155420967	-26.457910047169733	65.66271349471357	155.46058210147436	-291.23078552615914	158.60744837213122	-37.42980423824979	-10.241176554766284	-36.6420546474985	-20.0730123385473
18.890925925925927	-70.89895836678713	275.18833129668803	6.298976299236191	2.5460000414203856	4.628292080194259	-0.11845614574149213	-13.66889232218668	13.639222447985974	0.7563239221245267	-9.395302210080862	-6.730932876726598	158.21142588351904	-25.83680961674297	-26.96931359977465	-19.7818537785066	-24.423863808868163	66.6044626968817	155.42010123667015	-290.4403429852848	158.61514277152645	-38.069328202741914	-10.761512173281616	-37.31355380675839	-20.114095501822618
18.930949074074075	-73.54580693672102	281.8455675681888	5.914808539150818	9.548560376393379	5.1372160023330595	1.7024386116959456	-14.972055885130906	13.515785224937188	2.2411296919038532	-9.126434960713635	-8.754887038323972	159.34308271715753	-25.248439963584175	-32.465335737823324	-19.486886548646453	-22.916682249904312	68.1537673341485	155.3937910069359	-290.03912189236837	158.42266999422037	-39.60382036187434	-11.11704832172903	-37.364113544121196	-20.23662726233694
18.970972222222223	-77.31290320504908	291.4576386696307	5.10409650764182	15.974971445385544	5.552619744555703	3.0038044417790086	-16.28375511690935	13.778069828436177	4.026145040326115	-8.665707015105975	-11.754010473140056	163.5302166345193	-24.430030479517697	-37.955168296941565	-19.355061027491217	-21.98009506089052	69.12390063632432	155.25716118143592	-290.1229851959635	157.8043230715606	-41.251082571118104	-11.187881111878824	-37.22300453075681	-19.860493461750593
19.01099537037037	-79.00979475238697	298.58585008204284	4.532673615894409	19.15470791084337	5.83422196959381	3.4948294838635485	-17.14302996723039	13.475748320851356	4.99350701992186	-7.245956426980818	-13.057221913430269	168.07989031285615	-23.814709122864585	-40.732874603329904	-19.249202654768595	-21.578175262792925	69.21770581917256	155.09977654552668	-290.21091380025047	156.69657362265988	-42.2074711502689	-11.581930691850246	-37.2045607532032	-18.829450824495424
19.051018518518518	-78.00281461460688	300.75221682054496	4.620087451889778	18.89197950268071	6.050774258528658	3.1320753267098818	-17.698648228076216	12.48211911433488	5.459738725943742	-5.866969385090733	-12.264668854207372	170.11297470104887	-23.878638723594975	-40.57530591476852	-19.124926057949054	-21.683344605245694	69.07566150466742	155.18189124928125	-290.0355380861113	155.57618529989855	-42.520513693047874	-12.344858142262964	-37.067830384962264	-18.210466383115588
19.091041666666666	-78.18369845218352	299.6021735766079	4.794206482001516	15.88175955648759	5.9117559257002945	2.2075527194547626	-18.21433513830296	11.593253513494032	6.122837712306082	-5.693010859572537	-12.47303175938292	170.22306198971575	-24.0566205591832	-38.036664004984104	-19.01887637044196	-22.154904310050057	69.00809344048001	155.53590323461043	-289.5396455168629	154.9831966585654	-42.61046311772729	-12.844247369643327	-36.54518580329784	-18.537506059082318
19.131064814814813	-81.52373361221787	299.19090758662355	4.494438289231167	11.248901164431976	5.387578527502413	0.9667543775031756	-18.47035387778019	10.965785184565133	7.001193814779331	-5.696784199577184	-15.234459327900822	172.58964933263212	-23.699652047848915	-34.391088883198705	-18.899580011907943	-23.142184569378244	68.96141149125505	155.90890160671563	-288.7706671951893	154.73657178139186	-42.569754192065645	-13.121638424346543	-35.55225630512821	-18.820590559008565
19.171087962962964	-84.94249715146928	303.63329977522864	4.047421960978927	6.76447279672446	5.245696843160101	-0.1520569453739561	-17.886512476833587	10.236269084592436	7.6466325036611495	-4.706126390276389	-18.10248844952413	180.924488909407	-23.199326270689866	-31.367201854222657	-18.800311093944842	-24.602728845042293	68.94475286002812	155.9939664158889	-287.9027381949071	154.60461254792648	-42.142174603755635	-13.774482920868536	-34.15495551242657	-18.477962305248383
19.211111111111112	-85.8677246855345	312.10046794858226	4.047115471588001	4.033795720343564	5.877444094468523	-0.5833659660980618	-16.656570776644386	9.668891812842642	8.159981977383334	-3.2499500120423943	-18.899973124342154	192.335521276743	-23.03705501469591	-29.699636019814903	-18.69778061999196	-25.665840827069886	68.97690911778123	155.6432051443513	-287.0797761973627	154.69489908885038	-41.41718834286523	-14.690136823966668	-32.697323993946796	-17.927239938542257
19.25113425925926	-85.44990343436201	318.11390313533946	4.720743150473113	3.1595744824711	6.687316229305907	-0.403354378650444	-15.518049919279312	9.596271764739152	8.958537327930012	-2.1441097742591713	-18.84788071424626	199.3373730379331	-23.391544443573153	-28.998564373312178	-18.56150328897506	-25.83898999220642	69.01225983700378	155.00385450712318	-286.3882379856957	154.86006732977694	-40.75658901187322	-15.397438074249337	-31.459559798539843	-17.551838819752163
19.291157407407407	-85.3295233569099	318.5912358192923	5.4751779696218446	2.8682050018660035	6.873496874899957	-0.26636018224455854	-14.448448962748875	9.563310117480537	9.890920329184121	-1.4915718101162059	-19.637407719047488	199.85622782129116	-24.306581206125742	-28.768978529107784	-18.846466427921243	-25.900773455454697	69.03090208377435	154.38652911981723	-285.83573533331617	154.60660868559856	-40.07584902190064	-16.04157504611075	-30.166516158224326	-17.61188497505701
19.331180555555555	-84.92743973747315	317.74971680276605	5.138191596724518	2.5701098162944054	6.02209602512595	-0.5129250451137021	-13.117113433122933	9.277359792689857	10.903725697070483	-1.177522296039419	-20.099719519032718	198.60178657308222	-25.173294767991464	-29.141652511031324	-20.055069999834174	-26.571542527066583	69.05294661748044	153.86703576639678	-285.65919055273224	153.46521072897954	-39.22109920289104	-16.862321742815524	-28.363405420196855	-18.013713985172956
19.371203703703703	-81.67979944415725	320.0529081654197	4.4143217827745715	3.070274590001338	4.648203462146917	-0.7418635146588157	-11.766618812370037	9.212907302635136	12.45535694426258	-1.1871421593383467	-17.852796715823203	199.44389414178573	-26.173298802827176	-30.5784555944106	-21.757843797604522	-27.508180874357507	69.06363843931274	153.22346296233076	-286.4944508361561	151.91787192871334	-38.52903786630192	-17.61505258219657	-26.088666907820084	-18.3346878182211
19.41122685185185	-73.31808621850732	324.68221392319646	6.09549131011652	4.503777902298861	3.7619581234749915	-0.6574137880423644	-10.810432737376994	9.439883911572267	14.464912093882909	-1.102777577553086	-12.59542115062176	201.7983479828743	-29.277176685391396	-32.70120522644264	-23.178152288112145	-28.197428127810156	69.03682752962933	152.4719411754374	-287.97699683508057	150.86631830337748	-38.269874276493695	-18.071740375685906	-23.86554810315397	-18.504154261121556
19.451249999999998	-60.37749350691153	327.5486526810241	12.064616919554172	5.55701348778848	3.526464762263949	-0.8202725386915588	-10.337330025955264	9.28508256512231	16.22984658185106	-0.3435379587124105	-6.505299148773105	203.26997717560454	-36.12772828185771	-34.333519931743226	-24.063070151848677	-28.776507614273896	69.03017962693735	152.05292305384393	-288.5781896620114	149.81126311257822	-38.306353521296174	-18.35718098186581	-22.05834994711705	-18.589202670804625
19.49127314814815	-45.54531532372123	327.4030543522674	22.167982336516623	5.744113283941419	3.4995837322039005	-1.7717830602367446	-10.227264487648432	8.722988787135652	17.21219025296482	0.43164998727549414	-2.0133641791717025	203.19050775401286	-46.46809551371922	-35.32694013394928	-24.300757242410725	-29.58282271617925	69.11991101507546	152.19104285712706	-288.1059480272014	148.2966495577251	-38.480820841072685	-18.597208100919786	-20.857496532761303	-18.644029018752306
19.531296296296297	-32.179983158786534	327.39821186027694	33.94219466889826	5.842039766609017	3.6926804225377414	-3.181806966395306	-10.508853679360469	8.558590964915853	17.388164016982884	-0.06496727902333141	0.04918507625924917	202.79223966328698	-57.77093856037132	-36.44214811775707	-23.828678850338093	-30.60009979303352	69.18390715159946	152.54400202251946	-287.90357223915385	147.41822702215546	-38.688048458301836	-18.606626225055535	-20.565808130426632	-19.038319565195238
19.571319444444445	-24.10176714221316	329.20623030601223	42.17486458807325	5.808065937981933	4.368315863555714	-4.269209084917892	-11.177163093390446	8.849247409626098	17.262896348529992	-1.1984889505570795	0.8294812156475615	202.97791343903617	-65.06864466730089	-37.34475187110726	-22.89339561200515	-31.536706235936535	68.99158937807918	152.69376871191554	-288.12684471648464	147.3452599464265	-38.86779000838135	-18.384778446217766	-21.02419099859614	-19.61136332280654
19.611342592592592	-21.504418305528276	330.0885709770668	41.73785978391929	5.0859248789269005	5.21465250290723	-4.573432407885166	-11.661425480062238	8.763171985153223	17.219757451054683	-0.7741325851188605	4.628467743488173	202.8806904894053	-63.866520359001456	-37.263119931460736	-22.129221922574544	-32.177253321075796	68.94533296699223	152.59491316937408	-287.5857197521445	146.78796678044847	-39.0359837960992	-18.595269586418894	-21.82676418967661	-19.349486911673196
19.65136574074074	-18.36497831681255	328.0892069639076	33.40063978999093	4.254500532625317	5.715938752811564	-4.315397602483277	-11.479235225159464	8.184553049997962	17.262925451249185	1.4221930207061817	16.128659367272952	201.10680200812493	-55.506713937310664	-36.78973454728553	-22.107985213049943	-32.535141204306	70.24710277788581	152.453886980774	-285.99373428714813	145.82512163092073	-39.23149290312905	-19.660855359535546	-22.8913539051304	-18.21900901106254
19.691388888888888	-11.347845067201616	325.5827003358053	23.873996793511832	4.149145098012711	5.970810034020162	-4.068826798618261	-11.341083349086329	7.77045213666796	17.350196270568752	3.3961042145124534	32.35116622369654	198.7333155758824	-46.30456587483599	-36.812469312354835	-22.42802987327562	-32.662946881950774	73.30148347248713	152.41344987821572	-283.8768935696855	145.34285089946667	-39.72936954947757	-20.89402420958959	-23.82956870503979	-17.25490975939732
19.731412037037035	-4.647337462237776	325.69417173192784	17.407126844774087	3.991294131711288	5.9120399982280585	-4.072663096396253	-12.124815469605506	7.409585627920123	17.11673659030662	4.69261143645237	45.42090291925395	199.23176288772947	-39.93124970041028	-36.51116472905953	-22.51205130308827	-32.52024751260389	76.88003829496394	152.48015827345188	-281.7049682665667	144.4599635088341	-40.56006122533982	-21.465657869015473	-24.262364955371865	-16.319142352266212
19.771435185185187	-1.213229943638386	330.2946597244428	13.203230219623064	2.2821725747161516	5.337619704525747	-4.110020896921437	-13.21731097339465	6.62232228885629	16.266623513825092	6.528373722541653	53.100725612844386	205.96085906893785	-35.665095837110556	-34.42804605712229	-22.47145570401571	-32.14822136051046	79.35019392650253	152.63652419207148	-280.26989662730006	142.47474807913804	-41.02874754943325	-21.46354364168438	-24.486853635142552	-14.527509583239208
19.811458333333334	0.6646800135626009	341.10627926712317	11.105998948392637	-0.14144233140837803	5.091886735356809	-4.205505803972434	-13.74225449929018	5.903437292956489	15.607223224461803	8.930370884950227	57.5785017306474	219.38725600177418	-33.08019434464826	-31.64784349008309	-22.048241563055214	-31.788103105708586	80.1700957213487	152.81772493689402	-279.26316568797364	140.574437680898	-40.8830232101479	-21.252735316282468	-24.60767392735218	-12.266840465577687
19.851481481481482	2.528324050564696	353.24892884268303	11.709648401348433	-0.9210944000774612	5.737052964461339	-4.573555904361977	-13.943950599174263	5.634123042613883	15.816786596396406	10.974334841672857	59.99457519944487	232.10680329145458	-32.65261411340346	-30.60234876310561	-20.91897348878632	-31.509330043489484	80.89126909266773	152.98787529376992	-276.6487954689169	139.2269824837204	-40.602265333033515	-20.977978163201954	-24.470636986769378	-10.789030637199204
19.89150462962963	4.160910203921187	355.6165412482218	13.279437403954706	0.29482617506392483	6.388869225011794	-4.347623108524565	-13.615105198289536	4.828185410092682	15.768962651012021	12.322714835190544	60.59231466578952	234.8050448768896	-33.65400182618008	-30.96689686461943	-19.935152844033013	-30.67290331335613	82.87814209874726	153.2227209698616	-272.81739857424617	138.14631749878083	-39.92645669632621	-21.477106044206366	-24.273049649636192	-9.718262355337615
19.931527777777777	4.926093306848307	349.19381046228483	13.82546304878983	2.8680319977865207	6.146123865500471	-2.192351435627348	-12.156846201723917	2.0447935782197955	14.661867333995541	13.378952060118165	59.54810895663337	231.1524705919557	-34.72548047047208	-31.22789515548878	-20.172501809672198	-28.442018828730014	84.51185472265024	153.43302220395879	-270.6475964686271	137.67369886218796	-38.45336171849837	-24.259248963494528	-23.82673788675568	-6.829985592093081
19.971550925925925	4.908866277265457	346.629870114291	13.335389557936008	6.440432647118721	5.1246814752673	1.3786796502968182	-10.544354329395796	-2.733314392541398	13.851966468150827	14.424304400271339	57.94213340108251	230.36104775276766	-35.270152040724554	-31.620708358548285	-21.40489674029351	-25.210507873353862	85.64104442143726	153.39247359569652	-266.40261497987586	137.18849276792326	-37.13939765334801	-29.32995723277199	-22.659176737180672	-4.299254260977406
20.011574074074073	4.5979723523565	350.3624856298443	13.044586798682419	9.64219619383918	4.519574477779649	4.610647502165097	-9.512134028029001	-7.159762454122985	14.287462960038123	15.282685887724945	57.32048758924872	231.54284224022967	-35.586855005025726	-32.55082615906581	-22.371968273499974	-22.44535236920865	90.12974714823302	152.99741289447456	-249.64133351105988	135.391833417369	-36.56046527220353	-34.20691324533777	-21.095437729271552	-8.206663684513117
20.051597222222224	4.504994433952868	353.9541178314727	14.494173069205294	12.44236636947685	5.7814355461805915	7.1389583366910125	-7.7776730576110245	-8.618335738650963	14.663712693143328	16.218607797782976	57.52720443651338	230.9677249767484	-36.40814329503718	-33.513715018031704	-22.367081940107838	-20.69842814696193	92.28786572369863	152.16973754436566	-219.47184501112463	132.74726933277174	-35.61345696396074	-36.45375810753498	-19.93449050428299	-15.534400735137638
20.09162037037037	5.822313418815672	358.6629109192838	17.62105268636032	17.457750308021964	8.49561980402135	9.955707393332084	-4.548576466497935	-6.448761843530023	13.426856202312763	17.248003608546213	57.66751691590183	231.5515467581539	-38.19576697857343	-34.03454149691811	-21.606557759073326	-19.10283648771798	76.35465514308962	150.9326785590666	-189.50671484133147	131.14654066277936	-33.60841209334856	-35.50877258768821	-20.242873905753612	-16.603726323920597
20.13164351851852	8.757961734264669	367.7799251545934	19.635991328610018	23.755448659474276	10.23262105264174	13.286993037768145	-0.5386263162828554	-1.349481446573144	11.211974017236214	17.74650149142469	58.016966166703966	236.89075774236176	-40.15431304468308	-34.06843730037082	-20.429081910758796	-17.07349918448635	48.188240790253495	149.63743578013026	-171.15887442247293	131.46069993167035	-30.89968752022675	-31.710609337885643	-21.75131211991622	-11.323572028418539
20.171666666666667	11.006590548170866	374.74942066451246	18.97771107066423	25.615762978744925	9.891278134407887	16.305638889580866	3.600126369593808	4.323804659948862	10.07773901892639	18.173262029069086	58.85346058441583	244.25421994272176	-40.94955856921786	-33.63943143359883	-19.962837155085836	-14.963320908587775	32.83890723172284	148.73282058599972	-163.3042786297318	132.8734496046186	-27.668234419910732	-26.944538349997543	-20.8124707049857	-6.732692931078702
20.211689814814815	11.081512026947317	375.7151605571612	17.533343900665447	22.458014381245903	8.917460946111836	18.203491570265417	7.537963181137205	7.175935408942014	10.499691874036918	18.95328569244212	59.591009587057	249.66608446201553	-40.671920007397006	-32.941029841668	-21.365821272325263	-13.564366273819203	34.89817346719041	148.2339490666012	-159.60360487865728	134.3535931000146	-24.228429962142144	-24.590497871761883	-15.653975349156397	-5.737653834327631
20.251712962962962	10.153859440427581	377.7712263792804	16.58131071688883	19.493660422789596	8.47378820096422	18.079508974473917	11.050380785179438	7.0317161916560975	10.845040983119492	19.08163049566899	59.757570769876175	254.12622473167386	-40.38369737774008	-32.69113987225866	-23.5012699815872	-14.15533154685339	41.64489057266887	147.76312209691673	-156.84259153221228	135.76377591451615	-21.186313867977177	-25.20496347148155	-10.417084800206126	-6.344662187797226
20.29173611111111	9.802241518773265	382.6020760090502	15.738101373367822	17.78101687902908	8.310377607370567	15.845995534377463	14.116317325467385	6.802723562238504	9.971782378919364	19.02122367014589	59.85076210185514	258.2287641341087	-40.51453255429303	-33.17918447075414	-24.637718579849405	-16.85665483123644	47.21644923189579	147.2884515787712	-154.6816286822862	137.31032436057157	-18.59518026597921	-25.908450120986984	-8.30720294403568	-4.916778084547488
20.331759259259258	10.99138026633489	384.63682599464903	15.349640894674101	15.515532003928895	8.095913835314253	13.513713219200273	16.73423286437216	6.561755822818565	8.680795787880319	20.83080543199836	60.859466600372194	260.17226777221833	-40.85819132378326	-33.668797530486	-24.86691453852025	-19.39342335532605	51.38279886921299	147.09975926722194	-152.4244531914664	138.64710997854638	-16.166071784914365	-26.338514561011692	-7.525709510492618	-2.7086344004438985
20.37178240740741	13.07658555010065	383.39145950736435	15.715352385740545	13.574243646072585	7.8268340908288145	12.691018127522739	18.811466239070516	3.00459158003027	8.188282039273727	24.040548324669718	62.32947859168399	260.0268623671267	-41.17113162752052	-33.540339977768355	-24.9624350149723	-20.18846727879159	53.710616198722676	147.17452695417077	-149.60081418679283	139.3641178831194	-14.013909866922404	-29.822663192816464	-5.855723793129343	-5.91849557598087
20.411805555555556	14.066187909735847	380.4282094236688	16.485590209847885	12.462412971081196	7.79877023787819	12.512060195322887	20.405174195518455	-3.62757787037495	8.377632294932639	26.44753206950529	62.70072939178913	258.0799618868469	-41.454270255831915	-32.86371716950366	-24.863360936761225	-20.14677012105912	54.395964178033154	147.32440502255804	-146.9744152150049	139.841419312264	-12.270146596056563	-36.3038971704365	-3.430951267929487	-12.868580722123568
20.451828703703704	13.889072519044246	376.2777587237936	17.69592729296829	11.1068918582905	8.358968444869763	11.961191746953357	21.898247415088928	-8.5043324497671	8.434075512937728	27.669793184625277	62.04712336171302	254.3598671251881	-41.76924621922416	-31.824732691795177	-24.17168981778974	-20.24409747272051	54.73233058692706	147.4745967950175	-144.90572317489085	140.7496480215453	-10.62768305011538	-41.01979728246407	-1.5124666942163856	-15.516358729612392
20.49185185185185	14.1183943867506	374.292979679185	19.038778577078812	9.864601716386446	8.968712478070348	11.343355922499455	23.20598690587881	-9.62545233272053	8.29803363072308	27.803794865690406	61.70718986888591	251.81903869535762	-41.984507532871135	-30.651511379606262	-23.364987258262033	-20.46658984060852	55.22812484462428	147.66901012139144	-142.9745109497801	141.80379686633603	-9.126799482849549	-41.94798543530504	-0.8077703761162951	-14.253577688872625
20.531875	14.740863908714145	376.2511738972338	19.78808189881173	9.751022783841297	9.033883205377663	11.182503822073532	23.69597967227732	-9.299639012925349	8.207278986387191	26.311486190125134	61.88709239618277	253.4732706894912	-42.068349385102465	-29.837247248159642	-22.96902000818821	-20.49231707241229	55.57064240974065	147.99638962843	-140.87164828787132	142.2739722244194	-8.305325774938595	-41.35722894694895	-0.8436747864346046	-14.676767000283931
20.571898148148147	14.603950094074484	378.6162490407524	20.191137252955826	10.261175257288267	9.209870727331198	11.806039544584838	23.44439447896498	-9.143704240757149	7.951852853234261	24.072462209436985	61.99441038206652	257.19354973418916	-42.137330906685094	-29.644124638606996	-22.44401614623807	-19.777165248537997	56.465683415826014	148.34559333106708	-138.52460287222982	142.5538959669606	-8.19861785829653	-40.87016331639546	-0.8847676206590904	-16.829392463613445
20.611921296296295	13.500082237996871	378.8617614813733	20.567013126511863	10.741894305985936	9.85225509839582	13.07728541542306	23.03491715601348	-9.100568753882936	7.58754276037727	22.35981489185284	61.916319213237514	259.14694314723744	-42.147907625398446	-29.63058179578836	-21.580193467871325	-18.42523153987824	58.2933445895831	148.56763512494845	-136.18059991166587	143.37419061023485	-8.405947721048904	-40.250814792264336	-0.8318973331572721	-18.00908862729021
20.651944444444446	12.280266577798502	378.5842967254205	20.207009482989772	11.281806724914711	9.949454948454417	13.890126978091775	22.583680067358053	-9.039262044854818	7.506368792739876	20.90596054636025	61.773327023598924	259.566006343093	-41.98347465092712	-29.318949653646655	-21.22875432882006	-17.62523920475043	59.74968645456793	148.82188768467384	-134.1794317726215	144.55791626322997	-8.664101443939416	-39.29289818475003	-1.0526532692229296	-18.07890534112235
20.691967592592594	12.099807768835	378.94980627710913	19.421591628018106	11.09558932766581	9.088716829785724	13.187205114047911	21.735005062296864	-8.943126411160629	7.759579371379808	19.795298650633438	61.7528380604004	260.3383894499579	-41.701572357847326	-28.648087659767057	-21.485007355314423	-17.922039482812664	60.08918587921086	149.42626926029902	-132.34213770950691	145.60657967706155	-8.819188502306616	-38.43675048504119	-1.7700665036080636	-17.941322759364013
20.73199074074074	13.340166914029993	378.95617490534147	20.18845239659426	9.56476420160552	8.621383119252956	11.416637911290472	20.25853204666216	-9.063868678402988	7.845911224000723	19.988162047676134	62.15429550359073	261.24461037697444	-41.66409380786425	-27.662383998768533	-21.00989092470782	-18.54345346315239	60.07570298830413	150.36870257512913	-130.35680544342085	146.16728060496433	-8.960622068538726	-38.18375157160173	-2.723580097131588	-17.661301196878938
20.77201388888889	14.534014919632561	378.9121118902247	23.453525898236126	8.220360415987386	9.958563947893937	10.106244527013159	18.843930345289234	-9.778735075972575	6.918124946238187	21.136690330649007	62.18193452188817	262.05234228938133	-42.28856660484114	-26.849808895538033	-18.81438086082106	-18.683834771051735	60.24015273737192	151.22704764405267	-128.64881500787897	146.26440074798825	-9.249612952486132	-38.57139823293771	-3.7373350531044878	-17.421414997166735
20.812037037037037	13.362915409764925	381.1158037280264	28.334711949465227	8.8093718110568	13.139465557287766	10.262392123504183	18.410487302499007	-10.601447924765164	4.953587377195233	21.85021991894905	59.9774450755001	264.2931862391816	-43.38319188897293	-26.83040584593796	-15.12651424741216	-17.948117922931644	60.49145243934626	151.7340564629391	-127.78239849900565	146.38733539676025	-9.441829383118332	-38.957500022846716	-4.935428899521497	-17.619341370017636
20.852060185185184	10.75981916691036	385.04513859826005	33.01578540800891	11.001764724740024	16.950205125029974	11.558034265804176	18.568054247642465	-10.749427632202694	3.1776686748776126	21.408478050663106	56.77224035954634	267.68452336205553	-43.96621720736847	-27.362998002057736	-10.961350850610131	-16.346481577808873	60.72761362754548	152.0885023102476	-127.26936885245068	146.749606650501	-9.32561153954893	-38.66551225388871	-6.044687539611147	-17.98936036471109
20.892083333333332	11.449424139516172	388.20305416790166	35.135762803965974	13.11277159162636	19.368450176513754	12.60845903377567	18.144444956607508	-10.66231848703462	2.466449726834636	20.267763724194864	57.813319209202675	270.34539877973236	-43.12908567907827	-27.85631414224744	-7.985993693618383	-14.755036781741225	61.03316266786443	152.64538729210273	-126.14177870607206	147.17664786096566	-9.288107891708194	-37.999851766294626	-6.7267413398283935	-18.16979601712511
20.93210648148148	16.386240349704455	391.0802834105155	33.17798466119729	13.508093906993345	18.887277064048963	11.844439025079792	16.730431509497553	-11.140279103589663	2.4651548966088135	19.43560523865622	64.8294487459477	272.9898868356245	-40.72732656683979	-28.089286506474238	-7.5398648561575925	-14.58458397814789	61.82731894854557	153.57244958004463	-124.38044432290674	147.69165136321138	-9.698783363991353	-37.55713736290822	-7.2403468978083225	-18.140113346375315
20.97212962962963	20.824220676714404	393.9485570887196	27.621843805627474	11.658370490393983	16.073738438788485	9.117491894592545	15.035508410757377	-11.886214083778485	2.357360249601389	19.232760401215497	73.49290560779613	276.10499298951	-36.884714319904205	-27.844460013650817	-9.229532803004318	-16.184356095525956	63.16480631678699	154.69753028714655	-122.76741630345909	148.42033274017592	-10.204857904530328	-37.19799704742472	-7.921509336785107	-17.818663040290858
21.01215277777778	24.261032848090817	397.04076724277036	20.414441985031115	8.943662484317223	12.892328860566545	6.3334925949185354	13.983889531739322	-12.203869819621373	1.7234271686953975	19.252836581149978	82.30204347049495	280.0488138833905	-31.88207250754901	-26.996008181777498	-11.493226029579603	-18.051632957056455	64.18269206923733	155.6171543904022	-121.58114373035717	149.31730473614638	-10.414725196402685	-36.64239564279184	-8.743782851590709	-17.345419548760944
21.052175925925926	32.12437182419625	403.92837494645374	13.420915714004263	7.294993823861755	10.402091813194076	4.984937533767518	13.48447023634033	-12.13198857763826	0.7919197300513744	19.31524944743752	95.17363273169104	287.8006230577634	-26.618570976408122	-26.12519105987799	-13.41307560508713	-18.830443831809603	64.5011297293843	156.18134344484702	-120.4668853837202	150.16106170224938	-10.637589476784967	-35.93435489400734	-9.52613891453943	-17.04805097931869
21.092199074074074	46.25662253872911	413.569807460839	7.766297169882539	6.923180800452992	8.55210243029981	4.433259157352435	13.129445906934755	-12.182923713576734	0.19382672546328727	19.507429906553238	113.72768884127423	297.6591493544327	-22.66392123602067	-25.886606198124554	-14.844633381158914	-18.9635665229178	64.84335112467454	156.58607225648433	-119.39552114394765	150.77881286567114	-10.762728509362873	-35.269971390262896	-9.670637394738634	-16.75094705714457
21.13222222222222	63.817381234687645	419.7468442848807	4.505241448133272	6.6755795039846655	6.7959388894793555	3.775500352652585	13.448857688741583	-12.36301062043962	0.26320202383921937	19.655102510638876	134.20326372714328	303.7281589116263	-22.082782696100637	-26.000669596482552	-16.30464968625749	-19.325057936998064	65.49902311501968	156.91229830093062	-118.66436654278526	151.32691602967213	-9.942874589796574	-34.91790686415638	-8.59918434117121	-16.19716611580273
21.17224537037037	79.98221265699924	420.78764276569734	3.752749430489603	5.985838305163728	3.967642206747654	3.0913181455645384	12.560883992017189	-12.242126537154352	0.5731977933440844	19.519855554175685	148.96524586754055	304.8709135514756	-25.073570718492306	-25.95677324968497	-19.094602147321694	-19.97090822895865	65.9663332558722	157.0429001304186	-118.30515153328311	152.0061256505815	-10.537643992514944	-34.887932175429256	-9.137059655674278	-15.711256162390697
21.212268518518517	88.63830296971203	418.42405357133106	3.9797246960880197	5.388548222780388	0.6098764432985907	2.5496317908170765	5.600095441037104	-11.890695348378026	0.6735908712840635	19.52792678049373	153.03565579448724	302.51254111152053	-28.102544575329674	-25.89529404700393	-22.446501014879175	-20.506749406479813	66.03279982483637	156.91379760547107	-118.23653665801534	152.75505606566603	-17.501772038606788	-34.9574788896865	-16.562661611142858	-15.377384997048907
21.252291666666668	89.16457412868107	413.18061796450024	4.016925844083492	5.433570538266586	-0.9179832364292226	2.141388823445804	-5.594642033402168	-11.700421003586765	0.600181269703679	20.312117490463255	151.80192842096574	296.8044466838386	-27.697739416047867	-26.052912792435336	-23.678714459857474	-20.619347125634505	65.94455450609296	156.61711881904637	-118.46474046595962	153.10576326940952	-28.33658691192589	-35.0594878137409	-28.620386333929048	-14.684312982398225
21.292314814814816	87.57546571109327	406.8243839374416	4.019343923490656	5.794399626270891	-0.2355232699661043	2.061323583838753	-12.357622455487363	-11.623668031928506	0.48526461244707536	21.37606889731699	152.86351813749224	289.90507278731053	-24.646890056322903	-26.383120920846537	-22.885566660851012	-20.588721026812607	65.90683423463834	156.32913039885733	-118.85609831052285	152.65399449186305	-34.56052838460111	-35.17537023790213	-35.87225276753041	-13.803640197648704
21.332337962962963	88.10921670457296	404.7670590116091	4.227979065750937	5.640035422711561	0.8016881056847933	2.1151183095098713	-12.47006621160463	-11.519448835878322	0.4598634736019986	21.850490588428222	155.89705615819503	287.66413791857497	-22.376475894996943	-26.77670769379786	-22.45010951327174	-21.13667141626604	65.82609132785386	156.13744475850422	-119.14147893707623	151.97519849249085	-35.045270228720156	-35.30574071296202	-35.96191619893695	-13.466483692087294
21.37236111111111	88.16924810303323	407.4893199704593	4.308227759045815	4.7728618885159495	0.9738768002014179	1.7791247429408998	-10.496569307980478	-11.496372203301993	0.520067541385525	21.85386873714787	156.1672685649191	290.40888265131235	-22.08119675650849	-27.06485016420423	-23.09724889507949	-22.29198830974468	65.38794138767157	155.89754231799083	-119.2723288769018	151.7891677985358	-34.37836379317879	-35.59152608390656	-34.52752209043109	-13.737861216603733
21.41238425925926	82.06177271827643	402.2325927560588	4.2444653478340095	4.13883748953282	2.0196044080911038	1.4320266322294888	-9.107759405829585	-11.416059144084672	0.44020688135295155	21.508114653013145	149.98494847232408	284.94271394807345	-22.055516253547623	-27.34501324928351	-22.61856120640668	-23.20617590027102	64.6902838789362	155.4092631402243	-119.48953568536733	152.02758508011254	-34.1039959513585	-35.96380852431059	-34.51712337857958	-14.453622766832936
21.452407407407406	72.50419432318719	378.73720558984456	4.973893031744694	4.571451933041622	5.792987740301389	1.6552139323809514	-8.498801380073086	-11.11692080433223	0.22103541747174493	20.68826298427838	140.59736523908208	260.7021755636489	-21.89128547365638	-28.041777978991732	-19.332462785636082	-23.470325751973803	64.32479148586657	154.87330067543405	-119.93108522226281	152.1691393190834	-33.924544965870794	-36.23166750260236	-34.92345980088784	-15.542426893844805
21.492430555555554	68.7662333530758	348.0911762162697	6.63954929551754	5.283942632823712	9.841336266838518	1.924075593189503	-8.317541947128952	-10.929992437508318	0.13806225820048737	19.834959967208594	136.36525845243904	229.11310353674025	-22.39636668824943	-28.96905672340256	-15.768028628610352	-23.685113972225835	64.28034361378519	154.70051835569436	-120.50022327860471	151.50490170750578	-33.946361613745424	-36.55402734208063	-35.00195937635533	-16.719873284855495
21.532453703703705	68.86118529281116	327.40434353576654	7.898730751004363	4.717950709690118	10.945147961801688	1.1013720151608615	-8.611897037029843	-11.627383476033359	0.21537604260739887	19.08486423386205	136.04895745210104	208.31426738792226	-22.813305074466967	-29.08825103675116	-14.527117683881158	-24.37030206795383	63.84715963651182	154.74534071160025	-120.96411161613908	151.23183302916746	-34.03393620813418	-37.10194416911952	-34.77286876905788	-18.0221087703992
21.572476851851853	63.028953172159625	311.79836794789185	8.055307068869212	2.6663959213971267	8.912828441257297	-1.4784671275461523	-10.525614548578185	-14.04700939554859	0.5097542166272029	17.817664260765692	130.66717949311763	193.99936341902054	-22.403492673275082	-27.80042897529887	-14.741975095107719	-25.134034347466297	62.96480174190914	154.54672301936483	-120.91722622785285	154.42698687245027	-34.17406599031398	-37.70000176608113	-34.13924006192866	-19.88160017899186
21.6125	53.73373620409804	286.4726953195648	7.737615147759609	0.32772307455155697	5.7918076675867525	-4.734131573020501	-14.05285973821425	-17.476173516917964	1.7194343562729917	15.708218746642256	121.95071104846261	170.71016496634093	-21.81067379689918	-25.76293464413216	-14.905508165084882	-25.4352020062191	62.394549326291	154.15211736651662	-120.17880881711231	159.99847101332506	-34.75779730164825	-38.176856833670826	-33.069064383802356	-22.43947701659053
21.65252314814815	51.175244903427505	260.59055073986116	7.741468869070279	-1.5258083006588383	4.1456357000788655	-6.746687761042444	-16.92315336974902	-19.8084699481682	3.88224546157411	13.28069792138081	119.31195501262854	146.60686428821333	-21.631957170889663	-23.98344481977594	-14.619742242976628	-25.509241563417007	62.698790051283886	153.84634226703454	-119.28342608293867	162.7236701578529	-35.68587176424005	-38.572878132910944	-31.78444154116987	-25.283723660663995
21.692546296296296	54.57078800743984	252.74580157660145	7.926067536096479	-3.0906458168440087	4.071435127668733	-7.463018904315599	-17.778259090295805	-20.522948503188378	5.377486119441896	11.507661960711038	122.27610308863667	139.94272736068183	-21.694155025562452	-22.80306540453674	-14.382274686634858	-25.893761725323458	63.804257918294965	153.65160994918153	-118.900041006313	161.67409988818451	-36.231956005901495	-38.9527669261842	-30.826783032451488	-27.610442383213936
21.732569444444444	55.775294459359856	257.2695793947074	7.381005310598709	-4.238621962519426	3.815542592648344	-7.727014135813837	-17.541044006040295	-20.633662178799405	5.216467803293455	10.728593854029977	123.48404854169866	145.15444927837302	-21.657444729658906	-22.115353339890945	-14.804938895140538	-26.35406383563138	64.84522408005857	153.54642392003115	-118.83407136464125	160.54939767599245	-36.18764196997044	-39.25150421564025	-30.612862799084468	-28.642523025405566
21.77259259259259	55.76228030116408	259.6131075076791	6.363696500966676	-3.7371164191955146	3.108672481508094	-6.86885346364409	-17.229089035250627	-20.439723171952267	4.737123171718437	9.84082555875021	123.75843006810123	147.67437674152382	-21.706724986111723	-21.938370132917527	-15.561784951060773	-25.67523160697293	64.97086616447821	153.55620876956152	-118.4224110965565	160.84287886576868	-35.943414980432934	-39.24835559521415	-30.596787944371755	-28.5002837222859
21.81261574074074	59.99063572842166	258.97201921207	6.196421944842387	-1.318584908311133	2.825509391139055	-4.582084008810329	-17.057317161560302	-19.911266447712322	5.7488334471577005	8.009041447411235	127.78213310979856	146.75553737823168	-22.194978868372445	-22.2151992722211	-15.901943792995581	-23.533162245775344	64.55910488448419	153.6571872762504	-117.82015680112487	161.32419472441183	-35.81137883147956	-38.9164016885114	-29.68860779035009	-28.536627150122087
21.85263888888889	57.83872710573128	260.8069150338845	6.737161284629118	0.4291911334484865	2.944476056237195	-3.100192635463773	-17.10812157091136	-19.54685325708373	8.54076576413757	6.459995548604665	125.22176498630155	148.2874252505536	-22.66544580018899	-22.521132352810568	-15.911090030819125	-22.09315349803039	64.29059317293047	153.79544334514577	-117.59840058344967	161.45867900492743	-35.96492735327047	-38.6283514420809	-27.406232906854925	-29.739353552215377
21.892662037037038	33.375502094172944	265.5807934020818	6.843979713722245	-0.19064576511546502	2.888044720927196	-3.7487902879849337	-17.40330916446986	-19.470249471673483	12.246152492179595	6.364259951586006	100.91992477738029	152.99372594975637	-22.495778079115738	-22.59518101712466	-16.14251681133625	-22.789948860775624	64.27913995888426	153.96346543738957	-117.51678999418569	161.29174411897702	-36.42937783717139	-38.556494079836185	-24.247054230726874	-31.207542079960476
21.932685185185186	0.1550996983334258	268.2642919991803	6.519780075673814	-1.2917599664449562	2.805191113468827	-4.536311976012067	-17.776485161521144	-19.18091583614418	16.191288181974304	6.754491832705719	67.8591884927134	155.67190039125222	-22.262570387096545	-22.586314726607142	-16.559625665584775	-23.872807268183067	64.72266929765584	154.29557049147076	-117.19001367661464	160.3367971727471	-37.14073698526116	-38.505728305637334	-20.955318604794172	-31.874825727031904
21.972708333333333	-15.685008448297168	267.4650239459622	6.268226725889382	-1.403798516743259	2.7948646305562903	-4.0509225424773065	-18.082784352134045	-18.531820937895688	20.019288426400745	6.348745810028152	51.25396217603709	154.91017941518547	-22.840925304992794	-22.505226989257153	-17.06603748809742	-23.88288597127945	65.50199716668284	154.79351248945812	-116.738032931272	158.92596212972444	-37.94437274950394	-38.39245809658776	-17.910014924234403	-32.200392153961644
22.01273148148148	-16.498521037877623	266.3550853020842	6.326774926964899	-0.9157853080067787	2.349235517268666	-2.900882096776447	-18.138672226528	-17.80250433402883	22.615017693709284	5.410704380092702	49.34555348373432	154.12016780436522	-24.217471828307808	-22.248969641401274	-17.910656264845514	-23.184130753915753	65.86797327375774	155.19269999766914	-116.24591782649553	158.51819720630294	-38.39880941699079	-38.182916581474856	-15.790898476272204	-32.625784358160246
22.05275462962963	-18.495834440249222	265.87164937491275	6.935412554500009	0.07393598959499005	1.6298050002385651	-1.433430673895105	-17.54036903264102	-17.077724000999403	22.752318474915505	4.76565185422776	46.821000882678725	154.07612006103483	-25.977701017203557	-22.08911143225059	-18.951162998603436	-22.17494972059788	65.88129081696945	155.50863275691273	-115.78755309654109	159.07582590395344	-38.12155233296187	-37.82729112014796	-15.40231420333042	-32.8662556577238
22.092777777777776	-24.114880239092017	265.98405783038515	7.516705019037839	0.7935511139318582	1.252154225722516	-0.3245858881371722	-16.31986444221926	-16.268300882696945	20.99909009863464	4.634163299772064	40.685046140171856	154.27164961371784	-27.34428900273973	-22.195921237804896	-19.82747427446955	-21.358247058693877	66.60812775955267	156.00661182778776	-115.49032765972707	158.8186091130396	-37.3990365545874	-37.47866138688599	-16.360447939582727	-32.66583389574009
22.132800925925928	-25.756917451141135	266.71586407294154	7.0170726778803285	0.2567373049087401	1.0264203961977718	-0.5070096874845558	-15.463265653594123	-15.623645554318923	18.77005192861497	4.799826552119657	38.12348843359122	154.72965025646232	-27.4463719107724	-22.282019989927306	-20.49264491171418	-21.080394224425945	68.23156745895085	156.47481075920945	-115.42451473724277	157.53452640007788	-36.98024731003129	-37.35153200552469	-18.01057544293745	-32.03325217970645
22.172824074074075	-19.20730280357228	267.2448831704935	5.772881349887783	-0.09280169938240143	0.8382550830004194	-0.8439475003574501	-15.528373556070694	-15.518680256271074	16.38420165741702	5.0634795510736605	44.25737866984744	154.89693276883702	-26.575411743151932	-22.365807253927855	-20.76932962942398	-20.899153995025515	69.76876219729859	156.57903853561453	-115.50048016845567	156.9904856945997	-37.137516355468065	-37.44788779083757	-20.899870717020093	-31.557244086082704
22.212847222222223	-4.231116853401216	266.3784850536191	4.863496154027973	1.0678427749715704	1.2613629709850458	0.20372184635333745	-15.414608106354972	-15.57690762543265	13.389235514661488	5.677563667748789	59.69520001793073	153.67504589063412	-25.681637674838242	-22.644605037532244	-20.512525968611286	-20.636028052109012	70.28890845136985	156.58543222992603	-115.41071034827088	157.86638824206528	-37.20133489008347	-37.570286201526585	-25.030305037234655	-31.37046376560002
22.25287037037037	24.160576590510956	262.26743852745375	4.33177603906241	2.4209236603922384	1.593096399364574	1.8028775421854375	-14.124046683406151	-15.369153928105622	9.095070275138918	7.060960955780671	89.16663059428592	149.29586177626825	-25.019424916926795	-22.939172896405395	-20.76574308868726	-20.50372085092306	69.23016618805393	156.77912266061782	-115.30492569207242	159.0085959503361	-36.47937491328999	-37.730240142922966	-27.054117880185814	-30.645418694492093
22.292893518518518	61.2701828598294	254.48362292087353	4.145122916006284	2.831093335281611	0.7662929025098866	2.607250536233287	-12.53886338122476	-15.302523222481463	3.794926025436226	8.919746432197089	127.77804119752162	141.3993817189663	-24.550445703479355	-23.134161167436545	-22.198132922955736	-20.456878600367105	67.20941076352878	156.97969080014826	-115.65990125096549	159.35766096792116	-35.42736852134054	-38.13551184651594	-24.430948557732435	-29.345434663994908
22.332916666666666	86.58429821684848	246.21129020017193	4.767319764634869	2.6422124546214056	0.5921718729254181	2.776063614999387	-11.804043538317236	-15.37908305210927	0.027741947823455522	10.672061009378991	153.98454760676094	133.11717264019111	-24.247410354626425	-23.2662236235834	-22.612476234325186	-20.464913627283863	65.92593870813715	156.990281320007	-116.17644455837414	158.9747380278485	-34.90175791203892	-38.60075343076787	-22.658722963296483	-27.928455492537182
22.372939814814814	91.87582027094258	241.87698984034108	5.7502858618412604	2.450820845348265	2.5150831573982955	2.863541286707602	-11.858153068128534	-15.208786005589555	-0.7537382615418521	12.585547071135027	158.98437042868062	128.70764126735128	-23.79988055057838	-23.31988379188404	-20.49923840690458	-20.478737879771813	65.84255146856387	156.79646135442727	-116.30487798153713	158.56842455090134	-34.88038117011831	-38.801882413079625	-27.12328610469625	-25.948521432374108
22.41296296296296	85.4445346783623	243.72160552751325	6.339339530098731	2.34699170666116	4.249026580412899	2.3784375405742106	-12.401604382001173	-15.490949016035682	-0.29551723495882076	15.156146160955773	152.17416542709407	130.8025486125421	-23.38656866568016	-23.304405167237746	-18.074490409483744	-20.522904086740724	66.04353827266195	156.48465931344657	-116.4676512761002	158.67141767848773	-34.93034555852529	-38.84410108705045	-32.98539733689981	-23.263504307396346
22.452986111111112	74.66389509982271	251.63179146939962	6.738683128540431	1.847156128240831	4.4626375669218215	0.7634579271223555	-13.256865646451464	-16.711486760745213	0.27138454966514325	17.9081043160834	141.6085856975997	139.9990663231817	-23.458022742872856	-23.207761731339176	-16.94515453696762	-21.00248836594777	66.05348933276093	156.22940856996144	-117.2256723773808	159.04415271416684	-35.016477092492266	-38.94252112850856	-34.89794036507024	-20.77669077515624
22.49300925925926	66.34884752067352	264.1603255811216	7.05406828562065	1.0926352210014523	5.021676676882312	-0.6724717387372121	-13.933769455934085	-17.79436202251769	1.0386573363381544	19.632489341945814	132.7911317932187	151.92746718487803	-23.376155354951848	-23.182620641705753	-16.19945548006551	-21.9110895409748	65.99208126177763	156.14089272607632	-118.0956600713409	158.82427215902513	-35.09611478338857	-38.98329911083874	-34.49313635406003	-19.351124912844142
22.533032407407408	66.27260202867203	279.9265313051694	6.895750109898086	1.0372368380911654	6.673150042526251	-0.5554895699178668	-13.995444278440205	-18.043622334637764	0.958108774131141	19.688369211342536	130.57318438876047	159.5857087478745	-22.342003437807293	-23.657337086722748	-15.435034120486847	-22.602965741705702	65.95121017655497	156.10537296842153	-118.41482447544116	158.0424435349439	-34.71175252582067	-38.77340622553466	-34.29059527508696	-19.164543132785653
22.573055555555555	70.78575517848164	293.61036744320285	6.572833210725316	1.6047935951269745	7.572460328267405	-0.509822043270381	-13.556155736856695	-18.017240683481365	-0.19386417031312736	19.262095376423296	134.2205525939988	161.99607264196925	-20.99633995577554	-24.722477129417328	-15.074578602093467	-23.152527696034753	65.94053056682667	155.9540035983875	-118.33669656270543	158.0515478002973	-33.94205891533612	-38.553122996562706	-34.45330323798821	-19.243802976994743
22.613078703703703	72.20785466986028	295.22339369236784	6.6870812305515654	1.5649869950506345	7.05022968761335	-2.476327299495734	-13.20559413580328	-17.87195272284588	-0.47655357631168516	19.58952717832681	138.4332967884513	162.59258267147385	-20.38455088607617	-25.815582968954885	-14.778891531321634	-24.31812308279433	65.9546318016321	155.7658061662442	-118.29627477940586	159.14283191958683	-33.666743429479695	-38.44737525048056	-34.16039481705839	-18.615066162111845
22.65310185185185	67.85971755336963	285.3076580116084	7.077174103269447	0.4027983040187793	6.7294297627818915	-5.029618190697398	-13.399089915846227	-17.26708832772847	1.1073956583854336	19.881669433025532	137.21754103429146	162.37273805481254	-20.47901110548213	-26.206859471767785	-14.055577709084346	-25.79910608826944	65.92002980273116	155.67046295813662	-118.27954521193278	160.00675075918622	-34.118857682461694	-37.9916126323096	-32.95862864520193	-18.311280635863213
22.693125	58.30638296854383	275.67131306417025	7.420878621496805	-1.5619740270145068	7.074257133060597	-6.314295380967846	-13.951260993723803	-17.172642936817443	3.1019366821878687	19.219471283205976	128.17407540872853	160.56700168011764	-20.70718881089479	-25.48933599581173	-13.31495720601798	-26.678236921940552	65.80110750632757	155.4961854978358	-118.0803885405361	159.9629641270784	-34.569546017367884	-37.74743764462407	-31.462914068913634	-19.982262262107795
22.73314814814815	48.22300056965101	271.68743631842545	7.77578551912437	-3.032345474305245	7.221889380792851	-6.776359630565475	-14.33676730560298	-18.903274411955742	4.0186284572963515	15.95002080918635	117.45161836188106	158.87066733571186	-20.847048480448336	-24.170279025466797	-12.955234245759627	-27.044630436010593	65.6550467083016	155.1294651061105	-117.83160512240862	159.39794902408687	-34.54495616826986	-39.112911876136536	-30.53215346320505	-22.608273867610876
22.773171296296297	43.51983959221903	270.8960175101936	8.148996792376083	-1.7439864444393147	7.203201967569754	-7.037916708996403	-14.47664999309962	-18.734993282368475	4.282488437129303	7.587793192307803	112.48309570107068	159.81427676301996	-20.933683058327603	-23.36049814532916	-12.775942964606898	-26.81291490846789	65.34527040062872	154.84397238428446	-117.69136815477721	158.8384493602237	-34.43224349809543	-38.84036019894154	-30.13730851333669	-22.592809472420683
22.813194444444445	42.25657331798336	269.8617938268217	8.261621752371594	1.739680195672307	7.119378711996622	-6.661903329105251	-14.880618632142292	-9.821507846869823	5.289855238509519	-2.674183094517349	111.21653998441315	157.27745716513627	-20.98527713959311	-23.313577239849877	-12.776045826453284	-24.848632270884337	64.91151906501996	154.80630744364345	-117.58001371202322	158.61525904311057	-34.75772331675657	-29.975815715982407	-29.477170012363246	-19.1617520036271
22.853217592592593	42.296344984017466	265.4850802023023	7.8011810879418135	3.9389030846693873	6.478432812909484	-4.900122073425772	-15.699727019169764	4.7790673012033285	7.256755379589664	-8.260967590748209	111.33916828874463	142.96793640257587	-21.011122829230345	-23.4487479304276	-13.201913029156444	-21.645977338930848	64.95689947117496	154.8404719684467	-117.47296223977567	158.56702916387857	-35.29868791020748	-15.064487439612904	-28.12887624239825	-16.009366665513497
22.89324074074074	47.509670985214214	259.7004318755746	7.024984642806398	3.9632066903118517	5.5744114503167586	-2.1287247929825903	-16.125557143407374	13.784679359612408	8.932342462581492	-8.829720534824276	116.73608844484264	128.65457282594758	-21.03950594449357	-23.4757376165373	-13.807815480666747	-19.606782354989093	65.5728284348548	154.82531301631724	-117.29123363517776	158.3044832604471	-35.53413289272214	-5.623107318935723	-26.577427837012706	-14.861001056933347
22.933263888888888	52.66633338420378	258.8122577598373	6.657679501539273	3.5855318892441863	5.414091011315162	-0.21612707847999177	-15.437967929723888	14.81336745559799	9.549881724636695	-7.851321959768695	121.99025391523432	131.61959913536373	-21.019445409314102	-23.43967229561126	-14.033653959288557	-19.523567394253092	66.03918834124576	154.84809671110003	-116.92122447070263	157.97140896048205	-35.40159133767243	-4.683696101439281	-25.334958267469105	-13.969838278133622
22.973287037037036	44.33468658281362	263.2071365374223	6.564030600421083	3.416788707804601	5.796633700819119	-0.20228803226397604	-14.369704867085677	13.863707299609512	10.041501627482264	-6.715477896104611	113.60286043262354	144.0460791402671	-20.84686272434739	-23.44423681618717	-14.071225752376847	-20.388126107426856	66.08161965910102	154.9632949185062	-116.4462702932805	158.11555392843718	-35.08818846392387	-5.977443025759058	-24.195507834387598	-12.753787343012121
23.013310185185183	27.600923806229968	267.30479149711886	5.896847443741764	3.0975075064569006	5.5366279377332885	-1.2423580728368444	-14.226510120279906	13.630749402909284	12.052820480678072	-5.6866574599155495	97.0998481501223	149.24889967577076	-20.574949839474854	-23.795196023757214	-14.598606099084492	-21.425630131877867	66.00605434061231	155.03808921210899	-115.95852074274303	158.67178497720585	-34.878644196291944	-6.05521957817912	-22.309318551441777	-11.927156074225223
23.053333333333335	23.58383907772748	268.04571463044243	4.8233792143166	2.812075125907298	4.75027758084589	-2.1033462350925807	-14.838094471350594	13.841615704107616	16.039911120844025	-5.016738970951302	93.85105943719215	146.40518018970897	-20.254293007063865	-24.655370925536204	-15.472048075373706	-22.275803785450933	65.94071285872127	155.12402795749585	-115.50264722590312	158.53839480820295	-35.08506518545104	-5.635700404223925	-19.021612747390733	-11.36927742201513
23.093356481481482	31.147408982752687	265.3757382583727	4.216468044610018	2.53621394700751	4.475825540374934	-2.468912275607221	-15.135364257330291	14.6517438697964	20.717357371349852	-4.748786916838264	101.06014650814268	143.11986981882322	-19.926965715509553	-25.491853353631186	-16.122475844877613	-23.053439666754656	65.89938059490656	155.53324727571623	-115.17635113236311	157.41472687103334	-35.64632020330265	-5.488335615833634	-15.015086563350565	-10.798116746347077
23.13337962962963	24.237981278071217	260.9071222206896	4.194990057207829	1.64593741289326	4.449547585649941	-2.892200668059338	-14.960555434387812	15.302130360358662	24.06445548484595	-4.6233022403620945	90.8030511822451	142.57473045083563	-20.1475716617676	-25.72610835149537	-16.68948729672242	-24.029609619644518	66.13980489010355	156.0767270127692	-115.04222575897576	156.7122265665733	-36.08902184667424	-5.802063888418132	-12.02865353932134	-10.514414964669186
23.173402777777778	-6.113025404374782	257.4656059729456	4.310919731635054	0.2053779404904988	3.7481943653921563	-3.586116712434468	-14.549769908552692	14.907999907228747	24.28699989653269	-4.586680011263952	56.99946134637619	142.45464114832697	-21.46564598865686	-25.623800439242075	-17.574635849393758	-24.917787753933652	66.95115536387884	156.25443834301802	-115.04344709748538	156.62095537412725	-35.8868159608825	-6.5048645027877114	-11.589844933195309	-10.661889955219408
23.213425925925925	-37.24995104800633	256.7823873008063	4.342645880416165	-0.8082588220743773	2.66511754267214	-4.173705057650702	-13.790838865014528	14.894636915981739	21.406628936341306	-4.997345749166196	26.06306291994097	141.74253552794121	-23.39306321894945	-25.63429626486132	-18.63856851949609	-25.534546492965575	68.16298758319888	156.23355896345439	-115.07084913737494	155.872941612276	-35.096700187848	-6.49928847230079	-13.72719256740804	-10.990809918581604
23.253449074074073	-48.38176186207117	259.03839107762855	4.331125105318502	-0.693250549999452	1.9304890869523257	-4.619150862894095	-12.956174480648928	16.770534109238625	17.646291314490888	-4.769505581233541	16.585827609360145	144.2614857501838	-24.875682944760726	-25.298613587250742	-19.57085846358281	-26.10901168403109	68.887458987247	156.43498673743227	-115.05656622180716	155.02304158780495	-34.45537289073104	-4.6765489854402915	-16.803403361024223	-11.254453498450317
23.29347222222222	-46.957344966555304	260.610696566999	4.356164500247597	0.0706635538625491	1.546518946177664	-4.461187412121831	-12.5045906566168	16.383694903364823	14.542405968498636	-2.8607049651675553	18.169450115427274	149.4731089499594	-25.429326021787972	-24.20873298151747	-20.315869537376614	-25.980945706349118	68.23726584879877	156.8025331193649	-115.00327231234489	155.47898084751012	-34.370533635602555	-4.989995697915745	-19.593482421118466	-11.48645438508413
23.333495370370372	-48.071882486457255	257.8790813147395	4.449453552591854	0.4695510689367325	1.4456981055015694	-2.18452320419916	-12.260514558081566	6.770205622728861	11.844715390259937	-1.257501310056935	16.653075362237544	149.65585420629606	-25.34153281774026	-23.31968133495009	-20.727789347487544	-23.765880366820582	66.81512996557272	157.09950516475757	-115.04325930839344	156.79099191376764	-34.43554790799274	-14.680170548581515	-22.536041556158423	-13.19356968532908
23.37351851851852	-49.59796642447441	255.41661069799736	4.371608308515758	0.7677564535012282	1.7430588562385927	1.8512126298382536	-11.899448050494602	-8.582033555059578	9.208646482672089	0.3293374233578403	15.338660720884427	145.69763001749146	-24.975418873036475	-22.87089901034163	-20.627099953174948	-20.13857330141454	66.19782811390942	157.25369509422717	-115.31376009861405	157.71124619368823	-34.24580279288108	-30.552294868442388	-26.377650630178707	-18.72133187623679
23.413541666666667	-50.511268826912215	256.21079213825914	3.3015141213658	1.5183410114395832	1.7955298263179755	4.603507367070369	-11.942328261772099	-17.742735332590748	6.076874765143521	5.071066287200236	15.258407754840675	144.76519772436365	-24.22235509995936	-21.636184082894744	-20.650901498071846	-17.831245859203634	66.78656147423116	157.39296223521345	-115.6596929184543	158.0192142532799	-34.371501442655116	-40.318896332189595	-29.1823638453278	-25.963634041631423
23.453564814814815	-65.62265996155249	253.41542876183988	1.0679882736659743	1.6516563613318722	0.2724138766507961	4.647579868339191	-13.115303632915584	-18.10614428296105	1.862131890487036	10.730374741918776	1.2887656893627195	142.96516346078857	-23.089458876457144	-19.897859595563503	-22.11320298152573	-17.786362153599498	67.84539148242933	157.60498190715475	-115.8304918377839	158.23410131905388	-35.63232875252537	-41.15152845663604	-26.378642026884748	-29.21685164203565
23.493587962962962	-95.63646283250827	247.52849267392807	-0.7004364876551178	0.6067738084781715	-2.697544248099436	3.643993674473654	-12.354611450682025	-16.483796708639638	-1.8523799274976036	13.153460107514563	-28.15685846259683	138.37069065751572	-22.45814954605781	-18.914697071270666	-25.000064142131023	-18.48725412006152	68.54975984400835	157.72086786032213	-115.92639775015495	158.55298616390363	-35.00268715933896	-39.592895994546595	-18.040458831327044	-27.97371431383388
23.53361111111111	-114.2414925266207	244.6645279820904	-1.3890655328021089	-0.33993279975771507	-4.344863383333185	3.251281979509739	-4.012745833288864	-16.533693098359844	-2.6351555938275038	13.331245467848563	-46.84307989180614	136.16024911233956	-22.64910230483015	-18.640518678490693	-26.69371535404767	-18.776580445944404	68.13720577770508	157.64645668925476	-116.11378052996416	158.70109152163667	-26.750010310666127	-38.99237540800581	-10.86518568627696	-26.34384981797305
23.573634259259258	-107.69641825028599	227.1176589065294	-1.9536664576197893	-0.3787949921812592	-1.934339958857713	3.5453214900401195	7.065139926483742	-17.025036348055796	-0.9471685962397622	13.443991586570855	-39.40475783421755	119.57658410102894	-22.11400114970779	-18.600885599164997	-24.434982115932613	-18.73667348638716	66.83516658223259	157.51258651707101	-116.31251967182568	158.3320601773877	-15.697564371998126	-38.90544415244214	-10.596648465469883	-25.838740481630253
23.61365740740741	-92.0800011814681	179.0244677614002	-2.0040262452344466	-0.058228382993761686	3.239959749436525	4.117519862840234	6.993580111599635	-16.47718167000542	0.5416451300555731	13.910370430462857	-22.38822084925026	72.10555362140319	-20.194073935388914	-18.62096176795353	-19.52544160402195	-18.64810213549366	65.91888440762737	157.2904690043389	-116.64866585249713	157.39952894007172	-15.835263991522154	-38.79388367194635	-18.171275926114006	-25.1868985451201
23.653680555555557	-80.386350558259	129.77437702015817	-1.220122214354226	0.004281759142953868	7.034404140697977	4.621904177021034	-4.069237333653524	-15.544665073799534	0.4794481358537365	15.172147855109221	-11.454962673053956	22.27358048955464	-18.663549990672465	-18.538589781534753	-15.960299731655937	-18.573927837392006	65.83125331206963	156.92814382395738	-117.25948618211116	156.55071429179827	-26.812778066741018	-38.680160673986336	-28.520831170561365	-23.56182732242793
23.693703703703704	-63.430452199150366	107.3468838397189	0.3525820959302473	-0.3157313113458647	8.005202406202292	4.241941298574415	-12.37330245915306	-15.796427648308962	-0.10489303851338169	16.910698408985752	4.104631253801109	-1.0121052684031042	-18.504104965720984	-18.41064768452776	-14.688845911108388	-18.73463053173265	65.95144029289284	156.69143061763532	-117.73539518559299	156.5675395584085	-34.61468431664805	-38.84601038868436	-34.096050735065845	-21.886930513259415
23.733726851851852	-34.39780801322451	100.7734501299227	3.2319338205076753	-0.9670549832048638	8.05431509935195	2.7172726692987292	-13.062461053973449	-16.94181919090196	0.013961899058979805	17.862750872927577	34.23272032649319	-7.95332194724881	-18.964199752516436	-18.55143450379913	-14.013935318494433	-19.512351436376647	65.93282200462633	156.63400503206157	-117.80768185377254	157.25122134267343	-34.84891837065375	-39.18722542050591	-34.005577913965354	-21.311628027762225
23.77375	-7.802345546238529	99.85705666337721	5.960442751488386	-1.7866084346720585	8.776524399225046	1.398403747442358	-11.05832213547935	-17.06269613328797	0.5934212702802879	18.16692659767272	62.57673621535968	-9.247329145266463	-19.506467416453233	-19.08235849026967	-13.491125263817082	-20.86729837445766	65.87863380084221	156.42097907268442	-117.73216815899038	157.55530597446176	-33.29992320660834	-39.3169599875978	-32.65710972428623	-21.15743527482219
23.813773148148147	8.509022321830702	103.942859424454	6.678895088493747	-2.6893665224141716	10.057823428421033	1.112402739670478	-9.553911362830632	-15.501591317280326	1.055857134093525	18.18596750442644	79.12590115809834	-5.666447135641889	-19.78967899572521	-19.63836479220025	-13.403772685384581	-22.328233609629265	65.87223369137536	156.05857833946203	-117.66466407275745	156.8824981102086	-33.054744343915104	-38.93867929792884	-32.153077202640404	-20.75547221596949
23.853796296296295	17.229637969798283	104.46448937048721	6.208124859116512	-4.006130222374523	10.735140292867616	0.583156215095286	-9.10107566152064	-13.747967248374293	1.4384818555730319	16.905742092002882	87.62557020626679	-5.205981985274349	-19.65375672305609	-19.67778560968617	-13.479447641614911	-23.682855740636427	65.89814338632819	155.86846811631113	-117.61623552328801	156.07748044993676	-33.387468467286396	-38.015719076721055	-31.95656387872141	-21.108900548382024
23.893819444444443	11.900169814645938	97.49125643213941	6.034327762705229	-5.844545630227386	10.103308573078326	-1.3109626002519812	-9.908323882066101	-13.488168357114581	2.0771632816978918	14.456470134914015	82.24804181024612	-11.573394349345051	-19.585649228703005	-19.058277259159922	-13.50117018910342	-24.904581890001253	65.9275876920146	155.88525203528192	-117.63533389956602	156.4823812266377	-33.582068762284166	-37.08244312889363	-31.388221913093247	-22.62542192632661
23.933842592592594	2.3359639913507206	90.28745678868326	6.24794780971742	-7.505573247228065	8.798811241156814	-3.766070028265179	-11.721223103674347	-15.202567264376297	3.347432262610103	12.821157064405774	72.47375695540654	-18.024925350769237	-19.848683148294768	-18.301874261618323	-13.574244168555254	-25.81660805041348	65.95380592489872	155.91667905316626	-117.61652927409149	158.00795431589034	-33.74378750319097	-37.25265685842062	-30.41905024471778	-24.431661981010222
23.97386574074074	6.223293890022828	89.27106364655502	6.390410479382379	-8.242882893034226	7.764174208657113	-5.49141803849718	-13.545729711488159	-18.151569069642857	5.073412570206646	12.802346799789074	76.10121295642895	-18.946070478185433	-20.13249100178666	-18.22471909224295	-13.738290663471204	-26.46059875852032	65.98355948719106	155.8788912408486	-117.39216421389507	159.27907043331453	-33.970161202165954	-39.12101144226713	-29.45780681873771	-26.318753179949212
24.01388888888889	15.00439166949419	92.4869193434132	6.433089418543698	-7.07451344707379	7.2244296527610175	-5.614323353520479	-14.316550315137217	-18.237892952375105	6.591571262163772	11.624421401099532	84.77451868911737	-16.790721355509064	-20.23327328787694	-19.333979860349487	-13.836831105778359	-26.351966193311554	66.01549293684188	155.81233204106806	-117.02760688676274	159.21156075011334	-34.133124553635966	-38.976945377813664	-28.456203860459865	-27.352395863432903
24.053912037037037	20.08680152812632	91.79056776460627	6.515233802052332	-2.9855168724556522	6.90346032221065	-3.400304667867056	-14.217887604364776	-9.370358554268154	7.860715749763136	5.466160507198296	89.6924929640217	-19.375799442364837	-20.393261582678605	-21.150162673295767	-13.863758092580511	-24.15223997261684	66.02215633891024	155.6983565378086	-116.69912584087477	158.1643922739105	-34.33912053564083	-30.120549377948137	-27.0419589556373	-24.65442576240808
24.093935185185185	23.6842606119641	83.41069312920577	6.51825725503914	1.7865629411764676	6.412254679892928	-0.02144422408788818	-14.104769290794868	5.25970477011957	9.284359722815823	-3.5726822227001285	92.77813923429227	-28.983085970264952	-20.90392825432231	-22.061939196343772	-14.121748149485313	-20.61016035716399	65.98043907225822	155.49723286755153	-116.44065689165105	157.71685867227842	-34.64340548003459	-15.320260341807298	-25.42747502299092	-18.893611815845816
24.133958333333332	20.441110412062567	73.4903596814381	6.307486646782818	3.0553496506055264	5.546074576553331	1.5825809054981224	-13.957081967207735	13.966801265593821	10.767385274888943	-8.500335454716524	88.86671510449106	-38.36350253540499	-21.57087114426976	-21.308694896118226	-14.827003681053213	-18.797174558115714	65.95223593997017	155.30761248474923	-116.29263091757115	158.46303495963807	-34.83566781215323	-6.419486133969201	-23.962002258802997	-14.919782460474622
24.17398148148148	17.190532765256943	69.76004917239698	6.079870066450621	1.0180287408217357	4.657631953172193	0.8179660127049165	-13.580886343759108	13.993529229094436	12.045911628446031	-7.454974233172163	85.17642327497434	-40.78297317366204	-22.02158074400515	-20.208989941101507	-15.676326901576104	-19.507024962077452	66.08682115449503	155.2607941839965	-116.26900721239421	159.42008725248706	-34.8124553522953	-6.384953696907118	-22.50616959044875	-13.83603941626771
24.21400462962963	26.62134059438025	73.91351053565171	6.057544423764195	-0.8154236566425762	4.276291107831924	-0.38210553869075586	-13.353946963039764	12.148014147223186	13.393666963899541	-4.854810044026387	94.33312361600159	-36.17045214094219	-22.3130498597788	-20.05622679760674	-16.24303567692337	-20.89954098635286	66.35735991396028	155.4504752211559	-116.13831465099709	159.88266654254969	-34.657954850864854	-8.3543603548665	-20.870339154609752	-13.207757513867932
24.25402777777778	34.86053621372188	80.77171699119228	6.206333963410894	-1.1262033218062477	4.23115705121766	-1.103362525795461	-13.38356267196056	12.020522895780184	15.0945703774962	-4.018463491136104	101.95147741877489	-30.049417034706636	-22.877086243872483	-20.88266597117864	-16.715604744864606	-22.05161291440666	66.43464981534915	155.8798117835526	-115.74303158019417	159.43377648926617	-34.59612226091605	-8.611259304367707	-19.256931743966703	-12.651658110112606
24.294050925925927	25.663860731151484	84.43269490468292	6.434413325756485	-0.7171351711504097	3.828890505570002	-1.5652154940923204	-13.315234038397477	12.87119412686286	16.48886399041068	-4.695594210622156	91.53216547150411	-27.745318842581483	-23.973962874990647	-22.256287982085865	-17.543708257896498	-22.93874280182702	66.24696462558823	156.30556520818664	-115.29182017040638	157.81601126817844	-34.63683544790777	-7.98119839568318	-18.133051467645814	-12.722700982814516
24.334074074074074	2.2154611230416386	85.00974621927888	6.821593699027247	-0.3197980513366462	2.9662559142000986	-1.7489663011414764	-12.722542549072978	13.718753294821251	16.369984704025686	-5.338006138900521	66.90968988546622	-28.477472730010774	-25.42363883168113	-23.565057216365588	-18.594155676114937	-23.30893248146674	66.20016679074813	156.49178389517567	-115.0689160840305	156.2217026549322	-34.23286880722259	-7.524691827384984	-17.898255651739348	-12.870686757045718
24.374097222222222	-24.70316007748271	84.68858392602776	7.664936752570716	-0.2262317662180209	2.261999557720628	-1.8847908392832857	-11.337008968423135	13.94694943767189	14.127450387493473	-5.130634567804589	39.232665125446786	-29.581979221971295	-27.02871393258968	-24.249230082848	-19.369789181567114	-23.513421607946782	66.47451875766177	156.55950300714085	-115.06647324103984	155.97865358514395	-32.970069111305534	-7.666506010173478	-18.849353218947428	-12.708248944987133
24.41412037037037	-41.754413316369465	83.93463111915594	8.812143266395687	-0.5661483573456514	2.0560800580778125	-2.539367846956718	-9.784561894364646	14.124017812960629	11.072902877440328	-4.660064663798787	19.38583280487554	-30.439918811026274	-28.588207789579045	-24.400742545301895	-19.783637727574046	-24.37915400331731	66.84428696390287	156.7732232367502	-115.07991266293597	156.5991663407942	-31.63411342897193	-7.769467415078267	-20.58950577561319	-12.45160606627502
24.454143518518517	-45.472165101737254	83.75829525516933	9.23206114678003	-1.114826653406163	2.1670192798506904	-3.5763018218476947	-9.25606562098673	15.693525470017132	9.69572244693676	-4.9563095098622085	9.49893122701463	-30.513515284749317	-29.322507985571946	-24.724429075850153	-20.050057883621022	-25.811209612647232	67.15753691643799	157.17471437609225	-115.03543797774473	156.89372099211676	-31.496371778986443	-6.548677687818355	-21.80701811282904	-12.035832768912229
24.494166666666665	-44.77251957676537	84.54574972252222	8.256855994308838	-1.0373037267950296	2.4081186134773005	-3.557115705296717	-9.598962096638472	15.664700440776612	9.791609794583302	-4.880652398393124	7.303607296031807	-29.74022829865379	-28.527041949602207	-25.04560925387935	-20.21543562703623	-26.18804661654498	67.43165360761861	157.55828255118655	-115.00882407950131	156.70517822071707	-32.225857985211476	-6.956614352252075	-22.23566154064656	-12.712593657177962
24.534189814814816	-41.61508096117682	83.30556469258985	6.695744390250465	-0.0704963641809357	2.6549268331848905	-1.0469852279098268	-9.652528875704007	7.27306218664458	8.925774542246781	-1.4588691919653844	15.900380474231717	-30.044246248566026	-26.778205648801404	-23.81310203803416	-20.295177845886485	-23.896989250889774	67.7518912886917	157.73513558231517	-115.01456640184809	156.6585120958041	-32.468580512959846	-15.570401924441938	-23.41265322972221	-17.560614475451573
24.574212962962964	-31.630026761755694	77.90228851875248	5.683735895464628	0.8203199983405077	2.8840331054070365	2.6376580066218227	-9.33480094358957	-6.921879738447651	6.9634601832788725	4.566533808752214	32.818817185720555	-33.11115271034343	-25.279441925919656	-21.0344596500897	-20.268817923136126	-20.16374195135451	68.2063100125814	157.74075846013648	-114.88854409584049	156.76296824522345	-32.13635861491488	-29.727655327135977	-26.274187623968942	-25.186317836781384
24.61423611111111	-25.894528272623383	72.31844050992933	4.544926911099285	0.9753604063058766	3.152549227373668	4.541930755170265	-9.225167298120777	-15.694184828150533	5.165112990589066	8.801000761855967	40.652648368108565	-36.72587530122689	-24.41696456758659	-18.967031025758885	-20.009360180918065	-17.96675884847403	68.48807834570987	157.71589976385394	-114.62311223832354	156.676861527676	-31.930232831581833	-38.23219645061762	-27.991336028473327	-29.341377379538088
24.65425925925926	-42.89502295915595	69.48412200518463	1.9165520885462795	0.8306074738254239	2.4961201952070105	4.449219520496526	-9.277770963528281	-16.3887928311586	3.1208729971810065	10.159880097689598	23.407991666788163	-39.01814846885857	-23.815693496283572	-18.50078781866887	-19.68611544121842	-17.86166840120751	67.94058451461514	157.70074141298477	-114.70845618774895	156.74738618425607	-31.952172694672512	-38.69444214695382	-23.710891447890035	-28.523602259085337
24.694282407407407	-73.84597336152625	65.75138023497514	-0.45784229463364506	0.7306003040425204	0.19348759247611577	4.258834636356972	-9.273480558710148	-15.052189915958513	0.6468741367125933	10.900052305921278	-7.062615855779754	-42.81163896192835	-23.0615713846055	-18.573211560984873	-19.48028707928239	-18.2627811455623	66.74090861827173	157.61306265947576	-115.34101493530348	157.19741902082242	-32.037210299995536	-37.403981705946876	-16.765954454441783	-26.5186191638021
24.734305555555554	-93.64077201971133	59.76410352882952	-0.050443330626657304	0.4812606778539344	-0.6611362734418815	4.678318665133919	-9.294103659106556	-14.593803269414304	-0.8140230933194391	11.99537452584907	-25.437838712636974	-48.79331730518928	-21.76135147989571	-18.511728555254706	-18.9777742146442	-18.274556171840928	65.94887363121198	157.3533869119774	-115.8968274008008	157.5599406207238	-32.24837139197146	-37.212564175393965	-18.132117332391815	-25.22016139587528
24.774328703703702	-101.22754372559027	57.85841820990633	1.6288461441858362	0.3645722650085675	2.7291431556925185	5.503091569111266	-9.338587136650492	-14.335882302103746	-0.948894034704471	13.411548423750045	-31.14628554436696	-50.600647644095844	-19.926552890465132	-18.378376297790794	-17.81696325031791	-17.85426942638773	65.88922869483466	156.93251453332056	-115.98790577894219	157.46181635546452	-32.62099613864551	-37.349591416504865	-27.970928279054817	-23.9357258900297
24.814351851851853	-110.04327637976428	68.59151811244024	2.4969494151320486	0.641007119682399	7.094307416483578	6.166151958513058	-9.399068003712385	-14.084733754517881	-1.0237273204229953	15.48947722773546	-38.460990210633724	-39.7160899154279	-18.4396152138994	-18.255106541359396	-16.29802462840827	-17.38441496919293	66.0104346368565	156.55787685877385	-115.88324147215856	157.08690295975708	-32.913767894686075	-37.64308705657291	-35.01403851893936	-22.15292981988115
24.854375	-113.75350418319476	89.22338280429823	3.2177862049440322	0.5001597807400882	8.639079197827762	5.492031411927177	-9.927999883158932	-14.340820880993261	-1.3526641430787159	18.000754989293984	-41.65785871430829	-18.895265848835123	-18.005647440816077	-18.10416557020757	-14.897421401697812	-17.570312126967252	66.01243400882366	156.43470164242217	-115.88515407752836	157.116008551074	-33.01644981850201	-38.30814295225059	-35.51947402321507	-20.307747489639752
24.89439814814815	-93.00370350542084	105.28194083142282	4.257173655025271	-0.38009045884893006	8.167239827385222	3.4905557755574934	-11.139068968586663	-15.489075360643747	-1.3057689245871387	19.98369453816896	-21.300551810462338	-2.7080814968610696	-18.255745554737643	-18.01023931604368	-13.945213954754806	-18.415261038927994	65.9712768444144	156.4018229596847	-116.22190329483011	157.96599191713335	-33.17123735436475	-38.95041231391072	-34.36207939665577	-18.966846607145897
24.934421296296296	-51.7083542753208	110.8064647334352	5.026997959375318	-1.1811053852968045	7.596575213981468	1.940794470944448	-12.28035921366287	-17.107953586144163	-0.8658270791002675	20.70931940457945	19.020368953232307	2.7403754281752413	-18.646100809663494	-18.144307652783183	-13.593591930620008	-19.25884239481917	65.94721782833125	156.15381503607608	-116.85543499276953	159.11980107845352	-33.44358376194057	-39.11610750356405	-34.12217645736162	-18.40667225912574
24.974444444444444	-18.36173928610288	109.65905126462481	5.39537723688612	-1.677851081836925	7.370380209970957	1.6203988785418497	-12.572233407144834	-18.083884172417143	-0.6347853032907385	19.93899542633997	51.78101485095286	1.2351343237956485	-19.05077382863793	-18.387006532577942	-13.658255425227082	-20.094787092323486	65.93153268567009	155.83448211648033	-117.25896759948883	159.78371996341457	-33.560020404494225	-38.9843134649888	-34.28972502331331	-19.045346988235167
25.01446759259259	-4.961845777698941	104.24790212567969	5.41868955521087	-2.257655233050372	7.210109529722956	1.114221832321493	-12.25427019433171	-18.056593771672354	-0.8588923146863683	18.131009842686925	65.94624067307612	-4.696352684400878	-19.241345099246402	-18.481075230786914	-13.824956918874335	-21.199297637459267	65.92929243643951	155.74020742208256	-117.14562796577714	159.8623115279651	-33.309905446896764	-38.81923618338325	-34.34902347431064	-20.68864079911306
25.05449074074074	-0.42718712137543163	96.813915238939	5.266024723448405	-3.571180876670307	6.959462175431803	-0.7004403969982457	-12.160475796623718	-17.73539922325816	-0.7550074068369856	16.37165114736343	71.41765591736423	-12.032339612264394	-19.183128257870123	-18.43245201731851	-13.917790538368806	-22.4186938828487	65.96324420715976	155.7034612438573	-116.89098656801544	159.82411929137305	-32.87110125405239	-38.581477261002604	-34.03677400036442	-22.209672998944242
25.094513888888887	-0.8776744373750264	90.1768687023644	5.639293558234496	-6.527969004883368	6.939704965263148	-3.232618196299723	-12.396201042509853	-17.93853248505887	0.3795339260321452	14.964718541279838	70.49495146977411	-17.277540447899696	-19.39232141961847	-18.240023709348705	-13.750568023004632	-23.98354148598537	66.00897152714856	155.53664438606623	-116.82676877157083	159.66072711374346	-32.61646979726383	-38.67431029423996	-33.24807586833869	-23.70715871612704
25.13453703703704	-5.647067656440516	88.39315385331865	6.557152199711444	-9.942449035900045	7.27714676790558	-5.479115006554124	-12.419797681012808	-19.055001320477082	1.571475310685856	13.072174211001295	64.77235329417589	-17.623464005604944	-19.910341433031874	-17.759558933913922	-13.342144920226872	-25.957773848628136	65.9726586124661	155.41092994476338	-116.85331459240798	159.0154222617861	-32.616210861832585	-39.68601998885221	-32.283480156274265	-26.613725517804838
25.174560185185186	-2.8139918992029727	90.02296422411695	6.998448409739837	-9.90198177418522	7.4104220891792325	-6.161030231301671	-12.261464586008227	-18.062905647145392	1.9959141593217147	9.707505929157877	67.40654853914965	-16.78502574069813	-20.14612479457992	-17.918697584417387	-13.15495174566982	-26.705586701772148	65.84620842286691	155.40749905684024	-116.7013004430019	158.25723282737493	-32.69461626422337	-38.61107929676484	-31.33380282805244	-28.917620346741614
25.214583333333334	12.651038876737188	80.2715667998678	6.775812297143237	-4.352829479431057	7.134052777700742	-3.912160075925841	-12.167767679405713	-9.155437380301144	2.850125781881048	3.9924968453598804	82.8169679335442	-29.824635383695124	-20.092804143078496	-20.15761677605461	-13.38498017417048	-24.453919799741456	66.02445953025966	155.4122961497852	-116.29324491785825	157.94041372840266	-32.69765095539729	-29.6494453921637	-29.841887583196367	-25.663634274598664
25.25460648148148	30.595749640121063	57.26047826105712	6.6641588962506955	2.6505449250482487	6.840369506905248	-0.11056985757855368	-11.926412222051452	4.939907669091701	4.955238873380148	-2.6540212833475265	100.1245039996285	-55.99116708237695	-20.34870654753938	-23.090505734722484	-13.671847345003144	-20.628046119673073	66.79155119316795	155.380375023852	-115.93222907457512	157.9456685138358	-32.48323885124037	-15.62335181988415	-27.41719323460744	-18.19880930653811
25.29462962962963	42.70842246382699	46.09035363858737	6.799607242889459	4.9928937551702015	6.627103276742995	1.6317248375324056	-11.50024203604926	13.711344376270375	7.716225981736054	-6.173264597863341	111.39102323238245	-67.74321373446419	-21.031267174258886	-23.793733645569446	-13.832059895748728	-18.823926104475476	67.30003356427193	155.38770500020235	-115.70410712768059	158.0016697908453	-32.10748970401984	-6.9031745757418435	-24.384876550457236	-13.004163983929473
25.334652777777777	48.58178555755633	57.21260491425825	6.813918906852633	2.6553347257244124	6.626647277111766	0.7572153082462427	-11.205449468320968	15.304183171120624	10.955837239844582	-5.648273148834498	116.83986772755816	-55.594213766565005	-21.622438193347904	-22.673746730502657	-14.119954032614672	-19.98826092834483	66.7802291012428	155.5313078575063	-115.40923571560624	157.91456294747326	-31.896137537794047	-5.218573725430389	-20.964023427188437	-11.291364893201433
25.374675925925924	46.64736726027787	72.34057441611324	6.720628883169823	0.40915000091643905	7.021219871905731	-0.1264408540152048	-11.163850794571493	13.485969064471723	14.282784452336992	-4.350316308635994	114.83345480919519	-39.88344865156847	-21.802381063840627	-22.254401661110364	-14.694207495207095	-21.842283453608033	66.06637129784848	155.7023859979717	-115.33178626303014	157.5946722394723	-31.974265160648244	-7.235886946991059	-17.691868917401493	-12.186267361212941
25.414699074074075	34.559275823861675	79.85449090240004	6.519688549996196	0.2031689489916037	6.910761804568015	-0.24812744276641635	-11.204082213279042	5.913288855050127	16.311388298265438	-3.6974273234974295	102.61834184894943	-31.963336517885352	-21.73241714683209	-22.77266784092555	-15.413555426141755	-22.572386114672895	66.00090892812271	155.7251182631195	-115.66814223268476	157.65834147813132	-32.07765696247888	-15.724487927704146	-15.73173504235315	-18.23674568392525
25.454722222222223	28.572013954975848	82.6245977078577	5.790316096562561	0.4944266603215528	5.4462306244356995	-0.3216414088707577	-11.177728445509848	-6.6608831228113	16.86167903160754	-1.9110103186822944	96.54457998501718	-29.706438448947978	-21.64089530608095	-22.599771366064303	-16.318125585605912	-22.0864262225642	66.22184192674271	155.76034128663406	-115.97259015472743	158.60971601685583	-32.0186933032804	-29.079962786318475	-15.155663143343503	-27.508579766750017
25.49474537037037	53.84556119563173	82.72694127049611	4.579499768805979	0.2646859911845248	3.5471343948663296	-0.037231668442119815	-11.187358250340342	-15.575283228352927	17.139519589091318	1.4422405877897944	121.85180182860469	-34.08617045513007	-21.753180296105967	-21.366803175779737	-17.517729183832344	-21.103993887724556	66.3026399999588	155.95994261969585	-116.00595798581067	159.64226337683994	-31.920453955273572	-37.62196393717858	-14.963931170071262	-32.93633394124555
25.53476851851852	96.99096514367974	80.22624276899978	3.7402855439137523	0.007206289395875663	2.3785025953710686	0.6398459220850238	-11.16468886811518	-17.295811484196644	17.23664505648391	4.261629758017254	164.50905054351725	-41.86064549591099	-22.46999506265567	-20.327516363477002	-18.702582310460357	-20.4391728169349	66.30075602766108	156.1696087814779	-115.95046501480131	159.95010322325666	-31.897515745504876	-38.59808831239751	-15.19308303305273	-33.409224959159744
25.574791666666666	120.51125072088438	76.8810540548005	3.6563463346806326	-0.029137644639141484	1.7632222735547463	1.1589997328062955	-10.824786641153368	-16.152697963202158	16.248561820323786	4.493151563852134	186.60131275564356	-43.80956247586485	-23.950575331248928	-20.188531786877277	-19.661459345888332	-20.253529244842753	66.29212294244745	156.3147254363893	-115.91153742982677	159.83656842658223	-31.890824443413322	-37.41536541377779	-16.645272659882437	-33.06656012892857
25.614814814814814	120.69467003267343	75.55557692403958	3.8240496207752184	-0.563042416456857	1.0456955641369166	1.3355068366260516	-10.327980737155398	-15.518249025636164	13.629402914090582	1.1348355155668521	185.33844362948835	-39.731205461760524	-25.36124498334972	-20.38421598234224	-20.554855425032287	-20.271881945428035	66.17881993116788	156.40185812780004	-115.9372655029416	159.74365125088946	-31.810393839929446	-37.08792576255668	-19.307537869769746	-32.731487465081216
25.65483796296296	117.70017794502674	74.95072995008721	3.7997306152956325	-1.2791569468346569	0.3063753868233452	1.388453473536194	-9.979726584762282	-15.620593142138786	9.703635282990275	-3.1497884048190423	182.09103253003445	-38.49820746361381	-25.602447385879827	-20.401370150877298	-21.20583354470135	-20.201496557177748	66.03999640774383	156.39204838493134	-116.12257027200606	159.78817261124095	-31.603889043940356	-37.239764259396395	-22.42515760616986	-31.40180624422578
25.694861111111113	117.55064055390372	76.93702424816794	3.6802132510803243	-0.7014053705385996	0.12166104738951657	1.8436748290348897	-9.96910672713728	-16.032360754318486	6.164275565809342	-2.338876276294684	182.56662256430002	-35.66388281902704	-24.982807642412254	-20.293043617359487	-21.29195643899027	-19.66969325917026	66.38696838185469	156.3953195142906	-116.38960545645453	159.98367729631403	-31.359954725748423	-37.53977695194601	-25.261626388216058	-30.208264400863072
25.73488425925926	118.6220936252717	102.46618051545919	3.6408154507756993	0.791228098057855	0.5937463358440712	2.822016618441968	-10.368780594099565	-16.217565474184926	4.228565725605673	3.736564032547914	184.0622950707458	-5.810887515530368	-24.561254818066644	-20.10677051017234	-21.093306322889703	-18.844285405643376	67.39252246515866	156.5797050514566	-116.65968436522262	159.7023202847152	-31.334777378245633	-37.8708195571529	-27.645602928138217	-29.952453722936866
25.774907407407408	134.93260235549417	162.91203122489136	3.3820395552970792	1.5471001061288847	1.319281333071603	3.84124428882472	-10.46652612651186	-15.539059454481794	2.761720926345763	8.310921751868591	200.5893454631822	52.224803786344275	-24.34287767031266	-19.80312697592582	-21.033259391688915	-18.35860397947222	68.18057929941979	156.85863513187584	-117.11451885516603	158.03259204407226	-31.60663829595194	-37.78615900363809	-29.832545696724452	-29.752512176562448
25.814930555555556	181.10045453633688	220.39964777096674	2.753540960365131	1.4987954350155157	1.8236253285382362	4.502780920668611	-9.726128912475332	-14.386719502987038	0.9276705257916364	8.957104532524669	247.34326199234812	91.53719783052867	-23.75435764861338	-19.485899318847274	-21.089418799667527	-18.291058805516954	67.90336424746683	156.99179559081722	-117.70343135803235	155.79128456191813	-31.923324437856962	-37.19889345231783	-31.5757504187561	-28.999933400394198
25.854953703703703	236.31870281265765	230.13731812550228	2.3740400863903326	1.3041969009509904	1.961102275377922	4.73796150108165	-8.959224314191585	-13.925749804348346	0.06338909797069284	9.600661553350518	303.3622692005157	87.37001829891872	-22.959229490896945	-19.298088397459125	-21.03913698775544	-18.350192645662034	66.93337430863818	156.96209987819452	-118.04836376826673	154.77483402302425	-32.06955137034083	-36.72186097315013	-32.29586734044294	-27.404410789511147
25.89497685185185	263.97246149052154	201.1577519305268	2.5586818656004504	0.9072473024976949	2.20960784087834	4.756968788812108	-8.788437001398483	-14.082070780218842	0.5935081899263854	12.246412922500598	331.42736425832476	68.1160142091696	-22.56185951860992	-19.22254637060078	-20.738026833627387	-18.5228549195447	66.17249940573822	156.93113418142408	-118.00046868984957	154.90859644899564	-32.07973375299294	-36.71636295268458	-32.30339068193042	-24.809417334676823
25.935	261.25015973141706	168.44740949910332	2.7058200579613136	0.3292495938959796	3.044100070385868	4.703604535658231	-8.830310483096895	-13.84589711572316	0.8078146330621772	14.765060930667593	328.8666290417647	52.48638621998562	-22.374103229365105	-19.157958260355613	-20.120501815172446	-18.839901778959018	65.93558465841346	156.95773788787932	-117.80250061388905	155.01706878345368	-32.081749616532164	-36.811109115143296	-32.4763884185284	-22.323065719356393
25.975023148148146	252.4368484152322	145.27424522017182	2.6561061108821815	-0.05529546228289911	4.179116032474513	4.272190788905655	-8.84412991173606	-13.333947128050056	-0.3236217871415203	15.584963957977465	320.63287997944326	36.021722482364	-21.70291149127644	-19.136717921157327	-19.070222613874634	-19.157027613064827	65.96163477896313	156.9427863168924	-117.8023268466326	154.81130035743033	-32.130015933898164	-36.5655413059572	-32.981426687831004	-21.022493934182776
26.015046296296298	245.29856407655623	132.00649295815427	3.236966162813811	0.015287104469730604	5.136518935552768	3.3753864261844564	-8.845806238910686	-13.305010077334623	-2.078474941860556	15.83207244480315	314.36979750836286	22.857105377311875	-20.940358497096668	-19.400340649534073	-17.627341149561076	-19.380546404192756	65.99171455661299	156.77927886521297	-117.94840390733408	154.52808868771206	-32.13865477457131	-36.10583182615281	-33.36291318794416	-20.223637817715925
26.055069444444445	224.53715317665805	128.26817738534302	4.507506993971003	0.3483524887728729	6.064694265289886	2.5904709049449317	-8.75143280271207	-13.39312639976128	-3.05058609128207	16.56122132634341	294.2509182121729	18.197156127532104	-20.84812078965696	-20.10953435276646	-16.331429287343923	-19.766885970375824	65.98250330442475	156.59729379198217	-118.03976241425137	154.19246024419442	-32.050779678619634	-35.82832659337036	-33.40063010439769	-19.21575843115481
26.095092592592593	189.75064623736714	125.69834648978623	5.165056376375787	0.13271660089259013	7.088091477662055	1.9672361336836144	-8.580549753584002	-12.985616374921984	-2.6101032685266983	17.360221267616136	259.7828002277644	14.696289636130224	-20.85853851321467	-20.96144331866992	-15.70469196600365	-20.82992532758915	65.95606332261464	156.5975753976938	-118.22100614532975	154.14182640877732	-31.93790638157789	-35.76669330587164	-33.308062043188016	-18.425465446119716
26.13511574074074	165.8603515886793	116.78863616278696	4.744212615382013	-0.9762494490336937	7.721232896405844	0.8260990810236608	-8.40243922323091	-12.701774026030971	-1.8838071902755937	17.76116069055926	235.89433615783224	5.236906129847675	-20.315943129609806	-21.541699969683876	-15.570976864790467	-22.517055122499855	65.92608786548713	156.68433942873202	-118.51943612034025	155.58384992811114	-31.76741930560908	-35.789904861131944	-33.377116638669705	-18.279333581853876
26.17513888888889	163.63772231173758	105.66832837219366	4.3569124995778425	-2.0034070940919215	7.70820080527879	-0.7276383633646809	-8.627987616760167	-13.198377117578504	-1.7005649592618162	17.354690104124433	233.5220875503096	-6.195061900619848	-19.803000493086103	-21.870369940134395	-15.449907631626587	-23.873499111697427	65.91216828325338	156.72840276798416	-118.67575150075	158.45029880006962	-31.679003322648853	-35.93533692563753	-33.51198215897236	-18.988366158155344
26.215162037037036	167.05548117640998	98.10311784807944	4.758308086972462	-2.026792411296104	7.483321180899725	-1.7685668891710549	-9.697481205988904	-13.952329614662464	-1.0606563277489247	16.01026102946423	236.85876889162745	-14.005851925896408	-19.89675422781343	-22.113808304234226	-15.159672561493778	-24.1407230536676	65.92436347389463	156.7543860421419	-118.58637737518144	160.3435440031299	-32.05977945288713	-36.07667293870759	-33.189761421276756	-20.315196254125212
26.255185185185184	163.55989784805442	94.74540198744417	5.83500880725059	-1.6148233803113057	7.558481270421824	-2.0857314678413856	-10.890603985848667	-14.272232719465107	0.36740976849320134	14.36667670000299	233.1026157824632	-17.426360320974965	-20.442222800962668	-22.16790024843837	-14.583329916517314	-23.782806303769377	65.95599417796582	156.66265672281253	-118.37422979972463	160.23685167512326	-32.602542096439464	-35.95600144620414	-32.20670451563926	-21.605079156417503
26.295208333333335	158.71616938901437	96.40715818744367	7.261117752012627	-2.1022406980846826	7.945100126622814	-2.519838958948037	-11.37106235820152	-14.30831450896926	1.5266090557618297	12.720967333161312	227.69434237331012	-15.372641155787747	-21.06733827535335	-21.76235812427727	-13.66957637775738	-23.86466139738249	65.99109066576197	156.37384076463678	-118.13132866050624	159.6988908264728	-32.713187430213566	-35.69631781286826	-31.09676396567957	-22.931408338674686
26.335231481481483	162.7189104321083	102.25882797959436	8.188287314143611	-3.5396957144690657	7.954545990264831	-3.4387299816492147	-11.531455038413942	-14.529699663560567	2.395122429686375	11.004957362031826	231.4131997376665	-8.736946164985255	-21.27130086501255	-21.005661063631948	-13.164748950363645	-24.54523117207755	66.01246445599469	156.04069211406076	-117.77116768427494	159.68140365893004	-32.637339568795625	-35.65068363533122	-30.270118551129556	-24.617840477739435
26.37525462962963	174.38452560680432	103.90639097395106	7.878616714180711	-4.382417528238488	6.922849043944933	-4.113013404470979	-11.71879896260023	-15.062461638348463	3.7346181038409076	9.560416655131158	243.44343041363527	-6.582705035438664	-20.943233759502135	-20.591919339804633	-13.892201490930645	-24.973817599192742	66.00584380619641	155.77881341532577	-117.2326845326621	159.74917520223283	-32.61277358767764	-35.912582230347695	-29.347452910684282	-26.36096412033031
26.415277777777778	183.85794573124707	95.17802581185072	6.922475281544008	-3.731324491927143	5.588053378288349	-4.049457763480583	-11.685156491072382	-15.807330737325794	5.112808585185915	8.62284869512071	253.29390917782632	-15.58656108662764	-20.80939645395337	-20.930694304983902	-15.019400835366	-24.6624612506139	65.9782749977044	155.5402690895473	-116.77551035685092	159.7530619301208	-32.35039754544346	-36.363003697996234	-27.96476240732933	-27.87413121698569
26.455300925925926	188.73704124114946	84.80489440617765	6.43105990644364	-2.394556834150222	5.166226900834513	-3.5986146692954684	-11.642017468519708	-16.399054276362207	6.265768896364024	7.867775354327966	257.9023042996969	-26.592677938398367	-21.250177612694387	-21.601515787958604	-15.242735302789058	-23.999284195385144	65.96166902004082	155.318773323389	-116.71050521823186	160.06724023934734	-32.06480493452891	-36.79920562209644	-26.15598560372787	-28.97566363243942
26.495324074074073	189.47619229645412	81.96687056451337	6.450300310002048	-1.4707536776594454	5.272070143431396	-3.2565351895923147	-12.01044352240517	-16.337305855423068	8.474580306459218	6.871659233716022	258.02701591983055	-29.90963051562592	-21.693299801341837	-22.096535708360918	-15.039260269223135	-23.56610736823916	65.96056655717177	155.25428442671165	-116.82659033106815	160.5463674848754	-32.323792413799026	-36.97077358314482	-23.929359270751277	-29.349677453069134
26.53534722222222	174.23881085619306	82.89740931457418	6.222291950445745	-0.9512744878048442	5.0288145945466844	-2.8800634797433635	-12.405172401045473	-15.76763662817765	11.851220409081899	5.7418149655786355	242.43929970278577	-29.939044730353046	-21.7590471839312	-22.418559971277432	-15.435936914590556	-23.350714246318887	65.93670296370934	155.504460569194	-116.66573633260099	160.51818548804766	-32.930586483809066	-36.862394955525374	-21.577432209630445	-29.45248395244893
26.57537037037037	140.8479790298406	82.37054038928952	5.452229255488543	-0.2596753955625799	4.7666110222982	-1.6269366532845575	-12.06133027955317	-15.26540108012134	14.444084578521545	5.006838264020152	209.0862538892693	-31.474743943790855	-21.634413024378375	-22.430764447944583	-16.291779330777132	-22.689129585721403	65.91767978681754	155.96709161646646	-116.27628209618531	159.95056168460312	-33.23083721700037	-36.80972741838926	-19.574950626163215	-30.30808265359208
26.61539351851852	114.3482415214533	79.15533302136956	4.447015469627707	0.49510217924150673	4.860463528854955	0.6301686157117267	-11.124235666377693	-14.943202973049909	15.509770917632324	4.904919691726417	182.74771547213257	-33.19561820089447	-21.543476356078457	-21.762542259561414	-17.173487832739227	-21.37770276994047	66.06739743230082	156.3361592597056	-116.09117055072018	159.35631989675647	-33.21935586044984	-37.065507415929446	-18.367383692214446	-31.68172826261268
26.655416666666667	111.09714932518496	75.67141581148519	3.6211101412988276	0.7811256167559033	4.50314606723458	2.5190871604595295	-10.778629631698267	-14.761786891758899	16.061990887866997	5.118195794867036	179.28878295420733	-34.01617531807162	-21.812713988619493	-20.871859198195423	-18.192476203086684	-20.14538041601709	66.49884979095712	156.5588084353215	-116.11262377322284	158.92000742334534	-33.44003580356582	-37.37728867586405	-18.500049551033243	-32.35245196440631
26.695439814814815	118.77764627060476	78.61285915200976	3.23518955626711	0.32223592664783585	3.0090866536494434	3.0608137895065495	-11.400829925282077	-14.836509846460553	16.008969164054594	5.381919204964378	186.0663259726448	-31.444039648445	-22.721483260469	-20.51446944007914	-19.491296829464872	-19.57646462179045	67.0969649366167	156.8099277532042	-115.73161223778855	158.57000183364926	-33.89437735343269	-37.450387476713914	-19.591624435866024	-32.017966254381236
26.735462962962963	124.30099162213078	84.30849565881708	3.1967646670496643	-0.46539734885409867	1.3081730460544756	2.9093416918025437	-11.60162451499257	-15.015717604702708	14.460346342667897	5.770383089331461	190.41686383819894	-27.389245988027824	-23.88412592531263	-20.51048479780563	-20.691343852133343	-19.527666737530367	67.68708853277744	157.12032082720276	-114.73340017709462	158.18929220841335	-33.81809746437379	-37.45834311343583	-20.419069929965787	-31.439709546930843
26.77548611111111	126.01925317475376	73.1372162467646	3.1631488274440174	-0.4898085902126564	0.5955213293113516	2.8939962324044712	-10.582570392789835	-15.035249311040035	11.965368394591387	6.0862081654279425	191.39850295306002	-37.952614805157	-24.618996546692188	-20.413788236699133	-21.351231202452354	-19.57587648927334	68.25842068242625	157.37532606293277	-113.89372210727636	157.79638167976833	-32.9200250770143	-37.50940407053773	-20.911798661194354	-31.260012474423604
26.815509259259258	121.08990224928583	42.39691487286599	2.976245585922325	0.45271637803869685	0.6494487812011924	3.1200986839100513	-9.431371065208138	-14.863623611017353	9.713081176237266	6.244689894359212	186.3510102489284	-67.6325618066423	-24.738763133594105	-20.38744921133174	-21.6879079241956	-19.424902024554584	68.92319463245326	157.4836162127243	-113.88794060124674	157.4449413903867	-31.970957341118478	-37.414321544635584	-22.106761816536945	-31.157525311518782
26.855532407407406	111.43743019261034	21.326312859832463	2.8163197412944587	1.1193032161367953	0.6984077026300738	3.416980181792243	-9.133671509694505	-14.671512925359485	8.262152540631098	6.8592827323971095	177.1263851918227	-88.95763815962964	-24.311338679653417	-20.554610592523318	-22.082376577485505	-19.123183364876994	69.57680963113154	157.4744450076229	-114.43202181295628	156.93163537930573	-31.70334179538375	-37.215046154796326	-24.074178114109444	-30.38754125092096
26.895555555555557	111.23425494501801	22.22862896083442	2.7446901302195954	0.8012427239825888	0.6751299315464561	3.56822629974525	-9.357927430349736	-14.61486545019933	6.998100940532134	7.882520408864524	177.76586486517414	-88.26749309552285	-23.468434627865165	-20.45428971826655	-22.24532253009167	-18.967533744191442	69.66277965216354	157.46614404585014	-115.02010463685816	156.3837524414762	-31.89629820673585	-37.11465361327406	-25.993675531782856	-29.270384015168304
26.935578703703705	127.47748760223857	22.3239190774174	2.581395246286895	0.2067413262922647	1.0244133219870515	3.529455928396111	-9.394661461421613	-14.538812436893473	4.708660285182448	8.291703371770264	194.77619595138663	-87.57265979166935	-22.70124106365425	-19.846786794211965	-21.668603173420877	-19.037849891827577	68.75872836883488	157.51511530138535	-115.63608430012978	156.06560135904033	-31.91594204957721	-37.0664701549328	-27.74407314346068	-28.760364667087174
26.975601851851852	149.78183272610397	10.65796813212403	2.437298041526018	0.008396879313180125	1.8926037739726682	3.4728803949391356	-9.21028086178407	-14.200387474692743	2.0997879966929145	8.229922826056512	217.3341505508942	-98.66169749056134	-22.447665385112657	-19.323198491484092	-20.637866083486514	-19.059082148772774	67.3121703082127	157.47654493501318	-116.32542603443538	155.71568707116433	-31.723728391472605	-36.92433211881142	-29.51651537712131	-28.485704729806628
27.015625	163.0378973016532	-4.876537151854268	2.707316803561634	0.08804729335986981	2.9839991465880265	3.469063762989812	-9.045482050337737	-13.791670951914218	0.9351517581665226	9.150763564237668	230.44686920942308	-114.27292264257675	-22.5910518252675	-19.405315172071425	-19.817637209150575	-18.85857392632937	66.23044370800065	157.16843647009318	-116.78376276704482	155.45932026900047	-31.611806662763513	-36.74277063160058	-31.136644304603152	-27.250472032821463
27.055648148148148	162.49121922949888	-23.53913436287216	3.399979910142453	0.01768154759717754	4.077779915839014	3.4286729268854486	-8.76431092679673	-13.662469897852434	0.9937876335735228	11.178722215606872	229.8819543166768	-133.04965207274233	-22.609307668864986	-19.51070727748359	-19.096343883430308	-18.749780107045623	65.88985388860503	156.80564310682496	-116.78204024523528	155.6003337290353	-31.491235364954747	-36.66918172447133	-32.510101273937366	-25.28280992342725
27.095671296296295	156.65560656236588	-44.15971974703177	3.8745692183614797	-0.35737915986270546	5.067090307540421	3.385416950103475	-8.345509335861701	-13.735759813417626	0.8743564910226902	12.604229387957474	224.6368221460815	-153.1972949441814	-22.018705597355805	-19.035651710372278	-18.148247425545534	-19.03872060297772	65.95221775110971	156.74947971889452	-116.48690544799452	155.5679355541721	-31.27833582421934	-36.723937694516295	-33.40448967746789	-24.10969850312469
27.135694444444443	152.21793158270376	-56.95794597648476	3.76631847200307	-0.6360454039983865	5.84803415659768	3.6258966180365197	-8.13218630098847	-13.704083919843066	0.22573389473869665	12.72153298079231	221.12799805280548	-165.76443731676835	-21.089666221432125	-18.805326625388858	-17.342737093283645	-19.371048823108964	66.0059819282571	156.89103477743888	-116.37126635389343	155.02310859724304	-31.313317136616774	-36.849392164809274	-33.43028478083744	-24.16303280720129
27.175717592592594	149.6490031848312	-58.52222104678463	3.777692823241778	-0.737278604960291	6.482441728642551	3.8491511512373187	-8.492147946308584	-13.695253796153837	-0.10531620631551306	12.949709151913844	219.02705154194314	-168.0833088391292	-20.6222884682919	-19.563211115307723	-16.839197019161816	-19.55882255626095	65.9678519579359	156.95019182074475	-116.77981751024693	154.56503218913008	-31.881741845040523	-37.06068117126843	-32.78265559041256	-24.11538415629971
27.215740740740742	148.20599301533412	-58.00818431479299	4.509962080807082	-1.2061868586744784	7.0996056117400554	2.820331467655581	-9.343415648025914	-14.169769819708005	0.29749022458025826	14.026600713159432	217.59721520821859	-168.5501367044979	-20.610467995781775	-20.54885109978474	-16.096509484956314	-20.408687279795245	65.91206911533438	156.9311701103448	-117.39981604988525	154.92892784278044	-32.5287582349366	-37.370805366401456	-32.111225597072945	-23.338011699051407
27.25576388888889	146.93534723914	-63.03423678182643	5.385549468587727	-1.8973959908253262	7.752693161029426	0.5178438371647259	-9.945841477965292	-14.883327788034139	0.6473296343556183	14.813676158952378	216.53665723616086	-174.20297223115193	-20.397459809650044	-21.16078801110568	-15.047892916536	-22.220168219480442	65.88452560719789	156.92335306800456	-117.8076924731187	156.6182860423953	-32.6109942586352	-37.62805642775035	-31.821394484126486	-22.812417770196333
27.295787037037037	148.45284631868705	-70.958931977068	5.70996040443281	-2.037024574441953	7.9319544793478824	-1.40128218211085	-10.04657853098874	-15.345658127494756	0.700077293300166	14.677956867486795	218.3901157720727	-182.7111303974279	-20.052409725149545	-21.70905677028614	-14.362341280369733	-23.70387066610968	65.89106315397173	156.92374299258483	-118.14654261319775	159.16500446716185	-32.38138697576939	-37.64985554534108	-31.68969887814147	-22.97510845990064
27.335810185185185	151.12627022944804	-77.5897615346726	5.656906296867592	-1.7438750585653164	7.119402054662104	-2.28628380681575	-10.316998571993125	-15.754780770022208	1.3693057641592523	13.94726321019772	221.01695188620664	-189.64496265710716	-20.112044328211738	-22.0826282213596	-14.252594555626757	-23.968002248748604	65.91559915730146	156.92193129097654	-118.55216763227175	160.8785111722131	-32.44852035242998	-37.42554964332875	-31.081372041257595	-23.484156653299593
27.375833333333333	149.40594774188102	-82.80276122952273	5.624535618052035	-2.0976218993548703	6.570109045241209	-2.727489792941642	-10.921186941877657	-15.853077669791698	2.964886734064578	12.792324217475212	219.02041496320288	-194.38758907287934	-20.446515940310974	-21.84652571011968	-14.169148840806358	-23.96188561328249	65.93980617162678	156.9646528747199	-118.705169041909	160.87548199955864	-32.7899543227948	-37.103685107361756	-29.82466924236236	-24.30025038593537
27.41585648148148	146.26547689261577	-86.94986006394363	5.602927229481777	-3.521863534838631	7.480220628315071	-3.10401286326724	-11.319444295619197	-15.27757974878987	4.59027932572455	11.677708065170924	215.83072184603265	-198.15106170689705	-20.53787478009508	-21.153941406661858	-13.79566452707786	-24.652581972781675	65.95452214807788	157.02267380207115	-118.31227726505888	160.03278637480696	-32.9572253136606	-36.89404622548972	-28.50026964317142	-25.179126200279995
27.455879629629628	145.9365552072249	-88.9415876671818	5.494782123973749	-4.951689509492426	8.208067565176462	-3.633636603689979	-11.326427072220495	-15.058797524646991	5.474355823779719	11.069764695501256	215.7402095362969	-200.99733131413774	-20.265313480274997	-20.51877455749279	-13.586611876894708	-25.465426290427914	65.95969622637463	156.7942026606176	-117.66157450180903	159.36740210789668	-32.81278028784756	-36.820202487514166	-27.74936166812708	-25.79820914881124
27.49590277777778	147.6063780470883	-88.35949473604316	5.411413162311319	-5.249259627227817	7.25198965606766	-4.317418083749448	-11.24123738264492	-15.873513586070374	6.149778478706806	10.442469477436815	217.70739030743079	-199.09960530998376	-19.89994335893168	-20.358161092527908	-13.905172145811221	-25.61161414031362	65.96226211571617	156.11199415085636	-117.43518180688777	159.22510187550603	-32.67997775884034	-36.7441694159095	-27.330106219307126	-26.537444789268264
27.535925925925927	151.1546334836508	-85.84776342557585	5.46200097035998	-4.435417101757409	6.378255758871807	-4.714991223624932	-11.344490687289248	-16.40999529795394	7.330677651665571	9.236965228080953	221.40118411845742	-187.97676693307727	-19.702319500121703	-20.87436447465481	-14.278160925325352	-25.312748770010316	65.96142894687623	155.52146519830325	-117.62609266285084	159.42082789936603	-32.693254164984566	-37.23590315132773	-26.30542765961559	-27.822756505363856
27.575949074074074	154.09092715249847	-71.80756039935886	5.4558401323431704	-3.0555747455563718	7.197662458421683	-4.509122256192322	-11.616751726678325	-15.759286816527814	8.514509278245475	8.214255802583228	224.37027299500943	-177.77473046898507	-19.713622424389996	-21.912856493263106	-14.364344452476175	-24.96545766501346	65.942643876445	155.54296031561006	-117.59360089858352	159.46552973616554	-32.70405059944129	-38.7679044561456	-24.7157139148607	-29.112141349091388
27.615972222222222	153.67266182717356	-27.66210517653553	4.923966695514003	-1.77166680535221	7.703057469968656	-4.075218754627338	-11.955152830996175	-15.28851081354372	9.303880359662966	8.121391377602617	224.04049687400806	-188.71026070576926	-19.866936141910244	-22.89678263962101	-14.717742186858032	-24.656294412028032	65.91604499698674	155.8178905815446	-117.44537814656603	159.32655241053868	-32.76269861109425	-37.30609802695578	-23.480891103657044	-29.59071881270151
27.65599537037037	151.94867872781552	36.008792534426846	3.83823164876081	-1.0341771937036113	5.993092228546737	-3.685194229425909	-12.418838292150252	-16.006727399529463	10.353215527637985	8.226088870536985	222.40036781592272	-210.93830634482936	-20.023055649009905	-23.19598230845054	-15.693426044881903	-24.23921037573011	65.9209212477458	155.88047628693758	-117.57545103129816	159.075869350197	-33.01884151441597	-29.183144495167554	-22.57645991633015	-29.48535074647478
27.696018518518517	144.71739063332433	72.70024094087502	3.0694366318197033	-0.48443314185942377	3.9840003820332774	-2.502361940652729	-12.925582953713613	-16.88814742665805	12.163422289621042	7.7570705973942715	215.03420440577202	-217.29281592269837	-20.073320226050285	-22.497839129303074	-16.611241221399425	-23.055276060962967	65.91010614747843	155.86086443623543	-117.58644331437362	158.4987161287077	-33.46184622521187	-23.471398197902815	-21.288036349923573	-29.75512995108619
27.736041666666665	128.17773875635825	69.73841342972293	3.0546405232253857	0.12440282504437636	3.681067581944746	-0.10040849997925759	-13.106246275856025	-17.113963347843846	14.108744466720283	6.9479131330570505	198.22810265956082	-223.87121705302872	-20.05906561376905	-21.105028463900197	-16.8989047057959	-20.95973973468206	65.77304028794413	156.00050469359468	-117.24361039237753	158.05752089954814	-33.86979895324281	-29.185077515379433	-19.775725055563214	-30.75662301223568
27.776064814814816	114.87177158715542	76.547730649165	2.8111726831621926	0.4853712199999108	4.046826844939588	2.2713498228204556	-12.709912278376647	-16.78388813828234	14.867608584381946	6.278802080322253	184.82636568315988	-259.6228917125536	-20.011290366002086	-19.92290857847013	-17.233363015755316	-19.005747977940374	65.81966381219343	156.21130076983758	-116.98598499768322	158.29679861990567	-34.01206280595129	-37.658494558707915	-19.147432951502395	-31.787590739171847
27.816087962962964	114.05808803607965	115.74794530686717	1.7236290712258393	0.592443368742354	3.86412434746781	3.5094189446912587	-11.910058594959235	-15.894979249593517	14.270138370632267	5.94073737145548	184.0459535795151	-305.4702328091856	-19.989017181855417	-19.3679752992785	-18.2800133331519	-18.068341447237785	66.71200294021884	156.3802142801722	-116.91408073539465	158.7197218140464	-34.020707146629604	-39.47832603930111	-19.748004400521808	-32.14120753460925
27.85611111111111	116.4205018424901	142.89928867794268	0.8930953891190107	0.5171428396958794	3.4949213550739735	3.8223919818540906	-11.250662794526889	-14.871330697047	13.542856367466808	5.71506296054758	186.2186684622814	-332.1051157348948	-20.20669042908436	-19.050821646466375	-19.314174525260867	-18.111372644274937	68.1764698573239	156.69634938525184	-116.60874386608195	158.70150996203017	-34.062071384829395	-37.86106228226171	-20.517787574886754	-32.04386300547108
27.89613425925926	112.48839447901922	141.58926454144157	1.1582128050312313	0.19585545784112054	3.248074589947328	3.78812673991444	-10.985224141813648	-14.51976942930764	12.8392776329868	5.386974612419746	181.75330347905518	-335.96811380098393	-20.74972560391076	-18.817925654253415	-19.62620614519379	-18.595134186479783	69.0502709487312	157.18769876572088	-115.99558405579053	158.35571173192938	-33.88900448020787	-37.15510070546466	-21.051218719955926	-32.0487590646331
27.936157407407407	105.82158953455965	151.19893308519468	1.304011667902055	-0.04128191052053215	2.6349242616832043	3.7290401736360326	-10.806462933346804	-14.722689312552706	11.28271334220289	5.21464028077448	174.51669044119961	-317.1727566878917	-21.305628021517734	-18.80201547392295	-19.989570726156018	-18.86585790490811	69.06037465223304	157.4943163143364	-115.56393809438553	158.16428905519606	-33.39312482954949	-37.26950516280887	-22.115460783971415	-32.10474286925523
27.976180555555555	103.97205989294058	180.3020092261762	0.10841905369201854	0.26098341145104015	1.290430262358309	3.7386162944216075	-10.63355392532564	-14.763840779212074	9.147184131334479	5.642670706069725	172.37145138845761	-287.05366323900694	-21.53871310719701	-18.879021751980744	-21.201771652286027	-18.642895427764017	68.87714722704867	157.49536083406431	-115.58338797571425	158.07643475143186	-32.964474675072466	-37.30204480598864	-23.81271588276472	-31.614626244156938
28.016203703703702	106.590515425984	199.13852746204765	-1.3299060433444188	1.0298657597490897	-0.17617568126083882	3.7568070752935947	-10.63585081636855	-14.5728058968031	7.280689601937442	6.658297280428984	174.9693895594713	-270.0861456894383	-21.536811578925537	-18.985713941945008	-22.514087906161663	-18.24175102992578	68.85340701919475	157.46856323266573	-115.78867616266355	157.4372134503276	-32.876761616648565	-37.09961575833579	-25.565661199885398	-30.429416422357747
28.05622685185185	108.17964557246782	201.0608827747036	-1.5252941478338158	1.632408403128567	-0.7919316760950519	3.7776538682390512	-10.744491299975154	-14.524064796911546	5.741210390215621	7.735273888988433	176.73227915766847	-268.9374355938622	-21.55653548519247	-19.265297933153192	-22.926439467834655	-18.0931510122696	68.90333682914954	157.58381189488313	-115.9349824781721	156.32822601129635	-32.983662596920524	-36.93409915412482	-27.25571862750664	-29.205680740442787
28.09625	109.63888732428487	193.91746712543184	-0.9490468016633709	1.6043278696237244	-0.3885370367001776	3.8794971403319116	-10.998593668708041	-14.716927499356409	4.350833805983419	8.876560692914644	178.24583054435215	-275.97653291521203	-21.61324704710212	-19.580360166913124	-22.533978479048628	-18.193296081830766	68.90694355987058	157.72196659144248	-116.00720227280534	155.73142299369482	-33.228812775066345	-36.99530536812313	-29.059743496010114	-28.121319513930985
28.13627314814815	114.34730649152245	171.44528829870447	-0.7786512378417956	1.2507033876779279	0.2954896108218332	3.933060949577827	-11.403164530154546	-14.941169191685564	3.2753612781042705	10.628511791380687	182.06167876372425	-298.0970883433164	-21.55474779165114	-19.57188879681857	-21.99429060660708	-18.355287000984106	68.83163618400489	157.7625453071226	-116.04320802846719	155.9794398611067	-33.684148767086015	-37.17983878329855	-30.409493673842064	-26.55027510941575
28.176296296296297	111.25104789812943	140.6532535098765	-1.3519676069599418	0.8782153800905905	0.1419245280149955	3.784808295785698	-11.28699368957963	-14.913452635399139	2.3858432310875575	12.67700518414597	177.10024346593286	-328.3675511159869	-21.508990669342367	-19.0770900786616	-22.246113978129856	-18.56925603622622	68.73932985219241	157.67702572126393	-116.06488477299023	156.44231882825898	-33.86483903339369	-37.23651589835862	-30.42581066901505	-24.558867573477883
28.216319444444444	86.23320940824873	124.67955222451106	-2.1562002257107498	0.41581003111853115	-1.2738005358310396	3.648892087766177	-10.324752898189102	-14.616793763115638	1.4063801024768174	14.128219344275891	153.07739046568634	-343.80619769923123	-22.05036325823548	-18.484801870315096	-23.824391111299505	-18.75301737386546	68.69419576162541	157.45417503310904	-116.04625218355831	156.45251224825122	-33.30771966130786	-37.161699960044544	-29.862755463915576	-23.03390296335607
28.256342592592592	52.20504557960534	125.22150555368106	-2.3005652691293004	0.2519549586580758	-2.4558638132560238	3.7616023262299665	-9.446061892120094	-14.368329053698822	0.7979526185289577	15.002850470430884	127.70092125098998	-343.40968845973924	-22.961148335784955	-18.621413259786138	-25.242590066659133	-18.796180748622803	68.70232806492176	157.2025576371829	-115.99028634572475	155.71521238915494	-32.63624257546728	-37.16504121942563	-30.185070056083063	-22.16315976597589
28.29636574074074	42.294121480229144	127.17905122289851	-1.3827373316861877	0.42531710055275246	-1.059735111871696	3.7811005020442927	-9.333191610304395	-14.371824254125704	0.8297534015357627	16.159456521229103	115.81840547555069	-342.2713908576437	-22.579075487706277	-19.449886939779418	-24.026341549167896	-19.045584538607486	68.75422036774442	157.03429546056384	-116.11880146662962	154.71308411109635	-32.54619135937318	-37.341505682812894	-31.181418916299265	-21.180730011212347
28.336388888888887	72.04509658192262	123.61812947066295	0.24008194511472233	-0.01079067353136244	2.6473471557201194	3.004704011337021	-9.572594825652336	-14.564700907222768	0.8933722602007962	17.73627908336699	94.80709597456236	-346.43927558851004	-20.59590286621075	-20.05905200279497	-20.363871191457037	-19.998852866103576	68.81710692044763	156.99084982693813	-116.7572350167387	154.39911877525202	-32.68903995723352	-37.57967341301054	-31.841641225265448	-19.83777465192142
28.37641203703704	118.07337266661979	116.81088860471829	1.9548622710295784	-1.0185424585655642	5.720672095586324	1.418994146086186	-9.692864501208165	-14.819130866580883	0.8103880209874342	18.63309768500829	55.5800283355736	-353.66517421886704	-19.130593794811162	-20.476271957990704	-17.165190992173663	-21.48943160299065	68.84165967916485	157.0996329095704	-117.70278205813564	154.77688001871417	-32.58400374558519	-37.69910324889389	-31.83848358842158	-19.07117115370029
28.416435185185186	146.91757636879922	111.4821597579537	3.243826886510533	-1.3687827914008832	6.891774402645746	-0.018718997453596335	-9.760734378596078	-14.942557983576283	1.078698523869982	18.149190419231168	31.793440921921636	-359.9459864131474	-19.134815232011903	-21.427872138223492	-15.888823334606968	-22.80369278013646	68.84086365940306	157.21090349465953	-118.30209380516531	155.05443695392816	-32.52356564673288	-37.689236010242396	-31.441711074200555	-19.57471921189989
28.456458333333334	156.7544417112133	108.58413703144231	3.8254876451859023	-0.8661191331031557	7.37439036092943	-0.5644064403834326	-9.966605438639235	-14.710750174127911	1.6891524230603077	16.856198944656132	38.86642293277447	-364.0890217503018	-19.400679037532797	-22.673146053952408	-15.576850550302822	-23.518548913556828	68.82381443566983	157.13166364993228	-118.5588941862096	154.94486053051043	-32.915628014341536	-37.679166949102566	-31.21505149719971	-20.80783079840299
28.49648148148148	163.16654581908637	104.77780180249846	3.7626663758353356	-0.7706948498606278	7.825362203142431	-0.797673525695059	-10.27624918077955	-14.39021821774258	2.0476869111564366	15.440843764172826	54.48365924568032	-368.38207599073945	-19.091360562335325	-23.15997331921608	-15.329190173356835	-23.946372160276766	68.67965323791196	156.9285963762569	-118.90337705841104	154.97258892812306	-33.433703572772615	-37.75018124442158	-31.38572009282413	-22.101926120040417
28.53650462962963	167.2888302730754	98.54676936697021	3.8161472870104536	-1.990924907049792	7.961944194990921	-1.7729987369586269	-10.750197020655	-14.758416995099228	2.148167342257532	14.270929271921993	60.125550197907906	-373.8569877497109	-18.657684578150707	-22.403535032842157	-14.84128777642222	-24.535519307833937	68.31771442550003	156.75119589203655	-119.16226678382985	155.97675765874038	-33.55402539776789	-37.86554890465902	-31.407807234039936	-23.27858902598274
28.576527777777777	160.59980415565337	93.00654288396726	4.746393328178687	-3.7078176110902876	7.772775582935448	-3.171688028730437	-11.593153446330453	-15.765763124005424	2.9472930935129282	13.546931772127703	51.75780601136439	-378.418446129561	-18.88154916795466	-21.424572402199473	-14.135050246561647	-25.09134205689027	67.82462275417141	156.50898735367142	-119.18472009383287	157.73318801033668	-33.50052211704491	-37.89673020699624	-30.553423697249983	-24.132857978993684
28.616550925925925	145.45035003932986	92.403767286698	5.841784556426675	-4.582662723792005	7.4322881083881756	-3.980345526167338	-12.610185325061174	-16.45531225774493	4.737897551505511	13.058481925726154	35.643012976582924	-379.2183644984709	-19.552419748620963	-21.623316360477048	-13.71066845657002	-25.367658260482585	67.32211305756559	156.14036636564362	-119.05958765530441	158.8487766823531	-33.75300507894143	-37.8636719481254	-29.01478556699226	-24.612633770822555
28.656574074074072	138.63588746449008	94.40544459580519	6.098478445274002	-4.662927555519141	7.28944692641064	-4.347014968024118	-13.1473109467496	-16.672225582833345	6.272981571280009	12.532258259650579	28.852411949141008	-377.9847611994325	-19.757874591588674	-22.39309152123218	-13.659425517572288	-25.698362925522915	66.81787899848374	155.9428399001991	-118.438214642277	158.9069932364148	-34.09625428676817	-38.005306862330855	-27.823215422894236	-25.197776474431606
28.696597222222223	145.9745837900857	92.16101612646138	5.775597399775845	-4.472862181509112	7.41337158790604	-4.720243930565479	-13.170677170990286	-16.98789056106962	7.076115845658371	11.747304260829084	36.59191824105705	-380.16764084089857	-19.42474488346008	-22.323007024445374	-13.64915927438166	-26.027434674848962	66.3209264401008	155.9878861706594	-117.40736291003465	158.71733663095097	-34.23323922692204	-38.30357267694161	-27.157174704240035	-26.390821172585376
28.73662037037037	151.5290403500567	93.47628128641978	5.313096793987751	-3.6433828712526686	7.030842831108739	-4.586544834463073	-13.622893638112686	-17.391590566200893	8.527761937951778	10.587703376643882	42.30307962956756	-378.5025549581847	-19.23352144849622	-21.959704246829673	-13.920376563548075	-25.54994489197503	65.96440390232863	155.87210641846895	-116.76161036969795	158.6741402366735	-34.57409196950253	-38.36935928782334	-26.046343699548302	-27.858185461115397
28.77664351851852	145.75135137305915	122.73293239929636	4.90212240802815	-2.2394689244039516	6.047942303576885	-3.604134130590184	-14.641240068893897	-17.52973175078107	11.089705120134754	9.35233844264801	36.238706410851634	-349.4312827955937	-19.506059831715092	-22.188801431494923	-14.603824048696367	-24.213846875100245	65.85394547344426	155.58411989196804	-116.68257101747987	158.62970339732004	-35.29298100427863	-38.13303367012949	-24.2032680790995	-28.791216397789412
28.816666666666666	134.67820171348083	184.73477364918878	4.854988428784964	-1.1389793300144544	5.536969789740277	-2.3971156749390055	-15.162742169727379	-17.414406288505912	13.308167505644848	8.319887295923484	24.761301055669293	-287.5697341096844	-19.914896789793133	-22.42588882145769	-15.060116707664946	-22.985714033004186	65.8731271702372	155.5310991893457	-116.720068512575	158.59632247982756	-35.75988704110681	-37.95298402865285	-22.45171659433072	-29.102854725112977
28.856689814814814	122.48130258651975	244.16380292194341	5.1069017398770855	-0.4290693852582493	5.807411230721293	-1.6532568943629817	-14.920450939739363	-17.033537969750867	14.454410666457477	7.403949205955762	12.369647174479198	-228.33322158518456	-20.111867243494203	-22.40631749783776	-15.005714147032634	-22.475891596180247	65.80937376838492	155.745545568828	-116.57825596662163	158.69895100131177	-35.73371629364664	-37.86830774431128	-21.27930650168203	-29.384591793288152
28.89671296296296	113.8725932992967	267.41668880308106	5.193157963367684	0.2702489750196402	6.0350128073598714	-1.4038978472431964	-14.810350543503617	-16.229878413151894	15.376411932970031	6.549563614607505	3.6405191389555327	-206.00272369563146	-20.233347751055646	-22.67717449676256	-15.039305656182762	-22.50068090456483	65.75270547279432	156.00619250339278	-116.28684462176055	158.76132682521933	-35.884397146361835	-37.61528064942671	-20.507985724470174	-29.815355831160275
28.93673611111111	115.46289003732326	265.09470875883636	4.733073875356702	0.6380323857564266	5.65656421197115	-0.8465629978029692	-15.211451890967378	-15.441849010469571	16.266464654112955	6.041184239932276	5.049253358235532	-207.47980249171326	-20.418585425553687	-22.78352040235744	-15.680794934768429	-22.175912947113375	66.22692783888039	156.26787856757596	-116.09120672963324	158.45271805036418	-36.54788977929137	-37.288284741347454	-20.28142646738506	-30.07135608128094
28.97675925925926	121.06055626843809	264.0318577074728	3.824494280357131	0.2667623858916857	4.942909596143641	0.5909448028219279	-15.151692588425453	-15.097232470836229	15.867085815172134	5.793003430478602	10.490375029495752	-203.4883775737759	-20.567125665298065	-21.911474878431733	-16.74574244678128	-20.97215840729953	67.43978713052725	156.61931462316574	-115.99035740907478	157.89330941247766	-36.84152650577299	-37.09984667624214	-20.974441674390732	-30.300544537326402
29.01678240740741	120.91218984212239	266.909367845992	2.656115122166475	-0.3561412730609649	4.056396082101414	2.0648667864225563	-13.757654159492834	-14.816769137485135	13.434158907592032	5.220255811269334	10.210966867074973	-196.46708374452555	-20.670427047062674	-20.607097275893423	-18.042977221865286	-19.832334513832762	68.66997054817097	157.03955446161703	-115.76158770287724	157.39557601649568	-35.862870364489396	-36.94161396288408	-22.4287032771242	-30.992214486331065
29.056805555555556	116.58977284636046	264.8429609619402	0.9682834792668761	-0.35727579637544143	2.4684487453733857	2.7273607667520308	-12.063728085268075	-14.593607247165787	10.02872660935906	4.67871440883393	5.846938948374337	-200.47479634763744	-20.746961074491395	-19.70784123361959	-19.77287811312479	-19.38307196219263	69.18761273062665	157.18528005933342	-115.59015865192906	156.94145359974772	-34.30069810891338	-36.78082526096479	-24.271961664550517	-31.76979307966397
29.096828703703704	109.46386924404467	264.5165088852516	-0.895566159233559	0.39605184675436444	0.49951685417546576	2.9994004561336953	-11.53927974204363	-14.888775704906264	7.421699773578846	5.32027910475367	-1.1288482406260556	-204.65970955748134	-20.773080484154605	-19.386345274958714	-21.500026322038238	-18.958035235717816	69.15976206408946	156.88969850888236	-115.74640670028809	156.85339822222798	-33.50309817445165	-36.84584884046856	-26.08144170858752	-31.517704046411865
29.13685185185185	99.82671690005569	282.9456027805432	-1.9387054740106198	1.3092931811637054	-0.39298683658321293	3.4763761056635754	-11.605351507824523	-15.275709384725268	6.187612797038171	7.040599496782173	-10.468950024142515	-187.40167125281437	-20.64561238946081	-19.61137363012618	-22.24916014525415	-18.411927153365724	69.0483486793708	156.70139801567035	-115.9890285407928	157.51329045812219	-33.47153252794989	-37.15094531940299	-27.283995333461093	-30.16430428590388
29.176875	97.23904589064233	316.89301270002085	-2.210335390148675	1.9425697830337498	-0.16549419224447862	3.943901940965311	-11.294361194952737	-15.001579657101166	5.595174388809637	8.14525464417152	-12.735428433002426	-153.3543825173399	-20.287520413643477	-20.152574909517625	-22.123046606099706	-18.22991106673355	68.99014403274059	157.09545199618594	-116.05003077415178	158.02153018137432	-33.46324659489069	-37.17516460572595	-27.867853446452372	-29.022599483886623
29.216898148148147	100.77775475454159	339.5810138438413	-2.1608613443803817	2.382286580614004	-0.145727317212995	3.9441011152042806	-11.232656092090954	-14.230466040265247	5.084578491228437	8.005169397031812	-9.494023227695124	-131.00955943151365	-20.19575706647977	-20.673585556903475	-22.056731452385407	-18.30808335040514	69.07697406333446	157.75016602715988	-116.01050419801872	157.5264908198314	-33.49176477422165	-36.48397365187867	-28.406654715081956	-28.479777830527794
29.256921296296298	80.56315449979682	337.89302348105053	-1.4531800764471916	2.605000867293085	-0.4029738453942335	3.6422977837945822	-11.677062343485366	-13.657659081951545	4.540046790103407	8.369844097651406	-31.06793015091293	-133.06055459955178	-20.896771056298405	-20.985699579719125	-22.207110104200012	-18.35688130665183	69.38212251990497	158.11228923287345	-115.96855306648338	156.94074737080618	-33.691819987466275	-35.652692866514045	-29.15281430449207	-27.362062649296462
29.296944444444446	21.880091912270196	327.9204942536165	-0.2599103193724616	2.268468549498843	-0.19239973121812312	3.368551970275133	-11.63895700006668	-13.77651832942954	3.6651522925176376	10.08093281158296	-89.76504121189204	-142.90818924254893	-21.837348198643795	-21.035138770502314	-22.09295867794725	-18.55416016447542	69.44611041797938	158.09722392022752	-116.0006486943597	157.0711390789004	-33.54757529071193	-35.70217069302737	-29.885948265873452	-25.597414935617294
29.336967592592593	-28.230731992372288	326.7963915775724	0.605462323537715	1.5748296079327202	0.3274784901268183	3.0869618399489283	-10.826397874546805	-14.59840775638226	2.2602954466023393	11.494273577172336	-136.3193540011261	-143.66443495855486	-22.239595400550627	-20.90928461086756	-21.65848452830167	-18.957990617671285	68.64731749409174	158.02812370496557	-116.27171246022424	157.1709472844649	-32.77921928519231	-36.670593294151374	-30.51439385745134	-24.696914196652543
29.37699074074074	-18.612078947704983	329.78064661449594	0.987047423730555	1.0681765709922115	0.8547667705390074	2.8072433046893366	-10.027495899647697	-15.46485057956133	1.0032206300199307	11.645973395860302	-123.96012858434982	-140.52222417138262	-22.179419559358337	-20.827710548806834	-21.194945799910087	-19.211403364109785	67.24350401561826	157.95172360892468	-116.6963960529746	156.66319096056475	-32.08547826577454	-37.4760847305096	-31.059891934435782	-25.049708952931596
29.41701388888889	26.33588378745242	324.6294957041885	1.1520340704405476	0.7537823669668398	1.6337639970464064	2.602979629815557	-9.723328881171353	-15.742252151408062	0.7829407232429214	11.292242409415733	-81.44833325498367	-145.82380232086103	-21.923386330884043	-20.884732239778685	-20.7672208867057	-19.244566297994368	66.14856881680693	157.59767853290592	-116.91263286447519	156.00724994737908	-32.12071233505293	-37.42830718793884	-31.35448355329899	-25.64236865324115
29.457037037037036	43.735170434533536	311.6114574033383	1.2630137189098485	0.4669296002301787	2.6100152163631907	2.412397928860906	-9.675617142472525	-15.688855828105662	1.2818767969441072	11.067946652010843	-67.5776893165458	-159.03299751037122	-21.475062721119556	-20.852189943895794	-20.211024001624395	-19.48893248919974	65.78557474009742	157.17894038982342	-116.91017074873427	155.7442602056605	-32.42059381045962	-37.32355007052891	-31.275481215224886	-26.142167747260956
29.497060185185184	21.18479816186089	298.3842290972979	1.6217549313579949	0.22204825737140693	3.4934481581387775	2.092209242565962	-9.615898505138723	-15.77960329543901	1.7125071524447197	10.98576102974334	-90.48665689604532	-172.30898373261726	-20.981145380386238	-20.69949832068653	-19.36060211628626	-20.201553866998182	65.83129567293732	157.1405908933972	-117.08029810534002	156.16684402185285	-32.490778763920716	-37.913978156613325	-30.739769398763926	-27.034046175338105
29.53708333333333	-4.862080578774377	289.86216654998873	2.522532308488992	0.13497757916741135	4.550340192297068	1.7891412726479827	-9.429080615962242	-15.559057640238432	1.944548701503828	10.865484504222119	-115.50408375042689	-181.31287709108932	-20.76216610580863	-21.139655881553182	-18.241749257190193	-20.975697456186765	65.88878689148287	157.2032466634357	-117.60507757887173	156.99818883665444	-32.67789590192346	-38.32460381543622	-29.92422489776837	-28.003935852431823
29.577106481481483	-14.52345694986886	287.94497868790705	3.6216059290857134	0.4586236095560175	6.0500588478786534	1.9259916866152704	-9.007255983963065	-14.260060649123991	2.1051597978813086	10.983055994095627	-124.87675178435599	-184.78723402539873	-20.80332857606801	-22.7285118842683	-17.17912963005196	-21.398336206429207	65.88146357905916	156.80195731257353	-118.24521636630043	157.11640634231907	-32.98913470509888	-37.60517124370618	-29.551570456457952	-27.50868944215594
29.61712962962963	-14.495695335387666	289.6906256380803	4.427943405986264	1.19724404452099	7.526718615051696	1.8709036734917226	-8.720759687556948	-12.515006894978564	2.4562878398091708	11.972475197527935	-124.96720418155643	-184.98508467971624	-20.692356965066196	-24.681595083997706	-16.25205464013591	-21.921792865221178	65.87171518167008	156.26213300134773	-118.487073206474	156.34690543601675	-32.95668561292182	-36.259748481400564	-29.69127050579877	-24.876401368570072
29.657152777777778	-13.012145826263408	288.03327578171564	5.06314381100235	1.7871352823302387	8.237010097847525	0.49919310124271954	-9.33883614580491	-11.757211451603274	3.314530529888719	13.249584696764016	-123.33022589546123	-187.68914169814155	-20.315189329474762	-25.72357509794361	-15.261266623237518	-22.981865891582885	65.88442081942694	156.33834129002972	-118.03850605664256	156.2633236356698	-32.8590216175634	-35.249322125684444	-29.505983867425456	-22.01389595459959
29.697175925925926	-17.043865827848634	281.82693827360043	5.587771049186178	1.6315981972647258	7.968489139157513	-1.4969814717466499	-10.880052774719422	-12.28232018090115	4.387354326265	13.535023187262906	-127.07077789875034	-193.77580208320865	-20.02964017672501	-25.601547019851864	-14.517223554664398	-23.96539341375663	65.90691602656729	156.7516455165021	-117.20467291419506	157.38090317189943	-33.288108512310615	-35.053682769754545	-29.03754070553954	-21.137798715208916
29.737199074074073	-26.28549897609551	276.7824838235724	5.7987116575839	0.8901141970015618	7.407775833893244	-2.6566856251839046	-12.382533732816013	-13.490769958852415	4.922876596357163	12.902229020734982	-136.32449274577021	-198.23234055112772	-20.02423393020915	-25.013926858626732	-14.204308554571114	-24.275247046950213	65.9195953454937	156.69742251437611	-116.38207683766574	158.2083350244791	-33.9839598969088	-35.583150139696016	-29.077833969923233	-22.1922888080818
29.77722222222222	-32.21851613837876	275.7672766477341	5.971478780490949	0.20121915378136968	7.559934711044399	-2.8514621761904317	-12.918789997191146	-14.54785790293949	4.489415394046327	11.815849745063451	-142.60865157758377	-198.8831061694783	-20.144087192549293	-24.65178821517469	-13.726840246849463	-24.22274423917824	65.91989182235314	156.3451845608261	-115.78423043113163	157.95751104683086	-34.21998323939471	-36.12529299775706	-29.708090074008567	-24.034780392521654
29.81724537037037	-31.65673473971892	276.54331148921364	6.487342622061834	-0.092390776106986	8.371952038446155	-2.707713137349617	-12.647646354513293	-14.796362027748582	3.539034620821536	10.092705115397314	-142.25133825828482	-197.98448140933397	-20.19116823498777	-24.532126481933744	-12.969769582747787	-24.186534434510165	65.91772607143655	156.25636912956966	-115.49273033104821	157.4154037981495	-33.99976701032857	-36.15077700149794	-30.45593014094858	-26.04777047878885
29.85726851851852	-28.837307546459986	278.11610325077385	6.626844270786925	-0.032044646300875994	8.480066783403384	-2.5945591141078537	-12.945143939746222	-14.774112204064235	3.417985015020415	8.245690662107986	-138.9929958985735	-196.11198587259378	-19.927447288510564	-24.222569313801316	-12.854836534077577	-24.01202877283501	65.91751546918388	156.2430035639453	-115.32523646299275	157.33500161313646	-34.271064821633374	-36.05936897115738	-30.857138324788295	-27.859577795353488
29.897291666666668	-30.159048078184103	286.0342461477425	5.353599753617545	0.30292639482758704	7.201996642154041	-2.367065189887244	-14.502212010799743	-15.341341531768748	4.80921108551057	7.343934300115618	-139.45334379305046	-187.71381630183964	-19.253519058797096	-23.720899813545458	-13.878707447884508	-23.45299374014718	65.91787362324062	156.0152219432366	-115.17977217921587	157.80450863304185	-35.533899952246685	-36.41950529428064	-30.727535588761256	-29.0782255803513
29.937314814814815	-37.699334214209664	303.35239297163315	3.583151388743353	0.9097066448268659	5.810765582929759	-1.6579615951454374	-16.027660168040864	-16.123253538419043	6.664232271889834	7.161904404933013	-146.34631652460985	-170.0263803215313	-18.547656949153136	-23.39906420309903	-15.039852510754784	-22.5003560295047	65.91793632619475	155.79263455717557	-115.14170245394901	158.36886397245053	-36.8984324621656	-36.98617087826047	-30.231348402034826	-29.819706317667894
29.977337962962963	-46.368773709470766	316.01239600434604	3.188441613135255	1.451413095192624	5.617294628803115	-0.6902450635194632	-16.358772740902854	-16.401069462932803	7.882182364201199	6.411361651388346	-154.56007648302716	-156.95321030661864	-18.30236018343291	-23.13163928522785	-15.123125610862672	-21.424533685762285	65.91787915114325	155.6681691658493	-115.18897516053686	158.3111701964863	-37.38848064619138	-37.12535153752934	-29.49462398746502	-30.729047970196945
30.01736111111111	-52.92651442193518	304.2876968913876	4.014244567656467	1.475527332888018	6.0188950857546395	-0.580816757675776	-16.10632015522566	-16.304064901074554	8.64002685206324	5.010029507761937	-160.67962571078294	-168.32032814685368	-18.61246959672239	-22.56128336273086	-14.585903183232887	-21.151936743951296	65.91786413095178	155.50018210013053	-115.22702915907293	157.88805919479887	-37.158506304383494	-36.87536843273047	-28.527114774925778	-31.855662932788547
30.05738425925926	-58.01929947485553	274.7422021360088	4.376330664808782	1.2327247244692034	5.735461674198216	-1.6404753220584032	-16.15002021065939	-16.25033656234332	9.585618249679484	4.24606531841619	-167.41294273453298	-198.0911102904608	-19.14835904029141	-21.851042538126904	-14.769532691560471	-22.156069234847692	65.91787288534327	155.4471238324141	-115.12437643535868	158.07275744490454	-36.958681872358454	-36.84409505138768	-27.44315646758642	-32.497903565293015
30.097407407407406	-61.49209617222688	263.7203989565506	3.635741215005929	1.257187070446241	4.835735491153598	-1.7567715278785596	-16.322702999541065	-16.329462326449864	10.539978243543796	4.557724995123517	-176.0076775531793	-209.18165273193216	-19.391596316730954	-21.28452174057064	-15.757797263378848	-22.562833173047835	65.91787607619072	155.73860464453614	-114.8065652506091	158.51627282701673	-37.14310282252838	-37.266179447984015	-26.583394237745424	-32.70066739389782
30.137430555555554	-64.46632126147041	293.5388405136376	2.587642330828443	1.6477027367586814	4.254065215112097	0.5037277900443381	-15.897951067351988	-16.31871731386908	10.427324864851588	5.07759405153875	-182.17463647730722	-178.33456179968408	-19.26903632549528	-20.89113287248206	-16.68196756764752	-20.782772974770324	65.91787480606395	156.21869249639303	-114.44886603859025	158.1541410257625	-37.134944118870564	-37.684409406366214	-26.293185070483233	-33.07241969771917
30.177453703703705	-66.51194566313599	338.96423531651186	2.031631582634998	2.2801298817665514	4.208853296269906	3.1772682222856528	-14.628017989361227	-15.961001475326684	9.21088776728982	5.243577408060021	-180.9325950571361	-131.7975891471679	-19.29540923070715	-20.715083107572326	-17.263484792993523	-18.508017412263868	65.9178744259334	156.6172763302664	-114.27661820235481	157.171672808243	-36.30718445636566	-37.64996407614558	-26.413851179306192	-33.20301870521203
30.217476851851853	-65.3376039906077	362.2329343745577	1.996523747827051	2.875814704651848	4.27717076865778	4.3374428508195395	-13.274246559763176	-15.451065545913393	8.272351526429578	5.250481586074361	-175.22418957447763	-108.33293243627908	-19.64264068578312	-20.73189770739822	-17.645996416923765	-17.59587756453179	65.9178746986488	156.86535721935923	-114.27281318817178	156.39347256866705	-35.215657899655554	-37.37099359467433	-26.528881735495858	-32.60796105651731
30.2575	-63.053826979621974	361.85497817021866	2.1079485706619727	3.1271947716476682	4.271011830403664	4.4233623274054015	-12.685538825000236	-15.200029178326107	8.170694774904332	5.273028992575729	-172.10114067535426	-108.90105791646697	-19.91361763031327	-20.776324264530103	-17.805710713666613	-17.617365345219937	65.91787328952842	156.97280492506414	-114.29803126277982	156.1053915101669	-34.72792037493846	-37.23913886825663	-26.53750500266878	-31.98953631754007
30.297523148148148	-62.48824263198151	357.81468012704784	2.1416171694974957	3.1055493923770245	4.2541229443596915	4.328328909237035	-12.72628349406195	-15.212280561689646	8.314048655793108	5.285934551446094	-172.31835148002233	-112.99124174143445	-19.9359775938521	-20.778770043961742	-17.794384288752426	-17.715774975954062	65.91787202810852	156.97617540551914	-114.30054433679221	156.12018105644867	-34.76911533087862	-37.25857753414924	-26.52511666632651	-31.890267926398593
30.337546296296296	-62.84045947490617	357.5821826422989	2.1248864940142655	3.0605849651266976	4.253950425838935	4.306510304145348	-12.830853767027767	-15.256492316657152	8.342126989529273	5.283021272387207	-172.87300929231657	-113.19460965152159	-19.890879770777715	-20.771292927368833	-17.765987845463158	-17.719326612237396	65.91788036826159	156.95788698426716	-114.2963782834038	156.17097358671117	-34.85629842162788	-37.28275658733732	-26.522731625825358	-31.989625516177597
30.377569444444443	-62.96376620317315	358.26186906656676	2.117862255420492	3.0609995293195387	4.256865226904947	4.321285493096678	-12.831522961871583	-15.257639416755115	8.319443794217094	5.280618376700378	-172.87617010755486	-112.50418124595889	-19.88370794120945	-20.770329966253755	-17.765841144522113	-17.702629045708164	65.9178911320178	156.95596239573243	-114.29563826276963	156.1721617918825	-34.85561011753677	-37.281192065899205	-26.52470688950615	-32.01403798073231
30.41759259259259	-62.91294791025263	358.3533232966551	2.120153029657923	3.0687831568031196	4.257067322659253	4.32612032602401	-12.813530545526516	-15.250109205110661	8.313008295335568	5.280805667262388	-172.7815353915758	-112.4169208451729	-19.890917339918886	-20.771508038968022	-17.770764912403777	-17.700716196795284	65.91784725472752	156.95896867165237	-114.29630365831345	156.1634821598501	-34.840516659580956	-37.276915827211056	-26.52518366937734	-31.998862909930864
30.457615740740742	-62.88949708858854	358.24493159781014	2.121404836917547	3.069337683992407	4.2564822013187325	4.3240047555245305	-12.81209006314805	-15.249328884400164	8.316582610033516	5.280953530226979	-172.7755329168827	-112.5274020137443	-19.892630825874434	-20.77168829051415	-17.77122695588413	-17.703311934866974	65.91776615255212	156.95949927889197	-114.2964791488918	156.16263463206224	-34.83952168019262	-37.27682269196032	-26.52476562266942	-31.993777358836965
30.49763888888889	-62.89215305044093	358.2145518439492	2.1215026226115894	3.068085232615539	4.256607803932862	4.32314862144959	-12.815088373419444	-15.250481917896236	8.317556113540986	5.281614757030604	-172.7872615720458	-112.55741906977859	-19.891741166573183	-20.771705340956814	-17.77023857397893	-17.704181521801843	65.91798588221106	156.9590525640676	-114.29637036558752	156.1640903524156	-34.842057103855325	-37.27747165998001	-26.525069139707384	-31.99514044296221
30.537662037037038	-62.88545316016894	358.21577431524116	2.1222111370630348	3.067611388695625	4.257367695262455	4.323057603218873	-12.81555975019196	-15.250825911753738	8.31606050338237	5.2835550318206845	-172.77863343755996	-112.55631867359615	-19.89179417115892	-20.77218477439476	-17.76958209010148	-17.70478266226182	65.91854971949415	156.95907418925998	-114.29633594449045	156.16437281931763	-34.84243185365982	-37.277780082798856	-26.52599257896094	-31.99433043746626
30.577685185185185	-62.90524972966193	358.25297633035296	2.12031449846398	3.067382839463746	4.256499430240109	4.322255504879446	-12.815077411517455	-15.251219605649954	8.317695064041006	5.28044518318179	-172.79557577610308	-112.5182055657988	-19.890806594353677	-20.771234473360153	-17.770491325117234	-17.703077552361222	65.91751675603997	156.95902451258203	-114.29639383309141	156.16403540019854	-34.84200243687026	-37.27827023281485	-26.523947570752824	-31.998377153251937
30.617708333333333	-62.98013404948146	358.3574467297275	2.113911545843636	3.068930354997925	4.25215361139328	4.324087485777005	-12.814948503287267	-15.250709870502648	8.324399358971347	5.267430500000887	-172.8676926308683	-112.41027590311593	-19.88783580308339	-20.767710667903273	-17.773928583640924	-17.696456916405594	65.91380793181142	156.95811578398224	-114.29639940385702	156.16374767021387	-34.84180266101576	-37.2770827905087	-26.5179536243145	-32.011029538529144
30.65773148148148	-62.89281484858555	358.2174979735804	2.1223443713723262	3.0720913149107223	4.255443374894958	4.330627303076177	-12.815015579693242	-15.247111744735268	8.316224664469013	5.279887268779403	-172.78607661743922	-112.55438414626225	-19.893191004429596	-20.771872167726627	-17.770852920066716	-17.70280612559931	65.91821238411195	156.95841669540164	-114.29614642025042	156.16431383118385	-34.841931286559415	-37.27305310372158	-26.52738312092363	-31.99131151153678
30.697754629629628	-62.41642377368459	357.5380436255993	2.1633239632240917	3.064747301549835	4.281969996911807	4.322597311899419	-12.815109875225357	-15.248222819641457	8.274222139620287	5.360711838081645	-172.32964405659027	-113.25609733777559	-19.913148094719944	-20.794142294987168	-17.74980187714023	-17.74425248266948	65.94158842151946	156.96397314747418	-114.29604980068574	156.1658721955058	-34.84260469054708	-37.27809832239829	-26.566118199749056	-31.908366042147577
30.73777777777778	-62.719647924109395	358.0528400972953	2.1319241200860204	3.0431098052359777	4.2741978778622025	4.281059323038696	-12.815172436950487	-15.26971876156738	8.303974225597043	5.323009848618942	-172.61010487938728	-112.72666143391776	-19.890503582723724	-20.779503346302008	-17.758533541075394	-17.72528743732319	65.92603518972197	156.9645428507956	-114.29746425732621	156.1634484125329	-34.84249933459593	-37.3037165370901	-26.527968301233727	-31.987456242041347
30.777800925925927	-65.6111384073769	362.2126513822879	1.8809579411261017	3.0763816081629813	4.117141211528336	4.3098959034557796	-12.814800436614336	-15.272517245471557	8.560081358782798	4.838445633314109	-175.37607567759932	-108.43151269532503	-19.765081100669008	-20.64416398150793	-17.884232528069504	-17.47691757899719	65.78390948156387	156.93254848030458	-114.29861954866062	156.15345649273053	-34.838670329498726	-37.28543451848866	-26.287181480097885	-32.50218362565893
30.817824074074075	-65.08751118677708	361.0052229340625	1.9558570819393115	3.216018633132633	4.095173265912304	4.562994626332321	-12.814219039857319	-15.14909587308713	8.496871087787387	4.85018908565311	-174.93050755075353	-109.66603920346994	-19.842823210034666	-20.67126181730481	-17.887278958161048	-17.480824168829926	65.81340785058383	156.91560109824852	-114.29091550037508	156.16321328791906	-34.837594930083995	-37.12913186514311	-26.405554493162043	-32.2634031584014
30.857847222222222	-48.104680367222436	336.37925016113087	3.442439500335972	3.0827730637140798	4.996106157540997	4.50385985417447	-12.816097146483717	-15.08019535824843	6.985489962269133	7.663761416595667	-158.7085036440149	-135.0880115468833	-20.602969174584004	-21.467261700989837	-17.160029265499475	-18.922062441725956	66.649763531698	157.09381627388615	-114.28093336565932	156.22527552567647	-34.85930476402504	-37.16839061023336	-27.851680092513604	-29.178083069907828
30.89787037037037	-18.87576579733629	295.9012126809499	5.867133749091779	2.0893989316648427	6.798137836493084	3.0116457617292354	-12.820276547760741	-15.654377792645525	4.651787617953042	12.911328369213999	-130.50787220643343	-176.93048677427635	-21.63274331979943	-22.831699509903657	-15.763582854335212	-21.62753791193569	68.08248360024865	157.4898955941694	-114.2983265560894	156.19521199639726	-34.932354899229466	-38.091084051044575	-29.89536432456775	-24.642023359734836
30.937893518518518	-0.7923009255391729	271.1184628811913	7.290544493771239	0.7773047766644554	8.13581870760247	0.6625836692486606	-12.811180175102564	-14.67618521219963	3.7658047121928453	14.800967161769849	-112.799288835153	-202.54937475280434	-22.012200733784084	-23.66783763937994	-14.723691778485787	-23.428106648068365	69.01518047479135	157.75736166651387	-114.26991157415598	155.80942942373593	-35.07212030059725	-37.42792375894476	-30.68993771431495	-22.300410429926814
30.977916666666665	-2.986329291881513	269.2958646945633	7.259218451270446	0.5394879300970205	8.117571384377078	-0.28416733237952657	-12.797360800988173	-6.658242697134913	4.449082552485442	7.5216592298472	-114.8120237795681	-204.27038502097082	-21.824227070251297	-23.566249706878097	-14.577624191526994	-23.05234227379364	69.11485747192889	157.63520337036204	-114.01604371426278	155.20939864751102	-35.23950792387136	-29.35785931855837	-30.396152271674225	-21.82066134169125
31.017939814814813	-13.634691091429247	272.6339177726365	6.9612885311216255	1.7010756337117212	7.4476511634980085	0.5763118991418549	-12.902386782510423	6.60969551814099	5.03031436924862	-4.960817234000117	-125.38399042179235	-200.764405238623	-21.71846094230574	-23.398323009006447	-14.750757738592398	-21.60638243243949	68.97558889061236	157.33216386557854	-113.60679364305652	154.8697105042632	-35.4438700483329	-15.80283680050836	-30.26217641879066	-20.818849429925493
31.057962962962964	-19.581100355265846	275.0641432732608	7.0264977905555215	3.6813253475154983	7.260665766606732	1.6678009182939453	-13.179113501068448	14.924882297959547	5.3076367935132875	-11.694060302584516	-131.39354273068267	-199.18771495917866	-21.761660033461865	-24.251858231266652	-14.66407222962927	-20.559429622017888	68.94815720583674	157.21520671205374	-113.36418345656212	154.85075833824567	-35.73175945419658	-7.35990797568617	-30.270815819116166	-19.06071289335074
31.097986111111112	-19.16529851967635	288.65006146144333	7.117391785429861	5.514609889859519	7.583373476806349	2.088758014176013	-13.355914004197174	15.436160778017468	5.658135951717687	-9.988547905963578	-130.84733695000256	-187.2288674286591	-21.65120010015636	-25.878928893320165	-14.560074287696082	-20.379178580844354	68.97710968888217	157.3563972587847	-113.36227954575163	154.8804433767919	-35.91696279871026	-6.986196506429877	-30.13392095596565	-16.96571805050759
31.13800925925926	-22.421543932945855	322.7774962301117	6.953402334268616	5.81986884341933	7.575283467634302	1.7228750849967789	-13.306561731104177	13.947792602616184	5.819515028231937	-6.612946754526809	-133.89045419710635	-154.03510678776934	-21.46744281065486	-26.812603034058498	-14.966504480643763	-20.99574386951359	68.9868259811184	157.4672097990488	-113.39848397161056	154.95915720724102	-35.83759201677394	-8.586220367091997	-30.001028406004508	-15.197338920843222
31.178032407407407	-25.742040536838587	363.61915204136903	6.765743374287024	4.5089263590627375	7.125728953914753	0.6696935373966139	-13.323331056028287	13.364383831180042	6.100737688402334	-5.7623896767687155	-137.49049552898742	-112.89653996006045	-21.753667508833303	-26.51569199188539	-15.70397770957571	-22.004423475489446	68.94351574188966	157.324287091931	-113.36981534375589	155.10010393425853	-35.695173612878335	-9.027518077749562	-29.614730910358745	-14.791330465422632
31.218055555555555	-10.293327280583249	386.66550517203984	6.701233930774146	2.8052694378911824	6.8054199756778155	-0.615457328149815	-13.39575332437808	12.984947286811881	7.4251515889426365	-6.015211286923945	-122.73489574832455	-89.16040500003656	-22.44220546997896	-25.825910073021163	-16.10283586009487	-23.019948932838375	68.85723414773118	157.16948064659852	-113.40240264356281	154.91576455705768	-35.64869384028931	-9.256467265261335	-28.22797786103962	-15.272098643995804
31.258078703703703	18.71540734685987	389.1434188425245	6.573690050938665	1.5647729532042087	6.677211919417854	-1.4976106605147412	-13.216477726813517	12.557567208817494	10.17196248759559	-5.2591644775717326	-94.01388383634666	-86.42941387297255	-22.72843889577723	-25.5728327280779	-16.183666570028777	-24.008412944424066	68.92295279607745	157.42872678514803	-113.62773884885398	154.22144596550473	-35.704414251125016	-9.944430070681648	-25.52927682005972	-15.20338009535648
31.29810185185185	33.898905294896466	386.4249388059126	6.394563560724619	1.2651011204369818	6.549201204975628	-1.5597686872347112	-12.959407961676098	12.426962114934192	13.553547143757223	-3.8556026102069176	-78.66537779967432	-89.58500237011047	-22.564110181663054	-26.009941755698478	-16.548014020840895	-24.744985977223592	69.41693118537074	158.10594474855634	-113.89131463479514	153.43965616169737	-36.02969525733046	-10.72657032471632	-22.475149075928798	-14.582085138476813
31.338125	20.53546268062718	385.71614687599003	6.293171898083909	1.8947028565416164	6.646411872933189	-1.1538760599708724	-12.77751459463388	12.63274053727417	16.089339718635348	-3.2736577586644118	-92.15036630639288	-91.11343316788209	-22.685962402678882	-26.829580218411778	-17.193489304753513	-24.93482712972029	70.14953227265649	158.72819444979186	-113.90171928030246	152.83391026122462	-36.60231527805307	-11.123521058433013	-20.51344972814671	-14.397209088040356
31.37814814814815	-11.972834852535424	384.3590738179031	6.3630675808462565	2.778788067268599	6.96870727543195	-1.1137529330617053	-12.128170522178719	12.829303927388354	16.820287231904235	-3.3577710102807847	-125.53882470941382	-93.31634273306538	-23.566030643557397	-27.67541326559855	-17.63535502561689	-24.896596424015414	70.55683669129594	158.9505241267227	-113.52121008841037	152.25462567282608	-36.762644369643155	-11.289966707486514	-19.942564417365972	-14.6477522489282
31.418171296296297	-41.185793589760415	382.5132542289575	7.271780668577987	3.22084540322217	6.665022802011383	-1.7110589128306568	-10.872421634816543	12.829681463476389	15.868817368269433	-3.1999491305418655	-156.8067273999451	-96.03602724164254	-25.620919494111817	-28.549279056985128	-17.89668423679433	-25.328440201902893	70.52788711658539	158.94431445494038	-112.92901470134292	151.86480095132112	-35.89941663679191	-11.588924925886644	-20.030533042349475	-14.788870225276114
31.458194444444445	-54.16629175065936	382.8717076493619	9.623766653039409	2.975653776040695	5.648849036464972	-2.4160069654143475	-9.722172337763526	12.73365254435552	14.081729657550962	-3.008587618875536	-172.97936266536215	-96.42183098327068	-28.813058699186854	-29.293556644853865	-18.328686323874905	-26.31790831538089	70.43389546237997	159.07511240215516	-112.53605752177351	151.6897781672919	-34.48141019561733	-11.927232500140349	-20.399640012596322	-14.935833957684252
31.498217592592592	-54.33345203664363	384.2492068979274	12.319534661468165	2.582669250444668	5.528564176396382	-2.4967273213145114	-9.012696846781274	12.685600837145943	12.576467359587044	-3.044685496954163	-175.71543008421338	-95.37214837564115	-31.381944823970983	-29.621376949321814	-18.576704155554737	-27.03870697011564	70.56581262331477	159.48571052647844	-112.39155205073207	150.8897045460555	-33.59564790947972	-12.133041974127309	-21.0191871738852	-15.177734381938066
31.53824074074074	-49.08289161067044	383.8634567228082	13.634426645811313	2.7828059996164893	7.138662603684673	-1.7327719871147917	-8.553005514105493	12.771427235874764	12.012217681482898	-2.7376224868833643	-170.597961637578	-95.82945555352175	-31.515078746781043	-29.692817126212688	-17.870533092097673	-26.910010133238828	70.96942101585822	160.06855603695615	-112.16401073223896	149.0214437189839	-33.58534279759466	-12.362630367899513	-21.57313116726759	-15.100156832546219
31.578263888888888	-42.89374608909067	381.8662583738057	13.615123590531638	3.5243410302748255	9.490493191491067	-0.5476721308740041	-8.221606965672448	12.95958678675734	12.06917114295662	-1.8740456828261078	-162.74453729565033	-97.95237394132754	-29.851003115175644	-29.818466078172975	-16.318934197479024	-26.294125100497496	71.51676082126636	160.67350451716453	-111.76635998879622	146.71519154582765	-33.9503224881349	-12.736024121226507	-21.88116057812286	-14.609991049398147
31.618287037037035	-37.17375805654134	379.7394429298812	13.393852517689595	4.331579301156111	11.713546980743358	0.627986702344508	-7.9349621266433	13.160841407761941	12.151584766683296	-0.8720975633200262	-155.19672253829475	-100.28060888664864	-28.023013783335912	-30.020532373605462	-14.637021969081772	-25.688953247707275	72.06991655538663	161.25566522713126	-111.34114299365906	144.49810262378173	-34.27559589346831	-13.159288982905878	-22.124023279361268	-14.031912893829272
31.658310185185186	-31.660935680921284	377.87865321561225	13.386125859024476	5.048859290047798	13.799223369755662	1.7294417801927064	-7.622418727297188	13.347196835740302	12.129917042679105	0.04510580720111433	-148.1530760506866	-102.33826157611624	-26.490931172787896	-30.218083376668048	-13.091053337310868	-25.169224090448438	72.59760691697635	161.8320854356786	-110.93746239588755	142.37847445162882	-34.52589174635277	-13.559849137041098	-22.395921790277228	-13.515424260829604
31.698333333333334	-26.123452992436935	376.06563828440505	13.44336685617108	5.747441644275271	15.886354232319107	2.8182067027484656	-7.269504385127362	13.530730307270353	12.148534131370953	0.9270857805051227	-141.15148884367767	-104.34015328574604	-25.027232327198774	-30.403504904077806	-11.581495963629251	-24.656063229846055	73.10888026168921	162.40528477335758	-110.53404429566235	140.2956803469428	-34.740042586043145	-13.94633162114502	-22.59140763248142	-13.016485077056302
31.738356481481482	-20.50396626279227	374.22696723007033	13.484988078783404	6.467894731662184	17.99231142638931	3.919976268415026	-6.9458815442121775	13.706465952084981	12.203331760148824	1.812630663764738	-134.03480453287142	-106.3747576701105	-23.537504167029766	-30.59397593825723	-10.054720802003686	-24.12608120372832	73.62391015892908	162.97781068863583	-110.15785576332534	138.12915602951747	-34.99082163117089	-14.34314628957793	-22.78775375248607	-12.525390801263327
31.77837962962963	-14.625908716728528	372.3515338524718	13.437803263719104	7.200762683304093	20.159001379048963	5.07670672454951	-6.821428313739521	13.874681778821294	11.956986083212268	2.7305261650392194	-126.55482727435246	-108.41959298712946	-21.93642066801513	-30.781073777828666	-8.499196055665053	-23.580311099486607	74.22076418923956	163.5892403833085	-109.83205861863242	135.65933415029866	-35.47898888944202	-14.768365259965762	-23.52270114497574	-12.051653820256206
31.818402777777777	-8.890994655626614	370.36952158416625	13.25886511284872	7.889220924720231	22.381226214428295	6.250763300855288	-6.626579779011612	14.099409237038454	11.467117589324245	3.710339556337293	-119.10053463904704	-110.51595348665246	-20.174105446059727	-30.934633085671223	-6.9148679697158	-23.04541216181707	74.8532708220806	164.22830510868107	-109.34669241394165	133.46110740294762	-35.923056793617135	-15.161464182922131	-24.454707797177704	-11.486723508637269
31.858425925925925	-4.762757015013258	368.49414449200646	13.474057183375622	8.510610205505571	24.2748067657795	7.122920730910475	-5.256518177187466	14.396451582825177	12.640080108993645	4.564037050416774	-113.73920274547343	-112.64883790375804	-18.917842161328423	-31.106306511982822	-5.443599396240202	-22.595696305660525	75.03096810109089	164.6506583082528	-108.49249912960876	133.13983044281684	-34.975202232091945	-15.387313375373154	-22.33054880995452	-10.758396475296777
31.898449074074072	-3.1102991622101643	367.4460424556078	15.102513773287377	9.560859468261597	25.38498515936748	7.632500808508998	-2.0740503384904065	14.46298526092383	17.14554380272712	5.169663611832258	-112.32631282739233	-114.46197540459558	-19.396386303625732	-31.60744486645723	-4.2940986705232405	-22.046585397939964	74.34237911243405	164.61113720009962	-107.80454401649685	134.87992197693285	-31.75274971782632	-15.449964986461978	-14.612391627283358	-10.046282398069536
31.938472222222224	-3.04357319578123	367.7588862439241	17.82160776335595	12.306648998275145	25.822394225739437	8.823586627777107	1.6625138750158295	14.008358615957366	22.09397988876558	5.931206170892784	-114.03062503258316	-115.0447590982934	-21.403691129649587	-32.8879578584628	-3.582545042155502	-20.581308860431363	73.87587849793776	164.33696576015626	-108.13217999234196	136.5906596137483	-27.7413940839658	-15.491703492865469	-5.676134277575812	-9.463949331201391
31.97849537037037	-3.359389898268013	369.08087598012037	19.53872069239133	17.067576628166155	25.671629894373	11.286285485596567	4.06037544829913	13.393199459099655	23.550138993202758	6.63644965523101	-116.64273810182972	-114.15033124131291	-23.095980148049705	-35.0093222269921	-3.556413122151099	-17.94174559920704	75.97870113843084	164.1601013659033	-108.67011741779514	137.38402830686	-25.16921446829312	-15.567829522818073	-1.6012744800003418	-9.198457704513558
32.01851851851852	-3.619601366940464	370.5389783039712	19.497090827228202	21.71174470330214	24.59577518716595	13.187786345348805	4.928070531733046	12.964444716444644	22.696127781009885	6.325499423149528	-118.65032885876856	-114.08421967612504	-23.93240572667588	-37.55220067969387	-4.432420111363584	-15.840455975808837	80.61397518407495	163.96029017578195	-106.82263041263069	138.52175947401622	-24.106616360686417	-15.766409408125398	-1.2364293235238364	-9.746278701910995
32.05854166666666	-3.6809754296063932	371.53651776583376	18.865057103518048	24.489619148751505	22.52321548878366	13.08275181306315	5.562752861010623	12.529692298831067	22.37520731760853	5.108944352796496	-119.46838730525555	-116.72988079432541	-24.97291366167208	-40.04164467084249	-6.111491007794427	-15.552025519890293	81.55697350305468	163.56681383550182	-102.51881779580624	140.06358377071126	-23.06578874719682	-16.0413990304216	-0.7194810221938042	-10.999143107045413
32.098564814814814	-3.284798757254401	372.0863924318108	17.5644314945185	26.33228297931068	19.344702344243924	12.536027542960586	6.460954133945367	11.95198539956862	22.189592117428116	4.194720534985093	-119.46362932863794	-119.75866587070728	-26.323509257344398	-41.918128748605355	-8.777379853407368	-15.585845771637736	71.93449944799039	163.05401942225353	-100.57178595337764	140.73035879989013	-21.620899192155264	-16.185267416546395	-0.45249572858244846	-11.930205789803267
32.138587962962966	-2.307640366640706	371.77322783741107	14.718237383960277	27.244071674909137	14.955410843634157	12.64247316794604	6.591825119633967	9.866400302393087	21.181021794800472	6.780948026266068	-119.38288590758704	-120.63307567501865	-27.289423425950815	-42.11445000700235	-12.55793474373813	-14.870378345796894	57.03499969721988	162.445109344656	-104.0572762799044	140.8425992618668	-20.940082402234538	-17.684202036265432	-1.954020424707025	-10.828909364932372
32.17861111111111	-1.1764715933243914	369.2285331503995	11.620883920580912	24.79381761245421	10.596204737367723	11.90617325262471	5.309598056418453	4.561896542635898	20.328104033352105	15.7645521139277	-119.43723970395395	-120.42046243680254	-27.93046934411653	-39.68269947725743	-16.197855864022614	-14.888881857083277	49.52356059487371	161.72672795732154	-109.11239619334789	141.98802219796943	-21.725547060340077	-22.425293050353815	-4.263857466423801	-6.713587971469778
32.21863425925926	-0.5675908720062428	365.1566270327205	10.168506591390354	19.44962092791935	7.836816327371434	9.833411311787666	3.5216948885600288	-1.12639481741466	18.950764242050194	25.371990795786033	-119.4487025641139	-120.55017420132937	-28.41916794974388	-35.73610084941048	-18.27978812905768	-16.286479838779243	51.121389283706094	161.0506671545431	-110.90575859146215	143.94342652881105	-22.796336819038686	-27.187296944534566	-6.509832800908498	-2.1909359276170193
32.258657407407405	-0.5621927730708473	362.75164759643764	10.040715784152809	15.553061892347994	6.556736448266198	8.249200111129486	2.362569710079357	-2.813443870209168	14.911115199371666	26.777432462280945	-119.3569713755749	-120.6123386771486	-28.481783125805194	-32.957323268637936	-19.10108592374509	-17.40426138573818	54.496928687679365	160.58724495941698	-109.28449514304576	144.8211100726214	-22.823588580283598	-27.288092402525564	-9.261240253393225	-0.4046672740768287
32.298680555555556	-0.5917196555388079	362.549172332728	10.260940768231478	14.712183755381757	6.0780371016491594	7.9422849269021185	2.011274562736975	-1.5302323031443128	10.617275882388878	22.33977656696748	-119.2671038147845	-120.28399505340629	-28.430755565837075	-32.13947027525309	-19.31244528626287	-17.42728700330352	56.429198311833474	160.3098368203272	-107.24283155253165	144.75274712008923	-22.36840170654594	-24.957462321546956	-11.75189351758867	-0.4116602330573613
32.3387037037037	-0.388932199165191	362.17222111699857	10.2946944660814	14.197291526873563	5.884319447828107	7.559818780619461	1.9179095107764372	-0.47196911697541233	9.959922955707869	19.66682581939926	-119.21021303647326	-120.01156962852279	-28.664494283697806	-31.765063470657267	-19.226918761146848	-17.567772095315163	57.93499665584088	160.0531902525637	-107.34460086195186	145.47651780684765	-22.58130419582008	-24.419577578515714	-12.426164691790632	-1.121078994860838
32.37872685185185	-0.3340344681630323	360.7576545255734	9.03592135713739	12.026933797771699	4.595662434564681	5.974997842525446	1.7747588937045795	-0.44561087260731935	11.38818795338191	19.614022364281553	-119.14989811719467	-120.06466365597267	-28.76584298203086	-30.803362261098627	-20.02758497147788	-18.776425725992127	59.66724049268854	159.63319809871467	-108.73517238938548	146.680550092813	-22.945069147754907	-25.140812920109497	-11.82278252104004	-3.321405324564111
32.41875	-0.45062879219445107	359.1277165129158	6.268303788372625	9.106327893408375	1.7709242487756451	3.5026868869209533	1.7437756108576306	-1.7203723623845457	11.7675066012964	19.823269420531194	-119.16536714931128	-120.49345285242593	-28.609117890383715	-29.691049877860763	-22.356567152351445	-20.584719938071984	61.57176150383676	159.0354821439492	-109.01812590420282	147.0342701783253	-22.449600021622487	-26.007145643717607	-10.638054067566642	-6.0790063076267415
32.45877314814815	-0.1395667486776025	358.01836663529457	3.8972232402545446	7.048774462095829	-0.6043836104367414	1.2356564989769545	1.856467764696729	-4.286108219066931	11.403452349673856	20.076876634668047	-119.2539359899384	-121.10585210077024	-28.576620353222694	-29.13396309594853	-24.68526454796651	-22.085203626338938	63.43369294935427	158.55123887993267	-108.07547465376062	146.9489001640476	-21.47735019913722	-27.631147546965423	-8.358010159975066	-7.927261009764592
32.4987962962963	0.27771169040881827	357.53148506498053	3.5327928595069062	6.204385815837481	-1.1051482542502684	0.20643339674246167	2.6767026410299946	-6.635732434584785	11.366027557798526	20.13453483196162	-119.40338086856657	-121.46758362748328	-28.677884300117938	-28.993903874568275	-25.323948013503042	-22.789536317364508	64.7804252082382	158.39839079102487	-107.22591143218908	147.39159619581648	-20.302506003081987	-29.599453404686287	-6.093079993911331	-9.51002870587034
32.53881944444444	-0.3070898725018369	356.9167151647983	4.376983686027114	5.784835344255659	-0.6895211556618878	0.35948514286689215	4.692379622173584	-7.81480462674224	11.463772571905995	18.88515301048061	-119.87095467086128	-121.77200949690719	-28.7470424836264	-28.681595014231945	-24.66900111234021	-22.896680564218116	65.24629065800622	158.4354216399755	-107.23016362028484	147.9395707912229	-18.562269801303856	-31.065734228354955	-5.37379498720864	-12.118124970795307
32.57884259259259	-1.691220842822426	355.80384041530516	4.842742407215007	5.418641511581902	-0.5040414657675896	0.6065553783479717	6.401622040408387	-8.763576789181784	11.977521902839973	17.019575405453406	-120.66761809249074	-122.53000039586719	-28.758236319557255	-28.29625748116284	-24.13823993040637	-22.877476384990743	65.13210371643233	158.46603977222952	-108.03919710522239	147.74496256570228	-17.0827321339563	-32.25121276624283	-5.024046086763221	-15.221222538528522
32.61886574074074	-3.133249269455071	355.00108455206924	4.738336671095093	5.864597272934649	-0.5804236224853525	0.8036862756733132	6.442388660152914	-10.165542173038535	13.24089998037376	16.696887548439395	-121.63981858986863	-123.3500505685772	-28.591353308139304	-28.362779547990286	-23.993127510785655	-22.49858121150062	65.03017801310537	158.45663439647592	-109.02745964037432	146.96622793996545	-16.847793583364066	-33.46071475831839	-3.89829225000787	-16.78293444385423
32.65888888888889	-5.062572551868873	354.8684008126912	4.606487862443871	7.390955490701941	-0.6587448220800124	1.7444256053183298	5.976228840923493	-11.3705975656713	14.052162092707752	18.03895056133605	-123.1323183156221	-123.73380274245223	-28.105492863919608	-28.835127329733652	-23.691636608627107	-21.44515111568583	65.15306935198352	158.45825100570974	-109.46968318585344	146.3466620334728	-17.221368940086194	-34.56462791098134	-3.20508629553413	-16.521366408678603
32.69891203703704	-7.374195898762677	354.83191185035764	4.550484704049755	9.031139915438938	-0.5624620747961752	3.1453973534714486	6.305337389545205	-11.924793048158504	13.269125016286587	19.021928202905215	-124.94548584872625	-124.11767657935148	-27.498355688086264	-29.333708761077375	-23.38198510100098	-20.300674473865058	65.16714036456202	158.51612843444585	-109.36649802753753	146.34992429559958	-17.218936851135254	-35.422702143240286	-3.903463931711258	-16.341218726639013
32.738935185185184	-8.622180564541852	354.993785491853	4.646801590964765	10.039109716044281	-0.2433506754289544	4.10540088142456	7.124394284690227	-12.255514668460407	11.162694131739727	19.12138945178238	-125.97286618639042	-124.43670943186258	-27.36029297842407	-29.665030571699262	-23.35910922455659	-19.619436537091715	64.57660690740515	158.51133535517636	-109.40732036853673	146.75450105249533	-16.585076184220867	-35.972413034867174	-5.410881001927862	-16.867065846007193
32.778958333333335	-8.582632275401963	355.7671377122321	5.06814344769948	10.301684803589598	-0.1920399000158808	4.393012816768763	7.853230471626853	-12.722114421505538	8.199773262465412	19.448551010850878	-126.26738998795183	-123.9063919297508	-28.06027246409893	-29.685767468795277	-23.43619469601498	-19.39229550372187	63.753162969958	158.19905769412287	-109.74973746614604	146.93819111469588	-15.471273085974175	-36.20175009857732	-7.2703863618052935	-17.09729291983072
32.81898148148148	-8.53642918314123	355.92446111425716	5.362964716211614	10.248815030134528	-0.8842142652416201	4.248202682402006	8.279722665777163	-13.166390896327755	4.914632780932647	19.875241693857056	-126.94664809738462	-123.63707025282706	-29.028336944810263	-29.516185578389383	-23.74942202978289	-19.308458636951244	63.821017735480694	157.7178064920124	-110.09979971065233	147.11048652280317	-14.487800302879506	-36.189413678004	-9.58254701458631	-16.877790817768727
32.85900462962963	-8.44496745067715	354.282514586278	4.9391517920763395	10.56608706156428	-1.7492696628229836	4.060391255672451	8.472602141221278	-13.327163919150207	2.350938717100924	19.709270016640478	-127.48902699283052	-125.33773065707528	-29.418439338511007	-29.60647774482473	-24.401295426712053	-19.010322070357645	64.81032165052943	157.57072979726584	-110.38164565357071	148.36664142376006	-14.154668560498635	-36.109847392690426	-11.855696992185813	-16.73837250910711
32.899027777777775	-6.992463125925328	352.40323648199757	4.231047157773535	11.13351264679086	-2.0104965254802623	4.041209904610361	8.691769036775826	-13.1968230734468	1.13432973064423	19.35302489963769	-126.31634958402113	-127.57418008599406	-29.34145784746461	-30.014190278724	-24.867646505735067	-18.62969785000159	65.59595391802519	157.80723772944256	-110.49262428205235	150.573124922746	-14.185594186899053	-36.08156723126406	-13.031933266835381	-16.751124162926814
32.939050925925926	-4.720935566083295	352.14495301710855	4.307727202542569	11.613618149477118	-1.853395293761223	4.206969912674032	8.854016398402445	-13.053494542512103	1.1862716659573185	19.334167713109046	-124.38698164698711	-128.10604759585794	-29.60277141030727	-30.317078725724613	-24.906057556202356	-18.42859706009368	65.74185027453959	158.00921666542416	-110.63169885456877	151.99642877829746	-14.22597420558786	-36.105693240974475	-12.724033762732219	-16.79737094723845
32.97907407407408	-3.8675518404356266	352.8279970647941	5.474341663792139	11.937533907676743	-1.7210536956147258	4.396638354364171	8.796435694800806	-13.072017360843093	1.7722346470800636	19.56586738158999	-124.4034453827011	-127.53924882075493	-30.528121759665197	-30.32632079434471	-24.80243129150675	-18.473274774214758	65.68558817843412	158.02287815538392	-111.10867029301555	151.94430903836326	-14.297267576265256	-36.15977125317529	-12.063680702626144	-16.843109564113888
33.01909722222222	-4.377130450315269	353.20801404139615	6.791695805273036	11.597340380102281	-1.735406087836081	4.1035430891843605	8.791964449205475	-13.14662194277317	1.6610102167293237	19.521578442570295	-125.97656785990081	-127.19883361731776	-31.60960888422376	-30.217013620198543	-24.756279739666667	-18.9629744671104	65.69988650247527	157.98416991111154	-111.61418999341943	151.72241454339684	-14.26540895916554	-36.20768922703287	-12.46186809475202	-16.835582969100827
33.05912037037037	-3.986166179223039	354.0765148694377	7.284377222406204	10.706145546306507	-2.0321524835388445	3.299567127472506	9.07512851666514	-13.220912504088743	0.6177109061989134	18.655359447392858	-126.2831352667685	-126.34836364155372	-32.29945813289737	-30.269534115732895	-24.86830032319068	-19.76754782230043	65.73204114926286	157.9585122776076	-111.58136066860213	152.09495667783384	-13.948390615587385	-36.248147891211985	-13.272765236449189	-16.6690434274106
33.09914351851852	-2.572904269470141	356.26180425172464	7.198721955112525	10.33104910796995	-2.419035551721061	2.750418949905591	9.430738371074765	-13.267758377121783	-0.33328496440362243	17.454352925862704	-125.18957062290075	-124.36559818516987	-32.61626895097781	-30.60783670572019	-25.141044449608714	-20.283070874336744	65.73306173946246	157.98072686632324	-110.8250430419455	152.09789302106327	-13.591820487517055	-36.28441486568529	-13.09207675293986	-16.506243185096224
33.13916666666667	-2.2314402534319604	356.1091501096485	7.160618253618206	10.490484606656715	-2.28264477436126	3.0863284933321293	9.819108017908498	-13.150618810405552	-0.6156856559027721	16.911740704771127	-124.90624648516176	-124.50914359698943	-32.67253421336983	-30.643323451365873	-25.310081809169077	-20.110137973040807	65.72644533977498	158.13652843104256	-110.19464618147602	151.7811126234462	-13.391704735027787	-36.33367769427363	-12.592050503154923	-17.114949144768758
33.17918981481481	-4.498567993556016	347.38409987893016	6.825883886902516	10.287985832445875	-1.7065799112351046	4.406536600879042	10.691652614835766	-13.016578315998924	-0.5537895745413645	16.836857763489164	-126.74699491742369	-132.0956517725686	-32.24074845371578	-29.483930469864333	-25.298645335208775	-19.133576168758026	65.74327848220784	158.37920645028353	-110.81670493758465	152.69004900294846	-12.908555051520892	-36.62416342845769	-12.665742346997561	-18.880532509226967
33.21921296296296	-9.125063745844434	330.70890085440607	6.084003669807438	9.615833177037764	-1.486916282607723	6.1638114370892945	11.990811229978508	-13.161472207513569	-0.47106999252513354	16.480432883115142	-130.52574027200342	-146.60452724459896	-31.4077788164321	-27.310895161825286	-25.37676975451491	-17.71904565497404	65.78207450170156	158.52828806166542	-111.97852368726872	154.51856174681012	-11.874163204223422	-37.181781228928045	-12.279558523605814	-20.809065526454333
33.25923611111111	-13.387405628718497	314.21595092945176	5.939911839760707	8.607361544218538	-1.746585953142633	7.225126590854714	12.9876338596128	-13.424165005556882	-0.34939178080347283	15.868834772696363	-134.20722500509675	-160.9648335034364	-30.868704433278495	-25.186533564056248	-25.55106545562738	-16.937734376388633	65.80647750506178	158.5366082768259	-112.091469377373	155.49918457795724	-10.823819264471155	-37.49099012348236	-10.844665470617116	-21.786537033119288
33.29925925925926	-14.900462281718495	301.406500613863	6.261616997346997	7.045794817795165	-2.0013790799925477	6.933030350836649	13.379989542315569	-13.45464847343633	-0.08238286763662961	15.25085410895274	-135.69056145298384	-172.32964902267133	-30.770375223248024	-23.73128497879061	-25.61810483085135	-17.257807164703706	65.79799957622082	158.51022594971744	-111.46748345384027	155.4229387639935	-10.232721666783291	-37.22237993381067	-9.548400263722371	-21.965039195602884
33.33928240740741	-14.73596918083681	291.0091975113434	5.797851646096351	5.532158819481999	-2.1912237435208315	5.945775512002555	13.464524219375729	-13.15502194445742	0.21214176588737158	14.337304105816342	-135.56917402917742	-182.09116748871736	-30.541257712388727	-23.05798999737185	-25.596668975615387	-17.836453863943277	65.78128426296361	158.52053471353523	-111.2485657498611	155.15427259712294	-9.966574919424446	-36.59350843122917	-9.253495676135032	-22.22733823991335
33.379305555555554	-14.827558876440447	285.67767409682233	4.713177427292933	5.209920068974672	-2.453920214871973	5.463554296175147	13.61849799262688	-12.711443980404475	0.09989608612721972	13.016816600144745	-135.28513111178586	-187.38662815359498	-30.126756720626645	-23.077697326287165	-25.596884578143346	-17.896621946996547	65.77743185062471	158.5262996143463	-111.16659717420082	155.09816774899957	-9.72490012429526	-36.02866486235858	-9.597374496576407	-23.0108562819252
33.419328703703705	-15.437891902050932	285.72043163831535	4.072129008285794	6.006770374234626	-2.700895354627863	5.785482471620282	13.980928294023784	-12.449914532419381	-0.8455920303000736	11.706004811062552	-135.20048428961803	-187.34754647185355	-30.008235419963228	-23.32074720218023	-25.711966414912652	-17.493738929906925	65.78401676281732	158.4205018176259	-110.89349067362731	155.4491713913373	-9.357552628143551	-35.78511787324584	-10.28753782968397	-24.084185959747998
33.45935185185185	-16.005206972315076	285.7587200562342	4.042244462939511	6.72145596825941	-2.990516563662259	6.144457858342542	14.208262801616929	-12.38328731596128	-2.233646402553745	10.500576066912446	-135.48810989927006	-187.2379636829507	-30.229765056806286	-23.384487237652962	-25.988309117705327	-17.046220228935226	65.79631582004919	158.13686386818748	-111.14779512279931	156.2921755980742	-8.989855301494217	-35.58550490528131	-11.23448187933758	-25.08546239336907
33.499375	-16.087591362242115	284.34357736722524	4.135594818325898	6.7690201712544	-3.3576505038756443	6.00324443106344	14.038636897230777	-12.313279443234638	-3.113792210227441	9.549689020428081	-135.93440484338652	-188.85018518732	-30.343534619821156	-23.357458650013356	-26.17371920176376	-16.83193169368849	65.81184912694688	157.7327756619095	-111.92637346957981	157.21190342822558	-8.787440003777107	-35.14058785080158	-11.887480129461451	-25.589098156728653
33.539398148148145	-15.908874136839627	284.32148289993535	4.636369262311347	6.603162729426303	-3.3502212232345685	5.602476642246192	13.967254141157012	-12.374182140615327	-3.5524216906072597	9.47411220248901	-136.32587783344536	-189.0633918483881	-30.44598567531112	-23.42143598132506	-25.813015480618375	-16.82925623181258	65.827996665581	157.35817019541338	-112.37887046144452	157.6960792740024	-8.461714541231544	-34.80370738424294	-12.011230091564244	-25.32902309401105
33.579421296296296	-16.40574084912835	285.6711536709727	6.565233159106638	6.236849183251491	-2.652287519842436	4.974432108911979	14.429644941799632	-12.752587686334342	-4.2569519822492055	10.24363201933852	-137.7790130888958	-187.2935157215166	-31.287721567869127	-23.404461200411404	-24.754043518080906	-17.125431398384606	65.8447487348073	157.0337505279349	-112.48243515601119	157.46461835504886	-7.667893942702136	-34.84834477289549	-11.927005116063924	-24.610424617947785
33.61944444444445	-18.347479488647966	286.3208739625247	9.544175294370264	5.09954905781289	-1.6613472452691052	3.9129085235859664	15.138515378572087	-13.249470785927832	-4.9248481228091645	11.034285405384926	-141.13291184793275	-185.81970926360185	-32.758464212535344	-22.929797906451228	-23.39177230663266	-17.81961282257332	65.86084224299053	156.66789356729876	-112.46665639865422	156.60964570964927	-6.597435163641322	-34.97770713540949	-11.522939431817605	-23.948277671426652
33.65946759259259	-22.247373432130466	286.2155896703327	11.598228774363571	3.7170004097519516	-0.8001995422245395	2.9525631187276287	15.758147378940835	-13.74144552895164	-4.998915889903154	11.469223612350724	-146.08727547717115	-185.435675126038	-33.8574925614853	-22.131929092999457	-22.194658529389756	-18.419650658294415	65.87005213772224	156.32664619545017	-112.11375712557712	155.99802731338883	-5.637446094499197	-35.14291695220949	-10.636033134064576	-23.643366259531064
33.69949074074074	-29.367676708833773	285.53541786686236	12.036760393065782	3.253387496740662	0.040293243374765475	2.6353448649132942	16.0142135587218	-14.429220801085243	-4.845923377579498	11.841873349379675	-153.41827575747584	-186.1370205200306	-34.14942198838642	-21.65847703353883	-21.02782550734959	-18.439180226722243	65.87263718362598	156.00447278794124	-111.66886755990042	155.97017171428286	-5.053035484790826	-35.544247955263785	-9.89884394409529	-23.661494786328248
33.73951388888889	-39.248943310609285	283.11478381379777	11.84863426795495	3.446202040443336	0.7309104221332359	2.424685433200633	15.45692200819279	-15.31694141329618	-4.5990556760469925	12.235821987946554	-162.50447754479325	-188.64639651278947	-33.27149445698727	-21.690192807851602	-19.82373206907768	-18.269575110877852	65.88499417433792	155.4908895134697	-111.51966715682413	155.66727901573267	-5.097460202177743	-35.857883761968594	-9.6966005928968	-23.78028779207483
33.77953703703704	-46.89804430229146	279.8016264981155	10.525800593302632	3.2492146211568587	0.6365561186404913	1.7979190137481094	14.441418979707386	-16.06930728313532	-4.125632785745579	12.548175823835019	-167.85512249831635	-191.6437440506324	-30.407895865203372	-21.661129093195086	-19.37633972264922	-18.437397765493856	65.91659111234975	154.91597186371337	-111.56476731196416	155.21667538055289	-5.571607033955942	-35.79959521199163	-9.697151030351279	-23.77172703586426
33.81956018518518	-50.584161667221665	278.9010038273011	6.172916245225846	2.7019281561668165	-0.28305443300716315	1.1547027985022364	14.477593180570096	-16.259543102641466	-4.143031220499351	12.842027579570543	-167.31198936218033	-191.81687266983118	-26.389137869178853	-21.10122058077711	-20.072484844684737	-18.75066895253937	65.94870513104112	154.68391754265056	-111.72387983084506	155.69334837145067	-5.311894402549413	-35.58324188349671	-9.454644259949248	-23.34861615621253
33.85958333333333	-57.599377789845676	281.228231914646	0.4789644991726362	2.420247356536488	-1.339239803633484	0.8211878241905235	16.031984373792188	-15.932262120987293	-4.501373278945906	13.017314056512548	-168.81353892234927	-189.04653653693902	-24.248953954192956	-20.49892160319071	-21.0124765786705	-18.86435207351363	65.9618748258349	154.75823206674346	-111.83676747803416	156.91983095153375	-3.641239448133689	-35.32240374679557	-8.143161988131112	-22.594497995014336
33.899606481481484	-70.5698451255444	284.06063313211064	-1.0311344551647614	2.6174249212351466	-2.014731356643214	0.6861231942452561	14.772101338352163	-15.691745511498164	-3.436702341994762	13.054180372795088	-178.36084939990087	-186.65603559038948	-25.412106784016387	-20.730384701621844	-21.40955466301601	-18.807788932779985	65.96231800734	154.81981212838048	-111.56830189485511	157.84434881919304	-4.622697871036891	-35.073683641450785	-8.06123407463825	-22.02349445690595
33.93962962962963	-79.7690931060935	286.17023462997196	2.8026994745968605	3.004738677930281	-2.331713672139361	0.6744792932277638	4.421195604765767	-15.577649425893927	-0.3848860926393755	13.35272314784054	-189.64078245026445	-185.4220637535148	-27.81631917541209	-21.57874551196832	-21.647182805835698	-18.839350126059927	65.95953556021533	154.81412800447714	-111.22541601686517	158.0762682632036	-14.894237624076752	-34.94287091649669	-15.276693734630044	-21.54714177712485
33.97965277777778	-79.79195589964638	287.80128711756464	6.470282256167633	2.8733882060672182	-2.516116940499035	0.5501329933485671	-11.066477390333919	-15.159992965452808	2.647164385036676	13.934738267771973	-194.49298525864435	-184.2798628754516	-29.035979237395395	-22.0579979408069	-22.152922080154724	-19.212730469628767	65.94826825037498	154.82205630370248	-111.24974527016361	158.05540742546702	-30.70334549429677	-34.80009993107818	-28.04451828123085	-20.780287895046285
34.019675925925924	-77.42020254391169	287.5098116628133	6.560777369960608	2.249198833993352	-2.485990545967724	0.07619093814746147	-19.76605678693116	-14.549368343382797	3.388911057800414	14.239371785665316	-194.31712284508302	-184.73498262854707	-28.45648717990825	-22.097237016053867	-22.391168032423153	-19.835864679637297	65.92856331017197	154.82962657312012	-111.3796232282953	158.23904219521094	-39.671482102942264	-34.434331794373776	-36.291683739045055	-20.123017867016742
34.059699074074075	-78.1246353062615	285.48538636897496	5.26220793088089	2.0342135209205106	-2.077210254473023	-0.6258520787996527	-19.556113920024124	-13.919478030025804	1.9558379631671934	14.242991658681294	-194.5951429507819	-186.94730303563148	-26.986935848548555	-22.477274043823527	-21.91028642905613	-20.43730767714075	65.91321615136899	154.79777561610712	-111.46640136384069	158.49592131773286	-39.38894244257905	-33.760407967055045	-37.5045912905011	-19.96635326501719
34.09972222222222	-79.93358679037121	284.5077759660249	4.893272734468909	2.4318766321223335	-1.2883437601925427	-1.2708930528419704	-17.39936149632714	-13.197723221347859	0.14660182008936082	14.35928866843206	-195.85109408895198	-188.00713063988496	-26.01139581948172	-23.424526955168886	-21.016364054387523	-20.99432156264932	65.91402729248058	154.78916119767467	-111.60476281727635	158.56540308318307	-37.1258383092737	-33.00285708621739	-36.956923324276715	-20.026628943303123
34.13974537037037	-80.35033787490262	285.82121425968427	5.241348895155958	2.9920129669961986	-0.12196001501728902	-1.6020974516024842	-16.62787501814337	-12.59538037118847	-0.8372076990562946	14.37821511982417	-195.76710924594948	-187.19000262961225	-25.77927224884671	-24.510153143752035	-20.03433514633879	-21.519281694052594	65.93666777586911	154.92872338847314	-111.67202336603366	158.52821350515694	-36.54102481612888	-32.48580086657897	-36.95436960192478	-20.055240533829092
34.17976851851852	-80.03424783700129	288.43778020836635	5.527663451351435	3.469339787291464	1.0727777268420264	-1.7997740155826658	-16.647561171513985	-12.410008071743475	-0.8215904719570771	13.914769166536326	-194.71528643729982	-186.15349826997	-25.44350680586126	-25.501387275474514	-19.147073591580934	-22.03188626812438	65.95515509490467	155.15233427160183	-111.6799846515624	158.51014872834122	-36.876689240406805	-32.180336609146536	-37.008908585709094	-20.084210565622143
34.219791666666666	-80.11187441756832	290.6264030428445	5.654307561843756	3.9563798221355038	1.8101067789568068	-2.2319852348567157	-16.924752593073993	-12.547784997059447	-0.15822555342968625	13.288807259592769	-194.26500846034764	-185.87573090225686	-24.703839808858916	-26.546391948369177	-18.5509762152368	-22.589671408677773	65.89775754549682	155.29210983682918	-111.74448681778107	158.52744267817855	-37.28530459174844	-32.173718091745144	-37.00782642946676	-20.113859844547378
34.25981481481482	-80.28193468342538	290.9766875885823	5.596924866384593	4.903439223148075	2.247104579314499	-2.450149190784504	-17.138373261533555	-12.663635502983063	0.6001498446224354	13.057933992673323	-194.2700163018331	-186.9705961930365	-23.996797994709098	-27.79712083414715	-18.26439178156066	-22.893378373056663	65.82207392161413	155.47175173429355	-111.63157875558274	158.57326746035284	-37.59587452204758	-32.725582767184335	-36.897226016799934	-20.131916671178757
34.29983796296296	-80.12230137688951	288.95267417634494	5.279271741218857	6.27383438372287	2.802869076315638	-1.7393093924088172	-16.9323307382386	-12.596062891943257	1.2787023165883822	13.1707910662615	-193.92735286482952	-190.07456100626717	-23.33783924486542	-29.004983589865432	-18.202092127526797	-22.731819601948786	66.15082860062807	155.87328123214007	-111.10213578960465	158.50371040511288	-37.91732835750405	-33.54789542012868	-36.73119734131804	-20.345998689140146
34.33986111111111	-80.4907446298864	285.46415264362304	4.9155325065132	6.885771837174162	3.421339771716325	-0.6247556366295095	-17.003375777635107	-12.616482669377241	2.3399978406501933	13.045541488270606	-193.50964202061039	-193.98888212915864	-22.3720345437452	-29.454914599799352	-18.135780296470116	-22.571288365327618	67.21528375119479	156.2872056658804	-110.7745826024189	158.16448105474362	-38.864935204733584	-34.235249910655696	-36.995788124379374	-21.105886549054915
34.379884259259256	-82.4199977353057	282.2562031488399	4.052339174742863	5.843098234393651	3.1950440576363297	-0.36673750048421994	-18.55451375838969	-13.386815258517698	3.3410633479570957	12.406069317280291	-194.31905077149304	-196.33327083500012	-21.52317335437	-28.604531863327352	-17.75268981448322	-22.75867380152374	68.46959747896291	156.4448831142816	-111.36074562135504	157.85252600945648	-40.95328431688668	-35.123186441966766	-37.67880379369389	-22.718276066685547
34.41990740740741	-84.48056818661297	279.58700973232965	1.7254320745243525	4.065784672805951	0.7967225681445694	-0.8284659409673217	-17.845929063263586	-15.058399854953665	2.2857865266834914	11.518758137130277	-196.37110020795205	-197.16619704943986	-21.87742566593917	-26.888491382305943	-17.91407610991132	-22.80909088110357	69.07376279689996	156.42007428499187	-112.28233115643799	158.16622100223316	-40.321782329950096	-36.62284184847461	-35.389022898769454	-25.127763168639547
34.45993055555556	-84.50388803198949	277.00651674240606	-1.2841200718186967	2.6777978143026098	-3.197208856097971	-1.0048828201182012	-7.911794304089123	-14.572649123242249	-0.509537371953915	9.407989748960368	-197.76203719004246	-198.1239109837224	-23.341273082485216	-25.130962461610423	-20.557759448007303	-22.463314071950023	69.0468190540894	156.39062501713374	-112.64559621534555	159.11906969377316	-30.25143447772939	-36.00937554025553	-25.818632656927818	-26.59544545920258
34.4999537037037	-83.32217407561988	275.32301853661835	-3.0677625355991376	1.0870029203367255	-5.980066388449955	-1.1442843602688273	7.955531961523518	-6.88992129898891	-1.7593161395764103	3.98260895952968	-197.7306144313677	-199.05839027038246	-24.41017310239704	-23.575623164211947	-25.07235569868007	-22.57186700721131	68.91987043418597	156.38516567370485	-112.54960905539222	159.64579123286603	-13.867708441885298	-28.387802415036475	-15.152639169857778	-24.344546209618855
34.539976851851854	-82.7111642226299	274.89014630450146	-3.0258728035572235	-0.9189612174972709	-5.482715194162505	-1.4912878002303938	15.826058565166436	5.719010659447731	-1.435726104530481	-2.9321216271761554	-197.22094904759194	-199.18822402574187	-24.381230158602037	-22.671392205266756	-27.45649948624545	-23.567056641299487	68.90404726437973	156.37152534662778	-112.52774001866284	158.62338533360432	-5.657959715449977	-16.365565585166863	-14.950691510697283	-19.313673376424106
34.58	-82.71175740981968	274.74755681092057	-1.3872944029291152	-1.9531980264711652	-1.89883704572933	-1.428433118214496	8.590480888287761	13.850025758386419	-1.9684495236341526	-6.442224531004457	-196.6891860075287	-198.8412218842164	-23.780551461117483	-23.017924394735417	-25.375740499003783	-24.4786793705902	68.93306247824923	156.37184828033062	-112.74449460920532	156.4779354772609	-13.627344316281224	-9.188159377587795	-21.6000819641408	-15.975614373185863
34.62002314814815	-83.61954190176759	274.6102590631968	1.033836258765737	-1.606060771054284	2.321368031658141	-1.228408358225162	-5.41335222197174	14.697971592092054	-0.5909231968781391	-6.247456258877752	-196.67205791135518	-198.54443318732098	-22.93565660690946	-23.910184232345614	-21.260494396348236	-24.704158933885253	68.95192734160143	156.43154879282423	-112.95844545696447	154.7628570212687	-28.721130651984296	-8.775778540746202	-24.32132468069372	-15.591040081581212
34.660046296296294	-86.58865362782291	275.3096602640469	2.5191188065315147	-1.2020381093286359	4.479966588994671	-1.5736687261011186	-13.547717174624715	13.531478337166357	5.579455763858921	-5.6472590788862504	-198.6135272330003	-198.44184430060625	-22.020476345683264	-24.2694533886109	-18.900088700251786	-24.97701650231386	69.09397197469137	156.4359417436338	-113.00674006886918	154.22952351706192	-37.31513680723472	-9.877343540990779	-23.84829267291046	-15.867529209884424
34.700069444444445	-90.10815919130377	277.0875848470604	2.3982819089902327	-1.8536962483527282	4.733251883106868	-2.4122662518819653	-13.587354657605298	13.850132944982617	11.53909919973957	-5.503528264128868	-201.5635953894398	-198.43924660251366	-21.477016646721864	-24.328353336779315	-19.00527404513774	-26.162204634341293	69.47832421133516	156.08923385510747	-113.0342483540518	154.33807738592986	-37.64952388742661	-9.899704868654197	-24.108168701246484	-15.41707751055533
34.74009259259259	-89.79793477794199	278.1989740490484	1.552698864230257	-3.1977746806158285	4.557960126350702	-3.6019277982631768	-11.782955488802557	15.279992882782986	13.11452815497952	-4.909025708724987	-201.22918028274535	-198.36082893260567	-21.429977561229904	-24.860507220753007	-19.975812148556486	-28.15341551822013	69.7166551947839	155.44565010180003	-113.03411604615577	154.46497212979753	-36.24052485607274	-9.249660097695	-24.37317959205599	-14.108486287586345
34.78011574074074	-84.04396620467271	276.6659027568288	0.8369900214911221	-3.5513368103053	4.034799201729999	-3.924294022386486	-11.53776844149645	14.535016754505403	12.573627603180826	-3.4112835716475183	-195.79067109232068	-198.22288574934248	-21.73124700626518	-25.32987201919893	-20.91490600057523	-28.87557818782419	69.45584897789608	155.07908773922674	-112.67337241309743	154.6657808014541	-36.0572464459087	-10.410685198042344	-24.291856197348395	-13.832953943807823
34.82013888888889	-76.09330175263126	273.8142271487217	0.5940249191897541	-1.6529982589587002	3.0561762407090765	-0.828395306267103	-11.806711500296869	7.227563701065057	11.952783258223425	-0.4705165707303435	-188.49592344866255	-198.1778108328735	-22.4176900523196	-24.004870724061277	-21.807308863843375	-25.568795528009034	69.0822300874043	155.1358466794772	-112.0560378746883	155.06195711979507	-36.30443284033841	-17.635527467559555	-24.540799118233295	-18.076738063474536
34.860162037037036	-70.21864076534224	272.4771527861245	0.9690890737794121	1.1523429706340227	2.3348764951755556	5.098619482805856	-11.639367690018334	-3.861397012121765	11.156788310108253	3.266904365392214	-183.72793584460157	-198.1245029522421	-23.58736697542713	-20.86729295924927	-22.608961971406472	-19.77161100022576	68.95904548357123	155.04501371447788	-111.94448101431648	155.32540091769803	-36.48840158833997	-28.815684890521567	-25.334501934259805	-25.429244413942186
34.90018518518519	-69.29481363528986	272.0589810873409	2.0928661471127787	2.3814592367911547	2.2624057024304407	9.722931616068344	-11.193688770372553	-10.077635819744653	9.836585837667903	5.448863378884895	-184.54216255972312	-197.8298273851767	-25.18953574311061	-18.24279140376207	-23.101944285906583	-16.3261723995667	68.93238011460942	154.66906569337982	-112.33938240098537	155.22438759806693	-36.62588178964529	-35.451694064585496	-26.75330597697841	-30.174552435106293
34.94020833333333	-73.82266701581024	270.9358726692057	3.6215690157348788	1.8619130888983801	2.4089795987821665	10.217782024788553	-10.794303730656367	-10.395911087679774	7.838075834618613	5.735156601762169	-191.04155557281433	-197.8210170942188	-26.744527626368154	-18.073192039142157	-23.152660492014633	-16.064958972759683	68.92575006724715	154.49283912314803	-112.11896932181897	155.1957197386423	-36.64297511398385	-35.903518391095545	-28.618921841547333	-30.94585122107867
34.98023148148148	-80.73675378706616	271.43772565895546	4.640776092290737	1.1812731038752058	2.3736158168595725	5.398131785144973	-10.741619695545372	-10.413366054951684	5.744967355105061	5.757086956675009	-198.19558881819063	-198.96449003627345	-27.592361971368035	-20.186614957789132	-22.946494149040873	-16.26051292013433	69.05322835886952	154.501745085913	-110.98964265784049	155.9317555241375	-36.53960361961525	-35.653813412775364	-30.306830381846012	-29.224909829780657
35.020254629629626	-85.8054793656771	275.4176692851216	4.854039242833134	1.143034121132783	2.4484264261217312	-2.6773123409474247	-11.067880125564894	-9.564702944565756	4.112825152060799	4.611447663933929	-200.68443401259606	-200.62137893616404	-27.684931823320454	-22.414845128613905	-22.662088766677158	-16.85672302409087	69.00840670828804	154.293423455764	-110.16462835709486	157.11957797681617	-36.5160122553569	-34.81446119004276	-31.562131220072118	-24.57320528258795
35.06027777777778	-87.2099059067553	278.687963240097	4.814610985920755	1.1288271650909065	2.440959655853305	-6.888042606771959	-11.449065760952235	-2.849021668957472	2.900421095347346	1.3956006112998094	-200.13721940386824	-200.90830659871477	-27.547573094107833	-23.99250351601654	-22.37138417427694	-20.219071993281688	68.1307278912379	154.03802015373162	-110.36317094419285	157.66195693410197	-36.80733350089578	-28.10529776224061	-32.979795066195024	-19.655019832894652
35.10030092592593	-85.79686442141114	276.71862168080855	4.862749064005339	0.24103782204959273	0.9706961724893725	-3.712975001812659	-11.761500577636236	6.523206523165208	2.2987576365866955	0.7294082632652784	-200.52356606061153	-199.0296761478321	-27.531685467796223	-26.243080788382116	-22.19957862394682	-25.432069401328775	66.6669814521597	154.1100063906465	-110.71952337901196	157.72192441352246	-37.345420186130156	-17.175049748508115	-34.52650559089281	-19.97892242043301
35.14032407407407	-82.5618905536096	272.06951568243085	4.936212606879185	-0.9349728407364091	-1.1233495543313512	1.2860251593788101	-12.08623613398791	10.869929055887734	2.3471528706452114	3.9819198905079687	-199.81904954203554	-197.2261822681259	-27.391409901340822	-28.423695937392523	-22.022047694062508	-28.539891954230256	65.7530059597002	154.3305339942687	-110.58288251278846	158.05764513579845	-37.7498424926234	-10.463539503174786	-35.32028580260547	-24.184641444485976
35.180347222222224	-77.15422304185034	270.1997979390848	4.984426473986004	-1.1601091897189229	-0.2934662048580649	2.0072312064157307	-12.371996188449526	11.50861152529945	2.5138561147803857	2.5368788298936145	-194.33282252603107	-197.9410550502377	-26.709567533345677	-29.153106414332967	-21.503908474171425	-28.718889774111616	65.68667943900535	154.3502494600312	-110.56790212757925	157.9309005452639	-37.8647444737106	-9.915541828373861	-35.455209646145164	-25.71990213569353
35.22037037037037	-71.44442051483	271.75350134507266	4.842716139275496	-0.65454402057504	3.4041254780047767	-0.6596021042072228	-12.707357978449433	12.991328769370716	2.59423838811061	-6.055331335379833	-186.9742689918154	-198.9944979511519	-25.46986079937217	-29.15677098578729	-20.61554115397327	-28.13976397222862	65.83162477321925	154.28904291697484	-111.00048291184031	156.81271293364998	-37.907016275430024	-10.897775482649166	-35.68811391932414	-23.798992261505205
35.26039351851852	-69.04165631106436	275.44909118673405	4.327049470362504	0.00380749170349798	6.154612528652402	-2.6534482558810177	-13.068627789620951	14.226725990828667	2.4303170084396704	-12.56507828179956	-182.9162424577674	-197.535386628178	-23.920951740280586	-29.262767433538272	-19.628597778600067	-27.863731563360176	65.85009652340138	154.44440224878645	-111.29754014839246	155.92844701274868	-37.99671520357269	-11.23754509227929	-36.15368527841744	-22.669868702813034
35.30041666666666	-68.94997244957776	281.37143963693643	4.038059451569556	1.0523279536251424	6.987496423564496	-3.08398330711507	-13.038555834463347	14.376480473546442	1.7894878215968768	-13.45548961107215	-181.52258698058637	-195.0263323540533	-22.58680796077121	-29.73975307788845	-18.573303819801197	-27.966773921916783	65.8317762288795	154.7562611542703	-111.14993557909652	156.04387843146532	-37.94039932426581	-10.98682412695787	-36.513301545302895	-23.631479289378944
35.340439814814815	-67.89017186789363	286.17997275281095	5.055488950787228	2.5213761182278684	7.640856078043315	-3.426561244428455	-12.812202175263662	14.949526700665102	1.0787241765654627	-13.52987640658455	-179.94654725870134	-194.45396822329798	-22.22430056205006	-30.859853884118493	-17.18835159845635	-28.30363810162578	65.8506292701831	155.14864487621756	-110.87041807641823	156.42554269655454	-37.652002497588896	-9.880236603431982	-36.59328959288578	-24.51560650995191
35.380462962962966	-66.03734017551156	285.22619978966816	6.986296431861696	3.369649436830089	8.429312867684697	-3.3856573272798167	-13.108079779385074	13.882569512447606	0.5609448933406405	-12.654081930296268	-178.42292237502602	-196.25892163263018	-22.784883763777245	-30.925159691837194	-15.689995783224106	-27.67726023616582	65.83428121648952	155.77241817857697	-110.73103710159175	156.4884953199239	-37.39262018912112	-10.322807092649853	-36.7718167851733	-23.86964273863265
35.42048611111111	-65.07987867428116	279.462966926638	8.164516751679962	1.7691406055298464	8.647122036424541	-1.2507597110048314	-13.783228205844576	6.74262507332985	0.3440155956599205	-5.555423366960313	-177.96854028316835	-197.2108862345449	-23.31065289079058	-26.59365083752283	-14.952153054027292	-24.839572590541977	65.68534486032803	156.4104645285398	-110.83130647478127	156.41166005209888	-37.380545507861	-16.848961323026572	-37.027036079005384	-22.4441557938364
35.46050925925926	-64.94651725049849	273.18014121813377	8.331240824134653	-2.395703196090213	8.505084060225	2.1034030468084417	-14.058157251263097	-4.156966425945193	0.8088169035993553	5.728933095950485	-178.21012996334497	-195.67861417814532	-23.377791289192203	-18.949451193716584	-15.260768376153123	-21.325410101689386	65.73666610233022	156.5605169142442	-111.05637529676149	156.39434705824146	-37.49589635162161	-27.600337739916554	-36.68910288467549	-21.720488279017886
35.500532407407405	-64.38152500168677	268.4548013173853	8.401247447188123	-6.667120133783462	8.57156211298807	3.548006319486104	-13.770711636866357	-11.363070565076798	1.5515335178511587	12.85300165367866	-177.98694706922294	-195.04554685813662	-23.353098492255256	-13.520851321357938	-15.784618017037289	-20.18347566411913	66.6488066743234	156.2738261596649	-110.78669838157604	156.42175800867784	-37.489376001726455	-35.089365744233305	-35.94585634830828	-22.218857528622124
35.54055555555556	-63.34211448473287	266.02562030454885	8.361016976027004	-7.833231330920101	8.713369980864206	2.575193311776917	-13.553087031063612	-11.571892799293469	2.037086820099251	12.461532194611744	-176.92405408334372	-197.48254047288702	-23.308635491618887	-13.49407715332849	-15.887683763087551	-21.329311229135016	68.15719372860734	156.0977883824193	-109.82186947626441	156.4642005426101	-37.40894024597317	-35.474067159197844	-35.41883081205111	-23.036419534329966
35.5805787037037	-63.6352781937628	267.9168822831701	7.736691397997085	-3.635795522902215	8.415020807407668	1.363324488776113	-13.697982487398088	-4.609782028688102	2.3332077540161373	5.582324749744195	-176.61941224430723	-200.6862593649792	-22.92587974422821	-18.598658108497077	-15.77694820449588	-22.237489012175203	69.11406661369891	156.3638687803193	-109.06548908426005	156.44071651315159	-37.34732062994897	-28.245061129220986	-35.0000411550856	-22.66444410481226
35.62060185185185	-65.94315210898066	273.42184831895594	6.603088923742401	3.1145856114550505	7.378882125459004	0.9313688585145959	-13.747940722047813	6.159424220939959	2.4151847853542145	-3.8139395757661756	-178.2274987818135	-201.8114661288584	-22.3230458201307	-25.23513582814043	-15.959213751613007	-22.12754731710578	69.1924269840457	156.9229808871765	-109.00179201055344	156.22253007854565	-37.107704962337166	-16.913564562732304	-34.40560136605019	-20.727208114248086
35.660625	-67.6191689204071	277.8068151358288	5.348720495433344	6.0833796057467975	5.893416904624695	0.8298171476720444	-13.686416272181422	12.987894988496125	2.7681870527891417	-8.948029491531146	-179.57083659802623	-200.26029634684215	-21.965369441383345	-28.0673741433436	-16.722638550342438	-21.974781129576115	68.97480699177643	157.39408932855628	-109.10869082196687	155.82466398935898	-36.768683023255306	-9.620971836061827	-33.52704569047434	-18.588064100357755
35.70064814814815	-65.8670327899869	279.2131411640177	4.460207836392658	4.489729331950728	4.881220800558338	0.7792526776601666	-13.88599922646225	13.668802893215645	4.001333308540206	-8.575375095256948	-177.96537322236702	-197.49441101423497	-22.094556843093002	-26.708595597504726	-17.564333977521542	-22.17178973328022	68.97232463314258	157.53080551311393	-109.3711910491143	155.2165910261322	-36.669281714705164	-8.825663582691035	-32.37930474023527	-17.389322802463624
35.7406712962963	-62.66384576471832	279.09280068896754	4.117876308328688	2.14403171580632	4.787786776853419	0.6163936034277601	-14.089961398573069	12.784608180636083	5.8187484068684805	-6.859360359279261	-175.29530696706564	-195.56867011103213	-22.624974976014954	-24.66581178222907	-17.857699776168616	-22.553971332090924	69.49293282863276	157.34622712835005	-110.0865606882467	154.27592401527346	-36.74988739951557	-9.86290818670534	-30.91905866496515	-16.600174012659565
35.78069444444444	-62.43215848266005	277.9180043191158	3.8626578186714293	0.2192710333047482	4.750779283220821	0.032377362876919204	-13.956786254565257	12.80632580153201	7.715423027381966	-5.554457333646193	-175.44554564393604	-195.2487037654828	-23.000999854288708	-23.160929628144842	-18.079351164826647	-23.228617692360658	70.34246710924705	157.05156092613805	-110.71422268458373	153.50161763629558	-36.69862318048507	-9.992860331864549	-29.039798210714537	-15.566356852293666
35.820717592592594	-64.56777294262822	276.616701135306	3.426368781108117	-1.538457275726759	4.125857830082465	-0.7159189700321117	-13.631051697186958	12.97174736751188	9.240246910905922	-4.247445858562639	-177.33889038792677	-195.3981294008824	-22.788241908196156	-21.98615279943097	-18.71566286491803	-23.46070147754517	70.84080873125191	156.8905789169112	-110.82057617732572	153.82405357570775	-36.474340867033064	-9.873773078133198	-27.23411014473956	-14.838387593278426
35.86074074074074	-65.47124221758502	276.4008224060067	3.2652827941147184	-2.3580028912805693	3.5339702363140484	-1.2169324803924935	-13.444248675734343	12.871101043192676	10.07319433256028	-3.561828973157522	-177.87474074992275	-195.3332401908857	-22.486928820596574	-21.755512986047634	-19.189774958443323	-22.42296801157903	70.78971493037257	156.92575800345696	-110.73332208477258	155.0614486672775	-36.36813695068638	-9.992415243191488	-26.237961628959567	-14.814413774404741
35.90076388888889	-65.71624346043016	276.5202477772573	3.6550062675649366	-2.233860323182898	3.4215708400007823	-1.8479870845035675	-13.69419497744309	12.982494672696314	10.59831807299856	-4.250179241935157	-178.57522241529637	-196.01126810839116	-22.798264862215888	-22.707082798153607	-19.25239043841553	-22.079038391398015	70.62390854289569	157.00284760675243	-110.67133139389766	155.9867765822996	-36.6846855642608	-9.938643544611026	-26.098159086912233	-15.010705282564743
35.94078703703704	-67.44610466471629	276.58033612485536	3.909331107920605	-2.031237001564579	3.4258365077927855	-2.769831649562073	-14.311950799294822	13.635750567201832	11.513698281942972	-5.612415775989422	-181.4553049645396	-197.4091521236873	-23.499195742983204	-23.940060581544685	-19.60342538276386	-24.32018123005048	70.626794909274	156.80801414122317	-110.63987307589194	156.23813399821438	-37.53037055605462	-9.586520195485605	-26.307868193428178	-15.190503681569226
35.980810185185184	-69.64958599681194	277.4815432829817	3.545863735184247	-1.9599519823624774	3.3475450674794787	-3.301863897550117	-14.994880277556069	14.523015373698042	13.005718714648545	-6.284125516930141	-183.56266043724258	-198.16121138344812	-24.04679748135213	-24.60403245673622	-20.483191350494266	-27.0620506110467	70.69988233075453	156.1693773391524	-110.89654793307811	156.18660746499577	-38.83315276544663	-9.299688327498728	-26.30659924121835	-15.439282400951058
36.020833333333336	-69.53889042601635	279.12686868257526	3.8849503157632532	-1.7793398399346112	3.420743747283306	-3.2629509125376788	-15.516515725802709	14.933719853099504	14.47870604353371	-5.6680353158507195	-181.5511176805167	-197.63914969903539	-25.02535444011616	-25.055525680978036	-21.136637548679516	-28.070313493518626	70.68066621793864	155.46534502290876	-111.59720687269267	155.7828596096409	-40.0434153941288	-9.320507763219865	-25.851130457554945	-15.594725588340822
36.06085648148148	-66.35485484433914	280.58050952716064	5.798258123336294	-1.7258361325999976	3.5806181526605676	-3.323969205339508	-15.473220374925782	14.786441619721346	14.737577294881962	-4.66484546503032	-178.35930633670722	-196.2636624574443	-27.004816943031045	-25.805450379778165	-21.208781878107956	-28.14378275521038	70.55200079648043	155.17744499773679	-112.31968874474249	155.44271428228075	-40.26588408048367	-9.548079429264789	-25.52698260556025	-15.58248931950422
36.10087962962963	-65.06274019848811	281.4818889020237	7.1451147615399	-2.011302949852818	3.3035445162724466	-3.729921342800227	-14.754951308666701	14.765142333175808	13.145944192137614	-4.642994435465406	-180.73939881761288	-195.0588808936987	-28.634942970116185	-26.491337775358105	-21.491101792077203	-28.483510052722792	70.45594702409966	155.2151875272554	-112.58750061758336	155.8209034857388	-39.54873318451304	-9.745635236335389	-26.363119567660647	-15.564360766957577
36.140902777777775	-70.46692552918931	281.7812780191087	6.240444763294004	-2.0306787979576164	2.578810943378732	-3.9927630120220883	-13.978134939127441	15.016034847250797	10.643999010441679	-5.357433656610812	-189.28214970363325	-195.05038679309786	-28.604404287443842	-27.00722652216467	-22.3671161971061	-28.931294011045807	70.45481410121016	155.26918045172877	-112.53608514382357	156.4063699630819	-38.88125991444372	-9.856236274540706	-28.322244528801505	-15.576209842743992
36.180925925925926	-78.31138952241666	280.612225519604	4.815287558932579	-1.362273769690149	2.0550314607049693	-4.04301539778921	-13.580836620661069	15.06061852182987	8.402317804405241	-5.693391068822323	-196.4611657904063	-197.0381591778223	-27.741593332098944	-27.671858906323536	-22.925122604203636	-29.031050546426755	70.27453309814047	155.2839352162857	-112.62567563940273	156.5428900380134	-38.57687576739504	-9.983284997183816	-30.16801252846942	-15.587498162660225
36.22094907407407	-83.39613018176466	277.7866629171678	4.5566754013863005	-0.462782027386198	1.9684519821413262	-4.208229277444357	-13.390125202413643	14.871788566448433	6.4940924910518465	-5.844392207845837	-198.58516109849802	-200.57846674670458	-27.219080295278474	-28.3364922775597	-22.641287036786267	-28.81533170893607	69.64449695144035	155.2889416541654	-112.80821450341581	156.45828769322554	-38.26092914117041	-10.105087692313589	-31.23513540972128	-15.881158748007962
36.26097222222222	-86.11585811790512	276.0346151469886	4.73585558169305	0.36319561112791277	2.1471131547758504	-4.106230786651993	-13.231724915719203	14.84236794067785	4.834637007442808	-6.573233531884653	-199.6031528329167	-202.8297916770955	-27.020021122906073	-28.858507388846306	-22.24932602204788	-28.48762645038316	68.70296836484982	155.27216164134808	-112.46006660758125	156.46294114513879	-37.92056119188774	-10.144411701582527	-32.1665448834125	-16.726851026151508
36.30099537037037	-84.96019203691431	277.6855524799888	4.678303785689681	1.157958531757142	2.6448969885691698	-3.454051012548876	-13.14420574676569	14.930674793233429	3.8653170090629763	-7.4701017666310365	-199.73288420980884	-201.76060455173706	-26.89322178056584	-29.45021250016616	-22.19373228054134	-28.297133340904523	67.70053784223201	155.24907822890106	-111.66624917835453	156.5091041540167	-37.72403738879609	-10.27456068408138	-33.401434305134686	-17.752035290824622
36.34101851851852	-78.38910545991892	280.7991925158062	4.9591962588534635	1.6076417002996946	3.3904487334888973	-3.171022383935742	-13.149648530667406	14.761720763773475	3.7453250815758174	-8.031920616839132	-195.17774391347308	-199.2761026773931	-26.86716536105544	-30.076917997579528	-21.906954463132905	-28.528946137266047	66.76127783697417	155.23596100048468	-111.41328100042294	156.46729474999736	-37.67073019402562	-10.549767968549887	-34.30455195221279	-18.585136156572702
36.38104166666667	-70.25009549848731	281.8754079684975	5.725373169793631	1.2882010311513676	4.126505872382707	-3.8848581725786047	-13.216195317004173	14.400325608503046	3.7890289203943364	-8.890528591801557	-187.38136578242313	-198.4145916634995	-26.711575225196285	-30.29216438923649	-20.989782338679603	-28.984640245193177	66.08015971378646	155.25688099240588	-111.89103088043059	156.41816549896737	-37.74258561573073	-10.620112328632445	-34.47331219078258	-19.541056160819508
36.42106481481481	-64.44350096811192	281.49520501118286	6.241011228797692	0.6368495089992428	4.911429984439399	-4.690549467610269	-13.222317745673275	14.291314338654171	3.362277269563015	-10.381504826517878	-180.4520460960249	-198.49076489420725	-25.987331337824898	-29.985244813261843	-19.746760514740103	-28.99083464528853	65.81043986357491	155.36235550533434	-112.13480624390816	156.69200593545253	-37.82890971226604	-10.369620301966265	-34.37738724542383	-20.740141229413823
36.461087962962964	-61.54495034862672	283.9495817034789	6.208936909190356	0.817206969477419	5.851757636704613	-4.6498150019397375	-13.082714599685927	14.507652859132305	2.7572632181252126	-11.83019247404501	-175.8590541023815	-195.90047140311117	-24.740421199689962	-29.83345826633773	-18.530900986682767	-28.44292111355452	65.81010681369744	155.555345497722	-111.54541916662417	157.39554204070186	-37.8091215040028	-10.091921952904542	-34.43622558141671	-21.728479331968998
36.50111111111111	-61.20746264885769	289.493450335345	6.0885001261824305	2.038212944856996	6.757690349578601	-4.338464247317457	-13.15747539557361	14.487680767495632	2.662653606757103	-12.616764250857862	-174.06946393983094	-191.01015386464974	-23.458862801944846	-30.255775922710825	-17.37023442356042	-28.108700526193317	65.83918339328534	155.8680252929677	-110.74392992504029	158.13049234998715	-37.73940486841114	-9.981611950876527	-34.570236193958195	-22.267821910625187
36.54113425925926	-63.01407548197371	292.36407982651866	6.3708195830618495	3.4293080997301586	7.54081619194723	-4.651121258304983	-13.78579396046464	13.888788988528162	3.2147360302535604	-12.870729094172233	-175.18150882043187	-189.37964421256822	-22.496418518820505	-30.743420634486583	-16.125674661843163	-28.30134860385448	65.80837948090578	156.34056904887174	-110.57854237650353	158.51933677962336	-37.708522857402144	-9.989603283805025	-34.61545235232644	-22.57546728379505
36.58115740740741	-64.94842011942943	287.894418584593	7.230699436560382	3.5889421582444525	8.292726152247704	-4.493093632621791	-14.565787265656706	13.224894246626318	3.715505347036893	-13.03758195849631	-177.0003281350921	-193.39253484439365	-22.138622442717846	-30.805826200990907	-14.907998146404225	-27.753375752166676	65.7996893739539	156.77554200505347	-110.83788068231136	158.54099387635281	-37.77256160524557	-10.00749469355938	-34.626637047914784	-22.93191109168093
36.621180555555554	-64.48906585815149	277.96555541622683	8.069422254186058	0.6422318142467172	8.811944871972077	-2.0759908608413564	-15.024254730377647	13.005687948888449	3.7370091356372828	-12.754636561156978	-176.6885917026932	-197.8361898372754	-22.320494153170984	-30.482082929170105	-14.251174271651166	-25.141734066033436	66.02486118565233	156.9426157397561	-110.84901934810033	158.25918726095423	-38.0219035100405	-10.001125185379848	-34.665918660905945	-23.191200240948973
36.661203703703706	-62.32672430058924	270.1350083404459	7.94073250076121	-3.4368262448201405	8.849561850314208	1.3068786173841072	-15.224826283442496	13.068492024001184	3.7994134682151297	-11.66640982504961	-174.64703119452133	-198.32610324302186	-22.31177316647512	-29.932735475798722	-14.370807188402964	-21.90700747337435	66.58788669975192	156.9324849626393	-110.83572248485511	157.77562271663027	-38.44672054124969	-10.004898211239748	-34.66549993995032	-22.98964464101104
36.70122685185185	-61.63438035210834	270.1797894227187	7.091057697818463	-2.5246126619559135	8.606656401097323	2.662261874094976	-15.364157656658533	13.096115228331854	4.2491671106823325	-10.755653845825456	-173.10761689051827	-197.8355660760077	-21.812308572719587	-29.396918009578286	-14.720481688640263	-20.691951443885955	67.36103640721052	156.9252032653964	-111.12860006802181	157.22256987271007	-38.831670179319175	-10.045963759073246	-34.51813205249367	-22.317552328281295
36.74125	-63.7916206532071	276.8101635505841	6.469618429388756	3.9729861860201114	8.356104310951524	1.9680800248880772	-15.49432469399437	13.024810939445437	4.863534415769621	-10.58815662043324	-172.96051590866978	-198.5147426600421	-21.395688904466155	-29.479005206010626	-14.927062557550272	-21.309286793073724	68.31736513587425	156.86939174569673	-111.08739756286313	156.5908399079309	-38.99888046522669	-10.0227944077687	-34.12738268721027	-21.305313886120075
36.781273148148145	-66.34330289626975	284.6560459483407	5.8956403974397915	9.607423307436987	7.9443343470018695	1.2988385335116424	-15.53128452979119	12.963123837004995	5.437589492685567	-10.183155735349995	-173.9485585948289	-197.67316408577608	-21.227346328622446	-30.181742085730008	-15.336598245271261	-21.810872811673278	69.37333803065385	156.72732819775558	-110.58749796835677	156.06052803798377	-38.94342388764191	-9.869652402542798	-33.51615455276503	-20.077124377061068
36.821296296296296	-66.49656507463652	288.1776352406419	4.848744588725278	10.187240439781117	7.141238332546951	1.1674812834867525	-15.516250877402461	13.011936950752242	5.997840912899033	-9.110474950228156	-175.15675971551264	-195.25696144886354	-20.911994602296843	-30.06558174600336	-16.05959400901564	-21.747247302038673	69.89088165672084	156.77817473897693	-110.43227007929825	156.1618473412483	-38.717782022825574	-9.798038577883503	-32.72248399136976	-18.985550302212232
36.86131944444445	-65.9563064741938	285.6483859194977	3.891941600996654	7.097376394850725	6.234990355357292	0.7103823579283068	-15.622829784804944	13.145330115933263	6.616620587885508	-8.685725549929924	-176.3180320139553	-194.3478498388991	-20.53612646871339	-28.444557066029617	-16.614267272179774	-21.97201967907594	69.55626878715378	157.14387038948922	-110.6744479995488	156.7952476486015	-38.452041887054065	-9.779992381539984	-31.835159223051804	-18.251379587647207
36.90134259259259	-67.12069097681322	280.44742379471194	3.4090803924453454	3.695896887857281	5.59564050402645	0.0015438382850052113	-15.682419830199635	13.250888125459712	7.183610111617592	-9.366409869277048	-177.8201258159869	-195.84745153816635	-20.30497867011502	-26.320464662805975	-16.90432078677466	-22.520102775052436	69.09793362834961	157.47413250338076	-110.78280565909311	157.21754139129644	-38.21153098141377	-9.576312557673205	-31.025659519101538	-17.691061089605256
36.94136574074074	-68.04243902767709	276.16470151766623	2.9608933407078197	2.1545389936218764	5.163462879428758	0.4766081725242196	-15.582332328233859	13.259840852527192	7.980744396206489	-8.102079839823109	-178.39900923606638	-197.75670103301246	-20.05838288670256	-24.250369502958733	-17.274487732571018	-21.98034173110277	69.0318349703801	157.57155445066692	-110.68118794509103	157.46554026146276	-38.024284148712255	-9.504432397281988	-30.034932915714634	-18.280500962223087
36.98138888888889	-67.9119741796565	274.2802792950965	2.3512582164406806	2.04682117087981	4.906387718224694	1.9209706656914765	-15.706106016927077	13.308237538113174	9.495823681808037	-3.3268519540327692	-177.9222090797768	-198.1001103900203	-19.83051842494035	-22.62016173439413	-17.77072794358952	-20.582893365712934	69.07997784181755	157.50063195778608	-110.64335693785499	157.6493596747934	-38.19959591528796	-9.734400905182326	-28.71035988280714	-21.048335595669982
37.02141203703704	-70.20034875348684	275.2981330264234	1.6673965488828975	1.148612413449156	4.872903114189273	1.5314444159236726	-16.08035116306489	13.57176513611372	11.235160769914087	-0.4505653463303578	-179.66483989717062	-197.41419372837566	-19.732906837017936	-22.422977683268087	-18.242508476592405	-21.29496947597164	69.13231754847794	157.17642520548634	-110.98561701748055	157.03275625854116	-38.84848766845809	-9.797309118788846	-27.66739466518375	-22.602488920642614
37.06143518518518	-75.1600015514389	277.61227668077123	1.0775760644366597	-1.0783703055980147	4.937402760125658	-1.2043365665757095	-16.09701418850364	13.882923516141668	12.258823555819665	-2.1588702086028393	-184.91583744776432	-197.2704766943557	-19.62516584656018	-23.438354613454493	-18.556012253193373	-24.516397472919152	69.35463556553648	156.6808667831611	-111.59780580988483	156.0458609257885	-39.42719186804024	-9.68360073291798	-27.15385020893511	-19.70539126981673
37.10145833333333	-77.88000374101507	278.18111102815544	0.9233826036473556	-2.9005988988118068	5.107282169318902	-3.4915054949916393	-15.508293782600493	14.045408409905997	12.354180307367592	-2.327681988644228	-189.92858031427454	-197.4618713585544	-19.521948193313065	-24.211789967741538	-18.56864796569245	-27.10886832811778	69.61485696839455	156.33580916219927	-111.92151247432405	156.16193384400006	-39.494193059082136	-9.772939862426412	-26.8202449745623	-15.631007031035594
37.141481481481485	-76.05873777809457	277.1557645363448	1.2292418017904536	-3.7382399626788776	5.426053853007899	-4.173002954602478	-14.927323955938029	14.197160382294552	12.234037365322365	0.353451869537872	-189.9875236302973	-197.02185779429618	-19.693766788872622	-24.268671411417543	-18.460869197450307	-28.00787108654204	69.71230991722867	156.10561776180907	-111.99970778550686	156.93712639493606	-39.37061027714407	-9.964661517424219	-26.608086436755414	-13.576297226636171
37.18150462962963	-73.06420364560492	276.8310714916344	1.3468524315038455	-4.20217475431984	5.468049755074165	-4.263831713109859	-14.92703639909587	14.442088017858385	12.708548904817285	0.359251529633206	-185.68594847581852	-196.7675810677698	-20.112316334885904	-24.25505339054014	-18.770356474714205	-28.458063524684093	69.6022138835909	155.74881224253707	-112.24800593727439	156.90749516147105	-39.4878391221181	-9.978170340370852	-26.46787974361854	-12.667859933715945
37.22152777777778	-73.17044188851098	276.8506788891318	0.5277377058573108	-4.05889766431016	4.654814155040627	-4.148998008354504	-15.00582053492714	14.790772549815795	13.03095907216845	-2.478690934716043	-183.33229914780037	-197.34820081695074	-20.35823701753266	-24.572803357637923	-19.831490257123207	-28.624926670413842	69.22266840182529	155.38364743623208	-112.24840161903809	156.51473101870076	-39.4899720821127	-9.703050210975803	-26.47225464713722	-12.545622054962607
37.261550925925924	-77.01538362821141	276.6444610264348	-1.1239660332144157	-2.9718396420732813	3.193332129140488	-3.7087835487427103	-14.421016071281237	15.312116536592336	11.747930085177696	-4.657960065813633	-186.89897262905282	-197.273263548959	-20.229645115411927	-25.27812539455961	-21.352839985966185	-28.245563933048047	68.68950034782648	155.24324980361115	-111.66754591440794	156.90735174101883	-38.90439630742178	-9.187013579591095	-27.182637097821058	-13.337181557364502
37.301574074074075	-81.5585324228949	277.05671814462335	-2.4448110475942317	-1.4922422872306602	2.036319058957038	-3.2472441175290836	-13.592381833861092	15.867576071693382	9.532917496140518	-5.557595712211228	-193.48347606580904	-196.90978007602826	-20.095136602619135	-26.305203979850432	-22.539719919946435	-27.835348548801335	68.23151695992503	155.27304699893023	-111.25781949322887	157.61962505938556	-38.230932337013684	-8.717201673344434	-28.52826738642453	-14.185450492000385
37.34159722222222	-84.00518615445745	277.2416006747654	-2.2705940866585146	-0.48750803141097654	1.6083778828641226	-3.072121361254023	-13.313574660001114	16.173338458899387	8.238015487105349	-6.250795676941397	-197.95970650969235	-198.66261955390962	-20.704958572324315	-27.22888425356895	-22.975668939430932	-27.7575384315424	67.86383989773034	155.311267638846	-111.4213940319345	157.76459174097687	-37.982176805299886	-8.519242499372154	-29.820238626453843	-14.905213073298043
37.38162037037037	-84.53506054499965	276.2505729619583	-0.8830292824527226	-0.27059601300519665	1.5254596226568062	-3.0665666561318465	-13.237062887541576	16.219477531476826	7.510600220653547	-7.286914378525959	-198.99460121155545	-201.35133875653202	-22.327766337002814	-27.71853217349721	-23.21084338434754	-27.78687428310006	67.46603215165673	155.31458285319064	-111.38723557682569	157.73351543757053	-37.611338984722195	-8.487642209781939	-31.157141880194203	-15.76031749004369
37.42164351851852	-84.60109483808799	275.2922955455679	0.5471937850934077	-0.37218547064419416	1.6169720525457685	-2.996387779804502	-12.621443249657137	16.243484842853317	5.726038385016864	-8.315469348415649	-198.8295539605711	-201.9355125851411	-24.205395408315056	-27.934150906767414	-23.658185057257654	-27.688911383185896	67.06825036863988	155.3067590151006	-110.7536444261042	158.18678006301374	-36.78715557060309	-8.417280015072578	-32.641950494335504	-16.377662668835924
37.461666666666666	-84.51676727310351	275.1635567974742	1.9012393679772317	-0.3008280964131451	1.9478671746098997	-2.865633983049474	-11.959885699197788	16.284522050199627	3.914349533859426	-8.832426978832578	-198.62943789540446	-200.98153405668455	-25.634197186801416	-27.972929562098045	-23.73294885202546	-27.522939150176043	66.64766582553062	155.30028627896272	-110.41344212499051	158.79569075100483	-36.238112337129834	-8.412827534215566	-33.46344355003359	-17.216479414095446
37.50168981481482	-83.45457433241693	275.0626392636477	3.5777788580849172	-0.1482063763846066	2.2886740612915024	-2.7261244091755588	-12.178220275138901	15.999219292552882	4.316165931638607	-9.140281533240362	-198.16547086755554	-200.5823204843024	-26.715414220086615	-27.669150327851327	-23.137637890019732	-27.378655063230738	66.2450301975968	155.29011533238685	-111.05707548298882	158.66308755452002	-36.446397466662916	-8.911349565119167	-33.3869396595541	-19.651360568908316
37.54171296296296	-81.00754792905543	274.94071248789777	4.896014232882819	-0.031243635853297806	2.475841313960908	-2.444751583661865	-12.73573860427108	15.313637485583937	5.542175036255709	-10.148403726328898	-197.33223138256074	-200.69982690018247	-27.46783318364045	-27.154738597850482	-22.571817962751524	-27.199312501789578	65.9750281797912	155.2718260378316	-111.82204871959279	157.67309055193795	-36.95793776062051	-9.843332054675315	-33.229426977153594	-22.724046325847155
37.58173611111111	-76.94751355448334	275.9928841931272	5.117449391956615	0.18959722932092812	2.6593961155343937	-1.9400231840759457	-12.501617022249938	15.073546750925988	4.804692413388566	-12.140496314738698	-194.36215834866755	-200.21591227633792	-27.467544178010783	-26.886014579817513	-22.3500912030089	-26.943072441921686	65.85569475930137	155.25580316011494	-111.72429328980125	157.0420483043524	-37.0917759329799	-10.120987484812645	-33.499818593606676	-23.932027624515158
37.62175925925926	-72.08287087420595	277.9605588830396	4.839617668444441	0.40506723290682084	3.0153683614791924	-1.5022359108525687	-11.800368952790732	15.784706765159104	2.737515087981328	-14.409641848192189	-189.04586800161854	-198.99955873823023	-26.761115215605045	-26.91600580666956	-21.921511914111505	-26.640437898173843	65.7209750272756	155.2488735292148	-111.38669721287617	157.38794534697308	-36.72805159507166	-9.168288332656047	-34.05887686497657	-23.65841908968946
37.66178240740741	-69.88734016099544	278.35568464034344	5.21825971565977	0.4020211161685963	3.8138055628598386	-1.3527341106351363	-11.568259607661894	14.655531872400324	1.330265501537351	-13.743060204785015	-186.05655797559643	-198.12316507260817	-26.105546397669073	-26.369423378681176	-20.887312346437255	-25.98625569518245	65.76704060457496	155.22249006478125	-111.6864249286153	157.5962779007009	-36.43519753349055	-10.014267385162384	-34.74975528909617	-23.476933112115574
37.70180555555555	-71.23814889210486	275.5465711294038	6.289748359059718	0.3052054944880208	5.1549336116475795	-0.8138522577510432	-11.701761965349974	7.4694348844502265	0.8194291887435605	-5.5264616252063625	-186.9868988105638	-198.42336328147996	-25.811501856829608	-24.31512966334941	-19.52167933252244	-24.33006872625606	66.62474955559128	155.15793086917915	-112.07247812209191	157.19470746530624	-36.35951179555089	-17.20321280642476	-35.55452628205916	-22.693796086824918
37.7418287037037	-72.3336585127322	272.3131006664051	6.878244363308513	0.45508173435460003	6.315002388148827	0.7972944923439471	-11.683663384956004	-3.0481586792597444	0.5452161867542483	6.768664226353766	-187.40259624259278	-199.49272194837505	-25.32845296424418	-21.93581004353571	-18.45002827724913	-22.144997818743292	68.09233567232242	155.1905041571523	-111.78120770369271	157.39667270826916	-35.85906212350304	-27.82213339224998	-36.273592430556405	-21.087613168142312
37.781851851851854	-70.7984410278835	273.2101702522142	6.74396007724979	0.7830533136836916	6.631920189697644	2.230389177722943	-11.496782024361597	-9.04666832902137	0.14503441257854433	13.165349644746831	-185.43752208425747	-200.28678138912142	-24.562442075197296	-21.480179714499855	-17.818835238497755	-21.01607202831228	69.0519108475889	155.57457305291467	-111.11726492393579	158.71832487478622	-34.99253936094394	-33.49390528922774	-36.38267099031711	-20.34012502295529
37.821875	-67.65407782782567	276.5898540285179	6.943796621904617	0.63413324342963	6.524116092160329	1.8037931528683553	-11.59412843379066	-9.833307520443032	0.09830573833441285	12.772152172622155	-183.32807709420848	-200.3703626827824	-24.173630875065626	-22.520491553780303	-17.231030166583537	-21.242923634967966	69.14907983575678	156.2542185084721	-110.49223588666838	159.8850513547318	-34.77269534833651	-33.56236365460215	-35.59712126182039	-20.85357891988177
37.86189814814815	-65.80186828313913	277.0386634825608	7.377956940989894	0.3705440497284763	6.464596449594366	0.6409129048219762	-12.411722133251335	-10.468779508730966	1.2592079518565453	12.316456137736585	-182.4078682335808	-200.15635684796524	-24.141868237634725	-23.252653256393614	-16.762374170383623	-21.709518563009922	68.95521126193358	156.76895213899837	-109.80313521874915	159.69369566508664	-35.61211188151327	-33.71224712552298	-34.39539127855353	-21.41104305181929
37.901921296296294	-66.88411727873469	274.82442615673415	7.01372475541095	1.543051444852988	6.224840090811415	0.7892855208473311	-13.546275252070263	-10.335367909440551	3.000966851956322	11.674058649071128	-182.19431594665303	-200.26474136057067	-23.82021152998641	-23.778698836497867	-16.798899258799565	-21.604909882044993	68.97576094774786	156.97517031324753	-109.1637260001528	158.53841704962417	-36.66671011370012	-33.51319778463149	-33.5096724214911	-21.438210653444017
37.941944444444445	-68.89507679585401	273.40649093545926	6.268739010833068	3.9312325381031696	5.74569917908026	1.6224370062123974	-14.157083783881077	-4.454529136597353	3.72866092609875	5.427176094165314	-182.2653753115478	-201.19097765102669	-23.293393119401586	-24.799828150673164	-17.030325578106186	-21.08741312146188	69.49183261269857	157.22725033089665	-108.89212493111312	157.59626181265656	-36.94216178706044	-27.440045265364873	-33.194681673530184	-21.184990293695435
37.98196759259259	-71.17984117149878	273.226348720666	5.895306539055966	4.891056611154867	5.333490972866947	1.5645692456499825	-14.19503290801376	5.45853365014144	3.5832548247421356	-4.427436113195343	-183.89897513756415	-202.31639123672983	-22.92660963233446	-25.801046219074266	-17.07770089914777	-20.953796353550587	70.32145458721234	157.58558402523408	-108.92005032926018	157.41614063744976	-36.593861079238735	-17.130917594900865	-33.036142043006265	-21.270366328693726
38.02199074074074	-76.05274563306884	273.79035048941233	5.089891376950179	2.88385990623567	4.855103634191123	0.644574931424145	-14.173384819049152	12.181587499584225	3.925183013981136	-10.266530483738636	-188.47756776004633	-201.72386361941233	-22.46832875803149	-25.905957384558633	-17.36536447488197	-21.611403607141924	70.72498745036097	157.7617998672127	-108.97995234064236	157.63835142899504	-36.40830986756751	-10.37718532806052	-32.488241227393715	-21.915649215742945
38.06201388888889	-82.6266803215609	275.5117204520512	3.354679511860553	0.1366695347943384	4.001902090955696	-0.6488182894977002	-14.281851214370233	13.980682988650722	4.779013319874199	-11.069092447412768	-194.26582946804405	-199.139344035472	-21.867571166321653	-25.344808733261047	-18.23838901548565	-22.860268102724575	70.29165446331872	157.7729102985599	-108.95542979474907	157.69491289022358	-36.511392368809396	-8.753476089493219	-31.728377934816777	-21.63668240393848
38.102037037037036	-86.6197030216789	277.22056453025345	1.9081966643597674	-0.42411526767652585	3.075624501901231	-1.6291991095446592	-14.542634688773596	11.65204028490829	5.56571642081262	-9.360782657777865	-197.72333146105342	-197.05867060246658	-21.548230194100427	-24.74618744216278	-19.188032807095965	-23.78516221769742	69.5063425488779	157.84445190281167	-108.8445542452754	157.58733269639208	-36.69893216551105	-10.868648427147875	-31.1321235947553	-20.380089644048894
38.14206018518519	-86.25022286877284	276.6389788564735	1.7445206729152478	0.5688503484675221	2.6538955240193642	-0.4889410530138052	-14.869957197303103	4.557949113662059	6.813602747021387	-3.6168277394106747	-197.49369326815844	-196.88350128753956	-21.552224779618157	-23.346475505634828	-19.533085443093526	-22.705678797859008	69.0484699625176	157.78225506237277	-108.86395792220189	157.41208871821655	-37.08731748046766	-17.66415418726848	-30.27419815517345	-21.5160997527596
38.18208333333333	-84.43738861727662	274.26145687558164	2.225371208612745	0.88355911217811	2.901999352364165	2.380818704331441	-14.760002823131655	0.05096824124640008	8.823632445117346	3.266724622911312	-195.93264727453584	-197.43088198125054	-21.557478193817076	-21.301345165646822	-19.318625946128137	-20.45091943373677	68.9984375130728	157.1396639993194	-109.39244645737524	156.9621163538323	-37.6201517564221	-22.47298648309686	-28.796197754681756	-24.80239161099213
38.22210648148148	-84.83092928620358	272.6164836749268	2.2521845682882478	0.4689685390669677	3.487868359186801	2.801480520087273	-14.310479610115769	5.430856367050596	10.656095536411025	3.817743148669301	-196.2794521247701	-197.79819088910057	-21.42671998846143	-21.450817073048	-19.221309139337137	-20.96550800192466	69.19422790191665	156.24059319232015	-110.26621494971211	156.47688136252478	-38.07002424527383	-17.910021611733384	-27.414321942493387	-25.761355920619238
38.26212962962963	-85.73866657107548	272.2063501868779	1.880066353041081	0.5962141052518267	3.872242068774844	-0.5772378826671192	-14.41150845556736	13.035429586210304	11.622666842851638	0.40974823392032816	-197.2067198254391	-198.05339976308733	-21.44887538494099	-24.28826755102955	-19.5770593343659	-24.834219182559835	69.6367893636045	155.9174804361806	-110.80375412290034	156.33642934398807	-38.4942775439395	-10.975068534961054	-26.875070826544743	-24.121423854011695
38.30215277777778	-82.43859730513265	272.242529759812	1.8440247575762654	0.8513806909893239	3.728489912494419	-3.954394060585151	-14.923885654581039	14.611619552371371	12.033637081944626	-0.9504542996519976	-194.4722344476998	-198.5843955852995	-22.040256079621457	-26.568742171798476	-20.187590464044717	-28.20160996655784	70.04707565507842	156.0454027345973	-110.83832102822954	156.39274746633714	-38.878071860108264	-9.625508386876945	-26.84316234210705	-21.795313889977677
38.34217592592593	-76.8091886904943	273.31217687643635	1.7475751022469888	0.039317404686863865	3.107802720147055	-4.787110687580583	-14.609410514248347	13.505309414270526	11.83432311193449	-2.5786689102582288	-189.6262642682455	-199.68100925287803	-22.90308102894717	-27.05085604215212	-21.138564983201334	-29.150218333532294	69.98593000415374	155.82539961700604	-110.73931357646963	156.43612859537637	-38.78256410509033	-10.879686318799145	-26.927361886832458	-18.88591065949008
38.38219907407407	-74.84884249987265	275.94179132654875	1.037841496729765	-1.1189507275684616	2.243368784537935	-4.230061253975033	-13.106175556074998	13.770083635457645	10.179527118054798	-5.747094249699883	-188.44300534690592	-200.1920637390868	-23.609689351981842	-27.23488928415641	-22.57257090928421	-29.004246906558322	69.5086591974856	155.2288440558694	-110.6838127243608	156.43656367080183	-37.87906097740513	-10.95597323431869	-27.698059629795907	-16.919382094688913
38.422222222222224	-76.13945952383077	278.4356484371861	1.0421199021197125	-1.4651533052351795	1.4019671455588973	-4.136417720705413	-11.741656944352098	14.659993189446517	7.4703722376846295	-7.226325131051731	-191.43078998349682	-199.5370039216893	-24.80555612584031	-27.80907237424718	-23.85286989758353	-29.08440179266124	68.93634134062056	154.95091282828577	-110.74188254049194	156.36352239055577	-36.79983501643915	-10.345412554432613	-29.449902993127978	-16.752942304518527
38.46224537037037	-78.18933609012359	278.834139609449	2.565055587453197	-1.0735523970719096	0.6014708169683776	-4.695234639725781	-11.710505795214882	15.015127036205488	5.35410095942497	-6.7204085705432846	-195.08118595689666	-199.8539566759443	-26.592046961564023	-28.523679852060283	-24.067565750376005	-29.452655130112134	68.36566274410018	155.2396339515496	-111.06799197983737	156.3328897732025	-36.46473078094414	-10.07368583303878	-31.170563179273998	-16.478052498148998
38.50226851851852	-83.1041405379388	278.4099076345536	3.9175799911026776	-0.22930952701529012	-0.002386734752111592	-4.762463077833512	-12.282854217924447	14.964095452793307	4.2002519372854	-6.1617277897374905	-197.9551123511252	-201.67108169229238	-27.537374257029953	-29.260715241949214	-23.120796395211315	-29.628581951592977	67.76326988331458	155.55203456660112	-111.41744586310612	156.70452883681958	-36.675513698043005	-10.203952066162259	-31.802749690163353	-15.27438260113918
38.542291666666664	-89.4593452045401	278.57373003650366	4.07755714014869	0.5596241396459517	0.5984080715216733	-4.168314293515183	-12.31062538290031	14.88067558144614	3.423261895757829	-6.342974445509761	-199.9487276791774	-201.86460488457772	-27.214309417003122	-29.83152649628437	-21.96816487954095	-29.46330680635431	67.11957851645433	155.48356760156196	-111.33895351625479	157.47608651643577	-36.8480458465734	-10.335301468784621	-31.822560475542772	-15.29603346811048
38.582314814814815	-90.17096440306082	276.0827474772574	4.076506343780381	0.12394504753009589	2.458879227179704	-3.939399947407122	-12.00734862344012	14.660095282678276	3.0559901806010585	-5.455125603348544	-200.27702577036968	-199.18010993762704	-26.78529136703675	-29.962198435988782	-21.60775752096275	-29.220164302131877	66.48526762925628	155.28534127359336	-111.03477109382204	157.9273666763286	-37.07899296587628	-10.337432851878873	-32.49134365578804	-19.149705849881627
38.622337962962966	-83.74722302713737	270.4477054860299	4.550090819015115	-1.2744163654699625	3.7416019891569197	-4.317735224591547	-11.98380087300469	14.206145280819097	2.957548069886653	-2.0911075678173687	-197.87193443406386	-197.1141133274383	-26.743775707348348	-29.981426809901322	-21.794267936502834	-29.17231843875851	66.02190662794713	155.23037614792432	-110.83501609759107	157.69314853718015	-37.342072643148555	-10.35065625272108	-33.81533089456296	-24.658057233541143
38.66236111111111	-76.30382392641083	269.6562925638222	5.152254057685232	-0.9831061594545722	3.8731784894979033	-4.641159183284821	-12.023249681808224	13.999343864287354	2.499734569348301	-0.8193373425735296	-193.2317329365908	-198.2592599872134	-26.612736272123442	-30.742495505337104	-21.523864167756088	-29.26226736267668	65.8567843553991	155.25725310008374	-110.51010489294534	157.50941511558892	-37.12615656737353	-10.319562042841412	-34.71214377841615	-25.97481940486186
38.70238425925926	-72.15295987152923	278.32048368105274	5.697382283659167	1.7239737628272978	4.252152727861978	-4.67082927952922	-11.704492798645381	14.209568981796373	1.9033755667488477	-5.0899388824840655	-188.7702837974154	-198.605796487521	-26.142248951816214	-32.21895410395962	-20.51843661308577	-29.313990358585613	65.89292333777111	155.2583333412712	-110.110274825677	157.93707158601606	-36.46557557877682	-10.290847778976854	-34.675705824499985	-22.74598320979719
38.742407407407406	-70.35684784498694	290.09545653472037	5.867749670610204	3.9905655030752207	5.200089508471431	-4.6702671353936624	-11.392284011872814	14.11504748414009	1.8767691807816183	-9.94955381494694	-185.64116017438238	-193.8070551091742	-25.303722907188998	-33.387975393184334	-19.430461081663935	-29.437394552024145	65.9270220482615	155.25779119729089	-110.30903208295733	158.27454437313125	-36.07238705558048	-10.622294488080058	-34.18180841796237	-20.36580263443031
38.78243055555556	-69.2791039516489	297.0976614255649	5.221731985218273	4.510762067931158	5.758607271865783	-4.801439859827386	-11.558437290938983	13.395876161750545	1.9424262671646546	-11.42573867655509	-183.2467585761733	-187.85755078709911	-24.051055143982055	-34.007081741694094	-18.816275678328807	-29.703021884362897	65.88731676443368	155.4077210437862	-111.14324172639296	157.97095518380723	-36.134893891594814	-11.233261336143826	-34.116607863367776	-20.85170762523029
38.8224537037037	-67.79532948366827	298.89180498144015	4.5585260430196906	5.106434776647709	5.9717486231468255	-4.978243709415237	-11.901081715565915	12.732133855955757	1.3456066719523794	-11.359243324084183	-180.61043794423068	-185.8653048927966	-22.817842852156815	-34.78956962274364	-18.259290287929346	-29.691451069054523	65.82658490154587	155.79038199613137	-111.4551756667319	157.75794364421404	-36.12497243373045	-11.48493232710291	-34.795336978662505	-21.894332422988327
38.86247685185185	-64.04086582472343	299.4900017524113	5.268340108930694	6.545001446336873	6.6808185096531165	-4.95869894495245	-12.037491864616305	12.403442956187423	0.7877823418929502	-11.360373768091614	-176.42498047108626	-185.97762558472698	-22.36986677114041	-35.622528552644425	-17.103470315284255	-29.04247124284106	65.75860946309602	156.24601416274095	-110.64363448104372	158.1037480681997	-35.843062380737976	-11.371933110498134	-35.398014432512994	-22.40753912225091
38.902499999999996	-59.434948852962435	298.7490922227433	7.27815451091627	7.641065577937836	7.765862998950822	-4.670958011171874	-12.129438268360945	11.820396237642614	1.0139184913581616	-11.305895181091138	-172.35578094987437	-187.0691984337006	-22.919615795085505	-35.74117501118481	-15.641576750255567	-28.096110931558144	65.73182835602583	156.58215104705727	-109.72035991527933	158.49429770869648	-35.57579892231577	-11.586775327495687	-35.121313016577915	-22.893533892657885
38.94252314814815	-58.2006954988852	294.61694462943854	9.11145009634782	8.479437902132949	8.473430695292329	-4.037257794627994	-12.341580871976559	10.956440076195896	1.3796868667324282	-10.966408120803996	-171.9765641395735	-190.9888799424757	-23.77871495097608	-35.60220410733939	-14.66869492031465	-27.128559553485914	66.02011461690323	156.6989621860956	-109.56461966854012	158.62844661277353	-35.5069342027701	-12.177782080268912	-34.46628214680349	-23.20029083743941
38.9825462962963	-59.930627313797245	290.8127523738624	9.657071457898207	10.4810053917761	8.741571479165176	-2.548531835401317	-12.45021326086402	10.557577150158297	1.430352983078578	-10.262530929269731	-174.05085442500018	-194.90606608837624	-24.11908574106654	-36.22474612775825	-14.463036052918483	-25.74477398137104	66.85824944782037	156.53566959462603	-109.79762354589438	158.47134703251572	-35.65560488887104	-12.654198195663199	-34.24132531311601	-22.920720353761098
39.02256944444444	-61.22144149167645	291.11070144511893	9.181471819784873	13.40035005304906	8.927438343602974	-0.23775295616500586	-12.378341779082776	10.786941349370133	1.736572350096381	-9.40974979311311	-175.12088564823802	-195.3266515490139	-23.895434505482086	-37.28087375072117	-14.704007656099478	-23.879335801184553	67.98757302526667	156.21093369104364	-109.98605519800186	157.9667594962214	-36.00560024142321	-12.904290403118878	-34.21171717590924	-22.304633146955197
39.062592592592594	-62.018815907373444	293.26510833410794	8.373182871670668	15.619701296354647	8.82221402361939	1.6394050698701823	-12.531070302993724	11.080925654190068	2.4875267094694262	-8.94004968165559	-175.51326906907792	-194.1362513747418	-23.480890785118305	-37.91172456762894	-15.09719635084096	-22.29212664509315	68.82422541711283	156.07251426713967	-110.17050276381873	157.56004125401125	-36.45053047528202	-12.82170540255484	-33.95601111649617	-21.760307530986367
39.10261574074074	-63.638303388188554	294.39612782274196	7.645461337961952	16.367642194520812	8.068414718101451	2.1596694022838787	-13.068791081980208	11.128211561820295	3.1373403483566373	-8.932119986183375	-176.8782888370132	-193.42413611574608	-23.169660724144777	-37.844118119189886	-15.577751266505587	-21.478378664379065	69.09949375926904	156.37884530074226	-110.13983826489137	157.58848134482514	-36.71727181551705	-12.162334235296797	-33.589304519299276	-21.096068612540677
39.14263888888889	-65.88215168388989	294.3165659182953	7.167084750765455	15.43048647948884	6.9806034851708905	1.9499795060958416	-13.509831428609461	11.15359105521175	3.4399827299982846	-8.48193431079792	-179.15633519918447	-192.27805602019686	-23.193236912650633	-36.50906730542604	-16.11001351507366	-21.077285010475165	69.05256649311457	156.9147995225838	-109.68471325162129	157.75620814767723	-36.598428493563176	-11.347308288944873	-33.16034257300356	-19.83003762245255
39.18266203703703	-69.15141529063669	293.23854249397453	6.272689303713542	12.521039810200355	5.936113394604189	1.9824674551858175	-13.6597177709706	11.371570603854646	3.889775465515929	-7.185478124081136	-182.25220372177728	-190.119789046621	-23.395279445952056	-33.346382580753186	-16.847934563676347	-20.81451758888001	68.9887422066793	157.2221742866542	-109.20228050206178	157.883687038073	-36.433079011906216	-11.04213284285457	-32.54182623812366	-18.227005175263102
39.222685185185185	-73.67925790446513	291.07618935025636	4.707874664508823	8.053231069541972	4.946706550057143	2.0486730294794975	-14.001761469184007	11.589346607068823	5.086296421982216	-5.907693673216042	-186.1890892147929	-188.02238281673556	-23.49800440695806	-29.107491901082042	-17.789029634042592	-21.05746799375602	68.98602953796397	157.25546777936893	-109.35067293305703	157.6535175717805	-36.745378540699136	-11.12700997551076	-31.65864455826447	-17.031885719854387
39.262708333333336	-76.66547334210877	288.97469925231525	3.8744083354968946	3.355354748450412	4.23611053137468	1.3266098917207974	-14.616662615291728	11.601257116286613	6.846863328462646	-5.120687633702648	-189.04264335772814	-186.24092585250588	-23.548330160454896	-25.225120300663335	-18.395512257599677	-21.93377024765188	69.01592178514716	157.30434151149947	-110.2391618004841	156.68280974328457	-37.31302349527596	-11.16247199011967	-30.466381101614587	-16.28416781877405
39.30273148148148	-76.60672481145728	287.02947391951216	4.392998439922735	-0.22146991445016523	3.972841144939582	-0.1135636449361999	-14.746237791563557	11.512379672958566	8.262229604513937	-4.560549734514597	-189.5301671942545	-185.54852609534754	-23.485948798826996	-22.608808499021492	-18.56135354856147	-22.935141543016982	69.04680537678335	157.48423795725873	-111.02940772586727	155.67670611675663	-37.262211778831045	-11.073402899355017	-29.000082099313232	-15.650266527456935
39.34275462962963	-76.580570428015	282.8193743717621	5.037858787984517	-1.9445063334288377	3.8406278769047733	-1.3491020270544511	-13.85666025213339	11.331065929672748	8.731415165806768	-4.222740695321221	-189.847365998982	-188.8458248485956	-23.24804501395218	-21.640055076595132	-18.861595498735156	-23.650238908896625	69.05720053747247	157.6805902704449	-110.92792677094864	155.59335025194528	-36.17596825576261	-10.96497951106113	-27.444535853025982	-15.189029553804048
39.382777777777775	-77.40585258925049	277.3600642798844	5.14591904093969	-1.9225103058946376	3.695755361964448	-1.8210541405166878	-12.504659141394775	11.107627970669633	8.819890934240263	-4.173953154710199	-190.85723198719472	-195.06908897732848	-23.35296534107843	-22.22755264443468	-19.33673552036319	-24.159774728909497	69.06004069417003	157.59795688347054	-110.35600844573723	156.15371753515836	-34.90664628376274	-10.924836482876614	-26.086695280522534	-15.004883790613007
39.42280092592593	-75.67632097957718	274.47502071703514	5.13647875729783	-1.2947331372746138	3.6232558393521352	-1.8816757395112653	-11.757471818614729	11.241596618338544	9.416799227029315	-4.139612033771115	-189.86273444191318	-198.967131158776	-24.18255937644514	-23.498065454038482	-19.656363462601945	-24.77686398667481	69.07619382654896	157.10318928505916	-110.20331306860247	156.52691534210246	-34.65426853762399	-10.969748599261592	-25.23737173937775	-14.990264792162321
39.46282407407407	-71.38891180992388	274.2650382923521	5.248363267714473	-1.1071859800790234	3.3219185783344587	-2.1411064201855203	-11.78656073959586	11.771868496022167	10.170128578325667	-3.779832860690634	-186.72186664901056	-199.06276168695695	-25.349622498489765	-24.521990702843212	-20.13150911121933	-25.587133651722993	69.07973788603087	156.56501302026678	-110.51792965730432	156.5207268365981	-35.221613718172435	-11.025120854938123	-25.051688184427945	-15.007507000300976
39.50284722222222	-67.83576260586825	275.2933187164232	5.365177118495445	-1.1672288446614143	2.5978012658046854	-2.6278404693040285	-11.7544149917259	12.373505697086138	10.187819586645206	-3.2732190645648935	-184.28277779019447	-197.95735914634076	-26.447988328516388	-25.224262291364838	-21.113748027255838	-26.405244275986433	69.03524805583059	156.22444433513385	-110.7844442713497	156.40713075872304	-35.530161373970785	-11.032825894388935	-25.34301598959557	-15.000284156170906
39.54287037037037	-65.24937419082792	277.0848269908118	5.360509253366388	-1.0237958419500266	2.023251119063986	-2.9797971559326277	-11.36301538237839	12.950181096732878	9.837655160479338	-3.218834864507126	-182.7892826237486	-197.58489571653013	-27.536875050023028	-25.870752669406556	-22.126928964284446	-27.136003420965935	68.98320023485444	155.84098766860893	-110.95269589153314	156.4220685807689	-35.52177611770183	-11.027649194763583	-25.68325127691635	-15.051499494587503
39.58289351851852	-63.50232300454472	279.0051439501026	5.3840777906281225	-0.8113267565923833	2.071164367144875	-3.0779192079769215	-11.321421916682786	13.343756799392654	9.96597634646907	-3.6464294468609117	-182.28901303045768	-197.50374197577395	-28.79152717662683	-26.5335850517952	-22.601945419994436	-27.7396453470259	68.99060644250531	155.33292746442422	-111.27880958816392	156.72670458170268	-35.987271280077536	-11.076182742330417	-26.017013739056424	-15.255543100309438
39.62291666666667	-65.52093276929027	281.2455075340499	5.550389245382136	-0.8671076789667999	2.35827193661799	-3.0425286788740946	-11.91568242600074	13.586738310486119	10.00721073258859	-3.948097188148737	-185.18455946238407	-196.05904110264788	-29.668066520533216	-27.053133634920712	-22.764810236231398	-28.164108795960587	69.03891638012476	154.8824656724525	-111.568997684557	157.2245505789932	-37.034143740856805	-11.169206471145216	-27.030143281720072	-15.501215120488894
39.66293981481481	-71.13774328719448	283.1911300186298	5.297115940139666	-1.1537169248228956	2.480035393679307	-2.854447144864253	-12.324205998771347	14.094774342739735	8.883406517515024	-3.87674951433253	-190.37135760781308	-193.90469764886126	-29.20432198870553	-27.236467558904337	-23.080918818321663	-28.420112384732064	69.0114405588308	154.46518529476234	-111.72583468846155	157.54917604504874	-37.866506952699865	-11.23327112592031	-29.009284519391883	-15.61646316368973
39.702962962962964	-75.58155321164591	282.433401465399	4.2289300865651125	-1.150848990864377	2.4639333929613163	-2.5017902477094407	-11.987915700573181	14.712524853946162	6.890791675326691	-3.817314558234425	-193.39271498320755	-194.5434115858502	-27.775320004549485	-27.36700071624034	-23.50646574027695	-28.471836878663296	68.76833688558102	154.02124573054664	-112.13715735639981	157.47005379818233	-37.96449338162981	-11.241608238790306	-31.06626888840718	-15.62541992880908
39.74298611111111	-76.67044725733977	280.09716049970706	3.3854528782484716	-0.7172104506806745	2.499806668680531	-2.341345951860465	-11.634046824575393	14.931176013621268	5.3249011700580136	-4.029465224664026	-193.37445448467747	-198.53520891545367	-26.859212062232274	-27.833266043459332	-23.61337199293463	-28.436714163564318	68.2858831818625	153.7225424141733	-112.7429484254583	157.15558116206842	-37.86718485072609	-11.208635655485566	-32.38734761375977	-15.584833122902012
39.78300925925926	-76.2866758869736	280.5243193922668	3.7632237916860705	-0.2570721837387074	2.8492818860229816	-2.5876783801219263	-11.932510664444123	14.904376592107756	4.845900479512795	-4.3314716154519495	-192.78142105717592	-201.50000872401262	-26.987002574251704	-28.56419000346507	-23.240929988300678	-28.64883513435963	67.68358632111033	153.63902468377137	-113.07135004340033	157.14487097377994	-38.22063838750762	-11.17034294077574	-33.12027509990402	-15.580279130250688
39.82303240740741	-75.8455561421138	283.45565273871074	4.419061172135357	-0.07010976507773942	3.234616829338228	-2.999126127952209	-12.280436954248115	14.846544034530426	4.614773573762058	-4.67513111257334	-192.58693938367327	-200.2177476548943	-27.36158681668168	-29.17375083135282	-22.919741531631047	-29.13645051496991	67.0578159774067	153.68060566685762	-113.01058168487704	157.8125746613196	-38.55452179572457	-11.289125457134602	-33.78642787884674	-15.952727546236758
39.863055555555555	-75.45942463331964	285.4627621940267	4.1725033328705345	-0.19708369372684006	3.0963477546584866	-3.349891554976189	-12.172991298696576	14.342960743635873	3.700443408109059	-5.034127760232104	-192.2281192125671	-196.184988417588	-27.22759549077871	-29.30648961111703	-23.050564508193403	-29.49734533399871	66.45787863081962	153.84388140042526	-112.74000152284806	158.95529113914705	-38.324222805262735	-11.803282646332875	-34.61518331530203	-16.833460967411085
39.903078703703706	-75.55060305422452	286.1020673531758	3.4256157222253987	-0.25629220534448605	2.795484176856203	-3.43859211228442	-12.298587505719622	13.337048187028232	2.8816582746921537	-5.245339692905843	-192.15324101992155	-193.0204595761266	-26.591834760654223	-29.130614110313857	-23.169627121477205	-29.404979382112657	66.01690482615857	154.06438754883297	-112.52479416973414	160.04046455172545	-38.24527966062553	-12.62956781731441	-35.38114481037552	-17.876605853944582
39.94310185185185	-76.06989137510953	286.046112682466	3.0050145381516113	0.16685936173232563	3.1404700006433304	-3.260678334613367	-12.858936510233951	12.910404062774765	2.9563458277660306	-6.0290759849069575	-192.81707835406002	-192.80393260812542	-25.701834679270874	-29.254546205138368	-22.697140009112417	-29.090091953322514	65.84454772732417	154.17434709937848	-112.53657007625516	160.58767712633608	-38.70308210236165	-12.919136100925883	-35.753401187881465	-18.94901852445068
39.983125	-76.27409085157635	285.0934009321641	3.313183494389432	0.9652310733875504	4.254647294943812	-3.1784080612731636	-12.929260652248246	13.786196526112844	2.961790879425505	-8.230426581809386	-193.02634050566348	-194.82646409969584	-24.8543886351344	-29.948210923834296	-21.541435385701362	-28.98003875918839	65.85192971989392	154.1933365614825	-112.60236288668496	160.61103967365915	-38.72156294087898	-12.015174357124977	-35.8069855949322	-20.24536729519673
40.023148148148145	-76.02958248208675	282.52463636202145	4.480189956997819	1.514906923249689	5.609786568031808	-2.5379515053758332	-12.50694404125869	13.276031640632109	2.3663387430820717	-9.145859097449405	-191.9335934266428	-197.2544701242133	-24.47202481036851	-29.71159134020087	-19.996263737804597	-28.196053033966734	65.88233408851632	154.34087906941312	-112.34195229933864	160.5342756955191	-38.058354039491604	-12.382505456059135	-35.770852588401326	-21.52820822571158
40.0631712962963	-75.8370973029402	276.97286616066987	5.765995082803323	0.7666268883551465	6.5320581274214815	0.008329960714627977	-12.374543237210002	7.1514164229360695	2.0412327151297154	-4.069087112837997	-190.5953230295449	-198.98374398520502	-24.438194679528863	-25.947058929554302	-18.669786089082223	-25.18089300913023	65.877995863926	154.81157027657704	-111.658263692694	160.5584268754858	-37.59341968040195	-18.039417954557067	-35.60552132941446	-22.10853386998582
40.10319444444445	-76.07804122510866	270.5533658258413	6.0439113272516884	-1.3059469784939912	6.797398215851102	3.2890284396530243	-12.339760544652972	-2.5421854714486223	2.207105947781758	5.349536655128008	-190.0626073186292	-199.3949547981543	-24.13558093230921	-19.958314528792997	-18.063684031818852	-21.264403761984468	65.85064671764712	155.44680225520716	-110.98961448011265	160.56864553792116	-37.52877963021234	-27.093553990989733	-35.359331059277196	-21.744046371461764
40.14321759259259	-75.44264774919898	267.84258209116877	5.522691047079268	-3.407639286108572	6.840040917328296	4.650116651575275	-12.171593202246068	-8.75934115554429	2.4110952850841643	12.197095224980844	-188.97555589151648	-198.43386155636585	-23.572721089209736	-16.276624217261187	-18.052494219729113	-19.68419405099624	65.88962574462512	155.66556981105748	-110.74075366502633	160.51582974001923	-37.55292422359351	-33.083428597711304	-35.20666180412469	-20.88633051008881
40.18324074074074	-72.56465346175442	268.65002822437464	5.383963272906384	-4.202021689200609	6.999253199017302	3.927548567134141	-12.407013099826703	-8.36683795808815	2.5451323602705447	12.5313305751852	-185.93004521211503	-197.7849427493448	-23.282411280990374	-16.437834074398097	-18.061957915867623	-20.63982951377372	66.18190643893638	155.43257169683528	-110.76078842751492	160.37971842416965	-37.61019347493057	-32.941853610495116	-35.146870047354426	-20.410518128597673
40.22326388888889	-70.31312291541349	271.55677000623973	5.844904641178061	-1.8456853841315046	6.957074029622298	2.56285490811567	-13.1010293773119	-2.3049181960450933	2.4454874589697444	5.672631697058416	-183.7453964283918	-198.4870933522643	-23.341853934842902	-20.058764177747378	-17.792825809707182	-21.904463351394625	66.76753261281696	155.53269759433567	-110.76113208220183	159.80114232032824	-37.598588832457295	-26.834753513956116	-35.144983779583754	-21.162122263080818
40.26328703703704	-70.94179915069488	276.75481306464127	5.929767317924373	3.236366049461747	6.4131064774114055	1.5335268907730768	-13.695560795387216	5.860610815609666	2.2396291736184355	-4.420184665803332	-184.38016334791564	-198.94658683286286	-23.451490015082825	-25.68177338341441	-17.679677130107606	-22.44539472721378	67.46603215165673	156.02109340602527	-110.81803714417414	158.77622686092238	-37.567007899342	-18.100714332919765	-35.07687120305896	-22.520898194318065
40.30331018518518	-71.5535743103614	280.6745786404357	5.04765472030759	6.632463202056832	5.674894023194513	1.3023115758015962	-13.976546081395785	10.687286230526652	2.5614020533779653	-9.97847178826037	-184.69078290418378	-198.61242534676256	-23.399347200885998	-29.189030903874468	-18.177444017879637	-22.556534975158755	68.16462444610042	156.1411602008415	-111.0810291985383	158.11955112311443	-37.82225390317241	-12.801698281440409	-34.85827717632367	-22.78016739767807
40.343333333333334	-72.06047305152467	280.67429923343735	3.9144276182649103	6.424188027583791	5.100486921193703	1.3069800090375516	-14.321399296181191	11.179380557121771	3.3010798126678296	-9.480633852917734	-184.83652582270014	-198.35883138296816	-23.194529063169412	-29.106461272817114	-18.811740445631003	-22.682365660264608	68.7055162362539	156.0106257196498	-111.2651209798875	158.0585336349245	-38.32834699929781	-12.20087502003868	-34.78523188652983	-21.681517492396807
40.38335648148148	-75.9423304249048	279.5769792126287	3.375911857297219	4.749160840534853	4.7046957042283175	0.6405084661471814	-15.024487703699561	10.567802302961928	3.853612419590274	-7.51524123902403	-188.7501578926654	-197.62124167276056	-23.0603056437278	-27.79802951135396	-19.00019644905676	-23.049091173451103	68.91955135605683	156.3103371974509	-111.08277558454283	158.1571229380304	-38.717710697338504	-12.751885657163982	-34.85454784855408	-20.267146392405223
40.42337962962963	-81.75433122051986	279.6025603804019	3.2629828878507268	2.62871558608	4.47970523094213	-0.4662918136019701	-15.669481816394644	10.479993783099067	4.5763661891633935	-6.3145688013130865	-194.7170675421433	-196.8334095980747	-22.97464825400712	-26.2667066934807	-19.04479004842551	-23.637544178634244	68.89390987640991	156.82887605184317	-110.81191648459578	158.46425086744995	-38.83783546086089	-12.673743762860994	-34.30020017036033	-18.98827006994661
40.46340277777778	-85.09068807886568	281.27871634951424	3.165651226857359	0.25663822156617705	4.445887408306411	-1.1549610656142761	-15.733880871978423	10.720580764788	5.980143472234007	-5.317133037587231	-197.79861320828667	-196.79907721799884	-22.665200337413523	-24.528914865626163	-19.24740283479828	-24.270796973466815	68.85462543272075	156.88458625603988	-110.74933767130908	159.0105092701337	-38.84847220881467	-12.458061257749023	-32.86203707559777	-17.77506304075679
40.503425925925924	-84.70895635121904	283.08621902496833	3.102334100959466	-1.3863631621948278	4.564353463677013	-1.3210014261123115	-15.272637038246568	10.873088180116762	7.47461220148623	-4.084302212958496	-197.20097089352515	-196.23750502316733	-22.486751440083992	-23.48348159633298	-19.33885879464563	-24.871804890288004	68.86062193404203	156.44863427225926	-110.79248484120352	159.7199839673241	-38.82442101952985	-12.684982745290881	-31.351532113440015	-16.76947538571558
40.543449074074076	-82.10584019234952	280.49148498052585	3.2526616991851283	-2.0421525221365044	4.7236758209574115	-1.5639553678923241	-14.859485653381256	10.684445684426661	8.65325610208507	-2.791109754401714	-195.2148660115812	-196.52490276385942	-23.11622314709487	-23.47530633011256	-19.25954499721064	-25.526871506482067	68.88029669976234	156.0343969651874	-110.81124463397471	160.63302559172274	-38.82528608815407	-13.26641816521628	-30.239571695652046	-16.058369969487373
40.58347222222222	-79.69559421413041	274.78294173906914	3.605542773896424	-2.0067604286604017	4.595071800217833	-1.979305556390356	-14.931364287348053	10.57421939642358	9.791457307081181	-1.9456942727411437	-193.87453236068404	-199.522551284291	-24.180828609448	-24.12721905112754	-19.48181768413548	-26.12663489782794	68.89931052425017	155.85478266098045	-110.8126217802343	161.13378682946762	-39.07652968556435	-13.57241474678915	-29.26664825782234	-15.51736459641161
40.62349537037037	-78.38973883195091	272.9926006195814	3.907613168412495	-1.448364325783307	4.043779175899983	-2.165352351219152	-14.943564620140831	11.04774533401832	10.60000766965164	-1.7172418904971773	-193.3045880999465	-201.63799552831836	-24.912702587859926	-25.186909825405223	-20.334794963153158	-26.577583778940678	68.91921910998732	155.60424319979847	-110.81889757072084	160.69151834930014	-39.33914271281314	-13.377282153998266	-28.331820164576555	-15.089325807332798
40.663518518518515	-75.1530480128214	275.6236138571595	4.517351867525533	-0.7925452394956444	3.5672097017038613	-2.207533776380712	-14.234245192793878	11.696192216933214	10.822816334410316	-1.590390662678254	-191.01499824837344	-200.51242135961076	-25.85839765930136	-26.245568620381164	-21.34487126687044	-27.056065393861473	68.93643449935949	155.14625734286614	-110.80266606545858	160.12744002929458	-39.08789059398896	-13.14961527573432	-27.594513442575234	-14.742102425047392
40.703541666666666	-68.6677545552182	277.61213597168205	5.970533765222342	-0.4349731750786989	3.550037240035297	-2.3783015479467284	-13.17093049805328	12.05281372898936	10.737900963354486	-1.415723007343843	-186.33510165037637	-198.99781413393424	-27.672198207288233	-26.77875501195365	-21.805617559883373	-27.555764970069063	68.94160360787683	154.72482510121833	-110.71616717785606	160.29637972458332	-38.44690559124382	-13.058214757083263	-27.303112583341033	-14.504961644468622
40.74356481481482	-64.82774567832469	277.9541359251313	7.48383070659464	-0.3518405801178021	3.64877060756504	-2.4011853962697978	-12.311482906986004	12.661633639982592	10.090427601119613	-1.7975419662259136	-184.23404333685056	-198.8903354187857	-29.427075819594663	-26.96162993157421	-21.7362342607494	-27.89120000080412	68.96139788460978	154.36496398326057	-110.73806139267039	160.4085824390911	-37.947465362019756	-12.712317908998983	-27.835680028716723	-14.551373671059295
40.78358796296296	-68.1144389683125	278.8040841325116	8.059420712047691	0.025908320378465133	3.526967657474445	-1.9328018535368556	-11.865163467855652	13.959915355381648	8.858599380345108	-3.0093686427312805	-188.22062576935747	-199.25288174510706	-30.087845654671582	-27.534332048454573	-21.63916457672954	-27.95522715642798	69.06362235621906	153.93808521393044	-111.24228629675783	159.4238937326228	-37.92288068462007	-11.963829311598928	-29.12324100690779	-14.9757789582073
40.82361111111111	-74.18789995311755	278.6373879002839	7.422950168912674	0.7955659313424445	3.3522165685516616	-1.4244656837165046	-12.043208054586545	15.235171528342299	8.212610193929175	-4.462762384327017	-193.8859673994674	-199.40276326855349	-29.57020129804893	-28.45025285726132	-21.906048801311258	-27.779981637294085	69.11939043580304	153.65000282401672	-112.09545683635285	157.88597847437995	-38.3859239753005	-11.099242786499758	-30.18905664338442	-15.570198530053375
40.86363425925926	-77.7772188105139	274.0599049613231	5.567100605402299	0.7676431375083067	3.296785184971312	-1.5140399358794414	-12.586261161659692	15.556997609454962	8.382402408337898	-5.2006852754425505	-195.8138954941012	-199.28366842142947	-28.088290820444215	-28.89850649881781	-22.52350307166799	-27.60304907650439	68.65105015153217	153.64172419906484	-112.63162424204968	157.03064340745783	-38.96575254918308	-10.696840875105607	-30.632674561188026	-16.037592873224753
40.90365740740741	-79.1097243585143	268.5101024144343	3.665342257336327	-0.08096886760936255	3.3367533933104507	-1.906762989630002	-12.862901711670306	15.043023896124344	7.780603941441493	-5.104980707695433	-194.86649505389738	-199.0076245987227	-26.519837613019476	-29.033112666277063	-22.9784223569974	-27.617562477924054	67.48668501211617	153.6974425043253	-112.56703562740087	157.29173368555564	-39.21671529022059	-11.055546504053382	-31.417192026386658	-16.397965689633054
40.94368055555555	-79.59400376814398	270.00009356265986	3.099562771666516	0.09855830013207521	3.6025256979626263	-2.1069819439763173	-12.831681600799712	14.646707630962263	5.83067102565345	-4.981074426283874	-194.34741246918793	-198.8509305552614	-25.948966694926014	-29.78139174271824	-22.831936252174472	-27.943396889241242	66.32139196627907	153.65932001189924	-112.27755242298097	158.2041643364249	-39.07126850725318	-11.574201066726317	-32.88410191036614	-16.70044455021808
40.9837037037037	-79.6112210082132	278.93979495800994	3.33484711470634	1.5066883265945554	4.2710515286349535	-2.2799428112763027	-12.809631198224602	14.739181168884636	4.006077712746753	-5.026326371695819	-194.7934117643486	-197.67320391074742	-26.031991958579	-30.84168524014528	-22.187202430484803	-28.58377902866782	65.845081805094	153.54655496088543	-112.32056932913947	159.07641598626563	-38.7977266627457	-11.716637179743515	-34.19979469022276	-16.750729688222464
41.023726851851855	-80.21828672509969	287.8975845735377	3.3508835218613546	2.5672419557995876	4.947066067694854	-2.638996715833953	-12.847138486188937	14.827904102664192	3.422757828275696	-5.025898175271918	-195.2522921362006	-194.18685677959684	-25.630512478459735	-31.204572134308876	-21.439907136855027	-29.08272430733453	65.8711699033601	153.5970422795563	-112.7738806047898	159.44664291974914	-38.634179066043515	-11.596749204186125	-34.85173358936967	-16.5995029493112
41.06375	-80.96858920449455	291.942635443529	3.1998224274850027	2.802461663415366	5.12537651300896	-3.029500219072556	-12.878844607171386	14.785386732365968	3.588994026747362	-5.600883752810013	-195.77692319039107	-190.50760122391506	-24.519434379215653	-31.010818174401294	-20.83015694939421	-29.015736959583492	65.89579834782444	154.04192082759948	-113.07093088652475	159.58179161752844	-38.49401210118883	-11.175350147041911	-34.901116830274134	-16.769565837928127
41.10377314814815	-80.08842605524102	292.36054190383896	3.0858074621264864	2.7628261184026095	5.076636282839405	-3.2418221656502193	-12.945825583889631	14.858777623119456	3.7989807256445127	-7.195843871158382	-196.68026585494698	-188.92707663652442	-23.266965371392388	-30.90456301856483	-20.242476836530045	-28.553132409478067	65.85308795165659	154.68414441435652	-112.72779969014083	160.3246481547524	-38.192006057953066	-10.464035298758205	-34.46582445562923	-17.654126116933256
41.143796296296294	-79.89344449690539	292.0084476458539	2.9468172576263894	2.956363352773727	5.1704598268186865	-3.392378276673727	-13.10092806247717	14.685347071189147	3.8828718183532285	-8.920749998463343	-197.71148313939216	-188.89688294782087	-22.38889392237317	-31.020628007833906	-19.50298759920821	-28.060516735296403	66.06635009394819	155.33064995002138	-112.09787417987182	161.69131053287526	-37.850702303321654	-9.980019958504812	-33.9036133187839	-18.918553294259596
41.183819444444445	-82.58910580733462	291.12010032179967	3.1373315786427156	3.6475404027534686	5.435607603463074	-3.6391236179189494	-13.171581267798949	13.8957466231974	3.7275567225136097	-9.726877124744371	-198.07024490984276	-190.15436713945002	-22.182452443560223	-31.349729946034145	-18.55343485702467	-27.63093502478462	66.67055424783673	156.00817323140174	-111.94547752053712	162.70273223396276	-37.572482135828594	-10.031977419173856	-33.733735176674614	-19.822078836067092
41.22384259259259	-83.90889625646143	289.0265352394942	3.9540205343649104	4.803001944753743	5.9530191729164	-3.4183972098515207	-12.945369334933602	12.997778284196459	3.4882216641095285	-9.684826227313124	-196.34950753181863	-192.67479999809223	-22.304679213511676	-31.68486106245203	-17.50721154101764	-26.877259716367334	67.46603215165673	156.517967518894	-112.01558268660257	162.7589170452045	-37.06626740402355	-10.476901833098054	-33.94804093212758	-20.09045191620247
41.26386574074074	-80.94645816883548	285.80272264984524	4.553645286496345	6.255274560985183	6.4885992281120135	-2.127255054033608	-12.658714427003117	12.596779914393043	3.4890047465282303	-9.432688920659414	-192.27373652244114	-195.86795833385315	-21.869384106375435	-31.65160794733012	-16.80458584848364	-25.40828839382614	68.26160402428278	156.7114048206428	-111.44507070542467	162.38499718920355	-36.35715892415013	-11.06380261026871	-34.124201149848446	-20.09613362772997
41.30388888888889	-76.1820915933288	281.97364858976863	4.365296527636681	7.738240017156739	6.753700591672304	-0.35950561574304046	-12.754550667465878	12.519124575391247	3.6508585403288993	-9.04167573398913	-187.2147730094361	-199.44393895289124	-20.950560661391407	-31.429249651070435	-16.570653639010985	-23.692683365583704	68.86639236583144	156.80326242543057	-110.57749207024709	162.49648905139819	-36.09950172203919	-11.499096659241943	-33.95022444837855	-20.162624688855715
41.343912037037036	-72.42809061427866	279.51071689465834	4.128704514120698	8.83663843826524	6.990158025006793	0.9224559613522707	-13.121413662455426	12.338510895005395	3.6973026460048173	-8.289284900059426	-182.85445900444387	-201.78814620305616	-20.36331749043852	-31.335631106598456	-16.355479464792964	-22.497053278896885	69.09057311095413	156.90999443513203	-110.29210592563437	163.0868787283249	-36.39922886035936	-11.695811233388028	-33.46421674545573	-20.080986008136577
41.38393518518519	-72.09658230919803	279.95832767054003	3.821123607190353	9.244125933113828	7.241056937639036	1.5599267579607397	-13.275228813417248	12.097352364735745	3.4901611246831976	-7.468334886796259	-181.1781871632894	-201.10387524611514	-19.9499572326351	-31.0175581464121	-16.11256158335641	-21.77300055357975	69.03869952834143	156.94245514475534	-110.40280280477903	163.22977586346786	-36.62211647162793	-11.732002040049323	-33.09521386232532	-19.50886418524577
41.42395833333333	-75.30032411177159	281.8495378108296	2.6781732625060872	8.855497354651826	7.384420689722681	1.7375585448455966	-13.68716449335468	11.992837275358893	3.4085154959730826	-6.9592173480898065	-183.94866273005204	-198.40379909441793	-18.877930393693447	-30.035298965775397	-15.970259049773816	-21.180104412757316	68.9749627737343	156.9112398802582	-110.15170132386321	162.66113484122607	-37.05045641736314	-11.560731276129573	-33.25248061477606	-18.58787116071059
41.46398148148148	-77.94296241229944	281.5984067826656	1.396472498457222	7.026243592471445	7.661987301145315	1.3599679428945344	-15.516850449245101	12.309258637326405	4.229834879527384	-6.679765302260016	-189.9067008101286	-196.4249411697885	-16.919073849240306	-28.188855793629543	-15.580490123455846	-21.162709558725894	68.96325310691665	156.93480364855643	-109.51345506185548	162.40231434890794	-38.74949036382144	-10.902127820445173	-34.08005888206854	-17.40822667259107
41.50400462962963	-77.11240509164963	277.42399951873404	1.238630458107965	3.649984663381398	6.829931901346846	0.6708279578373622	-15.633975798434356	13.425460998165327	4.746534806422303	-6.417464983702899	-193.98860371305932	-196.7070175248905	-16.051473798681386	-25.46295068387606	-16.089788331902596	-21.81292133156427	68.96399157219605	157.05933299489317	-109.30524872466809	162.1887889993356	-38.56155520721575	-9.470558276940437	-33.57242676717159	-15.911256357855123
41.54402777777778	-74.24514443857926	272.7680238200406	1.9211367756125588	0.9739903938014853	2.6343407509533483	0.7282588441431538	-7.0979251566204855	12.812524084934632	2.004567612627424	-5.266063136642525	-193.40950648130246	-198.2609198953739	-19.68088079135174	-22.72176473249175	-19.859520130690683	-21.747751000066444	68.98334563098311	157.1795627163067	-109.88599226541727	159.61631327882426	-29.665783430012738	-9.888761666198832	-27.651195074904777	-15.93390609825407
41.58405092592593	-71.73415634340448	271.8030695025247	2.387467360929847	0.5746121559069732	-3.113540978919573	1.2401918636396994	7.555516210338019	5.440957242928101	-3.173465247946225	-1.642103557598674	-190.93340591323005	-198.41054987801948	-26.527536246156487	-21.70540888727494	-25.41446829696386	-21.13079909880223	69.04647647648893	157.26818047568457	-110.58921835206546	154.92465810370345	-14.721746359593936	-17.2004989983118	-17.936538535646136	-20.006085034492855
41.62407407407407	-70.52399733384085	273.30495177788447	2.436723335879069	0.8202611649183894	-6.150095856568062	0.587708231577038	16.447042785143733	-6.519996822994945	-6.640797043341608	3.2178086071961167	-189.34817958619828	-195.73577177367508	-30.9378405624566	-22.634447383710338	-28.5616114232472	-21.81420771734541	69.10499953022256	157.37015996652278	-110.8532676945717	152.0192946919958	-5.522417599976407	-29.112511722642765	-12.167549490378661	-26.259190267781605
41.664097222222225	-67.2006553304389	273.5837378348916	2.673892586910589	0.666355016060064	-6.604701695403973	0.4222483750964395	16.659411072269155	-13.994415570075866	-7.380368856508342	5.732066194912672	-188.90974480966105	-193.12676274703148	-31.8583071372487	-22.61017747891036	-28.9689479945485	-21.94385202649333	69.08917904938617	157.30777649287117	-110.81376685221484	152.29029585456064	-5.021266975863114	-36.3874362785005	-12.393422951362766	-30.096536270980266
41.70412037037037	-57.31978502741022	273.18161314513077	3.9251357886449063	1.377968970776937	-7.057307828029685	3.4596705694420025	15.062624287856584	-14.763513603444748	-7.31611440729524	5.475444820052918	-188.6763933950332	-193.50241473498988	-32.99658432854383	-20.01780410537144	-29.045290963534143	-18.639745458658254	69.04910224749595	157.03027309727815	-110.69562508811019	153.24791534922258	-6.615670224189699	-36.87878958068994	-13.93236495294758	-30.87464140231225
41.74414351851852	-47.69293257177629	275.969474035162	6.191202597068118	3.079923815321588	-7.736324601251546	7.4718968257239915	15.08019844298145	-13.96016644644911	-7.5535010395297215	4.797246167068722	-187.1421279810874	-193.6500495454357	-35.719887286055894	-17.405945407137906	-29.56426498960633	-14.325807729871855	69.06584831571621	156.724471452184	-110.69862938361213	153.3896646385145	-6.695444198737931	-35.73816895447631	-14.259354907891407	-30.9110063680058
41.784166666666664	-47.58610862744192	280.54011018834325	8.27374925325945	4.40574407231263	-8.059056091057192	9.068770183932186	15.185424323335386	-14.502668652225731	-7.735312564153768	5.009022386288818	-184.15599368601278	-190.65892007915022	-38.30020358501629	-16.637194121959382	-30.03289924539726	-12.231874392789265	69.05144124003358	156.2059312774545	-111.25471109551397	153.52370003710962	-6.1862568700364164	-35.52116624981315	-13.91485182471358	-30.88852522761718
41.824189814814815	-50.85216966784689	281.66290751405444	10.280834866349707	4.962332423714412	-8.234224466723974	8.646922684673383	14.156700414879708	-15.804978785238509	-6.975960776160911	5.835504870702731	-181.29591598193701	-187.5833315440055	-40.06765595028777	-16.749150380904965	-29.778942576719174	-11.7882390164349	68.8663132298596	155.37539640329067	-112.29178118597322	154.27754842344854	-6.28755032049358	-35.768383662608954	-13.206195158988663	-30.490615891778987
41.86421296296296	-48.68890042213919	280.32516504828266	14.665326458860433	5.174918813889063	-7.880375312688197	7.999613750278692	12.716389896171878	-16.686304672541784	-5.362325723705286	6.319353887188996	-180.20297907174262	-186.5650378199939	-42.91318550379606	-16.871303638840303	-28.249207771840645	-11.694532464946988	68.54652187442309	154.78952087393046	-112.97713434274534	154.96383232275926	-6.966167136134217	-36.092323849246824	-12.344748576198086	-30.026727783797625
41.90423611111111	-44.994120090294636	280.42428855691975	22.112117505551872	5.1828506031974735	-6.044938633670067	7.794001048766498	11.939271849687644	-16.661505245571195	-4.025498094859727	5.848016375221514	-182.53595812984923	-186.06867511230905	-47.70964902599074	-16.9309957323959	-25.61312182244994	-11.739118125375256	68.21242478936212	154.7342218304397	-113.07985571234441	154.97454440089754	-7.591119642164998	-36.18065976943993	-11.954876098965684	-29.910298478111216
41.94425925925926	-47.73126086824417	281.5098033088198	28.205268276580576	4.885076311873525	-3.2437948974525246	7.715112724094303	11.692468293266066	-16.016879173750073	-3.552376820659183	4.777271424036979	-188.99035482329822	-185.3114567013431	-51.02992141582935	-16.849714427016764	-22.813974471853427	-11.971522286658683	67.90032754780029	154.7821125008598	-113.17684712000094	154.96610355072153	-7.995848110013341	-35.752145145613824	-12.102111086821225	-30.21508677523022
41.984282407407406	-57.571185105928706	281.7984268521129	27.54030408474749	4.176137470409914	-1.3631448590439619	7.124675241986928	11.209680354332688	-15.36854024993335	-3.512991947293521	3.9756830626471737	-196.2143852255798	-184.96071375634443	-48.59780289098002	-16.6328178584519	-20.967167252170228	-12.51193902590218	67.59234441968712	154.57644852629733	-113.39014313783734	155.31397939211146	-8.429253595776856	-35.01105533274456	-12.27181420583976	-30.596927428373633
42.02430555555556	-67.21121290509764	280.9155653359205	21.13583876220805	3.017866289712296	-1.080834394089968	5.94910965462163	10.522551001529052	-15.1786038170853	-3.3492808169144754	4.160366004540963	-198.7502460454786	-185.524956306378	-41.57621142223694	-16.44465857616497	-20.465699043961152	-13.41047168230277	67.2819261859515	154.26415351802578	-113.35364045051041	155.40924896231942	-8.838327019732091	-34.5304916741881	-12.206980780522457	-30.35729732180357
42.0643287037037	-71.02854027211345	278.79981522915284	14.847453895259314	1.690717043648256	-1.3459689293636279	4.820248921917144	10.232173867413277	-15.578716510027197	-3.136726822686182	5.658542761702604	-195.89940922899928	-187.16650049421997	-34.87937673819074	-16.302527289697636	-20.565650871443182	-14.28456388999831	66.97091824603443	154.0336763120585	-113.09626240678556	155.2950913684553	-8.862938618533335	-34.682572210639066	-11.987357708707194	-29.099067699648685
42.10435185185185	-72.63380125136472	276.62566599979135	10.38374715464319	0.7926379370672721	-1.3866888691786825	4.006650395459425	10.273448720486789	-16.265446588886917	-3.4156311450634513	7.655949722226849	-192.47442617379141	-188.96502741888395	-29.828270082186577	-16.12821523076225	-20.323415537983735	-14.80474763959866	66.65428453862502	153.7472880666228	-113.1745486238154	155.2821018218587	-8.524794900252942	-35.0768481310177	-11.933177087718164	-27.427975294889308
42.144375	-77.37418667224917	275.868717427038	5.421021438735826	0.5085805206844963	-1.466807528189308	3.2539234003854207	10.206382613869314	-16.53933471373051	-4.339294144181006	8.785751095076506	-192.06815475728405	-189.82162989054495	-24.70073907078229	-16.01353904401016	-19.813381014415143	-15.196291961286846	66.33304168533728	153.3818730144751	-113.77797351120516	155.1973414938413	-8.293781989053727	-34.98554423931816	-12.383420119603855	-26.185130729491476
42.18439814814815	-83.99842285698087	275.0281685612196	0.7453989183253419	0.3010966298389352	-1.800983283595517	2.671157193009004	10.314720255111157	-16.148312859450726	-4.777024566115154	9.308645409486743	-194.71617513861128	-190.9144545233002	-20.762347794402388	-15.957966625558427	-20.042246742466375	-15.625310619950412	66.04538728948067	153.23126487431222	-114.26493038276253	155.27225710887103	-8.079515962380299	-34.44996989189393	-12.749587391043576	-25.141900650483052
42.2244212962963	-87.86891407358617	272.8186027166518	-0.7568794187831112	-0.2469941963457055	-2.1214140343447583	2.4817231238814745	11.168561636657476	-15.427037819729714	-3.20382038077857	10.055032034604354	-198.9072656501897	-193.08466265267322	-21.00534954793413	-15.847649060910726	-21.672206374576433	-16.049378183641366	65.92025748262134	153.47208786516924	-114.13249419056719	155.69006013206476	-7.334768461382609	-33.98572944330482	-11.99169147307164	-23.947462863211257
42.26444444444444	-87.05502021253848	270.725888126347	0.3581118572321852	-0.8262765269163056	-2.356356518703524	2.482208804252893	10.717017172740501	-14.715584714575472	-0.46698188528734086	10.495438797772364	-201.251099976128	-194.8948572435139	-23.927736786943782	-15.610823718250955	-23.559239611326788	-16.494416288809532	66.1580902820188	153.89272791457424	-113.6252700981863	155.9645846194124	-8.48541156954873	-33.672871512315965	-12.29419766912369	-23.167951078974937
42.304467592592594	-84.2692760433858	268.81095434862056	1.0648542205650053	-1.0470212739123816	-2.792400121713735	2.731762368945473	4.7863651153111135	-14.216590935515143	0.8463808554318095	10.452569779764126	-199.2016126620802	-196.13198328329787	-25.01162543789036	-14.956156606194043	-23.960704902758096	-16.596322269848542	66.34032869159282	154.20040305555813	-113.22377251849157	155.67400222912246	-16.17416455179348	-33.376060003525836	-18.31888849875098	-22.83310404791031
42.34449074074074	-82.76227618514135	267.461031887671	0.6570126728850744	-1.063584746352894	-2.866569817613621	3.405833686586213	-4.892385933403698	-13.518571592867609	0.3063109337415408	10.58339243262625	-194.99638463498275	-197.60660136722726	-23.822730459512115	-15.0906060560811	-23.164660636055686	-16.11598612437149	64.8732268173874	154.52149056917463	-113.0716169392167	155.3377159398187	-27.844377623451436	-33.08066976615521	-28.248491446670542	-22.51675474449145
42.38451388888889	-82.61917888763573	270.1075051676632	0.9509927482513403	-1.1851551512946272	-0.9485874321749358	3.245631085068344	-10.78398738943673	-12.281987537123864	-0.3123500062791247	10.899862569757586	-192.99744723610576	-198.8216306958871	-22.93734731305814	-18.9119684878726	-21.98704978846392	-16.593084773731277	63.15317473160939	155.14617386404313	-112.69208036989899	156.38745267898503	-34.68667647797464	-33.115283897376514	-34.28714215939277	-22.745974328888153
42.424537037037034	-82.77222114397507	275.26200327721483	2.605666372365754	-1.304699106461925	2.6684586777633115	1.2673959760384046	-11.120814210440118	-11.548655588134043	-0.12033919001141202	11.494230553971974	-194.1154065255002	-199.58383668812087	-22.764732747200227	-24.71594922149984	-20.183114192463023	-19.514429755357284	70.8770596365143	155.99157963731	-111.76740577566518	159.04731732393032	-34.95709659686662	-34.00936187874662	-34.604302393086726	-23.37225434091914
42.464560185185185	-82.13982211096562	276.5264230168453	4.2318550596860165	-1.1874419242143492	5.17594755557671	-0.2260450055382905	-10.51701946400585	-10.398140656706296	0.3046524282230832	10.728529190939353	-194.66854415220178	-199.86319842657736	-22.648340001268053	-26.42591017601181	-18.40988332771167	-22.43669369506972	97.37223765261253	156.6921145208657	-111.12222106505833	161.51407867195474	-33.86277190270894	-33.621864322579384	-33.5558972345346	-23.21608254628738
42.504583333333336	-79.33965556780039	274.20683646262256	4.803627141514877	-1.345923208849788	5.532492538123329	0.48347628868438863	-11.241049621045315	-4.522763747750552	0.3960262693445741	4.627920323432313	-191.367275082388	-198.6981337951512	-22.614828501850326	-23.670909318186517	-17.665016334252087	-22.63261029726469	131.50552934133918	156.99097222890646	-111.22945711431593	162.5888431777189	-33.952158978459295	-27.457460080455235	-33.454734090220356	-22.559880778915755
42.54460648148148	-74.72147917356482	272.89312464459977	4.578679146806605	-2.023293973751185	5.347106006386764	1.1749226841438265	-12.161792852673512	5.4676782113054685	0.31212514637312466	-4.864167446286068	-185.7160072073583	-196.51930599099705	-22.31620832145866	-20.675870336298473	-17.49643473201928	-22.049076997535792	142.01897028477555	156.98725221090564	-110.89483625654582	162.7239165487435	-34.52243731487076	-16.92439850986065	-33.90429908341426	-22.592537903061015
42.58462962962963	-71.15234958967861	272.7850854477114	3.9032849003779666	-1.549374373582223	5.634230884912352	0.5011071490602824	-12.353646846388575	12.81050115742977	0.6353292319309383	-10.349268950574753	-181.72274328830298	-195.53493807783957	-21.35545422698702	-19.08762901052617	-17.305707092076474	-22.72699739681582	115.627246048887	156.93174252043957	-109.62282760575208	162.62781693418583	-35.01716468877534	-9.354854984719111	-34.17807725733094	-23.02404658033238
42.624652777777776	-71.42960150095689	273.0989085700284	3.1520838590592724	0.9494784321871774	6.070682878934466	-0.07709095193275557	-12.299984749199831	13.00199152007251	1.5723821730174066	-9.267360211749175	-181.581464047253	-196.9767708229636	-20.301839129661886	-20.10060584092666	-17.14311282020077	-23.41070654407382	80.10313945221272	156.90026015635237	-108.60689371392657	162.57928632126954	-35.497009243656464	-9.378442459447044	-33.91365619161088	-22.27005709134687
42.66467592592593	-75.16315624933122	273.9809790941779	2.8158947310522255	3.2110045153488556	6.378492883816391	0.15710703935901146	-13.278956671203378	5.071418722417697	2.77859826815863	-3.0669138674984318	-184.37002575034086	-199.7130815555317	-19.65434914226671	-23.55015264750567	-16.863867838471606	-23.08475544419622	65.08087933916286	156.9127460760395	-108.36918490743746	162.49136184633844	-36.56786210826968	-17.908024705030655	-33.823550955203245	-20.0085659461042
42.70469907407407	-78.72345674344545	273.94553735353145	2.488159767682673	3.4182160603080716	6.674086152799207	0.5170870730770827	-16.049500254340618	-4.892285924010587	4.111823825439526	3.954281010874802	-187.85262513127446	-201.7012922387629	-18.77650839485051	-25.691656166990583	-16.289833453117552	-22.426179866424008	66.75529519039355	157.07551308186396	-108.58007834206272	162.2274162801665	-39.01983330053251	-28.431056899830466	-34.912288403185556	-18.13910012955418
42.74472222222222	-80.17402475568058	272.7252640231591	1.5109059367092688	2.1563608037197	6.0493746432426505	0.7338368513450138	-16.700229368216338	-4.708672180069499	4.611821517845757	4.376652636974712	-191.88724852284753	-201.6994326653931	-18.14187245419538	-24.55544024253402	-16.62236756362367	-21.93658646731835	69.47757066781013	157.34964749676706	-109.15242542047547	161.41441735150931	-39.363940898619106	-28.25528913029892	-34.74680656240673	-17.967531274680127
42.78474537037037	-81.34108122167726	272.59929637765157	0.28527248175704045	0.6116514138992949	2.561680240287786	1.2333745643195873	-7.861783957382268	5.436810175120631	1.989905832898388	-1.47115099434091	-196.7140798193542	-199.65183195315421	-20.226337993039735	-21.950655583992656	-19.94721215206181	-21.278704731428604	69.4432365534341	157.47405404532202	-109.76590646552752	159.30254708025416	-30.36823746751942	-17.657542497218756	-28.378126276355147	-18.51336358874829
42.82476851851852	-80.638917583179	274.48052046954865	-0.17511509642866754	-0.18223970294901132	-2.8251945833716667	1.5178212463079537	7.646627886038502	12.853952834615892	-2.9141657806008125	-5.600196879752332	-199.59894363924087	-196.8824936368714	-24.990620194817723	-20.594547852868317	-25.195734002576188	-20.852390721067223	69.01207150438067	157.35721298844587	-110.11418352696019	156.5230725522085	-14.72753955304276	-9.849946394181785	-17.641333345303792	-18.42458900992733
42.86479166666667	-73.03233708407143	276.57269408783714	0.6607745584176196	-0.23090345394902276	-6.101369639056604	0.08456036965724015	17.235589546839638	13.306064147451362	-5.816171578406658	-5.730253254861185	-197.91027869848415	-193.9082225397761	-29.03987485194145	-21.919841058962163	-28.35144302249084	-22.16622051118543	68.73364297952935	157.23569984532207	-110.47126518190429	154.989712095512	-5.020500814004933	-9.226486093524855	-10.83078121265899	-17.47061925631556
42.90481481481481	-62.68571636294205	277.34110879080714	2.242053832640466	-0.30045921670359277	-6.0771477598214405	-2.6408444819934553	17.86385650712318	12.099161020752346	-5.862527780103545	-5.087766873455457	-192.27208916028314	-190.00693630223333	-30.82033159932874	-24.678144744558438	-28.3961215776214	-24.96505046804731	68.04644745053601	157.22090174920748	-110.93351250888749	154.85455377921926	-4.443170172985987	-10.32485140691793	-10.310192289882082	-16.17687025787312
42.944837962962964	-60.739565823978275	277.3042146189308	3.826500384498242	-0.44105164755594534	-5.263654321133511	-4.463648535181769	16.482774278437727	12.056936673250581	-5.595079278760469	-5.01439748369565	-187.81987272504284	-188.13890844673386	-31.49690897061805	-26.509548025999194	-27.754073357542993	-26.949089765696925	66.98310106747023	157.08025808652786	-111.25427843643367	154.91489755024904	-5.969819293095114	-10.44376425792602	-11.602513631646147	-15.249954060976421
42.98486111111111	-67.83513532955956	277.41934573329087	5.315148328060823	-0.587491735486937	-5.609252981199153	-5.171981871618607	16.126952680860985	12.307274072091435	-5.833551053426373	-5.307200537819294	-189.8115043016602	-191.8402752461352	-32.0723014157747	-26.777444139229573	-27.848114944588787	-27.377641622288593	65.8751639406295	156.69281813781527	-111.45574294540462	154.79164084553776	-6.164048666099873	-10.38358002095731	-11.986878776358594	-15.039625407896168
43.02488425925926	-73.82329047159732	277.21348519154725	5.115766905234819	-0.8672116368704643	-6.0747293286175585	-5.8773057624864835	15.57548283608965	12.02894198453696	-5.953144473880419	-5.595359181533008	-195.33707193729185	-197.35811321437154	-32.6774848712997	-26.499478843168035	-27.54210883852042	-27.359849758155633	67.46603215165673	156.3053959124959	-111.60707237276357	154.56431492513894	-6.132942734004345	-10.408893440992216	-11.863172537391094	-15.25104713588101
43.06490740740741	-73.6067193419935	275.6474723629957	1.5875588379853498	-1.0633878620047983	-3.893156869122668	-6.115683267346493	14.286544850476679	11.462987064510445	-5.547146162435865	-5.226344679051725	-199.1112546242083	-199.68953967933317	-33.02441890011316	-26.530371250149557	-25.105295443980253	-27.526899870271336	69.05717286884327	156.06539353433584	-111.65650383133824	154.32638156373397	-6.72638627935379	-10.271635200272897	-11.910873307254448	-15.31085284247608
43.104930555555555	-71.48503782331908	273.5766367171875	-0.26533255409566525	-1.108345075218588	0.21254735554201037	-5.454206410523332	12.703923600338763	11.103865266315667	-4.671487118533621	-4.401777981944886	-201.39659130077837	-200.21307845172413	-33.557874707779575	-26.653758783619324	-21.87763671148369	-27.777562318812713	67.97660619060896	155.8105701746575	-111.66010303475174	154.1980343688217	-7.716003741474054	-10.05875107656307	-12.181440447009223	-14.889586396292671
43.144953703703706	-71.14202811643813	272.9020215537737	5.217063454653772	-1.0412786333849784	1.6901078417571664	-5.404359298422111	11.7349617679458	10.99189505763507	-3.774650957061065	-4.175449536310691	-202.2503638568869	-201.4614664311688	-35.16604301292294	-26.487085816764107	-20.918930443138336	-27.921126051590463	66.91710869656141	155.5400978599193	-111.65690992192673	154.23511088059502	-8.412404108162633	-9.871307768196175	-12.203702554656005	-14.38650393070985
43.18497685185185	-70.88574073944575	273.91392959409797	12.678732673912412	-0.6664910006330914	-0.34604587004776177	-6.915184141232561	11.547318948306838	10.945534540991137	-3.1003584426452373	-4.999440471492624	-199.69292125546593	-202.72403746954092	-36.64966141280007	-26.573996800515403	-21.78520921839835	-27.905504291311715	66.15986536773671	155.33965521923153	-111.62899038001139	154.52001896531527	-8.664484435881732	-9.624746018624776	-11.824863327450302	-14.532389126377069
43.225	-69.05715003644188	275.4868259308254	14.461702388458678	-0.13017459311866575	-2.3182278577765825	-8.505417347646318	11.312971015390847	10.687383799929295	-3.0482916912969316	-5.96388254690846	-194.722186924511	-202.75532284619038	-35.99736579147131	-27.30057506944354	-22.141006688765188	-27.832959166182206	65.90893105038154	155.0188618770655	-111.68724779833146	154.69590916560088	-8.789776830396477	-9.453727680347328	-11.837550150034403	-15.311784768003193
43.265023148148146	-68.31574032444708	275.27932866846805	11.45200416977448	0.06119918349539772	-2.742039094447828	-7.949660844413054	10.781767414721775	10.005182142355753	-3.7340161741463116	-6.103000477862493	-191.11720265069505	-201.62007699129765	-33.20121039241262	-27.908699038746022	-21.851632648800006	-27.766872263931916	65.94940082188228	154.5553037416595	-111.89867586367451	154.0100669368103	-8.871933659934157	-9.58015790693213	-12.552980622722657	-16.31612270993213
43.3050462962963	-72.39752866089897	272.13526115780144	7.279427486059347	-0.06208137274532291	-2.692177654282536	-5.207307997529067	10.239475408702393	9.098363214481463	-3.971902611923854	-5.879652629293281	-191.575344383468	-200.59821209738885	-29.16409039310291	-28.050273635788884	-21.723230973252683	-27.821894212737092	65.96338032969108	154.28713382253306	-112.05146356688131	152.60046002122527	-9.099812364604333	-9.94399992860808	-13.08496402440737	-17.31552692650601
43.34506944444444	-79.97481058550119	270.85669905379365	3.5993746770911526	0.032709107538413426	-1.910372560562256	-3.6114768058796853	9.779107059427199	8.963187678925225	-3.110926179396735	-6.181654568302493	-194.97389290581316	-200.4454152184901	-24.917526785443542	-28.47188289153368	-21.774736686568573	-28.256111373376214	65.90272275502103	154.37703776390927	-112.14932106240745	151.73181585798557	-9.678968437327597	-10.318063262596354	-13.054059248202137	-17.88433562242892
43.38509259259259	-86.31419179226775	276.05269134235425	0.9218345121968631	0.4260518998466154	0.49595081235918237	-4.541479122526903	9.553141554659307	11.046248699165774	-2.378899425047831	-7.260398228383307	-198.05337133357915	-199.50839118631848	-21.648410707826343	-29.404268210418934	-21.774713491068567	-28.88734276241094	65.90569853298614	154.63658638327416	-112.54360225094082	152.67938283445886	-10.251917875253383	-10.230602671875602	-13.0260806698749	-17.984513811337678
43.42511574074074	-89.28281907128826	282.4996738810203	-0.8815265096505734	0.6967604367564122	2.772496499717066	-5.339563457823286	9.518344404061766	14.129998632803103	-2.6416704050520874	-8.747971175847413	-199.23674702929998	-197.5949750431256	-19.991229295533856	-30.12515834609175	-21.716498348412273	-29.108788297230177	66.08120551271504	154.8033666783371	-113.12256229541121	155.18523203274106	-10.455796268459252	-9.54917768363498	-13.244117280189585	-18.21454664410092
43.46513888888889	-89.41328307654753	283.5142541427752	-1.340376771311029	0.6249933041626239	2.4514644376738164	-5.5753705829808275	9.43908284962641	14.752679924142114	-2.7661725854135955	-9.683864218019655	-199.27192141981254	-197.31933337571326	-20.39483402201131	-30.180540441567814	-21.832897703925084	-28.992113724693056	66.40671530247317	154.82762048261355	-113.42927857271992	157.05832330442007	-10.536645240965129	-9.187050854350105	-13.334944667629486	-18.769389309210737
43.50516203703704	-87.90515214403959	281.6311434265203	-0.23832181405335356	0.4156533238433507	0.6977729969174757	-6.109853602364092	9.794307260437067	13.244739880531775	-1.87725515309896	-9.637415516195729	-199.53044825552428	-198.2063583026317	-22.493688658028177	-29.78142596339066	-22.18719048662183	-29.048432694486337	66.78217234079806	154.8955450209854	-113.46466442583831	157.29489701831187	-10.37282756497008	-9.747663308735255	-12.794129161918661	-19.38572219396363
43.54518518518518	-85.5344087765381	280.43065595136153	1.3088811743880464	0.34935569559190854	-0.29527902890672486	-5.953069354186017	11.07923351952017	12.645809749027697	-1.079710265490708	-9.421000042269963	-199.34198527292915	-198.53187579978953	-24.285436784755035	-29.024836373834745	-22.313577912611095	-28.890908550098814	67.14726268973725	155.08381428889203	-113.43133571765127	156.81992049474962	-9.294954991750728	-10.2049909512087	-11.368788231783029	-19.700624434076133
43.585208333333334	-83.074515749057	278.61689091351366	1.9803216582549803	0.3151310996514769	-0.9653735523570804	-5.37838723372872	10.787508799632466	13.346626590860861	-0.992957218335088	-9.904311193102602	-197.38942027523728	-199.41486254154228	-24.232763501239134	-27.97039767040789	-22.36363479081716	-28.096587090565023	67.5001694826046	155.26313320694533	-113.19644230058465	156.2033785319469	-9.79855191318812	-9.356804989181043	-11.366020530277808	-19.40318562811005
43.62523148148148	-82.50349846823251	277.00381052172895	1.2403558589555426	-0.03384812389308078	-1.370531897169445	-5.14003741842415	4.732028298025189	12.682929813052743	-0.7770322552924915	-9.634354993000766	-195.82230692382853	-200.26443147136513	-23.148395177501556	-27.201815823391215	-22.946006289734527	-27.4791180419533	67.85603770987889	155.4936436602148	-112.62274403559839	156.5477064524375	-16.87456455070557	-9.674935783939432	-17.42233678536911	-19.341554688259137
43.66525462962963	-83.41037429374971	276.9975370210241	0.8972754980844134	-0.4743573978378952	-0.0391332773285548	-4.259155980879074	-5.1214705209824585	6.415158702892533	-0.2513518032802984	-5.065805808903746	-196.26112565019594	-199.52587011329496	-22.855770654335018	-26.51522268924394	-22.800543471825918	-26.988767128795885	68.23135479498119	156.0468456914566	-111.85878906100034	158.3946240500458	-28.174679189969666	-16.31508726011633	-27.902507530956754	-21.042017612341922
43.70527777777778	-82.82559099859792	275.7737859239442	2.7822056537687185	-0.6161082869205865	2.522644493375254	-1.803482754312866	-11.525120507923193	-4.395854241336821	0.2569141448761275	2.9961510562994205	-196.23820207362945	-198.63696120452494	-23.41967709895603	-24.425316505034374	-20.769692464060626	-24.98579292079856	68.60290516726651	156.8069157473878	-111.08575955913763	159.81764425507242	-34.931663635737294	-27.43694056717331	-34.40143129952817	-23.871060110678485
43.745300925925925	-81.17873501354529	272.4256626098592	4.834357945029652	-1.268877350249529	4.288490900722021	0.9623658512993835	-12.70454308687658	-11.995044363123593	0.8437240533321752	8.773370388952381	-194.6856281760833	-198.55221386206506	-23.258742442734956	-20.9906701894773	-18.546123078816322	-22.267109884087276	68.86954302643875	157.22414541155197	-110.68169444617901	159.77957177779365	-35.52112573886849	-34.74029383032301	-34.67018132455158	-25.62527796598239
43.785324074074076	-80.98760696972018	269.76297465496657	4.982573924428931	-3.2530072481301358	4.995310239901359	1.520874951549356	-12.504593473802727	-13.949474022732025	1.2818507364594987	10.507316709553294	-193.60482438892552	-198.6918438442242	-22.18828796830327	-18.436134665653327	-17.612344640986407	-21.782856111134393	68.95634022619883	157.13289596502497	-110.95878165365635	159.90819232223225	-35.091216685589615	-36.57518180203297	-33.864720677732905	-26.052442661609092
43.82534722222222	-82.05425374477215	268.7378201134006	4.360745736560985	-5.164067237875786	5.443616430976306	0.0643926560717503	-12.811492708065147	-12.46647391463857	1.330174202507628	9.647384156722095	-193.88236805174307	-199.42157123238366	-21.509663365157863	-18.088754811047906	-17.437308998625497	-23.22731548802281	68.92398139005752	156.941148680583	-111.22524820863627	161.10838227838042	-35.693980672825504	-35.36414663657989	-34.434529764624955	-25.772039031849474
43.86537037037037	-82.8875344117145	268.63704878186036	4.2239727657151915	-4.75291112529209	5.770266722412325	-0.7293199771440506	-13.118169613376942	-5.324893874370263	1.2903200995229147	4.606814204599921	-194.53631843804482	-200.91675351674508	-21.544910766558758	-19.622394186052347	-17.34102649397289	-23.859673583702886	68.88024041452915	156.91305212587895	-110.71653975398566	162.03218991674407	-36.23320648990503	-28.434305403300726	-34.91584999460744	-23.83629753116469
43.905393518518515	-83.59425917203741	269.60110758292075	4.448387842561758	-1.855101434028661	6.185390246495182	-0.07436126696341108	-13.705178679729594	6.144238521298779	1.465480111760431	-3.442851543379753	-194.73310011240085	-202.07946401356435	-21.439852717294414	-22.116568654289438	-16.944143574327683	-23.15708020571053	68.8711380764152	156.95253626630253	-110.03340024717725	161.76169575333813	-36.834718536868124	-16.982267346611522	-34.96628813902693	-20.431794679025003
43.94541666666667	-84.91347398184857	272.4650310404856	4.311187561181627	1.5073222109109474	6.939596781909473	0.6134182968496164	-15.74933499250847	13.36020502957442	2.273166464664318	-8.329190445803729	-194.7064611340689	-202.0987404969207	-20.438616453620497	-24.35371271226856	-16.118701091225574	-22.430283770397196	68.89549795968796	156.96467956053294	-109.9377321613601	161.02463453534398	-38.80698741089236	-9.698194561195578	-35.87331152039005	-18.020967386497574
43.98543981481482	-85.3961410235901	276.5421130570093	3.0605025263505015	3.216762858862872	6.571707669428123	0.4059944187302228	-16.135557831351736	13.55142158038654	2.9869721083573597	-8.380900824987735	-194.92812566903615	-201.68188243546172	-19.36542172786922	-25.60786649355741	-16.306139972546987	-22.344193662409225	68.93622125571765	156.9592035482621	-110.11594019927445	160.56020987024644	-39.01335691182187	-9.326955876251404	-35.62477741496929	-17.613720610529214
44.02546296296296	-82.96868653357905	279.40303788265555	0.954381034099591	2.758263361703028	2.9062200912451974	-0.4363699832388024	-7.567763174733649	11.881628740772733	1.2960116643622053	-7.250077394402224	-195.1323404131736	-200.47294196034755	-20.685029604675506	-26.028319661390114	-19.739860418194425	-22.855436285798106	68.9460311031862	156.96335131101858	-110.14671360297017	160.32445941118795	-30.213951474997373	-10.764473203226515	-28.898614268602245	-17.857128695449177
44.06548611111111	-79.36830239133656	282.45498888915364	-0.5909852494406757	1.437099567753107	-2.5289360140085755	-1.3137549776027277	7.642257795663759	11.697861862104292	-2.4797535005456885	-6.881035482223574	-195.20845465089656	-195.40741633178612	-24.517870284516675	-26.045178990403613	-25.149094401511533	-23.79287524396794	68.8339578355658	156.99225282071265	-110.0044478289261	160.185564987189	-14.977916903630003	-10.92220720971288	-17.52553734737414	-17.7059644878059
44.10550925925926	-78.05699192795036	289.53649457939736	-0.9240772696076115	0.681275032761801	-5.528238312009887	-1.9230199235110526	17.070869392743916	12.363324622389477	-4.969552483258775	-6.918816780430885	-195.7290808884062	-186.0695125284396	-27.497531500485266	-25.97881170660439	-28.395809875707954	-24.783448587204916	68.55011560680649	156.97882379085877	-109.64010714304847	160.14116146958088	-5.7966847445694185	-10.50423702061589	-10.774569575321948	-17.418065989507568
44.14553240740741	-78.63224699227123	298.8342227576583	-0.8286846958049808	0.5072433482657155	-5.417935354764942	-2.318505195284427	17.167432980358228	12.751994855395695	-5.038575655006407	-6.780517031013546	-196.26635981418224	-176.76858945993962	-28.053396337071433	-26.069125539115717	-28.6311277036898	-25.55550453587942	68.16527021091808	156.80443754767418	-109.2842576486289	159.88686508032157	-6.045755273304678	-10.461209333960994	-11.073236196832383	-17.264828128093328
44.18555555555555	-78.57590195496148	304.7986482887062	-0.8838740500964718	0.4622315414192164	-4.949483112450816	-2.5871280639174814	15.305415361963005	12.649406443421542	-4.882383612810885	-6.023571667183375	-195.91935513488573	-171.69781656525743	-27.789752786021268	-26.469331978616978	-28.467984792568615	-26.108614473556443	67.77710926039286	156.5092979019151	-109.25162978690734	159.29545635696434	-8.213089198196968	-10.86909456143745	-13.09321032630099	-16.899540306200677
44.225578703703704	-78.2798897503015	305.21735216812743	-1.1026528725012725	0.5251679086912144	-5.5930112326489105	-2.6585533224971982	15.987787470834732	12.239647944157207	-6.113665993697078	-4.882295551547762	-195.81778514632936	-171.87211403258362	-27.872819246234542	-27.028408558507962	-29.341982311625387	-26.40364002597694	67.40949480157566	156.2500341874249	-109.31135857347256	158.75323062688318	-7.7611845896391145	-11.509336106214363	-13.876589093631921	-16.351243079120806
44.265601851851855	-79.52409722458084	302.84126190090836	-1.6505877230803252	0.6382915669093493	-5.641000929214694	-2.631776434163985	15.662171674463961	11.709901415850679	-6.728276658688339	-3.9356179168151955	-197.6270918420813	-174.50125963653267	-28.065687772270067	-27.33528445587328	-29.55899203477331	-26.548970372409073	67.03834805895465	156.07713947554709	-109.22681198371744	158.23146724776	-8.25581801924983	-12.208116076586961	-14.98465583988802	-16.098827856319843
44.305625	-82.239407918955	301.16664282424597	-1.986690261776969	0.6628770578544885	-2.1665926399563222	-2.9204674798851626	8.400104233519741	11.363178107243067	-3.6034279691731586	-3.2031272442465757	-200.46595824293388	-176.0557198413851	-27.394740217244888	-27.105198139695048	-26.2685632433828	-27.023031894535535	66.6414992073493	155.89784104184764	-109.21321910760177	157.4956790693094	-15.701865310799107	-12.738715692227274	-19.305105690375	-16.142043249239023
44.34564814814815	-85.27731233937187	301.1925812570001	-0.9421355478018293	0.6298453397919598	3.685885427330423	-3.49853889073464	-3.3147532947186713	11.467106317089451	1.9670505864072387	-2.6287471757521237	-201.55782052329857	-175.7425496862063	-24.96488469892188	-26.71987388033095	-20.738631345729303	-27.923207499562494	66.2665799926447	155.5763081983186	-109.48627105055873	156.87320276555806	-27.739275619972716	-12.957220871240693	-25.77189655198714	-16.196550908390776
44.385671296296294	-86.58186271824901	303.13223959204265	1.1321410625339572	0.7199199637799892	6.748055203790362	-3.7654061801482466	-10.552589165946761	11.802768270148421	5.952253039963967	-2.520564255912979	-199.7508201066886	-174.24141727365713	-22.37738836777673	-27.23982156421968	-18.10004980378099	-28.6135098033011	66.03453208236164	155.1519962092193	-109.84847435674091	156.37701486438755	-35.400701618296296	-13.045702933484066	-29.44795202758054	-16.2380825559553
44.425694444444446	-84.12841701587675	305.6375386503102	2.8946512862214324	1.171993328875799	5.420213011662327	-3.633944959581619	-11.492669832222866	12.072179730059275	7.155576909675013	-2.8365713114319155	-197.01732773602436	-173.43312738819282	-22.851850635896852	-29.064025122122345	-19.806810192678455	-28.861150738235807	65.89603067947273	154.77285278669098	-109.9490319578838	155.81963911423367	-36.71966433032195	-13.156099393538057	-29.56515483755426	-16.328179127574387
44.46571759259259	-78.6972421079852	305.6909697842422	4.335242186415246	1.9070531776997057	2.8252904487267796	-3.654279074229578	-10.627819664309511	12.352319647981119	6.508180609311366	-3.0453653816515485	-195.0763165359554	-175.42821404632605	-26.512916315034218	-31.141778358198636	-22.709285225387134	-29.188436566198362	65.63564728936332	154.4653561074229	-109.81718450825595	155.54126869060408	-36.16234014370079	-13.180669195744542	-29.65769615585782	-16.404707507853615
44.50574074074074	-71.80088208072762	303.99097482911	6.862901386596942	2.4803927453670047	1.4293842368922616	-4.086470359943015	-10.23764964372578	12.526517699077106	5.3073210209523225	-2.993472417271345	-192.8839515757681	-178.47325451103916	-31.099317472254086	-32.467033711163296	-24.301632478039096	-29.816029862488975	65.47686627257691	154.26891887825985	-109.45234866688303	155.20070627213175	-35.96880915215927	-13.19654233889402	-30.65693321512012	-16.45682056928075
44.545763888888885	-62.78665086916604	304.08615080456474	11.691867748596874	3.0248285713691003	1.665032147698604	-4.676205267740237	-10.53289354057257	12.522547732643819	5.1496904301549105	-3.1972320955991895	-188.6678696517085	-179.37038418807896	-35.859323112972845	-33.452883507321374	-24.080369969299312	-30.423480095025155	66.0490367889766	154.25481170288344	-108.53680207929638	154.02999113323824	-36.27867646485386	-13.228656436816578	-31.10651788138327	-16.610369279608662
44.585787037037036	-51.17008140336456	306.0502242893215	17.580741450788526	3.906135029401292	2.903322788649876	-5.196789237560768	-11.21455158475992	12.72267674263028	5.9310857465067235	-3.902981425934922	-181.49045102221135	-178.6536430222755	-40.31595429160673	-34.7031601805037	-22.716722721120092	-30.826123222588706	67.35759419877661	154.38053779193052	-107.32876778705553	152.6435953969547	-36.8339319604744	-12.945962002104395	-30.919635874247746	-16.818713200150256
44.62581018518519	-38.2858977114251	307.77036097773885	21.261416068896846	4.3914767503625765	4.20565868360094	-5.563052354486525	-11.519819945277586	13.16016954981397	6.205111838882383	-4.384483006155376	-170.91780055430172	-177.7678521833808	-42.63535545675417	-35.53857690245165	-21.388220219649767	-31.150031561862136	68.70894371434306	154.4051660257332	-106.59657055886949	152.28676322729405	-37.1112078456995	-12.420816429605424	-31.04348997719049	-16.787718695419272
44.66583333333333	-26.34105957051311	309.56875661719823	21.545047322690927	4.1197163583981	5.441046845512465	-5.682812518486928	-11.627832584849344	13.514613848677458	6.135983949214612	-3.8684428876650356	-158.4011571417347	-176.14839911967744	-42.0611135478656	-35.71694912496348	-20.525362682471453	-31.59243314780082	69.69629193268487	154.0297841825441	-106.40551225955294	152.71389003547202	-37.59703428427174	-12.164645018736238	-31.422370588203535	-16.318573554657775
44.70585648148148	-17.493072403543234	313.49578850474757	20.211509215058033	4.409910133609516	6.85658137334222	-5.886050579826548	-12.420736259332234	13.78547059893193	6.799853969608269	-2.6479961767773235	-147.36260309355953	-173.32665708184095	-39.869009806334844	-36.8234574312859	-19.654300933322943	-32.4126914459185	70.33566487189485	153.49302167295767	-106.16352995197913	152.28711165958532	-38.94724804191682	-12.24237684886117	-31.334545666915233	-15.374321935715358
44.74587962962963	-11.986321973274453	320.963823292608	18.39842535491953	5.917821661229019	8.28831543782721	-6.476508424347281	-13.567843231195754	14.059777124437627	7.664943195410974	-1.4857534501027838	-138.8049724694062	-168.439593825465	-36.81843685895075	-39.40605219709957	-18.38826736130153	-33.488968685425675	71.08304690795761	153.34714712668736	-105.63211175659744	150.64789656975546	-40.23491198975745	-12.302067033764118	-31.231430279696212	-14.07939599651067
44.78590277777778	-8.059884931125582	332.58194831751763	15.935475678692896	7.009161202535037	9.564004281370847	-7.006391098148249	-14.078974497819118	14.241663550830593	7.696179115533215	-0.49468816843373253	-130.92133536592218	-158.48766544024062	-32.86152457471863	-41.06439403527544	-16.919734280092356	-34.05540437152328	72.6863213894646	153.5037614520685	-105.00321625476973	149.27085439692962	-40.46806390965665	-12.24065412605637	-31.959037178534075	-12.749329739962647
44.82592592592592	-4.471871153142423	350.0984101299115	13.608380428208779	5.6396091329443685	10.4830764406853	-7.177035595142045	-14.035879604476174	14.144739532081875	7.548343954076982	0.7260644350336866	-123.6694304271367	-139.37000206620786	-29.197601591550622	-39.45070291613989	-15.765629081726757	-33.81112210764279	74.30451454342622	153.60842018770842	-104.27594520335914	148.57269690324932	-40.299339590855766	-12.29623917850779	-32.71231072318804	-11.525290381066327
44.865949074074074	-1.3737652931916433	372.9783805990146	12.758634875124319	2.3447104720070326	10.910711397456335	-7.21932810424494	-13.963055699076973	13.537936088507678	8.725632388876415	2.2710997752935738	-119.21554206363813	-112.70317737659865	-27.84176709457428	-35.70432206757137	-15.196602302327591	-33.35982172100047	74.18811142939536	153.9041681845686	-103.03044493014805	147.36204500914226	-40.62525687412118	-12.564434214688305	-32.03701192141402	-10.284120926759641
44.905972222222225	0.6658630433446654	389.49017793994136	13.47971031413403	0.7185253071671261	11.149769188383209	-7.202892527642848	-13.930767464587499	12.631562715825826	11.20573740010919	3.693953893035414	-118.8261467427303	-94.21294100754285	-29.49200177259911	-33.81551789897142	-15.03920348371065	-33.09627546180931	73.44684229764299	154.6440337325009	-101.08426309326425	145.03951036387684	-41.05374917047965	-12.715325090846534	-29.864829556854858	-9.001490503812036
44.94599537037037	1.3741664332344061	388.47943086126946	14.597283797239372	3.0481756568371283	11.031283090567452	-7.297699921634761	-13.953290568084004	12.020948703769168	13.064202821761738	4.63621134239492	-120.83410819433458	-97.57948349195568	-32.20827570697695	-35.974927638015245	-15.148569628997677	-32.924975044926526	74.42011445886884	155.34612904730074	-99.2660819214667	142.67219977177442	-40.62123178632163	-12.627786582576107	-27.534610714467618	-8.000463580900004
44.98601851851852	1.2073566146523724	378.4937986629039	15.093670352505386	6.5935732903133495	10.075923052827356	-8.01626571419581	-13.848619958942901	11.350334910026758	13.19302221244817	5.61947358175398	-121.94205677991683	-111.93274629902457	-33.14941485661487	-39.73922770491882	-15.57535968280773	-33.149144914071016	76.0399997627422	155.4720245339352	-98.04909033335572	141.1943510860323	-39.30679465556908	-13.183414326420944	-26.109075636296936	-7.727946570830852
45.026041666666664	1.3884054886100903	371.2376861555127	15.076333429003682	8.205163573551378	9.186501622690924	-9.313437593542192	-12.836419549288065	9.870552663466905	12.919328400872235	6.960751898282455	-120.77572734763207	-121.05977692711379	-32.16413275764923	-42.49095807646714	-16.045064144513518	-34.297633654414	76.2958636869792	155.04605825772677	-96.24809485890235	139.62567337610247	-37.744989277797416	-15.106011082523281	-24.828847691008917	-8.17325587083728
45.066064814814816	2.3924461376012	365.65987090149883	15.079784763898276	8.966328470610755	9.35526603949151	-10.351319445934767	-10.46293498441216	8.053897691738454	13.442982105543246	7.758181747257634	-118.7289837500074	-125.14224715061933	-31.121429629569988	-44.86841526824553	-16.125940050700166	-35.88689557478459	76.38256842653382	154.36228643083007	-93.85054959651184	137.56544608712866	-35.93681975946829	-17.567001030143643	-22.495578231570178	-8.863120496652385
45.10608796296296	3.3338987365498816	362.85051358806294	15.160289737974779	10.273390963209913	9.691036530271148	-10.37337185329905	-7.632872253136358	6.1506867048537055	14.515326010280742	9.136058371847703	-117.44963786807547	-127.39455873149312	-30.783536599201994	-46.94115456012828	-16.113826560247077	-36.59265115031678	77.20054274855943	153.76798037594267	-93.17729294832431	136.28403663570316	-33.860658286594514	-19.945212144461095	-19.347150488359375	-8.89753436485897
45.14611111111111	3.9213465321561403	366.36760005012616	15.166417899862408	11.148976475222074	9.627730066692887	-9.151565052536524	-5.525918424076218	3.8175037297268237	16.30925473190056	15.001084506924684	-117.38166094275685	-126.50143684988426	-31.30300751906168	-46.93533271167409	-16.547014207149445	-35.84235418939359	76.39780087950251	153.3258949222531	-94.79427318318612	136.0029339516228	-32.22797680007436	-22.89492738716895	-15.915479681187733	-7.087037440919389
45.18613425925926	5.069485984932649	371.82133737297664	15.161175855189882	10.935506534060636	10.479308315360775	-6.63958036680327	-4.0094014772769455	2.0609487479082658	18.701077649780608	24.698468358877236	-118.05881179813296	-122.43378825863887	-33.12829778717875	-44.448619755445264	-16.802313755606136	-33.972366455901096	78.54428164637743	152.67064483169196	-94.79503419046951	135.5783455142105	-31.341544702121155	-26.073272221088644	-12.625619533508015	-3.877877131222988
45.226157407407406	6.819773047889715	375.3250980156362	15.220820146961382	10.572708603879763	12.62270196413128	-2.291783269686317	-2.235510550128311	1.7376060942178104	20.25769018794502	30.94674341636818	-118.40401834354914	-116.79177086221996	-35.22379138393016	-41.42955820785376	-15.72413330724639	-30.728258507850626	101.13825457600683	151.5608998726163	-84.14837978965996	134.27761326098857	-30.669996407059273	-28.02685928570591	-10.423500730895242	-1.5585784404637053
45.26618055555556	7.791583103822512	377.95301065092656	15.28270964784724	11.05740098192975	14.15845448443188	3.9115665638950303	-0.0143819961593415	2.415670217235257	20.85966051291185	29.79571832176531	-117.88575577541151	-111.89834441812799	-35.6773388783119	-39.76737616700295	-14.159819624835706	-25.99324614041994	149.99016636677453	150.09437662396877	-55.347409680521125	132.51767326593017	-29.919188339877905	-28.294800436817866	-9.150773585055006	-0.9678124497813343
45.3062037037037	8.054597442381466	378.5602701341545	15.360947685172528	11.875236557207716	13.986339159091012	9.377156304395658	2.33151246222277	4.09977076459659	21.542623130540605	25.19817444823166	-116.74959148440605	-109.69623143068479	-34.80418892928796	-38.36886587276068	-14.641077392218833	-22.016328678971576	201.11189214495295	148.60689133825105	-17.0611664064767	131.2980655941282	-29.062314728811046	-27.3316372059476	-7.4939928840493195	-1.1802338884890133
45.34622685185185	9.908644241398347	375.1908126184709	15.568272385195721	11.743580032952025	13.196310915866553	11.194496860353603	4.723233600245771	6.472580957393859	21.470168880722536	21.812094958412587	-114.54354300580097	-110.39455955665305	-34.452187246113255	-35.608076220003696	-17.290283168943247	-21.147780733717042	228.71535604608448	147.65803044138588	10.82905293129847	130.92143266977368	-27.618900855981238	-25.733347065241432	-5.608847746894369	-1.8668850141097835
45.38625	14.4888053862935	372.1269412771949	15.301419428253393	10.904508865124452	12.733816881437248	10.375922949550544	7.076707327076723	8.018418336915945	19.812778107971383	20.486767470130623	-110.28018336560847	-111.01913782681363	-34.768988743403426	-33.1285449630991	-19.727895268328055	-22.11789135492242	233.31412598257202	147.50630116025678	21.076054452652848	130.43130654690077	-25.416968310869592	-24.45865641704806	-4.715147807287536	-2.851326466660481
45.42627314814815	20.613958070611712	374.83114870188865	13.542526163389487	10.881559717309175	12.473779879134105	10.1418017785436	9.072654585075885	7.828636214121531	18.078153157403165	20.495924063168903	-103.81552898866495	-107.77449930306393	-34.42948706371428	-32.600851048910414	-21.181079254555314	-22.189707674739694	231.02661199237286	147.66769907170348	22.410714972782856	129.2887538076671	-23.25982189796943	-24.525911881202504	-4.6417832682952564	-3.3408619826338395
45.4662962962963	27.03583894919275	379.27698604314463	11.35678290630326	11.670264400204866	12.263209810123996	11.590655428566771	10.749284063293212	7.038674764835417	17.174824212058486	21.336435001824658	-96.38656300600447	-103.43270997321015	-33.42240200536523	-32.71149639168436	-22.042355109171865	-20.968144103970317	230.8057003500175	147.43988946778427	23.162340948715162	128.6396983514955	-21.810417496249954	-25.525943796215685	-4.609902469975864	-3.125968817179384
45.50631944444444	32.62117563418068	379.0286325154607	10.76731662483749	12.194533739787435	12.100364654439817	13.406007192073064	12.298437389180696	7.39508371780885	16.07226771470135	22.325220034926406	-90.27585248325282	-103.14626963444722	-32.89702811274361	-32.17310742892532	-22.077247350604637	-19.783111777781613	230.83505793325543	146.81472365712716	25.078289150415337	129.52995683060658	-20.885404488465213	-25.78668887226617	-4.9043927041656445	-2.860473713617182
45.546342592592595	35.56188249519849	377.42033561101834	11.00601336583227	12.696073148130708	11.55336977202307	14.084661330151508	13.418531738737737	8.582189113950362	14.189226080301804	22.781917742747705	-87.42767336401248	-104.0117748022739	-32.989555566575504	-31.435544147095484	-21.98371222376261	-19.42171691458057	230.3096044732057	146.50289893690857	27.832419268628918	131.32067668781144	-20.080416464507323	-24.91386615631889	-5.902341963294475	-2.819532649682529
45.58636574074074	35.614269081194166	379.43672522299795	10.527531059929691	13.55685248778644	10.370522178170491	13.820121338021366	13.896992538340335	9.283962122853719	12.156425308669979	22.71637905698153	-87.62990829661412	-101.55677170367066	-33.244177280191195	-31.011681102680896	-22.725757590123834	-19.426133687691234	232.114518903317	146.73546657807236	30.73434998199106	132.67859089673934	-19.37669170937825	-23.981078983628194	-7.205341563250201	-2.401715807170035
45.62638888888889	34.96579689646605	382.57371454029817	10.129543503861072	13.984806606518339	9.492505996727191	14.056703169395668	14.03308955057463	10.000420085105302	10.55848180587889	22.517116642019115	-88.72918746449913	-98.28937678156531	-33.69498601542085	-30.848889031238414	-23.565994743460124	-18.95948853609258	235.43184016485486	146.9222332463369	33.027429002003466	133.5482070118794	-19.037864227004334	-23.077614309577186	-8.476356133531425	-0.9604908879987306
45.666412037037034	35.11741288923117	383.5448254233426	10.743576062930751	13.714454808115498	9.571429333513104	15.10228587774978	14.047248370786589	10.928532237959748	9.35018027280529	23.029607684564088	-89.2682797187497	-97.41899849043325	-34.3856938797622	-30.851125515709924	-23.64027511625237	-18.161528009772724	236.75059319736266	146.81584654964553	35.69570918947903	134.56884976859868	-19.08094992686047	-22.25568950848664	-9.733128249749882	0.9883261208982219
45.706435185185185	35.62598025397582	383.55254853868666	11.307816975366313	13.485004149958735	9.401852521025889	15.637881042167132	13.971134443331069	9.07696078778886	8.134073563715425	24.679628723869044	-89.35118234532048	-97.39229600466099	-34.977153552692954	-30.979334225630296	-23.66949005209115	-17.819132859630173	235.86871761134762	146.93387179855594	40.30610419900016	134.9273338492451	-19.11060586181509	-23.988895553109643	-10.977250907338359	0.8353605299558211
45.74645833333334	35.9039460106001	384.87256404408424	10.707175005632493	13.194600558454594	7.9316498263607	14.646117925788339	13.88204737711188	3.006533217141403	6.408487280963857	25.297973317894805	-89.20836363232515	-95.5188571378185	-35.112298411182934	-31.059578220038006	-24.40742134051287	-18.012184370810402	234.67060328343234	147.65684573099935	45.966401695128646	134.2397899247236	-18.792089638568257	-29.33570147950681	-12.383220970692179	-4.064959982005803
45.78648148148148	35.9339826627798	387.1315139681736	9.808631187197628	12.263299455002995	6.2912626756554735	13.068802607223862	13.780901285132868	-3.280916983062791	4.2494537227874	23.74517412315222	-89.1008262939706	-92.51305012099594	-35.034856598434246	-30.71197974269488	-25.224980107931202	-18.268562433228425	234.28533783243228	148.48347919618976	50.03980412667228	134.54685128106698	-18.280823984679216	-34.79837537181854	-14.031074193326788	-11.079200482043333
45.82650462962963	35.91945360094249	388.62924287013124	9.588340841038367	11.199043259415266	5.746615267900464	12.541578350058515	13.701824427972987	-6.193835564857561	2.411993506028425	23.12466693588027	-89.16681017095358	-90.6480281690413	-35.08634920167326	-29.86127482799961	-25.485517153450317	-18.35407700809185	235.06236083608735	148.76728510258542	51.680257005057655	136.84081130839843	-17.859369154886807	-37.43233269646021	-15.447516793473937	-14.299327028755684
45.866527777777776	36.027899737643715	389.9960433893902	9.272637573740097	10.682420575241004	5.550478593257923	12.889677355240973	13.943883238775163	-6.739190986528019	0.7759946943834478	23.82423812035475	-88.93051379792381	-88.9576266693616	-34.95817385716205	-29.034568472906543	-25.68775440999491	-18.26854030837802	235.85150294506815	148.75588631762125	52.28885159165717	139.35143935093083	-17.31007597188149	-37.98038405965926	-16.535018874068967	-14.154231082422783
45.90655092592593	35.9232007781612	392.75451477679076	8.27474184804738	10.621261452009149	4.675827568522067	12.968702416024641	14.68090148287919	-6.979127808735053	-1.5371031587602064	22.194591810600212	-88.60599053155538	-85.56989986826984	-34.528593876944754	-28.65570316963189	-26.326988090571092	-18.08145068054634	235.3829757279521	149.0016807852915	53.067321140341505	140.85641263142628	-16.271097570941606	-37.94268098159003	-17.808056238385916	-15.782940394145285
45.94657407407407	35.31505250671798	395.53659602598987	7.418425993009808	10.5305339840149	3.5725234693407573	12.536682931021854	15.403152151604173	-7.315194782081011	-3.734378106506648	18.49326902506336	-89.07915918946544	-82.71533904148386	-34.39534594349384	-28.52477429560237	-26.995200234984082	-18.012134755156296	234.8851708703407	149.46979675036238	54.131276957758885	141.74883715778424	-15.1584055459237	-37.84748201218338	-18.88745246704339	-19.352968458406266
45.98659722222222	34.62036955892782	396.33439436183727	7.0511836499596345	9.711584738985795	2.823671052460244	11.708895082747349	15.383867999229516	-7.382940267940846	-4.279224173506988	15.701861642549035	-90.13709162642648	-82.64879712367427	-34.76140795105351	-28.130252135015112	-27.294155547855908	-18.411888511502994	235.8863301797183	149.87160821689017	55.147798876995495	142.4412210733515	-14.714580531408885	-37.71372745956185	-18.992332169678605	-21.809516406753374
46.02662037037037	34.16327595969966	397.20352470842073	6.504816775578319	8.077538186554909	2.1179153140739233	10.543098363450087	14.765320558904321	-7.297608588847654	-3.7548615828741934	14.279171430838595	-90.70218997523322	-79.80305348318849	-34.860575973049336	-27.34033933109751	-27.465737959696042	-19.259171250313443	237.31122138387622	150.19406817519408	56.022137310875436	143.211652411435	-14.804480541135476	-37.47212868505673	-18.58958255818628	-22.824233374316947
46.06664351851852	33.78190449224991	401.23351891728197	5.810125667651455	6.717574398637103	1.4538135050077488	9.630052045211785	14.378025845320627	-7.562886691512911	-3.517513453907384	13.861917946548306	-90.49731878266472	-68.7152945972892	-34.25426093627445	-26.58047690898104	-27.672596107685024	-19.863704142466005	237.60506276569367	150.5075404312641	56.98364871025917	144.19215480503328	-14.870445500060896	-37.238398044050385	-18.44895653143824	-23.193419311876724
46.10666666666667	33.29973944872498	405.92736590166584	5.674576017872439	6.388452323001566	1.2809576798382227	9.45813936293802	14.344573731491176	-8.173588718270064	-3.650257997114761	14.361602654635504	-90.28930687266298	-59.2056220463319	-33.606736673071055	-26.123445592879577	-27.69057673251737	-19.73588746480091	237.43448070657172	150.80617399883988	57.9343447686451	145.01256280386366	-14.869968972702537	-37.11244786428941	-18.54632500172785	-23.005804775247285
46.14668981481481	32.69644585412102	407.6383417867517	6.139548313732828	6.591154165063421	1.4318552290787852	9.585762133865133	14.073685566312406	-8.680937141612379	-3.7681785356088096	14.929943244277593	-90.57676292061016	-61.4657069718199	-33.42544073441833	-25.789177656122703	-27.343853950231292	-19.19862377174975	238.32273475074544	151.21371066087133	58.614583108863904	145.58336515347085	-14.863166825962438	-37.003176378723836	-18.589180546674115	-22.53721974990988
46.186712962962964	32.25572991905335	410.08328728059803	6.530703585481032	6.7359152596421525	1.3869273873638581	9.537697378892027	13.616236514960795	-9.003039547577394	-3.749236625323488	15.077850602328938	-91.06733288026196	-64.94751175083336	-33.28549019001511	-25.351489307154864	-26.80073473156901	-18.614540221307337	240.10321210590644	151.84991603082096	59.21658811055816	146.25412404386736	-14.583181272688577	-36.87849070457891	-18.398478414524348	-22.07541599054467
46.22673611111111	32.22945473914061	417.5774978978985	6.5171276516426815	7.003613381968957	1.133975008463618	9.551053659850814	13.459452102950145	-9.226261749910375	-3.6661064007744346	14.792737404951612	-91.49097135991052	-58.4453139072254	-32.82204856322157	-24.896004913337293	-26.29830361425026	-17.88791835038961	241.40346432579668	152.572330028164	59.76187071982644	146.97074288598452	-13.945889795093706	-36.60587603211283	-17.94648577204906	-21.86165217894596
46.26675925925926	32.06019828791896	424.76664702098515	6.91885442473283	7.638722881404081	1.4826588450440077	9.843715739582734	13.594182646475643	-9.055893901856626	-3.661667267776813	13.806171932271972	-91.81734384144467	-50.059490114727495	-32.336901368633804	-24.681672456715418	-25.40963226520296	-17.04632052636164	241.74315356357772	153.10154372690096	59.87972037867973	147.72702659801425	-13.294096553818804	-36.01133532408653	-17.21978892850106	-22.147524401927825
46.306782407407404	31.45045876341276	425.3121615293131	8.615479664638702	8.158669265253776	3.014533669351438	10.044605892565942	13.881178047463914	-8.571074805222352	-3.7373441873065336	12.512890372706776	-91.7902873170422	-49.13140647440481	-32.188913806266896	-24.607455189021266	-23.57395631120052	-16.476194112745006	241.79773836492245	153.41015580741606	59.69863251827159	148.8933937425641	-12.71166366903799	-35.407016488276724	-16.28137574125472	-22.6450893769196
46.346805555555555	30.789322501175214	421.93217520836015	11.286422239998052	8.072114917600299	5.00194896307312	9.866590854308948	14.299170613777706	-8.644815709455393	-3.818504515108933	12.11415034376657	-91.60541280660674	-52.4022723571981	-32.45005590145762	-24.398747096361888	-21.16512390062678	-16.31891586307998	242.16457004493407	153.83396832684028	59.613870841305825	150.32923230892214	-11.86891760915833	-35.20824080862853	-15.388494224882862	-22.699235442178292
46.386828703703706	28.582045670537173	418.94556369652526	14.3172407686364	7.696432446267599	6.778415513518539	9.680697973623806	14.582850945665346	-9.533336978289615	-3.800062696482559	13.190060362209989	-93.47643173382953	-55.02214623670366	-33.02446230427314	-24.071082965384747	-18.707241162200006	-16.212500356754532	242.783086198607	154.51529615863979	59.65233944045863	151.52687688980603	-10.902132710539775	-35.279184572405526	-14.627663215695094	-21.84610102797619
46.42685185185185	23.613602357513997	415.8002872417711	17.2632060218229	7.605624263291993	8.702649945275592	9.786082635661979	14.368725966366155	-10.441741789243487	-3.377151640931827	14.787613313949777	-100.010790149989	-57.919902473280885	-33.415104801380124	-23.612581245476207	-16.15164311173187	-15.73993856535624	243.42679051661474	155.14542413270357	59.93436261483215	152.3007675085904	-10.485327496265185	-35.302256884119046	-13.908584579407986	-20.50172375995912
46.466875	19.288659222604004	410.4927366984291	18.99694392807159	7.767112206489297	10.661295794626465	9.72772184177196	13.788375517033701	-10.961257936523754	-2.499697431450841	15.4887079426587	-108.27724756984996	-63.331537773097224	-32.74479199986443	-23.018479403153577	-13.747825862397065	-15.08928798657901	244.0681269344309	155.5868950055131	60.6090263405662	152.6812520291921	-10.620820676189894	-35.22553502929311	-13.136772618454188	-19.777648162476567
46.506898148148146	18.264201504671895	402.5622601277076	18.35629495541717	7.352152215041875	11.497405081775044	8.682737475751223	13.423137655059518	-11.320170596609799	-1.8592284062557134	15.60208868721067	-110.33603116235479	-69.74384429279631	-30.69848092337685	-22.535997825679217	-12.342228443420822	-15.17628168003219	244.90689225084918	156.1595058293869	61.3226738523633	152.86410198083132	-10.416618625165626	-35.14941438142026	-12.26898295582896	-19.552946454639482
46.5469212962963	18.91259260025692	394.81971532072527	15.511952407902998	5.810739891875383	10.61190304347698	6.562093518618529	13.322149445720592	-11.541114637424817	-1.8554659423506892	16.715784558141213	-103.78738642647208	-72.54959209813653	-27.909362283068873	-22.16189024128755	-12.397416833869713	-16.378280023096224	245.9890891507182	157.01305518335852	61.80609535200762	153.19631341239216	-9.687337773202898	-35.157225665918375	-11.539443316528178	-18.435885744831992
46.58694444444444	22.200007494236836	393.7090707036239	11.414403545165397	4.199534852707118	8.814472171102006	4.614518299139521	12.917351576481945	-11.54522158142462	-2.0321599212388946	18.55525478482184	-92.89285664671705	-70.23648029243633	-24.863993113031967	-21.8382979434365	-13.449582752219598	-17.64111587686574	246.77288940093024	157.75059408478748	62.24999184409572	153.7300081412211	-9.346327434935404	-34.98193128295118	-11.380017954994727	-16.42351699619985
46.62696759259259	31.70523385872576	401.33155723167204	7.046769844698183	3.7391058050513877	7.3154528596920985	3.7929737979697355	12.178553621542918	-11.475646747021752	-2.0656688565986308	19.486286791155496	-79.07652622974827	-65.69000611879672	-21.585456200354955	-21.814851895395392	-14.538684655269165	-18.07243985465493	246.90934283458262	158.0224944854802	62.59702109380957	154.13607291445976	-9.674378640349033	-34.24856466106256	-11.741286767472019	-14.756020465985259
46.666990740740744	45.10975237256271	409.25646045393347	3.6537168932342765	3.8213976909547105	6.833206394570481	3.5057048832758984	11.987311602406736	-11.469308233403897	-1.5194358509898258	19.88529398042351	-63.29223889430308	-62.516356331294546	-18.508870104468187	-22.000969643844627	-14.855154260660726	-18.184939258324846	246.64064467198853	157.99806292176697	62.548363717308376	154.2436400475422	-9.702662448704643	-33.37399157807886	-11.218717472651747	-13.496123313819936
46.70701388888889	56.55445561973786	409.92382728272156	1.6394109591836394	3.648592677700111	7.125465131034546	3.2231731811695346	12.984003720033387	-11.504302986737093	0.11452399069054464	20.85744267627219	-49.76741864459137	-63.02876490072636	-16.229275367884966	-22.142397617583484	-14.589864767186555	-18.490375439314207	246.34922369294713	157.96969701915572	62.31577729250178	154.22059369286086	-8.739009531923429	-33.085932099205635	-8.619484552745874	-12.273723815870653
46.74703703703704	67.29584187728976	405.4131710958851	0.3758454957219052	3.565043691031016	6.265232109783722	3.1586914255763334	12.337740931684749	-11.426512049675368	1.8319711197913724	21.65028353967844	-38.75871838223081	-67.01693523906259	-15.99795678177263	-22.331092959066638	-15.622111133714014	-18.728122413913454	246.42373612654427	157.987303239926	62.30873057762997	154.227145931559	-9.543539175471494	-33.2876061299427	-7.728440238094194	-11.615429988018334
46.78706018518518	80.5061136098779	398.38656075318937	-0.07329092742105198	3.671664776729416	2.24423761438552	3.184213212745751	4.9364567166142175	-11.132212346728931	1.9396704642983378	21.7905955732469	-29.44841418578787	-74.0102029497777	-19.731580411448817	-22.529257680142834	-19.804871337206478	-18.865184925252834	246.61977361347135	157.96527591937758	62.44449583876733	154.25130878760746	-17.065530931558897	-33.451380002649216	-15.161377546826017	-11.388396948331973
46.827083333333334	90.24764255001816	392.2835866145069	0.20974012292690622	3.5922287203873653	-2.9385053931496263	3.008453149861818	-6.596106749338953	-10.858441667819756	0.3306342610246811	22.666756346359527	-25.00973334330972	-80.23320826507596	-25.33223388442522	-22.543633806792883	-25.12249380462825	-19.17568162924006	246.41057304093857	157.83852619635036	62.55137409075822	154.18657073155796	-28.79512774783757	-33.46080709052876	-28.381909989666525	-10.395346425816413
46.86710648148148	90.64862951902685	391.9089795325863	0.3064780468930758	3.307220114204436	-4.909721105525198	2.8269716976448267	-12.966713591969638	-10.770531245024674	-1.4289540678147028	24.61444907183383	-25.50077698069029	-80.5834535469789	-27.588823373612826	-22.4715511926252	-27.282344923573135	-19.545506626891893	246.08401234573563	157.62539141418756	62.6343481983358	154.0627212141532	-35.61886975441132	-33.4886167168643	-36.80684358197965	-8.61690050286714
46.90712962962963	86.95091586764376	385.60289503374327	0.8383820077496666	3.1118281004785118	-3.0913340183075926	2.919742707874659	-12.663762725773044	-10.63728330406373	-1.8689601390520465	25.88974268143364	-27.26558196824854	-87.04853986641426	-26.590187214759382	-22.645259983513128	-25.751804898019685	-19.740451267053786	245.82981862399845	157.33599939945802	62.3934547767877	154.10565084300083	-35.75777866897104	-33.57558481821775	-37.601173570092655	-7.381080155159708
46.94715277777778	86.76771107318099	358.3268729653434	2.9893938167831737	3.223959303239628	-0.05609353539357946	3.0564802804949576	-11.318991185283933	-10.520537621177743	-1.2656552842569522	25.83913065238116	-27.891204722157738	-114.9917840281146	-26.100782471608753	-23.321793605489248	-23.111390942345167	-19.999335586660365	245.34825934348692	156.95172544432597	61.60462096156753	154.34122682581466	-34.57422330078241	-33.641183658679836	-36.221463152509756	-7.206234204543051
46.987175925925925	88.99714008753185	323.2892867362763	5.128391493758464	3.5801156572356287	2.4211570826615496	2.655696106899587	-11.020322146321393	-10.573693717213928	-0.7843912348283126	25.58008059871913	-27.026894387568376	-151.02711892625592	-26.094124078912003	-24.317737361230925	-20.96573533881258	-20.732897990077078	245.2338000832791	156.61429210804604	60.86138783815792	154.55916354229782	-34.439155126245694	-33.6542225110652	-35.64510567896586	-7.507648047444675
47.027199074074076	88.6018182763512	306.633489106275	5.3915198875700305	3.900044941821581	3.989608410996311	1.592304235939158	-10.64193345593665	-10.44391699558527	-0.7809267177421522	25.581060863019484	-26.533588529784453	-168.52716776070906	-24.89782454057371	-25.160295770635912	-19.50629255422656	-21.901344347661862	245.99821805186224	156.46277327501286	60.76281813081139	154.31792962255582	-34.49716122492785	-33.60669335123133	-35.60749745498882	-7.8292544985258985
47.06722222222222	85.44885535786847	314.85490727089297	5.049523563937795	3.9776223814461433	5.288138913565981	0.6195447139352556	-9.975210362063931	-9.966695864362507	-1.0272394172504549	25.12973817573987	-27.99575872640642	-161.08012206570152	-23.41052410835853	-25.93460279433357	-18.36097942237963	-23.018772903690078	246.20271186204843	156.33014069790153	60.89072722603471	153.0816179548262	-34.2860257000866	-33.550654275304865	-35.68229480249248	-8.458915716718508
47.10724537037037	82.64593471092368	331.8363985875627	5.338928964802777	4.022612685902957	6.733112988141378	0.5026506753866199	-9.364397348045133	-9.494078563939086	-1.2206236714842722	24.015441428808924	-30.19154403282154	-145.2691174541589	-22.839118126717693	-27.1049989041135	-17.500250276411577	-23.739155699463254	244.87045167120817	155.99778335140797	60.60315196683223	151.4702072952594	-34.01159908204515	-33.77406687468459	-35.480204558590756	-9.79524249079877
47.147268518518516	81.13323361189714	339.5721787612263	5.5891956095500905	4.346227760832946	7.542717201727441	0.6153335125452906	-9.203658455803037	-9.835643229126768	-1.1512181882111763	23.22278054020658	-31.57974995697475	-138.80993170673338	-22.729379458096957	-28.38289859719802	-17.14033235222061	-24.133916215865867	243.62793922824585	155.5351888533149	60.11614807702395	151.74080786002867	-33.905446967597584	-34.54146573213362	-35.079162585487666	-11.314964875005202
47.18729166666667	79.00435346357634	335.1522321862804	5.70810771625146	4.441722836946061	6.724187198657	-0.7403875891631679	-10.52938837097964	-11.849966431071666	-0.6088138905429223	22.753097229555344	-33.38231487544908	-143.7527541340499	-22.60556104489244	-28.90863116289613	-16.89716247602226	-24.341050181667867	243.7084802101785	155.13191451954674	59.98671641961931	155.4719434818685	-34.07150898586147	-35.50348205346975	-34.63848121040216	-12.744212241498232
47.22731481481482	75.46115511752595	334.3988141802865	6.256630887207748	3.455159416760186	4.908385595386774	-3.6924754222647818	-13.388831243895915	-14.838370090250974	0.7456433260516245	20.587878393377572	-36.664603486890556	-143.95029730048003	-22.529855103641992	-28.34637419929733	-16.272239366631453	-24.480573766791736	244.2536560571287	154.78612730933986	60.17766439630148	160.46626973493267	-34.568415619759534	-35.98694047064981	-33.816789926786214	-15.398617292485724
47.26733796296296	72.47598730857639	359.9773162737669	6.984325862888402	1.7045867118176585	3.961365438894512	-6.047136151952942	-15.772846188438402	-16.923519163662274	2.358303959458166	16.515825595567975	-39.55553841076049	-117.14494624185234	-22.35907731226112	-27.099935336697285	-15.376016983593487	-24.74760860288451	244.49800114695267	154.44436848320908	60.292268253326995	163.04586305227565	-35.18061990613073	-36.01663677537239	-32.83364747315483	-19.499145614716056
47.30736111111111	70.29399717473231	404.64077126726056	7.147718347436572	0.17899482802685585	4.299434017912121	-6.4009414165367895	-16.337589543766303	-17.12120348432996	2.976214121069959	13.744160538674446	-41.678843084490495	-71.02475066507374	-21.953509424467143	-25.67180975790376	-14.81203935552253	-25.115098897015784	244.55346901405846	154.26845187467222	60.306365551771584	163.08501115866125	-35.43214548798923	-36.29610742560931	-32.45406234634588	-22.554414084138372
47.34738425925926	68.3041751470355	433.9356094386172	6.3945623723720555	-0.6879739221449207	4.630345383403154	-5.609876188709618	-15.980624590337733	-16.008587183093738	2.904598136565915	13.69850702058985	-43.68943323798719	-40.34849509657242	-21.434077414706763	-24.416199286032366	-15.034846253783996	-25.186147215101926	244.55776374827337	154.2951831346549	60.57243018273484	162.38835528135655	-35.29371219714166	-37.12290075730476	-32.359038114598604	-23.441571626638392
47.38740740740741	69.35924858058573	440.1729606452152	5.334338205835312	-0.7654726083932407	4.1510151369544115	-4.7818426504133	-15.886997206412563	-15.534986394233586	3.7078905178538855	13.604666366725196	-42.50967384753962	-33.35855011268859	-21.03977077065555	-23.749035761231198	-15.667224920446401	-24.551117952071934	244.5348447351771	154.21772308962088	61.096074169638804	161.4735610545846	-35.19469283008222	-37.89310164218202	-31.49462000519287	-24.281838491183393
47.42743055555555	72.81934674770405	441.06145946471105	4.982008793977552	-0.3382722230967473	3.3817536819081346	-4.042744713155089	-15.983199373213486	-16.7044114472696	5.573516910025751	11.663496055369736	-38.63613528756805	-32.39198033001283	-20.9285477863813	-23.585552788932105	-15.95729527455724	-23.319736440103142	244.50656637133312	153.97053535810937	61.45970290622846	160.639286800752	-35.21202802789068	-38.03776943572829	-29.810611694077735	-26.27080536104468
47.467453703703704	66.68441510770946	441.44525585957473	5.351385615706254	-0.13896885061735775	3.153957142402632	-3.1135091613404806	-15.795465949760581	-18.071471447196398	7.474579423559945	9.825537229287391	-44.52375360828549	-31.517666513595927	-20.960751498141178	-22.969235126577857	-15.835409356412285	-22.08861472993523	244.48045745606743	153.91424010625184	61.76265169570296	160.36163866459924	-35.107749841698435	-37.89489848085171	-27.91640367425275	-27.905498391062892
47.50747685185185	43.682711641291945	438.72167795502327	5.637852899996973	-0.2911136335449877	3.5403535909620016	-1.8832048790885205	-15.479190949556662	-18.303485505606815	9.079368383538808	9.302164962977393	-67.59772250933132	-32.784966290750674	-20.992762547580398	-21.484238322704797	-15.727140909414004	-21.160446052688727	244.45431403203844	154.25087202099422	62.33676254704631	160.41744321886563	-35.00514828386952	-37.78838360759035	-26.097712809168357	-28.37335522912356
47.5475	22.164113895862748	436.28213035975625	5.536012370085522	-0.36208986535495435	4.075853369659977	-0.5337524176110544	-15.372851706464296	-17.503567353880783	11.042722257154304	8.330202441183904	-89.18391837109029	-33.807784147210754	-21.118625807615786	-20.086997386817885	-15.808653558488615	-20.421645457523155	244.40425244091722	154.82153890397	62.72604248659092	160.33158939235227	-35.27361785960508	-37.439048610836394	-24.239065009883447	-29.043572503160703
47.58752314814815	18.828936868509086	437.3486668760483	5.28058301626412	-0.4692465348563638	4.432544407843347	0.4785152682274346	-15.414120709500622	-16.558466313785793	13.911207007812662	6.214766681113962	-92.46018892668643	-32.031201724582175	-21.274812822443508	-19.38389015484978	-16.004984057013758	-19.957149155662748	244.4163432755539	155.36117907305487	62.582242528955014	159.9762481889403	-35.80825332079942	-36.94211067969883	-21.867984684728228	-30.762139806524857
47.627546296296295	15.222676406027562	441.04495516183965	5.103705148720979	-0.8215872498064829	4.584054828830207	1.0749879636049238	-15.35844542922598	-16.2401504706835	16.736226175949906	4.768744639178372	-96.03195331054435	-27.85924001855949	-21.374922322259266	-18.906186502352142	-16.233025277886185	-19.739980489198345	244.70205649153212	155.74799390881589	62.67757020145958	159.3681445414838	-36.169525201714805	-36.69964580655498	-19.42974334110636	-32.28954380858242
47.667569444444446	-8.105587335174327	443.3573053303615	5.076567285308001	-0.7484261553098686	4.639646260318255	1.9473471127671897	-15.119517716268895	-15.842631890648208	17.881384448664516	4.573010884670993	-119.81010681547541	-25.211761037693407	-21.68535740815082	-18.566879741343968	-16.604139724414637	-19.29851412137127	245.43208879637234	156.17692916861216	63.68240563645791	158.55773104369285	-36.37034903924253	-36.505701520148975	-18.493709934152747	-32.516771163294536
47.70759259259259	-34.93187916375192	440.9461302081011	4.996192801039054	-0.023587696757146084	4.417920425149065	3.2799716369564638	-14.769855836221154	-14.54766875421232	17.44560137541658	4.241605169041482	-147.88263008297474	-27.63951568593575	-22.441652457316707	-18.577533191101992	-17.45162498060924	-18.598963258964687	246.7168008691412	156.799875058782	64.86854839543429	157.47346926468214	-36.640955989452976	-36.061407724288514	-19.19635262635363	-32.175693521061035
47.74761574074074	-44.047197377108766	435.26566812416644	4.800070200078709	0.5549089676765417	3.6121039459391273	4.227628282271398	-14.337601024190004	-13.48258260878522	16.268236048648124	3.8349229992610594	-158.42611938144404	-33.44075435061815	-23.58073206038098	-18.7124578390074	-18.781785458768482	-18.159315142860578	248.19392410862287	157.32645053001528	65.32134223561015	156.19491802200477	-36.73038989725103	-35.85848170646683	-20.46146368035882	-32.04102387146776
47.787638888888885	-42.206720875854515	430.28767972610115	4.61009755304782	1.0048977177894851	2.503242805465669	4.577809562696184	-13.507035956907167	-13.706470298842063	13.615827292420198	4.716382091163317	-157.31466982954328	-38.63503575412685	-24.701540747297585	-18.971326097265177	-20.090878504451922	-17.95964938327411	249.05019764726387	157.53853242123807	65.34700877241966	155.44959539775357	-36.100803608786464	-36.360633772439	-22.48457293996148	-31.58406497911986
47.82766203703704	-42.52326644236914	429.06038758542695	3.9716292834818776	1.8535033696523207	1.5494029026732126	5.100331468628316	-12.076306777318417	-14.285288817868324	9.158399699997066	6.38058410253836	-157.6850456385073	-40.41364746443378	-25.11439118320125	-19.46027268111564	-21.143472992937447	-17.6084920042791	249.16272334161954	157.62619019485157	65.39319055461674	155.80862077294017	-34.769341491403566	-36.985632460438026	-25.610634984234764	-30.597337269678377
47.86768518518519	-41.44799270617894	433.3774058141888	2.573119720869069	2.6468157340048375	0.7355096894575426	5.91273462711412	-11.195311246752828	-14.323022554080323	5.102183371840614	7.447673168231608	-156.53474798463714	-36.774608341337895	-24.679473716285756	-19.864596938354964	-22.104494800509286	-17.262358518809137	248.93087057821197	157.70059661840082	65.3082554474728	156.9344435050227	-34.03541174992867	-37.15331551950881	-28.934151786108657	-29.715752064448722
47.90770833333333	-39.429677697777706	439.39835486652237	1.5250292881033884	2.887912244466502	0.12426657743151089	6.189636460158047	-12.405680493510708	-14.313171058233406	3.487557825327835	8.112159114093966	-154.48017288320597	-31.10024074341638	-24.256985266084513	-20.025950352327882	-22.725353025989634	-17.211775564341224	248.3514606096923	157.74410364636958	65.1577789140961	157.87599351493932	-35.25531880476848	-37.161157494995194	-31.770552189286093	-29.05274365212057
47.94773148148148	-52.5762367875463	437.35238891349934	1.4273758345901668	2.783343700945937	-0.20263133439976017	5.539682481649629	-13.036448078427016	-14.64671086618679	3.3549965910104476	8.63488349060484	-167.2255596517407	-32.98143939972732	-24.134830701659283	-20.047558727323604	-22.716226726255016	-17.308996497476812	247.879175141261	157.84396803609604	65.14600673995277	157.8100104480955	-35.54990987461299	-37.161452582282024	-32.19101928635379	-28.524113212532683
47.98775462962963	-80.50662600048736	426.1037008986347	0.5483964613244109	2.5150970204803413	-0.7003044335764369	4.664952324536128	-6.830724606631333	-14.998812798311471	2.4419330754179436	8.759988080472574	-193.78723073192072	-43.781591210763594	-23.212073575959124	-19.869699733271986	-22.70604249493266	-17.356730728919658	248.3037483927751	157.99292124418255	65.10979698447173	156.96245506033802	-28.83617279805496	-37.002596502310766	-26.37631293212064	-28.23167748966577
48.02777777777778	-100.77291872495175	417.72235568978226	-1.9209219101582007	2.065544719762595	-1.6700430913858164	4.268587826736006	4.986771891651544	-15.237257137765324	0.3848947086112119	9.244211277678536	-212.22226256298524	-51.770013323451565	-21.56840963151528	-19.534325827088225	-23.456453364178927	-17.461184132028833	248.8348717459633	158.05604353669685	64.82758906921774	156.3310680284061	-16.800208265601412	-37.02470596682798	-16.43018102278846	-27.781524894997048
48.06780092592592	-104.56871703529698	416.86889215389476	-3.978676718673062	1.4517258030682683	-2.782710717066956	4.227911806596444	13.288533743837082	-15.371085964337047	-1.2117823931911373	10.641189263096953	-215.40439312355596	-52.37758779344263	-21.106559473516683	-19.260740334768542	-24.825585231171672	-17.808041736403865	248.34425169328557	157.9116569534092	64.36535098191398	156.2419933049219	-8.756279579753851	-37.42841299736486	-10.078322097053402	-26.848350718387465
48.107824074074074	-99.06983996170824	414.325230561533	-4.178081160211877	0.896940014635231	-3.5948833894510464	4.5970719229063635	15.33569047409136	-15.120380065040996	-1.422833240757666	12.447432141598426	-211.15341805241638	-54.59655691680433	-21.984922723113044	-18.955649718646384	-26.24278193461224	-18.060088101106388	247.6061956207816	157.47695719525908	63.96188910348215	156.22529770233558	-7.309747409270017	-37.76715442155613	-8.693468969457498	-25.34111259118845
48.147847222222225	-88.14396062880623	410.40167355128074	-2.9341980445342806	0.6427956617345825	-3.4389958715897215	5.436172084315491	13.353730168793787	-14.785195865201013	-0.9662300778777358	14.458576053715724	-201.83902559497886	-58.02097946133054	-22.14850819620567	-18.39061923753293	-26.621713046216897	-17.748420856854068	247.38587924183304	156.85529007300147	63.700384196482936	156.26131765189695	-9.816697965672674	-37.88310943736316	-10.127163461499606	-23.07992054924108
48.18787037037037	-79.91963295050554	419.70644722645625	-0.9103904151956363	0.5410056907381786	-1.3244049923667012	5.069536034022974	5.451483571933081	-15.111939293951782	-0.5521940902934849	16.315336477738015	-193.28228572565348	-48.99600899196008	-20.88938519656749	-18.448433022501234	-24.301961996263515	-17.90656603539513	246.97348771486628	156.42712147942407	63.36476603180997	156.89828743662667	-17.53508876541906	-38.0600026070822	-17.067143402289332	-21.473451501018786
48.22789351851852	-90.62367032325197	443.3588018984924	1.3522220742883426	0.6253022373331948	2.3522919292015656	2.0256028606433776	-6.144593166106394	-15.504442022422822	-0.21218254565464273	17.043974662447688	-201.71694548007048	-27.30747426246795	-19.58347115405384	-20.73406057152563	-19.780144719078194	-20.106406175251166	246.23297882058517	156.50387647529465	62.87267445708318	158.04514088586848	-28.352104885304584	-38.11592806633411	-27.99062445565157	-22.953503467916946
48.267916666666665	-115.54328950074697	462.7699107525545	3.490428112616528	1.0252421833974403	5.707607098402915	-1.2632729341974038	-12.903641367659043	-14.806531444192505	-0.24635146102416047	16.97301714458974	-225.19177117756408	-9.734528000934034	-19.210394175424696	-24.01260357083096	-16.019199966210905	-22.99027271285837	246.30907199347286	156.8142217114099	62.4512511507744	158.86457016920275	-34.61023217461492	-37.60334460968288	-34.599397420248465	-25.680908366820987
48.307939814814816	-127.46791172028652	469.19016798530873	5.1978555344329305	0.8396026854511568	7.932769817114208	-1.3978946730968076	-12.833406155457913	-13.60317444980295	-0.8191832807790889	17.879087256801434	-237.3999349244674	-2.916648200026046	-19.41043672740156	-24.607945904797987	-14.452161782779768	-23.782884626941566	247.45354758223414	156.7617919625871	62.08570513558411	158.79777459607922	-34.77457197138136	-36.953571991629815	-34.881780895535314	-24.3697836759454
48.34796296296296	-122.17309258800648	470.3702993705643	5.921440352309432	-0.8115904105557888	9.113200110193569	0.3313918258370272	-10.82897024207889	-13.212453105384206	-0.8726235333344593	19.764532384321686	-232.23065205220576	-0.5068913451723489	-19.640740583931205	-22.360748243386652	-14.379908730389303	-23.16183090594994	248.2719312404547	156.38180560975024	61.614212338719874	157.93489387662083	-33.587564423163954	-37.02854851700569	-33.4711268612873	-19.460440010475438
48.38798611111111	-121.49919892495316	468.6635198676875	5.708124664756621	-3.06676945379626	9.056017483431047	0.3442932627845217	-10.092749192892754	-13.721482761136418	0.3935500284550434	20.171372918451144	-230.9891933660465	-1.9713142865683437	-19.780039909580083	-20.546929032583066	-14.813046199028676	-23.52500131873647	248.01411401224567	156.30222525291043	61.2058901922353	157.16846164741662	-33.5224140401198	-37.52854194065867	-32.60873999987207	-16.90812306661809
48.42800925925926	-130.92859939951842	461.6577966405944	5.363105343303926	-4.506912500171269	8.132331621875018	-1.7700036137371622	-10.952700486753072	-14.674773122440884	2.0161810254570414	18.518161736970697	-240.46070901789392	-8.83433655604641	-19.835283532572447	-20.283246966614996	-14.911586785048598	-24.813190687551966	247.55465748658986	156.54163432672846	61.17578658682975	157.35190287355192	-34.008098770434586	-37.680286812473014	-31.966943797958166	-18.617205089289
48.46803240740741	-134.68230763987944	453.574621329598	5.2566865025556355	-4.889338070218822	7.054473208151261	-4.021251004762036	-12.396463866554296	-15.709906355139662	3.1370462060763518	16.956166055990803	-245.31303951797508	-15.868034795095497	-19.96392730592153	-20.355031596213195	-14.694305875759326	-25.768277402404564	247.42181802108348	156.44798074171922	61.6120618864083	157.95223558918826	-34.21434248437973	-37.46334102142707	-31.173632014070634	-21.87840907190794
48.50805555555556	-126.61363852993793	448.88977940851674	5.258876748019299	-4.021394195912007	6.16207671493078	-4.629964053964403	-13.468479747580124	-16.118810675674446	4.403413914404769	14.24266604553135	-238.3153801223205	-20.122112421985136	-20.435800863762793	-20.604186393700232	-14.700328361490051	-25.495881809404736	247.0765459692077	155.90196102876308	62.31535286251085	158.24142480041235	-34.14891849149667	-36.85996286708034	-29.940767214287945	-24.15181103575533
48.5480787037037	-117.90372225048893	446.2786367204885	5.550403255669718	-1.0460419413557873	5.556209453223858	-3.04220339384195	-14.139245516456604	-16.03379207690479	6.289994542614569	5.7864014793868686	-229.7767458001088	-24.738725852134067	-21.149005967989112	-21.9632443410609	-14.91231773347404	-23.522407449534967	246.3901631273879	155.45545918918287	63.047828591104235	158.33290108057102	-34.31116438848997	-36.456505360310885	-28.284590437183823	-23.386890100548555
48.58810185185185	-117.05640366643433	443.0127371208489	6.204406494921414	2.65650386528715	5.192150359960503	-0.9453657993807955	-14.392750697295753	-16.562255839424214	8.154929451292231	-6.155488008488919	-228.77615710757027	-30.84466736027636	-21.68593297510185	-23.90236370298544	-15.079098567270407	-21.20123556478069	245.94120975013055	155.44794812663798	63.65379568260974	158.24373926679027	-34.686056188330625	-37.58703352343056	-26.508956666370935	-19.62613139639656
48.628125	-120.51615419593436	440.10304431066726	6.542265975962125	3.8789483630630324	5.01796808001549	-0.47439977074337686	-14.169338964888928	-15.018419036546428	9.724201018046392	-11.54321397608065	-232.36337500997854	-34.61805009745966	-21.787532784313996	-24.59266974075571	-15.226983619008152	-20.645105530231433	245.92283856780426	155.67597222329434	64.09014938510123	158.10112429736006	-34.883183929510835	-36.9972776023792	-24.73037674827539	-17.088879593475653
48.66814814814815	-122.51578892943643	440.8980674218402	6.1309104401604	2.5816071862399337	4.968546369716926	-1.0146585174984815	-13.906272722027838	-5.593090785118895	11.662633774366364	-5.816584152016525	-234.46986503894976	-32.889428250358264	-21.587296476822303	-23.744471399364286	-15.522279415231552	-21.56294006949794	245.98835963609673	155.8011466398117	64.3147910143783	158.2893351899137	-34.844587300054044	-27.731313366501823	-22.72540165367367	-19.95972312076448
48.7081712962963	-123.13233362565	442.19379394461146	5.480716144662825	1.2987876263106684	5.056350072228321	-0.39880025150460524	-13.789779533779912	6.564216023055614	14.019915300502939	3.649160109414588	-235.12938760474208	-30.55204757478255	-21.524959912304254	-22.57147590972778	-16.05365780382715	-21.963659986040327	245.91678060531837	155.81980825780815	64.26791630668399	158.60188716862882	-34.85626307100901	-15.089585076065035	-20.666745700259497	-26.563382141416014
48.748194444444444	-123.27765889886736	437.75244643143856	5.168605926326209	0.8581903050994093	5.388029492213271	1.4519425182817571	-13.518885232917235	6.396299844106961	16.33143781128799	7.634371286702957	-235.53573887725918	-34.21729993776526	-21.861629799384687	-22.03143123141919	-16.69565382094376	-21.586994997940053	245.94450198828622	156.00552919291846	64.32927360208707	158.63942835277783	-35.22747026399874	-15.503204448957163	-18.92157936593901	-31.380937271806218
48.788217592592595	-120.78782538772347	433.6287457672456	5.34778829371142	0.5177421913983347	5.509041745918244	2.701922783873039	-13.412589564540731	-5.807506076335128	18.847201165347876	6.038376605141319	-233.50407763519797	-37.90785944256234	-22.53613447778332	-22.720560388057322	-17.18443090177331	-22.220087236989357	246.42210021593922	156.39111509914272	64.89042255179511	158.49387359757765	-35.86370588029138	-28.84820902261515	-17.047647332131987	-32.303255193184114
48.82824074074074	-120.95909304151873	438.0670377262091	5.671310194326214	0.16111943283682378	4.742836492615913	2.839314826399457	-13.85738888314939	-14.747393580981841	21.01378666621478	4.079118603244576	-234.23613485527648	-33.93966756909194	-23.352705529827674	-23.961971492574776	-17.602473579078477	-23.730809338377412	246.9683343904955	156.65312394002754	65.56266720695767	158.63571785706176	-36.19348813505047	-38.47722028556454	-15.177586672175991	-31.811907750261184
48.86826388888889	-138.56400956183074	445.0955971424288	5.625096716536223	0.4577804704954145	3.4175537309748276	2.9422370193510172	-14.058499226050424	-15.770654626236055	21.066380471169783	3.7122206376921705	-252.49778522620818	-27.377450042463835	-23.989382306622062	-23.661672093214662	-18.340190530976955	-23.195829220432543	247.03164669662021	156.68781329445244	65.82878332801305	159.29730314267192	-35.8513643943688	-38.992112531471506	-14.77945458372109	-32.19549098512398
48.908287037037034	-175.2303114474448	446.7012906820271	5.390032562061614	1.2603745081488895	2.3842821104145124	3.3942978136232167	-13.393074818872702	-14.92480633350577	18.62876143609601	3.783756542464362	-289.9580104072158	-24.808451746627497	-24.273695501675306	-21.566793243443186	-19.340548515441952	-20.31752754649476	247.2943502424763	156.7702162165184	65.79454962736112	159.7401947292906	-35.127015148404695	-37.33328659017016	-16.49821121957629	-33.146042918100136
48.948310185185186	-211.49204216558468	442.5880383255433	5.092990180547796	1.6175156713579875	1.785834589932008	3.7588658301022218	-12.421072881773854	-14.550248623811704	15.06403880389858	3.6551156270531213	-326.88298570311497	-27.449921447462188	-24.383688292123523	-19.837926860645467	-20.292728816731312	-18.222028895514143	248.21120858350275	157.0731725332222	65.77936239545504	159.30344660606562	-34.531216588582794	-37.03777120019136	-19.468131801496583	-33.369854336442955
48.98833333333333	-228.97355364199623	436.7377129513973	4.081847799519944	1.670451246598896	1.2793511867209253	4.024019296969178	-11.58854107011938	-14.123725858865386	11.646108648212904	4.07454758321963	-344.3279885630802	-32.840994493685216	-24.46531251120473	-19.552981290987063	-21.271705215438672	-17.882695285553737	248.59129596876176	157.4577394724729	65.77866143119856	158.68966601653784	-34.12752411514313	-37.25142645459621	-22.481495950672723	-32.577340974592346
49.02835648148148	-229.34278001367582	435.14980406556475	2.4139600319058636	2.161072965171593	0.8910084375297277	4.469290454571854	-10.950589374801	-14.161521484723194	8.973990397738689	5.669989673301941	-343.9710096396548	-34.75023541747842	-24.343139981514923	-19.927285388154246	-22.215106061215096	-17.77020957631234	247.93071117083747	157.70890606674726	65.5861890914795	158.6338420137543	-33.830618298011444	-37.45645131946672	-24.856452147733094	-31.300373535553547
49.06837962962963	-229.2533254242252	436.4575406687502	1.432794375432078	2.6538411086833182	0.8069552601922746	4.827737097214646	-11.231939950883381	-14.626368448607689	7.1251315245878315	7.59832959195494	-343.28988579069716	-33.60481147410201	-24.099354015995544	-20.07320402372241	-22.60397973133503	-17.41007205994309	247.44331751238946	157.90870681612247	65.24324480399993	158.6471338747662	-34.26908349286984	-37.64580954391107	-27.14390096421353	-30.00585000534936
49.108402777777776	-231.1078954191567	431.69993163242555	2.090152984429453	2.3978477327270786	0.6521768278646578	4.656886020023653	-13.07942234013001	-14.972130082812674	5.5012735668105694	8.690233097177998	-345.5169240447147	-37.966379386529226	-24.43453906640697	-19.69542613653485	-22.318747060789192	-17.267411763477995	247.7816282885354	158.22687780268052	65.02146713599582	157.97780269966324	-35.823007796297645	-37.6631224002479	-30.32184947811011	-29.05292697881707
49.14842592592593	-225.00049790052356	421.01161574016953	2.929995526054112	1.8499547935827279	-0.01265990097785511	4.254348082015511	-13.41140904988606	-15.202733064115325	3.2330013634894246	9.173527139490893	-340.00472868607835	-48.14909910429439	-24.98311107927273	-19.149530032538237	-22.074188916041095	-17.342061187706165	248.138110214652	158.49456243476772	64.98781416901849	156.9864636886931	-35.46208340390922	-37.584306507296276	-32.22927730786601	-28.424808280251398
49.18844907407407	-228.02861770380852	412.56522021107054	1.1456968997818144	1.6598485883713026	-1.0416689418226475	4.167058662105304	-6.794572694935696	-15.363049264893052	0.5059004414824491	9.860902166535535	-341.76868044518335	-56.51544369251228	-23.892941358503847	-18.878560710458572	-22.59438461373601	-17.41232402384439	247.87750752017547	158.57769425600844	65.03259818128475	156.67007215869418	-28.385742728107545	-37.526214607844466	-27.87939872981609	-27.65736428008546
49.22847222222222	-258.30728689343323	408.1462800369662	-2.682467614045505	1.4695044194888878	-2.18443399567558	4.381594432893642	4.814302211722459	-15.339329455201339	-1.1430943686817723	10.73845600157026	-369.42438296807256	-60.942399165964545	-21.27027788590624	-18.75490659812027	-23.7995730664573	-17.425032175877718	247.4873016134341	158.53106201155515	65.12214145109023	156.82621854150992	-16.805446963789933	-37.30978615373094	-17.947256462387315	-26.564856716920048
49.26849537037037	-288.0789919653429	403.9640930049571	-4.82847316970412	1.0261951525466881	-3.3659610888755656	4.655911805499897	12.893821323859092	-15.087533858124049	-0.9587959829497944	11.674360645468637	-398.5052826812529	-64.8034719665953	-19.54958603746951	-18.56457002339822	-25.254761337260675	-17.421021554282646	247.4733225211927	158.2484809921686	65.07297572188801	156.47193087154605	-8.98846671668268	-37.01926000864498	-9.949263607608003	-25.316331048714318
49.30851851851852	-290.21792282208526	390.83042885027413	-4.052235153676624	0.7831424694078122	-3.7063437609232013	4.878577326301747	13.18218188257172	-14.737712776789353	-0.31859132582071586	13.038500743882757	-402.15350395287516	-77.64963951545779	-19.44376019323967	-18.47034879518118	-25.98781447888824	-17.502466776176817	247.48707268078311	157.72580282941163	64.5507446058792	155.6973554555097	-9.098465170696883	-36.95266669690129	-9.425349672485837	-23.920706580606577
49.34854166666667	-282.45752983718825	357.83387474301117	-1.7426773169442447	0.8780386450521145	-1.3844897726310519	4.875837427718102	5.899412649470538	-14.57225262482462	-0.5501708116525689	14.810873525632534	-394.79365275975033	-110.87573326824118	-19.659253197156815	-18.74391503962282	-24.0788005462434	-17.822495387545914	247.0319844310476	157.29947099338028	63.735194787044776	155.13145240720112	-16.79741156068944	-37.057689223403045	-17.339527097280396	-22.426207365554276
49.38856481481481	-283.6883690549364	317.8751846090019	1.012470289464803	0.8652028373061507	3.196337865270837	4.368535816142653	-4.992531726323306	-14.600021138054805	-1.0752376352008424	16.146333898838844	-394.3987568391252	-151.46626653230788	-19.590608263250388	-19.345663163083003	-19.697917828825936	-18.508840455317312	246.4624550704085	157.19925147597655	63.222990821850836	154.88024146887142	-27.885118512868218	-37.15716259983377	-28.90885265101818	-21.351387987016125
49.428587962962965	-279.41770400033096	299.79275252944365	3.3890465946264405	0.37355317899376916	6.701751385271617	3.2174492083204167	-11.833643395888126	-14.67693263802418	-1.0632684182178864	16.441280764916844	-388.85312410851344	-170.1066306278504	-19.515454561095567	-19.89378022523306	-16.04637348523218	-19.528762172711552	246.30521740440673	157.20232906468465	63.05136519261417	155.36900272158442	-34.571952692820986	-37.24195955345087	-35.659931506799936	-21.118028773526277
49.46861111111111	-249.19059627952473	302.57605374037627	4.855772428301238	-0.5013191120200631	7.692666793644333	1.6720993310229777	-12.34611916953568	-14.739864978045514	-0.8327663198002594	16.211863220698135	-358.82189567736754	-167.72564652683735	-19.561391733048268	-20.30050984321943	-14.775526909813308	-20.798852540874023	246.02903177122562	156.9355879816797	62.80270642329203	156.6557808707674	-34.82149634818289	-37.31394745083409	-35.96332388804417	-21.087922891005135
49.50863425925926	-197.0982646607834	302.4660964716784	5.205523827035477	-1.3070346657826066	7.872975501582912	0.5557342382481542	-10.629346028465417	-14.55043247555676	-0.7680398077891932	16.228586864915663	-307.1465119079126	-168.38152339305452	-19.55536892244858	-20.84844228954755	-14.842723420583468	-22.16035798914136	245.50631894854791	156.41657265397632	62.47300982415509	157.1438655266029	-33.40418417740101	-37.26643957490269	-34.6339787319111	-20.248316223671168
49.548657407407404	-153.90924524092878	293.5588021364441	4.510556702159158	-1.7435262147828385	8.160857021040417	0.16610680478650677	-9.836956854230264	-14.435879815914106	-0.5923091682506479	16.528655746260476	-263.6074289879422	-177.8828889655066	-19.403116797153245	-21.442229690431347	-15.187627055195648	-23.18194705706327	245.82342468146817	155.99759583593948	62.32303479243861	156.9080705761891	-33.168688148077365	-37.096821445415586	-34.09390689887445	-19.12270795078547
49.588680555555555	-147.855185169075	284.3968873869667	3.9408273016928397	-2.1281822547725415	7.8780446389352194	-0.6656239805946379	-10.787491280648904	-15.081581246413966	-0.132665038772586	16.36917764691677	-256.9675537906053	-187.23173286053014	-19.365400393456298	-21.62896248383008	-15.171541320512645	-23.71592839335203	246.9382477583921	155.85386498107093	62.26971468643098	158.16682743695313	-33.48726943635879	-36.9865287838813	-33.98446142101348	-19.472348822809124
49.62870370370371	-168.22396922040645	278.9504923800361	4.649357683870272	-2.7445962312838397	7.248167065906221	-2.286163036448394	-12.420843887769925	-15.945645547528631	0.1821743879452175	14.964411272622561	-277.36960555552463	-192.32970881775827	-19.640187219457772	-21.278742830795892	-14.49627864951124	-24.030988139733495	247.65432703555314	155.8733400484471	62.19007237066779	160.28244149717884	-33.59043719006067	-36.99746565957716	-33.930294384340115	-21.712173807605723
49.66872685185185	-181.45856668493624	276.72034143256155	5.891591478311084	-3.2013745962508153	7.0802248007011706	-3.3353506950452694	-13.158390294697504	-16.18414240731314	0.4796364735247661	12.864545814969773	-291.13789892905095	-194.03586832954676	-19.954798739406826	-20.75287370678464	-13.787740765568202	-24.198586805112257	247.61002608516048	155.9124102670587	62.312944769240204	161.08822429568494	-33.6790561836398	-37.01992491603532	-33.542363561176856	-24.216467108776925
49.70875	-175.84934177330706	275.6458903338366	6.222884731502927	-3.444847369911898	6.9952102850752995	-3.4206686522308334	-13.339301846338309	-15.986228153134972	1.6243193627348882	11.380618961388027	-285.91357421557836	-194.72811313189834	-20.06827608570393	-20.380717117586556	-13.841347711067328	-24.243003585126857	247.0709096473248	155.91261582019746	62.70712078531799	160.8804708989508	-34.15643323052697	-36.937833665504684	-32.55749396508567	-25.630046645330125
49.748773148148146	-163.46771643843354	272.60240270967154	5.765952696347405	-3.823449331949262	6.591754033824865	-3.315696127157835	-13.86163208969893	-15.843469161167418	3.3014122680924514	10.625043531489101	-273.6079729471477	-197.54794059979992	-20.091796342897254	-20.218108246945846	-14.374303812385165	-24.261005396959504	246.3838306579152	155.8761155182608	63.186216377870586	160.74163819391697	-34.87295067613458	-36.82341568814121	-31.514243339144656	-26.415891862728017
49.7887962962963	-154.02528908642742	266.72993299965265	5.599455680465767	-3.6284708689742113	6.399537512727053	-3.1199131946426624	-14.419571048505235	-15.95222564345344	4.724120655704364	9.65101550855525	-264.1585018205801	-203.6624097316053	-20.129957455645894	-20.56760168144565	-14.533757053521754	-24.06319854606666	245.98241646871986	155.84978635999732	63.681679262618026	160.7890073606225	-35.370402891200385	-36.8989620524265	-30.63764404019227	-27.615686842938644
49.82881944444444	-148.24284693934442	261.9754701205503	5.733597183065898	-2.0028961824751357	6.502050393286491	-2.530143228882752	-14.536133508516711	-16.099060808055796	6.432047382896031	7.903787847504684	-258.3135413654632	-209.50305674576714	-20.08638338525921	-21.43909166627718	-14.337097243245466	-23.45491399629435	245.88760725221488	155.8551269685762	64.03167630758422	160.90232858700583	-35.45007104926884	-37.03236907246665	-29.027227063564254	-29.360614316487613
49.86884259259259	-145.19123372218112	261.8538522634256	5.315323220768766	0.05970673032372742	6.340936045122102	-1.718393900489048	-14.40362225898561	-15.98768773168889	8.698823740545919	6.083179788057421	-255.08294693623873	-210.80758596629005	-19.890804121020906	-21.799191111780615	-14.57638999408735	-22.61208832969794	245.95412988025123	155.82980783535976	64.0918665904458	160.97945855436288	-35.29521876500468	-36.8849075537009	-26.598781361512295	-30.81408598967353
49.908865740740744	-143.09993398196136	263.8360380769682	4.35649500032644	0.9772983126104622	5.890996734475156	-0.8139178142573658	-14.43261306351133	-15.735242012642232	11.099824629172703	5.209314601470218	-252.9107912157878	-208.78247678770674	-19.763099995478157	-21.207670169976936	-15.454362232643575	-21.65946136608143	246.38306377014055	155.77834986585844	64.0916975701775	160.55610931487158	-35.27987285757604	-36.579433820695655	-24.178994787836913	-31.328382187854345
49.94888888888889	-140.7405244096534	264.37891397084775	3.6831032955973226	0.971655927412504	5.584092969870262	0.4971683526645119	-14.572674251247875	-15.458488189410991	14.142235342185987	5.081289494988592	-250.67761906390655	-207.10770777920175	-19.86020037025638	-20.63352871760013	-16.25399135369821	-20.518133588479387	247.06407124007194	155.94815153693037	64.32448061423352	159.31293508782466	-35.58845554392319	-36.473037072799244	-21.444618217301255	-31.389522437974335
49.98891203703704	-147.67091026248224	260.6239544579057	3.5764055108219712	0.9986066800206139	5.626318938137245	2.1023631884580176	-14.308291975427528	-14.993845689244067	17.541203206442024	5.0437959289593515	-257.7180369950893	-209.87137619920185	-20.000817327943636	-20.453060379525397	-16.470721224650447	-19.495083674846725	247.43141928342754	156.52918610112533	64.71519170932483	157.94989184321207	-35.90546475727827	-36.59225266002292	-18.36177124900945	-31.571915931092676
50.02893518518518	-177.50870487108116	244.60480111611724	3.849891539041319	0.7368119723205845	5.852516223279033	3.214342443259732	-13.34113415307098	-14.485966551067424	18.78430987216961	4.9897749092347246	-287.8114200638851	-225.2016585502153	-20.300571343852752	-19.93452965394431	-16.452823683715337	-19.067230479660793	247.5502330245002	157.20508498770636	64.96185992920964	157.39146399604277	-35.62265047722791	-36.76833647193153	-16.843793057989686	-31.770408838344125
50.068958333333335	-216.62369877302464	217.60024128536068	4.267986343132617	-0.057379322161669265	5.665763006018397	3.5537337119953527	-11.88408534757986	-14.332122634018697	16.60180423431827	4.90164790303048	-327.7393265985589	-251.39452244333074	-21.123459804342943	-19.01504697318063	-16.84764147857244	-19.044115589803155	247.9382491260098	157.52723578465933	64.98780374880812	157.41137118868005	-34.48207442082045	-36.925585020279684	-17.898192025508408	-31.919726369093055
50.10898148148148	-234.09099644238978	205.80224428707513	4.18831719542137	-0.48689451967052966	4.60851852904102	3.6462159554167637	-10.533561350187279	-14.529786719287337	13.012018130230025	4.955195297460871	-346.2185079549731	-262.61618426250726	-22.128457943771238	-18.492100412563545	-17.939194141921348	-18.91182131017861	248.25899465501288	157.53912720927678	64.93899221896682	157.17606471118575	-33.091391654624246	-37.06708081554888	-20.05598198318235	-32.051193904859545
50.14900462962963	-230.81720896053764	223.1800198997992	3.337288363061103	0.032180532439678645	3.236605517105981	3.948319012263609	-9.699146408491586	-14.743947923845605	9.97112253233938	5.330797710638974	-343.44054823847415	-245.36084946092797	-22.622057680038992	-18.562381998025444	-19.28605086229068	-18.560535844376403	247.8152370637161	157.47756207329496	64.91886316776785	156.61629523056376	-32.207304845345135	-37.20818554630678	-22.1221657320351	-32.15903097946651
50.189027777777774	-235.8098855137662	240.47736255965603	2.4888837471992566	1.1546335965972483	2.536205058165561	4.561875046106288	-9.039862385215287	-14.598093584422967	7.273827683319266	5.38228094997581	-348.4267414448826	-228.7913871704593	-22.61659868550096	-18.71956119450506	-20.127973177181858	-18.099469080041075	247.09856177678432	157.32480130911893	64.96702050396883	156.2907041920091	-31.702226357272735	-37.26858264511148	-24.515214325204468	-32.35948091720725
50.229050925925925	-251.97982242858188	236.9812336597875	2.173165993987056	2.139999403293819	2.553125816324783	5.292970478506119	-8.650268073146538	-14.076564556586874	4.672783825839419	4.86806572560564	-364.51807331926943	-233.09325080683703	-22.538453334262286	-18.88200527245803	-20.36508562533821	-17.62735315770618	247.2092799127708	157.07777393171784	65.01258519656454	156.3602914507788	-31.575037184696527	-37.20317679562713	-27.6001653508399	-32.43282368371014
50.26907407407408	-239.90511138977786	231.5703758590659	1.74948499903387	2.829751545172159	2.3189265389546185	5.843876389972779	-9.334941764838858	-13.726673420311608	2.810764957109318	4.99378429340823	-352.3950672276937	-238.9814946032455	-22.490012923995238	-19.507232315035168	-20.74046539279901	-17.21634683007747	247.7991162138901	156.9179915000949	64.81812279824122	156.41413110497484	-32.39112871595306	-37.1251803926162	-29.375014305724306	-31.808908925418194
50.30909722222222	-178.90791391162554	234.7887120193935	0.5270559047255112	3.4777136971709295	1.1819339986567747	6.117866282306972	-9.12551329996193	-13.696037295572243	1.9438808970292303	6.1291852998659335	-291.34626377531964	-235.97162711238911	-22.43831665003023	-20.42736413351234	-21.911287411753406	-16.975481369228973	247.54304665835946	156.9138175631749	64.23144026050757	156.086528477829	-32.19137524763569	-36.99617628274008	-26.11473042052313	-30.61108960663462
50.34912037037037	-112.90864861500843	235.85041553616003	-0.4892658427946853	3.3784750195041897	0.031145395887708385	5.975490640270633	-3.915940165734194	-13.662513945328042	1.6555736672839145	7.150438664997168	-225.57810087269593	-234.7560458101101	-22.66945166125727	-20.682892849580824	-23.15874687238197	-17.213368011945875	246.57267189954	156.95834083254965	63.454173469097476	155.5498737936855	-27.112399810365403	-36.85831420290749	-18.7177518088682	-29.692037408085696
50.389143518518516	-89.9169545431955	232.2161168586053	-0.11950368414768664	2.1540061236950057	0.0335286872182469	5.376683316761025	4.87398099542449	-13.92279401232172	1.5812343403655174	7.959529989173531	-203.0661156041499	-237.80855653581085	-23.149186164040984	-20.087668299179313	-23.26871497086202	-17.922589465029915	246.0253618731993	156.94353371358028	62.866252597700154	155.24280032636864	-18.57126989421056	-37.17383345697391	-12.951165587674723	-29.256648284065548
50.42916666666667	-100.1703747551724	225.2798325298478	-0.29565048827875334	1.0814515926148127	0.19049269199609803	4.819897431089004	10.917227874517753	-14.67125647527487	1.8046714357647222	9.481428502414508	-213.01690726109769	-244.3118417375287	-22.84647494028853	-19.58321446123489	-23.1420376635118	-18.516580015124063	246.04267398473087	156.8117613228215	62.591135576301575	155.22541099747554	-12.640354384613872	-38.013652579022235	-10.565162344749893	-28.53636937761732
50.46918981481481	-108.89123997807593	209.74727255272603	-2.855621049062771	0.9650059387994013	-1.054272775248547	4.674655392172924	11.044026706810866	-15.220347339384105	2.5678197536176164	11.700937318380133	-220.50463376148576	-259.98514619226825	-21.613247277080248	-19.7214340516484	-24.46866170476821	-18.75889031521193	246.11818027891746	156.57713809994266	62.488958473048534	155.25973179472976	-12.550487221679191	-38.74293638510515	-10.869326682487284	-27.037981021568868
50.50921296296296	-105.07317302219552	186.65539385131345	-4.791574371835049	1.2249210862098467	-2.176096650339853	4.756195479052649	5.535713314309328	-15.206158214498414	3.131832686067911	13.625382713064255	-216.2102339220583	-283.55382236614963	-21.137346145825788	-20.209566935489704	-25.92932692652596	-18.98248450821302	246.09579722052422	156.23609884444096	62.64315713191846	155.26560604141753	-18.38503748659045	-38.92280399430307	-16.908705566377435	-25.307564460348388
50.549236111111114	-102.74568207648812	163.31597131624702	-2.620989665714356	1.4135596221873725	-0.2175966371484954	4.795989575771196	-2.427245425809895	-14.97061182310584	1.699226291157561	14.449413217357318	-214.63432695496147	-307.477215707109	-21.88961273354525	-20.79204288470646	-24.51197643872591	-19.38111510934594	246.0461201556912	155.798682182751	63.082024884986765	155.30650534999558	-26.86646850170976	-38.653626376636666	-27.610698289874577	-24.193125875638927
50.58925925925926	-111.80423631496424	143.2397576294871	2.0004057225440013	1.5016101337514047	4.070221060905232	4.307877318950153	-7.209304091017803	-14.662236503744305	-1.5151803625581577	14.306003904812266	-224.1754566420562	-328.42527579094843	-22.36997737998186	-21.66532023979289	-20.367805088632593	-20.164409820816417	246.00193509462093	155.5240316837301	63.09594931617006	155.2892493103102	-31.851488285060583	-38.3192454311407	-34.90607524554048	-23.940679177556788
50.62928240740741	-124.98234754427442	129.30261207505575	5.291745492717166	1.468926813031593	7.088427520754208	2.8552630927742517	-7.526958078363721	-14.26591628613869	-3.6608582584143403	14.11678215861344	-236.97522426038051	-343.7809246956256	-21.9867369048508	-23.101705288678545	-16.686273238717817	-21.613793865494273	245.9769022426418	155.6510766971844	62.32137564839259	154.90871508922692	-32.00434917702047	-38.235924011915685	-35.760822573448124	-24.158452078506485
50.66930555555555	-135.37687386508873	120.68035381563575	6.251865803447463	1.2382418674759534	7.833452896630534	0.7223425274152994	-7.265722592044346	-14.252918099378602	-3.2768285785807607	14.718842836366933	-246.73648451629333	-353.9217042748178	-21.364195292147997	-24.60850462910699	-15.118847844626089	-23.360043685273183	245.97378130430303	156.01291598716273	61.55460754526782	154.664314922403	-31.325913696841738	-38.31869477135096	-34.34418608314925	-24.039204238124356
50.709328703703704	-143.9734875768876	111.74952707975731	6.059531524204042	0.7015101283618563	7.626249013158987	-1.5098016627580158	-8.955611549689346	-15.02234541912296	-1.5822506541997134	15.7230988534082	-254.73776796817071	-363.5447747651492	-20.801823425085033	-25.189803920991025	-14.795604465466027	-24.594806580385992	245.97396058466018	156.26424899329592	61.23931381054272	156.14130192706793	-32.06338029573958	-38.223903419462815	-33.61009844657622	-23.118991304185315
50.74935185185185	-154.54001849268352	102.43764561700901	5.725953724258255	-0.10725272609022689	7.1593895812527055	-3.2808825633810903	-11.296828490648666	-15.921634882015933	-0.46096591365095074	15.542403557438824	-264.87732405246817	-372.51749789854307	-20.326753309043355	-24.872982421197747	-14.585768886138979	-25.0846447408844	245.97620415381584	156.20600055014557	61.09623951995181	159.23223876253508	-33.07942417488239	-37.71005096365165	-33.58238307737386	-22.570823179216376
50.789375	-166.53272820969835	96.09061652468365	5.725382517305046	-1.3554063219136623	6.882553275891177	-4.2966590377838125	-12.356281435418973	-16.296945197236443	-0.5074306021954456	13.733673202581125	-276.83293022085013	-377.8234455045137	-20.078097717405058	-24.484997167271757	-14.037298823017068	-25.267439734290946	245.99972233071253	155.84687053625981	61.11025436779188	161.50145854619075	-33.160448981165544	-37.05146758099343	-33.67710175355219	-23.947545395720127
50.82939814814815	-172.21658675938826	94.25601810430017	6.030138598677354	-2.329055306031374	6.842130088116362	-4.732103124762188	-12.636299319185438	-16.473991759316654	-0.4152540678612606	11.610511222769203	-282.63769270626653	-378.532686810492	-20.055360924647587	-24.30403514435838	-13.505860652235341	-24.988034881754473	246.03256937791485	155.35852713385373	61.20584477896051	161.85651654708147	-32.96944992725764	-36.78872197621379	-33.37813784110341	-25.58195895942474
50.869421296296295	-172.14919067331255	97.32885457436603	6.158459842220606	-0.9400712715078726	6.44418242160465	-4.36456995943924	-13.469998574512392	-16.527601319234204	0.8836097270267513	9.823538540263595	-282.46797491179336	-375.220863891058	-20.09707251269282	-24.235310728932348	-13.622880419696699	-23.4461703818006	246.03578783136646	154.99435351770066	61.16985255975833	161.41302020399752	-33.55655995129332	-36.81193998855993	-32.67087557451207	-23.6548911076556
50.909444444444446	-174.6763030128482	99.75111692247376	5.925589441849108	1.9281122413147145	5.82868496170784	-3.1180899772533275	-14.682498261786177	-16.299529350134332	2.458350678709913	8.287353832086799	-284.75701436191736	-373.03092488363353	-20.070899391340532	-24.105469271605898	-14.129413633292017	-21.587193071197262	246.01137388674806	154.88563938028278	61.249108216156856	161.13361814085818	-34.644073620594966	-36.74182387954518	-32.186703149322796	-19.553440028349996
50.94946759259259	-177.39174399483338	95.24688196314874	5.624396686115221	2.3572570867835907	5.572050481621288	-2.3948424199279246	-15.367707147081827	-16.39711329494694	2.9623295311624664	7.228043004653531	-287.243718022439	-377.0442628269443	-19.887924628293106	-23.65160841870565	-14.317986762231257	-21.295041313172064	245.9929202136135	154.8927894496171	61.66947137760338	161.0654200142794	-35.25075205337363	-36.797420751403905	-32.28885331409988	-20.05998674782292
50.98949074074074	-171.4602840263797	88.56029275962979	5.285234554870539	0.41656039284846025	5.635593709379122	-2.7913803875465364	-15.34903902228912	-17.1294140625588	3.079959571002614	6.598711792161347	-281.01763315483936	-383.1358236529125	-19.55689165706147	-22.97998611553915	-14.283784646158395	-21.657544082673695	245.9728292305079	154.83309197991838	62.14012528697222	161.07324464352897	-35.26865442146445	-37.21379221890527	-32.18855725319078	-25.900600178508142
51.029513888888886	-162.01085291697268	86.48161603786568	4.613862233995156	-0.49597688077215085	5.743395884853331	-2.4248884250591916	-15.187556791234178	-17.88774782610175	4.485637759834932	6.431420893443881	-271.1898076562138	-384.9027482157976	-19.179824537192445	-21.948639071644635	-14.553055923017013	-20.841954425932386	245.91095984697017	154.7977171858662	62.4244068260621	161.299783729259	-35.50832229791523	-37.77977281040661	-31.022596037717776	-30.512579800352412
51.06953703703704	-169.34522357757544	85.28392520495294	3.763762704289238	-0.02970226051616181	5.801334129229534	-0.4297405920913391	-15.188384102285164	-18.16437534006892	6.635937363413286	6.576870739066738	-278.1378216714472	-384.9700793550483	-18.823578019688938	-20.213532747812152	-15.02373719116693	-19.582026307891326	245.91516763988955	155.04639659514834	62.66379566840508	161.63921375250325	-36.05292007941722	-38.28565886241941	-29.41699935825268	-31.68484216120632
51.10956018518519	-199.01911584359496	78.0231992293749	3.4411865469817533	0.23430199931798285	5.93227475137106	1.6381763463862076	-15.108738861420873	-17.96642095342489	7.842786830816925	6.091804358925307	-307.6326160337287	-390.73656280807694	-18.587602755940893	-18.658824791901182	-15.157411962520882	-18.94529660814237	246.27998930242012	155.5903173805019	62.89623822657719	161.43960954794488	-36.22218818009482	-38.63631260077858	-28.379441039544147	-32.42266745061855
51.14958333333333	-229.0600631038263	66.43710381369084	3.64760632800724	0.2338008002096687	6.129478240981603	2.8806895135559367	-14.832284144847685	-17.46566295813648	8.290696413962813	4.9590123790988025	-337.810882345497	-401.7807719213815	-18.552874544184775	-18.21557145224854	-15.108653432815558	-18.497511239956353	247.10275419520013	156.1504542230777	63.053980196324	160.69950262801686	-36.07162736795787	-38.677255613186915	-27.780944275571443	-33.73988838972163
51.18960648148148	-241.03587864309242	61.46595964027857	3.15667027920825	0.4440146358691951	5.810831445840535	3.7272802163164727	-14.526082492255847	-16.738501621077937	8.827389502888767	4.208916158026565	-349.8192310375843	-406.83019367740036	-18.55085137500572	-18.316098892012178	-15.728300061975517	-17.9096060982899	247.9934160000559	156.5443612440722	63.41792432936336	160.1880387997196	-36.061464727978404	-38.304482551971105	-27.23394057629774	-34.571890080499244
51.22962962962963	-239.6413413594394	72.18385911730708	1.4403517693609824	0.7418934742751555	4.710786168542869	4.4499794560919685	-14.121136020913408	-15.979864314419027	9.000713257491658	3.9533600092275876	-348.0970692384486	-396.0569015337069	-18.422181131819002	-18.254533860344935	-17.18417388296953	-17.42779414500187	248.26397092649216	156.83176934460135	64.07486037984661	159.88336201650867	-36.01507273398501	-37.89605080637884	-27.014215392150774	-34.71570949487207
51.26965277777778	-237.4875705350647	98.86138491488629	-0.11031818605153611	0.9101802331879383	3.4604832798119185	4.983560174743232	-13.354517789113572	-15.66556173152912	7.898554339950283	3.7196712736997726	-345.9270945624907	-369.186963590441	-18.535568251696617	-18.03535079884142	-18.654032918367037	-17.112125443306127	247.7548220841182	157.0315178878594	64.44452656110587	159.41778455338886	-35.467861186653465	-38.03611830154988	-27.570009621849294	-34.78426746838724
51.30967592592592	-241.26444872575755	142.46871904385438	-0.4472300456232019	1.047720658549582	2.462291784351879	5.269157307093824	-12.28826948245942	-15.828763821905387	5.7739211958412024	3.604338542195723	-350.4865344673744	-325.51774011129623	-19.25686000462848	-17.909600557714114	-19.671789768814563	-16.86746371979794	247.5135570800074	157.08648950151448	64.34337771613777	158.87272786882596	-34.424816750748846	-38.40701212162017	-28.65203100222969	-34.82478595748594
51.349699074074074	-251.2878398225532	194.5732812218616	-0.6836327898214721	1.437981405994059	1.5844859628806143	5.364664876387156	-11.259537828542026	-15.882294473147978	3.9158504774234557	3.9186435204327013	-361.2079494578605	-273.6393483260972	-19.88530105955148	-18.239105347386655	-20.57449264214337	-16.80221376665699	248.33794162120915	157.12080629189666	64.32736807359174	157.74744514012332	-33.430024204752286	-38.32480978831762	-29.51058775514433	-34.32707548215528
51.389722222222225	-262.23566445689005	222.7472913797153	-1.824619981962066	1.9862496501164273	0.9325722429747798	5.310446119322471	-10.493150450001686	-15.725763163476554	2.804267800187707	4.620375422943575	-371.82985429829046	-245.7837003038403	-19.602684436506564	-18.985113842137835	-21.425619039937246	-17.044225659106786	248.95891459148697	157.17080427773132	64.453087325254	155.85727936325355	-32.842741898073385	-38.0883580151649	-30.030362886488987	-33.45836871113515
51.42974537037037	-264.18014045162147	214.3067632502283	-2.6971620441375874	2.037171592380573	0.7591053274241631	5.10340772633979	-10.002359813192502	-15.639847621683046	1.9956291022285	5.294674777598494	-373.24663001402814	-254.3715397768632	-19.20094642839453	-19.471416927716817	-21.839604461184607	-17.466242054470925	247.98837917223835	157.08772569267762	64.28570712117835	154.48607380714876	-32.530126559652416	-38.11950779368415	-30.551820181743594	-32.837810930959805
51.46976851851852	-247.96897963383302	200.00995276230867	-1.9963176698027019	1.2811351684689043	0.8133115080947335	4.8531051799989084	-9.667151581772494	-15.52774592806877	1.4405193979035094	6.143971890058128	-357.85858465865124	-268.6035029248093	-19.85372235727229	-19.37649071410631	-21.865961363030124	-17.83415782282293	246.44012474218295	156.9512033811522	63.92486622028347	154.37826744810997	-32.365819223050664	-38.22217404763475	-30.979704849998583	-32.080693395504696
51.509791666666665	-211.314830873137	201.5642508970894	-0.5149535615078868	0.4982710511979977	0.5846295047477731	4.6965218956172965	-9.310258264326857	-15.433123078312866	1.0617417647303407	7.871556585866818	-323.1535548011481	-266.88743135553136	-21.053087646192964	-19.149177728008283	-21.920629464896876	-17.97743396758635	245.81708844949281	156.91647916627727	63.680787096719925	154.7896748949009	-32.23506897717098	-38.37892931993338	-31.096140015206956	-30.50503220574828
51.549814814814816	-164.99810490017825	207.39822965639175	0.45148912833259	0.45454826649143143	0.4734400765000565	4.6675599790142295	-8.814462599612517	-15.442997124225295	0.41228380421331584	9.56233435574284	-278.0633013373119	-261.1258491798051	-21.771572853450948	-19.12237308591807	-21.901179098511392	-17.984714725983153	245.92736474831906	156.93684610189496	63.354976963202	154.80450139132728	-31.888903368666732	-38.52995695516536	-31.048994063401835	-28.96761148468441
51.58983796296296	-131.7283064990518	203.9411760119147	1.25907371274505	0.7320399120100377	1.4471518180283622	4.659591615074731	-8.410652699849061	-15.25940132665459	-0.08996476269033772	10.01274835688271	-244.6113276906101	-264.9499714409255	-22.098735914982626	-19.15621062543657	-21.192524976000072	-18.14872423720061	246.04457477879436	156.9402094171025	62.77576921663911	154.10193766944815	-31.496477074539314	-38.326103327592904	-31.00806251809132	-28.31566115896996
51.62986111111111	-116.93374275142399	190.19618156062944	2.2100005122448287	0.702660594211252	3.123187841240002	4.537534833808065	-8.460862243425616	-14.845505731723962	0.25438633140547584	10.423761855530014	-229.08505274833425	-279.00938637350606	-22.1157830553327	-19.19004243431995	-19.92301760788311	-18.516789622886506	246.03554472716257	156.93883864342763	62.30529228115894	153.28915915237008	-31.520878341493884	-37.917486532839334	-30.893605721537426	-27.491282945712015
51.669884259259256	-99.53051767426517	166.39481745755285	2.2039472825701134	0.49649465871537657	4.201506978629138	4.290395326418525	-8.699166575865068	-14.427296714693265	0.6774356849505451	11.902504951418225	-210.72635254709172	-303.0418453094211	-21.32371470060434	-19.390134741271865	-19.060548149979198	-18.9429534541824	246.00597954318005	156.96075875223107	62.18690920690607	153.14338667818785	-31.754505451891887	-37.64322633619152	-30.78643116292062	-25.72799749832241
51.70990740740741	-75.82595485302858	139.8066929489345	1.457471134086384	0.2898502633592957	4.737937453290193	3.8590517375956988	-8.454445210588409	-14.009037100970657	0.27349688275968426	13.538442701956486	-185.91148519527917	-329.98219410753825	-20.089275728394526	-19.78742736040489	-18.62201631776925	-19.49675728993975	245.97768016030142	156.95275116873933	62.25369198667448	153.42074042585682	-31.58275518008044	-37.339395718322535	-31.14174395597331	-23.81040201033467
51.74993055555556	-60.832463270028455	127.55182869737348	1.7034958563854754	-0.2782556370972118	5.749793190439535	2.996158788172903	-7.676526643030749	-13.724372412195427	-0.37764661663810956	14.799587266041073	-170.2674459228818	-342.66843093562505	-19.436087015547415	-20.22586604729662	-17.7387700050014	-20.497991965828206	245.9362983440966	156.80040089461377	62.34684663124658	153.55202826353732	-31.042560090224683	-37.06075220007553	-31.999246101465843	-22.338708158339244
51.7899537037037	-50.02628632897955	126.67952973678081	3.024989437597671	-1.352804323432313	6.936567630635348	1.4756020189812178	-7.405811779970282	-13.813955275693925	-0.5716794832243368	15.88319547806821	-159.45382111827024	-343.9279800784926	-19.50512684021041	-20.611318304061513	-16.495093145102274	-21.96124069060066	245.89259562213675	156.5482659816944	62.33447712052483	153.46634994916798	-30.83725617830352	-37.298187469487345	-32.597922591132246	-21.39317220862408
51.82997685185185	-35.62807270777254	118.85302877304576	4.14724459666273	-2.3696515010094985	7.288787070190269	-0.4969910328848171	-8.541021705793906	-13.991781740678064	-0.3757427293804616	16.31882020746729	-145.4009440441327	-352.1156700388657	-19.67906263666191	-20.982763573660506	-15.556549782077752	-23.33802784147558	245.87139798120296	156.40123784676047	62.12562082188519	153.73109009149942	-31.404555174134998	-37.80784075250999	-32.538427237164456	-21.03029534358795
51.87	-25.41261878025931	106.14468471284572	4.603801091017921	-2.9987544564333386	7.276800662758673	-2.151298039677425	-10.081647058600993	-13.878839740081437	-0.009987169782272412	15.920949087108418	-135.52201836663488	-365.18749591043655	-19.59371714564945	-21.32063188800163	-14.925436033592732	-24.327232086420494	245.87570246155286	156.4181526819932	62.03373211062896	155.53163320494116	-32.262700949857106	-37.663824024713406	-32.312228018384744	-20.98745266923116
51.91002314814815	-23.200816434356234	99.12357410143333	4.8624553786704645	-3.401982901450619	7.556288298289964	-2.9759791570620426	-10.66807229087977	-13.660309171619943	0.14261156136343892	15.092570070488819	-132.3384630293104	-372.4536774879252	-19.48019527046017	-21.48338376104323	-14.43839104909783	-24.980303427281555	245.89367981841292	156.43224052245878	62.570478179798016	158.57086601173157	-32.66539457817048	-36.63716877772737	-32.39305069580642	-21.08584443654229
51.95004629629629	-24.841949554912095	94.84411108086294	5.4518634236447845	-3.741314968471927	7.505679826821086	-3.3359653552663637	-10.898861391874604	-13.657469222887324	0.09972800940845745	13.895926863150683	-131.05182106978333	-376.58339209694475	-19.65279746454253	-21.453057520958808	-14.19352958510629	-25.190483049012798	245.93089457936975	156.27164294438626	63.67151676057554	160.46734995231367	-32.73581111374334	-35.538902604568975	-32.62012311129867	-21.621264847485676
51.990069444444444	-25.849542440232216	90.72762964364146	6.103516735775204	-4.299895787775043	7.014725994566878	-3.7485474339765124	-11.77104002530672	-14.404590173167502	0.726272625613696	12.794378783281259	-130.4296379172057	-380.0810936238361	-19.93675909863012	-21.36487320177075	-14.134186533846886	-25.11151517522387	245.9781502461671	155.99410794043217	64.66314236800412	160.35644513024397	-33.14729456585049	-35.611977191489686	-32.45308477250818	-22.89534146142057
52.030092592592595	-23.26477613537832	92.98513941076521	6.264269239774915	-4.644733294092266	6.789279266397388	-4.09209444379473	-12.806701820381532	-16.241365426943304	1.8071329738482425	12.076694198783587	-130.19234274914578	-377.49345898839994	-20.03162878403448	-21.404138748150757	-14.098967630512576	-24.9990291918799	245.99834296823173	155.8281394832257	64.98795771175769	159.76623009852125	-33.817069172176716	-37.245544126176654	-32.01728718789106	-25.17773102803295
52.07011574074074	-18.018442460754745	98.21582293570398	6.240483181886865	-3.5816828501611226	6.8780892405318355	-3.7875725357988865	-13.223243242730737	-15.884430751055673	2.2906369224126606	9.725099432936654	-128.13168414657065	-372.9857023557869	-19.9881659753068	-21.778431728297548	-14.036203512019	-24.71340761446504	245.99025565627727	155.83363558998593	64.80464610056578	159.66558511056516	-34.119322001239084	-36.83333828632702	-31.76173287886259	-27.094115399188638
52.11013888888889	-14.491527207330384	91.37174495533151	6.316490626639768	-1.257540866333157	6.777267241390129	-2.8302948410698248	-13.231361185701898	-7.747237262773938	3.0525596845832994	3.5216552540283135	-125.39735293769495	-380.95390224680193	-19.98355925684902	-22.329862073401117	-14.008551502562995	-24.27386245711027	245.99224513653894	155.87371618162314	64.73311180229378	159.7429799098789	-34.063660602783074	-28.514124781338523	-30.96549802828767	-24.99272597575809
52.150162037037035	-14.896614662089974	75.61137346644614	6.061861493460796	0.3743992427413677	6.289623731156037	-2.2509830213045743	-13.354498833403547	5.37196948148311	5.271023133040566	-3.8106564934559635	-125.2375689098675	-397.0708723581009	-20.043655599839497	-22.473918248051675	-14.208308390649151	-24.023076909364846	245.98862402906218	155.8757030759857	64.91193805627952	159.70114313870738	-34.02180927705767	-15.111410384552741	-29.10129711787897	-18.93363653590508
52.190185185185186	-9.560567925602083	68.8768247516605	5.376069316229589	-0.02986428430151633	5.7258199378835135	-2.624440439133995	-13.64375363314731	13.043173763986578	7.941631911184272	-6.566080775790294	-119.55170091937039	-403.26185272360726	-20.06675418123379	-22.208281016829645	-14.710457915408156	-24.098670784952674	245.91683383152713	155.8477170479008	64.9291518702995	159.7556984203488	-34.03761264022995	-7.4007979536820585	-27.00226842221629	-13.955181142471062
52.23020833333333	6.2947055094968105	72.36259627804668	4.637365932161186	-1.0371758374900975	5.380522947193684	-3.116576945325544	-13.766322929375557	12.847476527751466	9.97889935836772	-4.4057784039313255	-103.63156280251927	-399.4398184214419	-19.983129142160337	-22.51240887125195	-15.307298284006094	-24.27626766403033	245.9286240331814	155.82472144452953	64.60668097143434	160.15375789911786	-34.054951933303286	-7.887420825513146	-24.998123081469558	-12.232180146049544
52.27023148148148	10.788891916821791	78.00637573158264	4.091288948900949	-0.6640405836477552	5.206945956914202	-3.10737208362944	-13.431774736763343	11.468176290599747	11.590422076619197	-2.079896873853002	-99.15061290950574	-395.55637564999927	-19.930644121528786	-23.39192486726411	-15.830421409902712	-23.973117099519698	246.34456202155963	155.9487888553321	64.38783015585166	160.33902269041585	-34.120008688532025	-9.55823247887227	-22.902935375002883	-11.68331633473629
52.31025462962963	-11.159261780996326	81.46693474374995	3.7951900021339884	0.2571335460951413	5.1343455428004345	-3.1206838284452396	-12.795135715174208	12.873200420169757	12.946452076988116	-1.9299166418883675	-121.28278983720323	-396.13036999246833	-20.1130654273134	-23.495020221354835	-16.327574150130445	-23.11093869220778	247.02456801229675	156.36046535178576	64.82251517419913	159.48515396024584	-34.20889777359517	-8.319181282280297	-21.222169203660087	-10.620399233858464
52.35027777777778	-40.99817368258179	77.30377783241397	3.5166904638700327	0.30624911531806664	5.029763453528999	-3.089478474721369	-12.072311312706256	13.452867402958553	13.751661546091082	-2.8035922182641535	-151.46022648367517	-402.97683905201126	-20.462811249505123	-23.006795983369315	-16.965557101296568	-22.700016262478854	247.51701465287272	156.95366220502694	65.67085075563743	158.06943371473955	-34.12408916728471	-8.04378329597155	-20.305276803947734	-10.743201369745336
52.39030092592593	-57.744864492891296	69.88739892994867	2.93005864170558	0.10343547451392322	4.472535214594505	-1.727139533165064	-11.204345073437485	6.257171909310626	13.506639337469274	-2.890989620035554	-168.6631152109356	-408.73604028665983	-20.92011168556256	-22.67485576646409	-17.975580587691795	-22.564706453295557	247.8194204648608	157.37927530861324	66.21494897739534	157.28836927217617	-33.65918793157235	-15.724428548084973	-20.160313691200628	-16.419115081338404
52.43032407407407	-62.32502645597918	69.45532397148403	2.330181663127523	0.2692502987813443	3.3193645966768655	0.8871545117462204	-10.356612012928496	-7.073540705349337	12.008832735077506	-0.8938151651300094	-174.04225727709502	-404.9863834095539	-21.717236981737784	-21.6613448686782	-19.276982644051074	-21.36233502584608	248.237538407488	157.37416645881115	66.31915368162898	157.37485258316943	-32.94261902024826	-29.38143406917864	-20.94707530163342	-26.65485800627239
52.47034722222222	-65.62750185641251	65.21486031508003	2.2015090777034323	0.41963039149755205	1.9853288299494436	2.748947638843094	-9.981534892250407	-16.024646948902824	10.03117623142626	2.5531845791072003	-178.2240629761336	-405.84796751528876	-22.59624051674085	-20.202176726243323	-20.426517417848828	-19.73896705708296	248.83644753741697	157.09302995953234	66.17812994624659	157.77121990104212	-32.424251180295144	-38.32706888399258	-22.359811029327915	-33.5683825064048
52.51037037037037	-70.5063609034363	41.836338508924875	2.2190793379517557	0.49794289928934565	0.9199830503105756	3.0991943944694706	-10.179169689088905	-17.414452651423712	8.39450512166238	5.532240627249751	-183.25612675118242	-428.05175595333503	-22.749741159226843	-19.66055875165469	-21.180324399059145	-19.023057630051227	248.99617730403872	156.90238703376411	65.72448141105191	157.94637209840965	-32.30387300054889	-39.50674945588206	-23.88402622467713	-33.875939892484794
52.55039351851852	-72.14233285816886	17.749624047586973	2.0380486060982204	0.7534264484596487	0.5474620567063492	3.0149908899632027	-10.579658847892626	-16.78869781101866	7.005751560714545	7.35481387577749	-184.53110778891767	-452.4073106698606	-22.388828310652116	-19.905721392483983	-21.411733018295436	-18.9332295825794	248.24367776137734	156.9004378810268	65.08159894312757	157.89871287624098	-32.35393937970164	-38.72007561254827	-25.533975684411516	-31.785361179051932
52.59041666666667	-70.80240396199875	14.944035083743815	2.0333651698141457	0.961998889786902	0.9926773314406	3.1439879860270326	-10.909279933560283	-16.76692584016611	5.715984020901829	8.34793907889946	-183.31746903197262	-455.3477615659137	-22.515073335015032	-20.05796741096806	-21.109407626731638	-18.955221513562165	247.5940932391374	156.9441699704013	64.64514946179897	157.8815066726625	-32.531237376013976	-38.88622400800277	-27.29734602756568	-30.569654288559406
52.630439814814814	-72.12858708014716	15.282415107059554	2.203914596786991	0.6253522402647488	1.608124910857146	3.2538691541057823	-11.053214647748826	-16.4978773420208	4.584449891389464	9.013122294080908	-185.0691589279814	-454.53799827525967	-22.940563953883853	-19.784045822808437	-20.781546292115493	-19.13512247554152	247.82357293792325	156.95383481385514	64.47971938810483	157.38635752908445	-32.95839614379271	-39.16848101511553	-28.85609994579592	-29.806640460464394
52.670462962962965	-72.22915129600538	-0.6129039288489417	2.143708933637298	-0.16128463226960932	1.9626508378048437	3.170889512282272	-10.668218724426243	-16.084963270636962	3.2608603831939162	9.841328527323274	-185.06795661162386	-469.8614954017659	-22.83880317285336	-19.286241775000107	-20.701397231819357	-19.482635549984224	247.80379959575885	156.94722676085973	64.16661307652326	156.1247438065664	-33.183536773833055	-39.209205762129116	-30.059829402856494	-28.88512921138704
52.71048611111111	-60.123906728316825	-20.555687798289796	2.017114097990475	-0.7054953502877416	2.5848768099432675	3.1393824361905796	-9.786269557304298	-15.99098614244546	1.8855353404385033	10.436522316541586	-172.5159740974492	-489.52331452779407	-22.392064416221146	-18.976644664618362	-20.329051581184075	-19.782894055541277	246.8257868083253	156.94030483681536	63.48719274674396	155.17593196823603	-32.807239087829075	-39.201274506294936	-30.822996063299456	-28.4958484224706
52.75050925925926	-43.90127150689294	-35.723349311236994	2.0269062781031857	-0.7347761812726599	3.82057722171986	3.5557035801531973	-9.306155791750333	-15.898968428842716	1.5623455855525517	10.524250306901706	-155.99675198884734	-504.76289818503045	-22.095479646260884	-19.033791875872936	-19.40255469791407	-19.737278800922383	245.93623604671808	156.93143566752664	63.13701274005065	155.2560269501633	-32.37785747788915	-39.205468597976235	-31.0374398457586	-28.664410115586335
52.790532407407404	-42.050265432620314	-50.491483529106816	2.0295282171531426	-0.577409899603491	5.0228182210879515	4.202637137878283	-9.71389164240374	-15.643571823060043	2.369757920482295	10.935187774171467	-153.75609802451038	-519.8491194671028	-21.70585671303195	-19.35585374767693	-18.553765165858366	-19.35422179620089	245.80872794905798	156.92349226434902	63.8301191712735	155.89431894301288	-32.370682419776145	-39.14830119337135	-30.902533453974115	-28.21003469577289
52.830555555555556	-50.305301914024994	-63.08556267751002	2.314208791174101	-0.5323986442833019	5.5469786366316525	3.977237409391977	-10.323176025423681	-15.514635686435826	2.71239093676119	11.751416642351622	-161.41945190448297	-532.7730025719607	-21.114167738939457	-19.687951995262182	-18.11324979557415	-19.268719087217463	245.9431562559662	156.91970366847903	64.83986860506323	156.90859534892954	-32.47846042387674	-38.7556085598364	-30.854675647700674	-27.02288568102604
52.87057870370371	-54.639695327813975	-70.88579202938264	3.410196673974343	-0.6509915238888032	5.698070736606132	2.452381455038585	-10.469581027125772	-15.52867681829897	1.729038681421647	12.632517658272906	-165.54765621587143	-540.8416447091847	-20.907827576455688	-19.95490359475133	-17.46425555332982	-20.02780253898871	245.9538890541204	156.9156320197292	64.95636364540854	158.4670890923986	-32.421003882602406	-38.0378964045379	-31.21078635905657	-25.693698310818462
52.91060185185185	-52.61200081981623	-75.63901348052134	4.7783820091633835	-0.703406426590041	5.973770638096031	0.7621084905509031	-10.529475710613552	-15.533648472403682	0.6216967693589309	14.192195472376445	-163.638138956141	-546.1225043437803	-21.025977847525454	-20.48480865873057	-16.363617335944312	-21.16064407341166	245.90718504474603	156.91698724318675	64.45456917956776	159.76788215997695	-32.465733791927605	-37.49282934401354	-31.83807732895005	-23.79522380438422
52.950625	-43.8664866116534	-78.75441709080485	5.171523444729738	-0.690963701536642	6.220365557572778	-0.20180127817730578	-11.131560710527383	-15.556669064557388	0.6621255950028979	16.097271088055514	-154.57584140402037	-549.9111759642306	-20.710059220581968	-21.165151165301452	-15.552837683552752	-21.95398297925169	245.88850198614472	156.94814299745832	64.16441714257132	159.75184115311004	-32.96754436223466	-37.328898003506325	-32.28245777163893	-21.550505176006368
52.990648148148146	-31.186127621615054	-81.18653276347908	4.602415356479637	-1.267538257846918	6.210243620118479	-0.8788183186233267	-11.832014958696401	-15.58637249021872	1.15581729129416	17.162352394040898	-141.27223489337598	-552.5378976666232	-20.087337015098925	-21.34667024880153	-15.465958401308171	-22.626039174450625	245.90265461033192	156.97073615265023	63.80852456461182	159.12063317147278	-33.58997945931543	-37.33416253945141	-32.405677894526676	-20.172731122403434
53.0306712962963	-24.969271113132482	-83.36875467587615	4.360198143629399	-2.443670488800729	6.175924308442916	-1.7909906097468702	-11.965688296305862	-15.703678987010766	0.8985941583301259	17.46600923208849	-134.86512464228696	-554.5048429070453	-19.892295374591328	-21.08499394874802	-15.528224364769969	-23.5116726387853	245.93231299706906	156.81324021036318	63.21898026378142	159.13141286764676	-33.724452863438785	-37.419951583788745	-32.427569432040954	-19.78917750881513
53.07069444444444	-28.67103555947451	-85.61864281750182	4.875911853790996	-3.2855233560798567	6.242600409261899	-2.684915594060711	-12.085303631725106	-16.14344709372126	0.5254897915252584	17.587545622761624	-138.7725562015571	-556.4643134687487	-20.092874604749582	-20.851154779118815	-15.219938983241718	-24.133731720771266	245.9719139513477	156.38783557202322	62.96995387197672	159.38280063510078	-33.51713745250564	-37.59184360951515	-32.430869634286424	-20.028516734627303
53.11071759259259	-34.4997704254231	-87.79698843663655	5.263277163516439	-3.541676793427987	6.18706406926079	-3.180431656582298	-12.719684269430125	-16.73777605125056	1.147004518614021	17.48151084455304	-144.61874324580214	-558.1397659096488	-20.13590656611906	-20.64134588988719	-14.87356556096502	-24.1915506125045	246.03481210969295	155.9359555347948	62.940807942715	159.3407370027996	-33.41538452303122	-37.7553792066755	-32.27875767346072	-20.956157856564886
53.15074074074074	-36.21591818075202	-88.15881397334397	5.381933112986264	-3.6157944774165034	6.066741530878069	-3.3314991895945587	-13.214317361359631	-17.096554554972666	2.2104683690608518	16.461413161194898	-146.28441906411098	-558.0402926782726	-20.12583986040505	-20.439453814799705	-14.743543225022364	-24.06588690754326	246.05645871537217	155.7482558154651	62.62947811100187	159.43973139881942	-33.42557622160167	-37.84517481720697	-31.799178119738826	-22.496294202763423
53.19076388888889	-33.84525982307041	-87.34515265591423	5.794529736138236	-3.5765818380937917	6.066672757483613	-3.4042114843883864	-13.13906719450024	-17.155038497728846	3.0406765458868485	14.057039532899855	-144.32523309178805	-557.4067678847426	-20.406292531633213	-20.45267138134156	-14.611325984682196	-24.03502907068298	245.81891746194026	155.77303521761394	62.22347959677792	159.71153261141876	-33.452015064078836	-37.80325547805627	-30.836459550352913	-24.385306188414873
53.23078703703704	-29.953811676411707	-85.71862562616323	5.976633542009231	-3.2492201760701933	6.016484853341973	-3.464621259380751	-13.01679540177619	-16.869404256505323	4.3106707354808185	11.281436000904456	-140.9229800694131	-556.6667763249833	-20.605387128886434	-20.856088700048588	-14.628208338241123	-24.10573475147396	245.57986800833027	155.8374365224994	62.24385701190347	159.85932980310304	-33.643716583594994	-37.50496804076883	-29.357820778455718	-26.184203093511044
53.270810185185184	-28.459194952095228	-79.73011573132156	5.590641088172385	-2.5934691934938727	5.932002804354458	-3.2857721805422746	-13.154141869592596	-16.202723192652517	6.497782788748083	9.424696506289393	-138.73580967364455	-551.7106874730106	-20.548436556885733	-21.594836452447012	-14.959025470327447	-24.1867615669545	246.10730974525052	155.98017340312174	62.995006465011876	159.84542383119316	-34.106864844434114	-37.04216032274566	-27.5375389567769	-27.63689904879874
53.310833333333335	-32.13091801418315	-74.29687126092728	5.482788912469466	-1.6706999607540332	6.127608382890007	-2.6681910848540555	-13.22161728024251	-15.854775123589334	8.859591931407696	8.380046849219628	-140.54369512078665	-546.8452350538533	-20.63726589925716	-22.293693752960607	-15.15850887516497	-23.96234292557051	246.98444170854594	156.22552293461496	64.00378623013344	159.54316401105928	-34.51537674599406	-37.15714667791278	-25.64620924253245	-29.229856937237045
53.35085648148148	-35.78329135671315	-80.11680522428061	5.731257594565779	-0.4788115986934667	6.364825291126685	-1.7757155092438113	-13.096192435180662	-16.68403586119152	10.694135076174286	6.567772970343097	-147.27295292601826	-552.9239882119859	-20.863418996737977	-22.77565984773193	-15.1269627485364	-23.25714704163252	247.1633658375206	156.39728849196138	64.29969895308477	159.0003320305276	-34.57779468536171	-38.51871747871327	-23.895402191377798	-31.402102249799114
53.39087962962963	-32.3241115812164	-95.61023154338564	5.348708962218255	0.6009783460685701	5.893368446212294	-0.9123578498687518	-13.237489389461496	-15.89056683179427	12.322550459705433	2.693521975324752	-156.42614594785	-568.539911987644	-20.941547946484093	-22.916641181512475	-15.567207181860795	-22.328107844730695	247.19202341855055	156.38941424021345	63.81843311303383	158.62884695577537	-34.69575633905545	-37.9665387102485	-22.375963106324107	-31.77287443197065
53.430902777777774	-32.24789024043775	-106.47816422414236	4.073160277621517	0.7765715709713449	4.634042267067517	-0.31428581593459476	-13.862061075002266	-7.346577175074128	13.992686494668684	-1.3197280328552505	-164.74341808786977	-578.9666060631473	-20.823796105223835	-22.537768058814777	-16.769790199587163	-21.751887759165243	247.82912075249288	156.3402583384094	63.49815745936637	158.5885280724546	-35.26798221744545	-29.28842450242678	-21.272971759724	-25.888086575903927
53.470925925925926	-46.023167211327475	-91.68920990484966	2.7908814384038867	0.012523944673431596	3.476361800058142	-0.8109966763867571	-14.323327208750714	7.341742359655444	14.986336408079017	-2.788790395632425	-169.9184131833169	-564.0964708033916	-20.734759543951483	-22.74907431172288	-18.100619795455742	-22.660612201549682	248.32712980680884	156.50994972843034	63.891388017118196	158.70672066607597	-35.902467264898206	-14.547440032511474	-20.91387568673275	-15.35298595885358
53.51094907407408	-57.06045397760856	-41.93853033210995	2.308199529292622	-0.6620737353166065	3.1045270696796248	-2.749366060280054	-13.942655597766407	15.183824135799007	14.559838037197856	-2.757085462787047	-168.96776622679295	-516.059340924598	-21.281069752301377	-24.02087903516049	-18.928743666523985	-24.70436065482103	247.9156705965733	156.9645677330909	64.60017697295636	158.74716328421675	-35.97350490700478	-6.94626486948151	-21.416119270822804	-9.777252876088752
53.55097222222222	-55.877683447535766	17.194378054614873	2.3559041578810196	-0.491417160624666	3.0283094400048713	-3.9555807245716923	-12.920812185115613	7.535915690675977	12.892945295387536	-2.8277385283024303	-166.31921712441488	-458.6815770701133	-22.666022546843465	-23.812793454591116	-19.382805183295986	-24.753448428959516	247.04360999586186	157.34278003436566	65.15493992822334	158.33448260740374	-35.321118230561495	-14.7416481179513	-22.43901099283893	-15.540726771434635
53.59099537037037	-58.0465981957084	44.205035713459644	2.207647771020803	0.04076327722412811	2.2724152124719845	-2.16198377143744	-11.928358655786836	-7.515264846847191	10.85585612331172	-1.6298440349865477	-171.62004130791593	-430.3891952507723	-23.84526452817437	-21.195376662216134	-20.11058545352786	-21.894329462620234	246.67417180637375	157.3155598855646	65.54670829113792	157.47114008929933	-34.31947110913032	-29.660837353264895	-23.455519002986392	-27.13887398129596
53.631018518518516	-67.18960866811126	30.90948270945155	1.7428393588752105	0.27139619287322975	1.0704618819998841	1.405966581461379	-11.206769938698818	-16.180830115845236	9.086963270392397	1.5464631736928895	-181.41817224979764	-440.21458690992705	-23.86478168963204	-19.059250315893664	-21.19462997397477	-19.237489425957165	247.00773950340937	157.19850939235926	65.76526777357267	156.85832611788607	-33.537401981212824	-38.308167936669676	-24.38484176059511	-34.13533999660345
53.67104166666667	-71.86312781438073	13.535297498092161	1.4241789755362506	0.4589558154391228	0.6431879703775805	3.9058907936251512	-10.707775382252038	-16.491331314125528	7.74218056897909	4.7474928770508305	-185.2859232423046	-455.48772846658784	-23.349116855864608	-18.92361206407739	-21.880809486066823	-18.487146179654374	247.37026732262132	157.45433707448666	65.59990424049718	156.8068164339125	-33.21290858114351	-38.99831497075539	-25.48945281707151	-34.04645561033331
53.71106481481481	-70.93615073161565	13.318916237545489	1.764671484132592	0.5848515416872588	1.2180294743068363	4.619995994574137	-10.606391898992415	-15.185533959274116	6.719582421972871	6.944016346694172	-184.19719133326248	-455.58965947720566	-23.318384142459493	-19.258936304961935	-21.7104491842788	-18.596700555427077	247.5563379707453	157.8522071390137	64.90376490399927	156.79459106957913	-33.14705800218023	-38.14076609825598	-26.815537370388114	-31.66254027238483
53.75108796296296	-70.80430954050843	8.527547716224397	2.4030950675639966	-0.0544625667006114	1.9148681860448977	4.546373632070385	-10.777430680131442	-15.3098322845923	5.6166362596513455	8.819133966642823	-184.2128016252849	-460.14810142362154	-23.4254152290318	-18.725316612448893	-21.041483401060788	-18.763453525351196	247.98892180740404	157.89477533688512	63.89770929948736	156.64201026382966	-33.09681918906199	-38.348652756374634	-28.118063222141004	-30.041118637237048
53.791111111111114	-72.34504056907926	-8.612877395400078	2.3840215770083666	-0.9702361584660654	2.238730678018393	4.356030224962249	-10.705442133104592	-15.922122056629977	4.268117239747196	9.90539362945989	-185.20546197988125	-476.4944447432535	-22.85174439761431	-17.819332412895378	-20.442124670440293	-18.80732282052948	248.33317778965994	157.66390036547875	63.16086904807698	156.72571713935105	-32.99633891007228	-38.716502007459354	-29.117130751100305	-29.480502435000076
53.83113425925926	-74.98174617545817	-26.219960378680792	1.881615408231265	-1.0314864400035073	2.4915077941332306	4.267017297716526	-10.267391603856382	-16.3011140040675	2.9681606905633977	9.678019532084177	-186.95218413979086	-493.81290961474673	-21.96692803832626	-17.53852238926916	-20.080076862740896	-18.615636885000228	247.85142278576689	157.48855439944725	62.99431581620814	156.64345473349994	-32.80573573695388	-38.8792511072148	-29.865051326268457	-29.64018124871366
53.87115740740741	-77.33431672150896	-49.34197042534397	1.5583524784810725	-0.762116675091881	2.8336240787719107	4.175830399508347	-9.850792765842758	-16.382656877353238	2.010912417739992	10.012982352121368	-188.68970820768686	-517.056052167163	-21.356821347636938	-17.73474940159872	-19.80228987507074	-18.482386288704745	247.04916413877885	157.26605917074426	63.06837979773603	156.02290738307855	-32.55578380109847	-38.97645710769507	-30.479416793316716	-29.061215265545258
53.91118055555555	-71.61973829304537	-75.78201997978404	1.1849010104194462	-0.9968364576763528	2.962931793067891	3.8093579630326055	-9.8685285530814	-16.206566356025174	1.581032578654302	12.076342901550975	-182.308023426349	-543.3917345459994	-20.688795422240887	-17.865809928155272	-19.50524955073874	-18.606842086651866	247.1079433019671	156.9031926229972	63.04895185588675	156.14767428386637	-32.43177520978284	-39.00285828698725	-30.790632971668657	-26.901245416570063
53.951203703703705	-58.080836822594954	-89.97211007842165	0.6984620047125356	-1.14482048079874	3.1339002298115592	3.4418199614804985	-10.151631470018255	-15.80531713610633	1.5803400179225084	13.989380364846943	-167.8125049104272	-557.5409612760051	-19.7302650595216	-17.990842747774366	-19.03253349143594	-18.71676827924935	247.8034899628268	156.77996378680575	63.02674219991002	157.64171349451476	-32.46145789426643	-38.96226272150517	-30.795534371105305	-24.608078235819008
53.99122685185185	-50.49625378721262	-91.64883511025843	0.7393492620709794	-0.9041504664367508	3.9149720304402065	3.3617019211057326	-10.259901732303431	-15.548562209814731	1.6934533463572963	14.719168414569278	-159.42095105635207	-559.4795006662494	-18.925158887527175	-18.10143516994802	-18.185191880163472	-18.746513936257614	247.96101931297738	156.98497481466052	63.00515958042943	159.04090715391482	-32.47707384259651	-38.965758518165345	-30.748934819538164	-23.3293749517875
54.03125	-52.60022760945188	-89.1301196724576	1.662753308750806	-0.8851571536003865	5.050484891288614	3.0039228735269177	-10.418965687799496	-16.033319377657506	1.7912099525045844	15.67071500727116	-161.24388262953858	-557.293624993373	-18.6511296237273	-18.171650657044083	-16.98054164526674	-19.02989369929206	247.56428696887008	157.08105658894084	62.64951208718482	159.4304555303851	-32.44844519775275	-38.950020799495846	-30.75031704687956	-22.417518076543658
54.07127314814815	-52.96728457364414	-85.79973337142494	3.1063987862908964	-1.3402919972966159	6.142852667557837	1.8783629222854434	-10.909029390840205	-16.90913385372418	1.8837860841653165	17.18646798601269	-161.75441269096888	-554.4826753477705	-18.786886039556578	-18.548878306718194	-15.679283972809543	-19.944913832803678	247.32405502696105	156.9787160655464	62.06891707669592	159.37158364225016	-32.55287419889457	-38.723770907451566	-30.64876839362013	-21.48954052649559
54.111296296296295	-45.110520274147014	-82.77402906868022	4.250004981485523	-2.342411967383329	7.3247293401942875	0.37934843669347945	-11.05172896872474	-16.901841734348643	1.839298863112149	17.86417987464662	-154.0860924530656	-552.1598046827287	-18.93223743285212	-19.23048570828709	-14.727598880131765	-21.668684307821877	247.45264989910868	156.9501430049405	61.91101896305383	159.29478028131172	-32.83116507485249	-38.3931022607222	-30.415299849528708	-21.07372213342559
54.15131944444445	-33.489188468151326	-81.04335800440138	4.523126590097925	-3.721959058048764	8.344685747222018	-0.9145991397748217	-10.432482009907789	-15.926568866836714	1.4977313372295398	17.11368273016712	-142.35796895216106	-551.044036302857	-18.851828658117327	-19.91792751820354	-14.3553185659608	-23.598957569013265	247.8653738489598	156.98779078643224	62.05202623006827	158.9602624078202	-32.96759024046611	-38.179480041807935	-30.515385623359904	-21.448457382658347
54.19134259259259	-25.639339274085206	-81.89176985353642	4.28245205453068	-4.596687246585925	8.45667385792754	-1.9175355478743028	-10.282363845650503	-15.40900330320109	1.4043447258975863	15.70442763711547	-134.14502223465985	-552.4399215883849	-18.74961383877519	-20.549153630967353	-14.215513421477894	-24.605447663275257	248.29277414543157	156.80478657390933	61.78738983874341	158.3352649103677	-32.95125198354273	-38.102564247880025	-30.979456417505205	-22.390593864776903
54.23136574074074	-26.45243332639319	-85.82144065203649	4.397005451698251	-4.7008097311516615	7.8250459442893785	-2.91470735134118	-11.594239023009537	-15.804678360811284	2.610732851183465	14.244199804915088	-134.76303461166611	-556.6490124415385	-18.812100674608686	-20.8382027260448	-13.854208260319908	-24.69241544178938	248.48264705377636	156.31708204702508	61.29941174603622	157.98526861273905	-33.3226460056365	-38.08518021802736	-30.73293581347305	-23.68037377511139
54.271388888888886	-35.04095757447124	-90.25246556473185	5.2559489712610565	-4.8686966856438625	7.6518201993093715	-4.032924618203263	-13.084345166575053	-16.12327604070658	4.840994363353021	12.563684097232931	-143.60330384567658	-560.9215506050228	-18.85386064585714	-20.64659350478908	-13.32579159912818	-24.961915979961162	248.21907570011513	155.92017547231114	61.16565695068477	158.33832221209812	-34.05165088449969	-37.86920667849459	-29.29416253848933	-25.371777585044867
54.31141203703704	-42.35177379874559	-91.3803804778169	6.314313391397562	-5.458802264841338	8.293459813924258	-5.033295274317348	-13.279584385503123	-15.961435320207846	6.671396249047959	10.859890576299216	-151.353818816414	-561.9993835404183	-18.852611813788144	-20.627215851459923	-13.040234904828836	-25.775453200613995	247.40538713531413	155.95517890494426	61.289914277587926	159.05980028245673	-34.47645112626155	-37.38208193521113	-27.53433751198689	-27.13254787898181
54.35143518518519	-39.10154256121283	-88.60896151246007	6.564757686681144	-5.20139868062625	8.557104365483097	-5.16983064407627	-12.847072334937659	-16.146154706182102	7.860849629928818	9.772900578251525	-148.3059655080147	-559.6723039981453	-18.976712235739527	-21.206718287829972	-13.152419982399081	-26.433895864908592	246.81435317187749	156.13221485531852	61.28153527734519	159.39879211617944	-34.52564012523064	-37.37232315693048	-26.18375172735145	-27.4344683057696
54.39145833333333	-31.793600035343463	-82.99495811763481	5.8882645157752025	-2.7204912461716573	7.681710664873189	-3.847521046320865	-12.867723366753001	-17.5004870905385	8.86238875832507	9.223805799312727	-141.03208144689978	-554.935485962076	-19.19029263875362	-21.941104792353585	-13.459814993391234	-26.293631486004756	246.93921720445127	156.08272592180066	61.24351301217728	159.12959662716813	-34.551523217935156	-38.61488756265656	-25.403436318411067	-25.840164958905348
54.431481481481484	-32.00073584999536	-78.78442758564842	5.4356507758180905	0.23016649121092508	6.695749161827541	-2.2871676286338274	-13.05110854565633	-17.04903566141723	9.292435525567354	7.6198990912217495	-141.48364714704633	-551.7208715545564	-19.4881708813149	-22.103078649045486	-13.720199094238012	-25.35896731210785	246.9616741188383	155.9387338770776	61.720914388764015	158.76958188905724	-34.41494080802654	-38.03559599639726	-25.111718189188537	-24.535983158850712
54.47150462962963	-38.23920103509189	-84.88755097083681	5.7955293630956914	0.644851007223163	6.623582607530083	-1.9653355143639015	-12.918755297201503	-8.623031404556555	9.179042897505536	2.6142052200097576	-148.0562855521424	-557.9338851155509	-19.833541733886364	-21.47629364627832	-13.760124338223335	-24.024693408955144	246.7040841654022	155.89030500290283	62.631104808210466	158.68543800427275	-33.88479834168389	-29.404263375542413	-24.754502288822735	-23.13326091905394
54.51152777777778	-45.89627424967743	-97.69833356240908	6.1002800085549955	-0.9221334048145557	6.937914405102511	-2.0981155837863676	-12.778568362942263	5.503708733554928	9.548873741653294	-4.146331224723518	-155.72038720930408	-569.5026318771395	-20.004389235195617	-21.02331599798029	-13.707389951045528	-22.827121380591734	247.0375580748348	155.857098459078	63.15103265752373	158.74765678419334	-33.45189542507184	-15.177420542327951	-23.90770569040393	-19.169373636522536
54.55155092592592	-53.33906615131626	-106.71833805828877	5.7717904889099625	-1.907060921894731	6.920340948965019	-1.701214244383261	-13.105072086017794	14.843323827255054	10.896279509310748	-7.55969851758435	-162.95314339022724	-577.3254787928289	-19.99052786446987	-21.940292987619387	-13.88618108636507	-22.224603568710634	247.92146730946473	155.82214513591822	63.058124262626166	158.82901992112002	-33.81286205049983	-6.085640583214527	-22.906745926474414	-14.79038956920246
54.591574074074074	-58.34214495460749	-123.15471407466815	5.213276340826585	-1.427757923334491	6.723359340664177	-1.5568996888069022	-13.721167095085194	17.11912904504272	12.653510668877555	-7.283711315583734	-167.85401166270424	-594.4401168609922	-19.958229549603658	-23.84830917251948	-14.304660221509423	-22.549762324592763	248.31958519345847	155.95551537856386	62.97550216621809	158.80167823861117	-34.737453984638435	-4.219615026441119	-22.086095156926177	-12.52075323796754
54.63159722222222	-60.91256651011618	-158.610967993606	4.528570046856681	-0.3016162802559959	6.325725944465033	-2.6329160477508378	-14.019168160208542	15.315081298013512	13.960837802724484	-5.87758982548829	-170.4513735093073	-632.2355380178928	-19.938318535035876	-24.93291499512877	-15.003111531388626	-24.009188158690122	247.87572633580658	156.25002269645864	63.24106158549449	158.4403988877251	-35.36621270416825	-6.222416362510629	-21.419068071593642	-12.518613445854996
54.67162037037037	-61.976728250283045	-194.8910990262943	3.407323675467144	0.37743337245981035	5.254779351592893	-3.9033929780192054	-13.894554671621169	6.295823762006828	14.292161829489666	-2.379979177593925	-171.61700540953836	-669.8910577861649	-19.931168134380087	-23.8133174280036	-16.231374738374043	-25.3988553125661	247.50164005281954	156.4340974390024	63.444354832638126	157.8705837916106	-35.382791289772825	-15.20699042616127	-21.07496403939433	-17.21959246407698
54.71164351851852	-61.14664256209088	-207.8722407665118	2.148949520309276	0.5144471010330298	3.7319188206795015	-2.877733010151312	-13.52467835423665	-8.017332448160913	13.633521895243756	2.893074026620984	-171.04088432593505	-681.5501105125929	-19.960383611664398	-21.33747825510021	-17.746397565640493	-24.341640871642227	247.86104709108508	156.39775564305887	63.34099464935692	157.39257249822518	-34.98765593904666	-29.481888201425022	-21.275050098463765	-25.899909413668524
54.751666666666665	-60.59272257157968	-202.85721308066476	1.3783269349607075	0.6460299625036223	2.482707474705822	0.4213421831784703	-12.758161366515294	-16.820622055900344	12.236864727619155	6.159226478683342	-171.01448140608653	-674.1479903574451	-19.8874429242356	-19.727846139237954	-19.04382235263273	-21.101019765088566	248.21345360475573	156.35612801817103	63.33068080906041	157.00158187896147	-34.28536383870457	-38.443415937520385	-22.107621426336294	-31.90485607715796
54.791689814814816	-65.10895755105051	-203.96641342549447	0.827329857589121	0.7844647914207166	1.7036378080692136	2.921132913229471	-11.521837253666405	-17.321550591563497	10.217547614342424	6.527656915872377	-176.00830901128546	-674.098004726506	-19.623564234760607	-19.66734188591822	-20.0719205271743	-18.8960139252177	247.8622540752507	156.5210246866924	63.49079698589394	156.88921240652058	-33.37259988467581	-39.20386951664085	-23.637606492148166	-32.670920929566876
54.83171296296296	-75.10805073659529	-211.01715283516296	0.18612424253355134	0.9110622044635115	1.2199021074199878	3.38452139467725	-10.260383589204364	-15.858580808238417	7.850516783691666	6.142683159448983	-186.36678106606644	-681.276539819523	-19.985926374607345	-20.221187655238808	-21.07234459008815	-18.937023874160175	247.51811585244013	156.80393371478016	63.37778472396873	157.1916632678931	-32.57646567603594	-37.72068588683122	-24.588757357954293	-31.643041107717067
54.87173611111111	-83.6514271702849	-208.52320569484127	0.050276861805607025	1.3477122985272887	0.8966399949335573	3.231308650168654	-9.736506405009674	-15.658354478410107	5.945543925150602	6.22264433739247	-195.80410355924334	-679.1561747057747	-21.644092285850107	-20.681767508985928	-22.101965181316388	-19.544748209896966	247.877935105142	156.96615312259252	62.89972518202017	157.13401507871734	-32.31148723851045	-37.255136676803204	-23.51063988113107	-31.038139954199153
54.911759259259256	-82.94137503285472	-201.34011632137845	-0.0223095068576634	1.9021295189825662	0.7279721781754246	3.188775968347538	-10.151941391420028	-16.01868497702887	4.993149457927959	7.402495104605225	-195.64204875855694	-672.1789611451195	-22.758180704721184	-20.842155508175594	-22.723893861744784	-19.68461047577044	248.20256288194963	156.971023433203	62.414486532580746	156.28958636075447	-32.673343928601525	-37.72112808263023	-22.984319614360032	-30.30791417458323
54.95178240740741	-76.85323427353649	-199.07364726406297	-0.8400588250199807	2.1258910621012013	0.6927565451879011	3.153520099392152	-10.595692721567294	-16.31441614425665	4.5470410899163065	9.716881601989785	-188.68745201918034	-670.1636160043942	-21.929099389887924	-20.848734343099977	-22.677308515456957	-19.62600996654963	247.77719275272523	156.94537035411736	62.2161098128139	155.6322957880863	-33.184679967220035	-38.58338334052462	-25.777900495450538	-28.86508659984689
54.99180555555556	-76.44875181131513	-202.99215337821374	-1.144154067205943	2.1619760971415882	0.675623755869062	3.3490461609315263	-10.221279903186849	-16.388258421364792	4.046347069690913	11.856678643682462	-187.7824334405077	-674.4832324970066	-21.326795234762187	-21.060895707714423	-22.473933130532714	-19.560576271134977	247.5328737761895	156.9439036022914	62.24055652444886	155.82973313840893	-33.2755208736219	-39.066339853080706	-29.045925546163346	-27.211053375250657
55.0318287037037	-69.5160367044412	-213.5147720011959	-0.009297235892486235	2.076858444547623	0.9282635609994925	3.652338291914848	-9.44978696822981	-16.389576550030426	3.395704424661734	13.027029761366137	-181.79532647038621	-685.1999061807953	-22.243912086282123	-21.46122346616832	-22.269332659070884	-19.57105520195664	248.37334998582128	156.95567016565965	62.2523879464881	156.2539587701815	-32.95978408804119	-39.22357623190925	-29.98527091263597	-26.19472309127883
55.071851851851854	-29.917729179113486	-222.8295273483669	1.399124100424879	1.4378822642614182	1.5546457077597462	3.340856784709994	-9.221506491897692	-16.59533158192525	2.808360078273156	13.341304396431918	-143.00873159214285	-694.2734371391443	-23.104586695309976	-21.67556522498441	-21.7062661783321	-19.9624507545022	248.98768756626157	156.97504765315233	62.19770425580488	156.37831293868737	-32.683258401846174	-39.64097384784168	-29.935466203412332	-26.30041486259708
55.111875	27.04710063640656	-223.12401750225388	2.1659775420186693	0.4812443633474417	2.210154625140811	2.4100233886410702	-9.587006440579978	-16.774544055102357	2.6376950027374924	12.574547373998268	-85.91444677037292	-694.3141587011427	-23.082283138383616	-21.62948173750489	-20.91331031151465	-20.70615137743232	247.91982924203728	156.9472734432896	62.169785219990224	156.3525970125135	-32.709101789836225	-40.02195517313875	-29.97965533366738	-27.46083275317693
55.15189814814815	53.15318476698332	-221.46236443002007	2.687457699016821	0.2862432253324191	3.276813171577848	2.082243743030873	-9.583587031785006	-16.38612524194375	2.750594594772206	11.04228909516699	-59.61597717932851	-692.9765646175856	-22.73725167176994	-21.761639900117842	-20.048557283330013	-21.237947303345948	246.3941297375494	156.81438603888256	62.18821837297342	156.17497449191904	-32.87709926221673	-39.70740325451615	-29.869208634191693	-28.665054391085278
55.19192129629629	34.21516661185582	-226.58269444740242	3.552105027291948	1.2559592765089247	4.969824156181097	2.6154871909217516	-9.010925992167088	-15.569980971179413	2.7339819119404565	10.235939746951301	-79.03437552773362	-699.1935300107831	-22.551335992901755	-22.61586599760183	-19.000862632613888	-21.391764549357063	246.08876933742891	156.6642020125588	62.1919518410099	155.9397736843635	-32.99253995223208	-38.63901003083859	-29.859476331834983	-28.324687001360985
55.231944444444444	1.387461947169021	-237.9824749271656	4.717734249807204	2.500548727277125	6.092707587753693	2.068336120211642	-9.155575736111656	-14.85507884397915	2.8156364061076236	11.145441374457144	-112.28849759819555	-712.3211622557259	-22.522956768473932	-24.29636661320714	-17.811156783597312	-21.838856728158902	246.49473847214108	156.6364068406676	62.162959101337876	156.4323791111762	-33.05453158137226	-37.22479493991517	-29.99862324776693	-26.046464770268557
55.271967592592596	-14.57973709449253	-250.77982535875753	5.713257849169747	3.0305916613782764	6.1754664590382236	-0.34190749309888613	-10.318804536622137	-14.255017024600262	3.1588847746954594	13.043349504295643	-127.62359202532947	-726.9620044914153	-22.35171518200805	-26.17819540939732	-16.634013054361716	-22.93836135191978	246.803735029417	156.76981586168162	62.19903420016758	157.77753400620003	-33.04569431299302	-36.041461955456896	-29.90725564648838	-23.438501330917276
55.31199074074074	-13.824067378639638	-259.2598356198384	6.179943693822855	2.7599000185622313	6.121869271450496	-2.1926753907171883	-11.279839579478793	-14.163036707368692	3.459877555380786	14.289798028293701	-125.76713687395547	-736.0636895387544	-21.945682943890773	-26.810862221826383	-15.729963055690519	-23.94142389632748	247.24994104529532	156.83910975434117	62.37447575920865	158.78076958962646	-33.15712481924143	-35.951767835224445	-29.7288328271122	-22.040492370341752
55.35201388888889	-16.927807488030723	-262.69390102139477	6.2921239097007415	1.7843948608115947	6.161585867632963	-1.6499786778406391	-11.732025914478179	-15.381904658633102	3.664502254913754	13.571537835086215	-128.2928908861424	-737.480749715884	-21.47276113520232	-24.788051983207467	-15.190739776808826	-24.19398056740694	247.4822111337213	156.46455260387606	62.549589247403716	158.86630709241803	-33.57924222333111	-37.4355356346306	-29.71725571240347	-21.4729861592281
55.392037037037035	-31.079211400963217	-265.40118087174307	6.670086378509237	0.19291428165722707	6.363779205641206	-0.35371645776755894	-12.10487502953532	-15.024497455157833	3.769250187401667	11.587691540165768	-142.35862666655214	-736.936305084266	-21.08235895367288	-21.534003915971425	-14.623826601489782	-24.162153736109985	246.70158239731234	155.91781351115054	62.6324295029221	158.66591746434415	-33.862104807402886	-37.090175140520245	-29.751172510833527	-21.149733465252467
55.432060185185186	-40.9902337431147	-268.7117100573443	7.394845905807225	-0.9940431056620906	7.1691954735809595	-0.7968984925443237	-12.203966024024686	-7.4036020971694825	3.56730477346931	10.85295884799616	-152.24747449581287	-739.5257884945784	-20.889704717603337	-20.81378850068228	-13.842958068363686	-24.48817649186337	245.54542718337916	155.8616668777952	62.806095965902955	158.61331563335145	-33.57173340554884	-29.026705719036073	-29.798293349215385	-22.33735276494299
55.47208333333333	-35.67950599516199	-271.5294326268044	7.741615332230367	-0.7646022065040731	7.783570554058118	-2.542010873529949	-12.063101760023688	5.142759679883374	3.413096024023614	9.982824869072733	-146.8061963785645	-744.4657067328939	-20.911115956957133	-22.936444579566512	-13.380457827876342	-24.6863263974802	245.3668397902594	156.10085930668467	63.26503853462524	158.63194181115935	-33.27630989446217	-15.93838842309134	-29.856613158865855	-24.901455861130145
55.51210648148148	-21.699988899825815	-269.397672944878	7.277279803548756	0.521358666176244	7.166567348918764	-3.055644560160662	-12.297175010816682	12.873981885397919	4.239693958511794	4.1473059925424405	-132.6451779071623	-743.8162311218834	-20.938349532905093	-24.41861926224979	-13.671693304569104	-23.74758564256456	246.2466275235322	156.08692413924496	63.964320236293055	158.65961380834932	-33.761101810076354	-8.101830490467677	-29.566002536183476	-24.665275226278908
55.55212962962963	-15.713788108623083	-253.08312443336519	6.249539408624894	1.7446178195682671	5.998958702897841	-1.8387708819289617	-12.934880412350033	13.368180756575766	5.822496976453902	-4.20272589453598	-126.36984358968165	-727.1086344204177	-20.69396064991085	-24.025492936659433	-14.411889857855925	-22.09985022082516	247.21016920034896	155.9312780205659	64.5712077363345	158.61098256321367	-34.54870116472391	-7.742983929216521	-28.722804131057856	-19.963767342627804
55.59215277777778	-28.851242351268407	-221.8411111018222	5.228031429155085	2.026335025828743	5.492238650695835	-0.8430617863360327	-13.468120242260715	12.057631428534112	6.909222112327534	-7.618494917342589	-139.08105968015104	-695.1958719608537	-20.23317354707565	-23.35476104957975	-14.998896620520725	-21.340917052238225	247.43423756275598	155.8949374822159	64.81376568906717	158.386350139811	-34.738369885613864	-8.930658716233864	-27.762711049314944	-15.232979067652124
55.63217592592593	-48.63824136307191	-183.7960198557259	4.746739228899595	1.3937410504946355	5.744799914119045	-1.167176709371046	-13.827050328398812	11.863974507863743	7.484980485800896	-6.464982352568465	-158.5740140662519	-657.0798804999926	-19.922173264216752	-23.28382313258051	-15.161855710311883	-21.92231167302876	247.0881079755759	155.90564520314234	64.82306459322105	158.1752031645663	-34.56289058982276	-8.887496885768499	-27.09398246289514	-13.730520952819916
55.67219907407407	-57.174824565884826	-146.72451710391138	4.783767555377759	0.7321535576329243	6.098923052638756	-2.138846947322138	-14.165759093577972	12.08005338157746	8.167907992329354	-5.542102426755469	-167.05977686823195	-620.4297135589408	-19.883815874715424	-23.705106926281488	-15.103826669236696	-22.973232205067603	247.1857830573195	155.86176014381797	64.82281087299086	158.04429134766735	-34.52319341038401	-8.632667662655734	-26.71565168172353	-13.829713817929786
55.71222222222222	-58.931738002483605	-123.61772374125823	4.961636359556217	0.633890729623006	6.201769013797226	-2.958164518040493	-14.222680722984885	12.087884165969111	8.49765045864121	-4.960128716322865	-168.814577676875	-598.0795770581236	-19.927641814736063	-24.46205073687912	-15.078772347822124	-23.822196778235096	247.76502333630924	155.84220383211277	64.83166013377222	157.7846750401515	-34.52575695711745	-8.738041212826374	-26.619501111920442	-13.207648038310225
55.75224537037037	-64.15306564613229	-123.71415785439835	5.188052706660674	0.7224091840527508	6.297634003501769	-3.369435107020246	-13.802563322678347	12.240843792284789	8.159173232528424	-3.670121355156456	-174.07610613578913	-598.8688806252575	-19.942115154007737	-25.155339763162644	-15.0179515824792	-24.43190894427552	247.8272254967913	155.96772908814734	64.78529192722851	157.55250190713198	-34.51457658008772	-8.780372665755067	-26.713032024598135	-11.969800685342747
55.79226851851852	-69.93312582356181	-139.58849693271554	5.334019738698741	0.42932045398004226	6.46047235011828	-3.425836725810767	-13.229527668898763	12.937292996981759	7.957753974509437	-3.0345398154716667	-180.10664087912738	-615.0111593425881	-19.927277075141006	-25.421779318630513	-14.986900494315435	-24.99563698757261	247.60187727603034	156.26047555167838	64.75542034637482	157.4557902938347	-34.5461984027727	-8.393432255221455	-26.607418031167597	-11.364562161927196
55.83229166666666	-70.90300359275031	-159.31450856676173	4.531220719372262	-0.1296037291436909	6.068764386518357	-3.3424056593312983	-12.532446768942355	14.094211500832214	8.097275560666423	-3.5476144003036185	-181.31342924620662	-634.6994871677	-19.840826009036903	-25.381023099275183	-15.71548206541739	-25.515084269142505	247.96436042113186	156.71631494225585	65.0233647576221	157.09281042292565	-34.37180615834416	-7.692817162933721	-26.223233448502526	-11.382264251616832
55.872314814814814	-67.98019859501841	-173.98512108063818	2.33072653944795	-0.7247876961560108	4.638697219913736	-3.468199014172837	-11.408527080992004	15.136569096968737	7.472327235447453	-4.164321987530947	-178.27264821770677	-649.2625479556123	-19.760898030511242	-25.28085757442878	-17.63539985708212	-25.994258872517648	248.23493904275574	157.22753773135935	65.63911954691132	156.4541583254075	-33.7097804846196	-7.158418236671849	-26.222851080484944	-11.321616397937532
55.912337962962965	-65.11090030319986	-175.69032220501134	0.1446274110208413	-1.4752387819117678	2.753662472070173	-4.100344242220281	-10.24300997017896	15.258039314491509	5.906780489734301	-4.180159642026533	-175.3183883596921	-650.9277647753029	-20.016951384041022	-25.261833287420373	-19.836501242760903	-26.707242037487447	247.51546468741589	157.52261218491566	66.14491651748637	156.0798667664959	-32.82357451218721	-7.331203342091214	-26.869135493896664	-11.108770641775223
55.95236111111111	-65.50514331251233	-165.90773563212184	-0.6063383060660258	-2.072626582154754	1.3463417440185457	-4.97144830459229	-9.795893133445306	14.674807878004142	4.788973008976836	-3.721362415809547	-176.09600619663217	-641.3157144505165	-20.623734366847316	-25.398502502516408	-21.212213884058443	-27.523574137497604	246.7354198879135	157.48151773453313	66.24438798138648	156.09927541796796	-32.344985790240855	-7.875985033320731	-27.575139574046403	-10.956978320029037
55.99238425925926	-71.04135788364374	-154.24865863191818	-0.420407091214024	-2.1986097036648444	0.6614374800092788	-5.519103002821881	-10.135318592864712	14.485076237493358	4.65815154050735	-3.6480705878261195	-182.03341815663936	-629.8829014503591	-21.032969761461004	-25.488829084412743	-21.711686469434838	-27.88250529569926	246.92916703203963	157.30902045592222	66.13188381471375	156.1894646037537	-32.51977753771271	-7.8973602331774515	-28.201138219926236	-11.177978156677042
56.032407407407405	-79.82171134726903	-143.3484963874309	-0.2181966390749725	-2.3328419082879273	0.5750695067397158	-5.651149788345809	-10.616572507313338	14.8463488001423	4.649824296580712	-4.451133306456299	-190.98604779711042	-619.0465435148172	-21.15706909161038	-25.39227536460298	-21.786810619488733	-27.80315458067797	247.51038073501542	157.3292909264296	66.08441592980647	156.2020320098056	-33.00894265593696	-7.545416050588841	-28.90658446877204	-11.974291672054761
56.072430555555556	-82.53567627025483	-130.72811490709788	0.07684120622030667	-2.6719689359219303	0.9068748430696653	-5.571009916522093	-10.787491031861448	15.151759914257893	4.253710886398731	-5.833657841699703	-194.134162269534	-606.6080007064767	-21.556376801652206	-25.375662986024935	-21.75567757980852	-27.800334335596887	247.58541338248017	157.58437071390037	66.19756040760002	156.2084819681309	-33.40215357056783	-7.46690721807353	-29.44890457245613	-13.25612500130137
56.1124537037037	-73.38209389115973	-116.46450473188573	0.6744706447666438	-2.7779086888187785	1.2154255777454395	-5.384058928132733	-10.780971150455768	15.243472573562139	3.974152828789155	-7.315844525469562	-185.6457611995936	-592.1629997925414	-22.27379969887903	-25.425685864807832	-21.80512545954153	-27.982280146224795	247.04441326624806	157.7464293974612	66.25060094166366	156.27132015135183	-33.60975473320214	-7.588234298341604	-29.661462104216866	-14.891852417875356
56.15247685185185	-62.912791884982305	-107.80830921351696	1.266098737737338	-2.4809170125550186	1.1695066942119459	-5.199902614522159	-10.698504773254989	15.21632787349496	4.100680649709092	-8.177969696269628	-175.5142821352913	-581.4267718895655	-22.81466947061655	-25.305139802550784	-21.838274947527253	-27.998094917978662	246.45530635815453	157.60922746854055	66.08411011434579	156.37460335640355	-33.59881274511007	-7.663134821068127	-29.649094308953337	-16.45794336773868
56.1925	-62.75567249887594	-121.32936155055772	1.6745249615323745	-1.951610627642843	1.1509947305340107	-5.1063739254058245	-10.39377977569291	15.131619258412218	3.6674859575007464	-8.42519755989386	-175.326183585637	-592.053895834741	-22.91983300672264	-25.303380468990383	-21.491535906563215	-27.69253230357434	246.37837348320994	157.39468172995598	65.90604663711177	156.42623077894422	-33.205061059666576	-7.625745529194333	-29.87337035789413	-17.351741676433264
56.23252314814815	-67.32316534649506	-158.60895971525062	2.0316956133256125	-1.5046647765167296	1.7026395413013835	-5.019730053170847	-10.035333663287963	15.111127955390469	2.2649721712153243	-8.901360144047748	-179.84574039117513	-629.3768425479708	-22.73447748920904	-25.64804192299303	-20.731281097953257	-27.361651387576543	246.5730429187381	157.35006104531456	65.82327613741876	156.3800443710456	-32.683784828209596	-7.4836793150383585	-30.637358646842983	-17.482640606322946
56.2725462962963	-65.9539969758957	-198.35664589566468	2.301243760409177	-1.3268832366801775	2.478668540990687	-4.89522268728357	-10.170254546501308	15.074959221387157	1.3209371696870238	-9.63510946891592	-178.5670904593116	-672.3181157659958	-22.62324242602432	-25.980582375628273	-20.00917897417341	-27.352594534969057	246.8901281600502	157.32105371399203	65.7785522767296	156.31895011479546	-32.704817276016655	-7.431680662647324	-31.393871830028786	-17.382049457791013
56.31256944444444	-59.77083317991904	-224.8353372020495	2.3582738016717584	-1.400746314944121	2.8216833857910943	-4.948571674440255	-10.884925599949208	14.921997093231559	1.6539592773904137	-10.420379285818871	-172.36351053637577	-701.2948673280661	-22.556960319621695	-25.977571068198813	-19.598904516334798	-27.646397454955192	247.49446505201223	157.13762832596294	65.80774104185866	156.3016871663766	-33.28084070406031	-7.451615561984909	-31.581484618511453	-17.759239378882228
56.35259259259259	-58.04739101327379	-240.8342624762985	2.2207356961153986	-1.5450681537268691	2.8594366058917307	-5.0561213736459845	-11.50384979879249	14.808448786786094	2.4525786403496723	-11.426186329255588	-170.0937367942513	-716.800128887342	-22.041538600054963	-25.69053816870715	-19.315179401171974	-27.139042009339036	247.68949568739737	156.9685089903075	65.81055608714351	156.29510994661265	-33.66192211493218	-7.3646284606216454	-31.21118990241648	-18.747321599175123
56.39261574074074	-63.236994794232466	-254.46504040774812	2.198568215164652	-1.1930976712199115	3.110899591468112	-4.539407264205553	-11.611732014134889	14.697892696876083	3.012995364969386	-12.10191721998077	-174.4777380860878	-728.0160428475065	-21.24581582652023	-25.40368412121441	-18.891501854553823	-24.75362090151789	247.2208119523757	156.9284177530193	65.54968431911027	156.28672932880272	-33.56273608795156	-7.3991332236551415	-30.60949881832093	-19.650288311618525
56.43263888888889	-63.281480768698735	-262.82701150713103	2.8750811294626577	-0.33769075348261657	3.758013776579783	-3.4510480818423943	-11.551541630544675	14.43160333539787	3.357550244005363	-12.208333774848887	-174.3261892740369	-734.9612288761025	-21.04806962729444	-25.180680345817024	-18.209604432466065	-22.536771108495415	247.05437548702224	156.9212768011394	65.11881683009857	156.2913688796938	-33.533644951121346	-7.686672747917555	-30.16221010721904	-19.950435818833498
56.47266203703704	-47.61545910297858	-262.4530997842754	4.277549890081022	0.09586725334972274	4.790663956675716	-2.724609311822975	-11.550349907880285	14.250919295275889	3.6902795663529235	-12.562371727092232	-159.0881813534445	-735.4246268765625	-21.477280541617432	-24.634989258301985	-17.225617866439237	-22.878791392716153	247.36405288276939	156.94240897177923	64.8735024933847	156.2957370756747	-33.89865874906566	-7.86470819341379	-29.88920410204061	-20.016282256953104
56.512685185185184	-26.839077782512643	-262.0391280906285	5.545969158503566	-0.311980993813413	6.14473449940007	-2.587393985792514	-11.339603184203357	14.381477385981993	3.8999118718626864	-12.846977685382912	-138.41085868192368	-735.80758278636	-21.561240146219063	-23.890890623654684	-16.019935225114622	-24.069480947503692	247.52751832854932	157.0993428276019	64.86884111573347	156.2728952790319	-34.105742547754375	-7.796095044291675	-29.6814620977605	-20.771971063826754
56.552708333333335	-18.3434817269133	-266.23209847243015	5.939851402453983	-0.82188252362222	7.345630374704249	-2.1448022277695604	-10.878592830517873	14.502253958136354	3.8846120974965346	-11.796405098038113	-129.29893600524724	-739.3361484655716	-20.919439657890393	-23.7672103902609	-15.000665316586506	-23.9245954713857	247.48848273270272	157.33214096916942	64.88126996888518	156.1878591972701	-33.71801030853345	-7.780686339019624	-29.51525449995718	-22.35076997454155
56.59273148148148	-21.30868684103103	-268.60269629207113	5.488895273527878	0.1499084351733996	7.8050061267634385	-0.7289773837468373	-10.888104483084753	14.351163560605173	3.9992038559987004	-10.014863070687815	-131.52813300324038	-741.4035227515373	-20.26359033956031	-24.366910421406416	-14.73359235043371	-22.652681375372367	247.4689794609801	157.457354417562	64.84436901112726	156.02361545865523	-33.404803421421974	-7.911435877454167	-29.39063173933019	-22.530743597826515
56.63275462962963	-25.09079921847124	-264.7720866413069	4.891960791687356	2.9579556736121435	7.777844850904782	0.9486363532385594	-12.033217435465632	14.34998377043559	4.5304227663828565	-9.102712649930984	-135.05764572097496	-738.7976340703462	-20.19518945588007	-25.04905849391062	-15.132647037134419	-21.067883548159017	247.46554732226207	157.5204539567053	64.92643528664533	156.05559715894537	-34.06863299559484	-7.900418026227712	-29.592269482795103	-19.778262648319085
56.672777777777775	-26.236016793277894	-258.8464310367446	5.185053503119669	5.388369701035077	8.086681725500497	1.93837780634897	-13.492486253813418	14.8470906168031	5.44761697966473	-8.807636951590155	-136.49229602491835	-734.300119431856	-20.445417131384104	-25.510300568200535	-15.164941177127105	-20.06517033596812	247.39785271442292	157.6308049530673	65.09796443360713	156.7833614070293	-35.39566900198051	-7.672329172931612	-29.954062430880924	-16.457861045144057
56.712800925925926	-24.5681195640583	-256.3743497158407	6.503039135011244	6.089736856308496	8.722861740689568	2.3339913941822465	-13.970935257811728	15.28086980461134	6.4841799917777205	-8.03656668692429	-135.32402229178848	-732.3666800373394	-20.644486575795028	-25.821104137846746	-14.308288732407632	-19.902987818246856	247.41385155745644	157.5752781150902	64.96015815021067	157.9913787964108	-36.19905282532268	-7.4940596176124075	-29.704179166313835	-14.805578489996876
56.75282407407408	-18.98358857792723	-256.1667754191048	7.288914078226044	6.037747848710176	8.582568004206276	2.2442077425830655	-13.811397935089529	15.025716764938238	7.146877485219315	-7.155417374638517	-129.99578436399662	-732.2125602753392	-20.843039885804714	-26.021740389732685	-13.722545183832025	-20.007507119133408	247.8458102448888	157.2372981812684	64.62366426370087	158.76728600466203	-36.07733074831435	-7.416759854581159	-28.931056671632064	-14.35993045500318
56.79284722222222	-15.340391742322455	-248.61123458500845	6.277425091758381	5.66114094954643	7.125109923163154	1.502987817344168	-13.849919924051067	14.25546928628063	7.3541331656343	-6.781532305036543	-126.11596809590334	-724.5235871986589	-20.91654285031622	-25.9324939497741	-14.493004315036558	-20.248214391417292	248.57804517137112	156.93985089546254	64.7975568956092	158.90840630111154	-35.59229234610042	-7.453148031440506	-28.251571163219793	-14.30400775493365
56.83287037037037	-25.172504022567992	-222.42480065370196	4.6323415449370025	4.630586956480969	5.722768055432837	0.5500875947519914	-13.720743868349762	13.354480620741889	7.621952598645076	-6.0617448182188545	-135.45977734405983	-697.9205070934363	-20.62603318798932	-25.507765543737094	-15.675453008109784	-20.867144797107343	249.03322584579337	156.88647072711115	65.43908736226764	158.85695629021473	-35.14418201191208	-7.995095137881108	-27.513958666581814	-14.098622227254893
56.87289351851852	-37.80008996023684	-183.69113795150767	4.327045932601489	3.3682489516387815	5.860566591812779	-0.079691715169313	-13.066366531754696	12.591238716357362	8.35000764741476	-4.363375765380286	-147.99118522499128	-658.8091507221017	-20.390627670294478	-25.162394044049506	-15.849405180207143	-21.768101340313606	249.0439603468459	156.96639711313952	65.83434282272594	158.37623432036094	-34.82683555152293	-9.10775407361622	-26.403213311088237	-13.463492780906165
56.91291666666667	-22.51047978442026	-155.96467330045118	5.370903582666334	2.5937157887692828	6.77359443315557	-0.42568998888414866	-12.616539182936497	12.247535160666926	9.671133646988096	-2.8464242982647607	-133.36207298998346	-631.1051487066613	-20.85666631348718	-25.124449229695415	-15.34839625271178	-22.54281313831352	248.94294038144585	157.06825472313886	65.73171971447074	157.12959776126542	-34.713846896384155	-10.068753920395352	-25.061611857874155	-12.907598226956537
56.95293981481481	14.479132089355437	-149.4215436521534	6.322657761937808	2.4025505924965604	6.843270776452813	-0.6648984918620986	-12.88869781587702	12.26837724979058	11.371746693097753	-2.5349215852122273	-97.21760640905414	-624.8547816474123	-21.662686420047123	-25.144824087936925	-15.411167243754193	-22.922698289478703	248.93041093875212	157.1321667129597	65.45058123791063	156.03802808269697	-34.71616140725453	-10.338831132374139	-23.778007955537632	-12.867360807649462
56.99296296296296	31.402776772482643	-152.91365270428435	6.410385445916402	2.2026143717235636	6.123497660023205	-0.8187585696394697	-13.008382146174553	12.308626255924269	12.542019999921468	-2.357273951660882	-80.48391360183267	-628.5029608853968	-21.883308062676363	-25.11723319577753	-16.260772982897663	-23.204116521692526	248.97721929668057	157.30908628609134	65.55137108519355	155.92761084464496	-34.68161864696191	-10.347602391401239	-22.86013757478645	-12.701554607691023
57.032986111111114	15.716388956047778	-155.70146096142594	5.9942306029905605	1.795582895325585	5.869346855212185	-0.8003365473093805	-12.161710738895282	12.300296706545952	12.74083451127365	-1.3356305477328332	-96.0218573142361	-631.3034290103915	-21.74387232728492	-25.307564660501725	-17.035977252980345	-23.705160695721403	249.03326358073878	157.84251901689862	66.15220331625238	155.91384780559684	-34.628091071384844	-10.55980716492445	-22.31146632413987	-11.935971535463878
57.07300925925926	-9.905583404612521	-155.67994163487202	5.850458248034806	1.840556623898442	6.364708989437494	-0.5814309309863824	-11.001410778942251	12.48040631632843	12.482922198025324	-0.8429229892901285	-122.17368404184968	-631.6301234447053	-22.26909839825673	-25.902619266425376	-17.202198291976316	-24.14811380863368	248.92773536680636	158.50364401614402	66.62080292341736	155.09944340335983	-34.55267849157916	-10.632424952829638	-22.030091060982087	-11.5199413015211
57.11303240740741	-27.775228059838504	-153.82655476590122	6.185136669760868	2.3328594150338224	6.5169893938183385	-0.491593062308968	-10.312564503381617	12.863882057788167	11.648247743163784	-1.778225832583279	-141.24477630454805	-630.4840582112854	-23.468650867715837	-26.7160528577745	-17.321738546092533	-24.330390739440702	248.50518815119835	158.79305520166116	66.58918081155913	154.1031112991568	-34.266161305497135	-10.464817452323487	-22.56191385352561	-12.026882574763661
57.153055555555554	-38.64448960485768	-151.76510540680516	6.411249236926867	2.423456462503229	5.662295304179844	-0.8215372432898576	-10.070461180640141	13.121379616015354	10.1855945288314	-2.7809481221677856	-153.26884251699727	-629.008430070991	-24.624114659540453	-27.44869417280043	-18.080491380092383	-24.564367778549197	248.1614874344416	158.6677714684996	66.53478825850317	153.71644689059528	-33.81042407343078	-10.528587389940185	-23.972060440537845	-12.657007020377577
57.193078703703705	-47.82694470979142	-150.71031814217494	6.484448403671849	2.0127852191275193	4.423449955240958	-1.5014375090696266	-10.134353650815648	13.13551072596815	9.132114608910204	-2.940289852690544	-163.60750676891598	-628.355201695988	-25.78070028522268	-27.965161071521692	-19.279911100797435	-25.204789761719212	248.47053267799544	158.49551261354253	67.03529573886732	153.76403724060424	-33.57820714032697	-10.749390943759295	-25.0444941395578	-12.958855967699321
57.23310185185185	-53.71787706617026	-150.31634997565902	7.043828509005601	1.7148813616685274	3.4609157845539973	-2.4007167983551034	-10.351525020817682	13.118465858199917	8.869776210106856	-2.7727264533327682	-171.0490692190133	-628.4602044554205	-27.331244065170097	-28.341593215177014	-20.30905114412039	-26.170675513204245	249.3471061465197	158.4713656669726	67.89314314837846	153.76395976148868	-33.711390208434835	-10.732712042915907	-25.200174209628813	-13.174043363031842
57.273125	-54.439294072059674	-149.9324827605125	7.890409632234944	1.7357982150096969	2.8373523409709525	-3.2075527332781206	-10.47691334212948	13.123943204289315	8.891053788015412	-2.725202449022989	-173.20107205732074	-628.6007407991226	-28.76175277004201	-28.67900927492741	-20.875755328327728	-26.920661316794195	250.21185808550814	158.50501336488026	68.40833439940825	153.6408748064411	-33.944334165605696	-10.563822100089837	-25.06834720821294	-13.307680430875294
57.313148148148144	-53.362088251841044	-149.6727187659068	8.295137180767687	1.826369067193745	2.552091160788561	-3.5488437996378313	-10.47451166129341	13.089991151242984	8.937743250286664	-2.752653215688188	-172.69688439792367	-628.5925628373245	-29.334779469876565	-28.886519507493972	-21.036234316523974	-27.137170761556334	250.62114895833292	158.51370454175887	68.43031112327517	153.5557996981825	-34.05161337846711	-10.482457093031329	-25.053116564558536	-13.293602215190148
57.353171296296296	-53.08443376786994	-149.654185587068	8.262895355143634	1.8413718437544	2.5435744221423744	-3.524058003983609	-10.453094462624271	13.064655935526769	8.96076587859019	-2.7635983486960396	-172.35743100375862	-628.5670575749326	-29.273027931549592	-28.908563581057166	-21.00912042774229	-27.076752804978142	250.62468068322494	158.50844869992557	68.34303760193411	153.55246702315807	-34.047351634727164	-10.49124232116462	-25.07951334597267	-13.255768254304826
57.39319444444445	-53.24627856194879	-149.6994212128793	8.19117361010432	1.8276201354747164	2.593482695435378	-3.4626978792130965	-10.450970381236184	13.068596526618595	8.955426635537822	-2.758995236746415	-172.41519255098984	-628.5686785541496	-29.168964876097846	-28.874689668460576	-20.97830472940663	-27.034485043212342	250.5538225876884	158.50674925640402	68.33274900690506	153.56531135110504	-34.02775423355452	-10.506166064307891	-25.08228878828284	-13.255403611080524
57.43321759259259	-53.29725076505678	-149.70970075602037	8.19348136541756	1.8263888953665852	2.6024667318350763	-3.4604260391395347	-10.451820780266406	13.072979399510462	8.953242711216395	-2.7549903950398438	-172.46813929951912	-628.577892989084	-29.17074669316537	-28.869335516612537	-20.977477757359907	-27.040370519769738	250.54819431828741	158.50813493339098	68.34704705608593	153.56364394174875	-34.024962327072515	-10.506631445907757	-25.07367320876793	-13.261784688211037
57.47324074074074	-53.2899670138046	-149.69392127720292	8.204106731757955	1.825218901037405	2.5885120853660974	-3.47375739424292	-10.456676321493415	13.072804370977932	8.949015382928204	-2.7586308848601977	-172.4824036611152	-628.5681939365056	-29.192092389296803	-28.873419586088232	-20.98791270906149	-27.05018224037353	250.56300300960527	158.50770397506466	68.35028851938017	153.56915128287588	-34.03173821715926	-10.503082550062373	-25.08114804864212	-13.262313267376499
57.513263888888886	-53.33912312039132	-149.66551562293526	8.191932364079175	1.8101374696493782	2.5611140547821063	-3.4881429659890846	-10.47435781586114	13.073726454014245	8.934309652750358	-2.7712331527175045	-172.54021483173108	-628.5343707136046	-29.201765274878866	-28.86859503253352	-21.00979089407589	-27.05904791048259	250.56519650067463	158.50357980533127	68.34824770308282	153.5916706981945	-34.04633613818045	-10.497196453622678	-25.111573487829673	-13.261942791063916
57.55328703703704	-53.2710801783603	-149.7058874441173	8.194965137312531	1.8227470751339772	2.585720191687424	-3.4755760832973417	-10.456621109544754	13.073490376486895	8.956562102481815	-2.7582950603508456	-172.45228499991634	-628.578631007216	-29.183485530575453	-28.872871598309928	-20.98852988704907	-27.049826106189442	250.54548385199917	158.5064947900055	68.3452204425429	153.55621565481874	-34.031185355277856	-10.500853823043613	-25.074861601097226	-13.262143372105612
57.59331018518518	-52.88748151583027	-149.87834664064317	8.272537457956485	1.920190729552819	2.7464538274328576	-3.3919169977704575	-10.343236634730374	13.063369307865662	9.055999303447612	-2.6820342260358037	-172.01561260315253	-628.789648676612	-29.1252004534458	-28.91135632742356	-20.85267091657373	-26.991041774456633	250.5354974728295	158.5310970175936	68.34327446780395	153.40778219614077	-33.942199345902836	-10.535759294992232	-24.88629574681633	-13.25834998921458
57.63333333333333	-53.135684102820115	-149.72397259052937	8.276437412543274	1.8869131483582973	2.6794863153070825	-3.4193258360323497	-10.396916206754904	13.060358075823746	8.969107447272014	-2.72417063464212	-172.33936347013287	-628.6224454650372	-29.189210042803936	-28.898454780800677	-20.912771556218757	-27.01158400508912	250.63506549073526	158.5242842937324	68.35620177108962	153.55200384160992	-33.989107965663464	-10.531883860808009	-25.01996644198414	-13.254534530825765
57.673356481481484	-55.478263110267875	-148.66058188555607	7.826646656747408	1.3069914017022628	1.721286956075121	-3.9143209713775162	-11.07752562610158	13.118537608476453	8.354847551176366	-3.1837427924244515	-175.01958007602673	-627.328648004792	-29.55212861409531	-28.668055438035992	-21.7254806603966	-27.361088517064417	250.7327460241441	158.37884485849887	68.37487193652325	154.47450670498588	-34.52431618048415	-10.328228016536428	-26.16944960847863	-13.275856595376993
57.71337962962963	-55.03726917849775	-149.10067549657614	7.61397412376138	1.2526386723019358	1.6994727640943335	-3.968247411789691	-11.056996721437939	13.16088720022286	8.596353958590104	-3.135652808093343	-174.28756529501686	-627.7458365466484	-29.33877463153395	-28.645163397560523	-21.724800772632662	-27.392519200109504	250.19892846225844	158.35634514542375	68.3087033503454	154.03193862144144	-34.481283170526055	-10.263388759426945	-25.884933690794483	-13.307319265882256
57.75340277777778	-41.26893036821667	-155.45152072532136	10.130686676418982	4.59087954520543	7.243513229718376	-1.1226319095356747	-7.103311664519999	12.841614078086703	12.259837748472783	-0.4515018154920133	-158.43866261670985	-635.4226841601934	-27.144823597833806	-29.97116535197509	-17.01413637716321	-25.380281182498564	249.40555425374816	159.18971300903175	68.17198897960402	148.49607682818302	-31.360959057945507	-11.416036857962098	-19.10112492090991	-13.197013584024361
57.79342592592592	-17.494582188236386	-165.26017366146607	15.900786763816901	11.863210502052357	17.660820074444366	4.828449663512186	0.27355237993637566	12.00730280489647	17.853501817953607	4.14876589936951	-132.1988007616386	-648.2357393799048	-24.18076335232722	-32.97556534208981	-8.27997515214318	-21.1123555534936	250.80728579438096	160.87285960171397	68.49700960457544	140.55349942739196	-25.66724185461257	-13.933493487669622	-7.813739529803399	-12.807886322839522
57.833449074074075	-1.8045439616953751	-170.52967610538062	20.86926431363703	19.986235585934164	24.72077704364152	10.497969506881619	5.539077415793772	11.064397314100146	20.785272505022654	6.555952554930516	-116.04171983491445	-657.2446519727848	-23.375187906056752	-36.71497603225036	-2.5059275687154354	-16.72874130367454	254.8681061253592	162.15876507512752	69.90651399715506	137.55042363315533	-21.68762350373943	-16.162303060389235	-0.9023503383202325	-12.382681282819263
57.87347222222222	0.3295887113638872	-170.0220081291274	21.882565606886775	26.045571371267968	24.393478474337396	13.359513384368345	6.034848833454062	10.227108799070518	20.857170178631442	5.711022850429359	-114.99716535992233	-660.0222323639723	-24.80329888176982	-40.00022518715795	-2.9207433454539853	-13.954653175522083	258.5870720953973	162.24627601432434	71.88298290269493	139.68672782545906	-21.27936307099212	-17.087102746554322	-0.42219293119303813	-12.34206233631835
57.91349537037037	-1.24100869125064	-168.82287453513453	20.558498632230734	28.58439939083053	20.89618562745734	13.673284636136282	4.5705152619211376	9.082539967376336	20.72553132227418	4.913993810834659	-117.63210052284448	-660.4377840408223	-26.366183153778238	-41.61490688769433	-5.807665528161181	-13.030507013554583	260.7593315926071	161.6359343813415	73.14892846412077	141.73601703529917	-22.13335480657075	-17.621330678950287	-1.4078236010626313	-12.532948175754868
57.95351851851852	-1.0701877442101289	-169.5715705511708	19.158201815766944	27.63663329407805	17.98077993798728	12.546393775770792	3.7880665608303694	7.419944832036791	20.395521555487065	6.054086887635088	-118.20263087154105	-660.7055413072262	-27.22092147096484	-41.13396419109216	-8.062653154316365	-13.497334212921345	261.9804944751605	160.975565522721	73.40478722021233	142.25208486711514	-22.255434630956827	-18.623556471068454	-1.859913077325018	-12.389966653204894
57.993541666666665	-0.39910101721620683	-171.48992416684058	17.916777945652882	25.100456982889387	15.612429740156607	10.943525330790097	3.705824760616246	5.549265874909571	19.13873052379569	8.092818673600345	-118.14659449184255	-661.101349202222	-27.758305215939473	-39.61143777019993	-9.841609019321268	-14.510984168517524	261.4673524711975	160.38602239842905	73.33286904392584	142.6245580460319	-21.748133326962957	-19.904689166866305	-2.6094027833255637	-11.828744181724545
58.03356481481482	-0.10490435267837492	-173.45185932664253	16.59588562008459	22.661573515158548	13.142889837903333	9.398738019177344	3.649927030222125	3.7208099725921917	17.540281789754967	9.998898567874232	-118.44065542145454	-661.5818680976867	-28.321282773927038	-38.13005227048018	-11.725817488439958	-15.468460950213554	259.17585423365375	159.80034208313876	73.36176539870927	143.2922450341826	-21.21835071334749	-21.147466227038777	-3.678068922124922	-11.180789940382965
58.07358796296296	0.0754929961433667	-175.21106248022448	15.241246052082523	20.496943752903103	10.573589525435832	7.934301068100149	3.487301488166035	1.9290766106589838	16.06690734933081	11.730538801961481	-118.86753308783649	-662.0425598021366	-28.940095348840273	-36.83144201121277	-13.698554837147341	-16.33447120468449	256.52845997633716	159.20449289293455	73.45293313012047	143.99391219856327	-20.785127124248987	-22.343368981927412	-4.7182197773963	-10.612284655884608
58.11361111111111	0.3222141131440913	-176.93863553425595	13.904206656518896	18.334082845418767	8.028062787805853	6.469714951770535	3.341600499243847	0.12564350593712684	14.646089972197545	13.441272519053554	-119.23094349680413	-662.4872175457041	-29.555432308243823	-35.54830627689252	-15.64866371497719	-17.21431510168634	254.1817043594495	158.61140181097977	73.52296642352712	144.6270787810262	-20.33773726121099	-23.55371037891274	-5.691647287275913	-10.10677692343259
58.153634259259256	0.5960730500877082	-178.71892294855115	12.579821884343739	16.163675583463856	5.495307747445256	5.027990600855248	3.157708997475431	-1.6747686359975573	13.256956175495475	15.22317231627883	-119.56743597446162	-662.9571504628267	-30.1641806104076	-34.23843044447642	-17.584972180958985	-18.07495076006856	251.89758931991332	158.0118110296999	73.58701643932271	145.31339525010875	-19.92203770802631	-24.75442380162673	-6.665081535900143	-9.530940948649786
58.19365740740741	0.8055182356965039	-180.57034786994717	11.2187508105543	14.018809758141254	2.8775760341801546	3.5807224445435866	2.7734160138734434	-3.427319656731879	11.972571730338908	17.211490022059923	-119.98762130772916	-663.4413020507172	-30.792829279892388	-32.872638950299574	-19.58918936497882	-18.853381458046485	249.44126788674038	157.3834686446998	73.70522238380767	146.15909705439498	-19.677986847992628	-25.87859001011209	-7.705415132472311	-8.668414994144399
58.23368055555556	0.9668914970537738	-182.32798622447368	9.805949466537358	11.658633097959278	0.25235148889946746	1.9130848491146133	2.6331909724401874	-5.216625596598105	10.451720001096847	19.040071800233196	-120.44661739938995	-663.7927215052578	-31.41339302420809	-31.46427802296573	-21.610336177637322	-19.80431842720887	247.02926026961853	156.7912874475203	73.81357896794222	146.69739368045362	-19.22603166048384	-27.07632225563802	-8.77431164323815	-8.036484707148091
58.2737037037037	1.4379490888808057	-183.66987909798303	8.576114203370942	9.031932046294116	-1.8841453059290807	0.18003600119575403	3.781461338321366	-7.298277354712053	8.147351277063514	19.60673659281659	-120.47287420803188	-664.0210966508638	-31.91068823193197	-30.341257417069585	-23.248224861090975	-21.311354408518866	245.4033671592764	156.38369893306998	73.61021253464826	146.22066187441533	-17.67018164949758	-28.750890646596034	-9.522830278865754	-9.141886784365056
58.313726851851854	2.142588881250102	-184.56216215764863	8.076226154142287	7.053147827815377	-2.842160733806136	-0.6722296938182438	6.089538132048189	-9.622333160113792	5.890061530156312	18.778962444632946	-120.06463634405408	-664.4120140277886	-32.20702605209431	-29.84825189536528	-24.07718655094162	-22.80365836283795	244.95364118225757	156.22453283715132	72.74474452571292	145.38663039717284	-15.202936932059643	-30.912474799628285	-9.312875456024486	-12.13194091490358
58.35375	1.286017224702271	-184.9969073708518	8.57176807211683	6.659223822007931	-2.354304616941159	-0.2714998434961711	7.974133288591222	-11.65961031466172	5.737659163296977	18.03821073349264	-121.01605717668328	-664.6352216109351	-32.303037421359434	-29.695360946119223	-24.208875269306958	-23.028027070688054	245.14671911699077	156.30367363348725	71.47101070890628	145.4358719326805	-13.397430384337397	-33.024554318969194	-7.659771786631055	-14.997963131746857
58.39377314814815	-2.1766022025763387	-184.78523695364183	9.184232163042303	7.298382885669704	-1.210796314764018	0.438149948958594	8.584048431297	-13.04777456096953	8.177327136322154	17.87355181407304	-124.27861970041856	-664.19937312759	-32.103742677815475	-29.447753113910778	-24.120587642918224	-22.096328309322317	245.3616971506376	156.61629798170947	70.84643866216132	145.98268164756666	-13.100127914061972	-34.74265076004836	-4.92280070533873	-16.882972760030185
58.43379629629629	-5.5018368413923575	-184.57976528990224	8.58620366089246	7.865854370008744	-0.6451588381547873	0.9622480251301735	8.623557958054832	-13.671152266165546	11.384765086192473	17.28268156000569	-126.95458968118525	-664.0523595047079	-31.447873324621312	-29.15629384922903	-24.08913739364573	-21.314811315206526	245.27347487594204	157.16916880080493	71.06170648063514	146.28216766412228	-13.61378670560731	-35.951430792400245	-2.229018310292787	-18.607454734787993
58.473819444444445	-6.1685436262519024	-185.14729459181947	6.926384392754535	8.28732669192103	-0.6925130510058707	1.841705010610557	9.074014080728215	-13.537386783026015	13.338433023061672	16.49098357521522	-126.65122040719844	-664.8618667541303	-30.470565250282135	-28.931991423503376	-24.109705343429937	-20.962498556225796	244.58376136638918	157.93441036014497	70.89130034789012	146.46683892693804	-13.928766766877715	-36.49647179235765	-0.5903327513714061	-19.89896183917722
58.513842592592596	-5.457417530167148	-185.69958841610438	5.630938241955697	8.687202992424028	-0.5376368502016164	3.044188947934972	9.834843642494937	-13.170783099525396	13.157315148464422	16.730820884589733	-125.27226542622627	-665.2665654667506	-29.83796514152897	-28.7974867313645	-24.113774113555763	-20.529107954779022	243.56813015366254	158.54639093933537	70.07131948869166	146.47394443019047	-13.77827651527275	-36.516410161897085	-0.6209801231527621	-20.095377872354305
58.55386574074074	-4.916105686929256	-185.6812409049468	5.49234669261832	8.694719086585643	-0.1554238851413032	3.787216611533081	10.194885800918291	-13.062978523118531	11.05133923213499	17.673010875146996	-124.9881976754808	-664.7645541136084	-30.152161267290325	-28.78751231831228	-24.065715539078298	-20.15841064987407	242.9758740932811	158.53961902763197	69.62278438671599	146.4099224255665	-13.409634016142405	-36.393622573088734	-2.3583085401162407	-19.883222938813844
58.59388888888889	-4.154622497271692	-186.17961286946107	6.127264681302117	8.57292823490676	-0.13027049706424843	3.8770237153614007	10.094160167238181	-13.078512093044928	8.309337886165888	18.13683809036779	-125.17347994204219	-664.9495515928372	-30.91903624463498	-28.805829683066946	-24.023163037273477	-20.096288395677306	242.9278158814323	158.16929325718183	69.5804319613824	146.70791823598796	-13.148766517942732	-36.343008816640335	-4.83932578915001	-19.648070404039743
58.633912037037035	-3.123611609599167	-187.47680001491477	6.43436753153878	8.780658321122885	-0.6496669668159872	3.7059611536944024	9.821454864229423	-13.013361703036791	6.5222704878297355	18.36849488388348	-124.7860972091455	-666.2117429218341	-31.155802523152474	-28.774685695396272	-24.197735248983292	-20.09821858138497	243.21380376454266	158.05111088360542	69.31375356304981	147.07593303901203	-13.317613573796677	-36.320027648655156	-6.795219469065572	-18.672620044910133
58.67393518518519	-3.0552559712957565	-188.39193292466825	5.643445627603414	8.869762375068401	-1.489112302220708	3.44634937045166	9.655978163115643	-12.88122413082151	5.6415474987364735	18.932125113155294	-124.45669037638704	-667.1344055625373	-30.929575366344935	-28.74404199205975	-24.794437571270578	-20.070287312045863	244.1705639961885	158.2400421290875	69.61384513580644	146.97585558676434	-13.627519198270392	-36.22012244306745	-7.9865150299439875	-17.275012796993593
58.71395833333333	-3.9589904161142417	-188.5890137930954	4.449143685179042	8.379063882102034	-2.4394268471255667	3.0002105642941026	9.724080772498839	-12.761167318016122	4.254502387622488	19.262484569205444	-124.79204945244045	-667.2622054721297	-30.869754843070865	-28.74927916073935	-25.735223142783752	-20.32723546134038	245.57076665298564	158.426657327422	71.21161980949704	146.6845147531605	-13.644018044809869	-36.10472645744025	-9.390464001185919	-16.716873281775804
58.75398148148148	-4.135515904284996	-188.95568248043764	4.045989971816646	7.583093304194726	-3.26519550234193	2.3411155601344293	9.60968626955899	-12.635039566890436	2.078629680134453	18.993919828454423	-124.74620843489036	-667.5303753372998	-31.09946143407997	-28.715421091713623	-26.596154943887896	-20.97064232909574	245.98601620436932	158.39410849658373	72.41320624275352	147.03810247757878	-13.74590563096271	-35.978647281028344	-11.664531464390123	-16.977757209620606
58.794004629629626	-3.4942692086932907	-190.32432891183655	4.502670360542644	7.073733134173013	-3.5942111159393435	1.8670207792153148	9.086133333664142	-12.328597757301777	0.3647112583802619	18.305189142783806	-123.8086838870429	-668.7722055015621	-31.469873028631028	-28.535125621518645	-26.93105473980235	-21.44820876526525	245.2727044332981	158.15515617587852	71.6618832656303	148.21886316900753	-14.22729826574107	-35.6433935573054	-13.855919208669405	-17.35934437217641
58.83402777777778	-3.908304007571382	-192.7780166211785	4.981975692380974	7.113884908186534	-3.3580678678099525	2.1470146766209113	8.522201864573628	-11.972243213830787	0.0044088303698274255	17.386726201012866	-123.87715478725615	-671.0419554673018	-31.633638903880993	-28.268202602630367	-26.72800767438754	-21.13184438268938	245.14670418537065	157.94412292802303	70.26328412747542	149.43074620477103	-14.746233526776322	-35.2455868890532	-14.754886547199618	-17.861515723541714
58.87405092592593	-5.8738535146159485	-197.47968295662034	5.137596732338803	7.454601013161258	-2.955241267829491	3.351150875653789	8.452184860476422	-11.898578496804936	0.041084524770375476	16.54894815783852	-126.17120984017141	-675.4074814705973	-31.365135510845064	-27.913081700108165	-26.23963812894013	-19.976100823717758	246.05139409085	157.99957481991726	69.98729725598591	149.9747379399672	-14.861918631267983	-35.22549602479063	-14.865054862820813	-18.67291760719415
58.91407407407407	-7.427675908808347	-208.03398545558346	5.469729461161973	7.788681704210171	-2.713689368239179	5.060864505183472	9.311672098815425	-11.925785465403507	-0.954981718767148	15.50932535251806	-128.5424461973501	-685.1185003152431	-31.139872863656223	-27.082575162399834	-25.657360402843352	-18.459120409758015	246.61596920425558	158.34983238951344	70.05851363412637	150.07540665434112	-14.219542483480623	-35.44662863215213	-15.11768726057744	-19.937104312239782
58.954097222222224	-7.363553448200028	-224.01878735716267	6.085030633622361	7.842407599485949	-2.603701899926917	6.269116538141525	10.572237531424868	-11.767270142326593	-2.217800518049893	13.736599848171148	-129.18843987621085	-699.6927763938645	-31.368425626321752	-25.676203734527874	-25.278749888418446	-17.29128280304687	246.23251559373148	158.57367817272905	68.84589128333613	150.800055906192	-13.069252283564055	-35.32777805343639	-15.006493132349874	-21.59304870338697
58.99412037037037	-7.504941042955525	-237.5723997836686	6.672741983744696	7.534928110110374	-2.6076721709590625	6.32660026596257	11.230304156964342	-11.608240104717979	-3.711579547370841	11.626650124901584	-129.316265666959	-711.9933226571785	-31.866828437646063	-24.422041848722913	-25.19816973176036	-16.8738408823845	245.7054161542631	158.12970201227313	67.04553133289265	152.72168387779806	-11.947177666335605	-34.80893424629113	-15.868464496114726	-23.17994239097453
59.03414351851852	-9.815281431015388	-242.5225158978449	7.162536438209943	7.329237087378245	-2.7452447461409766	5.84611599973959	11.661472523385969	-11.565313028026178	-9.282716193594547	9.888908395444751	-130.30101113857035	-716.5202738568079	-32.1970468555661	-23.998775936413338	-25.04592877423029	-16.96162593201025	245.6031382191738	157.2613185112823	66.26311683144084	154.75094908123504	-10.667005822001101	-34.37329372469263	-21.66534817088565	-24.475521358452625
59.07416666666666	-12.993917669642926	-239.29592144767403	7.07044462513119	7.567005446750327	-2.6405038193538277	5.693702896499413	12.794666474372354	-11.574844243696573	-17.33725400318398	8.878736106340728	-131.97901793484772	-713.5831808101857	-31.78893798028706	-24.284102682242505	-24.710165694381573	-17.065562382595758	245.68023974079648	156.89502281725115	66.37189075993493	155.41375775258956	-9.175330582651185	-34.331907101116556	-26.02921542435169	-25.463921150495693
59.114189814814814	-13.987584307369424	-231.63384495478826	6.189959212049234	8.098138056148226	-2.1531450858577723	5.986099622791075	14.521687750253376	-11.967783723959284	-16.189816041448687	9.110011600534069	-133.00206311181392	-706.3669225734587	-30.770088325302297	-24.723735487472126	-24.51414039316043	-16.841778378886133	245.7166220982699	157.28354612355648	66.52470083433386	154.66168951674177	-7.828010018583214	-34.79314516687205	-13.867701680663245	-25.738654060747052
59.154212962962966	-12.517474327717904	-225.53159058902048	5.717852784248724	8.71346767780191	-1.8171636968805407	6.352091737219661	16.10174611886459	-13.25827193505964	-2.8071187581402373	10.889697314878703	-132.575457212225	-700.4562185138294	-30.118698460464245	-24.938284028848244	-24.41942400286068	-16.28932521767318	245.72442870832043	157.5769396714827	66.5654238206015	153.75895037881799	-6.519773019783827	-35.91151072933208	7.386529488235205	-24.9829988696017
59.19423611111111	-11.18136252644091	-225.10975694848244	6.383592180375937	9.144826009308591	-1.7037921293433687	6.571787881285816	16.885895315620964	-15.259836659584696	8.530142755819552	13.717133341746145	-131.91106907758711	-700.0257756357466	-30.054391598033945	-24.976306898870106	-24.060442316829977	-15.707416432128852	245.69692828438247	157.2851585602558	66.55692611860545	153.63779155984543	-5.470514534339671	-37.55871465022683	13.213809338460756	-23.503280255140012
59.23425925925926	-10.690470455849182	-228.260293778503	7.072937930642441	9.283458012398176	-1.35620754216197	6.981579084296348	17.217652751318273	-16.955471043089766	7.905077705653533	18.86827799879873	-131.32329163305417	-703.1461143875972	-29.956523279455027	-24.94255178389281	-23.52517154686261	-15.174264911396293	245.7852714603206	156.94550199397383	66.32539893624298	153.99064537993138	-4.92965008244127	-39.05117101321116	3.473112901563212	-20.263540466258647
59.274282407407405	-9.403597555627803	-231.9597676544262	7.034943834598186	9.292910202156087	-0.8092146092833927	7.66364357717136	17.817291808297693	-17.643123354467132	1.2616381839325628	28.677627247388372	-129.47207028905103	-706.4085138578549	-29.72559478379263	-24.571658136805567	-23.08024719138733	-14.618209025413265	246.19076610279348	156.94959886537896	65.9047369343701	154.27364861715705	-4.465278323999698	-39.78527237671973	-4.932386893643468	-13.102862110468536
59.314305555555556	-8.304972524115836	-236.71082166751032	6.976811736937663	8.89592313624725	-0.4333874299601416	7.843750745689258	18.226122976095265	-17.614364158165625	-3.4608645887034455	34.2152510346672	-127.87080690446099	-709.8981887793212	-29.556725935791476	-23.585109459024522	-22.59843807898804	-14.32752696629295	246.69199503157466	156.94763332958587	65.6217006361557	154.59838522799936	-4.055288442604194	-40.096160021409176	-7.816292130714871	-8.991298857200078
59.3543287037037	-10.796502624942995	-243.05233229480274	7.544112747021302	7.631488101114623	-0.24954536466842944	7.074144949193381	18.149917596157856	-17.334208092311282	-5.383583806224582	18.20730200207181	-130.19865589796922	-715.3566975264988	-29.460641226852147	-22.17408259877925	-21.850745802243054	-14.53613234404429	246.83581094189992	156.53808693603986	65.46599129126109	155.24071856012893	-3.429680958936274	-40.56887236686876	-8.496122844410252	-23.230888695233944
59.39435185185185	-16.3916706900486	-248.74948102769528	9.068990121765921	5.929343929203309	0.2322302822230062	5.903965935096294	17.92012772488693	-17.333421343570524	-5.759219225444406	-11.640337620798457	-136.15605135341633	-721.9653859578582	-29.770246622168386	-20.879051905679987	-20.693335267471937	-15.00731267662897	246.28900312152962	155.87421346607994	65.1796337058327	155.7834233463353	-2.3238986745076033	-41.053517991431846	-7.486267101052789	-50.38066918461992
59.434375	-22.124917649980436	-252.26189193676953	11.541303542878381	4.535023408997192	1.270368352599233	4.888446760793716	17.457928738671246	-18.529927673973447	-4.656316862149194	-24.019028591358314	-142.81773284893364	-725.9207420244397	-30.683143043193695	-19.991054100425814	-19.15224437350824	-15.464852040736872	245.1958857729677	155.28489438500407	64.81514857581932	155.86254975984008	-1.7911438095280374	-41.28505097006726	-5.65151305573788	-62.6025603569439
59.47439814814815	-29.257003842294584	-255.1443962181407	13.789951826902412	3.469624028703496	2.353145570061102	4.1391145414549175	17.178295689215336	-20.61954965512056	-3.331027916483947	-12.992084889087971	-150.58108080637504	-726.0963230006295	-31.322414710977625	-19.24955637212173	-17.53375803702255	-15.797143925962615	244.36195490435324	154.8364448000052	64.73309894790374	156.16430420909273	-2.0481865814302154	-41.36605026011247	-4.816875196764542	-53.376653363351906
59.5144212962963	-38.47168067222214	-257.4814620356739	14.289852906745539	2.5082736035698705	2.93615574361702	3.6532647451418048	17.414544298390588	-21.977935376511862	-3.4618132080381714	-1.5871235116070612	-158.99044602172523	-725.150392471858	-30.520413660458885	-18.4551479099497	-16.230598823443117	-15.937842799377535	244.18379790067775	154.52973476348805	65.253256417962	157.06912778545689	-2.090644732838342	-41.46880863110876	-5.135729560590548	-43.217371596345515
59.55444444444444	-44.50886530824819	-258.33041360532707	12.487657217267303	1.6741377583985984	3.035705186381423	3.3457727595954734	17.79195321611115	-22.225050212221937	-4.760749974678557	-0.2465502284767085	-162.69511694646883	-725.1874956193147	-28.18634445568796	-17.773976742131126	-15.704062695258372	-15.938859635607926	244.25169471627277	154.3801432115185	66.1108522217405	157.95696056360907	-1.7877935066479154	-41.74093823057848	-6.0350507915891995	-42.16871052773412
59.59446759259259	-45.749809296522024	-259.73357410789896	9.046580187535012	0.9362505343121348	3.0223830856280283	3.344504318057271	18.216821187525387	-21.87603610003874	-4.950837018864501	-1.1119454618884677	-160.90191052601148	-726.8376326879518	-25.15109825012496	-17.15468275808432	-16.09722242026976	-15.94122999647638	244.3012340186537	154.49535586473735	66.64400465469518	158.2222784396322	-1.722983202221073	-41.82035204066712	-6.245267482027501	-42.91778642332643
59.63449074074074	-47.60443587812627	-262.4162225521409	5.478403375365526	0.19679254753134628	3.1152108652946326	3.752528893602636	18.268322480419567	-20.679585794458266	-0.8477893111262546	-2.8423392615837266	-159.9123206932797	-728.982551286327	-22.3093130560476	-16.41903900412072	-16.793730449768944	-16.02515145750327	244.36095248771625	154.9056455237421	66.74758841724427	157.72328055805605	-2.2810803257581114	-40.90247222718675	-2.255936292279756	-43.71247668712563
59.67451388888889	-51.93683963447997	-263.72323788748514	2.857078130492846	-0.2714147793929739	3.0535788183141532	4.052664003909104	18.640778880173105	-19.07966303271938	3.110071082129627	-19.186946884995457	-162.0114549023379	-729.4888588404868	-20.079745896839796	-15.868979709119017	-17.250490486193684	-16.129663278223134	244.4205960793039	155.1260982344749	66.64971557845594	157.1170927339196	-1.9239117570549382	-39.29462153200214	3.440057969526066	-58.48169139808461
59.71453703703704	-56.70981873828088	-262.83685506272025	1.0355851476804385	-0.13257080342652414	2.335453711152202	3.819845795293721	21.928027794222032	-18.485263790981474	-2.4180001016474395	-59.85191084491664	-165.20760464470607	-728.3839690219994	-18.491188919047502	-15.781102831541006	-17.68357445292942	-16.110613023322244	244.46225912249668	154.67094704402948	66.25800226415365	157.42220268691054	2.12700667171751	-38.222691903403714	-0.8337833335865099	-98.08019038380083
59.754560185185184	-63.5122918661703	-261.64146869869563	-0.17626239231329072	0.09025303297958003	0.4133693528413835	3.2916724149083625	22.811920800045797	-18.976576380051494	-7.59670801979891	-108.41978348422901	-171.82782070456432	-727.2284824294516	-18.28316185409078	-15.720015602223896	-18.395246347848413	-15.95820869606608	244.4357204025158	153.84937769101674	65.7373522299364	158.4965853005527	3.9925973822273733	-37.85159788257346	-15.20760859266258	-146.27177157624465
59.794583333333335	-73.53207226503095	-261.6870145896992	-0.44715619723758776	-0.4728333260996415	-2.6952085450932977	2.7832535695100216	8.396790156284439	-19.33587282049588	3.88616185626667	-139.2126337554225	-183.9482665585532	-726.9206658918938	-20.440720227127073	-15.235868998028238	-19.539041199669484	-15.83341014481509	244.31686358850612	153.39146027942732	65.60394684018324	159.2581905299918	-9.796197864714003	-37.54400018608575	-24.938055577329152	-176.75569970589368
59.83460648148148	-81.61183179337357	-263.68851927913374	0.14047842331071467	-1.5071486521975739	-4.6866970172190685	2.4172907765256997	-16.067757823683127	-18.403409926668225	20.433373245949465	-150.49759661596894	-194.95594811396847	-728.4141476493702	-23.54215837160139	-14.70284322824078	-21.180489512977644	-15.836403026692196	244.37222252109024	153.56949323856173	65.89545558761002	159.21962703262182	-34.82026329579945	-37.14721516691938	-25.930303132988982	-187.6446758804995
59.87462962962963	-83.42352990751165	-266.6155140513811	1.0090832000182723	-1.9021045209372205	-2.971667769525842	2.444131663812396	-28.239789451016943	-15.999969999563085	23.54200637374482	-156.11237602071034	-198.19163171295662	-731.2432809528759	-24.710438950374183	-14.6257185904512	-22.35247341883327	-15.929325867363445	244.90326103065206	154.09702973147114	66.25203603886435	158.5484848844875	-48.9496135165747	-36.70606645127809	-25.95561926008564	-192.81858749309708
59.914652777777775	-82.2367261250285	-267.9457001414289	1.7370705999304916	-1.7180883245326712	0.33882603949082607	3.0140545729345547	-24.539542171487383	-13.917442327649301	16.254999231657745	-161.52641069817065	-197.05499847415774	-732.6804146687206	-23.645806920824725	-14.73850825972329	-21.844596479671097	-16.04617741852114	245.6105471009875	154.61021419032062	66.50753937791883	157.61477627441468	-46.60566071167875	-35.98577405030886	-28.39980013745499	-197.51221506875112
59.954675925925926	-82.24208553252896	-267.9660317373102	2.615834319995662	-1.9509609303526483	1.7601983142810929	3.7217869077310746	-19.01497284326848	-13.492385411312704	8.557316772802084	-165.83337948296878	-196.6135726334087	-732.6151379731716	-22.463206356824045	-14.649676027055435	-20.07559729456939	-16.188610634474955	245.93387302110926	154.97377534512907	66.8392175214883	157.09125722128317	-40.66939532416178	-35.1507884261255	-31.875188250428238	-200.98417918989162
59.99469907407408	-82.62736200442612	-268.95086026914146	4.124900404292453	-2.667098684302194	2.22226932988575	4.06487348362519	-16.724161789659636	-13.598361225862664	4.051372560082644	-169.0336997534442	-196.1288656798456	-733.37615834737	-22.38588029142288	-14.424581046091532	-18.288678070571805	-16.503088130624306	245.9093054661543	155.29837165274864	67.45227316074175	157.45713476198205	-38.272054978947324	-35.14180210113244	-34.53810764178162	-204.17553404122043
60.03472222222222	-82.94197070257522	-269.84281358826394	5.481406400891537	-3.146929934404939	3.3119120491537895	3.9863733996901156	-15.528086331311364	-13.804170846594172	2.6358852451456922	-171.17168514064133	-195.80271293678447	-734.1597338151952	-22.77017423740054	-14.317089222253088	-17.250064985422313	-17.073559827633943	246.04542754441968	155.71959412751193	68.0411916544599	157.99659046302025	-37.900119923196016	-36.154928496096176	-35.32027224207445	-207.32643220626971
60.07474537037037	-85.28671321860881	-268.17335453102964	5.771339499353771	-3.1488919253933694	4.204533902852153	3.620034935407792	-15.165151834003144	-14.796936280376997	2.5264215285969636	-172.57273028551677	-198.19409670557485	-732.8156950575483	-22.804751181186077	-14.643218639811906	-17.026190232613786	-17.76217303387905	246.4709791925584	156.1469043258632	68.12790389909748	157.78197463774953	-37.46918771034622	-37.11681907572681	-34.8985862584007	-209.68924078647575
60.11476851851852	-88.66122531875303	-264.52545274475506	5.480632659014828	-3.3370871388939825	4.387195857804941	2.9352269567160927	-15.224153574251512	-16.577682842652084	2.396752557936422	-173.54813758619952	-201.151721119998	-729.6568365577697	-22.5904507351634	-15.12988064708054	-17.124055488504297	-18.532013845036474	246.48375761767323	156.40864000442127	67.91905428198072	157.3352779289317	-36.65646169001245	-38.13936738587137	-34.29709272959661	-211.68844398288212
60.15479166666667	-90.2974801954063	-261.6688165786644	5.0801783821547914	-4.476834826646451	4.253553049669404	1.9175380527401382	-15.02413981051599	-19.240706730760042	2.7194031839333053	-173.25464811138332	-200.89161099867493	-726.6468919798473	-22.330244789501023	-14.97285619936629	-17.25345560157156	-19.460023240357813	245.92429580461658	156.51110668696904	67.93382501006306	157.1922063478848	-36.283265669826946	-40.46329162406238	-33.55826021632775	-213.72013805382892
60.19481481481481	-90.76330000805373	-261.5583295098641	4.496529280046025	-5.185476117453862	4.127844955882559	1.0362536665722983	-14.554367255391398	-18.95633611855096	3.5028984565260304	-172.989515603162	-199.79391617189845	-726.837636982582	-21.985944603257053	-15.28598540308218	-17.440776225836288	-20.461834946488892	246.23451228642278	156.44542694709537	68.19255253047251	157.04690232160021	-36.79028792772422	-40.42691987217667	-32.98214172984376	-213.41192837688925
60.23483796296296	-91.09029321550453	-262.39216142696887	4.132200681766937	-2.3438346231924756	4.179481869762904	0.9385362066219153	-13.990540451233253	-8.39580084778036	3.9673819620481554	-176.5514394265195	-201.0001064261479	-731.3791114298865	-21.713177554181115	-19.01997630138986	-17.550650223438794	-21.359484389298316	247.87347762787243	156.2008794163715	68.48549156262081	157.02729939753186	-37.574204754011845	-30.71949798282496	-33.07663532896032	-207.25627077600387
60.27486111111111	-89.32368679472225	-261.24880059814546	4.508725944851421	3.38855550632308	4.334248895819623	1.2473461138930797	-13.785965997800261	8.537728627993621	4.100495037637939	-183.10202368090464	-201.15574621871542	-736.6488707275576	-21.654167706103777	-25.375419034180396	-17.409560738711036	-21.982581863280288	249.15477257274745	156.21499898095442	68.80802838912592	157.4227565310556	-37.78849782617462	-14.698089392079865	-33.318203303471236	-197.81997811345212
60.31488425925926	-85.02071958772851	-259.71821927036586	5.0391072856255095	7.080868867239653	4.322646737561723	0.8418214009215662	-14.17787711447042	18.10015655872675	4.092500303156336	-187.41504927771217	-197.6536335321734	-739.3171726764915	-21.680941332354223	-29.397021918080156	-17.30228796172942	-22.324821040893568	249.27788613392022	156.89180371959412	69.2454048278053	158.0719670036679	-37.37581530127048	-5.056588043430594	-33.288552437491774	-192.5651231712983
60.35490740740741	-82.44483429318099	-260.59407758857475	4.541502913645572	6.726122504794975	3.9781924475233574	-0.28856433612681814	-14.626470683906192	17.553952025172595	3.662783004328661	-187.96793851404382	-194.75417833372455	-739.8841837393833	-21.624198388727393	-29.346822836006154	-17.732243525402012	-22.658189145891555	249.0971016283114	157.72941084129366	69.68763174249223	158.47019809106615	-36.86222205983262	-4.815732281720017	-33.5650050356231	-192.708424960508
60.394930555555554	-83.67483171247311	-263.1342622034208	3.3291908848542175	4.343204025672511	3.562290589097563	-1.183875141057642	-14.664851369082372	14.895135375361203	2.368742374992226	-187.13393373511465	-195.5075341540586	-739.4973342444239	-21.56867631672742	-27.55767873510875	-18.50491866733377	-23.183408549971432	249.08478091817028	157.97699695071896	69.7149295126149	158.28697209949217	-36.65571858254354	-7.141085393330528	-34.309666001901746	-193.70106080010305
60.434953703703705	-84.73878564223162	-265.1017935653672	2.7955786106937777	1.881087198517193	3.432150740555402	-1.2238972981024199	-14.733662381325269	14.112501261268827	0.9919130714400537	-186.61938584035457	-197.05570989085004	-738.7566246967391	-21.85877369631406	-25.62314644717739	-19.105732238783403	-23.510201068703353	248.92482538307218	157.69205591779715	69.2014009115206	157.98574919977443	-37.061925631584515	-8.180959658792844	-34.26038959627189	-194.99155037102173
60.47497685185185	-83.15373479016428	-265.53536581029346	2.7815028108251267	0.735144018340502	3.1707750809918234	-0.5620551868358644	-15.226431468234846	14.310829800563766	0.77653786769505	-186.73746349647996	-197.18847607637372	-738.3305848200672	-22.537227022499238	-23.991849451204914	-19.828346809626467	-23.33718140663862	248.5294546803608	157.34597033099652	68.72782734985243	158.161760220798	-37.93276790707	-8.257680959784508	-31.380720249744684	-198.40342884780267
60.515	-82.35415021741292	-265.3782017188423	1.9338580384314545	1.2131199193621327	2.0091574008174335	-0.09106278914358167	-15.896577105146374	14.623514008447877	0.4477956008165614	-187.4041608784529	-197.44285766548558	-738.261614077428	-22.978594196767617	-22.93692987927288	-21.119388917595117	-23.102192497004566	248.27509250365227	157.06852427648818	68.598120637732	158.47503585672575	-38.577060443806104	-8.054148345091832	-26.09661450599819	-201.67159160941372
60.555023148148145	-85.36553294311932	-265.7782960998015	0.3467543461179683	1.7370456348634558	0.24924490540486033	0.3081108219854464	-16.777353047003253	14.801857010760767	0.6351984842177784	-188.28162745310576	-199.24428187300282	-738.0882421029297	-22.644284502056735	-22.096295071866408	-22.309311661442422	-22.244820885242007	248.10475014993432	156.77298585338644	68.28155149608662	158.01414929956917	-39.095597649331964	-7.969045550386966	-22.63062428887477	-203.0478459940402
60.595046296296296	-88.04881620567117	-266.7741965140574	-0.5183579790181571	0.620211496958897	-0.8276545013920198	1.1440518099821178	-17.698571462006463	14.904250070592434	4.848145080719496	-188.84576924677583	-200.20961846111652	-738.0626563499592	-22.10394036993857	-21.278152472274883	-22.610285813146277	-20.65800264919629	247.85727661679095	156.50107860412015	67.4833538451563	156.96885768655923	-40.11414980033358	-8.146433939423915	-22.556676535134585	-204.21248530377846
60.63506944444445	-84.46780479289959	-267.8936279572851	0.399532534710925	-1.866136323777559	-0.3144502191193617	0.5660213927503932	-17.930740824438146	15.2083621184184	11.020643879885332	-189.12372273650547	-196.936064890002	-739.2076915996029	-22.68102614456423	-21.420959053023864	-22.278576469680075	-21.401377325326038	248.14962287060797	156.32734426198783	66.71283321539872	156.58843146009693	-40.99719277396116	-8.314091723855256	-23.407548835535323	-204.20657806541192
60.67509259259259	-77.17843364496964	-268.4910123598565	2.6571667368500913	-3.8260550919238185	1.1733459065646463	-2.2630876522525503	-17.68181910405392	15.568034413700335	14.709524711795234	-189.32204947194415	-191.70018450145017	-741.4297028470941	-24.560005748851296	-22.893601869241536	-21.904696765615327	-25.34083102764852	248.84691209828486	156.1943377889045	66.39918644145487	157.08726249930626	-40.95068094242272	-8.294120947114124	-24.48614613073201	-201.38746917509104
60.71511574074074	-72.52696394732455	-268.11071584841227	4.580690814432392	-4.170040118420296	1.9580742523837862	-4.621781528882073	-18.033513195694177	15.661813975104248	16.478515927362682	-189.44491232888524	-189.22523910794092	-743.1179219214112	-26.646833267752456	-24.551767080522353	-22.066782828900827	-28.64219731101194	248.72041312161792	156.03300317684995	66.26978378753898	157.56831892670203	-41.23596885823753	-8.309335868570813	-25.610006808964556	-198.39283457959755
60.75513888888889	-71.63112182769899	-266.9980138745079	5.425339272989617	-3.3231429119346885	1.6787872644268087	-4.627651620066044	-19.436685302330496	15.924782307329126	18.471756863562703	-189.83451913047244	-190.16432801766337	-742.6375427162983	-28.44125749526411	-25.745973628284574	-23.015645053944397	-29.30387174511651	247.96424158345923	155.74217999723936	65.99953232612887	157.52738380240982	-43.493778127796205	-8.401047031896937	-25.934243786189853	-197.79941318687867
60.79516203703704	-74.92978928894135	-265.902600963391	5.050146880229626	-2.180363708708252	1.2570477008145469	-3.804697539218139	-18.250332306995755	16.773899461597164	17.79600511771566	-190.1791533799415	-193.7282179886903	-739.9315825491267	-28.867448237837536	-26.685419777515037	-23.817169093834664	-28.8930274104398	247.8645281994377	155.17764920576437	65.76341180424117	157.1069893790263	-43.29431963031939	-8.364468764571797	-25.5525784787024	-198.4256109718579
60.83518518518518	-82.60331245451728	-265.25571170675573	2.9945304797396237	-1.6280320959675958	0.7517356894111508	-5.053973850000799	-8.244353702847945	16.757028117292506	8.128856512414849	-189.2732641045843	-198.05573433278818	-738.1807968948644	-25.974654154306236	-27.328155034907937	-22.98015916541064	-28.90028044934678	248.09975451920843	154.5310227717384	65.73423764231052	156.92344422771072	-32.071642692773224	-8.407597691290277	-23.78939732550201	-198.1800200080031
60.87520833333333	-87.94040960633058	-264.6750636791984	0.5655103731881337	-1.5511316939973216	0.007968662420080388	-8.65865678455472	7.404501788439295	14.180866341476865	-6.737583605243411	-187.57155614638324	-199.3888938610474	-740.1337869666564	-21.301101931132663	-27.813382560067524	-20.73562584272942	-29.370147713967143	247.49129681018104	154.20220404618937	65.76658814909601	157.57809699873206	-13.293905680649189	-8.877245308705	-20.010837273130193	-197.20924379182475
60.915231481481484	-86.21355876827688	-263.80466292181285	-0.6908706944902596	-0.7497569065338145	-0.07307089472326678	-10.948612133179997	18.089636606237395	11.332427752998157	-14.254360548412054	-187.28607980506365	-197.9119922748402	-743.0900068924307	-18.61777961202165	-28.640050860720137	-19.308661505849358	-29.506942898211477	246.3853127964394	154.20160483381017	65.75251308337053	158.46081250547653	-1.1731939286549817	-9.318672479514348	-15.452482873701356	-197.00514503593058
60.95525462962963	-83.71842504438024	-263.33499569073433	-1.0706862118040126	0.6231653001025008	0.7252043970796835	-8.504989578671246	18.87546999439163	11.596980820121093	-11.515423676366149	-188.67283743442846	-197.61518615657866	-742.3332909385243	-18.82432684670377	-29.67561770773871	-19.894962975071522	-29.02204346720987	245.8399292361304	154.25350351915085	65.79454422879284	158.4991371050815	-2.1074091941276123	-9.176736695155782	-13.628205604952498	-197.81164443724697
60.99527777777778	-84.74082239216742	-264.0402829093823	-0.08610434668655671	0.9440418204266259	0.9242456890514841	-2.2941863468190475	8.303945553363969	13.282358985465704	-4.861301543851638	-189.5426585150432	-199.25530856610573	-736.8590106381337	-21.43403963617105	-30.22329908001109	-21.520033391110744	-28.619956707864148	245.87304336043098	154.242625488197	66.00615723303011	158.31913182336731	-14.040373832043912	-8.924154552041145	-18.89784884195379	-198.56455627994274
61.035300925925924	-84.30412269805015	-265.04227485805774	2.6168887532447913	0.4586703240117731	0.7129313422919199	2.616544848841587	-8.48377120447413	13.887303664785321	0.47404153730899107	-188.9687808853522	-199.81294289463932	-731.6344213874354	-25.362500326603325	-30.32280851790148	-22.745828058055352	-28.782597812915327	245.9502233639223	154.1881882847432	66.30486561635188	158.74696046864736	-29.775061300112256	-9.075054923241908	-29.299993716323257	-198.65044053060336
61.075324074074075	-80.34704665110301	-264.6509151207012	4.881528140730468	0.8159178408261795	2.1266504687609014	2.309667152939985	-17.490087922328932	14.757073230439634	2.156878441418676	-188.1446555402081	-197.43278929131247	-733.0575033607613	-27.60746973256707	-30.59770774766973	-22.726677202091523	-29.11217839044579	245.91037720384048	154.0779206024984	66.47869188941922	158.6160767341997	-38.76676014815972	-9.323395650650568	-36.61008738537234	-198.22837534528765
61.11534722222222	-75.4531764998776	-262.60571711182047	5.236393664825032	1.7391853505661508	4.505691199865184	-1.270745163509685	-15.688296991680689	16.295427204513754	1.700496924034515	-188.20172195832635	-192.18202041807012	-739.0217875989792	-26.791339716569823	-31.01287474932934	-21.554009955914253	-29.191633684417226	245.87614578162243	154.06200079333058	66.53085797660498	157.46972195148118	-39.565859774301586	-9.265367821595532	-37.86433469449827	-197.83739229576605
61.15537037037037	-69.97710003413113	-259.77969266992096	4.8408969980283745	2.2248592921347083	5.758795225385768	-4.1546610104377475	-12.980007773724903	17.185865338252704	1.610958250928923	-189.66987150521354	-184.90705870981077	-741.8084492376196	-24.838101163868217	-31.443224292789793	-19.992541037585866	-29.343388420339082	245.9066107484765	154.49250541467757	66.8175957351359	156.67991064374968	-38.637939885141805	-8.530992101962653	-37.028546273301444	-198.1900266128725
61.19539351851852	-65.84282562927679	-257.3901897161177	5.244373305108887	2.699609506636195	6.076384462611787	-5.702496105506418	-13.478684284440805	17.896142545011088	1.659429886423102	-192.3947649045962	-179.66421369460636	-740.8852550844525	-23.807819011241705	-32.38279812262165	-18.566880657109493	-29.98323053266853	245.92849064846922	155.34759119215417	67.51339206218093	156.4634693946394	-38.56128663829594	-6.830660544079947	-36.90993751399658	-199.16073385818902
61.235416666666666	-66.11011669650274	-257.64325401962486	6.486348065840106	2.9488541808995943	6.492481330241711	-5.812164510984434	-14.425244773636521	16.791525738844395	1.1415129577330227	-193.1942355996901	-179.91092814688545	-740.3437194406288	-23.85470999614418	-32.26792655453497	-17.396855395358543	-29.771880151824845	245.9156408342427	156.1300019364038	68.1916646359131	156.25114278452537	-38.33348811277068	-7.109913205419318	-37.185910423662236	-200.30124256220972
61.27543981481482	-68.02747973172424	-261.25062341730785	7.309018939857929	1.0634728051627202	6.919880376131797	-2.797435925677016	-14.589878826643096	8.617232450402676	0.6059830014366483	-187.1099882395124	-181.96139114785177	-738.5778607316302	-23.93383711872839	-27.183314888007317	-16.61706811231626	-26.40209324322609	245.91355380952763	156.52789435467574	68.43017680296218	156.44672164837394	-37.635667332579246	-14.906198185284069	-36.979976286486306	-202.02715700326854
61.31546296296296	-69.06058816076991	-265.2790161144297	7.1638586078347535	-3.2952792407975937	6.70887814815303	1.5851921422545217	-14.66056414774713	-5.122237465750585	0.9344576666385457	-175.9083743235154	-182.90163827687093	-733.3689079847578	-23.60268988269972	-18.075128619125522	-16.270374538473575	-21.386881360326868	245.8645443448409	156.68874281644062	68.36859253285971	157.1383372744428	-37.05720580488716	-28.0983903297423	-36.13674361640693	-204.00815971892064
61.35548611111111	-72.07665584672291	-267.68187421335153	6.740508026127557	-7.544137651114219	5.834753289905993	2.9114493643642287	-14.819659725016532	-14.967523019831182	2.2048068710816175	-167.73597782623725	-185.83119465760825	-729.3581863538046	-23.323553966436734	-11.716977411938998	-16.30249630076615	-19.213700021147005	245.82423521348994	156.85349531239558	68.29838096947987	157.67165160305512	-37.035898006006136	-37.1068461195712	-35.125226801358664	-204.84093594574745
61.395509259259256	-76.24952474252889	-268.31534753911916	6.448707260212351	-8.007062937777434	5.3072867938199995	1.6451094487355769	-14.522377776574194	-15.004931366511194	3.203562647480936	-167.4306026792549	-189.80688029166674	-730.6177494362072	-23.307121295672673	-12.344023336359697	-16.68207276314439	-20.34477015265483	246.25639702577593	156.88684766057077	68.33188084656246	157.58588935800384	-37.20325824665768	-36.995061446706615	-34.4840593648006	-204.42474445612436
61.43553240740741	-77.39457120379177	-264.9962337304454	6.310764663693079	-2.517824300173288	5.888682718013263	1.231718207210533	-13.720345947667305	-5.566869266875875	3.2314142991655825	-175.0666146954663	-190.50758958434994	-734.2408099554473	-23.338308721862745	-19.157945555638292	-17.024566203567673	-21.683091206097686	247.38810363840628	156.58224551905664	68.5549887153273	156.7001033023438	-37.12220158972279	-28.480029518485964	-34.18492486169214	-203.54723950083496
61.47555555555556	-76.35986604434426	-258.71935506630433	6.4322155646494945	4.980823195770341	6.675278049091636	1.5210140990654808	-13.330621609242069	6.8603341768710875	3.504364191912332	-185.36977178584738	-189.14150245470483	-736.0810776711847	-23.333159793470628	-27.103758367163138	-16.971248156648983	-22.124297463307926	248.65079209870686	156.38514273522028	68.92456935602509	155.56254981352177	-37.00318860719639	-16.78566182923028	-33.5128228436981	-202.15890975752967
61.5155787037037	-75.36706230074374	-256.51206594550445	6.367811987608065	7.383778816857906	6.319647584723901	0.7498145546759379	-13.69738005318445	13.034658856532335	4.817499858300756	-190.19101099086473	-188.5381412729468	-736.0704935512025	-23.350341066450184	-29.929298918374826	-16.974305644659097	-22.54652838591973	249.43429970959454	156.7936010749513	69.19804742046972	155.14204058546994	-36.90320661934726	-10.257873129864493	-32.03599066905082	-200.44847953426336
61.555601851851854	-74.61345822129313	-260.00647850751227	5.5626022238555155	4.50148138845517	5.098235332007945	-0.5692995336144689	-13.870201262493424	12.496566451522297	6.296788626098041	-189.19246566985026	-188.91148352497993	-736.1143525886359	-23.39449693972334	-27.756258285032132	-17.580807840176746	-23.257087011329148	249.8360274338915	157.31376643072065	69.2595033273957	155.35704687942984	-36.54272687227554	-10.184131908135654	-30.23985273978971	-199.35675581034013
61.595625	-75.14691988075643	-262.75763976837163	4.544421837104744	1.4205319608251545	4.275253330422351	-1.0448350609635673	-13.462453100018093	11.40567144325141	7.503911542294048	-187.74676977513488	-190.10515429307253	-736.8316978058197	-23.42593985225868	-25.214836747407475	-18.474814114132144	-23.78277122386531	250.36526909817712	157.2413601636191	69.21868278020872	155.39899705475042	-36.26244227968455	-11.353575018480456	-28.766648960206993	-199.09398846129812
61.63564814814815	-77.12709435071494	-262.57568960568574	3.9475060945963842	0.016732967415840676	4.026734692484346	-0.7986588290923538	-13.136049963314234	11.76132788637527	8.660926718549334	-187.69470168170406	-191.3854393061318	-737.6394166241924	-23.347379984061206	-23.96070272719946	-19.15421231822333	-23.92348044113203	250.9620042637128	156.87004514502476	69.1959157008161	155.17304185964963	-36.31094566520295	-11.414099812666024	-27.651720002574677	-199.22099312230353
61.675671296296294	-78.65091690952586	-263.0598940914839	3.51860353093603	-0.8348310208347378	3.565436134761935	-0.8996029463299798	-13.133941434605271	12.114677862080553	9.6958406494982	-188.15371979761795	-191.87532052567713	-738.0225439268753	-23.187354664953745	-23.27504680205145	-19.65724506249427	-24.16897492382853	251.05283177248617	156.76311512263598	69.22883506203051	155.2500919180191	-36.13893003152056	-11.052417054970277	-26.441902370988274	-199.29088681908394
61.715694444444445	-79.38476078108557	-264.51335306917355	3.2078434256296333	-1.6307216191792009	2.837327338198472	-1.5937522111154794	-13.261100779912345	12.144052596295875	11.192520825011004	-188.60940343842955	-192.5047945888772	-737.962919475623	-23.27501546931154	-23.109940606342775	-20.108706976922207	-24.885086507804232	250.78896755230454	156.74380710705375	69.30002826163435	155.63589665356568	-35.83297552417713	-10.810222460191795	-24.639801911864836	-198.80554226687974
61.75571759259259	-80.36975039971377	-265.05668165350886	3.154377695743842	-2.123411347299983	2.456234291859885	-2.2438045841909577	-13.450077285515416	12.45089381891868	13.762321321346672	-188.0052628896046	-193.99328466737802	-737.684579847682	-23.642586883839925	-23.227588162736495	-20.49324710842285	-25.069961505354016	250.6891080337557	156.54620012130124	69.29019826913343	155.74622643261552	-36.13339112464915	-10.824287916704506	-22.370598149409915	-198.07628494984323
61.79574074074074	-79.71837374007357	-265.3901136202618	3.108145376481359	-2.1549423870719906	2.4533334563526696	-2.4254277371519493	-13.507942050428195	12.867051387120362	16.070040189156877	-184.1721008446153	-193.69454411066255	-737.4675444782133	-23.948240880575938	-22.460216487882533	-20.833311127090653	-23.65805404781416	250.65970073329555	156.390116788584	69.01999449825448	155.5547259356655	-36.80525168937851	-11.05488455830536	-20.736597252713707	-197.92073813279575
61.83576388888889	-74.81079497595421	-266.2962014925827	3.298279448782385	-1.8316591867706484	2.3773383516332864	-2.4024544633125418	-13.32495091381173	12.831509660050585	16.500291872956346	-178.69012684100937	-189.27591612774665	-737.9486464743335	-24.451425143659094	-21.155879677361142	-21.15181173549972	-22.678395767786242	250.54780120961573	156.38341131455863	68.58408686181254	155.30365399650864	-37.154761597158256	-11.326371524282493	-20.658853398784274	-198.0038359598547
61.875787037037036	-68.45806793810245	-266.99795574836475	4.021142191382973	-1.5157288441897998	2.192635601242515	-2.5731661188136665	-13.173888545724692	12.614470057194644	15.537255004300876	-177.47274310463095	-184.0991442905975	-738.4984900409833	-25.65635181763284	-21.68360947355592	-21.63623423725022	-24.441376746441094	250.68134845297203	156.25087937076052	68.32738754019802	155.02296167637215	-37.28401146876564	-11.49130645224946	-21.741052122022168	-197.16343035604575
61.91581018518519	-66.11336457363714	-266.9844612249088	4.676746539070498	-1.3931505474819563	2.143251231179992	-2.8557374860366997	-13.226663700096084	12.784741119078362	14.523461325918692	-181.08568759616028	-183.17916809171606	-737.1983703110649	-27.12259549106038	-24.269116609238054	-22.44593288067702	-26.9937389185516	251.10969765809642	155.8494970168259	68.32853081894837	155.2339749161327	-37.57157665102943	-11.467898129642762	-23.020124118782974	-195.3456016682535
61.95583333333333	-69.12610865696794	-266.16498992335715	5.014124331820421	-1.4355296264393582	2.2016560471851307	-3.1480863002354407	-13.316289997324152	13.396737709239195	13.703497600462713	-184.01130961829452	-187.2343922218468	-735.9018435561717	-28.066123392391106	-26.383844728663874	-23.05201031690943	-28.063525284356118	250.91975533116795	155.39953580131515	68.36781048836173	156.21094730750767	-37.98846803670055	-11.165557716674641	-24.305998675757593	-193.94820258276354
61.99585648148148	-75.25663691232327	-264.3797933024749	5.18249583418545	-1.5375139688957624	2.260228997473826	-3.4959080891564724	-13.240716463572875	14.153017667199968	12.12075208910018	-184.16078783672586	-193.74703446783366	-737.8726924722522	-28.149889923559172	-27.07390060957276	-22.968742774348783	-28.37659302652399	249.76338601709108	155.1239696745419	68.31680667097511	156.9769740014034	-38.10103831987989	-10.711640095763755	-26.15151712822386	-193.74827491609898
62.035879629629626	-82.03628042945391	-262.78820267434634	4.510022376166735	-1.3181836851973672	2.4002708328642686	-3.5528953623692785	-12.985078283396936	14.738020477906236	9.071603893531469	-183.63529494433223	-199.22985514553466	-740.4591899148407	-27.2893027456697	-27.424125285211346	-22.778905030787413	-28.641799750975878	248.984529540339	155.0142359447584	68.32926186863104	156.87162295816003	-37.55583635184095	-10.404085482866677	-28.435437550198742	-194.00602682111793
62.07590277777778	-87.17917721299494	-263.50948318637825	3.1307527195704674	-0.5976937024830511	2.6973777166316903	-3.175877369083841	-12.679259450155957	15.054001301504295	5.433206207648221	-183.68881908676258	-201.30384952129333	-739.770635517167	-26.137728881780845	-27.920497775061833	-22.998617954529166	-28.667520364585528	249.28304521486695	154.93334148944996	68.68281479845767	156.51835917803515	-36.70893716639277	-10.269090517801956	-30.262443687629002	-194.1591184454777
62.11592592592593	-89.0764985713217	-266.40773441442786	2.4496102762564713	0.18569068959024757	2.782742217170304	-3.011699752063742	-12.435270374075584	15.081650981301767	2.9333607071635024	-184.03768711707937	-201.4898718072431	-737.9190578572999	-25.729832691705894	-28.235719157632545	-23.26643420917776	-28.633511876795666	249.35730124891722	154.8515214388587	69.1468010126756	156.3945795492969	-36.16035838427648	-10.214385824117798	-31.567304926951778	-194.43900272601746
62.15594907407407	-88.09701704000554	-268.3585627435521	2.7113595314121572	0.5272157884443844	2.2923456288795236	-3.447713985351322	-12.272174318293033	14.845215092786999	2.247694816764731	-184.31431908122244	-202.139633641317	-739.0241263187143	-26.059298452627914	-28.244467763545686	-23.339565702494184	-28.792008022347503	248.31242387228883	154.8689269472872	68.90365875443824	156.3204564406852	-36.16515282027875	-10.297924158202022	-32.930667121861745	-194.86324854189297
62.195972222222224	-85.09501512968599	-266.60186794667885	3.032130075079437	0.4662931657827477	1.7891823598095242	-3.8379331431630583	-12.174637546223032	14.681814638492453	2.532029944135176	-184.78220701970287	-201.36471769318985	-741.5217349585922	-26.362334324023735	-28.256085843445362	-23.32980668746673	-28.933064784282024	247.05301062385007	154.900749476461	67.8763430810623	156.4856180740333	-36.716408407947156	-10.434913036383406	-34.12992886608504	-195.3842140276123
62.23599537037037	-80.80124836941606	-261.6598771512265	3.173217028826048	0.3787986831965953	1.8925327071404143	-3.6641873200531694	-12.250480726646558	14.810896478436133	2.7836890846437323	-186.19353198262797	-197.4634356664899	-740.349606556465	-26.30200405324726	-28.467651249962955	-23.13019964540686	-28.732933817468748	246.52864260820303	154.89845155383406	67.22359655918585	157.28413218593948	-37.3638748057291	-10.27560326963254	-34.6161053390872	-196.48261050569977
62.27601851851852	-78.32457823808515	-256.5639741388803	3.479418010048031	0.4151718450736746	2.2017031970212595	-3.5085320644294526	-12.583506623411495	14.916874035626781	2.746960220047442	-188.55427295605935	-194.42164674270697	-735.729127983908	-26.065455138703626	-28.574613266697824	-22.586206201245915	-28.30386925544009	246.54110763339912	155.2044098628595	67.70299104831119	158.0185820888323	-37.49342961078004	-9.624802651115672	-34.54547729468713	-198.1509682956222
62.31604166666666	-79.80206574322577	-253.90829768233812	3.9825649446683533	0.4430056938594716	2.2177404165652255	-4.042526917576852	-12.948294167413287	15.214520312350926	2.335592839449558	-190.8784481576215	-195.44892290886736	-732.3826469775123	-25.82180541925277	-28.402101017085897	-21.839023642646893	-28.091552323195657	246.72095965937746	155.9550626012949	68.8313596520454	157.929187262768	-36.99212269748887	-8.401998052120348	-34.4939812679615	-199.27539483138452
62.356064814814815	-82.2224670402449	-254.6054140835341	4.534866917910131	0.31904822571881986	2.3558136684322823	-4.821134810256497	-13.063885415552072	16.60401280649605	1.442746241625626	-192.86936144159444	-197.61579773983397	-732.7609054093568	-25.549875453440947	-28.215249307760715	-21.014989976245843	-28.190380302034512	247.09355867565154	156.6220240051042	69.81943232434108	157.9785815026653	-36.31871612642952	-6.504701896617959	-34.86399635519611	-199.37982813408075
62.396087962962966	-83.4950801498404	-258.8411456896983	5.1150610071432485	0.13912769268234887	3.1959955583362327	-4.319083557991012	-12.949247955461031	16.24317743162663	0.4532262095750173	-192.7692310900637	-198.63824921539805	-735.9159454712666	-25.124888044529868	-27.46478976579266	-20.009790717576095	-27.528224493377763	247.46514182820812	156.79463809006046	70.2611392695264	158.68788096616504	-35.998086730433215	-6.955913460483558	-35.57166364170496	-199.73079845722322
62.43611111111111	-85.55789469995902	-264.3930261892708	5.485587714336494	0.34357952412983644	4.263319032926562	-1.614765661289402	-12.808432693323313	7.890851272324527	-0.2898183643557426	-186.13449667900935	-199.86796400841325	-739.1134321305494	-24.393876311940787	-25.11138115008029	-18.908104215880684	-24.785916496957526	247.54355002613528	156.88542141018485	70.27472942939488	158.4669259379594	-35.88099313674155	-15.322335600760226	-36.174221547258384	-201.4506522920276
62.47613425925926	-87.30128752660525	-265.8663264590024	5.461907101267284	1.1419754618971658	4.6957806866001075	1.5184562825052657	-12.851789038205373	-5.980478173943228	-0.6356219599902326	-174.8159307854907	-200.17532325289199	-740.308911103619	-23.537749604376714	-22.400418021077826	-18.07617571208307	-21.240194886560076	247.3916141413298	157.23852435649064	70.21956465140555	156.9155807765515	-35.589344199894285	-28.734268698665772	-36.222411273556716	-203.52111968060353
62.516157407407405	-83.92660049248279	-262.35011754080443	5.18282124815647	1.8511607842668014	4.579934260837871	2.506126098316424	-13.067516329869475	-14.183209401421218	-0.1456750486276729	-167.75179809568854	-197.06825344369048	-740.1368237589518	-22.957388353776082	-21.71633783383392	-17.77584050416837	-19.847862516265366	247.3357177470943	157.31578602439208	70.2150109370549	156.07517252674972	-35.44901364395392	-36.538051996057064	-35.59833458442563	-204.30944404095465
62.55618055555556	-76.74225203862372	-260.5777886076555	4.557486622637135	1.7490993509646744	4.5803074567388995	1.7603716840160262	-13.143434279521337	-13.768946509950414	1.0271165777864208	-167.42636558033726	-193.26517453321844	-739.9874743423496	-22.508656144697554	-22.686909250252626	-17.94975147917225	-20.845133964872062	247.88701371689825	156.78874686189135	70.20484617173909	156.81470422158264	-35.85333090549885	-36.435126150429554	-34.818270973615526	-204.0370283404244
62.5962037037037	-74.54777140831108	-264.04332123932613	3.7971213488778464	1.1939880913377738	4.989522472841921	1.2730268753906733	-13.24804658572645	-11.365174958078056	2.1861289294505273	-168.9010952444906	-193.02864639773475	-740.2247231892177	-21.845605516906417	-23.231612264608273	-18.04048536024203	-22.06789571490485	249.02105526194856	156.35138715373142	70.18589056651948	157.60086445892063	-36.56418412979096	-34.686863919630795	-34.34751699333876	-203.54985533131082
62.63622685185185	-80.15003466594919	-268.1559127158008	3.42079541307612	0.9443435322767337	5.389867418541479	1.3758257557208085	-13.733109083073986	-10.867253972236371	3.0087281324697996	-169.6217980287612	-195.150694589875	-740.833332717933	-21.087995294033476	-22.84023805824357	-17.672009861076205	-22.47668086293703	249.72064792432508	156.5736653183074	70.17564134207564	157.42773215713197	-36.9817286304245	-34.35138100189356	-34.0097599000901	-202.93977772923785
62.67625	-85.83378166876017	-269.1101703389681	2.890684457575746	1.063158828803757	5.111450977184937	1.2851359694982398	-13.988255726268534	-11.388977729677306	3.4019633712439217	-170.13125841068154	-196.0992377989819	-741.6230952317435	-20.411508507166715	-22.594724774880987	-17.569240658459535	-22.47445787314541	249.4648023684304	157.05422059548647	70.15106615096178	157.3939204225838	-36.722862521734314	-34.544048956116555	-33.51490065195851	-202.85597164202284
62.71627314814815	-86.49951436213686	-268.2148386616186	1.5202749501601338	1.243114022345239	4.40966827429055	0.8625888466208896	-14.047137707679756	-11.805927760772901	3.7678145350757	-170.59264899903127	-195.98176011586543	-741.3513961688685	-19.803225607540668	-23.05568987260851	-18.275731924768593	-22.359377103068724	249.02487317384134	157.2190722767003	70.1259164665753	158.19720116570468	-36.67771999496233	-34.60496204172122	-32.779081496914685	-203.8965859372576
62.7562962962963	-85.48995652995943	-267.5756740958054	0.08159919723616109	1.5666665019137405	4.339011261686159	1.0340439920778912	-15.149621440049843	-12.23478733064409	4.57765286781348	-170.39422422830307	-196.68690982541733	-738.2319284246403	-19.17820755557996	-23.156248733363654	-18.812902290126274	-21.644028595640208	248.98349644770173	157.11225335539544	70.23739620538916	158.45488627125144	-38.026755724685174	-34.71222465430809	-32.26856671603889	-205.22551276742763
62.79631944444444	-86.96683907921437	-267.3506398641532	-0.4092282923363721	2.1832119655344915	4.319849853705935	2.4133554637017394	-14.35176636642888	-13.045264758687576	5.748585938630913	-169.3968442740463	-197.76265597215024	-734.04085848129	-19.183579576486736	-22.018458616725283	-18.847414730686097	-19.924592045019565	248.97164585944284	157.04452911430008	70.3862036754452	157.37965246669256	-37.20702635666663	-35.38422588757325	-31.268247826426602	-206.08442460214025
62.836342592592594	-89.45854799449803	-267.18942066228794	-0.3402177755028837	2.8747645064903526	2.0974892139753023	4.119012720751744	-5.131578923048885	-14.031624615435934	5.812336536650159	-170.0868723113041	-198.07576567879488	-733.861930741906	-21.373369211363666	-20.95324168427338	-20.32616381958063	-17.990183857921735	248.66152890676136	157.02807920243225	70.1384055547354	156.11316654490594	-27.591811742160957	-36.8104543215356	-26.729017715649178	-205.9709031909302
62.87636574074074	-88.39234484530141	-267.43168450027486	-0.3446017918967415	2.8657022387368167	-1.420898507338598	5.189525841961642	7.50241235714354	-12.87497542805351	1.5029382871583172	-174.58851824942352	-197.38450998222123	-737.8185250439079	-24.63443684199757	-21.698407064751194	-23.832119252231152	-17.73289583702588	248.3580351802534	156.99422693170058	69.57282753891471	155.64393816162232	-14.656282808535408	-36.2072546142678	-20.224931632264102	-203.58376752798512
62.91638888888889	-84.42293515664082	-268.0602779415365	-0.07213673758509666	0.9984358510315698	-2.655258683818685	5.044968221867142	7.901469442483945	-5.903923485820562	-5.156675142947677	-179.17702464269195	-195.6234749896749	-740.4422801702766	-24.783792514226192	-23.660705503747337	-26.679335613053695	-20.953371261454336	248.14381178782537	156.92883813653114	69.12071509994294	155.84410566051406	-14.527896580815622	-28.837305110762088	-19.161346428778756	-199.41782560593242
62.95641203703703	-82.34990968486436	-267.8635684989607	0.445987264044473	-2.266041405515181	-1.629035431465893	2.2950285553017062	-4.099404840793621	4.757080150153428	-5.194498357362934	-180.53567107472006	-194.47554791504314	-739.7095907391015	-21.46966960877053	-25.041335416839274	-26.700297684096384	-26.406385613775214	247.69835354603907	156.6862126110258	68.73568403951222	155.9493530872714	-27.37147310565547	-17.207697138848857	-24.18210975404304	-196.19369071698407
62.996435185185184	-83.28580565850785	-266.18787222217475	0.09420149722306603	-4.577269721335764	-0.13583490161575937	-2.7411022378923886	-13.146792756884063	12.187928518848672	2.6438153369345616	-181.42987342643806	-195.03936493409424	-738.456521982743	-18.74076986072268	-25.61649672899314	-24.36469605698356	-30.275507989644254	247.52597478847173	156.23141620241577	68.4105634734537	155.56796616505238	-37.273979264688606	-9.897758526547022	-28.195252762180942	-194.50841994705405
63.036458333333336	-84.15379503233478	-264.76348557450245	-1.6919430324449904	-4.910727058092763	1.6548203359317946	-6.539784864949632	-13.951728556005346	15.201886346980281	9.112691886309566	-183.23090709192607	-194.40217342648936	-738.3389433244653	-18.16864378048365	-26.32563552420777	-22.062620644100605	-31.432835381459256	248.2582250890975	155.722019025425	68.32762280472528	155.31749520426507	-38.55153085618184	-8.348954301952304	-28.667333655880014	-193.00577994571034
63.07648148148148	-82.85746857006484	-265.41313612328156	-3.6182191674217865	-3.936081972954393	2.6808234233700854	-6.107107818833605	-12.197167143491924	14.919927255424433	9.636577254812938	-183.7120522081	-191.55537986537962	-738.63348488269	-18.52161405527241	-26.51665171770445	-21.863109382745606	-30.452962311632987	249.00950088863738	155.3572254827441	68.36343086100301	155.42050451922523	-37.07823941177642	-9.997885849893876	-28.380692042088654	-193.2557707484222
63.11650462962963	-82.27913396470453	-267.3392300927562	-3.9284139039897834	-1.77335081350176	1.9000122315747547	-1.2375569428451632	-11.54378249556512	7.81700165659026	7.648635009803773	-182.13034411078442	-191.27126242793963	-738.4024864539861	-19.3379448875705	-24.127081468231694	-22.946147311042452	-25.866828407530335	248.84696627251395	155.26153294366168	68.36538668979304	155.5258594472379	-36.26305866228188	-17.172234456925324	-28.816649941631837	-198.93684418054028
63.156527777777775	-85.5007777921323	-268.7957359586327	-2.88948062885963	0.9706958817289717	-0.06740691422955361	4.4741015384242315	-12.669293574423662	-4.835839148052707	6.0017001279367	-179.45946141917773	-196.01806800002362	-737.4990005847104	-20.573233083672193	-19.907921175478663	-23.49356309905258	-18.93560373068871	248.23825719133623	155.2752203280802	68.35818739474652	156.28919095673996	-35.9932903520898	-28.150117500201574	-29.84444055991935	-207.68425946248647
63.196550925925926	-89.63431391746713	-269.5571388490809	-2.2309191451688823	2.3522030867445474	-2.185280174423756	6.335852676235151	-14.704113244472081	-14.021015629451812	4.642323228110564	-176.790689159693	-201.27447214188248	-736.9649485375521	-21.584774811891293	-17.256901042493283	-23.41190537070409	-14.909151441221468	247.74878684591533	155.1352100262991	68.36501315585079	157.9778611718367	-35.927249986302144	-34.68687504440781	-31.23929275079169	-212.05617522297177
63.23657407407407	-90.90726828280268	-269.635480705771	-1.9990024950124132	1.7604169467959827	-3.5071832387061272	4.876088185360497	-15.847987033174924	-15.938714587065126	3.4899481147910425	-175.34328399594938	-203.18369270960937	-736.6779869533176	-22.262382989571506	-16.82951096129706	-23.29510692568431	-15.064009332742089	247.46929979612878	154.87559592352318	68.3663000103155	159.05786121283637	-35.80121033426208	-34.98900296619574	-32.33348149434609	-211.22562911501478
63.27659722222222	-89.86462855461903	-268.3350000527566	-0.6510378826588249	0.6346468356749669	-3.936788886643715	3.476784263674037	-16.112145178193426	-14.971919224459713	3.1579273987387637	-175.4133523058449	-203.27266434872325	-735.0984477669026	-23.415485290276706	-16.769743814773463	-23.25603385185461	-16.138624461172796	247.41433643784552	154.71228629707304	68.36122621335113	158.7157916571441	-35.732436591638944	-34.08628734445108	-32.583577847189005	-210.00103936572327
63.31662037037037	-87.6054027613059	-267.17925006358365	1.55409251965403	0.05811827961688528	-3.738743464585161	3.31332809801213	-16.28637846109736	-14.264386145408514	3.4894284346107103	-175.60784077116895	-202.7168926491097	-733.6843577586026	-25.11581183107863	-16.506065766950073	-23.33593564254909	-16.484070429600365	247.44924886180007	154.71527625873057	68.38800207252159	158.0111857902021	-36.08223246953595	-34.27112431462288	-32.58834252260853	-209.66908638677876
63.35664351851852	-83.39757706180217	-268.5059562242139	2.8953680473055097	-0.2419691718051798	-2.3165252398391556	4.825527895699632	-15.255320327974376	-13.234532096228	3.1940435266918135	-174.78790740992343	-199.77790201487846	-734.7032414977577	-26.38614822570885	-16.204324188981673	-23.561752735465703	-16.436205021392908	247.48668916755378	154.82521985032693	68.41925430895724	157.67639024119507	-36.515419191194766	-34.96978112134747	-33.32148286834264	-209.28404947390015
63.39666666666667	-78.53521340361935	-270.8725102088899	3.246755372000368	-0.6446841338316543	0.17455737551788897	7.6542426545483595	-12.923547260240836	-12.27963222558239	2.1397737580908482	-172.83842222187042	-195.26938288914886	-736.2443799988495	-26.728920312179	-15.585788839193157	-23.526345298193746	-16.0155372667344	247.5479339889426	154.95060186299918	68.2640047159211	157.3597754177697	-36.59109397266499	-36.194992779659486	-34.46046116748174	-208.787653862917
63.43668981481481	-76.73722667587452	-271.04885685771217	3.5303206640600178	-0.5817204750678844	2.1550074250461044	8.845171201587158	-11.796321671032066	-10.823113603318214	2.034919762199495	-171.41872368615793	-193.20011430820654	-736.6233621206723	-26.4200345594556	-15.955062816888969	-22.88071981178642	-16.182743552306633	247.4263679294482	155.0456307197901	67.75395417325842	156.5885390068796	-36.82726786787667	-35.848081686011	-34.784977593215814	-207.2697705943587
63.476712962962964	-78.93208885621871	-267.7049623508117	4.022894243556997	0.47880618342753545	3.2102302546910657	5.792888147967827	-12.351035696459006	-4.315972266459114	3.0645874414249743	-174.51240100193772	-194.78952614118168	-737.4461297228078	-25.866082467696998	-19.936921734187138	-21.83490076373404	-19.24312255974361	246.98189413463626	155.0823998896206	67.08885484898822	155.5980426972965	-37.402689362142	-29.310935870615097	-34.28408350861683	-203.86595383256287
63.51673611111111	-82.27424289688332	-262.80390419289427	4.822262987003378	1.6971311469929107	4.337481039179705	0.501785994454781	-12.544123603733995	6.880686529587259	3.562939712962439	-182.67946443558913	-197.43958325205847	-739.1101791480543	-25.418334718007316	-26.150309813371123	-20.59702273881402	-24.442951584873157	246.76617045520896	155.0201727082504	66.79428367475624	155.44387382045934	-37.479016166587584	-18.06213517518755	-33.937737822956464	-200.7442222923404
63.55675925925926	-84.26311764109592	-260.3678778428605	5.731172281074977	2.297030380318232	5.484733423783195	-2.6663728295248155	-12.122823338010067	15.045100552526172	3.2551340643637072	-190.91890668573757	-199.01302362090604	-740.1997292206806	-25.07287299607951	-29.842073569237755	-19.343220754819527	-27.58138313499863	247.055213315132	155.12359640861774	67.11260195733583	156.2713198542291	-36.942799923148655	-9.868178759686984	-34.009785829376966	-200.7799407396996
63.59678240740741	-84.96536728202072	-261.564052462319	6.097441764308271	2.4494091272960645	5.856556121339286	-2.5776097647610254	-12.354346688176738	15.067524233832446	2.8219006204727943	-193.49972708788766	-199.77908665061125	-739.913492422063	-24.562306671905375	-29.32930699188563	-18.46476685566799	-26.884337715006268	246.961490238848	155.69096192894898	67.64809885140419	156.93143505799077	-36.677390011574786	-9.232241552336319	-34.22006674393896	-202.73101592237362
63.636805555555554	-85.29806223984097	-264.09262543459	5.824579736338453	1.4944879495855357	5.703176412462731	-0.8740337204347464	-13.055483841687659	6.735172784679062	2.3385862442954837	-186.5356057733481	-199.60232657176283	-738.1473249650818	-23.94527508677068	-25.682531171079603	-18.120289349656787	-24.18210088659245	246.25268189311407	156.3231688913271	68.12545003987182	157.18799376953643	-36.92134782420504	-16.619885305132726	-34.30943548722972	-203.15657792157845
63.676828703703706	-85.16438436531257	-266.23546491458035	5.4249144814949455	-0.9946614616182069	5.624455013829166	0.9452535477499326	-13.338280964312991	-5.259384786307527	2.3260743748562462	-173.8167408449006	-196.38716307924363	-736.1913706708716	-23.51801452107334	-20.942985905138883	-18.093294754387344	-21.936444834467622	246.18428956675712	156.51538558286094	69.04873230920128	157.93224282867422	-37.12580239306155	-28.207417899152404	-33.97087085795491	-202.0242213092667
63.71685185185185	-84.24986938985823	-268.396840182415	5.449285578019638	-3.720823276106888	5.599873342613031	1.7037603800378431	-13.53372965257167	-13.215234960296087	3.1388557061376967	-165.61526357203064	-191.22022303442054	-736.2304569041034	-23.367157468677206	-17.876641447646364	-17.91883622090708	-21.598398583889832	247.30264282140632	156.6223048927375	70.56973198226385	159.28764169809196	-37.09483906932623	-36.266886525082555	-33.404332752368276	-201.88232835509336
63.756875	-83.1932604649921	-270.42816787522986	5.889791828455621	-4.814512187561489	5.699186532895417	1.3318137828431573	-14.04876075756782	-13.414675817753523	3.6642158350477594	-166.4668135547984	-189.5723779914578	-738.2538876138881	-23.175456279399626	-17.65010180892672	-17.28487357497923	-22.464883342217774	248.7076902118584	157.02313340320086	71.58900202685784	159.97815369723605	-37.0344600742952	-36.37613561873664	-33.34510510685557	-202.84415949525703
63.796898148148145	-82.98598130187149	-269.2310494102487	5.902278653172183	-2.3261308734292303	6.014478317850349	0.9994868113881697	-14.367761888325726	-5.4729727345601615	3.5270562216637784	-174.50845677715887	-192.63240909500524	-739.6484341559185	-22.567212348660064	-20.410099693128288	-16.65925542467005	-22.736102819395086	249.6208590547207	157.3033703438545	71.24553783787273	159.16929471719288	-37.03346927591464	-28.22476131819522	-33.613040192996834	-202.73169859519436
63.836921296296296	-83.18815755609441	-264.3543487895711	4.98628155124071	2.6553849417796482	6.01367127794271	0.9977145795208013	-14.417762967101833	6.26943364790409	4.017254023537198	-184.47789287897598	-195.0900628379007	-739.1254868056703	-21.68735404319085	-24.855647842914024	-16.70326440595042	-22.200252698838668	249.83703329062467	157.2782628280961	70.1280225407627	157.86214383492722	-37.13555068020449	-16.459116268849996	-33.11299438878925	-200.92901355981644
63.87694444444445	-82.67820716781915	-261.3634389595085	3.8042446632742424	5.2682990687005535	5.450431234582709	0.5213455120091625	-14.63282037975744	12.996531770823205	5.281196746937444	-189.17680799210234	-194.3114321302504	-738.8163500349575	-21.00475108348232	-27.40801059371124	-17.23431272627245	-22.139673810640517	249.46589295643378	157.3128139168363	69.30711033587005	156.89895250150272	-37.324569111533776	-9.68144424405142	-31.940028744299212	-198.86379596133372
63.91696759259259	-83.31155482170492	-262.9849941057303	3.027725516136199	3.834043229163168	4.866952828258483	-0.4847259056239976	-14.740393283166405	13.097572531668872	6.105723757971029	-188.19296306772782	-194.21606629401475	-740.130971084226	-20.722708437330795	-26.788424839805884	-17.696696216264627	-22.954090689770226	249.06478287004364	157.4452884495488	69.1452177012565	156.00514004352078	-37.29677979254298	-9.454659923636697	-31.249651687435644	-197.69639972450705
63.95699074074074	-87.39595604414804	-265.7399068437354	2.543530127143269	1.320049556436547	4.589414545557877	-1.3189377542857286	-14.323459137047031	12.055967572764061	6.455125274758339	-186.9416636111098	-197.44428436352752	-740.7490585508525	-20.700070603651923	-25.14922253453834	-17.961334887945213	-23.829376344072585	248.99087868744903	157.4888686705857	69.24771298666361	155.5923925834968	-36.83699879403984	-10.45743358679043	-30.92197352455453	-197.38775925191413
63.99701388888889	-91.29037344463488	-266.9983654082119	2.0897156407765625	-0.18807106646209834	4.394224312080466	-1.862081275141093	-13.734284891078195	12.203628215382711	7.01326346049146	-187.33909008975004	-200.25753279138252	-739.1102008997676	-20.732846276327706	-24.22025711695298	-18.101227485917704	-24.41016679496343	249.02713156477904	157.4743257818183	69.12375102628732	156.391701097945	-36.257346752525024	-10.326635270628955	-29.11634333147346	-197.37816140277494
64.03703703703704	-90.10279109193873	-267.19537048340777	1.5375901042179045	-0.7882948657040082	3.999807021701578	-2.498658936245672	-13.350920021734552	12.542639110504867	7.5018487053382	-187.77647596799287	-199.6167542921727	-738.1908779869817	-20.743422728193053	-24.233603648858704	-18.278274671114403	-25.02149042237562	249.025520629107	157.47600186140278	68.88533521524825	157.80996053421927	-35.85543651789821	-9.978005943493542	-25.181734946884887	-197.241822417871
64.07706018518519	-86.1351339778866	-267.2176960221037	0.9698630130966361	-1.0998745287388405	3.4171141015598145	-3.36768809454452	-12.97537298389954	12.641904473230362	7.8515938599557975	-187.3877200717854	-198.07881182411808	-739.9652973508397	-20.748243526670635	-24.775176639470814	-19.198632535160954	-25.864207984733653	249.0473071782704	157.45342871674814	69.1700469164818	158.48285579411828	-35.52740079086003	-9.879068290251993	-21.872699300789463	-196.8585488526614
64.11708333333333	-84.6795356881587	-267.18696934350584	0.5113685505920327	-1.5029030351024835	2.8532417957941973	-4.217570380423494	-12.690476225630443	12.722722353160817	8.992671996755018	-186.4992434854696	-198.16627512374026	-741.0703112489832	-20.630149844860895	-25.3295695462605	-21.220907974082266	-26.8302123179308	249.07168370967992	157.38122095721423	70.00162394103538	158.15619491690975	-35.425159878496174	-9.903393357491055	-21.179395336641434	-196.40779001191902
64.15710648148148	-86.31800619879769	-266.9870824843107	-0.12398992906955232	-1.9325141926492966	2.447707686580728	-4.619247656847671	-12.89798961231025	12.819442959790008	11.002624631021035	-185.24891351901314	-198.6227086429363	-739.9827023230096	-20.213979812310683	-25.63962807746279	-22.692073866078687	-27.63402764382745	249.0430152903757	157.25946262400646	70.5135760577057	157.79927764188312	-35.831977266154254	-10.072089458637834	-21.731874502712415	-195.98140882286077
64.19712962962963	-86.86205594086864	-266.97140103200576	-0.8539221682626812	-2.3807210309490667	2.328359207570761	-4.524625408559159	-13.173762865315522	12.853151282539258	12.423484311174676	-183.73999003824198	-197.59814371172303	-739.6964290388418	-19.877404658186578	-25.644224743281285	-22.22662861973197	-28.14789163949139	248.97910799986425	156.90946825241465	70.20877974568488	157.57723151609613	-36.389198668959395	-10.495905335734463	-22.771988347561518	-195.27181488146738
64.23715277777778	-83.01425209569132	-267.02786121027015	-1.1561952842729526	-2.7420139293570918	2.3912933338076794	-4.480017102607419	-12.889205831399304	12.912791566237564	12.353443488261627	-182.8467839290928	-196.32751833330718	-740.4547233170915	-20.187891360272687	-25.640188598678918	-21.416023424345042	-28.415867319761546	248.95697291479178	156.2625124661542	69.6111965153909	156.8738499256508	-36.63301429123756	-11.023146285430201	-24.266554413792605	-194.37132946441318
64.27717592592593	-78.61920985449214	-265.9833652721473	-1.2539509002290758	-2.5081561338314198	2.151916339444188	-4.91531546397435	-12.262875150413572	13.568560385754532	11.353278323069583	-183.15021449589204	-197.18934795036517	-740.0575892385233	-20.90198600728553	-26.269780024887538	-21.891081257167514	-28.590952846767195	249.03414051204123	155.6659863596928	69.46997189222812	156.057396021883	-36.53284242332707	-10.80050962497215	-25.384560650958292	-193.61340365537092
64.31719907407407	-79.8624508365152	-264.171062787937	-1.4148323171996007	-1.5936732329081116	1.4882640512444405	-4.4055375043768255	-12.032615949448042	15.197877327657391	10.149077664202501	-183.49462942352824	-199.40490106020758	-738.8972313400768	-21.67454416796467	-27.385569275097268	-23.068109367107283	-29.017075790054278	249.0228967234329	155.39146115673287	69.63251391362903	156.06593143461845	-36.61556088351388	-9.16165621215552	-26.483819566051437	-192.87172192471377
64.35722222222222	-84.91451385178584	-264.6945036289143	-1.2209725206675581	-0.2774818872611633	0.9149797526975936	-0.04683685200390491	-12.86218978475956	14.666585996781189	9.212408789568293	-181.86663669159842	-200.72941733892094	-738.3731201232101	-22.716846415567574	-27.23354047279085	-24.05700368355278	-28.629187689886905	248.57321899147485	155.31849485377074	69.39232433447162	156.87706834225048	-37.793425814275906	-9.757210257937913	-28.54692522773567	-193.85419308159845
64.39724537037037	-87.54474993627689	-268.38008146686417	-0.8138546860370439	1.102341543177003	0.5937825568979461	6.593366715951788	-12.274965399255171	6.8908613267545675	7.488659288700523	-178.4891696758969	-200.58428836999053	-738.5314045697959	-23.646486815728366	-24.22142983491797	-24.443120783346487	-24.99052071093915	247.83572088711105	155.20599091911203	68.91114568315304	157.59647721756738	-37.30912452537292	-18.142277839838457	-29.8149759860608	-199.37833830048748
64.43726851851852	-86.51405351789971	-271.5986030241855	-0.708696362434369	1.7459388979004815	0.05089194763077034	8.058111415348423	-5.2552969421674565	-5.239156131630576	2.730000569902833	-176.03986079345813	-199.40307511859203	-738.8933844758351	-23.40608529126193	-19.829985317320705	-23.645271375505715	-19.182056143217437	247.4255109209243	154.94741442852563	69.09811836752544	157.60596521686006	-28.98089705420837	-28.01780997695029	-26.256378427114385	-206.8700376356781
64.47729166666667	-84.74815119630816	-271.87786865941047	-0.7637913952384636	1.3568153208168225	-0.7435621560254864	2.078837140971235	6.222089508993087	-12.767710290693591	-3.3278209360899305	-175.2622736615363	-198.00012795477295	-739.1147235878651	-21.778126140287355	-17.074615943546362	-21.833899029693214	-15.557311022863843	247.47213697673095	154.6083030053585	70.04384940704708	156.93090279889853	-14.852481849735184	-27.673827204028157	-18.181586960856222	-210.32482644384663
64.51731481481481	-84.35478000623836	-270.7166841760767	-0.9572070271999122	0.7654838151636927	-1.2340511555879758	-2.9068776294800154	13.718448983575666	-14.980642535766334	-6.083899307802887	-174.09745732084008	-197.15449460848447	-739.0462755467889	-19.78677264191019	-16.13193857322581	-20.44968590250133	-15.024987017482857	247.4325373346548	154.39390760028283	70.820284881334	156.21748553422188	-5.352051066943119	-24.165821883359015	-11.43504649921806	-209.55503937329507
64.55733796296296	-84.76070856364173	-270.7421176278723	-1.1817559029150222	0.6211018446142751	-1.085913061111194	-0.3731301089453764	13.050110857200886	-14.96340660303508	-4.594825144787532	-173.07767766234596	-197.24268799689412	-738.7816012949869	-19.169874054597116	-16.24678923339195	-20.290846961803	-16.13778280577627	247.02268042925033	154.49881756200136	70.85164266275713	156.37027516513	-6.1942707319499135	-28.025167422427828	-10.78917071974604	-208.4744253555462
64.59736111111111	-84.30063944072329	-271.5755452657767	-0.3872552260282532	0.7735155759168544	-0.2885232106111915	4.736839731449951	4.799511013485402	-8.346025407566387	-0.7983261474298163	-176.39445515994504	-198.14009664514776	-738.8477944567765	-21.21934062429972	-19.189926345015408	-20.827901591306286	-19.55760354013003	246.8114941855028	154.82937477620618	70.47717234734453	157.4700725552491	-16.593088166436047	-28.573546647563873	-17.39203561086589	-207.49052609751942
64.63738425925926	-83.21246341650756	-269.8100696183134	1.5253913727825672	0.8118267988054828	0.7238663359627964	4.6334134488892875	-6.210604350982293	4.704477993893784	2.7319641426259196	-183.7280785034929	-198.8822533415074	-739.7151523577153	-24.550807258607463	-24.695057637159223	-21.626581359072247	-24.635344677982374	247.06677553677116	155.21969848628243	70.27740059550041	158.57289740418162	-29.971779183863276	-18.683970477199694	-27.237940419579544	-204.6554601802374
64.6774074074074	-82.75900232746366	-265.20691822514794	2.9794928994279473	0.5337954483742868	1.4220718379763115	-0.3016085095121185	-12.29006261395665	13.69740744164326	3.565092749145147	-188.89190222240546	-199.00749359777882	-740.4923076754054	-26.168902050563986	-28.434424731703217	-22.316123340950995	-27.91759695543726	246.9416485761409	155.6268470169377	70.13216085287755	158.68347397594817	-36.88908815816862	-10.176314286300737	-33.32027098070175	-201.00039078993711
64.71743055555555	-82.784260030569	-262.01424354688646	3.5915989605169965	0.3593562452533064	2.2401404793190656	-3.780234749509183	-12.558584075235895	14.597498227612158	2.545230865093922	-189.83032901033704	-199.13959721304434	-740.4692223277277	-25.683024692722896	-28.62787878227533	-22.054510182575456	-28.139152349639744	246.3099905703359	155.86458243438568	69.7252201451764	157.8622019235906	-36.871187289737506	-9.517574088360305	-34.33557665533796	-199.64205051136668
64.7574537037037	-82.30041334973902	-262.39933773323014	4.4942121367206695	0.9639185683789104	3.7469499250543117	-3.2911766000846376	-11.658893662857688	13.062623825070123	1.982674146871964	-189.9440909139475	-198.7743546261741	-740.9974104445924	-25.00883422371784	-27.694239186069325	-20.70522818736157	-27.091764042751848	246.3112784536225	155.83453925496352	69.67821759841564	157.36615399663378	-35.91713412628337	-11.313418701844668	-33.96006077902264	-201.00979743208597
64.79747685185185	-80.47533924231769	-264.42439004882823	5.698811658641572	1.7666475929135659	5.213634473931081	-1.364646003356296	-11.228746795136614	12.59186210557936	1.76406528604633	-190.85409955244629	-196.3445274937314	-742.0808564046778	-24.93073968955204	-27.30869981599328	-19.2333202272646	-25.841046562625678	246.92133344101694	155.8302619004	70.32809764622695	158.11303287452313	-35.768295625987264	-11.923191665500624	-33.95932945143882	-202.76136525673604
64.8375	-77.86080971297702	-266.06780091699466	6.295353780495578	1.0822997947542334	5.662582197037764	0.1798433350279133	-11.261045677414732	12.405742740608568	1.4322858856887526	-191.3177644136277	-192.7326973883578	-741.0008361726659	-24.958549860241135	-27.119506400638627	-18.375071126568002	-23.936450073208306	246.98817081845192	156.1128177733446	70.90189393128253	159.38450074178792	-35.65680672199021	-11.897418730029756	-34.056987738807834	-202.90849047019077
64.87752314814814	-76.44895644694157	-266.91408903877397	6.459401858588746	-1.169956712287368	5.339578928637173	1.0197369589925969	-12.339886812220602	11.723776195443516	1.696091425607067	-190.4840095895401	-190.7312069422934	-737.6132495427404	-24.887592780731396	-26.78775634313817	-18.097499134097518	-21.889722363350685	246.8175545292745	156.4852960012072	70.99576776029228	159.95240832788903	-35.83363065918408	-11.944097118912737	-34.08200031947153	-201.54287825731427
64.9175462962963	-76.60048833007194	-266.8727076851629	6.838529855928013	-2.620031177265771	5.069883421382661	0.9610691909262221	-13.67028046940487	11.030051098554505	2.3984479486161248	-189.3680183009233	-190.67884827323473	-735.5133866818904	-24.76906173346245	-26.535865984559635	-18.062068127227732	-21.274719174675326	247.390799911072	156.66774274183982	70.93260639608818	159.6355593771554	-36.28771545942317	-11.953716076434901	-34.14511055779849	-200.62237420506648
64.95756944444445	-76.99659799462368	-265.5120875210066	6.832029046721413	-1.0056798982960689	5.0833321557669	0.6016181427212894	-14.138706813813736	10.943322265583703	2.659888940996162	-189.40345030009888	-190.9862792300935	-736.4725942979279	-24.276149150636243	-26.581585067218015	-17.98749749471446	-21.941224846893036	248.1445855838307	156.78346545459033	70.93176742387553	158.99541148754582	-36.731726151651415	-11.77216357839768	-34.24323928266497	-201.2749028622702
64.9975925925926	-77.23684298791092	-263.34972046508125	5.888660452808543	2.7988829068180743	5.145669319483595	0.5913280526411289	-14.37398323049821	11.187450687222844	2.4506172439369296	-190.07745357250175	-190.9043154882986	-738.6626177540861	-23.290111861734204	-26.941374205773926	-17.771858595960637	-22.342065894053363	248.410335403286	157.04808070664478	70.96156660818862	158.59322582664265	-37.247644736954925	-11.556054516363503	-34.332637058846686	-202.02315925373682
65.03761574074073	-78.43936676907605	-262.5104163142649	4.781586166254557	5.198670208839588	5.101222314323939	0.5643693584382607	-14.967159010705542	11.375202260484627	2.208822923126358	-189.7654018941172	-191.22023259334276	-739.9948185768077	-22.302213763198438	-27.233356846760856	-17.542128741958834	-22.335872625637208	248.63555094295248	157.37038976243022	70.90055308726247	158.40212455538213	-37.69116899021314	-11.285239231232794	-34.625411875751695	-201.14831684464178
65.07763888888888	-82.49816758468282	-263.82101551364127	3.830260496196076	4.614222477648984	4.892487275946937	0.18622077030268383	-15.354061484426387	11.653197899151811	2.409371211945553	-188.50387959103338	-194.12823439866588	-740.0325097067278	-21.532978508257102	-26.900758788567515	-17.638300457638948	-22.627551864328368	248.95278721440974	157.47615968426322	70.77725457466366	157.966222617271	-37.84280878017067	-10.91041441360069	-34.923321359519605	-199.28818204505188
65.11766203703704	-88.6091054163464	-265.36242534016105	2.709541823167193	3.039176047195277	4.52697246980748	0.14008245887680923	-15.395026634959441	11.985653106023863	3.584555278833307	-187.49020450489297	-199.42600584356842	-739.4789482003471	-20.901434652827177	-25.774873364249757	-18.17434193021677	-22.70361134640069	249.0613080410139	157.29681104638277	70.80604132697438	157.5115781499675	-38.0986171043952	-10.710515483204034	-34.49465732744501	-198.17555381892146
65.15768518518519	-92.5836375223875	-265.71258217616736	1.907972441449036	1.8243929665196488	4.072182405705301	0.5423380095436248	-15.400650709425374	12.462170143203043	4.92872976260397	-186.94286917791058	-203.17674986816326	-738.9831921040417	-20.6078368590302	-24.101407170558204	-18.717939068162337	-22.165990871120172	249.03644790412335	157.20852269985875	70.81269143800915	157.4729831618071	-38.52837786281441	-10.311003077731826	-33.684917278697995	-197.65717310650825
65.19770833333334	-92.1909031547045	-265.7055225384197	2.015159450274773	0.28711924899770946	3.638568971116709	-0.09555411569383546	-15.45174895895538	13.423868178009306	5.166330864210277	-186.5871191910154	-203.06952009601986	-738.6213929483455	-20.808852806097022	-22.813449834778908	-18.854309868520957	-22.53273736206465	249.0380803149821	157.50742542413644	70.5619051014357	157.4214435500033	-38.50874909929405	-9.090738833759033	-33.35287129486905	-196.32626418846974
65.23773148148148	-89.28874617172511	-266.4439349894992	2.413115620096302	-1.4614835164765887	3.4488840521089763	-2.029288593747267	-15.63167930515187	12.224236307180968	5.589074114961313	-185.89521900286894	-200.50497534805652	-738.4397768282787	-21.23236063861262	-22.99102017344765	-18.796762611313838	-24.764779511990923	249.05377432454213	157.7547551795878	70.44161034759159	156.92461465994182	-38.21933064980624	-10.098572303142362	-32.62427880751261	-195.83750921435313
65.27775462962963	-87.30040650619792	-267.601268672463	2.1434675062719246	-2.368093196957733	3.627097349632616	-3.3785952195160283	-15.66454031243342	5.9752460198192665	7.609736540550955	-183.3132551399584	-198.41270111334433	-738.4994807642283	-21.461784024826613	-23.90918339295557	-18.969962914406906	-26.37161887680965	249.06150473014657	157.40251138000315	70.46265067910386	156.52582032883583	-38.277941595643654	-16.526719031074194	-30.664564786733862	-198.83665758367755
65.31777777777778	-86.80764187345373	-268.2890970411159	1.7678537606842601	-2.384708729019885	4.085712797007345	-3.40471831431763	-14.998764657044196	1.3064259348607237	9.303843244073478	-178.99647193572548	-197.78909076906638	-738.5202456466981	-21.443826801688033	-23.345817512765166	-19.21489292040947	-24.01830458174196	249.07209745678637	156.6982769610894	70.05766691222003	156.63573434514905	-38.24237234601766	-21.47334036785064	-28.892535077491544	-201.61109886085598
65.35780092592593	-84.57075504323339	-268.68891093955045	2.18483562740943	-1.8006732226799793	4.567142664085547	-3.084785564193296	-13.836657041904093	5.720777442656965	9.127609391418138	-175.8800201142724	-196.00352226910968	-738.283877151977	-21.38073868325438	-20.84797952790646	-19.2477359841603	-19.630454917015115	249.07591479684453	156.18702923302982	69.33594401660702	156.6412279005816	-37.64252190960043	-17.60863365656165	-28.500296927396718	-199.56298959177565
65.39782407407408	-80.1942084174993	-269.02779167933085	2.2053568567175477	-0.6043077189806789	4.394817832334957	-3.11056641747308	-13.001167147785381	12.965738787028565	8.554084931130093	-175.71946509807498	-192.02512301848907	-738.30703408528	-21.2814850472341	-19.127169378415857	-19.624592406349635	-19.404905024903087	249.06207213165112	155.98763212989948	68.9366215832424	156.24867315083299	-37.02422707033742	-11.321552410595856	-28.742949667735743	-195.832424373783
65.43784722222222	-77.50770011690166	-268.47357992878955	0.7218608677356321	0.0820072866015567	3.2606683661342086	-3.440654869456661	-12.657498001845182	15.104863272830482	8.559930435573175	-177.9759225125814	-189.07412520481802	-739.4681169424524	-21.175483102864064	-20.765426564812685	-20.84476843310496	-24.12827614747681	249.06956475622093	155.88650887494245	69.05336677038854	155.96805514456344	-36.773983543863906	-9.734425494782585	-28.802971844704786	-194.1819174998409
65.47787037037037	-77.91174791963581	-267.030221053008	-0.5911851852829315	-0.6824999689588663	2.2505227766220672	-3.6717543654399667	-12.268915024259597	14.170101169396444	8.51096665247529	-180.80754970051518	-189.44157401820468	-741.4395828133578	-21.507632245662833	-24.50672015524505	-22.125509828237185	-28.216116240789006	249.10793379591917	155.5797551227152	68.99475633623666	155.83968060702927	-36.6810657506518	-10.63633858610362	-28.667266153583824	-193.66414416850864
65.51789351851852	-79.6858341155783	-265.80793865767293	-0.0369619942804002	-1.6179698552700503	2.38166243592259	-3.606785044393675	-11.78200988254175	13.846782950874186	8.422340316109711	-182.36666634638567	-192.21367323320612	-742.8565779974763	-22.59371859330453	-27.14291217187052	-22.572159574709715	-29.117961645590768	248.992999755335	155.0739980478694	68.1575241276384	155.59218679870992	-36.69845109598006	-11.090806626291226	-28.504146433596915	-193.18317078421973
65.55791666666667	-82.06923848246927	-264.6231001650334	1.1178421305523862	-1.5807798016286843	2.8715663403704443	-3.6083382579993484	-11.576639079149066	14.293048069529092	8.29490475645227	-183.2664981406549	-195.83026858023567	-743.0182380568111	-23.76953017757181	-27.89559435341613	-22.647427158869135	-28.88463221780536	248.62778117514023	154.74912757965683	67.46930674025462	155.66140872368203	-36.86209888382298	-10.911476299084043	-28.842168161198103	-192.76672358195782
65.59793981481481	-85.19100809757103	-263.04381840675677	0.6310794804831482	-0.9547716653154711	2.1254849552437345	-3.8524123150111538	-11.656605964184875	14.432868052913637	6.6053466921121196	-184.0040637563122	-198.9317874373075	-741.5716081667368	-23.729592771557492	-27.990029298360625	-23.109438494847325	-28.871984169521255	248.356284249767	154.71824361979174	67.93783245768894	156.3941460310335	-37.00598828724358	-10.673133726557154	-30.271033138742197	-193.77640388316883
65.63796296296296	-88.00710402500302	-263.6513925841041	-0.9810350148454868	-0.17885533393869602	-0.17241545767291314	-3.9526920287342793	-12.136253690282551	13.744841656184054	2.859211492811399	-182.18027556275268	-200.48946375517056	-738.9299533797735	-22.480918779590283	-27.956563954244004	-23.46349321845122	-28.80120611019612	248.15813869149065	154.749817922062	68.82120610279367	157.17808209070122	-36.929428285102816	-11.028462333366292	-32.236724682751515	-198.86802628419917
65.67798611111111	-89.07411892363939	-268.5585643113632	-0.8877252716424302	0.16134098213878043	-2.604761408635164	-3.7047670207184273	-13.135698081097422	12.814901276077801	0.08801153232273032	-177.21758385413864	-201.32730985658162	-737.416950995423	-22.25796291185634	-27.776717205717105	-23.143916566298557	-28.47726099362761	247.41730284900666	154.77894681658313	69.14386527231225	157.53199554452488	-36.495613448731476	-11.78977339601974	-33.53474256650978	-206.29337801221573
65.71800925925926	-87.5281662096807	-272.8976232812891	1.426202636759362	-0.20748951445570216	-3.4443121832329857	-3.379216328821664	-13.45064494203208	12.397847005325323	0.6963831318923095	-173.79682898600876	-201.7629691731313	-738.0103989563895	-24.231739038095384	-27.861521769336903	-22.805140755670834	-28.10602087858922	246.34939010170382	154.935339726419	69.11024323517148	157.81014163618926	-35.85822169983557	-12.231292138012734	-33.81485743586897	-209.40663729496026
65.75803240740741	-82.91843446886304	-270.01011429243454	3.6525924368888956	-0.1771328392839034	-1.9409345990270745	-3.351804986090432	-12.158559946440882	12.478447405758915	2.348978841273532	-176.67490844452902	-199.39045156975368	-738.7952487266898	-26.45231777439865	-28.647279061296118	-22.80000212808939	-28.028698127156872	245.82785392775804	155.18909868716213	69.18205068267073	158.14040770047785	-35.41014952416219	-12.187574885453543	-33.607620421491205	-206.02968612478054
65.79805555555555	-77.79828815325577	-262.225472487788	4.549528426369285	0.886746843706228	0.8583680564756755	-3.5900600318466203	-10.633833407165115	12.589135119176454	2.3583000206338287	-183.7183326465832	-194.9311379746361	-738.6115888400909	-27.14520540414459	-29.755750189121045	-22.59576348908992	-28.267329404554886	245.87283726710064	155.32548146883266	69.08271974727288	158.1221585446829	-35.226864326215136	-12.094513021663701	-33.557432302975414	-201.31755526127898
65.8380787037037	-76.63630539381431	-256.5387362667798	4.406204588455644	2.011518662352473	2.8089384619897046	-3.611696072228301	-10.201178529013582	12.402632448421182	1.5701953693649113	-188.71704551669922	-193.00813225300516	-737.3878438833639	-26.489899933448655	-30.358399181270173	-22.08365154289619	-28.305681252881968	245.94430840059925	155.32852254435795	68.32551067951073	157.92688823386914	-35.125925836186624	-12.29118001433693	-33.940209098011806	-200.06387507487437
65.87810185185185	-78.77984321553404	-254.1466553108262	3.847695222329369	2.441917608217936	3.4279402723768353	-3.5158419029935954	-10.523586476260851	12.215285799702825	1.342895145263592	-190.15650628023803	-194.03641593825995	-735.2082468196475	-25.23472459843279	-30.44409651736737	-21.387022530005254	-28.10388010595625	245.9082362217029	155.4373442132357	67.55075063177168	158.19127964088062	-35.11968759991285	-12.372500484875445	-34.512579495612385	-201.5157418244736
65.918125	-79.72181498086209	-253.33305713977813	3.738833033262621	2.750380587866446	3.9624958258788023	-3.7193686599663813	-10.968058250021098	12.77283872424499	1.495002367101612	-191.13556048249635	-194.48131008236703	-734.0592518674642	-24.066006375570964	-30.765395355007982	-20.327199224915972	-28.028337336999115	245.87535521741466	155.704069660857	67.79012334728375	158.83669698548508	-35.244652361410814	-11.53328071159794	-34.85087924343863	-202.7844266233251
65.95814814814815	-78.88573284443991	-255.52110547901356	4.363167704589176	3.2689340043167787	4.8474424137436625	-3.258360348279717	-11.27057998878521	12.25770071651384	1.549288188128879	-191.28026492199103	-193.62011013298388	-735.9148020430719	-23.420442900024554	-30.503120091385497	-19.057220794667714	-27.211704701847225	245.84608993918505	155.90939583167085	68.503521460256	159.25057661516718	-35.359048774814966	-11.68926433763022	-34.84555182303167	-203.12973553086334
65.99817129629629	-78.90350159603348	-262.0184420840552	5.227773880020876	2.0591876029165026	5.627982588330122	-1.0167775469432765	-11.369488730749305	6.349797473666063	1.3819779105075327	-185.60327445524123	-193.4258311449558	-738.8038586524098	-23.3177981257911	-26.786706948024914	-18.089882107263463	-24.728420939272198	245.95627495358377	155.9239174736884	68.6067482476439	159.4260611746974	-35.34349348205082	-17.375796144278837	-34.70211561539119	-202.8030793415964
66.03819444444444	-79.68948045487012	-269.1956249366229	5.821637395922615	-2.0161241477221368	6.248821602211151	1.7033897565905953	-11.21214855312746	-3.1801923300845263	1.033510812901786	-174.88228645182508	-193.01329592725432	-739.2344688533951	-23.41104781268993	-20.020057478160425	-17.589685498664323	-22.076485821440002	246.34661209253449	155.81628058898747	68.41164332247564	159.85928451678512	-35.197217210063144	-27.00415001664915	-34.670976809566085	-201.9082396379323
66.0782175925926	-79.00295438917308	-272.9500233954754	5.829697772688143	-6.116881023004936	6.651141985727553	2.8269655476379176	-11.055843916999114	-9.17296936835796	0.6147113892114953	-167.03266028153917	-189.46265081520545	-738.0406024392411	-23.18756155446188	-15.088986536817501	-17.358801148328865	-21.196053093904382	246.6769112558947	155.85228383114992	68.68459082781787	160.41895010487417	-35.07073988390778	-33.13400055244854	-34.84263162516238	-201.1980916391268
66.11824074074075	-76.69370288053602	-273.2800066048674	5.300069726749889	-6.755443365961971	6.459634907314858	2.4088207027088933	-11.62368276140906	-10.893846896748574	0.554076094624277	-166.53017712798393	-184.93056085656434	-738.3329704161794	-22.531663971754625	-15.05610774583694	-17.230396047894146	-21.587747755406042	246.7606355422193	156.3163029351224	69.25513812017358	160.3327242956758	-35.29010537673241	-34.60826650467517	-34.942803200473506	-201.27543875902745
66.15826388888888	-74.94013155316752	-269.6287457764155	4.893587799661222	-2.6346008624813186	6.079376763768291	1.7335668236663397	-12.936955254598052	-10.117585696916752	1.331557216691829	-173.64352416053137	-184.28231297045437	-739.2338114250778	-21.91936498796808	-19.605503561145497	-17.01983324545091	-21.87210353648885	247.0697011657636	156.92715253961742	69.67331538165432	159.6074291209537	-36.039060122936135	-33.50746156074344	-34.72137296556663	-201.72687896088524
66.19828703703703	-75.28383497131071	-262.9681534898356	4.852572425288763	3.6007796006975097	6.175983894534321	1.4575380726379528	-14.028001758713565	-3.3100115485751043	2.46553322972477	-184.81107236464524	-186.76976833529096	-738.5662273181962	-21.605179387498538	-25.597418956813755	-16.75701601528499	-21.773426768595087	247.8393351316609	157.12316170563705	69.96646706610936	159.19124083480705	-36.96001675581162	-26.672992391877997	-34.45950180327732	-201.62759943348635
66.23831018518518	-76.91898023834636	-260.1018359366247	4.341246957431877	6.146450271773867	6.122269929232022	1.393698153838485	-14.456775194461128	8.15216712726247	3.107686247417591	-191.73497711020332	-188.5774165882466	-737.8844795526055	-21.223330808195414	-27.782854054291164	-16.91841669776865	-21.625526389185396	248.6383097465939	156.97018083145787	70.15907713720824	159.29810109586506	-37.462834564394214	-15.183986880425635	-34.34942001907784	-201.21946570673475
66.27833333333334	-79.6192991619208	-263.5742896617248	3.0762560820772222	3.4524362195149383	5.198531275531548	0.7710848534863111	-14.86322904718895	13.528735117827946	3.5289161559889926	-190.47243404394985	-190.32099143832187	-738.9469103246496	-20.650022903807084	-25.373730360938907	-17.563715832520614	-21.958112655354483	249.02886081521808	156.91307739686	70.1344070594397	159.4259511777289	-37.639116620257695	-9.567319466778173	-34.11739062486116	-202.40634356499947
66.31835648148149	-84.52656579676201	-267.3272598247368	1.974523390768638	0.19694761400055766	4.171611168241711	-0.38512757628699773	-15.569265443667875	6.44928009584012	4.268403995506127	-184.01476927932868	-194.69731722286298	-740.3347170669191	-20.238013180650498	-23.00598427291952	-18.048613699804534	-22.814867343782865	249.06292036359588	157.11116536480515	70.1076754410738	159.65120050068487	-38.000691218890964	-16.32136383033118	-33.73888140311493	-205.39434960394027
66.35837962962962	-89.0057176592059	-266.4522216173213	1.6974043384070694	0.09337152168912517	4.001964526196291	-0.2940816069581373	-16.048998715124714	-6.0078994138736395	5.1412295093081	-177.11946230056105	-199.13381549029123	-739.2468981301081	-20.134816872349674	-22.78804148706287	-18.080120312865915	-22.694446341432723	249.03065909356673	157.3860848288478	70.4655004759283	159.78776427385134	-38.46242929137884	-28.517416057200307	-33.31347378655168	-207.79998250568502
66.39840277777778	-89.2685413981814	-261.09013643474987	1.7815372250411325	1.9536589906074984	4.139270769652351	1.7250616755111345	-16.412319068011875	-13.05514442002826	6.291636525603727	-173.6890776732536	-199.3418949786622	-733.7350096296885	-20.082397631612636	-22.650735966497265	-18.07456445991393	-20.69128056615834	249.04180157813437	157.40683609429482	70.95264370357751	158.73201323500297	-38.86160939038278	-35.35154256750967	-32.53586797851696	-208.57512545995257
66.43842592592593	-87.22063528643962	-254.86285496821242	1.4007278149538207	3.0191240118306224	3.4105281625365924	3.599513598589224	-17.336041562094923	-13.696066016974962	7.897026474587017	-173.80693662939865	-197.0071043881356	-726.3854216314845	-19.836003946909955	-21.563463563528884	-18.425210980595963	-18.508879931026	249.05735644859294	157.02044751226262	70.66473200191366	156.65078956021569	-39.33667919302884	-35.55700410074601	-31.465053509171796	-208.7964695065619
66.47844907407408	-85.52168924088443	-252.34399548037334	0.8146845126844712	3.0091797049181013	2.412762359495873	4.011607758009823	-18.341073298191578	-12.92824220797591	9.093865521710947	-174.81297527115572	-195.27378482418658	-722.8637904085115	-19.658716235400632	-20.503234246512605	-18.937456766569795	-17.50514815208132	249.05526369695508	156.3871670651223	69.54719601927292	155.52449808400743	-39.61107640946041	-34.41619427568287	-30.724089634932398	-209.28313431778378
66.51847222222221	-83.24389420558714	-253.70550242368589	0.5532039325269675	3.4340578048849144	2.89029182268828	3.8679279688501236	-18.156570164111148	-12.357435656182938	9.187854510518214	-175.34126934205742	-193.43951206093294	-724.0683262491468	-19.849492455116064	-20.11872473487516	-19.323634770062327	-16.90029874002228	249.03632976536687	155.76508421271654	68.77369729394475	156.33308872951272	-39.4512889234323	-34.22509579694699	-30.205203315184875	-209.9625359560781
66.55849537037037	-81.52244152001559	-255.81105542395716	0.04542846405673232	4.50605280919591	4.067870901937569	3.9153026285764128	-17.200185213940546	-12.097471569792233	8.987108842032937	-175.8940760601734	-191.2344951413944	-726.361168143889	-20.114886144603773	-20.222427850564003	-19.743849985510224	-16.065272881457688	248.99844709832723	155.36193911480876	68.88510268499694	157.77681197848767	-39.51254228255938	-34.38794683716556	-29.301839152113374	-210.78965710515826
66.59851851851852	-82.85578869383143	-257.15905364141224	-0.7660347019386857	4.989506473753777	3.346817315448029	4.051783000660586	-17.67792528687078	-12.89168836910628	9.704952680341576	-177.2735082763348	-190.3580867508549	-727.4716290663353	-20.120486834339346	-20.28597459772422	-20.18020040012962	-15.496313838533112	248.96931328353287	155.23518114005952	69.20820111904106	158.05096381648897	-40.29380628934685	-34.449816312299006	-28.57400866304816	-212.00132160589806
66.63854166666667	-84.26686969156863	-257.58530549127573	-0.8808432914878342	4.387261900437995	0.7756217896087135	4.113027311766889	-17.384687225933742	-13.898707659487188	9.41798012596889	-178.88742491287945	-190.79173074893157	-727.6311121891299	-19.946333605891112	-19.975949433516973	-20.603128446729272	-15.609173729132792	248.98472985463923	155.24775132436065	69.26521332507996	157.04091241064484	-38.71731059139742	-34.30900359969101	-28.076288250958996	-213.14381009801826
66.67856481481482	-81.5822592446302	-257.39314485029973	-0.008864902370727977	3.5080104537141827	-1.4803415436720362	4.0405609447701885	-9.372817076734968	-14.162534611905054	4.02321397822142	-179.08910005808445	-191.03193213902483	-728.0085422024024	-20.13372871094421	-19.542135913200383	-21.46133767089873	-16.082295909930394	249.00927314201863	155.26146276147557	69.1976927082434	156.03323642736694	-29.4954126425759	-34.1158982004731	-25.414627423271696	-213.17506698304607
66.71858796296296	-77.671370797564	-257.3242527545116	0.9367198898327658	2.793205907701045	-2.398154714425241	3.7918780613883896	4.509750794928922	-14.190864090770843	-4.594227468411773	-177.3735283841109	-190.93633306265912	-728.3666245729655	-21.209624322172445	-19.386727739008222	-22.45504114181115	-16.565315739486834	248.9974941722499	155.26169905975203	69.15110908906973	155.80268628529276	-15.570436545503028	-34.039148073183625	-20.369112551607145	-211.79651124812722
66.75861111111111	-77.63250160504317	-256.2960593883097	0.6015718284070586	1.638154084888609	-2.293535826289794	3.426390446188789	13.259553642777362	-14.062451409543801	-9.510679374327234	-175.32542139332	-191.45197775141617	-726.0857185328047	-22.241430042651103	-19.26190678538856	-22.778731922980498	-17.131021622262992	248.9799856024075	155.2554614639658	69.1372976873588	156.12587717652573	-7.275761534325298	-33.98738619431626	-16.806942831667158	-209.96363395064571
66.79863425925926	-80.93320137479002	-252.42542464912123	-1.1329743030446646	0.32029573305789005	-2.0161832370943067	3.199567485843524	13.837315230238703	-13.444950535923246	-9.28552354194782	-174.65126090413207	-192.6897322939381	-720.3836065707632	-21.628931398363108	-18.708980201545444	-22.82493725408672	-17.571005071654668	249.00419189851215	155.2792667262275	69.15502283381403	156.43473636374665	-6.973686817559226	-33.8455754430329	-16.23701366092726	-208.89115630918775
66.83865740740741	-83.9682031389644	-248.29430852311995	-2.5193075499184396	0.21177086708161783	-2.1269055574115607	3.1877140728886375	11.921674521408201	-12.995778146152274	-7.417954921366734	-174.6396130098201	-193.979757745134	-715.8621389563359	-19.964011697822528	-18.200273190330407	-23.256126628022315	-17.497505519766378	249.07789663305806	155.43372656915017	69.1815926360529	156.4842609849695	-8.778016079114863	-33.70455029521024	-16.221720674700975	-208.35955406473266
66.87868055555556	-85.17706237536346	-248.44292925218028	-2.530674248135705	0.9406193615344883	-2.363136794720861	3.164123676725212	10.763633723273232	-13.123828075673824	-5.737866755657788	-173.60317349958007	-194.4144442708253	-716.5490510299578	-19.294596024422603	-18.24067618064835	-23.64241621627076	-17.278170431231317	249.0448768271895	155.68214848659568	69.1922850031446	156.4459081551834	-9.709274281501806	-33.65599699900223	-15.3990147444988	-207.17680317393183
66.9187037037037	-85.07364363156356	-250.89554210823175	-2.1588764891429935	0.5073092313910682	-2.418269228956913	3.0655116743554545	10.437034666206017	-13.131449198804239	-4.766427136501036	-171.7015609438997	-193.25214950807617	-718.8287417323577	-20.00659199774539	-18.085255730652335	-23.53841102444315	-17.62060764893583	248.57814116322544	155.83847658101735	69.19098817702198	156.44071873204138	-10.21990216269485	-33.58508448497358	-14.776143120515329	-205.2830715952379
66.95872685185185	-84.36627078549893	-250.06655885655218	-2.1050091897032814	-0.9714021955258674	-2.384268887339347	2.9339087076931563	10.536443401513923	-12.611181339435642	-4.586802193193135	-170.22338183718858	-191.88981908676743	-717.9357579289058	-20.956866763920118	-17.447592714762877	-23.295197346719675	-18.39967404299071	247.7870249711005	155.85654277575082	69.18777009726843	156.44004026356342	-10.538900821468943	-33.31477735991925	-15.014992820574719	-203.64395579903208
66.99875	-83.5354708421132	-246.64079736806627	-1.9212809200231664	-1.2379326429093531	-2.370199045677585	2.664902960129217	10.512957374963872	-12.016849193145807	-4.510509683168039	-169.7479688342957	-192.5312733761416	-715.7663217702577	-21.475050905561034	-17.43711814531696	-23.247200586789575	-18.88946258394877	247.44300005775676	155.84145866894943	69.18404699819578	156.42513098927066	-10.63644648665094	-32.90310099049009	-15.425004167230014	-202.66884493965694
67.03877314814815	-83.57965074071802	-245.82440337896705	-1.482737303073526	-0.13476076986447172	-2.3695483406360194	2.284596755813552	10.372004794319778	-11.780145760945736	-4.383203809770881	-169.95697452367784	-194.67800055948317	-715.0881585506795	-21.63025915548012	-18.190943351492223	-23.2808352121274	-18.915997266391415	247.85769148333583	155.84461406357633	69.17882540684197	156.4019336120174	-10.584431584855494	-32.698130238188895	-15.496412041787039	-202.10979810657227
67.07879629629629	-85.00029169137359	-247.927556108619	-1.2546269761775484	0.20348935366090817	-2.363714059494482	2.0215973443958646	10.37040789978088	-11.728799457951865	-4.514767938455613	-170.25659529068682	-196.57828977177962	-715.1010312142952	-21.61867727029059	-18.450578545719935	-23.251138943911783	-18.848458885794926	248.20319420092318	155.8438052890456	69.16426009789842	156.43894781771937	-10.499239340526486	-32.85789010347291	-15.455117949699428	-201.93944705671396
67.11881944444444	-85.81227841299678	-248.7123566695379	-1.4938042044510655	-0.48826626355026315	-2.375690567398506	2.071996802088558	10.40950455978835	-11.555980882967482	-4.731602760221535	-170.30130974111736	-197.09494628555103	-714.9545352078479	-21.579533483323985	-18.072490500849867	-23.262235679458385	-18.787208127032116	247.86140322423728	155.82585646272815	69.15567916651987	156.5834805479223	-10.49851114451117	-33.07582388784219	-15.435229775780684	-202.21532577112197
67.15884259259259	-84.5429025038064	-247.59813722391772	-1.9254577127746846	-0.46057691447441634	-2.4127758585816683	2.43959398506755	10.436238523305985	-11.481083831769583	-4.80061072183903	-170.02408526360946	-196.1398275164904	-715.1155269349252	-21.55891070818558	-18.18454030177307	-23.506509135368418	-18.62294076294782	247.5233896402429	155.85176610653286	69.2285620310937	156.4454512538259	-10.525091760962752	-33.13881944053301	-15.42471236422638	-202.52586597030518
67.19886574074074	-83.80649676916521	-247.23806063686638	-2.0645192336181246	0.38835898443345257	-2.4005613440110585	2.772441676127223	10.528622944281958	-11.74970832163216	-4.944662058310359	-169.55799888747953	-195.2564528086276	-716.0003649856001	-21.560800963825713	-18.854303964105327	-23.81762999737083	-18.528182084778592	247.80868931042812	156.0145113662253	69.31444848400167	155.5671794968315	-10.46199015132099	-33.169458171131254	-15.572660998285286	-202.522678550114
67.2388888888889	-84.99513153751874	-247.75100081328762	-1.8285043046496867	0.6015449299345332	-2.3616923545932256	2.815263108141086	10.631703023148857	-11.975408324008159	-5.288371992897842	-169.25079301734365	-194.71802474703418	-716.8275179573974	-21.66087413571475	-19.020383587399408	-23.827312179509136	-18.60637134392455	248.05772881268115	156.24544030955417	69.21189200091098	154.5598176844128	-10.388891413773976	-33.19438183382128	-15.90661659052634	-202.50057117263265
67.27891203703703	-84.59470627341616	-247.9488661682792	-1.5843270149217574	0.10757944609573243	-2.4568751261487627	2.827823323861824	10.728344711032138	-11.908430199699527	-5.588774768029355	-169.2956943950902	-193.12307686925362	-716.4690417540282	-21.880981233048047	-18.57188454866251	-23.699192360971807	-18.595175695028274	247.8453899787918	156.35321252807876	69.16655921891572	154.34597840369372	-10.393547641791343	-33.20745865343633	-16.177451463853544	-202.89958185356653
67.31893518518518	-81.80005690735833	-247.94150034214152	-1.4585071526515574	-0.08595059140911616	-2.536821434312217	2.894264342350615	10.938087370164203	-12.053038293025878	-5.877515868334324	-169.3363673658398	-191.60403961477653	-715.2408835913225	-22.0410114142621	-18.45980236775094	-23.813774115484094	-18.51136754246788	247.97863094425372	156.3687845897088	69.54469144898282	154.49076043989842	-10.391779950333827	-33.44560339303955	-16.35607760695109	-203.44183585223527
67.35895833333333	-80.37486490668607	-247.70491131999097	-1.2509655335498957	0.12152900390719498	-2.2397936473618025	2.8533375191671504	11.215186273874425	-12.583331326168054	-6.247493799510842	-168.88318949826672	-192.45629344784567	-714.3200157923127	-22.11564962622218	-18.860951724016104	-24.01672457949458	-18.61659787348016	248.60173449580526	156.51680977685754	69.99761374298357	153.97809057588796	-10.413383835863229	-33.92201598560281	-16.667398519805076	-203.38895997198284
67.39898148148148	-80.92600302416	-246.69820940218858	-1.0767406303328608	0.2505451876022383	-1.7706307247537532	2.885669431550591	11.242155716725767	-12.774589526977044	-6.184248534303965	-168.2278055374849	-194.76372513918085	-714.0168292751173	-22.28668024780542	-19.02023660952304	-24.03344114790393	-18.78057777760371	248.59397949217868	156.7852568577004	70.08634828807092	153.02319187659856	-10.624286452707125	-34.238899718771975	-16.831244251019058	-202.90927207409845
67.43900462962964	-81.3392428069279	-245.78283533753694	-1.2398446790878432	0.2333214682095934	-1.6781430846536558	3.089817527171161	10.942473823142231	-12.350561663355954	-5.659681241251239	-168.0407637529926	-195.7491155265912	-714.2839428107121	-22.48161857175306	-18.831449313262183	-24.011384610606427	-18.804477690904065	247.77555037160658	156.9441283202762	69.96522500661963	152.62740222944694	-10.910047288237067	-34.275569446863415	-16.55822251001956	-202.83751751904316
67.47902777777777	-81.46806173680551	-246.64655677448596	-1.6821330260517826	0.21716604118049182	-1.915942415811346	3.233417005085388	10.678453810263273	-12.029357898165483	-5.548501293778916	-168.20472861241447	-194.94696420686842	-715.61307720046	-22.63173160449915	-18.81879725993403	-24.2209576909315	-18.771077108300403	247.45195839471467	156.94824343444856	70.04486240851132	152.91579755770954	-11.064664068784694	-34.289455368626435	-16.387633670708865	-203.02306103070532
67.51905092592592	-81.84761597006997	-248.79485914717606	-2.098111828197714	0.23504553223834204	-2.0256745515157166	3.23983026002373	10.62474247285087	-12.17085281808573	-5.90730718625069	-168.27087017761767	-194.7460406255911	-717.5128852541181	-22.780712478862696	-18.988461877244248	-24.593004162556014	-18.764002202185196	248.23251938471356	156.92773118001554	70.46881160852405	153.30172865890415	-11.184293175700304	-34.339312873037045	-16.71333451488394	-202.80651091827912
67.55907407407408	-82.12615573431765	-249.5257198177421	-2.2899377021112333	0.26521073805228224	-2.0692423023952826	3.221233252942033	10.62395379202239	-12.211177977032003	-6.11240994653524	-168.25010883319473	-196.15617534640563	-718.4145768499271	-22.67167328348647	-19.066487368478192	-24.82026075847648	-18.766740459448968	248.83956394339532	156.93192695320698	70.66276861011191	153.48057300698886	-11.372717681198395	-34.23079084765534	-17.263391260218256	-202.51967880912508
67.59909722222223	-81.81068522309725	-247.71575494441137	-2.299432415143892	0.2782894459908844	-2.3973725610322334	3.2179496790711855	10.641020537934414	-11.769434163109208	-6.155307422442993	-168.40231192824996	-196.66629513014766	-717.9223573995699	-22.331749413229957	-19.057855317301318	-24.83088770246178	-18.76994804402031	248.24650348211873	156.9327775166089	70.15466476865191	153.50683263657027	-11.530732750483068	-33.89816933306034	-17.707558548126016	-202.8376123275458
67.63912037037036	-80.79533005289699	-246.09602056711103	-2.262489271712568	0.25727430503455817	-2.780765161637043	3.203433729700091	10.7072761695243	-11.351959494929172	-6.296147636241018	-168.97711864925446	-194.6377380394391	-717.2013567092223	-22.26723736068108	-19.032745188799694	-24.792660401922262	-18.78498406311499	247.52599734525728	156.92400093704617	69.6806599669497	153.5195374755898	-11.563000457927842	-33.60488867637814	-17.879404540103735	-203.43157317692214
67.67914351851852	-79.45293199999524	-246.988249634673	-2.2050315893784216	0.24204382642679245	-2.8683151335930877	3.1833332022533516	10.696455723439332	-11.473145743679071	-6.526130852231638	-169.78467469249517	-192.02568822794638	-717.1313199437017	-22.489784780965792	-19.01047398491997	-24.78942694751457	-18.803030975012447	247.7426753805401	156.91802568928273	69.85945675462766	153.53060057660616	-11.533365395829748	-33.60445010901714	-17.868542489431604	-203.43876195979834
67.71916666666667	-78.46542191755903	-248.12669706379617	-2.1062543157576394	0.1795722343651242	-2.803487309271697	3.18064040514622	10.49373119864336	-11.688621305967759	-6.503699880107316	-170.28441163366594	-190.82076197112355	-717.0285994647977	-22.60967324862328	-18.995622699259243	-24.79523349803189	-18.806007834556524	248.12501985568343	156.91833390750827	70.05202560172188	153.5024058498716	-11.557184300114713	-33.65957872265311	-17.79020891467276	-202.88173986026106
67.75918981481482	-79.05497336194762	-247.15097317081984	-2.0597620320529826	-0.05494906982887024	-2.7791634731952097	3.1779506618621305	10.20389810429478	-11.337316974775485	-5.977084150588214	-170.45760676299867	-191.5016935236515	-716.0516539335642	-22.49485022963519	-18.953455103705807	-24.787785511340957	-18.810152190141736	247.8302518507532	156.9203466756913	69.8235081432677	153.4603403798947	-11.607954381658786	-33.453915914670375	-17.520013920985804	-202.53915600147621
67.79921296296297	-81.2245277492761	-245.86847259225485	-2.090139863027977	-0.19155657462679435	-2.7823018166646207	3.1574548605569723	10.058246495538404	-10.691734979698369	-5.352568047520381	-170.464331665563	-193.49757554375037	-714.7462600328541	-22.30478631559471	-18.990314097281853	-24.7729996275376	-18.830462197462154	247.44002934801466	156.92087438365417	69.58117732753232	153.3920693638279	-11.609787810711921	-33.1775778169619	-17.043303564301738	-202.56227686412564
67.8392361111111	-81.88278922206094	-246.30592606708103	-1.9995205568802874	0.17811440197745734	-2.7795362009301803	3.1479618495094828	10.07850528464554	-10.496991440495288	-5.124582175021948	-169.86144769477585	-194.2567469718703	-714.0178007767836	-22.311285186038347	-19.325343326591806	-24.76511055273582	-18.840215508947807	247.76560691932883	156.9198247050095	69.53749492642163	153.37692813553255	-11.597297002625055	-33.09505587846134	-16.54637629626069	-202.29766459888924
67.87925925925926	-80.12754734433474	-246.66118911054224	-1.9491792326436466	0.7855379588356943	-2.77119643451939	3.164841734624673	10.108847813503935	-10.81114292126046	-5.098536691528266	-168.54763559166224	-192.96256414692613	-713.7332273754857	-22.382976121989444	-19.80059957389902	-24.76336894370155	-18.82731944768406	248.53287627850017	156.91912718556114	69.50114131783852	153.58761254212968	-11.65117645781882	-33.10815576971885	-16.133195211611067	-201.42784612324584
67.91928240740741	-79.3040029447356	-245.2018563587861	-2.222930628250189	1.0946938761059315	-2.7710232052915083	3.117148685150844	10.121034552998784	-11.07534246857206	-4.834731829290336	-167.42745381984423	-192.17920592571323	-713.5596489461146	-22.271520976976504	-20.00636453651687	-24.75856419730232	-18.87389643196336	249.00831795926314	156.92332752382367	69.34411686393771	153.7888403804623	-11.742656846004053	-33.06655197146391	-15.859254784629556	-200.51384539547394
67.95930555555556	-80.13197596942315	-245.01510694943607	-2.421704067503863	1.0998870176775981	-2.788870894243148	2.92634081576111	10.14928885836103	-11.071772128344792	-4.269204380607532	-167.0995571377383	-193.00488455132592	-714.8744356927864	-22.334848571022093	-19.948524226643926	-24.75211801692187	-19.042810733216214	249.10690589530475	156.93081313376672	69.14643137309486	153.58785384714236	-11.751527316078011	-33.02340299025187	-15.76583320953911	-200.1660359178872
67.9993287037037	-80.90803382454597	-247.81255066122517	-2.3110422334022394	0.9829520165818796	-2.7531750762051437	2.759115450723326	10.26062270366769	-11.01695888829635	-3.6107100932967406	-167.18535118907033	-194.7905033473554	-717.8370852436494	-22.74410464516002	-19.890118475549656	-24.74723597827652	-19.214266314894516	249.02014330132988	156.91681250609147	69.08992543161924	153.2534281093893	-11.676138268106527	-33.03762136283565	-15.780596114720268	-200.2585042917492
68.03935185185185	-82.21918597814552	-248.9902971551536	-2.2300111767089614	0.8014868402025613	-2.5922234673114275	2.8024680107111286	10.517124731586001	-11.032466388455013	-3.275735239206802	-167.25371368477403	-196.90377201470739	-718.6832371468408	-22.960245782334425	-19.89299125442345	-24.745305053120063	-19.324608720399198	248.5491300700894	156.87444806926413	69.33359852648829	153.28399499626155	-11.618109222892514	-33.04213109200633	-15.791457752865938	-200.34756763081253
68.079375	-84.33091447014132	-247.14420751909907	-2.160155044556979	0.7718964585982592	-2.4690144816952753	3.05312753343399	10.673694398418908	-11.021147500359955	-3.685811711471978	-167.24857128293183	-198.1649398446025	-716.8960776203295	-22.822807986513652	-19.918605926569	-24.750208654809953	-19.410595726815856	247.77883929517685	156.94130335382965	69.78305914739566	153.3312251644973	-11.565783006252317	-33.02874633983747	-15.769876896138044	-200.3098291110707
68.11939814814815	-85.32450035871987	-247.38900269014673	-1.9145425386330326	0.8608752490391394	-2.596262640188764	3.4168986148759615	10.434783009496899	-10.789976675739918	-4.610458111811733	-167.2262747102685	-198.2156200831157	-717.3084868187628	-22.811967333227187	-19.942281445277388	-24.74324929551632	-19.389486086235394	247.4513839809569	157.22120556121115	70.06405329875089	152.51774441035462	-11.519378273751911	-33.045254049205326	-15.738770072083682	-200.2793247124181
68.1594212962963	-84.79876952330723	-250.33850899245462	-1.8766753389454303	0.5905396830573887	-2.8871955255662147	3.5478271622299227	9.998701886350316	-10.34479736640538	-5.105962594917117	-167.25006599150433	-198.0259470415587	-720.1576019874174	-22.93866168228496	-19.928682864403854	-24.714261457343	-19.367036485204366	247.81707264679085	157.43946751544615	70.0336047372896	151.03292298982925	-11.692799713448082	-33.046550975070545	-15.785208674598607	-200.31390551101794
68.19944444444444	-84.29677257703311	-251.1853531449414	-2.3923861835746023	0.16091832853592872	-3.099942638056313	3.30445888670916	9.774740588075245	-9.99159419706859	-4.51229941704471	-167.30763348669132	-197.88689870487605	-720.8455575039231	-22.801434718927183	-19.893672210046773	-24.77089983542568	-19.520740107430584	248.07199533786638	157.3910638598204	69.93973805492193	150.07162411910852	-12.146685394878162	-33.012256148650295	-16.08973343908373	-200.3364892470762
68.23946759259259	-83.95547081361939	-249.5847643944419	-2.9570907079792406	0.26723472650305646	-3.073396512389454	3.165964429784218	9.820845899005032	-9.97636263287109	-3.507743220489577	-167.39736315433427	-196.92133594383853	-719.3087323164834	-22.515265073230708	-19.892001632941472	-24.98978211137272	-19.652573455371524	247.8487640304415	157.33962301944905	69.95933241429974	149.9933693105256	-12.540704735914773	-32.93365021556488	-16.58107472466908	-200.31108940674682
68.27949074074074	-82.85790819464282	-249.03305430328163	-2.872581275097649	0.632107194216671	-2.750925645019719	3.2407333953069504	9.99004108271533	-10.158650018168258	-3.3871164436950525	-167.6404719670848	-195.01566871222843	-718.9343585703872	-22.461215315719386	-19.912738362410536	-25.114263814769913	-19.633638729237617	247.9709202785205	157.42859591177432	70.0180221729232	150.21927377282032	-12.62829055799999	-32.707683189537406	-16.90943531440061	-200.29935822269078
68.31951388888889	-81.40701976455613	-249.79554587154524	-2.1613650141772025	0.5800316710489297	-2.327630058226633	3.0871253182144183	10.159819014127873	-10.221781366471435	-4.171397161072896	-167.9034381744904	-194.15952350046103	-719.8363095127438	-22.743145513459325	-19.909594655008178	-24.920091081174334	-19.68627525636029	248.57638708330052	157.50986164099916	70.04654006239502	150.37797962855822	-12.550054625045803	-32.468150763356874	-17.000371301196793	-200.33091835396715
68.35953703703704	-81.19492344545337	-249.874425570862	-1.4395964934257919	0.2549459491917067	-2.209497118549576	2.706989388000246	10.008183614662405	-10.206784514072453	-4.627181643976189	-167.86581544672885	-196.31916111158768	-719.9877400176671	-23.172388105933564	-19.9052790379542	-24.68310233013382	-19.88008114462265	248.6149825585171	157.49222801834622	70.07158996141436	150.34327013454373	-12.593524705330196	-32.51011174424457	-17.00341089585197	-200.34975224915456
68.39956018518518	-82.86003749735937	-248.95919269482985	-1.1659784051070807	0.013677666476758771	-2.4697149902018944	2.4014426208504984	9.40189950066031	-10.300546771332316	-4.232120233305838	-167.66721632242724	-199.57729512388966	-718.9370080843164	-23.450975025883352	-19.936706521475443	-24.6743086957908	-19.95423514030604	247.93091166684843	157.3238402108295	70.01486036633263	150.01254394140892	-12.853282644465551	-32.69491423692878	-16.942366274301506	-200.31953468725163
68.43958333333333	-84.07695046671749	-247.8588471028722	-1.1923993475427714	-0.3068579865161879	-2.72385144134084	2.1339119250584995	8.92713873958725	-10.425749487712409	-3.8434942401033796	-167.5347200650612	-199.60644262940303	-717.473989404361	-23.505141945008546	-19.923142201713333	-24.72970879143614	-19.871675019991727	247.39870329663677	157.06062793471958	69.7752837813539	149.58333260446327	-13.023533206628628	-32.764651012499954	-16.891817281537655	-200.29099490888353
68.47960648148148	-83.03240870979153	-246.6796204781453	-1.1825909225790485	-0.8134152701742313	-2.7250525352864123	1.8070242149484008	8.989285268015974	-10.5156665280451	-3.992561302890856	-167.34960181338633	-196.58998821823792	-716.1815955770273	-23.485604288761706	-19.746786655977857	-24.664433330982277	-19.90399869563562	247.30956167505184	156.90111778751918	69.5681473989035	149.416909594135	-12.933653140324083	-32.793312382493056	-16.95962195186098	-200.30795556841895
68.51962962962963	-82.4379994212595	-245.33125585802478	-1.18052006597891	-1.153122817598242	-2.639915398175326	1.6069854173473421	9.189090305439727	-10.59005845986476	-4.043238140971898	-167.14715518935898	-195.2944861431198	-715.2899164333012	-23.49111430226668	-19.542425564225525	-24.637174736878748	-20.004907741122963	247.50184695083578	156.90396196014052	69.65106981812247	149.47157825569684	-12.954096188727135	-32.890029924676384	-17.030834387356464	-200.3271819406172
68.55965277777777	-83.75850296710409	-244.97118829358166	-1.4282934728547747	-1.1876175040895898	-2.758247229480707	1.614913445159297	9.11747810851924	-10.638209994284347	-3.636640985813619	-167.06824583541942	-196.74660196450913	-715.3135884496429	-23.440441892283133	-19.52146416397079	-24.90340350693407	-20.034712581718807	247.92420739268636	156.93519323584417	69.86952966526253	149.35200511024013	-13.266540438737024	-33.059382714810795	-16.97648294749264	-200.3075574773278
68.59967592592592	-84.25721642241515	-246.7336249715488	-1.8012609679526916	-1.1847895145440217	-3.1136644026358797	1.607489663178816	8.809959747391355	-10.661699853756607	-3.3386583721650953	-167.1466189406262	-197.5001063927554	-716.7464357358823	-23.24104820891671	-19.50934392768258	-25.311911878454765	-20.145786358597007	248.1466816083136	156.90016086052748	70.00218139421443	149.02725653822986	-13.526646836143897	-33.150355294713734	-16.88758164767343	-200.3123527202235
68.63969907407407	-83.39651701006599	-249.18068227596598	-1.9641860049754358	-1.264070915880454	-3.2755579115996087	1.5911619517291344	8.75841596773465	-10.62998243926992	-3.621957003899819	-167.3787275890085	-196.37793079292595	-718.5777648923765	-23.04283091337315	-19.379984630827252	-25.424571156989572	-20.30905386941835	247.94093903479785	156.939613534386	70.09314852753593	148.9826280774959	-13.38728187928102	-33.04899494661527	-16.855941990614767	-200.40770668025664
68.67972222222222	-83.27167846573042	-249.47639375291664	-1.9801921712845274	-1.2808346982272238	-2.8340156725702763	1.8733555810685376	9.486134691393042	-10.524469948424587	-4.221197006452119	-167.41308918145805	-194.96445508795688	-718.5522804774303	-22.91751616899758	-19.436880473403633	-25.159667921217306	-20.348205677394375	247.87669549206026	157.25671566900138	70.05444935675739	149.28358719194733	-12.828740500027592	-32.99695208870459	-16.853472118736462	-200.4118760031228
68.71974537037038	-83.74851935872671	-247.73505289228365	-2.0802002669841553	-1.0496785499960006	-2.168423994143761	2.3197342338414897	10.506203765877359	-10.461351633310557	-4.565880368419393	-166.88281761171797	-194.37916888697362	-716.833439367416	-22.707568955836777	-19.734057086532374	-24.842577136971542	-20.317401560927564	248.12939003376647	157.63400362198553	69.61849914687922	149.40360610711565	-12.224677492538973	-33.14294431688823	-16.86272866407171	-200.0323627231898
68.75976851851851	-82.70328010933713	-246.9591995558683	-2.21654823720279	-0.6266550390666006	-1.962696906844992	2.3986856977259445	10.688096115672797	-10.58932221563758	-4.533224786814002	-166.15237931536169	-193.99084295696207	-716.7169335671528	-22.563176851765974	-19.942676763004428	-24.714009605400705	-20.309011695910968	248.43190829396985	157.65024937713792	69.04475017072579	149.23344955186474	-12.016244948814546	-33.272049662499825	-16.809243821446444	-199.42987780418412
68.79979166666666	-80.41321531470702	-247.0903162996483	-2.287404762877534	-0.3316120467498312	-2.252340708362931	2.0806119099796323	9.95482322151031	-10.762271598426045	-4.445017644535736	-165.88627759386662	-193.06561825706189	-718.2616214988537	-22.708959362752083	-19.954441684854558	-24.73297782432752	-20.30940590058502	248.7112454140667	157.37037213035944	68.89194496548316	149.10021945949356	-12.159865958107233	-33.20841831595402	-16.61134123278586	-199.08838832561156
68.83981481481482	-80.17311215068162	-245.61332483512606	-2.208443717248878	-0.3079437541951736	-2.6424424111513183	1.824565843276942	9.392570087719676	-10.640350499836565	-4.474772289853136	-166.29271700293444	-193.34665249474637	-717.5806121434156	-22.91489423245619	-19.913054082116915	-24.76573324480303	-20.30569365724719	248.56899193403825	157.16658058437463	69.08080599610464	149.12761000653336	-12.28755120012373	-32.93352349997683	-16.46434739137041	-199.08497579078244
68.87983796296297	-82.71745863078888	-243.85132863571056	-1.9188569758940934	-0.3963024155837454	-2.766864508535516	1.8779490258729896	9.595081608910464	-10.319490986776048	-4.521451955355953	-167.04110899018062	-195.79473439128537	-714.973410060864	-23.05793159967199	-19.913905550183784	-24.769492733371166	-20.303075358542387	247.88397032915304	157.18308767182876	69.21516807266642	149.1975504544015	-12.285219270927513	-32.55543534677864	-16.560252184465867	-199.13229845491446
68.91986111111112	-85.05169877728687	-244.64135435374604	-1.7264446459610823	-0.40089308562412385	-2.584529592221891	2.134664711972512	10.10862982566546	-10.227136221116366	-4.505463745719293	-167.32224912548375	-198.00242043749302	-714.6240349440262	-23.30007808642199	-19.925463481085487	-24.77412776217146	-20.295123035351878	247.33715478662026	157.33570483478846	69.23074737136068	149.17662649116022	-12.289050242622707	-32.31067146155371	-16.790035735028255	-199.10805061575633
68.95988425925925	-85.81398006008786	-247.03732529356444	-1.9991279838291507	-0.20041018264121038	-2.4883971404867644	2.3220011851628835	10.392503911457727	-10.327925597540801	-4.42882065923801	-166.76989088950612	-198.4934080434216	-716.8444060221913	-23.36544832510897	-19.893664431399102	-24.78882624577382	-20.279271893580898	247.42242060000746	157.47126574466344	69.23395498464522	149.20740426808268	-12.415103219596418	-32.341370332619206	-17.057928056519003	-199.18114799392362
68.9999074074074	-86.0131387322212	-247.87731998409393	-2.448496627162927	0.14611945201602472	-2.4969588266871456	2.2906959123804995	10.37967464877885	-10.29236988197066	-4.32236589945819	-166.2624205420042	-198.316572122916	-717.9728949429527	-22.942493397361616	-19.919141057494016	-24.788813752522856	-20.270139237852334	247.95011059551217	157.55277111825433	69.27378595173815	149.5079995846131	-12.597215223345827	-32.59414100875786	-17.217382498439946	-199.47845128350582
69.03993055555556	-86.20562799910516	-245.6547216696332	-2.495842068951392	0.4208741286177124	-2.2703638974588247	2.224044496074649	10.3283427580541	-10.261174917373815	-4.316282312558358	-166.29304265299555	-198.46537919610415	-716.0077413272568	-22.507692598464274	-20.196535457667295	-24.763323288388534	-20.282339452834194	248.18354262611524	157.64018734408478	69.23234766762477	149.79865403628742	-12.583354814032532	-32.953717951244585	-17.072213046589454	-199.68795680101113
69.07995370370371	-86.07602689064542	-242.74131288327519	-2.1462169558529296	0.5165469510921002	-2.071994200708089	2.2523761627795356	10.247885942604	-10.467265774014418	-4.345243873357812	-166.24381176378003	-198.68311315852003	-713.3617943990803	-22.577418951784097	-20.60895186237815	-24.753363436030412	-20.29194333693637	247.8118410287019	157.62795876033908	68.97069240424517	149.62343195450626	-12.455104319881642	-33.2157182604313	-16.80657004744556	-199.48169782119209
69.11997685185185	-84.30209156748298	-243.66987083978847	-1.608140746574764	0.45685971559458927	-2.338551102134924	2.2110561680527727	9.590414147541424	-10.516719341514317	-3.908840559754499	-166.15599714371396	-197.53087810810752	-714.3409870106126	-23.17616104824323	-20.701139594050986	-24.835300432727422	-20.221999561873858	247.79613998958052	157.38723622665438	68.76187073901751	148.918373947513	-12.824723801962378	-32.98026986995477	-16.699640422598492	-199.05024487986725
69.16	-80.20958298950409	-249.3696064097311	-0.8292706697947326	0.2869857816394255	-2.9669135444533237	2.012148144254914	8.138323814676797	-10.070640327145226	-2.8088929332826402	-166.52821518254984	-194.40388384808568	-719.7007159639625	-24.19419789484553	-20.331383984339823	-25.02351489918243	-20.044417084340083	248.79828131827975	156.98860846468358	68.91615948038766	147.88307011793756	-13.918303161042104	-32.12716876851759	-16.727292636544448	-198.6553959679946
