PathFileType	4	(X/Y/Z)	/Users/visionmauri/1_1_1_f_Sports2D/1_1_1_f_Sports2D_m_person00.trc
DataRate	CameraRate	NumFrames	NumMarkers	Units	OrigDataRate	OrigDataStartFrame	OrigNumFrames
30.0	30.0	358	22	m	30.0	0	358
Frame#	Time	Hip			RHip			RKnee			RAnkle			RBigToe			RSmallToe			RHeel			LHip			LKnee			LAnkle			LBigToe			LSmallToe			LHeel			Neck			Head			Nose			RShoulder			RElbow			RWrist			LShoulder			LElbow			LWrist			
		X1	Y1	Z1	X2	Y2	Z2	X3	Y3	Z3	X4	Y4	Z4	X5	Y5	Z5	X6	Y6	Z6	X7	Y7	Z7	X8	Y8	Z8	X9	Y9	Z9	X10	Y10	Z10	X11	Y11	Z11	X12	Y12	Z12	X13	Y13	Z13	X14	Y14	Z14	X15	Y15	Z15	X16	Y16	Z16	X17	Y17	Z17	X18	Y18	Z18	X19	Y19	Z19	X20	Y20	Z20	X21	Y21	Z21	X22	Y22	Z22
0	0.0	0.679877582911855	0.7857929740669429	0.0301	0.8179311135290142	0.7957196115326879	0.0301	1.0388211212004461	0.2782943173496714	0.129	1.2547331936267352	-0.2560471988482693	0.023	1.223834508992288	-0.3206290218325823	0.2179	1.3350115462385292	-0.2874999351470644	0.1804	1.2826895644439098	-0.3600973768422514	-0.0119	0.5658559456626868	0.6989612101553385	0.0301	0.7726342425360211	0.22250865947452475	0.129	1.0300818548307409	-0.286090657297207	0.023	1.114706363873114	-0.4124322687185648	0.2179	1.024763387115441	-0.4396460847083411	0.1804	1.0775495725814404	-0.38182306432098667	-0.0119	0.33647877690530165	1.4986628028792353	0.0008	0.21236463167674877	1.7409261221270524	0.0655	0.26462679070948	1.5776573758613257	0.1076	0.6274108391576518	1.485710484377982	-0.01275	0.8892157777738929	1.1717975564333012	0.0702	1.038884937802011	0.9586520907362223	0.1076	0.17292742690718368	1.281151678030681	-0.01275	0.2522612018386398	0.8680099899606818	0.0702	0.2943246992286795	0.8454526718087985	0.1076
1	0.03342670401493931	0.6793630051786159	0.7850459514209013	0.0301	0.817546379071765	0.7919384886515791	0.0301	1.0404167132877344	0.2762377120665196	0.129	1.2554551252968336	-0.25591548357668453	0.023	1.2349014197084558	-0.31264520028808956	0.2179	1.3396081822984522	-0.2840190570361663	0.1804	1.2834797806318656	-0.3598879024266095	-0.0119	0.5670454200483669	0.6953897843180082	0.0301	0.7734527034796237	0.21863985839300146	0.129	1.0293413694692555	-0.2779870890756855	0.023	1.116484431721845	-0.40866299560674946	0.2179	1.029242172473791	-0.43587599442927705	0.1804	1.0767500400878274	-0.37314985126983424	-0.0119	0.33674908818288274	1.5013848457506591	0.0008	0.2153064793755914	1.7375719089256478	0.0655	0.26212804744365464	1.5728900589904347	0.1076	0.6287124710336182	1.4831583199993392	-0.01275	0.8867433916901651	1.172004588038036	0.0702	1.0386921595523857	0.9583694532007137	0.1076	0.1728508474466685	1.2836969657455541	-0.01275	0.25276646586122964	0.8740832137179568	0.0702	0.29662250329964374	0.8394677706321635	0.1076
2	0.06685340802987862	0.6753476344567775	0.7865994717906957	0.0301	0.8152308438790604	0.7893928826445664	0.0301	1.0402965737889471	0.27479418338706557	0.129	1.2551710010768375	-0.25675420575581254	0.023	1.2457507436649005	-0.3018829409446086	0.2179	1.342448195547808	-0.28031022653651133	0.1804	1.2832164129406878	-0.3601395997146299	-0.0119	0.5656492269064564	0.6936308149335781	0.0301	0.7680508456509679	0.22295059925367988	0.129	1.0264021315419882	-0.27607057030615967	0.023	1.1149874164146043	-0.40838720951237906	0.2179	1.0283924988301498	-0.43433094100102204	0.1804	1.0727553420687972	-0.36417343474088254	-0.0119	0.3371569660560769	1.5029306735707213	0.0008	0.2196382572533787	1.7302845704494343	0.0655	0.26198766754666714	1.567377855760659	0.1076	0.6290173661590726	1.4809964209994495	-0.01275	0.8858464958888672	1.172155438952741	0.0702	1.0394325263244444	0.9568776818886141	0.1076	0.1723185382544483	1.2865526802040346	-0.01275	0.2530010699492581	0.8778587187905524	0.0702	0.303911407942005	0.8233206946874179	0.1076
3	0.10028011204481793	0.667858742225732	0.7902923629337186	0.0301	0.8110654286457829	0.7904647123543755	0.0301	1.0385442991870097	0.2739397987178059	0.129	1.2541604482666397	-0.25914936064065314	0.023	1.2487869097653825	-0.29437437325841614	0.2179	1.34266847241132	-0.2800749878927711	0.1804	1.2820114844456638	-0.36162527272483086	-0.0119	0.5602745782667764	0.6962592912423143	0.0301	0.7529028273358005	0.24485484351895515	0.129	1.0195679005392315	-0.28175835279773065	0.023	1.1073008664844373	-0.4134039993018668	0.2179	1.0190085838182799	-0.436443507804549	0.1804	1.0643933176238976	-0.3582511143197115	-0.0119	0.3382179957734028	1.5011616488306205	0.0008	0.2246712679854411	1.7193777019265615	0.0655	0.2660491126291162	1.5617457096568508	0.1076	0.6281542417159215	1.4799926738321059	-0.01275	0.8874150216346757	1.171467951623249	0.0702	1.0415690865449556	0.953327132078612	0.1076	0.17004629148106354	1.2877689924483746	-0.01275	0.2517834219780173	0.8770076098940756	0.0702	0.3145999455905283	0.8020830787438092	0.1076
4	0.13370681605975723	0.6613319000636635	0.792881404303424	0.0301	0.8069726588862636	0.7944670543880469	0.0301	1.0375668826071907	0.2728991082437261	0.129	1.2536455005150045	-0.26142320866952556	0.023	1.2411472354731772	-0.2931991797488601	0.2179	1.3420483479689933	-0.2825658849442354	0.1804	1.2808878375187256	-0.3639230962166604	-0.0119	0.5534490258542496	0.7022115099156122	0.0301	0.7348301610442077	0.2758221805461084	0.129	1.0102515129346394	-0.2868542351917607	0.023	1.0951739214657474	-0.4173156971388858	0.2179	1.0075873930693595	-0.43880247646823556	0.1804	1.0558063326612441	-0.35813945175797646	-0.0119	0.33940047545863206	1.4968112713175843	0.0008	0.2290766325455719	1.7072849425209575	0.0655	0.2715085824199233	1.5539184811572866	0.1076	0.6266267802165645	1.479569232813069	-0.01275	0.8901911877720591	1.169283607230339	0.0702	1.044661772220917	0.9477902024432789	0.1076	0.1659545892465576	1.286638357475955	-0.01275	0.24817412611027648	0.8715333646781918	0.0702	0.3210575426287057	0.7922366048286451	0.1076
5	0.16713352007469653	0.6588456944154184	0.7922977437932854	0.0301	0.8037174413351482	0.7975968068673567	0.0301	1.0382347248643984	0.27206859029371044	0.129	1.2536143255177559	-0.26138894187154094	0.023	1.2310195453720838	-0.2919852955416687	0.2179	1.3419279035232345	-0.2811698404777998	0.1804	1.2796472975303936	-0.36442070391282344	-0.0119	0.5489951643475864	0.7071331455934242	0.0301	0.7268839540180452	0.2907217791718435	0.129	1.0033051030183016	-0.28375202960805374	0.023	1.0857993877112817	-0.4154307535845735	0.2179	1.0049045532365506	-0.43797456434626075	0.1804	1.0520249590223292	-0.36153059499397455	-0.0119	0.33915135176843136	1.4923731614430402	0.0008	0.23214727163080542	1.6960057769949433	0.0655	0.27545965246768284	1.5417496448489565	0.1076	0.6240684770458907	1.478697757065654	-0.01275	0.8912519239462303	1.1673177884394335	0.0702	1.0478263028897845	0.9422951124275017	0.1076	0.16270890090226237	1.2847746675098068	-0.01275	0.24365921298380477	0.8641111347165179	0.0702	0.3208081955492568	0.796165144111615	0.1076
6	0.20056022408963586	0.6577567281779166	0.7905403886373701	0.0301	0.8002886277385026	0.79828232359561	0.0301	1.0380515474617302	0.27234017562954005	0.129	1.2530073186196429	-0.2605777845134735	0.023	1.2262074471188484	-0.2893188965738045	0.2179	1.3407652245422557	-0.27754863898268123	0.1804	1.2778444661040742	-0.3623888713251107	-0.0119	0.5465819517949371	0.7089054747930713	0.0301	0.7292845251409001	0.286717438934544	0.129	1.0014608828934943	-0.27678429783071784	0.023	1.0843765537745809	-0.4157482773666713	0.2179	1.0103146463437342	-0.4380498507477441	0.1804	1.0507326555338048	-0.3627847483629413	-0.0119	0.33798881768971706	1.4868950638320158	0.0008	0.23389140494671673	1.687183734547286	0.0655	0.28160962064519074	1.5290984306430633	0.1076	0.6201516320520913	1.477636695965973	-0.01275	0.8883067845271158	1.1688285147262993	0.0702	1.0505482716189247	0.9393390601127958	0.1076	0.16247250123402612	1.2826243904710444	-0.01275	0.24055602813405635	0.8599576690392882	0.0702	0.31954801928388304	0.7976616428125136	0.1076
7	0.23398692810457516	0.655208106746178	0.7896161618504213	0.0301	0.7972263855654023	0.7980637713164522	0.0301	1.0349414293672445	0.27348732466208026	0.129	1.2522737267674042	-0.2617455032892131	0.023	1.2264504880349034	-0.29008387930130114	0.2179	1.337198852276215	-0.2791941544634011	0.1804	1.276263951956831	-0.36031055403654016	-0.0119	0.5438993080904612	0.7079904128381088	0.0301	0.7304606373923631	0.2839528946741193	0.129	1.0026325835835312	-0.2758272221519454	0.023	1.0873568427287403	-0.42145816743064224	0.2179	1.013640061712695	-0.4418159641639014	0.1804	1.0483244351388543	-0.3609664193887176	-0.0119	0.33759653071563017	1.4794019766954358	0.0008	0.23506335755385957	1.6803583359175291	0.0655	0.29184167102700914	1.52149204628686	0.1076	0.6160397301387579	1.4762718391004575	-0.01275	0.8821859061266301	1.1736948549904196	0.0702	1.0523602828019039	0.9392736906466033	0.1076	0.16366652515320865	1.2798010382108154	-0.01275	0.23852393234386743	0.8631705453422823	0.0702	0.31575223602155306	0.7965297616638932	0.1076
8	0.26741363211951447	0.6527486269700514	0.7889340326684564	0.0301	0.7964212206646266	0.7984759437712298	0.0301	1.0298745885701512	0.27565692063882324	0.129	1.2524869172779916	-0.26315165398836626	0.023	1.2275182564009415	-0.2911517997761657	0.2179	1.3327084978661792	-0.28275007272167424	0.1804	1.2745802008154217	-0.35819268179414676	-0.0119	0.5416085307176305	0.7052361865831617	0.0301	0.7266353316360371	0.28814893754401977	0.129	1.0029800752939224	-0.28103277108562996	0.023	1.0875518977199539	-0.4230904943554809	0.2179	1.010916856985266	-0.443663731056121	0.1804	1.0464871091293397	-0.35862289442806594	-0.0119	0.3364372047734117	1.4733353036920687	0.0008	0.23607138525482746	1.67239594490451	0.0655	0.30039936601838424	1.5187967532051756	0.1076	0.6123826383330618	1.4736274506619491	-0.01275	0.8759967257997134	1.177846221771423	0.0702	1.0523177329656306	0.940886153748984	0.1076	0.1629241078151349	1.2769705656820596	-0.01275	0.23531860864224663	0.8707587478660467	0.0702	0.3009006797031759	0.8113314260261055	0.1076
9	0.30084033613445377	0.6520115963452645	0.788310978318687	0.0301	0.7968728579101126	0.7999933650809273	0.0301	1.0253795514310546	0.28006121499895303	0.129	1.2523109400756443	-0.26083076179185255	0.023	1.2267953099472486	-0.289471514372615	0.2179	1.3307054506778073	-0.28247014283501215	0.1804	1.272122636990089	-0.3544629772142655	-0.0119	0.5410689721371305	0.7028763017575563	0.0301	0.7222734530257174	0.29246723663371954	0.129	0.999878388442449	-0.2815892815572787	0.023	1.0850829060265488	-0.4202292952417774	0.2179	1.0075830322546955	-0.4419668033594811	0.1804	1.04562258540842	-0.3539715421983278	-0.0119	0.33297798664993083	1.470390054024968	0.0008	0.2364725668202112	1.662109818826889	0.0655	0.3029201344044172	1.516537331369801	0.1076	0.6092260192869559	1.4703750580684443	-0.01275	0.8715457676261358	1.178582366098391	0.0702	1.0505092413860357	0.9427792882688304	0.1076	0.15930542290020003	1.27470867190692	-0.01275	0.23008341807263633	0.8757805104472665	0.0702	0.27771462352404513	0.8394852965744819	0.1076
10	0.33426704014939307	0.6515224003957559	0.7883804966239266	0.0301	0.7954244617665447	0.8021426487199954	0.0301	1.0218221924562136	0.28883346409447114	0.129	1.24919676837693	-0.25311978276310326	0.023	1.224015463151122	-0.2937300619964657	0.2179	1.3318362256594254	-0.2833027361285721	0.1804	1.2699040059419868	-0.3491398249469365	-0.0119	0.5408953382718499	0.7033030241603998	0.0301	0.7209085629687149	0.2931652141127142	0.129	0.996773751417286	-0.27614855336868815	0.023	1.087011861225438	-0.4247846601749735	0.2179	1.0093028572926794	-0.44432053992889164	0.1804	1.0465960307418736	-0.35183349078438414	-0.0119	0.3305163669589055	1.4666709482005784	0.0008	0.23637434748529082	1.6527064297137204	0.0655	0.2998862933688246	1.511352317952198	0.1076	0.607456998481582	1.468335917791362	-0.01275	0.8686839672544805	1.176768891477788	0.0702	1.048630432869433	0.944539407323123	0.1076	0.1554305800539046	1.273259400411615	-0.01275	0.22418552143569742	0.8757883655767413	0.0702	0.25607774755236157	0.8588188983765345	0.1076
11	0.36769374416433237	0.6497886114941817	0.7885493336989504	0.0301	0.7917659852587984	0.8038806529141947	0.0301	1.0166406443430889	0.3038503517707763	0.129	1.2422135654585702	-0.23888973367594726	0.023	1.2197710352150195	-0.3066021667116616	0.2179	1.3302969636569724	-0.2868076742286681	0.1804	1.2669938610656721	-0.3390101672658632	-0.0119	0.5395002683557155	0.7056665111686742	0.0301	0.7227557011425004	0.28933617493035735	0.129	1.0011746075424228	-0.2790204879302238	0.023	1.0976705095673933	-0.4441843331334219	0.2179	1.0172361419927192	-0.45780001446811264	0.1804	1.0538284770579258	-0.3668800579707565	-0.0119	0.33126953210190796	1.4598228319441484	0.0008	0.23652592185512153	1.6468225272279462	0.0655	0.2935820332181885	1.502918227225928	0.1076	0.6062227045397203	1.4673907754474238	-0.01275	0.8667959445962131	1.1747541197844973	0.0702	1.047394811212715	0.946942698982455	0.1076	0.15357547548393025	1.272653227123214	-0.01275	0.2185918370551422	0.873931396773117	0.0702	0.23935530483299328	0.8613482839991576	0.1076
12	0.4011204481792717	0.6475228494648156	0.7882590059728368	0.0301	0.7883598853693499	0.8055055883109263	0.0301	1.0090318271314385	0.3234501057758465	0.129	1.2314633757385993	-0.217670779526254	0.023	1.2147657175245936	-0.3144200663375938	0.2179	1.3203354197571242	-0.28392732139347054	0.1804	1.2595660829132291	-0.3200377949634914	-0.0119	0.5378087440115393	0.7080252700186439	0.0301	0.7239211974559329	0.2871117748891891	0.129	1.0077560009177584	-0.2870993975915183	0.023	1.1081604667792864	-0.462562674336911	0.2179	1.0235034147011024	-0.4709338073447776	0.1804	1.0608051388406128	-0.38976913836969745	-0.0119	0.3325100929465444	1.4523556469905896	0.0008	0.2366517114496216	1.6428008337748798	0.0655	0.2872332258767448	1.4933704818625397	0.1076	0.6030665012689581	1.4659623149777736	-0.01275	0.8653176343346473	1.1741732238853668	0.0702	1.0458884563554067	0.9490561147916756	0.1076	0.1527478986970034	1.2715160966333345	-0.01275	0.21275465104765173	0.8730382695833003	0.0702	0.2283344619773251	0.85437028187254	0.1076
13	0.43454715219421103	0.6462995044039556	0.7881940810306001	0.0301	0.7869763169990641	0.8073665327785193	0.0301	1.0016177772197083	0.3427093311415208	0.129	1.217174331353646	-0.1924901935042433	0.023	1.2087690919847671	-0.3057945759421618	0.2179	1.3042955891199746	-0.2692244460994071	0.1804	1.2459662701993468	-0.29493743754608076	-0.0119	0.5374766312996346	0.7097534841968066	0.0301	0.720382657985727	0.29592905279321224	0.129	0.987446911737345	-0.24516178511005857	0.023	1.0854676987201093	-0.41161444434094846	0.2179	0.9992581522901456	-0.42239588435510345	0.1804	1.0374201736216933	-0.35295187754008595	-0.0119	0.3323468339579328	1.4468687828796762	0.0008	0.23619638501572157	1.6379083348560475	0.0655	0.2826451028508788	1.4858883618402585	0.1076	0.5984563576774805	1.463548277783019	-0.01275	0.8643011777394191	1.1747769192890691	0.0702	1.0439157787779418	0.9483635581314619	0.1076	0.15193646316102358	1.268253284879796	-0.01275	0.20751585564118036	0.8718800109199588	0.0702	0.22553388923625134	0.8434436039149519	0.1076
14	0.46797385620915033	0.6469213856825574	0.7894496761402303	0.0301	0.787823719069879	0.8083347768294298	0.0301	0.996108363451275	0.3580156117822969	0.129	1.2013273662621848	-0.16810784919875166	0.023	1.2013580428055612	-0.28326277669092	0.2179	1.288831050938906	-0.2466412702213981	0.1804	1.2287363877285615	-0.26965988879240194	-0.0119	0.5382373975689558	0.7105076337875769	0.0301	0.7124724452726217	0.31624519882786617	0.129	0.9144637088009384	-0.09264814297854038	0.023	0.9993807866475843	-0.22312456153131077	0.2179	0.9170179317619283	-0.2454345320492053	0.1804	0.9545826705384316	-0.18078398998322548	-0.0119	0.3315588032085484	1.4440469218926648	0.0008	0.2359346042051884	1.6319074752148761	0.0655	0.28085139744887827	1.4819106697686248	0.1076	0.5953917117583607	1.460861414933365	-0.01275	0.8647048812459975	1.1753104686308888	0.0702	1.0424549288684124	0.9453581519770171	0.1076	0.15214161621390426	1.2638112321922592	-0.01275	0.20488781742597748	0.8682790476728395	0.0702	0.2304053713994663	0.8302597630383506	0.1076
15	0.5014005602240896	0.6485266377573039	0.7928969708723655	0.0301	0.789899553395772	0.8097472134590774	0.0301	0.9911836618691118	0.3698363303350601	0.129	1.1878583042274238	-0.1474543615120592	0.023	1.193328756744437	-0.2550511180904765	0.2179	1.2768914544493937	-0.22290226012289244	0.1804	1.2126021959812607	-0.24710336283221526	-0.0119	0.5388508034737836	0.711924074167895	0.0301	0.7060213425456013	0.3330963355218628	0.129	0.814833878111786	0.12213336709222497	0.023	0.8815289913105235	0.03692400250561382	0.2179	0.8066991016757137	0.0007706623184263255	0.1804	0.8380517121166463	0.07795351898763901	-0.0119	0.33126637606838344	1.4430396369800274	0.0008	0.23644154025458883	1.6266648794555332	0.0655	0.28391451352399344	1.481009941090462	0.1076	0.5952022559260216	1.4585346350389092	-0.01275	0.8665099205456512	1.175596000699318	0.0702	1.0417722763823933	0.9433967154046666	0.1076	0.15337088410872873	1.2607883825755954	-0.01275	0.2044336431731774	0.8635253234888285	0.0702	0.23704969267515558	0.819128357759665	0.1076
16	0.5348272642390289	0.6493961602545603	0.798272178166606	0.0301	0.7922064688407492	0.8134420119306907	0.0301	0.9853673062909887	0.3792516447227535	0.129	1.1785243351646086	-0.12949032513070124	0.023	1.1837734387368555	-0.22506428290542133	0.2179	1.2664202521805028	-0.20139581353699512	0.1804	1.201194689557524	-0.226039721216836	-0.0119	0.5398337026923405	0.716108797515072	0.0301	0.7058843272650831	0.3333132322011358	0.129	0.7469757244564141	0.2703948472151186	0.023	0.799685512707194	0.21752834628204032	0.2179	0.7331743306884363	0.16810665939588093	0.1804	0.7544115295911759	0.26730942553700643	-0.0119	0.33206081936950327	1.4421096245648812	0.0008	0.23719443007923827	1.6231630724538395	0.0655	0.2903419550444639	1.482721707069216	0.1076	0.5962014035033405	1.4561553258006668	-0.01275	0.8678055418787914	1.1770200909529311	0.0702	1.040858830610926	0.9441160006109097	0.1076	0.1543561949559546	1.2596369512689423	-0.01275	0.20450533839051785	0.8606549193884714	0.0702	0.24000784562738986	0.8159954371129015	0.1076
17	0.5682539682539682	0.6494961445225198	0.804131479824932	0.0301	0.7946307683638905	0.8169509867715051	0.0301	0.9796046268489467	0.3841151449537238	0.129	1.171297096517594	-0.11296589531057394	0.023	1.16939584335456	-0.19431100645144733	0.2179	1.255080513239325	-0.1822382225367539	0.1804	1.1946044615733133	-0.20577924713567303	-0.0119	0.5422684880597722	0.7214279874879149	0.0301	0.7071990316518675	0.3287224814814955	0.129	0.7274148772763531	0.30971489265299573	0.023	0.7708666671115938	0.27741325871622347	0.2179	0.7122199560271749	0.21453669641964518	0.1804	0.7278861405257872	0.32127199406123047	-0.0119	0.3330968317300722	1.4402633404423757	0.0008	0.23805468603461488	1.6200169587160937	0.0655	0.2951921500803752	1.4853245738741907	0.1076	0.5961407028523347	1.4530939682276234	-0.01275	0.8675694872894474	1.179866289143204	0.0702	1.0389518584238533	0.9467507124020202	0.1076	0.15506013581987396	1.2583533547582502	-0.01275	0.20513264070772325	0.8600765869537719	0.0702	0.2403042537887619	0.821643896045897	0.1076
18	0.6016806722689075	0.6509417004209239	0.8074643766882357	0.0301	0.7975781888753437	0.8160402829603085	0.0301	0.9761242775493141	0.3827734740995562	0.129	1.1648879313341727	-0.10171516938078601	0.023	1.151149020159459	-0.168344815162857	0.2179	1.2421466361013567	-0.16518393506917944	0.1804	1.191192482423141	-0.19160401571143015	-0.0119	0.5459793538647673	0.7228801734444397	0.0301	0.7054111772239382	0.33245988894699574	0.129	0.7295457916920204	0.2994894866854308	0.023	0.7662120578992524	0.28260130469169187	0.2179	0.7127350228980631	0.21325627954728874	0.1804	0.7298107690476383	0.30667941418993955	-0.0119	0.33290845683190323	1.4383778138221486	0.0008	0.2401673012976858	1.6152948734659975	0.0655	0.2984993175434527	1.484367500640042	0.1076	0.5953551709215701	1.4499106483056232	-0.01275	0.8673352586018602	1.1814727158440257	0.0702	1.036692028983972	0.9498420248273746	0.1076	0.15663220508842376	1.2562363461122743	-0.01275	0.20653163901066288	0.8603336617575041	0.0702	0.2411797903429674	0.8303203543755422	0.1076
19	0.6351073762838468	0.6545875224462302	0.8049832575919478	0.0301	0.801228169502428	0.8097710178868264	0.0301	0.9762074320398308	0.3767777788955608	0.129	1.1598486589019876	-0.09772114545378863	0.023	1.135298302185884	-0.15180755570877758	0.2179	1.227472794926563	-0.1490465570208713	0.1804	1.188303737984348	-0.18686044252102854	-0.0119	0.550434223530578	0.7179071649131044	0.0301	0.7054959052837537	0.3350718331262278	0.129	0.7338714309688161	0.28898789962433025	0.023	0.7677696259004829	0.2808912043774831	0.2179	0.7139946433628858	0.2167752473103722	0.1804	0.7346611882250467	0.29202836273426963	-0.0119	0.3323663654442875	1.4374960682483575	0.0008	0.24480630633196337	1.6090096227949264	0.0655	0.30471624204585784	1.4775099792760207	0.1076	0.5964248824904413	1.4473652573288773	-0.01275	0.8683838705309108	1.1806157914577902	0.0702	1.0352936808361906	0.9518658330707938	0.1076	0.15978332167502857	1.254422043346333	-0.01275	0.20808252965275092	0.8608692243650647	0.0702	0.24584627823541402	0.8288591230566437	0.1076
20	0.6685340802987861	0.6579498915102755	0.7999445605942838	0.0301	0.8038284276100709	0.805823060853898	0.0301	0.9793635291590118	0.36822353965127014	0.129	1.1552386108403525	-0.09425796900425977	0.023	1.1244249190035782	-0.1396139380441179	0.2179	1.2139156699378812	-0.13419166209374647	0.1804	1.1817175226198744	-0.18398945667334787	-0.0119	0.5533002549638805	0.7155812923967446	0.0301	0.7095318087376505	0.3312783918993092	0.129	0.7366495114563018	0.2877223668560304	0.023	0.7732458511052461	0.28397974613831556	0.2179	0.7149996464775489	0.2251616340411929	0.1804	0.7383561213514833	0.29131690383082	-0.0119	0.3356572352582875	1.434360158697988	0.0008	0.2504600283592817	1.604573311165732	0.0655	0.31519715071278165	1.4710540070434668	0.1076	0.6009670440906079	1.4452898170846424	-0.01275	0.8694097296918372	1.1811607995690854	0.0702	1.0348981993326725	0.9526377833333087	0.1076	0.1636251553705716	1.2527327304725822	-0.01275	0.2098720283143567	0.8618101920239977	0.0702	0.25992649661235157	0.8053250849430429	0.1076
21	0.7019607843137254	0.6589684006684086	0.8003665036559295	0.0301	0.8032406107819025	0.8130030232501386	0.0301	0.9832890810281568	0.36032213560979137	0.129	1.1493769057685084	-0.08617131448470566	0.023	1.115463545250489	-0.1272768346542769	0.2179	1.205714020022498	-0.1250613572928685	0.1804	1.1711046565925765	-0.17554934025728153	-0.0119	0.5515460296316888	0.7270918263320373	0.0301	0.7123916734700061	0.3308098049078083	0.129	0.7376376465589038	0.2915759752652329	0.023	0.7790060794619855	0.29344466152468685	0.2179	0.7169027689876676	0.22837615767729122	0.1804	0.743641316190418	0.2956701379826502	-0.0119	0.34484856307310474	1.4256538781301988	0.0008	0.2544018627850675	1.6047956335085196	0.0655	0.32701966323268844	1.4725797107813388	0.1076	0.6077682883949945	1.4432038447859623	-0.01275	0.8692091553051028	1.1863595777693785	0.0702	1.035100930799969	0.9534809320649769	0.1076	0.16708139480099443	1.2505033525493252	-0.01275	0.21311533003909708	0.8634833116753189	0.0702	0.27991968437762577	0.7732198816612932	0.1076
22	0.7353874883286647	0.6589280488433358	0.8068997014397675	0.0301	0.8006909987706272	0.8260635319746228	0.0301	0.9852013954651277	0.3571935170217585	0.129	1.1422930181201447	-0.07802558684025235	0.023	1.10740490902688	-0.11878518761041215	0.2179	1.2027037551417394	-0.12312654627538687	0.1804	1.1620374979862798	-0.1658829564592109	-0.0119	0.5471688093633862	0.745190015522921	0.0301	0.7122022081238651	0.33615027480776244	0.129	0.7374214620758051	0.29492312482324373	0.023	0.7801167095746226	0.3019280927478688	0.2179	0.7168453791994055	0.22673968231839103	0.1804	0.7497245699631183	0.30047731386556387	-0.0119	0.35586035661326937	1.4160531551776696	0.0008	0.25781632454838277	1.6065060095842294	0.0655	0.33506961216092496	1.4789239702593722	0.1076	0.6140028083314155	1.4412967056978414	-0.01275	0.8694249767751852	1.193290585523281	0.0702	1.0362958466370107	0.9550728840157886	0.1076	0.17145681577734767	1.2492793335196595	-0.01275	0.2186600801172014	0.8660713502745597	0.0702	0.29116359849718226	0.7609039583209093	0.1076
23	0.768814192343604	0.6594102539159161	0.8125948718702045	0.0301	0.7994487003482051	0.8318207888773986	0.0301	0.9846640550542347	0.3583014977895617	0.129	1.1357966124571028	-0.07497658292660939	0.023	1.102728224670479	-0.11624350169567574	0.2179	1.2014930378655773	-0.12370437970789976	0.1804	1.1583584047799562	-0.16217321915818816	-0.0119	0.5454457071068364	0.7534317267731562	0.0301	0.7110956753385403	0.34135888151215776	0.129	0.7363902615404728	0.2966124432432789	0.023	0.7777833989437852	0.302235569603031	0.2179	0.7147850513903411	0.22602035319707892	0.1804	0.7531463191340361	0.30711737319407045	-0.0119	0.36435498796962107	1.4121252661606285	0.0008	0.2639806004939984	1.605291468453732	0.0655	0.33662251271626226	1.482543135166959	0.1076	0.6180897790544705	1.4403226850395077	-0.01275	0.872111277227422	1.1978268928044493	0.0702	1.0383264421435863	0.9568423758936409	0.1076	0.17843281083681223	1.250437236652722	-0.01275	0.2255088789068865	0.8684522122092121	0.0702	0.2893503054954661	0.7726829297658286	0.1076
24	0.8022408963585435	0.6601050270774574	0.8138361863360852	0.0301	0.800096063816017	0.8280514750713421	0.0301	0.9840690639697149	0.3586209448283332	0.129	1.1324133149612778	-0.07556239189708219	0.023	1.1022542283293455	-0.116660168636993	0.2179	1.200230440435993	-0.12295210224817628	0.1804	1.1580713391808037	-0.16285886073982062	-0.0119	0.5478393766239327	0.7496108472028228	0.0301	0.7101050597750181	0.3443454445430548	0.129	0.734730165398208	0.3010045626551274	0.023	0.7773202136549276	0.29865402807848423	0.2179	0.7162571127035517	0.22869211214772364	0.1804	0.7524968769416208	0.31555837659872094	-0.0119	0.3706486898493502	1.4136183131945133	0.0008	0.2731243145666021	1.602270103023883	0.0655	0.335524362850854	1.483455284500619	0.1076	0.6211913840054364	1.4403751495505994	-0.01275	0.8764169947442345	1.2011286534331789	0.0702	1.0398380146954298	0.958032263531235	0.1076	0.18707705463643706	1.2528211907430997	-0.01275	0.23210462218485198	0.8693629989514366	0.0702	0.2851409912087891	0.7914697127891418	0.1076
25	0.8356676003734828	0.6607792893374574	0.8134247057924725	0.0301	0.8006282298785012	0.8249716272509761	0.0301	0.9851434548219729	0.3557428698886594	0.129	1.132756816007148	-0.07676326692981265	0.023	1.1039964992328954	-0.11847853605085261	0.2179	1.199668210834082	-0.121676051253409	0.1804	1.157772618525917	-0.16238812457940355	-0.0119	0.5513995799788624	0.7451479796742234	0.0301	0.709629771994428	0.3465260309591129	0.129	0.7334423277502948	0.3100147275134361	0.023	0.7790837040474344	0.2984548707733897	0.2179	0.7214076316729922	0.23310314048043868	0.1804	0.7502492544068355	0.32258539034649225	-0.0119	0.3767323825202494	1.4165809659335924	0.0008	0.28320816424159523	1.6009047783600527	0.0655	0.3383603655093729	1.4865413633032898	0.1076	0.6250944046955749	1.4407123586887782	-0.01275	0.8801530241176612	1.2064717223408765	0.0702	1.0406116712462241	0.9582758725096456	0.1076	0.19594099581454066	1.255241710409119	-0.01275	0.23850571660115588	0.8706564002169247	0.0702	0.28701875656481995	0.8037656613565488	0.1076
26	0.8690943043884221	0.6625753502380639	0.8145194282977828	0.0301	0.8011725657194892	0.8287555466536453	0.0301	0.9866452071537416	0.3519717389657372	0.129	1.1343058351449111	-0.0783948578980859	0.023	1.1063381525060925	-0.12189897410678356	0.2179	1.2004918595374894	-0.12281033931760398	0.1804	1.156668684532586	-0.1605721416953995	-0.0119	0.5536443073431006	0.7477143490271099	0.0301	0.7109312044296808	0.347918039670422	0.129	0.7344982114558946	0.3155827041006345	0.023	0.7790715938250169	0.29834062817107043	0.2179	0.7238486730198276	0.2330411089177609	0.1804	0.7509019845314477	0.32560426754803345	-0.0119	0.38342704106611497	1.418351962624994	0.0008	0.29321910882495683	1.6019955395273242	0.0655	0.34820160243458775	1.49194143223468	0.1076	0.6296234961035365	1.4404745024243688	-0.01275	0.8837232359732435	1.2128144951874233	0.0702	1.0415798995867749	0.9584557971894542	0.1076	0.20487160949095345	1.2581932960221887	-0.01275	0.24579096627711985	0.8762353192228071	0.0702	0.29351082539575407	0.8049944518916042	0.1076
27	0.9025210084033614	0.666056372723248	0.8172240599955062	0.0301	0.802878846795838	0.8357215079987911	0.0301	0.9867848860281666	0.35084602720470726	0.129	1.1342427437827625	-0.08002124162287304	0.023	1.1090973685303225	-0.12599917555177145	0.2179	1.2012604798147097	-0.12671039718734203	0.1804	1.155108627151079	-0.1594994735458981	-0.0119	0.5548492080678681	0.7538932729789961	0.0301	0.7150756474842007	0.34675248858787117	0.129	0.7403825941499549	0.30817104899867737	0.023	0.7774436068663048	0.2906280677306097	0.2179	0.7244967991060577	0.22189210974704865	0.1804	0.7549867139537966	0.3260811203468076	-0.0119	0.39128765394932696	1.417792538307458	0.0008	0.3032070839669528	1.6047312947562782	0.0655	0.36246953974310564	1.4945971395903075	0.1076	0.6342589504646997	1.4393898505788567	-0.01275	0.8889027405315351	1.2165272585348803	0.0702	1.0423617344087635	0.9601089536316456	0.1076	0.2134926353592952	1.2616499831647623	-0.01275	0.2544525954285164	0.8856510570988594	0.0702	0.2992837199137599	0.8009512562811606	0.1076
28	0.9359477124183007	0.6696738819651438	0.8203059675679124	0.0301	0.8041697512085789	0.8426764213105551	0.0301	0.9858265567754988	0.35423508862454617	0.129	1.1321417012708535	-0.0785577913258394	0.023	1.1118411791933969	-0.12880147019350457	0.2179	1.2010987742784842	-0.12977946245576966	0.1804	1.1527180922071534	-0.157155362012217	-0.0119	0.5560843702284719	0.7581997896808294	0.0301	0.7207348144071919	0.3449810341378535	0.129	0.7507719072983402	0.2931121499826295	0.023	0.7805332147064328	0.27760992214136265	0.2179	0.7319640218639878	0.20411958514148754	0.1804	0.7589219321357982	0.3264704172179715	-0.0119	0.4001131634756384	1.4156956095003892	0.0008	0.31264743564363856	1.6085413708718976	0.0655	0.37534440588176365	1.4932196018532549	0.1076	0.639385930786431	1.4381280645528451	-0.01275	0.8941483051685041	1.2177510454849736	0.0702	1.041877147243707	0.9626193179038242	0.1076	0.22079492431323772	1.2637558075371114	-0.01275	0.2638959476884479	0.8931378077936446	0.0702	0.3020655060940697	0.8047777662516221	0.1076
29	0.96937441643324	0.6722679878024316	0.8229977230728573	0.0301	0.8041236167884904	0.8487213573852703	0.0301	0.9848363149928883	0.3609148822027375	0.129	1.1295987842242714	-0.07332292186653963	0.023	1.1136673078773305	-0.12921833581137668	0.2179	1.2013083154908442	-0.12931522917853286	0.1804	1.1502318597322532	-0.15259923601691947	-0.0119	0.5584491950617333	0.760478238008437	0.0301	0.7253216032963891	0.3475598443901512	0.129	0.760254987175306	0.2857856911126055	0.023	0.7904282846643923	0.2706559362149231	0.2179	0.7464384451089016	0.19219863613484392	0.1804	0.7609671855656405	0.3276015137751899	-0.0119	0.40737523231282813	1.414659005268051	0.0008	0.3211785559403809	1.6120819208757258	0.0655	0.3842308585970698	1.4917887678031119	0.1076	0.6444346756524068	1.4372435841843236	-0.01275	0.8961344685452306	1.219923241147512	0.0702	1.0407369172223797	0.9635458506825186	0.1076	0.2265614837576616	1.263692219690616	-0.01275	0.2730123314532881	0.8960183695035762	0.0702	0.303543629846463	0.820394166508881	0.1076
30	1.0028011204481793	0.675194003142962	0.8255779973410947	0.0301	0.804586399890991	0.8517570403695792	0.0301	0.9839983055767287	0.36685231437601795	0.129	1.1275217027220878	-0.0689051733515416	0.023	1.1133576607292357	-0.1285709209714643	0.2179	1.201952823690223	-0.1267333629939161	0.1804	1.1495635150890693	-0.15071412250338326	-0.0119	0.5630176652933542	0.7624543593811759	0.0301	0.7287011081101418	0.35269325392315726	0.129	0.763837587603813	0.29207359144823913	0.023	0.7969198334202091	0.28002758876141387	0.2179	0.7562612459397098	0.19139132215875043	0.1804	0.761524826628365	0.33036127836908336	-0.0119	0.4117690960696978	1.4157475440061493	0.0008	0.32994902988793384	1.613353228119363	0.0655	0.3918117744202736	1.4919428182376935	0.1076	0.6482003254536906	1.4372867490391628	-0.01275	0.8950916362933015	1.2241242982238434	0.0702	1.0405025853969494	0.9617612519284461	0.1076	0.23256550678797072	1.2635175478681764	-0.01275	0.28103278899262363	0.8988947485230899	0.0702	0.30545189798222333	0.8385750297376094	0.1076
31	1.0362278244631185	0.6797358057942119	0.8278850678455206	0.0301	0.8066609303082409	0.8514663052168769	0.0301	0.9834028598439937	0.3685215495822643	0.129	1.1248251017294388	-0.06851105600407358	0.023	1.1096801953354714	-0.12895247578740926	0.2179	1.2010652164609537	-0.1240708054355189	0.1804	1.15025873631617	-0.15439103162055845	-0.0119	0.568712575830558	0.7638648081480467	0.0301	0.7316606227594508	0.3556692291529871	0.129	0.7621822629926913	0.3065469180615392	0.023	0.7905419177760027	0.3050474288927321	0.2179	0.7537016427950085	0.20011843338602153	0.1804	0.7606484066754057	0.3347960021862575	-0.0119	0.41597951419613743	1.417216960767191	0.0008	0.33967319658204465	1.6120276881685878	0.0655	0.39959876128602634	1.4922918981543736	0.1076	0.6507197491388318	1.439601197329742	-0.01275	0.8940898108188585	1.2281437874868848	0.0702	1.0412410613649499	0.9585613743618634	0.1076	0.2412092056882197	1.2650967633666546	-0.01275	0.28787129156749736	0.9058282700805059	0.0702	0.3070462718965547	0.8527167268487266	0.1076
32	1.0696545284780579	0.6843391967640803	0.8290019621455568	0.0301	0.8096860551478635	0.8492433193334673	0.0301	0.983723787162532	0.3673843259407569	0.129	1.1216717017910947	-0.06992564059701135	0.023	1.1045444053820863	-0.12955187444989097	0.2179	1.198967740176533	-0.12118295411671612	0.1804	1.1500620557738845	-0.15885726218581095	-0.0119	0.5728642720221727	0.764554583597499	0.0301	0.7326008675996264	0.35984162141443443	0.129	0.7588592548227783	0.3216711700101594	0.023	0.777916358810758	0.3299324668553823	0.2179	0.7433722530113618	0.21825876936938102	0.1804	0.7581991531456671	0.338897475661387	-0.0119	0.42224133725959356	1.4174729774428723	0.0008	0.3486655228025913	1.609536488044884	0.0655	0.4055383074424216	1.4926453754412699	0.1076	0.6535931812731347	1.4440037774410142	-0.01275	0.8947951281747005	1.229515923354089	0.0702	1.0413669275635526	0.9571034314622135	0.1076	0.2518795273665678	1.2675653422194215	-0.01275	0.29434831816237916	0.9138485200917769	0.0702	0.30878932928334635	0.8633110447335851	0.1076
33	1.1030812324929973	0.6865196691693657	0.8305665522436866	0.0301	0.8122364063368992	0.8480788493545274	0.0301	0.9851094155095477	0.3686138719773083	0.129	1.1204164238301064	-0.0701558495070637	0.023	1.1011152078892146	-0.12892482427352833	0.2179	1.197860232052331	-0.11903442141192623	0.1804	1.148663943764516	-0.1584573193400168	-0.0119	0.5747626054970538	0.7669444658058308	0.0301	0.7307084951097648	0.36848404688236663	0.129	0.7548884750499825	0.3347118844518394	0.023	0.7706536578325578	0.3424421689104057	0.2179	0.7329126374045035	0.24439151044909374	0.1804	0.7523932600655764	0.34645559252180785	-0.0119	0.42915779024899053	1.4170534841585836	0.0008	0.35502426854444863	1.6075283837907872	0.0655	0.4090770296796982	1.4932277405458958	0.1076	0.6573026968068667	1.4480081425507296	-0.01275	0.8963650344195494	1.2284461678054632	0.0702	1.0401863296791294	0.959640136906656	0.1076	0.26074731019483516	1.269264909097036	-0.01275	0.30149455204819536	0.9187289068642029	0.0702	0.3138312403863954	0.8709118593440617	0.1076
34	1.1365079365079365	0.6864186633276956	0.8349976348959244	0.0301	0.8131285768608477	0.8520086172163229	0.0301	0.9863312554245117	0.3734806869683457	0.129	1.1213574189107283	-0.06922816978690605	0.023	1.0982902115464586	-0.13027540477641403	0.2179	1.1965685941977036	-0.1207557350347478	0.1804	1.1469484421552898	-0.15405001313285935	-0.0119	0.5763280440971079	0.7726565440517512	0.0301	0.7277956012621994	0.37732201413123095	0.129	0.7468726600947319	0.35475120120515585	0.023	0.7661984638187519	0.35658380901182923	0.2179	0.7214976090564799	0.2797801062962519	0.1804	0.7387281132141621	0.37337151304573973	-0.0119	0.4341188505766162	1.4177032276172599	0.0008	0.35919690825110395	1.6074709229550803	0.0655	0.4124147764458139	1.4935733422672408	0.1076	0.6591072227594488	1.4498215325027224	-0.01275	0.8969306517436225	1.228527036368563	0.0702	1.0396086595869864	0.9638530996512259	0.1076	0.2654744401501961	1.270618526514466	-0.01275	0.30881405354979846	0.920828803363541	0.0702	0.32237480604636354	0.8763474654236014	0.1076
35	1.1699346405228759	0.6863164866562284	0.8402728677948462	0.0301	0.8132346984024873	0.8587578814623918	0.0301	0.9861931380606944	0.37764898087694976	0.129	1.12256914210653	-0.06850689354273605	0.023	1.0949269732589713	-0.13673223976604634	0.2179	1.1938168706487733	-0.1264433107263974	0.1804	1.1457257609861462	-0.15037880179617805	-0.0119	0.5792180364436338	0.7791660631946279	0.0301	0.7246392724167258	0.3846393942455307	0.129	0.7325392566925631	0.3906695527760421	0.023	0.7549583705142171	0.38976058222336923	0.2179	0.7043365971616401	0.3316531848053821	0.1804	0.7178938005925647	0.42577504390239385	-0.0119	0.43637601567085393	1.4205029085746725	0.0008	0.3628319077330911	1.6093719370778319	0.0655	0.4167412355179349	1.4940707993878488	0.1076	0.6583370037634756	1.4498607979346512	-0.01275	0.8957182697772262	1.2317238532230683	0.0702	1.0410041450069816	0.9656327457473979	0.1076	0.26785866393896796	1.27357187341113	-0.01275	0.3146581389332369	0.9217916101479714	0.0702	0.3302073488134078	0.8836308956116864	0.1076
36	1.203361344537815	0.6874291868050051	0.8432397507498797	0.0301	0.8140496253003688	0.8621139738729937	0.0301	0.9852714409791772	0.3786314964862789	0.129	1.1236006880300269	-0.067911369737164	0.023	1.092909590104571	-0.1423765245240854	0.2179	1.192513431076132	-0.1299512132632891	0.1804	1.1461585386909252	-0.14840200427515515	-0.0119	0.5824670354133847	0.7842021781774298	0.0301	0.7212526346222259	0.39210748054573596	0.129	0.7167973811944995	0.4307294106791105	0.023	0.7411568113508297	0.4251007185561789	0.2179	0.688550974699565	0.3894634911694856	0.1804	0.700541230330058	0.4795054605751106	-0.0119	0.4377716260763985	1.4242854867066683	0.0008	0.3661365532579989	1.6113988428661639	0.0655	0.4206512397456322	1.495540948195479	0.1076	0.6591740841911324	1.450447568264167	-0.01275	0.8939860548929982	1.2351333960764173	0.0702	1.042405587627055	0.9652688557351301	0.1076	0.2707615141312261	1.2786322399767014	-0.01275	0.318644844145903	0.9220667528959503	0.0702	0.33310870309382457	0.899242839355012	0.1076
37	1.2367880485527545	0.688870645437941	0.8449084288570193	0.0301	0.8145755326935928	0.8622283685999629	0.0301	0.984605226445066	0.37861505629943376	0.129	1.1248956527430718	-0.0665936576949231	0.023	1.0924641228553216	-0.1395858952717239	0.2179	1.1929621436314106	-0.12644863105121787	0.1804	1.1476022890283621	-0.1462902710250138	-0.0119	0.5841741936924754	0.7885240211870368	0.0301	0.7183115531411388	0.39839956696967993	0.129	0.7078106589501556	0.4519253502429669	0.023	0.7361884841866916	0.4347565448566218	0.2179	0.6848233862644802	0.4227989381564435	0.1804	0.69424283318976	0.5071700863580912	-0.0119	0.44066633716934983	1.4269661148120407	0.0008	0.3679349336477388	1.6124760626502346	0.0655	0.4224280020631035	1.4978781810803647	0.1076	0.6633472235888956	1.4539237839180756	-0.01275	0.8930020039143681	1.2367119421761716	0.0702	1.0422146901694198	0.9659115682887225	0.1076	0.2746077849518199	1.2844887492098023	-0.01275	0.32128052052332956	0.9235351525256504	0.0702	0.33057634449374634	0.9225912383442437	0.1076
38	1.2702147525676937	0.6891904035417342	0.8476001791998519	0.0301	0.8130770484891405	0.8637486582204495	0.0301	0.9840702643996979	0.37884575445832386	0.129	1.1256855143266966	-0.06520055113415126	0.023	1.0929986000098004	-0.13354796627117782	0.2179	1.190361150767114	-0.12252483854155603	0.1804	1.1478413336358297	-0.14535335684551348	-0.0119	0.584344141105383	0.7921137914387707	0.0301	0.7151921068345998	0.40384277556405584	0.129	0.7098189840619047	0.44396061135319054	0.023	0.7345024571683072	0.42533637813114367	0.2179	0.6859829992121348	0.4220149584398652	0.1804	0.695528435694931	0.5069714757953065	-0.0119	0.4454118708639292	1.428733064086987	0.0008	0.3682903255789823	1.6133391253569989	0.0655	0.4226042451991166	1.4998367946403166	0.1076	0.6677045820212162	1.4592483437212007	-0.01275	0.8922959389772018	1.2389381392451506	0.0702	1.0425338898601475	0.9679195442529566	0.1076	0.27808078012614756	1.2903179942964091	-0.01275	0.3219253977808439	0.9305546838287628	0.0702	0.3267355656033369	0.9410062722386532	0.1076
39	1.303641456582633	0.6884364623137794	0.8509256496363949	0.0301	0.8100747599939514	0.8687378965225075	0.0301	0.9838447532309288	0.3780927774361427	0.129	1.1253885653379125	-0.06496232688957954	0.023	1.0949649067457117	-0.13457000577391193	0.2179	1.1835012348543272	-0.12672894983163757	0.1804	1.1463310786221037	-0.14607089797920117	-0.0119	0.5839697588945868	0.7943075055849429	0.0301	0.7113465240941392	0.4112967410126715	0.129	0.7195063997703149	0.4189122085581772	0.023	0.7208725371493362	0.42713755324850466	0.2179	0.6792732848714319	0.41129754887940034	0.1804	0.6997723293670373	0.4919102074509058	-0.0119	0.45031143632526793	1.430993379276795	0.0008	0.3690281148976353	1.61497079886252	0.0655	0.42314883059462954	1.4993373821331135	0.1076	0.6698113627963872	1.4625448878485001	-0.01275	0.8912205436844287	1.244798174597925	0.0702	1.0452332010298409	0.9704675265270161	0.1076	0.28099736349045235	1.296262040868336	-0.01275	0.3206874460389043	0.9444829629787337	0.0702	0.32619816097043985	0.9465288131766005	0.1076
40	1.3370681605975723	0.6877832495453027	0.8530249075367483	0.0301	0.8071702295471678	0.8746766709505248	0.0301	0.9844546622888859	0.3774050048079837	0.129	1.1246596059266873	-0.06552057166593163	0.023	1.0977185461289565	-0.14147426501915278	0.2179	1.1780746630632466	-0.13486544549239787	0.1804	1.1441352829402995	-0.14494760885573052	-0.0119	0.5835443435871955	0.7956560097669684	0.0301	0.7082413664584553	0.42049056130463747	0.129	0.7260326880945792	0.4029901254637337	0.023	0.6968503142939869	0.45511261574379336	0.2179	0.665789409245676	0.41985021267548334	0.1804	0.7042640425197602	0.47706840078517004	-0.0119	0.4535928680332928	1.433454650815559	0.0008	0.3712257563459846	1.617391885664327	0.0655	0.4245698021113442	1.4961948139192232	0.1076	0.6701909502533008	1.4623499597642624	-0.01275	0.8906614004131463	1.254025967144132	0.0702	1.0471099719841743	0.9755433985396051	0.1076	0.2845670969749816	1.3014665159765648	-0.01275	0.320556149982875	0.9576716312145971	0.0702	0.3300857979167307	0.9456672980321138	0.1076
41	1.3704948646125117	0.6874416912274522	0.853229754557361	0.0301	0.8053226778386805	0.8776794050923861	0.0301	0.9848188866222135	0.3792421187021487	0.129	1.1239449441051628	-0.06592431641712342	0.023	1.0997056068714115	-0.1455176652820566	0.2179	1.1778592073076646	-0.13820599615467183	0.1804	1.1423346432634174	-0.14097771334959697	-0.0119	0.5832506351520326	0.7967956573543523	0.0301	0.7064159667660619	0.4294166408136621	0.129	0.7209767420339017	0.4111568398488545	0.023	0.6811242000600436	0.4885053181610255	0.2179	0.6558590748401362	0.44452417778808295	0.1804	0.7039996441938365	0.4746134971623797	-0.0119	0.4548207824529284	1.434897425110577	0.0008	0.37392713889050494	1.6197833028705844	0.0655	0.42592690308721187	1.4932392712514286	0.1076	0.6703673009952839	1.461051525097052	-0.01275	0.8923255772741591	1.2626211963695637	0.0702	1.0445142412064468	0.9835051008046605	0.1076	0.2882635525186317	1.3040226167185223	-0.01275	0.3236341601345321	0.961083612922519	0.0702	0.33639795044235155	0.9450512393458426	0.1076
42	1.4039215686274509	0.6871543254389502	0.852364841481426	0.0301	0.80466531470389	0.8778192219912602	0.0301	0.9838760367057964	0.3823767317875944	0.129	1.1230906790637225	-0.06648607937155941	0.023	1.1000820972122836	-0.1440500279366877	0.2179	1.1797072157035333	-0.13568673863782796	0.1804	1.141510571458247	-0.1378774366847047	-0.0119	0.5828954704928538	0.7986540357036144	0.0301	0.7042327846694837	0.4381759147104743	0.129	0.7091080695658855	0.4285999630807583	0.023	0.6998302023503112	0.4583519270986534	0.2179	0.6702444221684715	0.4154239874732927	0.1804	0.7026079698145771	0.46856476220512727	-0.0119	0.4546777147210686	1.435120014946302	0.0008	0.3755485202405025	1.6215790110347184	0.0655	0.42644945602178874	1.4921364482671835	0.1076	0.6710020548079877	1.4607999634826174	-0.01275	0.8963567058326329	1.2663132914796211	0.0702	1.0398333381345666	0.989755507473437	0.1076	0.29005559010130977	1.3039077411683895	-0.01275	0.327588772091391	0.9572542633438887	0.0702	0.34124216664533563	0.9427274767654409	0.1076
43	1.4373482726423903	0.6872115603496042	0.851480691515595	0.0301	0.804494364322209	0.8770459689212305	0.0301	0.9823986219069444	0.38377819765499976	0.129	1.1221906511525748	-0.06761566425825506	0.023	1.0989271654060437	-0.14055069350340538	0.2179	1.180763637773672	-0.13038617053091592	0.1804	1.141838940116514	-0.13908457350671402	-0.0119	0.582795058322115	0.800808348450103	0.0301	0.7009932440196849	0.44708725838578295	0.129	0.7039919317807231	0.4238134442895387	0.023	0.7742457615688733	0.2922197765966695	0.2179	0.7318235005587113	0.2518402449920613	0.1804	0.7243709821890454	0.39968029296184354	-0.0119	0.45447325471240835	1.4350688315284132	0.0008	0.37543570348877453	1.6226106258663382	0.0655	0.425220622295016	1.4916151072166297	0.1076	0.6724026620100632	1.4616135265482526	-0.01275	0.9006448353635785	1.2647864370301418	0.0702	1.0367127575838275	0.9914722220961615	0.1076	0.29044444059829394	1.3031704640200943	-0.01275	0.32926273433590314	0.9549458599389999	0.0702	0.3427602125386003	0.9373839811701946	0.1076
44	1.4707749766573295	0.6874775286048405	0.8512882521940076	0.0301	0.804219242099229	0.8755390830438025	0.0301	0.9813489677303693	0.3829677065811665	0.129	1.1215870533928536	-0.06843763946074369	0.023	1.0966884936781445	-0.1353809883655881	0.2179	1.1825385582052308	-0.12415028572994359	0.1804	1.1432065434533831	-0.14280641155170928	-0.0119	0.583559582542493	0.8008547831861509	0.0301	0.6976291106116826	0.45472098882447004	0.129	0.7194558510592398	0.3683224403312368	0.023	0.8797181601609589	0.04328571722643251	0.2179	0.8212242704886631	0.010941412149340305	0.1804	0.7873980445113369	0.23267845440968832	-0.0119	0.45529165279302874	1.4356876720582148	0.0008	0.3745629669458862	1.6221687380247132	0.0655	0.4222385857770777	1.4906068186111796	0.1076	0.6743433170759798	1.462171319245497	-0.01275	0.9038981458017514	1.2599549737523725	0.0702	1.034626466036369	0.9911385892211961	0.1076	0.2916642640871828	1.3028172388566441	-0.01275	0.3290218326494803	0.9552307986717892	0.0702	0.3441922011162302	0.9326993825111818	0.1076
45	1.504201680672269	0.687559664697292	0.8526988263211391	0.0301	0.8045850898477201	0.873999199477602	0.0301	0.980605663937824	0.3815141286269245	0.129	1.1215778908505152	-0.06839461993760927	0.023	1.0948858452004562	-0.12801430302346373	0.2179	1.1869378705007105	-0.11889485208021731	0.1804	1.1448223166207168	-0.14373598290885878	-0.0119	0.5842576808224784	0.7995879024412023	0.0301	0.6945460477728965	0.459632291499174	0.129	0.7617743379814179	0.2518220213387678	0.023	0.951047446952249	-0.12780989771973128	0.2179	0.8815479563828924	-0.14599890445508126	0.1804	0.863807625783121	0.03983914117163892	-0.0119	0.4568199877943679	1.4372673996404217	0.0008	0.37442987990577725	1.6198341120759916	0.0655	0.41975465450657384	1.489775506973485	0.1076	0.6755332505791966	1.4609853017086167	-0.01275	0.9069009282136227	1.2530293713221787	0.0702	1.0318212122751318	0.9920051425358396	0.1076	0.2940937547299542	1.3025967289984206	-0.01275	0.3285386760505231	0.9543604221311732	0.0702	0.34848030689509385	0.9296952407884372	0.1076
46	1.537628384687208	0.6878208276127573	0.8558083895283727	0.0301	0.8061674152187183	0.873420489287746	0.0301	0.9791246431267299	0.38065549107499774	0.129	1.1220242011597843	-0.06819447576519769	0.023	1.095383153265114	-0.12227465787222529	0.2179	1.193406802215843	-0.11614172681868212	0.1804	1.1455677077220867	-0.14045130679761111	-0.0119	0.5837333813898288	0.8004887301036077	0.0301	0.6917301077896876	0.4612638954947521	0.129	0.8149764039984579	0.11292810708296161	0.023	0.9628398721040489	-0.15912374042711594	0.2179	0.8922003529846604	-0.1710517633893869	0.1804	0.9064694970060115	-0.06834103791982661	-0.0119	0.45805966238134804	1.4392047684619083	0.0008	0.3746096204973424	1.6169372362222436	0.0655	0.4195123636689398	1.4896301738674442	0.1076	0.6762918308769915	1.4584468716862817	-0.01275	0.9099147170188047	1.2455803272079389	0.0702	1.027671277302875	0.9944877749403765	0.1076	0.2964894980322299	1.302753153810522	-0.01275	0.32780186562784464	0.9533790522344869	0.0702	0.3535370622812053	0.9272115226912094	0.1076
47	1.5710550887021475	0.6882221055228097	0.8582353956570323	0.0301	0.8073007566939565	0.872734781226094	0.0301	0.976768806498391	0.3803261572981448	0.129	1.1220678387417065	-0.06825431623228378	0.023	1.0976962889537787	-0.11891591023756576	0.2179	1.199000037999918	-0.11383586571387722	0.1804	1.1449137636257223	-0.13607353337317357	-0.0119	0.5823152036888108	0.8027295060906342	0.0301	0.6897025610732648	0.46031843845600945	0.129	0.8501744130856661	0.02097091617750733	0.023	0.9468189249326707	-0.12647600343475293	0.2179	0.8817017997439993	-0.14668517473666776	0.1804	0.9094224609690489	-0.0803013197474774	-0.0119	0.4585583719108145	1.439974804868977	0.0008	0.37398879229108484	1.6153516324345891	0.0655	0.42058349131264583	1.489794416497761	0.1076	0.6778309663499805	1.456076054367656	-0.01275	0.9126973322963673	1.23877483527853	0.0702	1.022081754926918	0.9953890398916693	0.1076	0.29773462822559643	1.3030857242644363	-0.01275	0.3269971382005079	0.9546060114234147	0.0702	0.3562855655983678	0.9269313204491435	0.1076
48	1.604481792717087	0.687475754174298	0.8575508061423118	0.0301	0.8061622091640631	0.8705372434359666	0.0301	0.9752204945299896	0.38025526599604426	0.129	1.1211975275301844	-0.06821953571032158	0.023	1.1004412497431189	-0.11454120630406925	0.2179	1.2014442655955389	-0.11005942376956782	0.1804	1.143151370883185	-0.133061002769774	-0.0119	0.5807765956609264	0.8021986817943111	0.0301	0.6891449066380452	0.4587520630282002	0.129	0.860634036216952	-0.0017570717612567148	0.023	0.9334290414936476	-0.10133562635201077	0.2179	0.8731062391031172	-0.1308179992177208	0.1804	0.9014543085631477	-0.0631290926810669	-0.0119	0.45819506270433397	1.4390452718244413	0.0008	0.37344148825220796	1.615272505408348	0.0655	0.4211684402360637	1.4905745900553908	0.1076	0.6793561568888788	1.4537766620211232	-0.01275	0.9158678070374647	1.231597702237626	0.0702	1.0157362106605676	0.99073765523961	0.1076	0.29780241271185925	1.3018154931517767	-0.01275	0.32713756868360755	0.9563402507550878	0.0702	0.3563821471918477	0.9289050518678282	0.1076
49	1.637908496732026	0.685569492562784	0.8545199670872581	0.0301	0.8033482750814844	0.8678188700573592	0.0301	0.9750160495837937	0.38059529215299054	0.129	1.1198335825349293	-0.06814471891005738	0.023	1.1032984499346548	-0.10979322321646964	0.2179	1.2019351677712955	-0.1077791353241925	0.1804	1.1412080755043341	-0.13239745754930227	-0.0119	0.5794423478806383	0.7987212203787253	0.0301	0.6908611106030013	0.45717384666626	0.129	0.8620879278259325	0.014810126654627541	0.023	0.9288322443072284	-0.09589603835522978	0.2179	0.866958054150428	-0.12299141284271446	0.1804	0.898708138775302	-0.04894216169939891	-0.0119	0.4576951271764423	1.437386285838304	0.0008	0.37396947702471645	1.6153797232442197	0.0655	0.4209384685604765	1.4921122982971637	0.1076	0.6806176200311735	1.450693067561812	-0.01275	0.9191090811544123	1.22370236646383	0.0702	1.0103590795497372	0.9816305881081379	0.1076	0.29770979145450244	1.2977828362257071	-0.01275	0.3282551326834042	0.9566934253088325	0.0702	0.35455818920302706	0.930888268774646	0.1076
50	1.6713352007469655	0.6842268861796088	0.8517159079398662	0.0301	0.8003992247828754	0.8673558915493311	0.0301	0.974786939524625	0.38103515069440574	0.129	1.1184568959882366	-0.069071600406144	0.023	1.1060713395183432	-0.10761294900800056	0.2179	1.2027968008558807	-0.10958893228034654	0.1804	1.1397009441165258	-0.13412429108957002	-0.0119	0.5778304900057154	0.795982304598571	0.0301	0.6944718966538229	0.4545624095052958	0.129	0.8614296888634119	0.05045063512984832	0.023	0.9281622179249353	-0.09575799811283935	0.2179	0.860493087033332	-0.11382987688636644	0.1804	0.8939789434879205	-0.012997128522632847	-0.0119	0.45860699073612876	1.4354043017031393	0.0008	0.3749115119706384	1.6152115899381074	0.0655	0.4211188479518343	1.492867575377059	0.1076	0.6829749465224736	1.4472229738504947	-0.01275	0.9212674577576497	1.217010608553694	0.0702	1.0073474895490973	0.9744015510669403	0.1076	0.297955028463708	1.2929757580749124	-0.01275	0.3296602328283692	0.9561503229666488	0.0702	0.35070277755032914	0.9344016677769694	0.1076
51	1.7047619047619047	0.6835357318241299	0.851047443193964	0.0301	0.7978258978081573	0.8704229043303963	0.0301	0.9741028434319788	0.38097136021350847	0.129	1.1175584611355027	-0.0715067280310858	0.023	1.1078780463127154	-0.1084374737035849	0.2179	1.2040237818280133	-0.1129506851255818	0.1804	1.1385764226047748	-0.1366362283088588	-0.0119	0.5754658241964942	0.7954072853306129	0.0301	0.6967128360508131	0.4532252005863885	0.129	0.8467982130702644	0.11729496326585986	0.023	0.9248000223338957	-0.08473069396253875	0.2179	0.8551163267432433	-0.09469927249549775	0.1804	0.8748163765735023	0.070545546827796	-0.0119	0.46041220792591	1.4332916745113	0.0008	0.37554028514111404	1.6154103300330642	0.0655	0.42186852253149054	1.4919722619566034	0.1076	0.6855366087118708	1.443920961434258	-0.01275	0.9225687405106243	1.2127193319833016	0.0702	1.006362979268973	0.9731875625880949	0.1076	0.2979840362387789	1.2904972335293492	-0.01275	0.33064643430453555	0.9553607602996403	0.0702	0.34555824316946987	0.9401894146152373	0.1076
52	1.7381886087768441	0.6825083850332995	0.8525196419589041	0.0301	0.795954101437447	0.8740376204067283	0.0301	0.973557860330876	0.3804435646699782	0.129	1.1177780798152008	-0.07354500185069329	0.023	1.106473249000853	-0.11130314036030783	0.2179	1.2038481869330988	-0.11486741747230303	0.1804	1.1381211403692126	-0.13821228255318063	-0.0119	0.5732461607905145	0.7953432156297969	0.0301	0.694755975421337	0.45852960619813704	0.129	0.8085277305283475	0.22765699798458397	0.023	0.9164343076398351	-0.051276436148541826	0.2179	0.8514571951128379	-0.05352583140867692	0.1804	0.838990670249657	0.18938759281317483	-0.0119	0.46041488442532585	1.4316345013090703	0.0008	0.3757724708044349	1.6149029103881414	0.0655	0.4218271282547722	1.4907120942517076	0.1076	0.6857543235961644	1.4404565991793536	-0.01275	0.9235205064026044	1.2101819584654625	0.0702	1.0061748319370905	0.975602770347376	0.1076	0.29798666278641617	1.2899693351015882	-0.01275	0.3311476608351183	0.9539207143794357	0.0702	0.34280914294253034	0.9401421589334572	0.1076
53	1.7716153127917833	0.6818372562793493	0.8542900847014183	0.0301	0.7958331585506012	0.874020801763315	0.0301	0.9730124730479054	0.3799747028842738	0.129	1.118752073044256	-0.07319691050578936	0.023	1.1014147143892723	-0.11432945937648104	0.2179	1.2016041102497996	-0.1160705189131787	0.1804	1.1382112719263187	-0.13840123154584516	-0.0119	0.5727695370895165	0.7950340242559351	0.0301	0.6907151510171464	0.46935665578969776	0.129	0.7633470331241141	0.3460129935935707	0.023	0.9072911116929283	0.002640437324916234	0.2179	0.8477403166883675	0.0067487980493319	0.1804	0.8020593046920772	0.295351245460351	-0.0119	0.45811089722844833	1.430024556405566	0.0008	0.37573979706672506	1.6112514888664766	0.0655	0.4212163748310566	1.4901174424102301	0.1076	0.6836240196749075	1.436873309765623	-0.01275	0.9236953448140459	1.208562090036112	0.0702	1.005881585136674	0.9773411238001406	0.1076	0.29890153815066345	1.2890819758935732	-0.01275	0.331819947284454	0.9522057502183908	0.0702	0.34438243123309403	0.928269877128538	0.1076
54	1.8050420168067227	0.6823228626864778	0.8558988150835134	0.0301	0.7978773747891686	0.8712791970117149	0.0301	0.9722409763420095	0.37964901448683075	0.129	1.1192717864526471	-0.07200888635950624	0.023	1.0971556486099485	-0.11630620133562948	0.2179	1.1992838889178263	-0.11898374543851693	0.1804	1.1376206617686813	-0.1379032882844772	-0.0119	0.5747570297076946	0.7954263837675777	0.0301	0.689176694583567	0.47771777499252754	0.129	0.7419788950365315	0.4077440595096579	0.023	0.9033999434276813	0.049750017625865825	0.2179	0.8440400265078917	0.05893287636647591	0.1804	0.7849407575101239	0.3457856636788618	-0.0119	0.45593279049568647	1.4279525150927845	0.0008	0.37566376641223936	1.604647741288938	0.0655	0.421408956504856	1.4897683780623454	0.1076	0.6808784233035642	1.4340202825474324	-0.01275	0.9229746812793342	1.2073657135846003	0.0702	1.0046806877259684	0.9776526559081354	0.1076	0.3001585140962339	1.2881681704778638	-0.01275	0.33264507949609834	0.9518654426996566	0.0702	0.3469958710966125	0.9152053542590214	0.1076
55	1.838468720821662	0.6833661638229317	0.8578100349703389	0.0301	0.8007620693473448	0.8696097930657556	0.0301	0.9721823993718544	0.3790730017243395	0.129	1.1195208948115467	-0.0727715120850724	0.023	1.0970412423100615	-0.11950766723916957	0.2179	1.199294422093007	-0.12387783344163518	0.1804	1.1363641082402662	-0.13829014498458647	-0.0119	0.5780605302429043	0.7962610585466506	0.0301	0.6913071886869216	0.4809364256008493	0.129	0.7521699890333109	0.3965214487991522	0.023	0.9054098880988517	0.0644546663092322	0.2179	0.8427191758681253	0.08115110496870083	0.1804	0.7938944441657115	0.3357115162685374	-0.0119	0.45589714715610485	1.4258931834233466	0.0008	0.3754114692295243	1.5987057053191174	0.0655	0.42216901672524487	1.4890062779663515	0.1076	0.679087374255665	1.4319857329919035	-0.01275	0.9220459921229912	1.2054684986841666	0.0702	1.0019807458840233	0.9773176983615341	0.1076	0.3005685540976722	1.287579824640996	-0.01275	0.3332805155054324	0.9521122411414337	0.0702	0.3489468657203156	0.9149772184478607	0.1076
56	1.8718954248366013	0.6847107241301397	0.8569092333722561	0.0301	0.8023707120254915	0.8693733202133674	0.0301	0.9734659286598876	0.37848003828552224	0.129	1.1204275530375594	-0.07506704122813798	0.023	1.0976951317076293	-0.12557722726360648	0.2179	1.2006998513795513	-0.127294607470693	0.1804	1.136337713265824	-0.14018959048253912	-0.0119	0.5806221038658647	0.7955639654601117	0.0301	0.6947171618332089	0.48237390819547304	0.129	0.776090925491003	0.35306830425179275	0.023	0.9069818406911455	0.06041832439130346	0.2179	0.8442429465168323	0.07976541848959254	0.1804	0.8194906656684936	0.2877704883203576	-0.0119	0.4582569542887105	1.4234044094419704	0.0008	0.37488592651336283	1.5964621603044697	0.0655	0.4224718967603861	1.4874621621975734	0.1076	0.6799513885995959	1.4295101329424513	-0.01275	0.9213293381822578	1.2008864436426323	0.0702	0.9978973816653239	0.9750519000200187	0.1076	0.3007864009116509	1.285172324596736	-0.01275	0.33442069940107827	0.9498191866335528	0.0702	0.3528291668410301	0.923672717305215	0.1076
57	1.9053221288515405	0.6863326934308233	0.8513802410486065	0.0301	0.801613859942075	0.869072757816442	0.0301	0.9746888099414318	0.3788030331297415	0.129	1.1211837759419403	-0.07637812331214054	0.023	1.0949845713064819	-0.1302752267999134	0.2179	1.2010240552831626	-0.1264138717491776	0.1804	1.1382170294391236	-0.14190081689024955	-0.0119	0.5815755656817503	0.7932593018703414	0.0301	0.6977883716026864	0.4823399927515221	0.129	0.8000996487504991	0.31078031918267623	0.023	0.9053991308469531	0.06184288094728496	0.2179	0.8487272770915727	0.06807631637626926	0.1804	0.8452758721836015	0.23885150959248644	-0.0119	0.4616672458648758	1.4192422626410899	0.0008	0.3740993740362583	1.5967814020220827	0.0655	0.4221444541600675	1.4851955854490946	0.1076	0.6831160339959407	1.4256428610915812	-0.01275	0.920016658600763	1.192407216044722	0.0702	0.9929734523808397	0.9703824880867354	0.1076	0.3019348393554222	1.280344719840045	-0.01275	0.33648837945890725	0.9449548424784848	0.0702	0.3580644016585654	0.9290894633777608	0.1076
58	1.93874883286648	0.6869167761052811	0.8465192770632133	0.0301	0.7991158987915469	0.868913287237833	0.0301	0.9744292166213828	0.38011952096844487	0.129	1.1209623874127275	-0.07588401739830118	0.023	1.0918745054845764	-0.12857681708562096	0.2179	1.2008304782987156	-0.12327980280224894	0.1804	1.1400101122069364	-0.14177909458999413	-0.0119	0.5815261258023533	0.7914129639886406	0.0301	0.700830906279524	0.4793965584642785	0.129	0.8210333839693381	0.27503198846093363	0.023	0.9082598433840579	0.06133331778685105	0.2179	0.8575373896014278	0.04659268751248209	0.1804	0.858107734847967	0.21831577782400954	-0.0119	0.46400030311947577	1.4136887218184764	0.0008	0.3725604832497419	1.596334309227341	0.0655	0.4217387628291412	1.4830579565350999	0.1076	0.6859257419165381	1.420692643998563	-0.01275	0.9170439345800746	1.1806084385576963	0.0702	0.9879283908799639	0.9656786696400543	0.1076	0.30335736139347347	1.275326527243557	-0.01275	0.3380400352742321	0.9409957548220015	0.0702	0.35927029551287365	0.9304735070970154	0.1076
59	1.9721755368814191	0.685675846607922	0.8462156138371266	0.0301	0.7962648401892817	0.8690519675499279	0.0301	0.973502193789358	0.38141724098160223	0.129	1.1207072858792733	-0.07472496348592947	0.023	1.0937044817005344	-0.12205198480321959	0.2179	1.2021573036416655	-0.1206954512061291	0.1804	1.1397174917072634	-0.14071972069739724	-0.0119	0.581796303521618	0.7901095215438779	0.0301	0.7045698303491266	0.47387213635871733	0.129	0.8336967778209401	0.24859684591915437	0.023	0.921745032896672	0.04331800189781082	0.2179	0.8680679131280753	0.018651106756058366	0.1804	0.858188643862006	0.21987448054574665	-0.0119	0.4641881242013672	1.4086590728811235	0.0008	0.37064263122200775	1.5941634453657747	0.0655	0.42194746804701605	1.4819188094050204	0.1076	0.6873117881581449	1.415296031436602	-0.01275	0.9130257559860334	1.1669031882367313	0.0702	0.9830639726079337	0.9621879569506818	0.1076	0.30358338806082624	1.2711370543008473	-0.01275	0.33772163012562717	0.939240686578445	0.0702	0.35462438064710156	0.931981918826544	0.1076
60	2.0056022408963585	0.6839115078734099	0.8468057373387592	0.0301	0.7944246925125904	0.8679790958708867	0.0301	0.9731970442924789	0.38213434637275134	0.129	1.1208371306285685	-0.07392947527762736	0.023	1.0985488367130665	-0.11637982474478678	0.2179	1.20446253529913	-0.11890205635287053	0.1804	1.1377206389065397	-0.14036723538039894	-0.0119	0.5832859238593603	0.7877791500492871	0.0301	0.7095962230072624	0.465702105465402	0.129	0.8402641470116957	0.22402046071428	0.023	0.9397110152715925	0.016103583856798144	0.2179	0.8748646629466688	-0.0017740109883917553	0.1804	0.8585508642381195	0.20838220702633983	-0.0119	0.4626816592571615	1.4059589925709735	0.0008	0.36994834824917106	1.5917608099528966	0.0655	0.4230592071992764	1.4817588495140683	0.1076	0.6878372844775754	1.4098122529118717	-0.01275	0.9097145530766317	1.1535683224141584	0.0702	0.9778503250005987	0.9590614537816511	0.1076	0.3025922180064247	1.2661677029030556	-0.01275	0.3366754666073567	0.9366371120228374	0.0702	0.3490525963178728	0.9328217615507757	0.1076
61	2.0390289449112977	0.6830849590699799	0.8448173359825236	0.0301	0.7942739683858008	0.8651427635765325	0.0301	0.9733047950592473	0.3825828968515941	0.129	1.120523904888886	-0.07347226527121492	0.023	1.1012447881179395	-0.1150017855314068	0.2179	1.205723078563771	-0.11785444813764888	0.1804	1.1357637855898846	-0.1404661444659244	-0.0119	0.5853993270920733	0.7850073028650623	0.0301	0.7150893968464171	0.45571475757492313	0.129	0.8523004225930922	0.18259538097026703	0.023	0.9519984279583824	-0.004460400393354364	0.2179	0.8775780750129212	-0.011287744600787694	0.1804	0.8699708315051038	0.16234640720168314	-0.0119	0.4604786309327945	1.404828635731953	0.0008	0.37079436689795536	1.5903615688017916	0.0655	0.42498298568043025	1.4820078107915589	0.1076	0.6865845649322387	1.4042913242304742	-0.01275	0.9073486614044108	1.1440006790873063	0.0702	0.9725049228513727	0.9568439828653064	0.1076	0.30200250087312247	1.2595161958146206	-0.01275	0.3369488272653272	0.9311637548395297	0.0702	0.34647616007666626	0.9320784477533108	0.1076
62	2.072455648926237	0.683127604185727	0.8415087820251934	0.0301	0.7949279118782923	0.8627261478008834	0.0301	0.9730181609758157	0.38323345194552755	0.129	1.1197907246067003	-0.07278137035895318	0.023	1.1022922304136928	-0.11755138254058407	0.2179	1.2056314717016159	-0.11739517734787165	0.1804	1.13521913582858	-0.13971573329257292	-0.0119	0.5868815639503862	0.7833090602891368	0.0301	0.718203309287464	0.44715741066739645	0.129	0.8689516031995537	0.13165013731082756	0.023	0.9583719549787667	-0.018363933160932627	0.2179	0.8811614466476507	-0.021628057465980767	0.1804	0.8871180149300048	0.10470782173271728	-0.0119	0.4578717042047895	1.4022896842116874	0.0008	0.37165309078921277	1.5902975516185252	0.0655	0.42734706696977204	1.4817493179104682	0.1076	0.6819621491217553	1.3986080498173856	-0.01275	0.904031777035326	1.1397793605939772	0.0702	0.9687050318148817	0.9566269166905886	0.1076	0.30198135206270454	1.2524204435669046	-0.01275	0.33809200793311317	0.9258820534129097	0.0702	0.3442556885530057	0.9311967866787195	0.1076
63	2.1058823529411765	0.6827682071286376	0.8385824095694429	0.0301	0.7946030546758512	0.8622731746590016	0.0301	0.9721683147221232	0.3842239533604718	0.129	1.1196204400718595	-0.07151858194924594	0.023	1.1040377263520589	-0.12229783404836796	0.2179	1.2054426705476442	-0.11723150719831932	0.1804	1.1364796048187968	-0.1382070715485946	-0.0119	0.5868945979574097	0.7820402913462	0.0301	0.7174990519591571	0.4427116742767859	0.129	0.878391286148562	0.09971274916509501	0.023	0.9642908330814276	-0.031290771231852595	0.2179	0.8880891355838879	-0.03724474394264211	0.1804	0.8982306901776501	0.07236111064535906	-0.0119	0.45416207356195	1.3974120299012915	0.0008	0.37128453455447913	1.5912446744704876	0.0655	0.4293971457422262	1.4803742280454435	0.1076	0.6756206925964563	1.3927784328340527	-0.01275	0.8986104784141143	1.1381375447973012	0.0702	0.9671587093779294	0.9564481562789199	0.1076	0.30039466053954755	1.2454714187415212	-0.01275	0.3378908058705151	0.9233398981696184	0.0702	0.3392571719788767	0.9316255138400488	0.1076
64	2.1393090569561157	0.6811801638258895	0.8360935469788049	0.0301	0.7925159916110814	0.8621866453740795	0.0301	0.9709143593621636	0.38584121269543276	0.129	1.1203809324958303	-0.0699493946179484	0.023	1.1047879362726594	-0.12825353347500557	0.2179	1.205945900300538	-0.11895670614090272	0.1804	1.1385423663525789	-0.1375863709833363	-0.0119	0.5851126542068972	0.7800874626407843	0.0301	0.7150065914023112	0.44238855557072687	0.129	0.8785912800658852	0.09270041827325409	0.023	0.9695239279564797	-0.04024125568789183	0.2179	0.894209934409727	-0.050103733696982275	0.1804	0.9010376821642136	0.06945724761035978	-0.0119	0.44947491343057117	1.3925301128251268	0.0008	0.3692569385939017	1.5922574623422647	0.0655	0.4304639054005371	1.4786274606775196	0.1076	0.6712742598162813	1.3868627826939999	-0.01275	0.8923173661753036	1.1351516996430957	0.0702	0.9662347864742195	0.9540164040023443	0.1076	0.2971472828392221	1.2379180381941994	-0.01275	0.33635618425602226	0.9202238953826651	0.0702	0.3347185024075299	0.9311741696920135	0.1076
65	2.172735760971055	0.6791721027780666	0.834071010847041	0.0301	0.789877611756717	0.861066167431327	0.0301	0.9687135866966895	0.38909392062936093	0.129	1.1215663158929654	-0.06893049236143191	0.023	1.102464786912391	-0.13486121161791972	0.2179	1.2064649644472674	-0.1243335862832563	0.1804	1.1399191805615068	-0.13877851239086073	-0.0119	0.5823799252697337	0.7780867704705323	0.0301	0.7128476137513173	0.4445302351198729	0.129	0.8781959605846017	0.09057116640083769	0.023	0.9716586777566805	-0.04265098392269504	0.2179	0.8950237903182777	-0.05589107176711873	0.1804	0.9005937371322696	0.07370971194634147	-0.0119	0.4449262490978472	1.3895360753663493	0.0008	0.3647990465784114	1.592642815293047	0.0655	0.4293484733293438	1.4771356731321446	0.1076	0.6686460761008528	1.381453371539089	-0.01275	0.8856941005196269	1.1312012102134807	0.0702	0.9640701471530585	0.9523644322640413	0.1076	0.29477944667963846	1.230626723890998	-0.01275	0.33499724001051506	0.913786031786176	0.0702	0.33528177297538925	0.9246231890009364	0.1076
66	2.2061624649859946	0.6777625322042757	0.833034102198499	0.0301	0.788346564286204	0.8599867323237739	0.0301	0.9650338047322213	0.393327881711095	0.129	1.1222383147414223	-0.06828577155635371	0.023	1.099941710508322	-0.1403960679608431	0.2179	1.2055982367537215	-0.13155116514145423	0.1804	1.1402245515298892	-0.14045082484396315	-0.0119	0.5802907640452105	0.7774905227576674	0.0301	0.7108359326956756	0.447104006626369	0.129	0.8833615516896073	0.07866464031478737	0.023	0.9720545260749217	-0.043136203232888526	0.2179	0.8923828146894551	-0.057836850404285774	0.1804	0.9016274437310824	0.06851894112352769	-0.0119	0.44052550044433836	1.3877490184974013	0.0008	0.35781870168821295	1.5926629176854807	0.0655	0.42394896653078046	1.4749105053173344	0.1076	0.6644201894955174	1.3775296021623862	-0.01275	0.8776346007123673	1.1298747877698063	0.0702	0.9609990514110613	0.9561497323719095	0.1076	0.29408103999167184	1.2259076388264043	-0.01275	0.33387144044017236	0.9075855629792685	0.0702	0.3393391288370095	0.9128040012941888	0.1076
67	2.2395891690009337	0.6764558835246701	0.8333809429252553	0.0301	0.7873428146035275	0.8597579883048996	0.0301	0.960834660064556	0.39603382455881797	0.129	1.121516801646245	-0.0661039099218965	0.023	1.1015117848055442	-0.14213530956054582	0.2179	1.2033254976307257	-0.13594914808732864	0.1804	1.1396024305002808	-0.14016700142771127	-0.0119	0.5790411632158297	0.77860911553726	0.0301	0.7086373953094647	0.4479690354599228	0.129	0.8896924969722486	0.06592446856861375	0.023	0.9725546180791292	-0.045158240205563284	0.2179	0.8906928255090139	-0.058102723215102535	0.1804	0.9063259605128327	0.053570479779568754	-0.0119	0.43576897245863144	1.3858640878907098	0.0008	0.35040834054998743	1.5924727898572932	0.0655	0.4147931146354973	1.4714462021373802	0.1076	0.658164374600004	1.3751847128371306	-0.01275	0.8690530490536305	1.1314620374820363	0.0702	0.9588457714482187	0.9617302398712743	0.1076	0.29338448806764383	1.2238913479733275	-0.01275	0.33332032466026373	0.9052307843383122	0.0702	0.34241074730402016	0.9038002391772115	0.1076
68	2.273015873015873	0.6739724296341706	0.8349923757983242	0.0301	0.7845548584501769	0.8591226836231995	0.0301	0.956999550182174	0.39803608834692134	0.129	1.11970284193589	-0.06216456847972462	0.023	1.1049204440943652	-0.14079651015935293	0.2179	1.2015173458157207	-0.13497766076271664	0.1804	1.1379510823992582	-0.136781482280718	-0.0119	0.5771081260585684	0.7796191330696731	0.0301	0.7071187387204148	0.4465163289105343	0.129	0.8799425156178732	0.08820640608967838	0.023	0.9729189967828149	-0.04745937367372353	0.2179	0.8912093808802104	-0.05687224194355895	0.1804	0.9098699948958744	0.04457804883016905	-0.0119	0.4311304868013895	1.3838651280772414	0.0008	0.3445962102020226	1.5910410683692207	0.0655	0.4063118009416352	1.4682591046014335	0.1076	0.6514261478320389	1.3741235653143042	-0.01275	0.861597692092236	1.133078017668613	0.0702	0.9569537296786433	0.9609939664227374	0.1076	0.29132952752804636	1.2227563893654172	-0.01275	0.3337290991081994	0.9055982323847295	0.0702	0.34374630676625795	0.9016387424621252	0.1076
69	2.306442577030812	0.6695596352943902	0.8368209798952194	0.0301	0.7791532928505506	0.8566615842313482	0.0301	0.9524845754893135	0.4027228634597705	0.129	1.117964964541626	-0.05835250587165709	0.023	1.1048393903249474	-0.14107569864471503	0.2179	1.2015924921233265	-0.13085214641826115	0.1804	1.1359368792753441	-0.13198374754591213	-0.0119	0.573168159023526	0.7782401030030238	0.0301	0.7059115965741244	0.44509021192256143	0.129	0.837633542350915	0.18248630564408594	0.023	0.9725813965792561	-0.050119320603284445	0.2179	0.8927249260315188	-0.056617444028826715	0.1804	0.8949453660053246	0.08001159792163623	-0.0119	0.42710268769925	1.3822592100580509	0.0008	0.3399187883151877	1.5872754152604462	0.0655	0.4013314052976662	1.466412889514705	0.1076	0.6445124643992688	1.3740608866526602	-0.01275	0.8536878837066599	1.1350930432255282	0.0702	0.952412328250205	0.9557725476904136	0.1076	0.28821147743237546	1.2213984572359613	-0.01275	0.33248052063365713	0.9061588853511556	0.0702	0.3441540804514185	0.9015724503098539	0.1076
70	2.3398692810457518	0.6636399383458739	0.8378484129825708	0.0301	0.7724194105042567	0.8541950778290593	0.0301	0.9463625469178086	0.4100097928825939	0.129	1.1167372891373404	-0.054683199260666095	0.023	1.1023869637260622	-0.14519368473236496	0.2179	1.2022184716670283	-0.1276496305092764	0.1804	1.135096491134743	-0.12878577936914454	-0.0119	0.5675630354938267	0.7754837569064899	0.0301	0.702632122162209	0.44688424227584056	0.129	0.7783167542647544	0.3173409672181767	0.023	0.9715848085780494	-0.056427517236921576	0.2179	0.8932834678700493	-0.060151672268785684	0.1804	0.8507697323173065	0.18244897747552055	-0.0119	0.4237804775844782	1.38019431077088	0.0008	0.3348317922381489	1.5820528754929069	0.0655	0.3981677937747183	1.464280635529389	0.1076	0.6379195575655566	1.3740446607271983	-0.01275	0.8439820233051297	1.1399762246548069	0.0702	0.9462583693262114	0.9542080950188849	0.1076	0.28503195632580164	1.2192240095192501	-0.01275	0.32773495208670034	0.905709111702326	0.0702	0.3431540861731484	0.8967462231223048	0.1076
71	2.373295985060691	0.6575780595782027	0.8389966815060036	0.0301	0.7652363435643335	0.8567500396193002	0.0301	0.9399984460693425	0.4171420186641781	0.129	1.1157690003370986	-0.0501262040208452	0.023	1.1017636640817683	-0.14934491986262818	0.2179	1.1998473795353506	-0.12654970330573476	0.1804	1.135492367059384	-0.12705531911209608	-0.0119	0.562012818581502	0.776451751510443	0.0301	0.6970298362800188	0.4521862768774707	0.129	0.7494735514497817	0.3832221506722998	0.023	0.970416418031109	-0.06565566481856495	0.2179	0.8910515800133756	-0.06525096688527537	0.1804	0.8084566387724873	0.2791855470666148	-0.0119	0.42142062058348045	1.3760721448610471	0.0008	0.32916065863263255	1.5780030433271046	0.0655	0.39372689089639734	1.4596914795132556	0.1076	0.63254210501253	1.3728447429697492	-0.01275	0.8351839883649927	1.145867797744955	0.0702	0.9430351285867344	0.9560125144727972	0.1076	0.2823142697194959	1.2159092439885433	-0.01275	0.3227608448503941	0.9046812455685117	0.0702	0.34084865006099124	0.8869142521880257	0.1076
72	2.40672268907563	0.6520502451064515	0.8418562457013774	0.0301	0.7576234074015054	0.8649640683288994	0.0301	0.9351982867792696	0.4228063391544735	0.129	1.114578951810767	-0.045291327622155576	0.023	1.1014972380696264	-0.14507865739829412	0.2179	1.1926293925494977	-0.12268099963603475	0.1804	1.1342267038154983	-0.122723504663843	-0.0119	0.558028604418988	0.7836659651810586	0.0301	0.6928372480140046	0.45667315611330334	0.129	0.7787956774531859	0.3110614255662923	0.023	0.9695762084947154	-0.07081168301377717	0.2179	0.8870749178036181	-0.06739517822398015	0.1804	0.8162157983409415	0.25751287107047455	-0.0119	0.41935978425200077	1.3707566045146997	0.0008	0.3243590990133169	1.5761439613142072	0.0655	0.3865573127008498	1.4533760179765338	0.1076	0.6276549022246576	1.36981907145135	-0.01275	0.8300970486112511	1.1484061753031243	0.0702	0.944019182469778	0.955819285907234	0.1076	0.27993765306009205	1.212287452284134	-0.01275	0.3205499489921933	0.9039991474282655	0.0702	0.3375330376378818	0.8802758910639834	0.1076
73	2.4401493930905693	0.6466673658511315	0.8454853750525443	0.0301	0.7505623783987678	0.8714782704276975	0.0301	0.9317185136521453	0.4275818187045577	0.129	1.111830049870582	-0.03938807551869998	0.023	1.099086775945095	-0.12801660305264312	0.2179	1.1831765092072273	-0.11044790746039852	0.1804	1.1282285872518354	-0.11346139288225009	-0.0119	0.5550012631644212	0.7919025470256484	0.0301	0.6927966435319417	0.4558042668520419	0.129	0.8408112137917693	0.16308663383631303	0.023	0.9689595694128698	-0.06938138552561386	0.2179	0.8854064644384055	-0.0687331709390376	0.1804	0.8709951708387391	0.12650770922664095	-0.0119	0.4159353111826837	1.3670791188982954	0.0008	0.32134888993511046	1.5742906966590584	0.0655	0.37818915720705754	1.4477732583010385	0.1076	0.6226699437792138	1.3658946769796279	-0.01275	0.8277500197580111	1.1469476766679423	0.0702	0.9469515356467174	0.9538469874894018	0.1076	0.2773348839358039	1.20943529860895	-0.01275	0.3187151859774587	0.9034672715684938	0.0702	0.3340097759357382	0.8791654031114033	0.1076
74	2.473576097105509	0.6416286577090916	0.8471386039825679	0.0301	0.7456843522309656	0.8705621297505043	0.0301	0.9286269234418509	0.4326406016140695	0.129	1.1054636858443976	-0.02759176285231324	0.023	1.0985304541131642	-0.10809937474378377	0.2179	1.17585976413597	-0.09404464555722332	0.1804	1.1175560304874734	-0.10070059230005005	-0.0119	0.5507271504998015	0.7950402317592216	0.0301	0.6954689909351476	0.4501015150839771	0.129	0.8906361519078998	0.05220934405752642	0.023	0.9701648453189079	-0.06958208661169503	0.2179	0.8892115524949771	-0.07744614480469594	0.1804	0.9266376271817364	-0.0010536379239236898	-0.0119	0.4110908692324102	1.3656023286125438	0.0008	0.319258010131301	1.5703435527219103	0.0655	0.3715150246358736	1.4437733410481437	0.1076	0.6181610056184623	1.3627635400475846	-0.01275	0.8252657034950159	1.144875678942902	0.0702	0.9497240936757819	0.9532080373871653	0.1076	0.27373702281138534	1.2070809588423275	-0.01275	0.3143331305469995	0.9026275635713568	0.0702	0.3323946723141357	0.8728781984529924	0.1076
75	2.507002801120448	0.6379956162910484	0.8458299125806246	0.0301	0.7433766042610164	0.8649900205180763	0.0301	0.9265549414211856	0.438554369365849	0.129	1.0945546217300086	-0.004924811155764564	0.023	1.1023949234986508	-0.10056938487937164	0.2179	1.1718337171536293	-0.08266427717711469	0.1804	1.1037077475648938	-0.08253304684853695	-0.0119	0.5454674202567596	0.7930517205543365	0.0301	0.6983454914139171	0.4434877779604927	0.129	0.9089287712618274	0.02039415589361097	0.023	0.9755143552979071	-0.07916283544322066	0.2179	0.8983642356007351	-0.09609156543992549	0.1804	0.9539075014611266	-0.05737633983816044	-0.0119	0.40656948574823476	1.3640373306059415	0.0008	0.3168753993189866	1.5649759495273197	0.0655	0.3675400183725214	1.4411184895989948	0.1076	0.6130870161306968	1.3603932614621406	-0.01275	0.8212607641354542	1.145366681447928	0.0702	0.9508137065932503	0.9532131081592663	0.1076	0.26890445354058223	1.2039019699568814	-0.01275	0.30909210555283184	0.9013674949955202	0.0702	0.33204537577171545	0.8598793409581591	0.1076
76	2.5404295051353873	0.6359792403076182	0.8434142185840143	0.0301	0.7416318391144956	0.8615316441618677	0.0301	0.9260885180871795	0.446161621473309	0.129	1.0804403932516917	0.029217884797156295	0.023	1.1035016397400947	-0.10581988002371139	0.2179	1.1674702765475067	-0.07600686921511485	0.1804	1.0866118767932547	-0.052051096281242645	-0.0119	0.5424354676008183	0.7898243510720094	0.0301	0.6993996664125892	0.44122524248670936	0.129	0.8926865229796975	0.06162962694961839	0.023	0.9763673182330843	-0.0842508760608564	0.2179	0.9049507849631837	-0.10709314245995388	0.1804	0.9417665483856484	-0.02433284786458725	-0.0119	0.40330564400257535	1.3605650080944645	0.0008	0.31412111723467295	1.5597092900621012	0.0655	0.36543947319081205	1.4397173765916524	0.1076	0.6061454185948907	1.3576037339937592	-0.01275	0.8165155355823918	1.1483105546945434	0.0702	0.9495422335346658	0.9517848747602047	0.1076	0.26449554202852604	1.1997605319911198	-0.01275	0.30642656981815597	0.8989154394287594	0.0702	0.3300064383585591	0.8536845445551908	0.1076
77	2.5738562091503265	0.6344050023052454	0.8429213187709609	0.0301	0.7379815319657594	0.8641279169600499	0.0301	0.9254879914906146	0.4575875709378059	0.129	1.0648654108605087	0.07012465730088276	0.023	1.093463411933674	-0.10972944391831609	0.2179	1.1589312744726512	-0.06622795969048197	0.1804	1.0662757127166245	-0.009546829670794267	-0.0119	0.5424776001396237	0.7894268875076139	0.0301	0.6967346842836133	0.4473167014860989	0.129	0.8372753743042298	0.1809804099779022	0.023	0.9460680303319189	-0.03206531198317502	0.2179	0.8860359224555819	-0.06052335313340483	0.1804	0.8792768227764866	0.11804578518883622	-0.0119	0.4010140087229674	1.3557764085865054	0.0008	0.3122508940905762	1.5547530638791511	0.0655	0.36462240537833224	1.4391391661755382	0.1076	0.5994858499605558	1.3547169360613114	-0.01275	0.8120504983944953	1.1507098972616814	0.0702	0.947231343596929	0.9503832915532174	0.1076	0.26277130179072367	1.1961775154770635	-0.01275	0.3067819054716756	0.8951698828683134	0.0702	0.3266637023798363	0.8585808225875846	0.1076
78	2.607282913165266	0.6325101953791565	0.8452957933122396	0.0301	0.7330451796143687	0.8701198488670194	0.0301	0.9228720347747713	0.47238055543884583	0.129	1.0482173308362492	0.10914682114466524	0.023	1.074400536068709	-0.10207961242459905	0.2179	1.147925473056666	-0.049699583292390194	0.1804	1.0453250712821278	0.03162686808741082	-0.0119	0.5427646524910564	0.792406625480777	0.0301	0.6909143893804433	0.45857843906264256	0.129	0.762004910136463	0.3395267982131487	0.023	0.8661548160099026	0.12466975087131658	0.2179	0.8223432857945994	0.08545288556780456	0.1804	0.7875026983385527	0.3196596208557984	-0.0119	0.3993845257758439	1.351373886126426	0.0008	0.3123878139224003	1.550227216471266	0.0655	0.3652368036394315	1.4380346189094348	0.1076	0.5960177673936228	1.3531361969563571	-0.01275	0.8077627406063987	1.150099904104908	0.0702	0.9456596100158325	0.9507415868535913	0.1076	0.26299961551782397	1.193468362360531	-0.01275	0.30797415582154486	0.8917865362890608	0.0702	0.3234411040042198	0.8677592792027575	0.1076
79	2.6407096171802054	0.6309465959694267	0.8479232306931014	0.0301	0.7291839781910471	0.8741489031216954	0.0301	0.9185460603182494	0.48660367382227465	0.129	1.031689952836411	0.13777099456567474	0.023	1.0559150080969937	-0.08206468327247769	0.2179	1.13928397472644	-0.027083159620058476	0.1804	1.0276967269632955	0.05821754412926183	-0.0119	0.5416193803462789	0.7951130145965485	0.0301	0.6842546222872649	0.4697066452940845	0.129	0.708542422855306	0.448244968237918	0.023	0.767509629155258	0.3292390871913757	0.2179	0.738389676786943	0.27670778690462444	0.1804	0.7200151629131114	0.45821427462765196	-0.0119	0.39811195894983153	1.348458317523362	0.0008	0.31358446789517874	1.5471768659667997	0.0655	0.3668672097496308	1.4355509188192703	0.1076	0.5950421277753246	1.353082065696617	-0.01275	0.8026443564760849	1.148052041428211	0.0702	0.9442675368864502	0.9519509173896029	0.1076	0.2625816267017427	1.190666471823308	-0.01275	0.3086530880295187	0.8898888675918694	0.0702	0.31891905254898717	0.8785889232411794	0.1076
80	2.6741363211951445	0.6302680632984312	0.8485825592212902	0.0301	0.7269845293476275	0.8752181012838149	0.0301	0.9128876611086078	0.49932226963174164	0.129	1.018799410573258	0.15409388116519002	0.023	1.043287115213994	-0.0516003144222495	0.2179	1.1330529621357317	0.0015663544017415225	0.1804	1.015734972270767	0.07158984207790157	-0.0119	0.5405973451483271	0.7957447988873189	0.0301	0.6777518043956977	0.4814629803583696	0.129	0.6916912684659022	0.4768259211932472	0.023	0.707554490472952	0.45673969084365446	0.2179	0.684827400224723	0.39932601428879	0.1804	0.6985855867357159	0.4914195198325215	-0.0119	0.3968752254778924	1.3474026180942902	0.0008	0.3142652066108388	1.5464023038165702	0.0655	0.36787577442172953	1.4331732441578633	0.1076	0.594200560917613	1.3534070595515295	-0.01275	0.7956393177790954	1.148358469240896	0.0702	0.9409646671312156	0.9547131400725428	0.1076	0.26102891172039966	1.188676295708589	-0.01275	0.308951810012565	0.8899275176882745	0.0702	0.31416422150578444	0.8901649610957347	0.1076
81	2.707563025210084	0.6298217575291682	0.8486787693104136	0.0301	0.7256168824626286	0.8761739440599213	0.0301	0.9055330589035163	0.5127562530682627	0.129	1.0112039008542701	0.16400029016486412	0.023	1.0367142222694583	-0.016445323717775445	0.2179	1.124778161148595	0.03306695565003813	0.1804	1.0086826170870338	0.08293771965165561	-0.0119	0.5412190832750832	0.7968599294747466	0.0301	0.6726413743435355	0.4929075801711078	0.129	0.6934919288335558	0.4683738652984614	0.023	0.7008234919465584	0.47206415085089076	0.2179	0.674319376850053	0.4236522119763321	0.1804	0.6998673055050144	0.48104618774904323	-0.0119	0.396073380489599	1.347523515147946	0.0008	0.3148730645021398	1.5476359655513554	0.0655	0.36782806461333256	1.4324891894635583	0.1076	0.5927889505299339	1.352714515460285	-0.01275	0.7873395682853264	1.1514320341452262	0.0702	0.9356857932097404	0.9605654419898816	0.1076	0.25963917106839407	1.1888219240788316	-0.01275	0.3085355513651473	0.8933469288581687	0.0702	0.3142160735994283	0.8977241808241437	0.1076
82	2.7409897292250234	0.6289880090578839	0.8504896710750627	0.0301	0.724705947311062	0.878951525968608	0.0301	0.8975337511821085	0.5256285055455383	0.129	1.0068745374695591	0.17120037253954093	0.023	1.0356901350692285	0.01450750285483289	0.2179	1.1132229986690287	0.059281259762321875	0.1804	1.005404791350065	0.09443457271762412	-0.0119	0.5425654174778378	0.8003379753799471	0.0301	0.6707273052841974	0.4978301592010955	0.129	0.697529897533556	0.4593642056882011	0.023	0.7157384197653736	0.4417785593713973	0.2179	0.6799186085247243	0.409049716237876	0.1804	0.7016418449973875	0.47614822285965225	-0.0119	0.3963914398595136	1.3470874308048806	0.0008	0.31666121360467836	1.5494397486120315	0.0655	0.3690512705796635	1.4325610964565108	0.1076	0.5913635989367795	1.3504700700965953	-0.01275	0.7805456386798375	1.1543197771216636	0.0702	0.9311686022837364	0.9663778488931722	0.1076	0.25915905180123067	1.1893783878363045	-0.01275	0.3066880812837327	0.900024150394929	0.0702	0.3204557535327289	0.8967534819847321	0.1076
83	2.7744164332399626	0.6281059557495097	0.8534299752247756	0.0301	0.7246579662484363	0.8823195169643648	0.0301	0.8907665394013684	0.5335463832367225	0.129	1.004620396957555	0.17284835826526757	0.023	1.0350026813257975	0.040590436842205466	0.2179	1.100820603741359	0.07736743210002699	0.1804	1.007236884260107	0.09879257294380547	-0.0119	0.5433230254000613	0.8041484513883517	0.0301	0.6711319208690175	0.4958425731927799	0.129	0.6990672255538746	0.456561592178861	0.023	0.7247922383726807	0.42460084945956555	0.2179	0.6807072266510124	0.40090220516930397	0.1804	0.6994933931947428	0.4785863494771615	-0.0119	0.3975019057383896	1.3452623895779168	0.0008	0.31957232700940436	1.5497344610847972	0.0655	0.3735615151907269	1.4321105672138315	0.1076	0.5907521192146058	1.3473064689929157	-0.01275	0.7772702139329656	1.1554213576506287	0.0702	0.9295759657240182	0.9677242810325815	0.1076	0.25968828502418584	1.1881914698264713	-0.01275	0.3042529811708451	0.9068953254867426	0.0702	0.3294484916642009	0.8857212160450472	0.1076
84	2.8078431372549018	0.6274450168481595	0.8553407724040626	0.0301	0.7256542270310196	0.8837451371606105	0.0301	0.88573216611744	0.534849735091721	0.129	1.0047118071972865	0.16993406849229692	0.023	1.0286602414387611	0.07134885403213034	0.2179	1.0887718489884173	0.0948353255493481	0.1804	1.013862695158434	0.09785442877186963	-0.0119	0.5438042683885888	0.8054534131644623	0.0301	0.6713526642356444	0.49296384996003784	0.129	0.6976660657152617	0.45741391944370163	0.023	0.7235782991950289	0.43465462505640967	0.2179	0.6755874884835247	0.4034165009707507	0.1804	0.6953865265909597	0.47913375506954725	-0.0119	0.39858335656776417	1.3431777611596103	0.0008	0.32291708912147943	1.547674924456654	0.0655	0.37976755522264977	1.4314300895192136	0.1076	0.5915546823843024	1.3438084688081349	-0.01275	0.7764874145731904	1.1551112798264545	0.0702	0.9298537340391331	0.9657898137937967	0.1076	0.2613738435169761	1.1862915443681046	-0.01275	0.30356563999611763	0.9113971840653108	0.0702	0.33661441602100123	0.8713443288126864	0.1076
85	2.8412698412698414	0.6265080469961624	0.856148310034046	0.0301	0.7266285358235265	0.8837718892500639	0.0301	0.8817431303864374	0.5319750936170268	0.129	1.0055775126124713	0.16966258235991818	0.023	1.0178697522640103	0.10822838263283631	0.2179	1.076965164977182	0.1163690259850645	0.1804	1.020182480947385	0.10103011780245534	-0.0119	0.5442892163928692	0.8052068774527682	0.0301	0.670712214469441	0.4915830548996058	0.129	0.6946563352665691	0.45939381190009326	0.023	0.7190023894063359	0.45844495553974335	0.2179	0.670542210806211	0.40791551141519966	0.1804	0.6916656568133875	0.4761311965997303	-0.0119	0.39955171009870716	1.3419622804886389	0.0008	0.3263647579928042	1.544743818024931	0.0655	0.3838469599236725	1.4304496266930915	0.1076	0.5931982005994978	1.3403792881315655	-0.01275	0.7769556181007504	1.1538690752935383	0.0702	0.9300229510638	0.9640678070947382	0.1076	0.26390335043250956	1.1853405771805812	-0.01275	0.3050425076972602	0.9129180405485913	0.0702	0.3376344897035462	0.8676358017342327	0.1076
86	2.8746965452847806	0.6251202086396489	0.856898305542639	0.0301	0.7257598084834861	0.8853611034644081	0.0301	0.8783280043041836	0.5281539320359804	0.129	1.004932311431009	0.17480308219169488	0.023	1.0053381713693035	0.1359147574990069	0.2179	1.0651667392920356	0.1352200681193768	0.1804	1.0213787953341107	0.10902444388348369	-0.0119	0.5438638232491154	0.8068770263037636	0.0301	0.6702043800385769	0.4902209638847377	0.129	0.6921940681695324	0.46104943424466205	0.023	0.717092859595103	0.4732097666524392	0.2179	0.6688858334388963	0.40857699094833233	0.1804	0.6899094376608271	0.47468680167773375	-0.0119	0.40080450714217675	1.340681886316608	0.0008	0.32973315547170606	1.5428711433395068	0.0655	0.38441289501893494	1.4280044216682546	0.1076	0.5943815558592308	1.3381604490924697	-0.01275	0.7790205902562839	1.152675532228951	0.0702	0.9302138836174034	0.9623242856274609	0.1076	0.2662293287250952	1.1848299755232488	-0.01275	0.3059644618645175	0.9122184853497666	0.0702	0.3334983876245612	0.8753612076526424	0.1076
87	2.9081232492997198	0.6241864318808734	0.8575185380968601	0.0301	0.7228343109054026	0.8884138130076624	0.0301	0.8757633751695801	0.5247496515946157	0.129	1.0020176423399292	0.18173264908112777	0.023	0.9916668015740023	0.14372740759350636	0.2179	1.053138818493559	0.14459676037386873	0.1804	1.0173294948741736	0.11670513402376767	-0.0119	0.5424702816183143	0.810989738777957	0.0301	0.6701300649788227	0.4894747626419998	0.129	0.6905277523055487	0.46329405772297855	0.023	0.7189821905161553	0.47139909574343974	0.2179	0.6704515889231083	0.40564096662565285	0.1804	0.69020823454588	0.47866609074392297	-0.0119	0.40294681842012947	1.3378324242641046	0.0008	0.33286101094892717	1.5418918989145196	0.0655	0.3839586571080643	1.42426428433093	0.1076	0.5953986355633878	1.3378367426244817	-0.01275	0.7821755196524587	1.1524585191691874	0.0702	0.9313675567223283	0.9596093225822122	0.1076	0.26811072267932196	1.1839958360823115	-0.01275	0.30530582347839624	0.9113131628195407	0.0702	0.329988837458653	0.8814829201515005	0.1076
88	2.941549953314659	0.6242114732306199	0.8583930859673177	0.0301	0.7201148584586751	0.8904023087369626	0.0301	0.874320545141035	0.5213974828447642	0.129	0.9969083477856552	0.18784484800794118	0.023	0.9783025292369989	0.1404588479106408	0.2179	1.041495216639595	0.1465649931967705	0.1804	1.0111505257631268	0.12384040657079225	-0.0119	0.5413427992455327	0.8151571316071243	0.0301	0.6693731554262187	0.49163136986653816	0.129	0.6886485110556149	0.46816295507035965	0.023	0.7228404588233975	0.4636296956954572	0.2179	0.6740084135674097	0.40323662168644697	0.1804	0.6920641064107795	0.48435697831687563	-0.0119	0.4065506959231722	1.3341788464712114	0.0008	0.33603188890803426	1.53999266613414	0.0655	0.38506889000714867	1.4210548350342256	0.1076	0.5980221996509426	1.3378823591375901	-0.01275	0.7849306018119869	1.1525178283459077	0.0702	0.9330766092634382	0.9580577503919108	0.1076	0.2702863811599997	1.1833241794388376	-0.01275	0.3054650280096364	0.9118442085676662	0.0702	0.3294658822937357	0.8825446860129736	0.1076
89	2.9749766573295986	0.6245805804266145	0.8605351868182679	0.0301	0.7192193167375402	0.8912806446111946	0.0301	0.8730913543731221	0.5182013599071075	0.129	0.9902437193733088	0.19256436430236962	0.023	0.9671571503508273	0.1386040794988636	0.2179	1.031954440212943	0.14610979851058248	0.1804	1.0055509976252535	0.1314071001046155	-0.0119	0.5408332790672946	0.8182308022480899	0.0301	0.6677350233877865	0.4965711863699601	0.129	0.6879370164857317	0.4734854513662163	0.023	0.725501794183374	0.4594394030495104	0.2179	0.6778244982845326	0.40402345173488885	0.1804	0.6959434863741408	0.48383494060717624	-0.0119	0.41096519242569207	1.331724293531347	0.0008	0.3398565002534716	1.5361722040911943	0.0655	0.38799196218041	1.4190363557241872	0.1076	0.6020365473803471	1.336053998957913	-0.01275	0.7871017349143177	1.1521310064070973	0.0702	0.9345414526498592	0.9592807688310759	0.1076	0.2726975060891845	1.183069642432467	-0.01275	0.3077257298416397	0.9133037496759823	0.0702	0.33119320716622236	0.8828564174190658	0.1076
90	3.008403361344538	0.6246784719570035	0.8631722564744029	0.0301	0.7191888923305256	0.8924699386216316	0.0301	0.8706784124760111	0.5160640184013771	0.129	0.9833465142898371	0.1940786828872906	0.023	0.9604535149586426	0.13974051681807081	0.2179	1.0266146801067448	0.1452119083340897	0.1804	0.9999322516667527	0.1358613753732354	-0.0119	0.5403358644879277	0.8203991049841175	0.0301	0.6670757486998733	0.5010103845977188	0.129	0.6900807819798516	0.4753083786064203	0.023	0.7247214320534786	0.45856562887777985	0.2179	0.6807104654078876	0.40625631205205315	0.1804	0.7013538254620137	0.4777005914223984	-0.0119	0.41452466491646034	1.3308950283469365	0.0008	0.3443429763968952	1.5310716902383914	0.0655	0.39200492361040895	1.4165847492200037	0.1076	0.6050828183080779	1.3322317858078507	-0.01275	0.7898137535233933	1.152059172368458	0.0702	0.936154696795067	0.9611137800297236	0.1076	0.2753538495683926	1.1825419525883163	-0.01275	0.3116110296566567	0.9138552082875508	0.0702	0.33521013370912245	0.8830193450195727	0.1076
91	3.041830065359477	0.6240725810571525	0.8642708141862596	0.0301	0.71886196306029	0.8938700283596704	0.0301	0.86730307272214	0.5146213119103236	0.129	0.9776541188165023	0.19122205881294393	0.023	0.9594242379098596	0.1416835382682206	0.2179	1.0256573654894414	0.14481375852629483	0.1804	0.9928394305241618	0.13453820135821837	-0.0119	0.539482524313502	0.8218466815191243	0.0301	0.668424734489244	0.5019939415174927	0.129	0.6927554030725965	0.4753444986037834	0.023	0.7221084211992154	0.45696948953850053	0.2179	0.6833535166906679	0.4056649267649787	0.1804	0.7043147943138737	0.4780612066824864	-0.0119	0.4166462749316562	1.330644940007646	0.0008	0.3490419351202982	1.5260108399549277	0.0655	0.3962801612496092	1.4125795565664137	0.1076	0.6062510273873142	1.328118212926116	-0.01275	0.7929692105592006	1.1536311253240128	0.0702	0.9384866085082619	0.9616999795364097	0.1076	0.2793395132062045	1.1817571069750088	-0.01275	0.3166813926807702	0.9132632996922477	0.0702	0.34122349013308684	0.8836372381808655	0.1076
92	3.075256769374416	0.6231774480316414	0.8635744327493671	0.0301	0.7184484424349568	0.8946764000978967	0.0301	0.8648325651031307	0.5131622194123093	0.129	0.97450075677681	0.1864207386480985	0.023	0.9620767080048285	0.14537403112831176	0.2179	1.026771838887944	0.14626379056493674	0.1804	0.9870909813543454	0.1307373992464414	-0.0119	0.538752628817946	0.8230837970530408	0.0301	0.6702350679995498	0.5004052342825853	0.129	0.692705325653295	0.4778894291169895	0.023	0.7204684087834415	0.45469448274515123	0.2179	0.6860420819432111	0.4020612590099989	0.1804	0.7007762590772978	0.49242456326104633	-0.0119	0.4189239512874616	1.329858971745694	0.0008	0.35382792395653767	1.5222509668275677	0.0655	0.39962699529151874	1.4090598348082297	0.1076	0.6067758848864537	1.3248840776600088	-0.01275	0.7944983721996488	1.157770086380424	0.0702	0.9406134966832018	0.9634744241558297	0.1076	0.284977080845185	1.1820956298977925	-0.01275	0.32117719036686304	0.914616096057517	0.0702	0.3471983649842162	0.8865503778608607	0.1076
93	3.108683473389356	0.6238994873876991	0.862876936747239	0.0301	0.7184018299604541	0.8946024931566056	0.0301	0.8645418389072788	0.512158638007112	0.129	0.974135642807645	0.18350342676382955	0.023	0.9650307108476693	0.14970056058429942	0.2179	1.0280580139496884	0.14836164983639538	0.1804	0.9864269308039143	0.12899627786125303	-0.0119	0.5396144035417383	0.824102153470483	0.0301	0.6708974988466708	0.49911684111951965	0.129	0.6906247686469732	0.48360520045162636	0.023	0.719614428314658	0.4551436892255233	0.2179	0.6868780426578234	0.40210392797033706	0.1804	0.6925644872747182	0.5133943258959935	-0.0119	0.42336841212933374	1.3281126498619176	0.0008	0.3586019428108173	1.520214611156354	0.0655	0.4018016779358685	1.4079735502718727	0.1076	0.6081003170682187	1.3222587997362087	-0.01275	0.7939835586108763	1.1641624464058369	0.0702	0.9407492509832548	0.9695715045555034	0.1076	0.29122174048426597	1.184164435400204	-0.01275	0.3232301424099377	0.9202032809271921	0.0702	0.34978362996587437	0.8933454608730329	0.1076
94	3.142110177404295	0.6267822445548554	0.8632080143490177	0.0301	0.7183665023802641	0.8941212892314203	0.0301	0.8656764130828941	0.5119193413853429	0.129	0.9753087118951802	0.18347160920527836	0.023	0.9661576483324437	0.15038262385602247	0.2179	1.0281941931446974	0.14824705064831445	0.1804	0.9893204577935689	0.1291529937047846	-0.0119	0.5422456203026071	0.824531667504253	0.0301	0.6709145980746312	0.4995743237189439	0.129	0.6885290551102679	0.4919820278707303	0.023	0.7167445719887564	0.46036053219817363	0.2179	0.6852228822322797	0.4077907129973316	0.1804	0.6856461244789372	0.528787699058399	-0.0119	0.42949562748338643	1.3261985881292702	0.0008	0.3634218330965367	1.5187988955547487	0.0655	0.40466449499319257	1.407192711600536	0.1076	0.6104885623860001	1.3196749927249918	-0.01275	0.7936822381975606	1.171777838652477	0.0702	0.9383950876352528	0.9789680962811957	0.1076	0.29690020662923244	1.1868717339235917	-0.01275	0.32385580009376824	0.9263520042555377	0.0702	0.3478001877025269	0.9033412304125242	0.1076
95	3.175536881419234	0.6292786635654948	0.864176705173317	0.0301	0.7177010327091189	0.8943918127417244	0.0301	0.8665696001747947	0.5124007428819621	0.129	0.9766712411419539	0.18443593901846195	0.023	0.9656389707647683	0.14592605960739657	0.2179	1.0262144276213103	0.1457573357389263	0.1804	0.9919629647331313	0.1285419155412336	-0.0119	0.5443287519263222	0.82559935907791	0.0301	0.6714949258536625	0.5027133689204836	0.129	0.6856965485839748	0.5036805060349426	0.023	0.712121676585626	0.4656861977249868	0.2179	0.6838347108079043	0.41057878342852333	0.1804	0.6828301907333305	0.5346341872826584	-0.0119	0.43483088150161453	1.3254977876792156	0.0008	0.36920644830678967	1.5166760927141687	0.0655	0.41002487887800476	1.4045652266804927	0.1076	0.6125511244514955	1.3175817033784643	-0.01275	0.7949525893680643	1.179280234616114	0.0702	0.9354474791393813	0.9870144835469924	0.1076	0.301752768059605	1.1894895223555986	-0.01275	0.32542989392924127	0.9290350828539456	0.0702	0.3444209823415731	0.9115290551582779	0.1076
96	3.208963585434174	0.6298658551311271	0.865689633260871	0.0301	0.7169659499189449	0.8958859812724361	0.0301	0.8665106975506276	0.5136870518869158	0.129	0.9773169593527697	0.18493999249324744	0.023	0.9656880452012204	0.1399110756749042	0.2179	1.0244306398904879	0.1437364104905146	0.1804	0.9929012282748437	0.1269634470508888	-0.0119	0.5448578907216303	0.8286669986686682	0.0301	0.6721275028246547	0.5100807121330123	0.129	0.681604287601421	0.5162455017589003	0.023	0.7127079736720731	0.45811506809898855	0.2179	0.6846509591157918	0.4063919734543674	0.1804	0.6831287522288959	0.5358028959989211	-0.0119	0.4385801753916547	1.326109687638832	0.0008	0.3766382860108924	1.5137067841364003	0.0655	0.41717545765898895	1.4024374831690412	0.1076	0.6133951940839517	1.316928537194603	-0.01275	0.7972650641762749	1.184504229077366	0.0702	0.9344275081082604	0.9896239138810172	0.1076	0.3061643550207933	1.1924026549276834	-0.01275	0.3288695119974815	0.9304124169120501	0.0702	0.344189829560605	0.9141752748963501	0.1076
97	3.242390289449113	0.6303164870441527	0.8678228818757158	0.0301	0.7174349326584484	0.8972948412303349	0.0301	0.8658745301038555	0.515027476641748	0.129	0.9768516727803567	0.1847576375858885	0.023	0.9673952089278577	0.13748357232425998	0.2179	1.0262690397379999	0.14448276634821575	0.1804	0.9925279699637014	0.12579475970027862	-0.0119	0.5459526477134656	0.8322294288904247	0.0301	0.6713434910547652	0.520926743672461	0.129	0.6785382882314304	0.5236236774613212	0.023	0.7189433116907784	0.44082677784054775	0.2179	0.6846894657164764	0.40454114801583524	0.1804	0.6842505825840502	0.5377740693755932	-0.0119	0.44204013253082325	1.3266428559636017	0.0008	0.3840986501556856	1.5104684247223608	0.0655	0.4236531805543473	1.4032576837965047	0.1076	0.6148218584347868	1.3178063783745917	-0.01275	0.7999505029573434	1.1860108500467874	0.0702	0.9351905246584441	0.9870444727386636	0.1076	0.31007720387576526	1.1953446334439515	-0.01275	0.333561978462173	0.9324238829560704	0.0702	0.34878380251943036	0.9135352993473652	0.1076
98	3.275816993464052	0.6315278716137487	0.8700362663663588	0.0301	0.7189793613060548	0.8972413986334431	0.0301	0.8652088546731854	0.5154512583785649	0.129	0.976125267402832	0.1836044445572727	0.023	0.9688049734591493	0.13953676963037567	0.2179	1.0306282020459712	0.14630875208346908	0.1804	0.9920071100133857	0.12416506187632485	-0.0119	0.548673249001897	0.8335777242112938	0.0301	0.6698935286034788	0.5297599937526563	0.129	0.6776826253512233	0.5243235788071949	0.023	0.7183678634400491	0.4385383356461134	0.2179	0.6799401587327235	0.4130632710074699	0.1804	0.6823634036716641	0.5415041768595302	-0.0119	0.4453690203597912	1.3264643678925077	0.0008	0.38867584322073917	1.5081019484951663	0.0655	0.42761665684439554	1.405082603633582	0.1076	0.61829630774331	1.3196298995230547	-0.01275	0.8027078380403382	1.1841949993644514	0.0702	0.9345972502577239	0.9828823520520712	0.1076	0.3135165752123835	1.1973297793487714	-0.01275	0.3381348772771448	0.9336096543321822	0.0702	0.3554888858143419	0.9155952320268911	0.1076
99	3.3092436974789914	0.6320667466706572	0.8724359594999355	0.0301	0.7202253710722237	0.8970021478040385	0.0301	0.8649461421010004	0.5159509187775538	0.129	0.9760929231729303	0.18170986956247387	0.023	0.9681840135949158	0.14211654935043352	0.2179	1.0331446013789063	0.14651545483606396	0.1804	0.9917044559871644	0.1206670249107349	-0.0119	0.5507975256834527	0.8335088753255372	0.0301	0.6693880071918518	0.5333949070419831	0.129	0.6768135897434523	0.5245716237637774	0.023	0.7066945809089152	0.45478818498344714	0.2179	0.671669894724218	0.42601116238623615	0.1804	0.6760621033210517	0.5461828952043618	-0.0119	0.4473415141102445	1.326372667942685	0.0008	0.39009778739898926	1.507427908885081	0.0655	0.42906772195531334	1.4052274454135605	0.1076	0.6215861315013992	1.322310436366806	-0.01275	0.8049294939356783	1.180142522926752	0.0702	0.9303678005815534	0.9795019512477596	0.1076	0.31682485525824905	1.1985374735628018	-0.01275	0.3413845146239511	0.9345723716357188	0.0702	0.3607086714166103	0.923167242772094	0.1076
100	3.342670401493931	0.6316211435085076	0.8764230561620436	0.0301	0.7204358567238007	0.9000331076529435	0.0301	0.8655655518930594	0.5179743413208225	0.129	0.9761256788688268	0.1807075117368917	0.023	0.9665588536473403	0.14261194982423234	0.2179	1.0322795235620303	0.14659261294436254	0.1804	0.9903527188502887	0.11846637304464422	-0.0119	0.550502113627216	0.8367059706231974	0.0301	0.6686743329088966	0.5378759597061418	0.129	0.6736424540676202	0.5300397585743145	0.023	0.6945764445690407	0.46923201354560157	0.2179	0.6642570137456637	0.43462872703209043	0.1804	0.6691225846606476	0.5525433571102973	-0.0119	0.44836980927227	1.327026723061221	0.0008	0.3911641339995391	1.507027343377797	0.0655	0.42928348723159754	1.4046307110251066	0.1076	0.6221714724114175	1.3258282214703607	-0.01275	0.8055170920047133	1.1754457280191732	0.0702	0.923523669188698	0.9768810783734129	0.1076	0.31974977132030197	1.2001790314116636	-0.01275	0.3436903219137548	0.9369964111141148	0.0702	0.363863291364578	0.930010435938196	0.1076
101	3.37609710550887	0.6314923317028831	0.8819903249916601	0.0301	0.7199805732334115	0.9069439449244686	0.0301	0.8670831657196596	0.5197632353343923	0.129	0.9758061718263809	0.18206036003059245	0.023	0.9655047706909392	0.14197854050859357	0.2179	1.030830069907114	0.14789144980667335	0.1804	0.9880546497623445	0.1216615517727312	-0.0119	0.5495216252039584	0.8448552001828179	0.0301	0.6665656223210181	0.5475892843479314	0.129	0.6687740588946862	0.5391183555645055	0.023	0.6891067209163564	0.47409590687481834	0.2179	0.6594238221155037	0.4386098738416561	0.1804	0.6644379852033221	0.560673137364953	-0.0119	0.4506407842656715	1.3282615692383988	0.0008	0.3932872084323726	1.505427107602365	0.0655	0.42963718770305	1.4057508674837613	0.1076	0.621881384738354	1.329075200077584	-0.01275	0.8041405260999231	1.1719475175365157	0.0702	0.9161039356391262	0.9749794587774612	0.1076	0.32255116330514405	1.202835029741913	-0.01275	0.3461190987761164	0.9406748137842753	0.0702	0.3667795096478544	0.9283021004911948	0.1076
102	3.4095238095238094	0.6320992331296946	0.886349672186363	0.0301	0.7195172046629258	0.9128953825324839	0.0301	0.8685651484739632	0.5191260404818757	0.129	0.975949271279323	0.18461282476833837	0.023	0.9652259383090706	0.1413344672433977	0.2179	1.0310696776407864	0.14750085266933213	0.1804	0.9866548556750555	0.12744243065776162	-0.0119	0.5505317073200401	0.8527455353460823	0.0301	0.6646855378808676	0.5563190992390262	0.129	0.6649191925127101	0.5455038639209748	0.023	0.6869989783699718	0.4745586293417127	0.2179	0.6559660544437873	0.4392071245556915	0.1804	0.6614755984643285	0.5657712598739745	-0.0119	0.4545972552570913	1.329297145602496	0.0008	0.39478781251033207	1.5038978460350512	0.0655	0.4308615196263177	1.4079075235236649	0.1076	0.6240612441293691	1.3309967943822878	-0.01275	0.8029101476217633	1.1694495663088729	0.0702	0.9091992881561185	0.9744430509809242	0.1076	0.32605689870179466	1.205820631031703	-0.01275	0.3488823906275984	0.943775712556067	0.0702	0.3711609490740793	0.9209753943309724	0.1076
103	3.4429505135387486	0.6327345429801838	0.8880493817787415	0.0301	0.7193909331008005	0.9142202818877038	0.0301	0.8693031523974051	0.5175502751348586	0.129	0.9761776103286802	0.1857559414524477	0.023	0.9651893052517229	0.14060658324438202	0.2179	1.0314260087244393	0.144244104259461	0.1804	0.9862741919028972	0.1299604447160201	-0.0119	0.5531866028375683	0.8558076620285727	0.0301	0.6641477694866931	0.5586720836304134	0.129	0.664185107887575	0.5446321199911691	0.023	0.6832065596065983	0.4747897793973138	0.2179	0.6520638150873395	0.43723757888389775	0.1804	0.6609026294685519	0.5611534287924713	-0.0119	0.4583476295640629	1.3294655879774233	0.0008	0.39472569741501184	1.503322499721462	0.0655	0.4327043934892732	1.4084351082804882	0.1076	0.6285535633112009	1.3321584797865056	-0.01275	0.8044185651007889	1.1664702196770254	0.0702	0.9040650553779448	0.9754847995796859	0.1076	0.3293969430698096	1.2078692281490317	-0.01275	0.35204937728779234	0.9442930193418942	0.0702	0.37653186375462644	0.9170931074975034	0.1076
104	3.4763772175536882	0.633280749613411	0.8892955816282342	0.0301	0.719476704069674	0.9142134191759483	0.0301	0.869927480357807	0.5167421344455144	0.129	0.9754739712471805	0.1851168878972632	0.023	0.9647171345816896	0.13989788974461365	0.2179	1.0296770639923194	0.14171738985731988	0.1804	0.9861842107807741	0.12903625754646125	-0.0119	0.5549094295898234	0.8566301746024135	0.0301	0.6636989041215656	0.5584090373786098	0.129	0.6659890330994093	0.5379760116469174	0.023	0.6768441781235061	0.47970568460987756	0.2179	0.6457781926067645	0.4410786147168552	0.1804	0.6636429148951628	0.5481249411927555	-0.0119	0.4610376762967524	1.3292097601552098	0.0008	0.39511341619462587	1.501987648223437	0.0655	0.43427511444855177	1.4077845645784406	0.1076	0.6330696987892318	1.333574518904968	-0.01275	0.8077783067778749	1.1642044214968852	0.0702	0.9020284743636746	0.97710347976683	0.1076	0.3313886595347922	1.2085898388468272	-0.01275	0.35515028665007314	0.9436301876310037	0.0702	0.3814840007922379	0.9170602739857547	0.1076
105	3.5098039215686274	0.6337062808165098	0.891707090985892	0.0301	0.7194368143290595	0.9170407726378995	0.0301	0.8708937107386745	0.5164852731537667	0.129	0.9746499028272652	0.18409514124083098	0.023	0.9633996279225568	0.14018253949711929	0.2179	1.0269242352155357	0.14281648706430622	0.1804	0.9868989977126553	0.12824054954565256	-0.0119	0.5542917698549925	0.8590545748370411	0.0301	0.6623270559377034	0.5609200443324943	0.129	0.6678629924098466	0.5316014021198324	0.023	0.6686060289721418	0.4952063905840896	0.2179	0.6359374021227355	0.4608304066212666	0.1804	0.6672740252449144	0.53654547709175	-0.0119	0.4635138582197321	1.329500298068973	0.0008	0.397926453685293	1.4989372215661836	0.0655	0.43540723548718685	1.4078798183236478	0.1076	0.6365852670983464	1.3351451857890726	-0.01275	0.8104984670189997	1.164499360557551	0.0702	0.902288286531578	0.9780361377455351	0.1076	0.3329195837971462	1.2087773715377002	-0.01275	0.3573481874325322	0.9443221528109395	0.0702	0.3865248121706758	0.9144055773695487	0.1076
106	3.5432306255835666	0.6331996080291761	0.8941838888520021	0.0301	0.7189938674659844	0.9210564503931133	0.0301	0.870923030860392	0.5174303900939989	0.129	0.9749188361225791	0.18313570165955168	0.023	0.9618925130177238	0.14159317915839234	0.2179	1.0258366771942444	0.14602962063008104	0.1804	0.9883360068763201	0.12833160064896929	-0.0119	0.5527770153297331	0.8618675513024119	0.0301	0.6610008762407029	0.5653403098307499	0.129	0.6681942501682473	0.53143944283494	0.023	0.6611842857283141	0.5119857856050243	0.2179	0.6283322234729043	0.484525395768865	0.1804	0.6691558105960903	0.5345543834069699	-0.0119	0.46611143949106915	1.3302909130356109	0.0008	0.4021901421599537	1.495631740673619	0.0655	0.4372505004685867	1.4069197920264707	0.1076	0.6398217350493045	1.3359629243885756	-0.01275	0.8132223827246232	1.1650159327529992	0.0702	0.902152420815344	0.9780035614143072	0.1076	0.3349343361881719	1.209076231533632	-0.01275	0.35925184733090804	0.9452781468224702	0.0702	0.39262319650723987	0.9084733762682601	0.1076
107	3.576657329598506	0.6322284799137887	0.8957322990556973	0.0301	0.7182162266364553	0.9230935782480323	0.0301	0.868948863441349	0.5207273034962788	0.129	0.9757671641060512	0.18240565472230896	0.023	0.9610816819846678	0.14227256091548493	0.2179	1.0265735209187978	0.14841517405610874	0.1804	0.9895859703768082	0.1281220323597801	-0.0119	0.552792453748802	0.8627087644775994	0.0301	0.6612000015867703	0.5676279133297573	0.129	0.666949703016542	0.5411660455957124	0.023	0.6702234631864947	0.48714872387161423	0.2179	0.6416903368667415	0.46459323175665757	0.1804	0.6717858874506847	0.5379919600482083	-0.0119	0.46839733130226596	1.3308900832895216	0.0008	0.4054824465914803	1.4933717711028915	0.0655	0.44090328664704703	1.4027548425550238	0.1076	0.6438085152441346	1.3352327754298614	-0.01275	0.8177786591073041	1.1625617133146906	0.0702	0.9002139250724839	0.9773823241935821	0.1076	0.3370957339758117	1.2098194695498061	-0.01275	0.361557242633088	0.9459116020104814	0.0702	0.3992455993816223	0.9012227375063592	0.1076
108	3.6100840336134454	0.6324618664102085	0.8964899735967616	0.0301	0.717810794806455	0.9235019270592586	0.0301	0.8663386217663669	0.5256555227023061	0.129	0.9760358662488802	0.1829602846253279	0.023	0.9599979065559654	0.1405619764591214	0.2179	1.0273591234479709	0.14914055193560843	0.1804	0.9907738159210289	0.1277086806664652	-0.0119	0.554309022531184	0.8624838519438911	0.0301	0.6633968475730672	0.5673204505700409	0.129	0.6669592322439865	0.5549144046104774	0.023	0.7158545680487124	0.3795293383746335	0.2179	0.6913914470033414	0.3607024335503555	0.1804	0.6886088358748075	0.5134431557821955	-0.0119	0.47052424720819586	1.331281881379903	0.0008	0.4072019505426178	1.4916822292462881	0.0655	0.44557668603073264	1.398844593389025	0.1076	0.6478537662177098	1.333571796402021	-0.01275	0.8221634603988243	1.1589924911507294	0.0702	0.8976628572961958	0.9768686322713223	0.1076	0.33931698782696884	1.2118626925557159	-0.01275	0.3635744333569808	0.9491756181777923	0.0702	0.40541586558232245	0.8910939571835185	0.1076
109	3.6435107376283846	0.6340668136606817	0.896811627191321	0.0301	0.7182284769717369	0.9238143978036959	0.0301	0.8648998908770352	0.529754399797484	0.129	0.9757918339280456	0.1848531536165421	0.023	0.9573629302466037	0.13747914664430552	0.2179	1.0275758108985116	0.14869308066428777	0.1804	0.9923769790561691	0.12700283733585951	-0.0119	0.5556826258013473	0.8628801968166528	0.0301	0.6668832337673545	0.5666754100230142	0.129	0.6802712907702231	0.5401256130555432	0.023	0.786439515065691	0.22652569730960065	0.2179	0.7592077195361411	0.21256425570928272	0.1804	0.7358200142528255	0.4179584753209163	-0.0119	0.47308308349095046	1.3312434077342614	0.0008	0.40870660693516525	1.4894534269894875	0.0655	0.4491689484842988	1.399253405792762	0.1076	0.6504539343046323	1.3329962495817964	-0.01275	0.8231804101189207	1.1582601245794641	0.0702	0.8961301970863561	0.9769537148695596	0.1076	0.34213763302873357	1.2152982701405515	-0.01275	0.364628968539827	0.9556066591920181	0.0702	0.40892494544384156	0.8831988935528927	0.1076
110	3.676937441643324	0.636173337661407	0.8968793723360164	0.0301	0.7188774916382279	0.9241976004536443	0.0301	0.864193385317246	0.5310782632994308	0.129	0.9759284124666648	0.18578222837202465	0.023	0.9555862967787931	0.1364693009418954	0.2179	1.028471937469181	0.14731218216031197	0.1804	0.9935970155316829	0.12514514480016004	-0.0119	0.5569735809143255	0.8632767472162973	0.0301	0.6694048295015802	0.5675694515941669	0.129	0.7204423649272826	0.46032885770076004	0.023	0.8403094858172326	0.12315645843423313	0.2179	0.8057752869390054	0.11218543333016248	0.1804	0.7997236520309638	0.2831927149764296	-0.0119	0.4760183151061034	1.3295912385170106	0.0008	0.41088228787730746	1.4861925741876088	0.0655	0.45092098687845794	1.4015451435112751	0.1076	0.652159973111134	1.3340110522378656	-0.01275	0.8224847851284969	1.1603287069339394	0.0702	0.8958448502486145	0.9771638383222715	0.1076	0.3458610605061693	1.2185166096461724	-0.01275	0.36478274877744077	0.9611312517124924	0.0702	0.40666438253896825	0.8889682554207129	0.1076
111	3.710364145658263	0.6385978000584114	0.8965847728591723	0.0301	0.7191676301257606	0.924017098086073	0.0301	0.8630368237772039	0.5297485270695337	0.129	0.9764287102739628	0.1839493841093045	0.023	0.9579967361842561	0.13931793482145918	0.2179	1.0315329271260747	0.1452444227188199	0.1804	0.9930965956465017	0.12285381751689932	-0.0119	0.5589291413388524	0.862166653027947	0.0301	0.6687645526809144	0.5718675907369382	0.129	0.7752314614807213	0.3460397961309175	0.023	0.856954218568915	0.10866476760026432	0.2179	0.8180039102732839	0.09592185528060895	0.1804	0.8399677186232201	0.20755987889638464	-0.0119	0.47888660038778186	1.3265614922207822	0.0008	0.4133375898969502	1.4823114652644425	0.0655	0.4516978767664738	1.4011518707185298	0.1076	0.6546262715503282	1.3349371864437345	-0.01275	0.8238682263609782	1.1625461192148747	0.0702	0.8963197861199402	0.9767539247095837	0.1076	0.34972980991596136	1.2202764516593376	-0.01275	0.3643947405446299	0.9633364039833212	0.0702	0.40014104488483093	0.9064879614666416	0.1076
112	3.7437908496732026	0.6412058500515906	0.8955963318458451	0.0301	0.7193177494068346	0.92276695404262	0.0301	0.8618502601216741	0.5269895678665768	0.129	0.9763692186055453	0.1805922598520733	0.023	0.9627273174489268	0.14334227529731497	0.2179	1.035634428756547	0.14338926055702753	0.1804	0.9911188398375089	0.12225718155025529	-0.0119	0.5605630642459261	0.8599730715332339	0.0301	0.6654364533873365	0.5806869046144867	0.129	0.8116358630624053	0.27961324078115257	0.023	0.8518786594836676	0.14880102345770546	0.2179	0.8123629633165032	0.13342431564641266	0.1804	0.842422260826332	0.22317985474036967	-0.0119	0.48124305213013546	1.3248613218568783	0.0008	0.41555104580144003	1.4788729839759214	0.0655	0.4524150994005935	1.3981744496323751	0.1076	0.6577648599443002	1.3348718699264661	-0.01275	0.8271627824363702	1.1635391310672352	0.0702	0.8973209181114412	0.975893765465495	0.1076	0.3522388012870541	1.2209367016475232	-0.01275	0.36396643241207316	0.9636936290978371	0.0702	0.3955739393511978	0.92112433315493	0.1076
113	3.777217553688142	0.6431454361443955	0.8938998920997757	0.0301	0.7199308803083636	0.9210954838125608	0.0301	0.8616618995380597	0.5239642143058291	0.129	0.9754126772478694	0.17770269794022148	0.023	0.9664377168415746	0.14598884077675156	0.2179	1.0379986703054378	0.14285764426192085	0.1804	0.9890715240376007	0.12391544216879734	-0.0119	0.5607365791096225	0.8587017965171799	0.0301	0.661525365486831	0.5925371252223798	0.129	0.8149002518115069	0.2922480564749045	0.023	0.8412939716227872	0.20612684894777253	0.2179	0.8015841492019744	0.19124665565301788	0.1804	0.8269950705876477	0.2781042012255533	-0.0119	0.4826075493030845	1.3257677937261858	0.0008	0.417469927908404	1.476399034685687	0.0655	0.45385619711344194	1.3960262831671675	0.1076	0.6601111715280555	1.334235413212662	-0.01275	0.829831362338222	1.1633348276451572	0.0702	0.8985366757436521	0.9756988279297044	0.1076	0.3530536524305099	1.2214060143673793	-0.01275	0.3643127444634988	0.9634917554681952	0.0702	0.3956473304507816	0.9266123406735325	0.1076
114	3.810644257703081	0.6436746733362568	0.8928289568644141	0.0301	0.721526282459913	0.9206757255919794	0.0301	0.8624948243655165	0.5218396282899136	0.129	0.9743652727776063	0.17565963989031977	0.023	0.9697679304254261	0.14805263620035536	0.2179	1.0387544518664307	0.14322179618436437	0.1804	0.9874939895778767	0.12618198234003927	-0.0119	0.5603103013383609	0.8594722761805876	0.0301	0.6588371657664984	0.6030228448206497	0.129	0.7967378191657475	0.34760721484883583	0.023	0.8276320922427027	0.2589792891563032	0.2179	0.788847066770278	0.2461440319384693	0.1804	0.8097126564111312	0.3332970997736247	-0.0119	0.48316776457927074	1.3269324255309578	0.0008	0.41908967023537463	1.4743632777477773	0.0655	0.4562114543245175	1.3960072581234062	0.1076	0.6606605770301447	1.3332460459119022	-0.01275	0.8308951998053943	1.1624487856030081	0.0702	0.8991503086702516	0.9765943838612625	0.1076	0.3531172200502034	1.2220458870894664	-0.01275	0.36653332839577046	0.9622288049550811	0.0702	0.39772886277380637	0.9261853168974544	0.1076
115	3.8440709617180207	0.643172126454701	0.8938705382656816	0.0301	0.7238417346699199	0.9222086086280624	0.0301	0.8636756928077792	0.521667177122229	0.129	0.9741873345945843	0.17468225755130035	0.023	0.9728207766462466	0.1495625052180661	0.2179	1.0395997696619634	0.14261996262936327	0.1804	0.9863139416306405	0.12778834217656573	-0.0119	0.5604389526990121	0.8616291647243437	0.0301	0.658432307091257	0.6082171399062929	0.129	0.7761627569623972	0.3993683127330588	0.023	0.8149625787884412	0.2910562866274213	0.2179	0.7790844942248979	0.27918236350214226	0.1804	0.7953746555206714	0.3766482965076127	-0.0119	0.48362877145476457	1.3263188566063564	0.0008	0.42015278442738946	1.4724534174085069	0.0655	0.4580780975450632	1.3961582844158282	0.1076	0.6593882872927471	1.3319341111390524	-0.01275	0.8307137869748723	1.1616613501653572	0.0702	0.8983685030202317	0.9776573700189085	0.1076	0.3529187103249551	1.2224458480092144	-0.01275	0.37094557512897247	0.9595178146732057	0.0702	0.39939491080725714	0.9222269261162269	0.1076
116	3.87749766573296	0.6429579794503779	0.8962204392102374	0.0301	0.7258022583010404	0.9241864423916019	0.0301	0.8644278644558787	0.5237205012692818	0.129	0.9746416731217172	0.17583688704141737	0.023	0.9727186137848886	0.14849598012186951	0.2179	1.0399368396628461	0.14079057836805223	0.1804	0.9856420797331231	0.12905160020667591	-0.0119	0.5607498397459956	0.8636583450898617	0.0301	0.6590501621556183	0.6102696896294136	0.129	0.7650575588714136	0.424149174508839	0.023	0.8096777186271753	0.304528876003823	0.2179	0.7740980555316243	0.29317311730449197	0.1804	0.7870612188264243	0.3980332387569867	-0.0119	0.4842469048652218	1.3249843964313737	0.0008	0.4204826632226883	1.4709235837543633	0.0655	0.45808728812144583	1.3953063385551836	0.1076	0.6572488787761918	1.3307784027053804	-0.01275	0.8300467226430053	1.1618972781819688	0.0702	0.8963864355083214	0.9783297747203109	0.1076	0.35299507557748216	1.2223262131262966	-0.01275	0.3757734604268989	0.9575679818011266	0.0702	0.3995918344975082	0.9187623543029084	0.1076
117	3.910924369747899	0.6439182042517161	0.8979723426522143	0.0301	0.7269160102906376	0.9240852300390856	0.0301	0.8644147092014722	0.5267142212357141	0.129	0.9748215380601045	0.17897687775738366	0.023	0.9693439735150562	0.14502615576239677	0.2179	1.0388696943570566	0.1396632267807412	0.1804	0.9855230048373977	0.13064452952051195	-0.0119	0.5612447254597633	0.8640660764318678	0.0301	0.658305490571399	0.6145326079438821	0.129	0.761045594735594	0.4311873384490717	0.023	0.8104148101905622	0.31486507486759463	0.2179	0.7690426968412828	0.30718387365431066	0.1804	0.7829175666431006	0.4039407098586464	-0.0119	0.4849611884290216	1.3245509202736192	0.0008	0.4204232981414242	1.470010611357601	0.0655	0.4573768225412898	1.3941232006246433	0.1076	0.6559955018678095	1.3302458271476703	-0.01275	0.8296417957020894	1.1627691324458116	0.0702	0.893889701250677	0.9786722897702769	0.1076	0.35440209861566446	1.2216511315939107	-0.01275	0.37848884724747256	0.9591702114439147	0.0702	0.39919951781542456	0.9179332043027134	0.1076
118	3.9443510737628382	0.6455479863868736	0.8991875288319187	0.0301	0.7278995806170607	0.9212942381913175	0.0301	0.8642693481890031	0.5279125430099884	0.129	0.9747190167297768	0.1820398229316084	0.023	0.9665290646357285	0.14232859324589556	0.2179	1.037250315327337	0.14042432845698252	0.1804	0.9858320586284588	0.1323038290433153	-0.0119	0.5634801905585216	0.8625868679681333	0.0301	0.6567163300744729	0.6207790720901766	0.129	0.7561424948379443	0.4408639363507658	0.023	0.8125268330580463	0.32416732084728417	0.2179	0.7628580192105009	0.3245002225002738	0.1804	0.7791657976172203	0.408893119630709	-0.0119	0.48575332326764054	1.3241295007089224	0.0008	0.42061435772519445	1.4695098967216997	0.0655	0.45847691949139147	1.3920549508752946	0.1076	0.6567195996120125	1.3298091416405053	-0.01275	0.829253081675382	1.1621642525498963	0.0702	0.8905285739981618	0.9785473451441642	0.1076	0.35699817066995165	1.219613830614289	-0.01275	0.3791531297135836	0.9624458391562447	0.0702	0.40155565097855733	0.9133558424070048	0.1076
119	3.977777777777778	0.646751636344668	0.9008877750588995	0.0301	0.7296953138914956	0.9181933255213354	0.0301	0.8644963255795983	0.5263347396758808	0.129	0.9749071371990831	0.18329168936676865	0.023	0.9663391079260116	0.14237640473541183	0.2179	1.036035450898553	0.14234219214486452	0.1804	0.9862565989941615	0.1331724586345204	-0.0119	0.5677268881852506	0.8608284432485143	0.0301	0.6562834934064561	0.6246679990025337	0.129	0.7503637636400895	0.45325589706372144	0.023	0.8140466233026845	0.32592323493138275	0.2179	0.7599066182379778	0.3317178006700566	0.1804	0.777469125961797	0.41085734209725694	-0.0119	0.4866475444053504	1.3216246816771635	0.0008	0.4213044321583329	1.4682530810628678	0.0655	0.4618925303712172	1.3882395557132436	0.1076	0.6584439702692396	1.3287968376174673	-0.01275	0.8276789968653122	1.1594176991251468	0.0702	0.8857122081508859	0.9781635733498378	0.1076	0.3594912783487248	1.216325151023461	-0.01275	0.37987090001839807	0.9638984371326946	0.0702	0.4073220727573884	0.9028825356510749	0.1076
120	4.011204481792717	0.6473807790600259	0.9013618225918762	0.0301	0.7321221641471242	0.9170001533195234	0.0301	0.8647635127720622	0.5250994210176393	0.129	0.9752534924930985	0.1828359849990621	0.023	0.9674549408147062	0.1441447235049187	0.2179	1.0354681708742408	0.14413292495371047	0.1804	0.9866602600746832	0.13324111183306978	-0.0119	0.5713722548824003	0.8601033047642669	0.0301	0.6568339319800631	0.6248876563685609	0.129	0.7497639784356289	0.45296156804252596	0.023	0.8135785610918843	0.32269720145037806	0.2179	0.761271786135394	0.3246658689100677	0.1804	0.780279079105957	0.4025261758173967	-0.0119	0.4877018386642323	1.3178048495160872	0.0008	0.4219978918240577	1.4654485904429713	0.0655	0.4647824576666142	1.3847134801041194	0.1076	0.6598608378232498	1.32720817968678	-0.01275	0.8246646784715478	1.1555711168124945	0.0702	0.8806078378224458	0.9776980300802549	0.1076	0.36110695656620284	1.2142053082139688	-0.01275	0.38120751786435186	0.9640967745616665	0.0702	0.41362838140471936	0.8953078156779091	0.1076
121	4.044631185807656	0.648202178891049	0.8983839459962759	0.0301	0.7339885721316802	0.9171314742150596	0.0301	0.8650461086514528	0.5269425629566235	0.129	0.9750472403162737	0.1820748598766756	0.023	0.968892153158556	0.1460132606533631	0.2179	1.0357411281739668	0.14473892609954225	0.1804	0.9874498074227777	0.1331730086288268	-0.0119	0.5724113513205534	0.8598772737366204	0.0301	0.6575155687935725	0.6229308031714547	0.129	0.7558380867527488	0.4358113214403918	0.023	0.8107614041784718	0.31838447662063724	0.2179	0.7640773208117569	0.31223117520637983	0.1804	0.785367211974086	0.3882855702977754	-0.0119	0.48872244587309044	1.3154844090842273	0.0008	0.4217426805517985	1.462391556246988	0.0655	0.46413114202667166	1.3835866548017708	0.1076	0.6610800216416409	1.3248312670943607	-0.01275	0.8219519940365058	1.1505855103271705	0.0702	0.8768749479415272	0.9765926339283962	0.1076	0.36185642648159727	1.2140137200651193	-0.01275	0.38273850442488133	0.9644332453476149	0.0702	0.417983755722112	0.8957848884611046	0.1076
122	4.078057889822595	0.6494237576829607	0.8940854235679858	0.0301	0.7350679132766155	0.9170512972055972	0.0301	0.8654548206852775	0.5303690156318318	0.129	0.9740996071381561	0.18202825513332443	0.023	0.9712257585703192	0.14704147708116586	0.2179	1.0368954709823028	0.14315380271853684	0.1804	0.9885749704627266	0.1330284935784948	-0.0119	0.5720708350298417	0.8593390624711086	0.0301	0.6589300110982766	0.6194647672692115	0.129	0.7629315896870202	0.4159287798118023	0.023	0.8081794430323563	0.3120931729893609	0.2179	0.7665299338182426	0.30169643687317527	0.1804	0.7886533155287268	0.37819102900746443	-0.0119	0.48915486930991736	1.31508765903292	0.0008	0.4200605207831442	1.4610513010236326	0.0655	0.4607479273986692	1.3837125356377127	0.1076	0.6620668304944897	1.3215565477566682	-0.01275	0.8209935232522027	1.1441353387730957	0.0702	0.8739095649806692	0.9746329825463983	0.1076	0.3622807607269847	1.2128836311205755	-0.01275	0.3849230666367406	0.9638483596931203	0.0702	0.4185623728091724	0.9012218258347177	0.1076
123	4.111484593837535	0.6508119574600777	0.8918517209120372	0.0301	0.7362654812619726	0.9166185729490016	0.0301	0.8655908100051197	0.5330846082425031	0.129	0.973059445040531	0.18252991731969748	0.023	0.973188287856995	0.14618535262072316	0.2179	1.03779365530272	0.13961603312150514	0.1804	0.988941332640525	0.13253421540602975	-0.0119	0.5724224705085474	0.8584405011844931	0.0301	0.6616590500598003	0.6143435657981445	0.129	0.7670380587990118	0.4034143619639996	0.023	0.8097735487000292	0.30271699390516305	0.2179	0.7695609606327706	0.2924168871531552	0.1804	0.7887888104347333	0.3742889027498573	-0.0119	0.4885665208410999	1.3149738004889333	0.0008	0.4175093901875001	1.4617488051598988	0.0655	0.45782183701298174	1.383504310817654	0.1076	0.662242745946193	1.317984454166695	-0.01275	0.8209585296585162	1.1368934959306776	0.0702	0.8703012508645596	0.9717818429535199	0.1076	0.3631225819543416	1.209181182020992	-0.01275	0.38731096510257035	0.9616967722748847	0.0702	0.41579139520457387	0.9093861714317637	0.1076
124	4.144911297852474	0.6526213131077334	0.8911700871399931	0.0301	0.7375233951262621	0.9161689523998109	0.0301	0.8654280013192556	0.5351559983202104	0.129	0.9727022122864437	0.18351613837717443	0.023	0.9710508492309462	0.14324023555024837	0.2179	1.036580287661661	0.13689964742699604	0.1804	0.9879673103950429	0.1323742416668599	-0.0119	0.5739986184566181	0.857040769257544	0.0301	0.6657765174361969	0.6075329695602284	0.129	0.7726740211367193	0.38857885239582607	0.023	0.8184942067373456	0.28640889935892305	0.2179	0.775926888033019	0.27800001518530904	0.1804	0.7907111425737328	0.36360529591058177	-0.0119	0.48719486197154493	1.3141838083199644	0.0008	0.4150641117887526	1.4628702340644537	0.0655	0.45650194274350797	1.3823180576042775	0.1076	0.6615027510083612	1.3149549983311546	-0.01275	0.8206812736203081	1.129464873432557	0.0702	0.8670978418721725	0.9670524199394146	0.1076	0.3644001922188087	1.2051070917334419	-0.01275	0.3881485584646717	0.959121012004401	0.0702	0.4131771931871673	0.9193856422811933	0.1076
125	4.178338001867414	0.6548129179482971	0.8897360366351413	0.0301	0.7378371919833854	0.9151949710533301	0.0301	0.8651770418256294	0.5375512671219171	0.129	0.9729886084988275	0.18535412439664328	0.023	0.9652357327637685	0.1409748410285957	0.2179	1.0334958387159687	0.13772434382396662	0.1804	0.9863683309269716	0.13368483021196997	-0.0119	0.576295719631728	0.8545997114959035	0.0301	0.6715982018220414	0.5982992395462632	0.129	0.7854837232519576	0.35830570976293974	0.023	0.8339138793441266	0.2592962662368628	0.2179	0.7877122127557847	0.2516187558103297	0.1804	0.8018628173300875	0.3310573446023326	-0.0119	0.48586036349836703	1.3122539245170248	0.0008	0.4130698778313665	1.4626166406651695	0.0655	0.455405525387865	1.3790124021433534	0.1076	0.6597278533230672	1.3128278104511535	-0.01275	0.8202720969815475	1.121820159315706	0.0702	0.8660267400975595	0.9608238879947493	0.1076	0.36548971537002733	1.2023634387522046	-0.01275	0.3874355615863393	0.9555416623962331	0.0702	0.41275407825971744	0.9283308176135734	0.1076
126	4.211764705882353	0.6564336223788674	0.8877057201859622	0.0301	0.7367666547447327	0.9138503377796703	0.0301	0.8645576491340635	0.540121044149978	0.129	0.9733219400105197	0.18697896326776972	0.023	0.961892723147324	0.14183319430062716	0.2179	1.0312201778377	0.1411289084898235	0.1804	0.9851897794047353	0.13557720985316993	-0.0119	0.5787223245787707	0.8516324861778541	0.0301	0.6779105051004611	0.5870461137460482	0.129	0.8016787141097025	0.3175484003181153	0.023	0.8505759336436445	0.2274256597898625	0.2179	0.8026385815426089	0.21510870104645763	0.1804	0.8217821759720593	0.280876583059678	-0.0119	0.48530708352590785	1.308311525658157	0.0008	0.41081312198233627	1.4611382613539197	0.0655	0.45366935411904274	1.37359008302591	0.1076	0.6572690053575111	1.3107032054361085	-0.01275	0.8194802553329819	1.1138028903517525	0.0702	0.8661312719027405	0.9559525539200056	0.1076	0.36600093733709604	1.1993183511073502	-0.01275	0.38749620910467797	0.9489790838194337	0.0702	0.4135661538109931	0.9331052069177115	0.1076
127	4.245191409897292	0.6562565926681853	0.886598962707028	0.0301	0.7346612557816928	0.9132169165636014	0.0301	0.8633737221763008	0.5421439400501284	0.129	0.9735635234814516	0.18666233911371094	0.023	0.9638553723307766	0.14341934971799145	0.2179	1.0309796758010494	0.14401190217453974	0.1804	0.9850201658808189	0.13559823924650408	-0.0119	0.5804482094669143	0.8495398395550875	0.0301	0.6821181277299795	0.5779714269205504	0.129	0.8133203034558082	0.28429539814047083	0.023	0.8622195077903795	0.20288429093859786	0.2179	0.8150207132029386	0.18154982711332587	0.1804	0.8411554075740354	0.2346798875046489	-0.0119	0.48508581435121967	1.3024202871838517	0.0008	0.4071021160172148	1.4596179950437556	0.0655	0.4504652501026138	1.3675967208589106	0.1076	0.6550428580077368	1.3074299416468154	-0.01275	0.8179182598165603	1.1056068154661145	0.0702	0.8653559335261127	0.9538459646817706	0.1076	0.3657623141036169	1.1946977619220753	-0.01275	0.38949033338620587	0.9415617932475928	0.0702	0.4141704680470867	0.9341131045986232	0.1076
128	4.2786181139122315	0.654087624825084	0.886013773435282	0.0301	0.7322522848865192	0.9127086484176418	0.0301	0.8618358610506279	0.5438014649119896	0.129	0.9737279523950583	0.18540883541590242	0.023	0.9672952722457221	0.1435358605277872	0.2179	1.0311576245802592	0.14523532101919337	0.1804	0.9856678934474444	0.1336207170378556	-0.0119	0.5805826961615023	0.8482924716871096	0.0301	0.6838318138880531	0.5741853905725464	0.129	0.8192958889304968	0.2690557242470344	0.023	0.8679624782075808	0.1901898914945189	0.2179	0.8212687740092041	0.16292601284385733	0.1804	0.8515807254243887	0.21062739235528738	-0.0119	0.48345348376139136	1.2970787880622852	0.0008	0.40102632768746055	1.4575482985060215	0.0655	0.44133523525807505	1.3608063873571121	0.1076	0.6524946795937819	1.3033606668225926	-0.01275	0.8166308780155487	1.098491973533927	0.0702	0.8633635858068616	0.9528730465199331	0.1076	0.36483649193895307	1.1903739287335975	-0.01275	0.3916851422333068	0.9378644934282075	0.0702	0.41327142361058183	0.9358082013856723	0.1076
129	4.312044817927171	0.6514812139257191	0.8849190939791791	0.0301	0.7300538739583191	0.9110208856752586	0.0301	0.8604952750511146	0.5451850830852069	0.129	0.9738386826380603	0.1857734956400037	0.023	0.968576078749112	0.14392977768720486	0.2179	1.0305626465350195	0.14557976219601632	0.1804	0.986793553472986	0.1318576363604571	-0.0119	0.5791337325534616	0.8473577793346525	0.0301	0.684408939188043	0.5732481125053336	0.129	0.8224935790180097	0.2672715145972945	0.023	0.870039475663203	0.1846274937079697	0.2179	0.8216939531987828	0.15848476392388994	0.1804	0.8527693140859363	0.20850430662079153	-0.0119	0.47993584629031416	1.2946309964505185	0.0008	0.39268604874144475	1.454050676696133	0.0655	0.4231201352404382	1.352180181633586	0.1076	0.648732369905045	1.299399884634536	-0.01275	0.8160366745601125	1.0942350107435552	0.0702	0.8610638570883354	0.9513214838380866	0.1076	0.3636702917069083	1.188553083320483	-0.01275	0.3921450417806732	0.9384468374816871	0.0702	0.4101584260654637	0.9400077063130501	0.1076
130	4.34547152194211	0.6496112615934749	0.8841456214561847	0.0301	0.7280324440392185	0.9087038852959143	0.0301	0.8599525446006421	0.5453967230791618	0.129	0.9742009185301927	0.1878442869647992	0.023	0.9682573673453788	0.14483166763262165	0.2179	1.030082035044966	0.14553443801558558	0.1804	0.988393313455098	0.13108283517424185	-0.0119	0.5766408728731403	0.8474616159426173	0.0301	0.6832387854660504	0.5731695356225927	0.129	0.8229163753104461	0.26921387479561454	0.023	0.868680144111794	0.18138683851011117	0.2179	0.8184789939450071	0.1595716347369041	0.1804	0.8502679125454591	0.21444781848442945	-0.0119	0.47621416122151555	1.2943119253162851	0.0008	0.38360220379919574	1.4506716068719046	0.0655	0.40239615245276916	1.3437667070962434	0.1076	0.6451851198071483	1.2957731905887646	-0.01275	0.8146851319227486	1.0925500284915353	0.0702	0.8590693842945732	0.9499832589488709	0.1076	0.3621839473394687	1.1886456145888082	-0.01275	0.3913252391258977	0.9400563968484076	0.0702	0.4057733091491521	0.9433634912121257	0.1076
131	4.378898225957049	0.6479286414366855	0.8843519912740146	0.0301	0.7261292769462246	0.9068738854721019	0.0301	0.8595263437365033	0.5446185518366683	0.129	0.9745583084133361	0.18961947753013994	0.023	0.9686010232855451	0.14411654429540702	0.2179	1.0306626513244908	0.14524862114411213	0.1804	0.9897783497399341	0.13039517550703103	-0.0119	0.5735809506435722	0.8484782256465062	0.0301	0.679450153666519	0.5748329075372055	0.129	0.8201729016986482	0.2700921885787484	0.023	0.8640851333928808	0.1797276631005791	0.2179	0.814409754450285	0.1600762882520408	0.1804	0.8484876988824149	0.21797246452593885	-0.0119	0.4731480197421431	1.2943325987124616	0.0008	0.37547077424676967	1.44920936390356	0.0655	0.3884831874364305	1.3383998835338862	0.1076	0.6433449491836315	1.2932191723009012	-0.01275	0.8118253123669162	1.0916765582852859	0.0702	0.8576055168367825	0.9506962056989121	0.1076	0.3599352396924789	1.1883580169987475	-0.01275	0.3908255373126233	0.9402808444033863	0.0702	0.4021538284013179	0.9436814115436427	0.1076
132	4.412324929971989	0.6463185063652993	0.883884430720472	0.0301	0.7245169471887177	0.9057333433303628	0.0301	0.8576639185348881	0.544725701538735	0.129	0.9743380507887283	0.19000665515269705	0.023	0.9690564207301667	0.14201842022010128	0.2179	1.0316492870143412	0.14493877905559105	0.1804	0.9899680008817633	0.12956025993988762	-0.0119	0.5707821011063255	0.8482390247296376	0.0301	0.6756158621222309	0.5765913958001488	0.129	0.8174582975414618	0.26851308447965766	0.023	0.8593686583438188	0.1798084240307664	0.2179	0.8122110879300402	0.157735211670642	0.1804	0.849243097362822	0.21572720341300128	-0.0119	0.46990826314549733	1.2941273222365435	0.0008	0.3686978097230867	1.4486346194328228	0.0655	0.38099854752564505	1.3354507785694059	0.1076	0.6418059064411082	1.2926335772435666	-0.01275	0.8086207095596413	1.091556699555765	0.0702	0.8568809806287485	0.9525493870795642	0.1076	0.3578691678078834	1.1866787981152411	-0.01275	0.3907622965143069	0.9394102221165511	0.0702	0.4005021952314673	0.9423822372047225	0.1076
133	4.445751633986928	0.6452928824960678	0.8815501015812551	0.0301	0.7231074698765191	0.904894027070136	0.0301	0.8544621793098691	0.5467056129840974	0.129	0.973812152941871	0.1899336689593812	0.023	0.9663888471852529	0.14066288796127088	0.2179	1.0314385524877518	0.14472138620899047	0.1804	0.9896260561530698	0.12926488489408414	-0.0119	0.5690565226490916	0.8456335311159983	0.0301	0.6744945561505739	0.5761930920476526	0.129	0.8190075679782385	0.26112913538268157	0.023	0.8586704256761782	0.1778398715010307	0.2179	0.8137213884191086	0.15036455410088637	0.1804	0.8540251642263468	0.20404610561222522	-0.0119	0.4660384727344885	1.2935679170994414	0.0008	0.36259194121995375	1.4470472878090557	0.0655	0.37332002012139714	1.3323301492086579	0.1076	0.6384377556101037	1.293103868583717	-0.01275	0.8058301174897022	1.0935177492839914	0.0702	0.8565344206390763	0.9536007907420844	0.1076	0.3572925068716007	1.1841155398341192	-0.01275	0.3904211984184534	0.9383553854898795	0.0702	0.39992087451556796	0.9410697309244239	0.1076
134	4.4791783380018675	0.6441595379441549	0.879472860935337	0.0301	0.7214905751909702	0.9038229356336286	0.0301	0.8512037312762863	0.5499483507037461	0.129	0.973434665559957	0.19086682208308503	0.023	0.9611344693036052	0.1400835250850353	0.2179	1.0294575436196212	0.14459710552660482	0.1804	0.989960666829967	0.1307140251209998	-0.0119	0.5684348563225579	0.8426144459560452	0.0301	0.6749045086111884	0.5748727310242747	0.129	0.8227873024317384	0.25142958394849246	0.023	0.8640838852383301	0.16716004172853616	0.2179	0.8163986804032353	0.14204771822083828	0.1804	0.8594236419652291	0.18920673473439817	-0.0119	0.4620860589840578	1.2922172144290804	0.0008	0.3562281302359812	1.444333135268464	0.0655	0.36337411255226765	1.327621191092442	0.1076	0.6332513403266896	1.293203339741027	-0.01275	0.8019561191140886	1.0981969078296183	0.0702	0.8557174082883006	0.9549185233584275	0.1076	0.357431678559031	1.1813548354874013	-0.01275	0.3901953580064861	0.937012902170574	0.0702	0.398669647886165	0.9394477393711973	0.1076
135	4.512605042016807	0.6421657444500259	0.8799514746603148	0.0301	0.719663126151229	0.9025158918146995	0.0301	0.8484340745476899	0.5541341024723712	0.129	0.9726862208562159	0.19348713172472112	0.023	0.9578179499444828	0.13870337302359606	0.2179	1.026748772020027	0.14473628471764177	0.1804	0.9900068702748195	0.1350982488619845	-0.0119	0.5682368405783816	0.8412216595734258	0.0301	0.6741334011583925	0.574258114389087	0.129	0.8140703321515655	0.2704152264181723	0.023	0.8696691333442994	0.15625334040240643	0.2179	0.8057802193589179	0.16431605590816262	0.1804	0.8480249231051435	0.21291862361357278	-0.0119	0.4586982750825163	1.289741240714933	0.0008	0.3492974559081245	1.4409753483585488	0.0655	0.35415516373659467	1.3213953442856374	0.1076	0.6273956186520668	1.2929781991859826	-0.01275	0.7961581837553041	1.104554381782858	0.0702	0.8544023969366726	0.9574700022693613	0.1076	0.3565740074333366	1.179075829690813	-0.01275	0.3905034798214128	0.9351960405522955	0.0702	0.39647631446211634	0.9371139315197713	0.1076
136	4.546031746031746	0.6400403410636532	0.8819856976026963	0.0301	0.71801542986631	0.9022794402654795	0.0301	0.8470868290782005	0.5592736795386185	0.129	0.9704942743965608	0.19926717540433247	0.023	0.9574629927446254	0.13739180494464268	0.2179	1.023883690091941	0.14638323546105575	0.1804	0.9875347823503943	0.14289407244321883	-0.0119	0.5677825359162479	0.8415347758310113	0.0301	0.6714853648183169	0.5743814602177375	0.129	0.7774372034903178	0.3545949822157997	0.023	0.852912127302528	0.19191026209111195	0.2179	0.7639715445328993	0.25993761195640164	0.1804	0.8016325071086812	0.3221448367408337	-0.0119	0.45564573697327576	1.2868814281651872	0.0008	0.3424419487131282	1.4369430160262848	0.0655	0.34715209760564003	1.3149043889762178	0.1076	0.6217175852154296	1.2929033503157028	-0.01275	0.7909589026691898	1.1098952362768832	0.0702	0.8536740078097022	0.9590100215883074	0.1076	0.35448208574657547	1.177588712757771	-0.01275	0.39056529067599377	0.9339155669574396	0.0702	0.3945985149332505	0.9354010477312132	0.1076
137	4.579458450046685	0.6385545387505911	0.8841904887783237	0.0301	0.7163059306284253	0.9051953152082213	0.0301	0.8482244467898422	0.5652276131891691	0.129	0.9664903198975534	0.2114831190556243	0.023	0.9571899722760411	0.13835706674456755	0.2179	1.021440928769754	0.1504742777941939	0.1804	0.9819564808892379	0.15563372197810388	-0.0119	0.5667337032900016	0.8437674172120401	0.0301	0.6684700760482805	0.5750871328613429	0.129	0.7244290856605115	0.47745285552799865	0.023	0.794768620688531	0.3147619640340417	0.2179	0.7031526466553553	0.40187223578390213	0.1804	0.7380014463971198	0.4739791336620357	-0.0119	0.45219256389025086	1.2848469658158892	0.0008	0.3361984408482379	1.4325248921617997	0.0655	0.3410792252910521	1.310042621135597	0.1076	0.6167098814821885	1.2926018199406355	-0.01275	0.7882308558881261	1.1126380218527496	0.0702	0.8542027563850791	0.9584966515002119	0.1076	0.3523318262084951	1.1768401189659474	-0.01275	0.38992161369194606	0.9344519881632781	0.0702	0.39377025437065816	0.9345204142008074	0.1076
138	4.612885154061624	0.6373062927295321	0.8863817276043452	0.0301	0.713961739306471	0.9106420910435988	0.0301	0.8504022435641925	0.5724467556595785	0.129	0.9615470113060799	0.23255335114548636	0.023	0.9559903305529851	0.14065881099090735	0.2179	1.0220010670796567	0.1550365360228088	0.1804	0.9747472920494924	0.17629782826904503	-0.0119	0.5653157730899254	0.8477737437740369	0.0301	0.6669789727779334	0.576125735472933	0.129	0.6868793334234535	0.5625866426796639	0.023	0.7289622096360797	0.45036139232909556	0.2179	0.6696006454104593	0.48218868186854413	0.1804	0.7071626672068285	0.5437955539991818	-0.0119	0.44852355622853335	1.283208150367122	0.0008	0.3301071575309176	1.4281860373557214	0.0655	0.3356855606237869	1.3075743319928237	0.1076	0.6119921192505849	1.2912629771430344	-0.01275	0.7861313077282173	1.1144388153590516	0.0702	0.8549537303743634	0.9584437248549021	0.1076	0.3509067595347738	1.1767584239948308	-0.01275	0.38951967200917365	0.9360572041958546	0.0702	0.39385032779896406	0.930960052129907	0.1076
139	4.646311858076563	0.6356979898072823	0.8868669161802963	0.0301	0.7113497246375288	0.9140123186269171	0.0301	0.8508955832999292	0.581372120146836	0.129	0.9570676663532769	0.2612048070900751	0.023	0.9559919118601569	0.14246624659499274	0.2179	1.0257189272567777	0.15896153902439325	0.1804	0.9679890909318283	0.20439175339653404	-0.0119	0.5647065424579752	0.8505188566517965	0.0301	0.667248037100464	0.5768772131042929	0.129	0.6766138621511449	0.5829900046309289	0.023	0.7205010819491938	0.4566200353254151	0.2179	0.6850741314237163	0.45095577411472076	0.1804	0.7269883461129967	0.4912662753909903	-0.0119	0.44540198048193236	1.2804354555289776	0.0008	0.32369319701823984	1.423994525122608	0.0655	0.3319219577306391	1.3063373424352123	0.1076	0.6066810623100297	1.288714831580718	-0.01275	0.7827574030676212	1.1173331239246258	0.0702	0.8546373960402893	0.9597808074380378	0.1076	0.3498021380101383	1.1761993327788038	-0.01275	0.3900948824609063	0.9369264038126396	0.0702	0.3949467656764977	0.9231741656351611	0.1076
140	4.6797385620915035	0.6341106968685872	0.8845975806334025	0.0301	0.7093506485286425	0.9132042061773503	0.0301	0.8489317602196703	0.5915138653233228	0.129	0.9536223383412389	0.2931520271906914	0.023	0.9589921195930095	0.14527199340231925	0.2179	1.027367642116157	0.16644689934767415	0.1804	0.9630053067006596	0.23458371544642176	-0.0119	0.5652500788758328	0.849787447887428	0.0301	0.6674140825675515	0.5781068467919935	0.129	0.6794245418995684	0.5762621326307913	0.023	0.7709143497227924	0.3330348634098693	0.2179	0.71282910573953	0.3926210000044669	0.1804	0.7532482936530651	0.43095914451596723	-0.0119	0.44305006040790096	1.2765597621535227	0.0008	0.3174722243134268	1.4200129424320713	0.0655	0.3289672622822541	1.3039824120981196	0.1076	0.6014006345568801	1.2859630680271974	-0.01275	0.7786916953543418	1.1209725812084654	0.0702	0.8536964037111955	0.9599844760414651	0.1076	0.348738589631634	1.1731936051479623	-0.01275	0.3910264026732472	0.9365521218509191	0.0702	0.39682392289892443	0.9158992761183579	0.1076
141	4.713165266106443	0.6334588396210513	0.8830211063117085	0.0301	0.7083831088248658	0.9126669943418463	0.0301	0.8456109546400867	0.6012693472309983	0.129	0.9507105929683369	0.32359330038354894	0.023	0.9638272894912489	0.15308113205935392	0.2179	1.024052317702036	0.1821359856131537	0.1804	0.9601647525287863	0.2625123729337465	-0.0119	0.5653650980821726	0.8488500788704764	0.0301	0.665796496395204	0.5827883420463956	0.129	0.6847990708837991	0.5691225917712005	0.023	0.8180229391189103	0.22037468985395695	0.2179	0.7223097666558306	0.3741049187531329	0.1804	0.7451002225600203	0.4606428508751631	-0.0119	0.4412940816090349	1.2731227092744857	0.0008	0.31191582278591373	1.4166409627856424	0.0655	0.32525361597201935	1.299198884014784	0.1076	0.5979199388681331	1.2845994030304317	-0.01275	0.7754746310162967	1.1243075791092016	0.0702	0.8529016982313075	0.9589645981142007	0.1076	0.3481369350632257	1.1679369807178688	-0.01275	0.3920019631719134	0.935237426988578	0.0702	0.3987166367281522	0.9125848895457729	0.1076
142	4.746591970121382	0.6339180532186313	0.8862107072667749	0.0301	0.708517786465263	0.916558084135376	0.0301	0.8419036392394915	0.6090301833923761	0.129	0.9489238364329908	0.34716704895473594	0.023	0.9684551997924765	0.17038786157189487	0.2179	1.020210077674483	0.205791775696029	0.1804	0.9606719968872353	0.2851284317176221	-0.0119	0.5647739453380708	0.8518596495643616	0.0301	0.6636011225465978	0.59121872614545	0.129	0.6991883342049697	0.5422785223701012	0.023	0.8288518424598923	0.19268305753757659	0.2179	0.7351478704097201	0.3426488636171993	0.1804	0.718907383262161	0.532131339737783	-0.0119	0.43987755051539823	1.2709542583634967	0.0008	0.30647096736157475	1.4143025692216833	0.0655	0.3213531580543174	1.2941649002416953	0.1076	0.5960588328532661	1.2854249355476834	-0.01275	0.7741004460683044	1.1284436786411252	0.0702	0.8515432639625281	0.9609694966133708	0.1076	0.3479826333028244	1.1636575614300422	-0.01275	0.39431483613593904	0.9331395053328319	0.0702	0.4002650506038482	0.9112274209013385	0.1076
143	4.780018674136321	0.6352480550083757	0.8928180525552905	0.0301	0.7095530181943601	0.9227816868254638	0.0301	0.838306337179108	0.614564663856305	0.129	0.9507534525001831	0.35843938140178594	0.023	0.9719876730643692	0.19727148042672932	0.2179	1.0200896844471183	0.23262390619439266	0.1804	0.9664887861151359	0.29753448501852503	-0.0119	0.5655995155280061	0.8578304972606745	0.0301	0.6639829355093729	0.597275132489954	0.129	0.7249115222787674	0.4849059330588793	0.023	0.8223624235090009	0.20825154694949743	0.2179	0.7587108565871756	0.2845643844954621	0.1804	0.7041477797080415	0.5701888773762366	-0.0119	0.43862729186111676	1.2696319260163489	0.0008	0.30096178229274734	1.4127370475734575	0.0655	0.31873548317116646	1.2915845250378009	0.1076	0.5937846540094972	1.2876078974301892	-0.01275	0.7744983083397663	1.136094595479118	0.0702	0.8483167189925279	0.968852004620545	0.1076	0.347920674947407	1.1629846692543009	-0.01275	0.39901128614659703	0.9306322329841655	0.0702	0.4018063815826597	0.9107338981787693	0.1076
144	4.81344537815126	0.6379848746161924	0.8978883202910093	0.0301	0.7114911469033474	0.9267535327304702	0.0301	0.8357665481814011	0.6174207384054682	0.129	0.9576617236992397	0.3570414288259494	0.023	0.9717830022850137	0.2262571502493642	0.2179	1.020669965185535	0.2560550592773203	0.1804	0.9774239431134149	0.29840283509206206	-0.0119	0.5691829426312375	0.8632310332271211	0.0301	0.6685120529219493	0.5947608278649319	0.129	0.7390016959183463	0.4515735516193987	0.023	0.8218925474719012	0.21624479258155999	0.2179	0.7570687339034325	0.2905835081316639	0.1804	0.7003937361476954	0.5784560273196659	-0.0119	0.4374199876932451	1.2685793753220327	0.0008	0.29649595982251203	1.410832554921636	0.0655	0.3177478198779927	1.2898775877922493	0.1076	0.5900277005691528	1.2895618987643938	-0.01275	0.7758008021843817	1.1476324907430022	0.0702	0.8421534131527765	0.9806173043325138	0.1076	0.34846489456325513	1.1654155528497232	-0.01275	0.4047236560082761	0.9296802139934964	0.0702	0.4042541138746463	0.91171265692452	0.1076
145	4.8468720821661995	0.6427961350695257	0.8994978136424684	0.0301	0.7150138221869008	0.9270959660661554	0.0301	0.8346099220451716	0.6163864721341976	0.129	0.9682826409775178	0.34903505105615057	0.023	0.9637764015611779	0.24895765123961558	0.2179	1.0158913389283375	0.27270327693246216	0.1804	0.9911257877132725	0.29329488575146406	-0.0119	0.5747721824833438	0.8667094678010807	0.0301	0.6755757952199523	0.5856495323976683	0.129	0.7234536049914864	0.4886909723500231	0.023	0.8290145082196516	0.21103313895953887	0.2179	0.72182548894547	0.3815589151537682	0.1804	0.6972203636590876	0.5844213559271119	-0.0119	0.43662171684314355	1.2676265163430425	0.0008	0.2936839827867601	1.407629724926138	0.0655	0.31792507501207384	1.28577781743114	0.1076	0.5857684104480873	1.2905291504091079	-0.01275	0.7770777595721934	1.159139129676655	0.0702	0.8323989631006806	0.9919060721069644	0.1076	0.3506541374289629	1.1690635983012363	-0.01275	0.4093119942564442	0.9328207549035341	0.0702	0.40831223820762574	0.911854773950359	0.1076
146	4.880298786181139	0.6484334092825228	0.899877427289949	0.0301	0.7198129645926744	0.9256699685564919	0.0301	0.8338847847768927	0.6119943069262876	0.129	0.9798547765487202	0.3401157926911517	0.023	0.9491428289755138	0.2616229595762133	0.2179	1.0061453803252514	0.28231756151670995	0.1804	1.0050525047950032	0.2878564390255543	-0.0119	0.5801504702631325	0.8687099210680707	0.0301	0.6816565306543184	0.5787606438172987	0.129	0.6974308987291411	0.5528870897624076	0.023	0.8250211027569629	0.23071395433298453	0.2179	0.6872610143203899	0.47218508469867493	0.1804	0.6925642134071283	0.5930850445219384	-0.0119	0.4378304339692029	1.2666662860973095	0.0008	0.2920161424732002	1.403455752326454	0.0655	0.31896535194945214	1.2791424980509383	0.1076	0.5839719376298231	1.2910519921305976	-0.01275	0.7779346651121214	1.1659005438206287	0.0702	0.819708421558319	1.0002618321923469	0.1076	0.354640042301308	1.1723051419844814	-0.01275	0.41286699958618867	0.9388832619524792	0.0702	0.4144455726723788	0.9085141789817097	0.1076
147	4.913725490196079	0.6523831838203804	0.9005428441790572	0.0301	0.723986876462218	0.9242204078319405	0.0301	0.8340072392170139	0.6066096941451969	0.129	0.9897242613013777	0.33211349677851926	0.023	0.9354964160744621	0.26524387630705654	0.2179	0.9987240693783648	0.284843386938806	0.1804	1.0160814125104032	0.284121956258018	-0.0119	0.5831181160124772	0.8694954214587304	0.0301	0.6841963427667989	0.5802707355808028	0.129	0.6843553688617036	0.5878308819348523	0.023	0.7885913352101078	0.32042715474288563	0.2179	0.6728154783281903	0.5127136188190777	0.1804	0.688204623709042	0.6003197209200852	-0.0119	0.44200786438412176	1.2654946959948543	0.0008	0.29140008060042083	1.3994934852082601	0.0655	0.32113224123153405	1.2722428016355913	0.1076	0.5869908411559737	1.2920358470662208	-0.01275	0.7788073955239158	1.166925939187398	0.0702	0.8065131353450653	1.0056295458945685	0.1076	0.3597483530944569	1.1736125037773968	-0.01275	0.4173224655085651	0.9435897280873871	0.0702	0.42369345845678835	0.9041250942446786	0.1076
148	4.947152194211018	0.6544487039530096	0.900997005054748	0.0301	0.72678719090883	0.9236004222430986	0.0301	0.8365935147203766	0.6022040667515864	0.129	0.995807304351414	0.3268504353453425	0.023	0.9293555974633861	0.2657911890434924	0.2179	0.9971832400314958	0.28350333742483225	0.1804	1.0213580260980344	0.2834230454998729	-0.0119	0.5843296889858814	0.8696640619701849	0.0301	0.6835478450673671	0.5877933718264363	0.129	0.6828037560523317	0.5948925451686188	0.023	0.7298183075114613	0.4552505996959903	0.2179	0.6696500031504405	0.5211723887786083	0.1804	0.6855540979971125	0.6033799969328671	-0.0119	0.4474515744740648	1.2642139002090453	0.0008	0.2921742269327991	1.396342716486323	0.0655	0.3243972621302407	1.2674647253917435	0.1076	0.5931132426536598	1.293282648346938	-0.01275	0.7801937674183286	1.1646503467866127	0.0702	0.795232811646956	1.0074841069671834	0.1076	0.36604602799476754	1.1726647416906588	-0.01275	0.4244716508452901	0.9456607080380824	0.0702	0.43658922434315545	0.9034302395703582	0.1076
149	4.980578898225957	0.6569396692577542	0.9019615765680464	0.0301	0.7293437754716671	0.9247864444850078	0.0301	0.8405293037910953	0.5995473474390067	0.129	0.9976384616282542	0.32625385218823055	0.023	0.9306527280293406	0.268786144578084	0.2179	0.998187266628775	0.28373331444349537	0.1804	1.0219687636026091	0.2858093747815761	-0.0119	0.5867163811387348	0.8708318290254361	0.0301	0.681714028163077	0.5958929400757299	0.129	0.6842522526140862	0.5947229484429034	0.023	0.6873717987461104	0.5513029376182402	0.2179	0.6692749702135278	0.5199425075139067	0.1804	0.6846435846638519	0.6030117309033975	-0.0119	0.4521405578839843	1.263436718741621	0.0008	0.29421161691088793	1.3940866395257774	0.0655	0.3285064787381474	1.2658012721649372	0.1076	0.598990368284716	1.2936905061008241	-0.01275	0.7816198627479903	1.1609696848894113	0.0702	0.7846722197169034	1.0059464194920034	0.1076	0.37427235253473906	1.171489005579124	-0.01275	0.4352200097543387	0.9478584370245746	0.0702	0.4511285614653607	0.9077598961525872	0.1076
150	5.014005602240896	0.6609693457108897	0.9049271280748733	0.0301	0.732155134527897	0.9275198652315765	0.0301	0.8430154619118424	0.5986948465598805	0.129	0.9971816751414563	0.328510106876305	0.023	0.934905330627972	0.272908735941613	0.2179	0.9989984303078167	0.2867622729893577	0.1804	1.0223295413418083	0.28766396444922177	-0.0119	0.5913440739277681	0.8739817688081206	0.0301	0.680801828187997	0.6019984036790174	0.129	0.6864644374471555	0.595283309999984	0.023	0.6780865953179115	0.5768281628496162	0.2179	0.6725595035454784	0.5162142826337212	0.1804	0.6853431956655354	0.6025774953291332	-0.0119	0.45673863880210497	1.2639087041697423	0.0008	0.29665196961524937	1.3930058958596994	0.0655	0.33387036291286015	1.2657132927640176	0.1076	0.6041479922903092	1.292960081315476	-0.01275	0.7816544183403944	1.1548448622666467	0.0702	0.7701726264257545	1.003565784041634	0.1076	0.3836728505442741	1.1725993947010502	-0.01275	0.4492144802184116	0.9521004924357039	0.0702	0.4634790876682788	0.9161425819435078	0.1076
151	5.0474323062558355	0.6653931529320855	0.9092941816978669	0.0301	0.7348762568660503	0.9300597491794383	0.0301	0.8442156892807194	0.5992184215966242	0.129	0.9968845269043907	0.3301683675478616	0.023	0.9383822176770004	0.2745359739081097	0.2179	0.9988960317705627	0.2896738309004498	0.1804	1.0247200755619787	0.28598622774250193	-0.0119	0.5968489240990114	0.8780459245458537	0.0301	0.6826784708279858	0.6045184384868293	0.129	0.68929453004378	0.596381292494014	0.023	0.6837716509097174	0.5716644294703888	0.2179	0.6802108436563349	0.51100932299492	0.1804	0.6886069932570471	0.6031715240009027	-0.0119	0.4628273503645549	1.26610161987202	0.0008	0.29837846198154133	1.3928581641095994	0.0655	0.3405655042957999	1.2653304048588527	0.1076	0.6100401399456693	1.2917029006211191	-0.01275	0.7787018450182458	1.1441671444569563	0.0702	0.7500178948554156	1.0024550672733106	0.1076	0.3922098382553245	1.1771208487374176	-0.01275	0.4646891434071212	0.9583238826977247	0.0702	0.4714043624925883	0.9268679192762908	0.1076
152	5.080859010270775	0.6693384079497076	0.9136051643019957	0.0301	0.7379036404620367	0.9322034435230855	0.0301	0.8460359989465032	0.6006151713129126	0.129	0.997490457949953	0.3302015466894655	0.023	0.9395731337386742	0.27388725766739574	0.2179	0.9948177307422135	0.28909872288238564	0.1804	1.0276329603127092	0.28289340087749437	-0.0119	0.6024160532883484	0.8816453484816126	0.0301	0.6875681303887367	0.6023113559325416	0.129	0.6910182060176209	0.5988152280135116	0.023	0.6858719251557029	0.5718378907966107	0.2179	0.6876259393537274	0.5066041058728311	0.1804	0.6934522777072968	0.6050431911773466	-0.0119	0.4691016879939057	1.2697243568542178	0.0008	0.299657242256793	1.392769668143447	0.0655	0.3474589250729178	1.265102913010974	0.1076	0.6163243703811441	1.2905240992223106	-0.01275	0.7727817837232566	1.1296707579583734	0.0702	0.7279744243979056	1.003511036054736	0.1076	0.3992154510167439	1.1845962873512188	-0.01275	0.479398428127034	0.9671792740585843	0.0702	0.4763946495655987	0.9368332707879248	0.1076
153	5.114285714285714	0.6735926862323093	0.9183838896106487	0.0301	0.7416856539641421	0.9356390608170868	0.0301	0.8482585642833278	0.6027725994950488	0.129	0.9984369056804662	0.3293534370038283	0.023	0.9368909833007408	0.2720050655109349	0.2179	0.9821447231861159	0.2833786434908234	0.1804	1.0292546438681438	0.28165552722700393	-0.0119	0.6087600355562308	0.8850747475201255	0.0301	0.6933975376245222	0.5979576956469875	0.129	0.6899063391436147	0.6080965871281021	0.023	0.6844150634336544	0.5762849330316181	0.2179	0.6883723563903571	0.5121518946777928	0.1804	0.6966245508036651	0.6129527835884602	-0.0119	0.47283556985285685	1.2734611157549436	0.0008	0.3015280469835237	1.392309570049599	0.0655	0.3532115203687778	1.265816116111985	0.1076	0.6204583632919565	1.2896628971176674	-0.01275	0.766342376872505	1.1156392017551708	0.0702	0.707749280562359	1.0063841340587698	0.1076	0.4057229882111116	1.19311809356266	-0.01275	0.4921457470910543	0.9789118669461945	0.0702	0.48232325122608344	0.9453655466671735	0.1076
154	5.147712418300653	0.6792790807135374	0.9248485738931899	0.0301	0.7459133177493654	0.9404133916363581	0.0301	0.8495655833250809	0.6052633638051258	0.129	0.9989235872157115	0.3286682742436619	0.023	0.9303602501343677	0.2678082822198649	0.2179	0.9619934272859778	0.274190759367704	0.1804	1.0295775488751004	0.2821961394638439	-0.0119	0.6167011298028693	0.8890587105107405	0.0301	0.6982377474239487	0.5963718670240902	0.129	0.6902770348933163	0.621124717020138	0.023	0.6959408187255277	0.551973852665296	0.2179	0.6831962856834983	0.5284968954139062	0.1804	0.7005706396579101	0.6256031664947183	-0.0119	0.4744179573577294	1.2760539978500334	0.0008	0.30342337741341574	1.391601829718682	0.0655	0.35723063756706197	1.26661208387234	0.1076	0.6206441500559823	1.2887013688219418	-0.01275	0.7614000042663545	1.10615995498956	0.0702	0.690831464300817	1.0080836093959649	0.1076	0.41305458350348506	1.2007821652871509	-0.01275	0.5034601722062421	0.9903844231350715	0.0702	0.49215132074148715	0.9550462645827988	0.1076
155	5.181139122315593	0.6864315569867474	0.9317049155160696	0.0301	0.7504032791076879	0.943755290498572	0.0301	0.8496365694350868	0.6073419473712266	0.129	0.9986450004101971	0.32887566117554085	0.023	0.9242657276428881	0.26188273884657265	0.2179	0.94380302463557	0.26587327654449916	0.1804	1.0296269427526428	0.2829056497946387	-0.0119	0.6257261767902447	0.8931863151204448	0.0301	0.7029999587519633	0.5983746239603572	0.129	0.7076729536806292	0.6019986294472763	0.023	0.7372389695072328	0.46066718611900204	0.2179	0.6886069922249374	0.5181094549788937	0.1804	0.7217299506246839	0.6061541295601497	-0.0119	0.4761122177988581	1.2772009427217268	0.0008	0.3041397248624459	1.3910552020221811	0.0655	0.35979914969503873	1.2664866033007363	0.1076	0.6168732502686486	1.2870086168884305	-0.01275	0.7547115437609246	1.1022704068352962	0.0702	0.6781188161263133	1.0062975434985382	0.1076	0.42167362552265264	1.2069114554942904	-0.01275	0.514681719956145	0.9979436724214706	0.0702	0.506813499919048	0.9623632114688621	0.1076
156	5.214565826330532	0.6942499480634451	0.9365016144116756	0.0301	0.7550719569555442	0.9437406604690799	0.0301	0.848925533485714	0.6092027098385696	0.129	0.9980349040399437	0.3296576735891282	0.023	0.9217954794429981	0.2572515954998766	0.2179	0.9353931423058854	0.26154971034692864	0.1804	1.0303604695679285	0.2832136897943909	-0.0119	0.6345691287441538	0.8968887890160058	0.0301	0.7095242528066057	0.6007798404680482	0.129	0.7553094797170237	0.5080880903046917	0.023	0.794262751203641	0.32464910450955065	0.2179	0.7243663967364146	0.43206663199827927	0.1804	0.7761296267519678	0.5046041683454074	-0.0119	0.4780207144531222	1.2771544116076208	0.0008	0.3038116262138481	1.3910611882548856	0.0655	0.3615602713455291	1.2647732563735659	0.1076	0.6089783943435713	1.2844408524955278	-0.01275	0.7377783843538478	1.1021578281192965	0.0702	0.6674301309045251	1.0014161081864659	0.1076	0.43046393676984634	1.2112392377774854	-0.01275	0.5265358698719632	1.003115974108975	0.0702	0.5267508461654088	0.9542819092406573	0.1076
157	5.2479925303454715	0.701843080345013	0.9391489424494398	0.0301	0.7589596942846274	0.9422205246790707	0.0301	0.8481936253540018	0.611360616401904	0.129	0.9973300871286191	0.33032222949686213	0.023	0.9216703542273725	0.2548375801202014	0.2179	0.9343874389720767	0.26037413128595854	0.1804	1.0319374261752816	0.283660426729266	-0.0119	0.6432382264966768	0.9006285209913596	0.0301	0.7169368075815951	0.6025922966445018	0.129	0.8170018413323166	0.3710224867940341	0.023	0.8294798758304628	0.22377640173656108	0.2179	0.7793868502577288	0.29742259416287514	0.1804	0.847789523077617	0.35150478926489664	-0.0119	0.478727975032977	1.2765844678548899	0.0008	0.3030396913305469	1.3911529562947633	0.0655	0.3621861942866346	1.2615921115328075	0.1076	0.5960875981681371	1.28129811189909	-0.01275	0.7079007785837045	1.1018529002320463	0.0702	0.6549495225250214	0.992077320011605	0.1076	0.43873825189251303	1.2139136729415694	-0.01275	0.5393731135165399	1.01025974581542	0.0702	0.5502645330593614	0.9250445114148916	0.1076
158	5.281419234360411	0.7082604819589412	0.9409796487871802	0.0301	0.7610364797002078	0.9420565591671546	0.0301	0.8480276877385157	0.6131870815986352	0.129	0.9962818357062876	0.330732976305773	0.023	0.9220015245812211	0.253065254755391	0.2179	0.9339440945839338	0.2596429274645297	0.1804	1.033669320904885	0.28467676810585213	-0.0119	0.6524313191843202	0.904885649676914	0.0301	0.7233724291531373	0.6051189512395485	0.129	0.8589383176076003	0.279204183411723	0.023	0.8295062931445879	0.19421676814990485	0.2179	0.816932159134883	0.2032129305701882	0.1804	0.9018217301387332	0.24552158152225068	-0.0119	0.47792666165317443	1.2767744037739484	0.0008	0.3016713599986716	1.390141433587955	0.0655	0.36020375966404067	1.259922960091471	0.1076	0.5797191517704544	1.2788730927114416	-0.01275	0.6773140763781286	1.0985124422279742	0.0702	0.6429233030579097	0.9742559366943382	0.1076	0.4478102820385972	1.2164030695250607	-0.01275	0.553979312282372	1.019327622743863	0.0702	0.5704187800836801	0.8892010498357904	0.1076
159	5.31484593837535	0.7128104861311538	0.9420983515137384	0.0301	0.7617788298154415	0.9432378520107649	0.0301	0.8486062035070655	0.6140143220998264	0.129	0.9951784187497952	0.33094345729707464	0.023	0.9219130618497879	0.2511817185167708	0.2179	0.9325184883755548	0.2588505056128173	0.1804	1.0346500861387078	0.28589020835355045	-0.0119	0.6616729425800563	0.9086538758417002	0.0301	0.7296460294042453	0.6076972678463856	0.129	0.8719360609237411	0.26138936743941377	0.023	0.813672352949245	0.20136172354149948	0.2179	0.8237945883586453	0.1816008617505989	0.1804	0.9291999391215597	0.22182298563635575	-0.0119	0.4763047617213467	1.2788925680360046	0.0008	0.2996139608991331	1.388266413330424	0.0655	0.35525474394534207	1.2629196292780316	0.1076	0.5649517351205573	1.2787449506744764	-0.01275	0.6613205734462201	1.0942080975707278	0.0702	0.6379425880712126	0.9502498035150642	0.1076	0.4580337199235744	1.2199709171232924	-0.01275	0.5700930157146937	1.0265079927384058	0.0702	0.5780092018672177	0.8666012198612029	0.1076
160	5.348272642390289	0.7153714284961644	0.9411520698545063	0.0301	0.761741280555792	0.9429800217720378	0.0301	0.8496225702437505	0.6145443924838311	0.129	0.994466299175051	0.3310947477639743	0.023	0.9220108881273082	0.25003286747150344	0.2179	0.9331041042965874	0.259605610565054	0.1804	1.0344215411369406	0.2871745400789272	-0.0119	0.6704006172392912	0.9096584626815608	0.0301	0.7381471868917279	0.6074198494979312	0.129	0.872297045928069	0.275228702094916	0.023	0.8028421448998988	0.20850966268178522	0.2179	0.8178533782796542	0.19225934225607852	0.1804	0.9422985268661737	0.23659182901305553	-0.0119	0.4736117438809602	1.2819315727849456	0.0008	0.2976683825509147	1.388555827010089	0.0655	0.3487735898335366	1.26895615432459	0.1076	0.5539094633020338	1.2790410302109159	-0.01275	0.6590265150190796	1.0911251706039358	0.0702	0.6389897659849345	0.931220553932684	0.1076	0.4675332113018034	1.2237713308287654	-0.01275	0.5851120975537921	1.0297919428363138	0.0702	0.5693993810179715	0.8616108732461267	0.1076
161	5.381699346405228	0.7159301071025465	0.9362278686147205	0.0301	0.7593562762627099	0.938234069563311	0.0301	0.850099295404242	0.6149963048754962	0.129	0.9939787621788059	0.3317328966477071	0.023	0.9235075695855404	0.25057808965589784	0.2179	0.9341532894133631	0.2612133123404657	0.1804	1.0333293979361415	0.2887308051338321	-0.0119	0.6793090270465566	0.9065974110289847	0.0301	0.7489554594688808	0.6032141461274464	0.129	0.8723110784714316	0.28539327492845895	0.023	0.8001786313276731	0.20856069288667875	0.2179	0.813999935011074	0.20051113740149515	0.1804	0.9467156703150723	0.2504287968437893	-0.0119	0.46893148062250833	1.2824824293042474	0.0008	0.29687394966873276	1.393707539906121	0.0655	0.34179996797527545	1.2741359106131187	0.1076	0.5421764280305946	1.2744147639627863	-0.01275	0.6535333108064908	1.083782216512167	0.0702	0.6309478521997665	0.9203370883193956	0.1076	0.4751491112773302	1.226503235274486	-0.01275	0.5963881424929838	1.030783275172967	0.0702	0.5532199330453395	0.8646971248676424	0.1076
162	5.415126050420168	0.7149964957897521	0.9268355060072117	0.0301	0.7522635432458894	0.9288524659346143	0.0301	0.8491973329169542	0.6140734576844021	0.129	0.9938115984412714	0.33316398889261445	0.023	0.9247921175602177	0.25200081530352897	0.2179	0.9246237809990315	0.25829347520148443	0.1804	1.0325849082925893	0.2899475854064826	-0.0119	0.6893600678430009	0.9019896152308854	0.0301	0.760203655786218	0.597907661659489	0.129	0.8735538365501752	0.28655110969659514	0.023	0.796620735205778	0.20587284468008998	0.2179	0.8132079888346859	0.20136551875048778	0.1804	0.9429389157303453	0.25126039312663223	-0.0119	0.46355003161511377	1.2789455514799521	0.0008	0.29757630355884	1.4026195904702026	0.0655	0.3351995214006521	1.2775700954999532	0.1076	0.5258998995988629	1.26217814359379	-0.01275	0.6317013764979196	1.064139170681838	0.0702	0.5973381835341882	0.9062207357726967	0.1076	0.48156394133835806	1.228710908894133	-0.01275	0.6050516564574941	1.034323517735149	0.0702	0.5507223843365371	0.8705019578074786	0.1076
163	5.448552754435108	0.7138903792231608	0.9147748885363869	0.0301	0.7403442029290401	0.9172855434911829	0.0301	0.8470641399511625	0.6118908591553736	0.129	0.9942002239591428	0.33470649365574373	0.023	0.9220066207791557	0.25091252858192425	0.2179	0.8982085075016695	0.24733657706501	0.1804	1.0335711076817848	0.2902447276739933	-0.0119	0.7006328962621056	0.8994292301584056	0.0301	0.7725024563254375	0.5950091085160247	0.129	0.876900403026261	0.28377967601695964	0.023	0.7907471172420688	0.2021820054916549	0.2179	0.8134338685357252	0.19824866490190152	0.1804	0.9363047665152615	0.24207405428150552	-0.0119	0.46016043919353466	1.2741080989853517	0.0008	0.29873091426224596	1.4115575490414582	0.0655	0.3304555526660257	1.2805669619596165	0.1076	0.5075114748977021	1.2460613348519032	-0.01275	0.599331042617825	1.0350337870154882	0.0702	0.5441283156538229	0.8842231632481345	0.1076	0.4879666508257107	1.2315606720481767	-0.01275	0.6160952419600979	1.0431531974128274	0.0702	0.5778240966378032	0.8823902678884463	0.1076
164	5.481979458450047	0.7129284183430363	0.9016986827419754	0.0301	0.7261974730822346	0.9043085564374221	0.0301	0.8442939112969535	0.6097561092011213	0.129	0.9949713975057225	0.3350244314079141	0.023	0.90925522159443	0.24312399906082763	0.2179	0.871305465775997	0.23460110865830333	0.1804	1.0364778158018155	0.29003089983384733	-0.0119	0.7116420068534819	0.8974714612749759	0.0301	0.7873124226161173	0.5945634450389067	0.129	0.8862550644169824	0.28206154990238075	0.023	0.7907025717726464	0.19719971787978716	0.2179	0.8153828207191653	0.19226903002907966	0.1804	0.9357747681991657	0.23454307604577845	-0.0119	0.45843111696260497	1.2712846293161146	0.0008	0.2987971482048627	1.4172191210633542	0.0655	0.32707740027538273	1.2835796235375696	0.1076	0.492760047219592	1.2324008984652732	-0.01275	0.5713846516919813	1.009490909202806	0.0702	0.4956081742556151	0.8655463465579817	0.1076	0.49511098152260985	1.2353398876452373	-0.01275	0.6317639788861291	1.0525320204708595	0.0702	0.620117310354726	0.8978471819077297	0.1076
165	5.515406162464986	0.7101006006353401	0.8885277728151337	0.0301	0.7111985684623989	0.8895190647250623	0.0301	0.8398932057477372	0.6064852630668697	0.129	0.9960305186481522	0.3333913071743236	0.023	0.8809986943002418	0.22717661409032588	0.2179	0.8601916107425978	0.22728333974988862	0.1804	1.040094506758125	0.2896042620311067	-0.0119	0.7186666303006949	0.893037471720621	0.0301	0.8014955503796682	0.5940039211953103	0.129	0.9061686553693377	0.28522194782322924	0.023	0.7954002560232174	0.19111911234324588	0.2179	0.8195623680608546	0.18466470667647078	0.1804	0.9491514226713305	0.23746200042814825	-0.0119	0.45612990805416564	1.270545588627534	0.0008	0.2980055785001635	1.4190174622096376	0.0655	0.32336538948191107	1.2858020161210086	0.1076	0.4836299036878035	1.223226269469977	-0.01275	0.5531429537047878	0.9949081277012211	0.0702	0.4639770030255697	0.858038755113817	0.1076	0.5025949581311209	1.240619724001507	-0.01275	0.646086169008906	1.0614434105637127	0.0702	0.6503801717700131	0.9093830558920767	0.1076
166	5.548832866479925	0.7027771317773291	0.877769820046967	0.0301	0.6938224240378372	0.8755973306644091	0.0301	0.8314641652890052	0.6005569781845238	0.129	0.9966819621447103	0.3307883516915365	0.023	0.8450873293064564	0.20802269761711148	0.2179	0.8546578915004754	0.22317239552092036	0.1804	1.042753877779528	0.28915073991473705	-0.0119	0.7179473442267403	0.8881932589792778	0.0301	0.8094666602164036	0.592989802303196	0.129	0.9323756802778397	0.2927556816207698	0.023	0.795435184279629	0.1848298876648982	0.2179	0.8234065227457474	0.1787830666535188	0.1804	0.9739930267776882	0.24905114312010415	-0.0119	0.4535299911790804	1.2703155956804968	0.0008	0.29757266905779484	1.4185160444174965	0.0655	0.3200644332310222	1.2863191441910717	0.1076	0.47631400339811597	1.2154430941022942	-0.01275	0.540022149939015	0.9869844174544361	0.0702	0.44194717284613655	0.855797564120051	0.1076	0.5092050254509272	1.2477589857105866	-0.01275	0.651266138024828	1.0777732979346728	0.0702	0.6667756051888608	0.9195688249153923	0.1076
167	5.582259570494864	0.6912106376146137	0.871841671060241	0.0301	0.6747591390450937	0.8662997222469638	0.0301	0.8192070468812273	0.5938288297245478	0.129	0.9962944765660365	0.3286767049456599	0.023	0.8199987568503719	0.19355849820729346	0.2179	0.8434513205647468	0.21795227240545498	0.1804	1.0439875424237939	0.28913455888341305	-0.0119	0.7106741237222801	0.8861597287128543	0.0301	0.8081014950449166	0.5925329517387339	0.129	0.9454064180527417	0.2965733206079423	0.023	0.7904284094577788	0.17939610621085034	0.2179	0.8249194589265566	0.17583476993631367	0.1804	0.9899383765090458	0.2587701260692863	-0.0119	0.45182389568035597	1.2699488430114427	0.0008	0.2971866088846732	1.4173509879459434	0.0655	0.3183729910519779	1.2859030513017977	0.1076	0.4673698683039756	1.2065092234689045	-0.01275	0.5273916634406628	0.9794231490156409	0.0702	0.4200507255395422	0.8500441029623452	0.1076	0.5147745754041404	1.2548630247698458	-0.01275	0.6494131879026557	1.0982166621506813	0.0702	0.6812095079383852	0.9326244386574282	0.1076
168	5.6156862745098035	0.679214366076657	0.8692887483296476	0.0301	0.6579403854547269	0.8613047349766723	0.0301	0.8046055434417093	0.5877125948930207	0.129	0.9955244458883853	0.3274382791904431	0.023	0.8107229926370231	0.1849743741577093	0.2179	0.831774006532742	0.21017634604408159	0.1804	1.0452640050206576	0.28953618967495703	-0.0119	0.7025613780048914	0.8857954560304423	0.0301	0.7980034963158485	0.5908664740554667	0.129	0.9359047675666112	0.29274255027698237	0.023	0.7880034420606292	0.1746886597782908	0.2179	0.825833520656849	0.1735037500096896	0.1804	0.9831683886022639	0.25925170403861897	-0.0119	0.4504158869598395	1.2693344904479333	0.0008	0.29603632661426044	1.417044339368055	0.0655	0.3170578546497869	1.286375949882415	0.1076	0.45742129182751334	1.1972472510064855	-0.01275	0.5125847536885872	0.9712795695323065	0.0702	0.39696333284176155	0.8387690911163104	0.1076	0.5198122876230298	1.2592631295157741	-0.01275	0.6510258347321045	1.1076553026598572	0.0702	0.694030780169401	0.939730713947648	0.1076
169	5.649112978524743	0.6694694979585035	0.8670081538739105	0.0301	0.6446708132347241	0.8574149488770489	0.0301	0.7850888056265005	0.5800006768817727	0.129	0.9933055867632357	0.3276052734466533	0.023	0.8091747634240682	0.1794910775333517	0.2179	0.8251622779767228	0.20211915544187797	0.1804	1.0469347765736008	0.2912853187813898	-0.0119	0.6966564162196126	0.8845957965004729	0.0301	0.7826595745261379	0.585844977847782	0.129	0.9218180910226574	0.28889906210131994	0.023	0.7902784884727492	0.17000186521926441	0.2179	0.8278898866540318	0.17062965078330442	0.1804	0.9690348984219979	0.2545814992487962	-0.0119	0.4484707591451941	1.2680848631821429	0.0008	0.29478166708061193	1.418083853291802	0.0655	0.3149098016208305	1.2874438886981094	0.1076	0.4480885472529621	1.1897748009123912	-0.01275	0.49464014417159513	0.9654261897128459	0.0702	0.37736502996761306	0.8253854345420518	0.1076	0.5238199240707273	1.260131821737652	-0.01275	0.6603203210690848	1.103866475808893	0.0702	0.7023635415806376	0.9321721401199811	0.1076
170	5.682539682539683	0.6605076376605401	0.8637017172134257	0.0301	0.632367002087311	0.8527521142253406	0.0301	0.7569546940083423	0.5690491930209786	0.129	0.9856330367609883	0.3312409043725806	0.023	0.8165737991467868	0.18182896561317402	0.2179	0.82902072616346	0.20408232603522314	0.1804	1.045945959847253	0.2977279090898749	-0.0119	0.6907880352847963	0.8821805059559634	0.0301	0.766067746101308	0.5784067039987777	0.129	0.916519834387049	0.28888578234735346	0.023	0.7925166252883014	0.16580824789413695	0.2179	0.8299543949203326	0.16838286060458665	0.1804	0.9624665246263036	0.24987519814387416	-0.0119	0.44602650127731586	1.2663778724566475	0.0008	0.2946869107608248	1.4197314379768733	0.0655	0.3129151514151557	1.2877732443833398	0.1076	0.43947275840902306	1.1851278220194528	-0.01275	0.4759109215408827	0.9643203190140287	0.0702	0.3648248199761151	0.8131734810138733	0.1076	0.5270042403527476	1.2584255492635674	-0.01275	0.6713578155505996	1.0959822470899627	0.0702	0.7076890381120441	0.9152037286317573	0.1076
171	5.715966386554622	0.6507465345264477	0.8592133475890434	0.0301	0.6192888832348168	0.8472781054467626	0.0301	0.7220232314691122	0.55658397596174	0.129	0.9696467683414058	0.34046682941574646	0.023	0.8430204777018305	0.19946975369682393	0.2179	0.849852669895561	0.2236051776164813	0.1804	1.0378393143479514	0.31212682332435693	-0.0119	0.6828518323124869	0.8791726177591797	0.0301	0.7530606714447872	0.5721046787246957	0.129	0.9130760999483958	0.28801508419984545	0.023	0.7924704018268389	0.16310840010745986	0.2179	0.830891987159795	0.16710193046578792	0.1804	0.9589241075345503	0.2451878618708327	-0.0119	0.44346439046043407	1.2649397763972847	0.0008	0.29567485994204	1.4217643666352346	0.0655	0.3120640625227837	1.2881610475818517	0.1076	0.43089533973026944	1.1827194695530054	-0.01275	0.45964454601792154	0.9670239090702044	0.0702	0.35821014698390086	0.8030664844101089	0.1076	0.5312824117142075	1.255783415351596	-0.01275	0.6790418831762994	1.0872196288683342	0.0702	0.7115358484265277	0.8993461377851765	0.1076
172	5.749393090569561	0.6412906040850322	0.8548463783880436	0.0301	0.6072734901942254	0.841803949424687	0.0301	0.6865534249671824	0.5456683693848737	0.129	0.9464782057550594	0.35360151979639354	0.023	0.884286687467059	0.22624442937604358	0.2179	0.8776598160682005	0.2485207770232665	0.1804	1.0197041628337793	0.3328565918415296	-0.0119	0.6739903783144144	0.8759731863591721	0.0301	0.7481854569658553	0.5706091553825284	0.129	0.9052662468680366	0.2843122191709526	0.023	0.7927400799646599	0.1618770851045087	0.2179	0.8313532664926772	0.16605455311740352	0.1804	0.9548644193039942	0.24149608395811833	-0.0119	0.44100716707001125	1.2639719050210636	0.0008	0.2963085350222315	1.4238565145321096	0.0655	0.311093652454521	1.29022616890347	0.1076	0.42197277466406585	1.1816406562738095	-0.01275	0.4465794703395471	0.9700405358937517	0.0702	0.35526995616646717	0.7955341353951286	0.1076	0.5367890945840651	1.2537095943911818	-0.01275	0.6832808661274126	1.0782631711226163	0.0702	0.7146593165264578	0.8904506852644382	0.1076
173	5.7828197945845	0.6324204448767324	0.852605067806667	0.0301	0.5979373280768021	0.8371914163230405	0.0301	0.6550617800630366	0.5383875778171531	0.129	0.9206400848005679	0.36400639946097996	0.023	0.9126501382851223	0.24333557507431555	0.2179	0.8880626850055211	0.2570450722235445	0.1804	0.9935599383636016	0.3510403724287343	-0.0119	0.665682697791586	0.8726959478701962	0.0301	0.7490840590259463	0.573718291803726	0.129	0.8944909658514715	0.27880443739951294	0.023	0.7940755367726736	0.1614238937794302	0.2179	0.8314780425047764	0.1658077313154818	0.1804	0.953039104778359	0.23970267543806267	-0.0119	0.438426758375829	1.263590689058487	0.0008	0.2962364887163014	1.425688452213935	0.0655	0.30833169549259004	1.2939162102807864	0.1076	0.413527382692992	1.1815202819109467	-0.01275	0.43579752751786394	0.9710591540754983	0.0702	0.35505719086881493	0.7908960846528491	0.1076	0.5403780696958628	1.2526384163658855	-0.01275	0.6843975500549717	1.0727378497040183	0.0702	0.7162786005029254	0.8879201720707656	0.1076
174	5.8162464985994395	0.6222900030797556	0.8518168949719483	0.0301	0.5887157250356737	0.8330577167244838	0.0301	0.6285211932170435	0.5346193716714073	0.129	0.8969683877842219	0.36524749726575734	0.023	0.902254262741143	0.2390484510617594	0.2179	0.8709899786984423	0.2441393242781386	0.1804	0.9666787135713976	0.3559593111706591	-0.0119	0.6575004891796397	0.869078441920117	0.0301	0.7485267554435837	0.5774088926900571	0.129	0.8841232640156036	0.27230626636169475	0.023	0.7932985660295033	0.1618106636712089	0.2179	0.8298417164814761	0.1678539172440064	0.1804	0.9530351134056021	0.23832576088469068	-0.0119	0.4351106764679184	1.2643436191060031	0.0008	0.2964223223139161	1.4280895336724373	0.0655	0.3042088184692946	1.2976402360066437	0.1076	0.40738548751948006	1.1817893928689787	-0.01275	0.42643489206581703	0.970579456779386	0.0702	0.35633199216206984	0.7871978169020144	0.1076	0.539524883971943	1.251696327997978	-0.01275	0.6822419375003632	1.0711535555045206	0.0702	0.7143220561746116	0.8870606169332712	0.1076
175	5.849673202614379	0.6108763300055343	0.850524193549133	0.0301	0.5771175959719679	0.8282588427336619	0.0301	0.6069377127964074	0.5322136120603252	0.129	0.8757775314927424	0.35645716201242617	0.023	0.857289119383074	0.21868996141655989	0.2179	0.8376031085435105	0.22312318127689465	0.1804	0.943128470485685	0.3446514096600259	-0.0119	0.6492636744406728	0.865399469484752	0.0301	0.7443817910579887	0.5797683312520523	0.129	0.8785833088829131	0.26771448432769285	0.023	0.7902463864111593	0.1641274958818228	0.2179	0.8268070953935364	0.17186512356049008	0.1804	0.9515174041590235	0.23650432838790142	-0.0119	0.43062824844903935	1.2659961360568224	0.0008	0.2964466012683749	1.4309502448321338	0.0655	0.3002934374815363	1.2997098440620254	0.1076	0.40312763018993525	1.1815041475042956	-0.01275	0.4182132070796697	0.9696814623921334	0.0702	0.35779092419743413	0.7818246372622187	0.1076	0.5358773200982314	1.2502900779652772	-0.01275	0.6781128836304064	1.0703594338059281	0.0702	0.7093039596949827	0.8851306772793288	0.1076
176	5.883099906629318	0.6006613623695891	0.8485430031393735	0.0301	0.5647670498190857	0.8228839907578414	0.0301	0.5909248718160991	0.5283946586786878	0.129	0.8524278761561312	0.3414171275605642	0.023	0.8040484710271866	0.19627039205396485	0.2179	0.8006361313196432	0.20675034014134053	0.1804	0.917943778433406	0.32352340510904243	-0.0119	0.6423110985433467	0.8627810393929123	0.0301	0.7403725400500515	0.5822282771261319	0.129	0.8813289373306684	0.26802419962229596	0.023	0.7915690578935279	0.16966231319000707	0.2179	0.8276399994668291	0.1766450438522644	0.1804	0.9479248782103887	0.23502940276882908	-0.0119	0.425795038081132	1.2668554986133753	0.0008	0.29497016175417295	1.4324053326066561	0.0655	0.2972527864685211	1.2996188858499973	0.1076	0.39735282441115133	1.1796921813890677	-0.01275	0.4113880819641686	0.9677789621616232	0.0702	0.3591446288956029	0.7756582208353282	0.1076	0.5330869522012571	1.2490040079634381	-0.01275	0.6742115034219458	1.0687058737554365	0.0702	0.7044112302244284	0.8830916753743349	0.1076
177	5.916526610644258	0.5925082568720266	0.8460744559330804	0.0301	0.5536539845808434	0.8179636464987978	0.0301	0.5812367780741107	0.5219531201760677	0.129	0.824528640444543	0.323102501278333	0.023	0.7613517284673994	0.1808701521427075	0.2179	0.7649177977300983	0.19763820038060467	0.1804	0.8866461679960245	0.2992972422853384	-0.0119	0.6371474423627714	0.8614071974570816	0.0301	0.7396421870609454	0.5841513775183655	0.129	0.8902590226443222	0.27131050678528473	0.023	0.801618066664026	0.17785464068774207	0.2179	0.8382656679593522	0.18243535216404547	0.1804	0.946235144711735	0.2344612211776579	-0.0119	0.4216890445587528	1.2655172398834758	0.0008	0.2921074623371408	1.431664764930469	0.0655	0.29442576709113694	1.2984571820751358	0.1076	0.3887353205046813	1.175335553019711	-0.01275	0.40548846094972113	0.9638803516359593	0.0702	0.3597354593957274	0.7715879606987727	0.1076	0.5316111936913945	1.2480582030058156	-0.01275	0.6713541422884992	1.0666661029487812	0.0702	0.701329924314466	0.8816526470626078	0.1076
178	5.949953314659197	0.5847115789939243	0.8427706064792728	0.0301	0.5435215361172873	0.8137405645111199	0.0301	0.5771649421463497	0.5146171236769287	0.129	0.7950963874988622	0.3016443452827548	0.023	0.7289079912618824	0.17022849218591096	0.2179	0.7312185903022005	0.19003092798653776	0.1804	0.8528277409393864	0.27344352795858434	-0.0119	0.6323624162417476	0.8598483966658539	0.0301	0.7411524926280796	0.5833497276939467	0.129	0.8979491810800472	0.27314892946488867	0.023	0.8147223607691161	0.1846273517869851	0.2179	0.8563743822694728	0.18814962506762886	0.1804	0.948371954225514	0.2343354734086058	-0.0119	0.4173539302731432	1.2624181048072363	0.0008	0.2888453184310165	1.4300556482017026	0.0655	0.29109162781339737	1.2975803183099492	0.1076	0.3799458288621681	1.1684994954448646	-0.01275	0.39868571549012416	0.9591739179308091	0.0702	0.3583935348765839	0.7702731895024769	0.1076	0.5288219271141168	1.2468821554450313	-0.01275	0.6685279957632964	1.0645756168524891	0.0702	0.6993803867869947	0.8798419468947647	0.1076
179	5.983380018674136	0.5763937351310698	0.838708747959163	0.0301	0.5337947690306142	0.809843550354014	0.0301	0.5763428226496099	0.5085554548861797	0.129	0.7671755720129633	0.27877325952121096	0.023	0.7017022726009736	0.15917654560331015	0.2179	0.7005817385654649	0.17807301607345993	0.1804	0.8208588646544254	0.24773997821350735	-0.0119	0.6266563765326879	0.85686397243817	0.0301	0.741490215137466	0.5807560557362934	0.129	0.8995251157293824	0.2727138102046827	0.023	0.8222855836298985	0.18591819982154945	0.2179	0.8709523704717468	0.19034217796427433	0.1804	0.9505108245437494	0.2346051214083159	-0.0119	0.41127800116258134	1.2587386639191258	0.0008	0.28539089632716264	1.4287469845359184	0.0655	0.2873806813688966	1.2969704750543447	0.1076	0.3729204935792606	1.1611522316099179	-0.01275	0.3898531259727657	0.9561279135567468	0.0702	0.35552608219725856	0.770190067633875	0.1076	0.523999936959974	1.2452270587176684	-0.01275	0.6650653050636179	1.0615642407708459	0.0702	0.6980480504048838	0.8766823061883179	0.1076
180	6.016806722689076	0.568702979158995	0.8345163186836629	0.0301	0.5246084234250433	0.8061092142218991	0.0301	0.5761505626931415	0.5035989948249388	0.129	0.7423578973647855	0.25930967293515467	0.023	0.6818595490076501	0.14796383245186923	0.2179	0.6765136114100203	0.1632938019181709	0.1804	0.792234403336421	0.2273930845705543	-0.0119	0.620309904707044	0.8529344924024247	0.0301	0.7393809068020677	0.5783641943479311	0.129	0.897228464259127	0.2716217744195172	0.023	0.8215203044434013	0.18258440542170482	0.2179	0.873676404397674	0.18793104909048192	0.1804	0.9499826189994467	0.2357852820928849	-0.0119	0.40409954776390583	1.2551202719887844	0.0008	0.28141384442956385	1.4273490826296666	0.0655	0.282891522766386	1.2960101789053153	0.1076	0.36612325480593266	1.155157616865838	-0.01275	0.3802740022275149	0.9547755730085732	0.0702	0.35272184597955825	0.769340964556022	0.1076	0.5196139018453705	1.242574252060567	-0.01275	0.6619204720123588	1.056433796942982	0.0702	0.6975741736145324	0.8721443704661553	0.1076
181	6.050233426704015	0.5624281431014201	0.8311255885075259	0.0301	0.516240311479227	0.8024833906131024	0.0301	0.5745061995997637	0.4992451466107719	0.129	0.7239075426624132	0.24653980071706896	0.023	0.6732192921915771	0.13870776938361642	0.2179	0.6630765145711655	0.15094080518527342	0.1804	0.7711218235953832	0.2154221716626485	-0.0119	0.6141944678251849	0.849731565296973	0.0301	0.7358463226656614	0.5766890664864213	0.129	0.8948730665664025	0.2705778737219466	0.023	0.8158492404529639	0.17874933247017372	0.2179	0.8676210033180284	0.18400448544655354	0.1804	0.9482319931986387	0.23762369268484157	-0.0119	0.3968858388814296	1.2518667491320266	0.0008	0.27713490251657724	1.4248386058963876	0.0655	0.2769901578915365	1.2948005103310725	0.1076	0.3572974033090434	1.1500980910665421	-0.01275	0.37153625841509996	0.952586829816338	0.0702	0.3510409632256406	0.766474616063327	0.1076	0.5173423174651445	1.2380258266030073	-0.01275	0.6594053605320414	1.0509658142399407	0.0702	0.6972101516712401	0.8684564091044891	0.1076
182	6.083660130718954	0.5568026684881658	0.82845792516824	0.0301	0.5083336924100708	0.7989615818644517	0.0301	0.5710439206491768	0.49642917176573564	0.129	0.7154645732495084	0.2402522417102255	0.023	0.6739142749768966	0.13264916039838415	0.2179	0.6603531663426678	0.14332468653947106	0.1804	0.7627648436832237	0.20999475873763465	-0.0119	0.6083769536802032	0.8484008471023129	0.0301	0.7314367741573826	0.575821101870467	0.129	0.8929967818595654	0.270267247644648	0.023	0.811072566011947	0.17726488514006716	0.2179	0.86197220960774	0.18222807481051526	0.1804	0.9461817318944126	0.2393002076641247	-0.0119	0.3889647880538114	1.2491134827516446	0.0008	0.27276795511218965	1.4208125482373748	0.0655	0.2708789286573099	1.2934776052718224	0.1076	0.3461925299944913	1.1444012432357809	-0.01275	0.36319589821433473	0.9484705336767255	0.0702	0.35096499371334566	0.7623313162590669	0.1076	0.5152134556296962	1.232308918891015	-0.01275	0.6557447260806579	1.0500497254856556	0.0702	0.6954901803943115	0.869884291154631	0.1076
183	6.117086834733893	0.5508107258023374	0.825375483005809	0.0301	0.5002457315130896	0.7955551579515147	0.0301	0.5680917869179376	0.49480682243124313	0.129	0.7166976899776615	0.23844084835756296	0.023	0.6780505016655043	0.13051577477182247	0.2179	0.6635280268574211	0.13991800409920485	0.1804	0.7651118066317004	0.20796482777522107	-0.0119	0.602441163530235	0.8483936758669941	0.0301	0.726000985358282	0.5748261468679757	0.129	0.8912013737731392	0.27120490207623077	0.023	0.8106054123694801	0.17822436539877393	0.2179	0.8616792866227397	0.18340616034444013	0.1804	0.9434994463155932	0.24005180185307834	-0.0119	0.3797687680089875	1.2465911832110614	0.0008	0.26770762055119646	1.4160452766461706	0.0655	0.26506897391366874	1.2915442909488524	0.1076	0.3332960414221578	1.1382838462164846	-0.01275	0.35457638329473534	0.9442291258334627	0.0702	0.3523703437315353	0.7593700267599727	0.1076	0.5106882754175249	1.2272860147772304	-0.01275	0.6505006555751298	1.054184232117507	0.0702	0.6926402294484464	0.8765922646836263	0.1076
184	6.150513538748832	0.5442661831011895	0.8223179675046614	0.0301	0.4922931363141851	0.7922554008521897	0.0301	0.5684298461543293	0.4919014503821656	0.129	0.7223404163979711	0.23843170602402897	0.023	0.6813355845174546	0.1305074847254555	0.2179	0.6671313289450291	0.13928499771503075	0.1804	0.7698682596070815	0.20723779413668397	-0.0119	0.5961473486501729	0.8480374387954361	0.0301	0.7195372011986952	0.5728325379949107	0.129	0.8899609242291623	0.27247995268129843	0.023	0.8134913273132157	0.18004202398619493	0.2179	0.865407667335174	0.18589278255349886	0.1804	0.9409931574870278	0.23976296020544496	-0.0119	0.37026119878115127	1.2437304065155201	0.0008	0.2616893296837256	1.4118099785840041	0.0655	0.2574859977557368	1.2887894162421352	0.1076	0.31784259465932524	1.134353844379325	-0.01275	0.3466173126054512	0.9420368343032602	0.0702	0.3543277239075066	0.7596267399559378	0.1076	0.5043577105828385	1.2235829132090497	-0.01275	0.6461538654763372	1.0574404158490527	0.0702	0.6904967116193831	0.8824031108029549	0.1076
185	6.183940242763772	0.5372661118352128	0.8209485263676143	0.0301	0.48485969559887876	0.7890477886997052	0.0301	0.571629803074533	0.48734815703456114	0.129	0.7265960161196241	0.23847509429196465	0.023	0.6829340240211631	0.1298325958861548	0.2179	0.6689283437737814	0.13955351428662724	0.1804	0.7719686929943187	0.2069190471325697	-0.0119	0.5891767574808175	0.8466827409850253	0.0301	0.7132944179575934	0.5716425025330331	0.129	0.8896504742003869	0.2729037978788657	0.023	0.8165505385854381	0.18114057512225265	0.2179	0.8694944380860189	0.18775877567443439	0.1804	0.9403611232690967	0.2391663962714699	-0.0119	0.3610467125969682	1.2403582982178127	0.0008	0.25526644067913884	1.408655282651722	0.0655	0.2481909186523265	1.2860539525233887	0.1076	0.2998379872059634	1.1338925558847628	-0.01275	0.33972243683440356	0.9416341443462273	0.0702	0.35545211081070016	0.7624160169972041	0.1076	0.4978787488416797	1.22102693590192	-0.01275	0.6438181584016781	1.0569983800023568	0.0702	0.6901300567199579	0.8835971196960416	0.1076
186	6.217366946778712	0.5297508968358553	0.8216264199600002	0.0301	0.47758541227683243	0.785974831682712	0.0301	0.5741590021296151	0.48448770276186703	0.129	0.7276061658395675	0.23890830621384554	0.023	0.683946333325115	0.12877901108043532	0.2179	0.6698367143793703	0.1396716016995471	0.1804	0.772193417205774	0.20718703212183606	-0.0119	0.5821015829366052	0.8457547508555356	0.0301	0.7091631937662883	0.5737869830483799	0.129	0.889544899249287	0.2725583521828527	0.023	0.8179740091583432	0.18125374482268133	0.2179	0.8712030829229989	0.18744813831493745	0.1804	0.9415446946580583	0.23859370440014604	-0.0119	0.3512940884751241	1.237060540441441	0.0008	0.24824221559942816	1.4059737822392244	0.0655	0.24043247049179037	1.284064739893571	0.1076	0.2823854240504789	1.1334381085862535	-0.01275	0.33261210743220737	0.9404696799815411	0.0702	0.3544366870421986	0.7646746261230654	0.1076	0.4912206042410239	1.2198614699195416	-0.01275	0.6414371303044583	1.056010967146744	0.0702	0.6909942919299594	0.8828764293760916	0.1076
187	6.250793650793651	0.5228460185183942	0.8232610098374966	0.0301	0.47091793473292415	0.7834830830867383	0.0301	0.5737324218760899	0.4856265438086235	0.129	0.726740668121723	0.24007125430812787	0.023	0.6857752210098828	0.12924312378184766	0.2179	0.6710724574815892	0.1399502689459733	0.1804	0.772516175071813	0.20777551429723232	-0.0119	0.5771329687853499	0.8465873515681773	0.0301	0.7066077971569624	0.5792702934404352	0.129	0.8876848404140706	0.2727761255218335	0.023	0.8189956081951176	0.18199521776046215	0.2179	0.8712644764193153	0.18577039503553006	0.1804	0.9414507235051032	0.2380979804465985	-0.0119	0.340933893845375	1.2343579839317478	0.0008	0.23962929280268747	1.4026589898495399	0.0655	0.23500286875040496	1.2820789157559955	0.1076	0.26909123571280236	1.1285119058163535	-0.01275	0.3245056786272187	0.9369369302221171	0.0702	0.3511842418469678	0.7642278028947344	0.1076	0.48405836491217985	1.2202618169739365	-0.01275	0.6370487450282166	1.0565571118156725	0.0702	0.6918420868846805	0.8838936908279191	0.1076
188	6.28422035480859	0.5182772051891303	0.8243281477481271	0.0301	0.4657953129156271	0.7818488369319386	0.0301	0.5717890704827234	0.48889291518335454	0.129	0.7254582650003972	0.24071025236383672	0.023	0.6885918701544568	0.13110668141276038	0.2179	0.6721893645708723	0.14089835864408543	0.1804	0.7726795961627148	0.2073891651256813	-0.0119	0.5750801721067066	0.848333407759367	0.0301	0.7032882201003186	0.5856857015856461	0.129	0.8838664317878033	0.2748183094665893	0.023	0.8213682676560334	0.18506228067232833	0.2179	0.8729803823784821	0.18743198978823578	0.1804	0.9380431282789509	0.23871475343322424	-0.0119	0.3316651090384345	1.2320826152618294	0.0008	0.23013184232657952	1.3987038561377012	0.0655	0.22959082814573303	1.279272198896876	0.1076	0.2602986725791937	1.1196978010393175	-0.01275	0.31600958283853103	0.9322057622643054	0.0702	0.34758131540119885	0.7618450759393428	0.1076	0.47706278551159575	1.2216630431561903	-0.01275	0.6302271520574082	1.0588767470802085	0.0702	0.6918521476309994	0.8889781080682008	0.1076
189	6.317647058823529	0.515761014964913	0.8241648536257948	0.0301	0.46220475111082093	0.7805433063208128	0.0301	0.5705165299360161	0.49135609404567704	0.129	0.7238416710996812	0.2401721114060285	0.023	0.6910622094767492	0.1328526650782771	0.2179	0.6722346320043194	0.14242549327266357	0.1804	0.7709119665121323	0.20587589988119448	-0.0119	0.5740527294503202	0.8493285591229054	0.0301	0.6997611371515486	0.5902741963511602	0.129	0.8807286012234249	0.2783854945669328	0.023	0.8241899177704335	0.18917756551339102	0.2179	0.8766477189564268	0.1942909419488651	0.1804	0.9338368518098525	0.240715926047927	-0.0119	0.3241438802219766	1.2296152565963578	0.0008	0.2221809334078413	1.3953714911441213	0.0655	0.22397241566757653	1.2765365548123748	0.1076	0.25270771260425134	1.1111594227670492	-0.01275	0.3084814038495193	0.928216485329207	0.0702	0.34558336753075963	0.759516033218839	0.1076	0.47049759684318815	1.2230048760376269	-0.01275	0.6218684769702125	1.0638199725640425	0.0702	0.6909958021311212	0.8976164158808314	0.1076
190	6.351073762838468	0.5141530709575786	0.8231971743767025	0.0301	0.4596445079967158	0.779389806868559	0.0301	0.5699482573958664	0.49229833683898583	0.129	0.721534754817845	0.23947799680627596	0.023	0.6922975222998865	0.13368630588204486	0.2179	0.6713054588370942	0.1434987851180946	0.1804	0.7677163026706401	0.20472676058052475	-0.0119	0.5729826633240157	0.849479785152717	0.0301	0.6987374217898563	0.5930336353966015	0.129	0.8787225783943279	0.28148398488344345	0.023	0.8254095562234425	0.19016434452686598	0.2179	0.8783284637173178	0.19994617448703697	0.1804	0.9313208803358494	0.24203585464238975	-0.0119	0.31696724887714806	1.226173398859611	0.0008	0.21670164939637934	1.3929288681740493	0.0655	0.22061607226932636	1.2751688227439735	0.1076	0.24264481880925357	1.1049048565757102	-0.01275	0.30306980056061267	0.924941985220217	0.0702	0.3447183980180483	0.7583402289981774	0.1076	0.4639343490194501	1.2236783313155695	-0.01275	0.6143034647026485	1.0704471587066806	0.0702	0.6896688558818327	0.9052989504565204	0.1076
191	6.3845004668534076	0.5131451872750245	0.8218499485133844	0.0301	0.45721855868987105	0.7788140930013048	0.0301	0.569271908987003	0.49234436272710447	0.129	0.7194606699473388	0.23929821527653325	0.023	0.69286367734885	0.13366606771959733	0.2179	0.6703031049689654	0.14270999054724573	0.1804	0.7656919996906544	0.20490907266215683	-0.0119	0.5722877619623747	0.8495668071523804	0.0301	0.6998168213536358	0.5960554636194138	0.129	0.875867704133376	0.2820863094668138	0.023	0.8241255369726584	0.18480351649571253	0.2179	0.8748984909049076	0.19749377183850067	0.1804	0.9294884363452784	0.2410767630732103	-0.0119	0.30928145240579397	1.2220262122471515	0.0008	0.21262103715145403	1.3901952460607492	0.0655	0.2197943736128597	1.2748981329684128	0.1076	0.2302817307432408	1.0999676754242074	-0.01275	0.2993784396881626	0.9209895348179854	0.0702	0.34348157767946974	0.7584597226538005	0.1076	0.4578683439016987	1.2239481670886856	-0.01275	0.609160927833215	1.0753752362703743	0.0702	0.6885435790318194	0.9088421651580636	0.1076
192	6.417927170868348	0.5116421911593714	0.8207750947962211	0.0301	0.45381262044816895	0.7785522556999485	0.0301	0.5684923770849315	0.4919995647229415	0.129	0.7190118070547803	0.2393121739718731	0.023	0.693435702722931	0.13307348326584106	0.2179	0.6700424540494427	0.14026546487758917	0.1804	0.7648163334122915	0.20575988987702418	-0.0119	0.5716355950590837	0.8491509719435478	0.0301	0.7007669883993513	0.5985495284383913	0.129	0.873446137164617	0.2799113644702444	0.023	0.8202409967785101	0.17536795988226256	0.2179	0.8674235346768217	0.18826267642760203	0.1804	0.9268377552620783	0.23878418264418408	-0.0119	0.30190733034503053	1.2193622739694332	0.0008	0.2093060435194284	1.3870918097355798	0.0655	0.2190530142499807	1.2745951619780713	0.1076	0.21905483296127348	1.0956082114348908	-0.01275	0.29602171916512376	0.9166024008855838	0.0702	0.34208042645898423	0.7592532857622002	0.1076	0.45361817855113234	1.2244414539534187	-0.01275	0.6058386114970564	1.0761932457584829	0.0702	0.6882043657744015	0.9096257188756501	0.1076
193	6.451353874883287	0.5084406913011233	0.8210135701988662	0.0301	0.44968004849390675	0.7783560830398234	0.0301	0.5679186222463947	0.4916661481339509	0.129	0.7195738458443096	0.23922360846739002	0.023	0.6938917612230376	0.1323003355523162	0.2179	0.6703693624131593	0.13817239405690956	0.1804	0.7630882068368544	0.20615709697157852	-0.0119	0.5705861683055554	0.8481927308977258	0.0301	0.7009747244305736	0.5993203752857692	0.129	0.8730377530223128	0.27700897779116873	0.023	0.8159282156571946	0.16850299235965183	0.2179	0.8611204448689354	0.1799594935639487	0.1804	0.9221793308156898	0.23714876026153722	-0.0119	0.2964016716747429	1.2196209796853275	0.0008	0.20706869843670891	1.3852021855946344	0.0655	0.21864950466637134	1.2742950915396756	0.1076	0.21142468121131208	1.092292700270661	-0.01275	0.2922663477160736	0.9138993390325033	0.0702	0.3415527955655243	0.7600532763973855	0.1076	0.45154131633599087	1.2253119627830356	-0.01275	0.6032603301249475	1.0745924827335749	0.0702	0.688134196612674	0.9110414512909039	0.1076
194	6.484780578898226	0.504921016853714	0.8223303726982648	0.0301	0.44645885838542554	0.7785208204235868	0.0301	0.5675102643964025	0.4917192931267667	0.129	0.7191617286999354	0.2392199102484123	0.023	0.6936863606299679	0.13174577407884172	0.2179	0.670313565249686	0.13786726988726528	0.1804	0.7606332467979432	0.20643501011729362	-0.0119	0.5700915738230048	0.8484106745502605	0.0301	0.7007812560481237	0.6003831207705717	0.129	0.8713292120619449	0.27635050295738517	0.023	0.8155716970918817	0.16793186512336766	0.2179	0.8610605504537233	0.17876491310290016	0.1804	0.9142819949840781	0.237513982232746	-0.0119	0.2937997566678456	1.2211675976951837	0.0008	0.20592669220872603	1.3855336527111912	0.0655	0.22233146318087324	1.2751739452584288	0.1076	0.2073547552046176	1.0902794826330864	-0.01275	0.28823049564371944	0.913730128374525	0.0702	0.34139246023416114	0.7607877006693013	0.1076	0.45072361346552403	1.225988571721957	-0.01275	0.6010485839479486	1.0746057823064994	0.0702	0.686907893171473	0.9153079032532695	0.1076
195	6.518207282913165	0.5034090382708012	0.8233713351358749	0.0301	0.444956558097336	0.7783939778096729	0.0301	0.5672602523324772	0.49226997662182875	0.129	0.7173732106331099	0.23955220572084657	0.023	0.693143537756923	0.1316487882025097	0.2179	0.6697815988678926	0.13904999984667304	0.1804	0.7587865481200665	0.20758100470129226	-0.0119	0.5717045778237333	0.8502458399339305	0.0301	0.7010680195782446	0.6019679489814532	0.129	0.8657996727740983	0.27857911677691505	0.023	0.8203116112882414	0.1720144387345559	0.2179	0.866369276914837	0.18401835649962758	0.1804	0.9036431171463519	0.23936743824151144	-0.0119	0.29339062597080195	1.221767226496106	0.0008	0.2057070834050821	1.3875371615663337	0.0655	0.2312073686069186	1.277434223201568	0.1076	0.20523207674602623	1.0892783168619629	-0.01275	0.2841368087814285	0.9144028804113785	0.0702	0.34010633982929145	0.7610595724400723	0.1076	0.45042338885651945	1.2260091859717346	-0.01275	0.5991571678630894	1.0767849592508536	0.0702	0.6843891741753456	0.9205892588178856	0.1076
196	6.551633986928104	0.5038455098446915	0.8240212853642773	0.0301	0.44433599082274355	0.7774133355783241	0.0301	0.567525259950918	0.4930481238132963	0.129	0.7156777133917691	0.23993278769905688	0.023	0.69381900158741	0.1321453839012162	0.2179	0.670025336334965	0.14078935104303472	0.1804	0.7574515611664789	0.2089770858806468	-0.0119	0.5752272168589064	0.8522118942402289	0.0301	0.7015506590302804	0.6040790790540486	0.129	0.8587357326086152	0.28136785772884376	0.023	0.8262051876302221	0.1781118429605428	0.2179	0.8719108805178781	0.19053116019974112	0.1804	0.8917931849267441	0.24075017097312076	-0.0119	0.2935425421377792	1.2213050918805566	0.0008	0.20670270763987206	1.389792150613112	0.0655	0.24140097446020112	1.2799678681370825	0.1076	0.2034082619753751	1.0893231501450316	-0.01275	0.28014720680254485	0.9145764201113442	0.0702	0.33764831055014183	0.7603311207649202	0.1076	0.4509403435011739	1.2255715262024807	-0.01275	0.598114191895695	1.077399987457255	0.0702	0.6822734724502841	0.9230979506711477	0.1076
197	6.585060690943044	0.5047786954846698	0.8248571352988089	0.0301	0.4439398254378914	0.7767250473515888	0.0301	0.5685748570666638	0.4938697679111679	0.129	0.7151532568924343	0.2401296668722425	0.023	0.6960006059714466	0.13317369836773163	0.2179	0.6716533519580331	0.14222396177136035	0.1804	0.7558311371626996	0.2095287345747983	-0.0119	0.5783748427909694	0.8535439867357099	0.0301	0.7003067749126799	0.610153282457865	0.129	0.8526203271209655	0.28321917838193716	0.023	0.8298680352165326	0.18401525906192076	0.2179	0.8747782438200259	0.19459887252791894	0.1804	0.8805239538933819	0.24098168878521894	-0.0119	0.29382213465362506	1.2211429821267639	0.0008	0.2087780243294382	1.3911588609386645	0.0655	0.24936237228240016	1.282603069817702	0.1076	0.20184395893366489	1.0907031675788665	-0.01275	0.2767691300944938	0.9147835553444312	0.0702	0.3352829703834163	0.7594715860998162	0.1076	0.4528900265479171	1.2251735855710666	-0.01275	0.5985269029224713	1.0742465451981495	0.0702	0.6815287074096219	0.9229783903429035	0.1076
198	6.618487394957983	0.5057879921354094	0.8246929620573323	0.0301	0.44394070085095044	0.7770495194678292	0.0301	0.5701072761576396	0.4947607581889844	0.129	0.7153331208693068	0.24065649920878765	0.023	0.6979195646075097	0.13423810783055587	0.2179	0.67348099040567	0.14212064976039676	0.1804	0.7543252460819979	0.20934741220811354	-0.0119	0.5797014760449187	0.8540862676394059	0.0301	0.698198580920452	0.6184460034886872	0.129	0.8480526126202483	0.2849955957946408	0.023	0.8317242591727182	0.18670474188740938	0.2179	0.8756565689299387	0.19610048461302942	0.1804	0.8728385384612469	0.24099981775377735	-0.0119	0.2950695513515856	1.222060337985357	0.0008	0.21136069269692412	1.391712279761149	0.0655	0.2563703471540685	1.286116172996511	0.1076	0.20161343627058856	1.0929491076418503	-0.01275	0.27442556743840923	0.9147761769271149	0.0702	0.3335928677213158	0.7601382737535655	0.1076	0.45593585880286724	1.2248525901988403	-0.01275	0.599837622761516	1.0696314820309092	0.0702	0.6813067615761307	0.9233533960011792	0.1076
199	6.651914098972922	0.5068812978752338	0.8221598807180751	0.0301	0.4440439251611048	0.7773539093219877	0.0301	0.5713734543721938	0.4953221099230455	0.129	0.7151200167970442	0.24178330526397687	0.023	0.6985879603106652	0.13445148547985258	0.2179	0.6742327927192945	0.1398530543201796	0.1804	0.7540137512834062	0.20879408526835944	-0.0119	0.5801886846631265	0.853219259787766	0.0301	0.6987918191063647	0.6206418591983	0.129	0.8449231294661816	0.2868146747946211	0.023	0.8331599385505668	0.18581485990084748	0.2179	0.8761718584847915	0.1971361818797902	0.1804	0.869598401153454	0.24113362684150697	-0.0119	0.29774919988099446	1.2233147025426283	0.0008	0.2152422194125181	1.3923733881691638	0.0655	0.26564339461549763	1.2902582334613861	0.1076	0.20300744361805603	1.0949741954025234	-0.01275	0.27285470761236086	0.9132940008165704	0.0702	0.33249003264145316	0.7618646965814992	0.1076	0.45892065641964436	1.2240220194425218	-0.01275	0.6009821458818326	1.066395961379141	0.0702	0.6808435543841758	0.9248043766483853	0.1076
200	6.685340802987862	0.5077174683721785	0.8191888738485321	0.0301	0.44418366616595384	0.7766591760659038	0.0301	0.5720897016196316	0.4952114938660178	0.129	0.7141046585135556	0.24250520585131963	0.023	0.699005893190139	0.13360263681641632	0.2179	0.6741639826485126	0.13706213478583534	0.1804	0.7543230183345286	0.2080509496475708	-0.0119	0.5818180233298719	0.8507917932626574	0.0301	0.7025526896660325	0.6145421330531402	0.129	0.8422633857136524	0.2873051484298896	0.023	0.8349004532479876	0.18586091629601115	0.2179	0.877240860391888	0.20028571603371598	0.1804	0.8664364414854574	0.24097694078563947	-0.0119	0.30119656622039337	1.22411852890345	0.0008	0.22203169453132532	1.3941773591730648	0.0655	0.277077832394155	1.2942465729414043	0.1076	0.20495412587080122	1.0963244873691587	-0.01275	0.271667549556966	0.9106279252596587	0.0702	0.33194627602118554	0.7619162686440238	0.1076	0.46144373698674096	1.2228032135067386	-0.01275	0.6017472473442237	1.0641100385453162	0.0702	0.6815988445864701	0.924054774548947	0.1076
201	6.718767507002801	0.5084546639204404	0.8185915642765402	0.0301	0.4453212062771283	0.7751357924990447	0.0301	0.5729147768414035	0.49511770623642615	0.129	0.7129045737014219	0.2417960487814467	0.023	0.7005312250408652	0.1330466211482249	0.2179	0.6743334829569476	0.13606331610258407	0.1804	0.7534566843369851	0.2075862032492044	-0.0119	0.5849113338643932	0.8478505186333147	0.0301	0.7061512997989242	0.6069643330708987	0.129	0.8392523402258236	0.28619120064709513	0.023	0.8374287181082377	0.189486843167915	0.2179	0.8785954013012865	0.2053878231275914	0.1804	0.8595711594162432	0.240493379445131	-0.0119	0.3048889916153658	1.2248495936354442	0.0008	0.23132460517356876	1.397319830321103	0.0655	0.2874771810043704	1.2966688634869679	0.1076	0.20670504121686248	1.0974754305430983	-0.01275	0.2708293455158872	0.9077312536508234	0.0702	0.33147479560079524	0.759878851593807	0.1076	0.46441009302913067	1.2221996958120318	-0.01275	0.6029954096043596	1.0608779613730808	0.0702	0.6863001802088858	0.9173216563151306	0.1076
202	6.75219421101774	0.5096282141299177	0.8192519473476798	0.0301	0.4475746993719474	0.7735102673686534	0.0301	0.5740624771679338	0.4960293119686095	0.129	0.7124070052581905	0.2401786819796148	0.023	0.7029271933599507	0.1337885953750768	0.2179	0.675133185070141	0.13673420674139106	0.1804	0.7517248471961334	0.20743043026079364	-0.0119	0.5873244220138683	0.8461744074830859	0.0301	0.7076861941426056	0.6025976654631386	0.129	0.8364771822939618	0.2848905316641317	0.023	0.8404378274594863	0.19376916138277453	0.2179	0.8799942813395408	0.20935006048764163	0.1804	0.8511480103313904	0.24013699728155888	-0.0119	0.3093833682029015	1.225819217520158	0.0008	0.24059106586464615	1.4005627309166566	0.0655	0.29401781393509924	1.2947423919965309	0.1076	0.20949060338225045	1.0988704256136463	-0.01275	0.27031046196205727	0.9052597679756047	0.0702	0.33048817759795746	0.7586199265746718	0.1076	0.4686658831491511	1.2223084501980224	-0.01275	0.6057084456680627	1.0566706157951216	0.0702	0.6939163231123546	0.9057971079943141	0.1076
203	6.78562091503268	0.511353901570737	0.8186420245434881	0.0301	0.4499264270085414	0.7723699796862966	0.0301	0.5746269301532009	0.49804420023496504	0.129	0.7126821911546082	0.23895351556182293	0.023	0.704371349469624	0.13473326132598798	0.2179	0.6760325883286051	0.13729278354495017	0.1804	0.7512818299583074	0.20697814517067523	-0.0119	0.588257811540606	0.8462757381602569	0.0301	0.7084946189274429	0.5992372032697931	0.129	0.834368834922835	0.2847186703749751	0.023	0.8431535606568569	0.19612282785066715	0.2179	0.8818046847912334	0.21120337481559087	0.1804	0.8446861147261027	0.24004596166655762	-0.0119	0.3150783903107122	1.2267380882053167	0.0008	0.24828499144892005	1.4029040874544532	0.0655	0.2963775301352927	1.2891162723603258	0.1076	0.21462187784414954	1.1003399405864491	-0.01275	0.27016603462388133	0.9045066865191456	0.0702	0.32965943968994205	0.759300753064363	0.1076	0.47439914059612026	1.2217539314174009	-0.01275	0.6096736806417269	1.0525264173391697	0.0702	0.6994452129972484	0.8954296266521514	0.1076
204	6.819047619047619	0.5135168745416601	0.8176080499934109	0.0301	0.4520076870712517	0.7720966048488753	0.0301	0.5744227706819783	0.5002152814996043	0.129	0.7130323597646422	0.2389014057708174	0.023	0.7038931453651246	0.1351889436198918	0.2179	0.6765319227349201	0.13778537958565923	0.1804	0.7522485845082941	0.20610561001292246	-0.0119	0.5901072117605761	0.8458120583943132	0.0301	0.7098987377918037	0.5947650359002364	0.129	0.8322557229723947	0.2849522407898679	0.023	0.8451825290462098	0.19709317242575036	0.2179	0.88344832746936	0.21262734654170243	0.1804	0.8403753754742826	0.23893212372330103	-0.0119	0.32174509925080336	1.2277218670186714	0.0008	0.2552693021408819	1.404836136569466	0.0655	0.2978782221608991	1.2863360335149872	0.1076	0.22125022328058713	1.1014743451939923	-0.01275	0.2709907598198526	0.9058522973349107	0.0702	0.32990097538807744	0.7605201302823326	0.1076	0.482198224732435	1.2192714477768714	-0.01275	0.6139415833584249	1.0476085832749935	0.0702	0.7017442380843112	0.8895644622066015	0.1076
205	6.852474323062558	0.5160061041488259	0.8180252828317364	0.0301	0.4538620303347459	0.7728937203286219	0.0301	0.5748073764677399	0.5013265012124235	0.129	0.7130333956187598	0.2398972474037116	0.023	0.7025680375028461	0.13678867561875957	0.2179	0.6767216055014589	0.13956283179968185	0.1804	0.7525585185200927	0.20524858231891158	-0.0119	0.5939583726208439	0.8430739197030452	0.0301	0.7121201897648444	0.5904012515684227	0.129	0.830336101430306	0.28339210186426894	0.023	0.8467520462028303	0.19726046446321843	0.2179	0.8841990518583734	0.2134358849323222	0.1804	0.8375116070314066	0.2354151357849044	-0.0119	0.32934618465242627	1.2290285298818386	0.0008	0.262757256523114	1.4072159927209522	0.0655	0.3030582897479039	1.2900358844181787	0.1076	0.2278366191764316	1.1023321192557818	-0.01275	0.27306924804392224	0.90820587533335	0.0702	0.3306749952818256	0.7615688496078865	0.1076	0.492002521775609	1.2161246334940894	-0.01275	0.6181755906701607	1.0415672759028536	0.0702	0.7044759067110473	0.8867086144029114	0.1076
206	6.885901027077497	0.518730738104825	0.8189881255663917	0.0301	0.4554479642543154	0.7743176278327477	0.0301	0.576695364986526	0.5014579892286319	0.129	0.7128447499560746	0.24104072066844878	0.023	0.7019012493375985	0.14004849519855578	0.2179	0.6769616695364596	0.1417220343455813	0.1804	0.7515841620141804	0.20482075233101	-0.0119	0.5978377932767647	0.8402142941185418	0.0301	0.715106347955004	0.5881050590533657	0.129	0.829940076244159	0.2799219621660623	0.023	0.8484550561621702	0.19633462745580627	0.2179	0.8849778027572991	0.21216841847302256	0.1804	0.8365251056029086	0.23104519438086674	-0.0119	0.3375113138439426	1.23063997443764	0.0008	0.27079526190231185	1.4102125528032181	0.0655	0.3121282412667686	1.2960788438906823	0.1076	0.23366463555119618	1.1038604905688187	-0.01275	0.2754975789030232	0.9108884411753413	0.0702	0.3311840978237774	0.7622298105871252	0.1076	0.5014572916115521	1.2155882876721307	-0.01275	0.6231169395045316	1.0376797799740598	0.0702	0.7082814365137681	0.8850183087033521	0.1076
207	6.919327731092436	0.5219926605148852	0.818933751797286	0.0301	0.45775210358062485	0.775405644074037	0.0301	0.5792754805305885	0.501871594900935	0.129	0.7129741115626037	0.24152510035799912	0.023	0.7022595892166786	0.1422667267024926	0.2179	0.677459943713199	0.14236143356181052	0.1804	0.7508627035433363	0.20505969759874834	-0.0119	0.6006783587037772	0.8392977683152009	0.0301	0.7182759343069764	0.5885884547009702	0.129	0.831153664383782	0.27724399941228944	0.023	0.8501244881937062	0.19478686806868853	0.2179	0.8866940779220612	0.20981715962988529	0.1804	0.8371112907107956	0.22916553026981967	-0.0119	0.34528606582065147	1.2330379684850616	0.0008	0.2789705192890194	1.4133036508400252	0.0655	0.32161632698425185	1.3004620003229932	0.1076	0.23851589297593281	1.10715920114195	-0.01275	0.27748516216123914	0.9136640833331062	0.0702	0.33143851118141926	0.7617141292375703	0.1076	0.5084074064538526	1.2187789713364359	-0.01275	0.629467228329434	1.0382486086406277	0.0702	0.7104028134945201	0.8841195500419761	0.1076
208	6.9527544351073765	0.526196731774292	0.8186696708014061	0.0301	0.4617995681038093	0.7758394634946056	0.0301	0.5815825271390135	0.5025387045384616	0.129	0.7139187195079012	0.24127385153504266	0.023	0.7030465148805116	0.14163640201820285	0.2179	0.6779685125096439	0.14177850455964272	0.1804	0.7513876297463424	0.20549457765644372	-0.0119	0.6037550977925039	0.8394652963878549	0.0301	0.7215374444746421	0.5894572789360712	0.129	0.8325466278178911	0.2768707351904728	0.023	0.8507812468725513	0.19363771810389774	0.2179	0.8882904656556309	0.20839971318847805	0.1804	0.8379797078140058	0.23015064984129863	-0.0119	0.35240131379757395	1.2366088794884895	0.0008	0.2870069954624009	1.4160653778853083	0.0655	0.3310631377437284	1.3040881383848544	0.1076	0.24309857207157584	1.112381434106958	-0.01275	0.2794430926927747	0.916403760253622	0.0702	0.33161604632229635	0.7602616440531546	0.1076	0.5133547209417646	1.223240329240173	-0.01275	0.6356636093266536	1.0412335942013817	0.0702	0.7104956329955305	0.8856927184239017	0.1076
209	6.986181139122316	0.530998097188287	0.8195435815511858	0.0301	0.46663803844212465	0.7763856297044701	0.0301	0.583894205774995	0.5021257231439357	0.129	0.715286189820616	0.24060281940407946	0.023	0.703694476749877	0.13972269609674826	0.2179	0.6780567491274386	0.1413053498403922	0.1804	0.7524942889486309	0.20514911502034452	-0.0119	0.6079710807322759	0.8400091648182553	0.0301	0.7251886256691749	0.5878585380700454	0.129	0.8329931477781228	0.27733854995037976	0.023	0.8501194579085444	0.19264773869933846	0.2179	0.888235105212363	0.20782964129916726	0.1804	0.8384192082932145	0.23079270814702363	-0.0119	0.3593166326689997	1.2403270415680934	0.0008	0.2950924218900006	1.4189826631569342	0.0655	0.342777010521027	1.3088351021064737	0.1076	0.2486412732566034	1.1185665819391306	-0.01275	0.2819343699969829	0.9191779506713408	0.0702	0.3319015208432189	0.7591336705470934	0.1076	0.5183638340019906	1.2262465041418944	-0.01275	0.6395516381824871	1.0442969798693504	0.0702	0.7082615319139989	0.8996723414137399	0.1076
210	7.019607843137255	0.5352767111657886	0.8208963238586021	0.0301	0.4704943765653626	0.777885985984933	0.0301	0.5865505059006172	0.5008639427971343	0.129	0.7158266982691747	0.23998834142255415	0.023	0.7040547886177974	0.13850713985262905	0.2179	0.6778588975974373	0.14176154386924933	0.1804	0.753329753683707	0.20369637667712578	-0.0119	0.6122516219174582	0.8415746817940232	0.0301	0.7283403717398316	0.5845337968050792	0.129	0.8327354341942521	0.2771433933663068	0.023	0.8489137961029135	0.19095158798829645	0.2179	0.8869593874512325	0.20719121593029796	0.1804	0.838696478883922	0.22908564410372714	-0.0119	0.36600670915101957	1.2429680009372175	0.0008	0.3037651349019356	1.4227853630766973	0.0655	0.35548190737999513	1.3142558977468817	0.1076	0.2546890820252478	1.1245090948831071	-0.01275	0.2850299046495746	0.9217717955742843	0.0702	0.3324943797955055	0.7585719932471983	0.1076	0.5251584393088146	1.2277359144723266	-0.01275	0.6427640991746029	1.0470122824370651	0.0702	0.6999171309887882	0.9382997745251764	0.1076
211	7.053034547152194	0.5383306264207318	0.8218065737537706	0.0301	0.47295509797639723	0.7801882664023367	0.0301	0.5886887678769174	0.5006111100836442	0.129	0.7152437504015923	0.23995909292136974	0.023	0.704121951059619	0.1384637012604391	0.2179	0.6779257254859073	0.14326758889548982	0.1804	0.7539800069650513	0.20162850189148707	-0.0119	0.6153983897213978	0.8440457917160675	0.0301	0.7298549566415993	0.5825499980865926	0.129	0.8329040611795819	0.27659306798661	0.023	0.8480731708632792	0.1888911716041352	0.2179	0.885971990419586	0.20639227327969853	0.1804	0.839785126248565	0.2266367997353204	-0.0119	0.3720096274045661	1.2448032537301263	0.0008	0.31245398368801147	1.4271700298201218	0.0655	0.36531134517587616	1.3184519541346924	0.1076	0.2594179086432044	1.1295306031429628	-0.01275	0.2886011961497113	0.9243212965338559	0.0702	0.33332843316717686	0.7583693259804692	0.1076	0.5334606461406889	1.229338226679509	-0.01275	0.6486569716343275	1.0489883798970014	0.0702	0.6872734318947111	0.9901180992098976	0.1076
212	7.086461251167133	0.5409500990325935	0.8231056465960872	0.0301	0.47512724320716704	0.7825323651027187	0.0301	0.5893932011395103	0.5015424525399228	0.129	0.7151548516266684	0.24083316900525478	0.023	0.7038140222360776	0.13924221095704675	0.2179	0.6782884892879025	0.14513244491987137	0.1804	0.7548272483533762	0.20017863978639477	-0.0119	0.617904363062063	0.846133903948136	0.0301	0.7297377849435919	0.5839603278115693	0.129	0.8337954156011689	0.2762507611692344	0.023	0.8479075886934762	0.18711952548273567	0.2179	0.8853449129847678	0.20536329824029215	0.1804	0.8421042158056444	0.22572620274913777	-0.0119	0.3772355041596394	1.2468249013331454	0.0008	0.319534598421441	1.4311020564922698	0.0655	0.3712456876328939	1.3205694103229817	0.1076	0.2623883331977973	1.1329972066878338	-0.01275	0.2919298073677757	0.9277317826653088	0.0702	0.3339033903877957	0.7592240609169373	0.1076	0.5413706937040952	1.2315004355293522	-0.01275	0.6563449500778503	1.0500982516361554	0.0702	0.680072737866462	1.0258959465532076	0.1076
213	7.119887955182072	0.5442813883242151	0.8252254830766196	0.0301	0.47803350053514687	0.7845306135393715	0.0301	0.5895314304925698	0.5011719320110942	0.129	0.7170205624298939	0.24262851777433272	0.023	0.7031622381974657	0.1398935225235224	0.2179	0.678522564272483	0.14643179626549765	0.1804	0.7556850425947321	0.20071917589455393	-0.0119	0.6206370694998629	0.847187611676147	0.0301	0.7297209796266853	0.5866890948121937	0.129	0.8346670428772877	0.2759620197405207	0.023	0.8483271718468428	0.18557496357581382	0.2179	0.8844196503136211	0.20422560893571318	0.1804	0.8445312980800979	0.22640761041574006	-0.0119	0.3819682136243895	1.2493693356703224	0.0008	0.3248117710316655	1.434214579773427	0.0655	0.3751821509004162	1.3214857935821638	0.1076	0.26520189627542134	1.135106671139073	-0.01275	0.29437048943726374	0.9324600363674149	0.0702	0.33377802460277173	0.7615604530215142	0.1076	0.5477945175800174	1.2333023914894132	-0.01275	0.6619607375883779	1.0514818398800074	0.0702	0.6817640876165133	1.0376702713283235	0.1076
214	7.153314659197012	0.5482529967968399	0.8262855288911654	0.0301	0.4814093781938358	0.7861278044697201	0.0301	0.5909578776637109	0.4981003441952009	0.129	0.7199971411445919	0.2444379793395149	0.023	0.7026767718347842	0.1390619313773162	0.2179	0.6787561352266017	0.14589986833603832	0.1804	0.7562468305865254	0.20285285494204192	-0.0119	0.6235172722018769	0.8480525783849495	0.0301	0.7321937694945515	0.587142667885501	0.129	0.835297068088467	0.2756878038592737	0.023	0.8493279335441297	0.18441749762157134	0.2179	0.8836790369725096	0.2037269410676261	0.1804	0.8456559174901485	0.22736501734383657	-0.0119	0.38655046270130994	1.2518081682039661	0.0008	0.32968653564566675	1.4368154709989804	0.0655	0.3790567153179582	1.3223263462606438	0.1076	0.2693949887077401	1.1376191437114853	-0.01275	0.2967523650891072	0.9376033853258088	0.0702	0.333803670922371	0.764535549910636	0.1076	0.5528710698858925	1.234269958209721	-0.01275	0.6650423755068644	1.0535055803422575	0.0702	0.6871468508449478	1.0385786016404885	0.1076
215	7.186741363211952	0.5522246564454408	0.8251113668949657	0.0301	0.48470835171481025	0.7872425977851213	0.0301	0.5939031433072828	0.49436976291587464	0.129	0.7218921562356445	0.24480848854112713	0.023	0.7027889741745988	0.13612117462009082	0.2179	0.6794008567024935	0.14300414816859824	0.1804	0.7565796415210007	0.20452488694014012	-0.0119	0.626513300986241	0.8492272100323074	0.0301	0.7370987045180842	0.5858088464315385	0.129	0.836128639921629	0.2756820881694005	0.023	0.8503818169399102	0.18406719909865898	0.2179	0.8836342893950204	0.20413169787822427	0.1804	0.8454977322159082	0.2283802243148161	-0.0119	0.3914093170265252	1.2532628164391928	0.0008	0.334880710676123	1.438981876169657	0.0655	0.38283910019122275	1.323507057512211	0.1076	0.2747274363923298	1.1410502606053825	-0.01275	0.300312917142519	0.9416455700872602	0.0702	0.33540702707744746	0.7672252035116238	0.1076	0.557288379285363	1.2348049150032099	-0.01275	0.669093890226412	1.0544016236549878	0.0702	0.6918708630681741	1.0383349652945841	0.1076
216	7.220168067226891	0.555914933732254	0.823728449684447	0.0301	0.4881047891095543	0.7873161341163181	0.0301	0.5969324349509171	0.49204486531705965	0.129	0.7214642362440198	0.24380037800933993	0.023	0.70281943461561	0.1324003629460079	0.2179	0.6795609265382483	0.13983948289027004	0.1804	0.7567948554737591	0.20434048995875084	-0.0119	0.6303849491656184	0.8493275023456128	0.0301	0.7422828138087757	0.5838346747823924	0.129	0.8372687417468699	0.27604281025147337	0.023	0.8504687542827366	0.18474157927547888	0.2179	0.8836855317281666	0.20517533703503416	0.1804	0.8455815568173664	0.23009008076193566	-0.0119	0.3967132859892251	1.2538570816501906	0.0008	0.3400589392350911	1.4408202759162345	0.0655	0.3850969701525139	1.3248828087163338	0.1076	0.27976923008664356	1.1436869034848838	-0.01275	0.30481837639413223	0.9443660758701324	0.0702	0.33833760375986793	0.7694215772068579	0.1076	0.562272131007595	1.2353398893103116	-0.01275	0.6762196169905398	1.053047804409051	0.0702	0.694080853294119	1.0421564527263458	0.1076
217	7.25359477124183	0.5592879802388179	0.8239289107784137	0.0301	0.491324462533704	0.7857461915917965	0.0301	0.5989394447692444	0.4905349509209036	0.129	0.7195040446531658	0.24292179618155027	0.023	0.7015053923973501	0.13003662791680295	0.2179	0.6775665803366722	0.13851295040770098	0.1804	0.7567345211636027	0.20322389633560176	-0.0119	0.6352067631769691	0.8476152162608596	0.0301	0.7465020377983865	0.5797728845534723	0.129	0.8379577239737781	0.2769909448489513	0.023	0.8498607277545518	0.1861204550276016	0.2179	0.8836263529062028	0.2062334172108618	0.1804	0.8463473575685833	0.23215083642478282	-0.0119	0.40180214172983864	1.2544183892927365	0.0008	0.3446642179433943	1.4427019670103063	0.0655	0.3861116992189505	1.3262370143888718	0.1076	0.2835444274576893	1.1445223204721462	-0.01275	0.30910610414229156	0.946619390531957	0.0702	0.3409385951480452	0.7708892168945157	0.1076	0.5679346200709923	1.2357217537580099	-0.01275	0.6847273297235017	1.0511816919682762	0.0702	0.6944111470978492	1.0513553523631727	0.1076
218	7.287021475256769	0.5620947265229662	0.8250155985187966	0.0301	0.49307141480789535	0.7839896263744823	0.0301	0.5994594881198204	0.4888950156064513	0.129	0.7176798872386497	0.2434246091063058	0.023	0.6988386249417543	0.1289974301238003	0.2179	0.6740312661147558	0.1379076736257013	0.1804	0.7560658369877717	0.20429784097694964	-0.0119	0.639299848382304	0.8460554789454005	0.0301	0.7494771663331119	0.5746728109273219	0.129	0.8373345584467705	0.27888960778194744	0.023	0.8496433266794616	0.18599802282663877	0.2179	0.8843246778019617	0.2054223999000501	0.1804	0.8457895180071618	0.23444711448856623	-0.0119	0.40602915804255474	1.254812910977065	0.0008	0.348246749632911	1.444703834546719	0.0655	0.38859976890030384	1.327960417854208	0.1076	0.28642151494745893	1.1445663850103975	-0.01275	0.31299636514605084	0.9482041784828553	0.0702	0.34243494186719725	0.771404774413829	0.1076	0.5722204961194592	1.2359410623855056	-0.01275	0.6917500552983525	1.0512391207465637	0.0702	0.6957308441260436	1.0614112345499163	0.1076
219	7.320448179271708	0.563482009979046	0.8266055055203685	0.0301	0.49285625860305154	0.7848151870550801	0.0301	0.5981749770752114	0.4875310354331388	0.129	0.7162876814594481	0.24597872921188887	0.023	0.6972744460671064	0.12805109950012233	0.2179	0.6721428661694215	0.1365602890554209	0.1804	0.7546069149843526	0.20992184131684583	-0.0119	0.641184735470241	0.8462659336570261	0.0301	0.7509502842217118	0.5720189316887141	0.129	0.8358891382846686	0.2813976515728388	0.023	0.8493931056034085	0.18217027747582876	0.2179	0.8859828994571027	0.20182317453064721	0.1804	0.8433997600164568	0.23797975717528647	-0.0119	0.4096030435307871	1.2548536356435314	0.0008	0.3505328455364517	1.4466346318804464	0.0655	0.39369197725675076	1.3305941456963573	0.1076	0.28916974313578636	1.145298651044749	-0.01275	0.31722218592534	0.9484894499847669	0.0702	0.34371447839520225	0.771330262482434	0.1076	0.5739396518467624	1.2369855236683815	-0.01275	0.6956839160052569	1.053939843682074	0.0702	0.6986480627915911	1.0700449406980386	0.1076
220	7.353874883286648	0.563118937760916	0.8289111830515274	0.0301	0.4918589214972296	0.7882007266587395	0.0301	0.5954007225644122	0.487242730998786	0.129	0.7142223692651476	0.2501368991280199	0.023	0.7006575282621472	0.1281281510984552	0.2179	0.6741724026973889	0.13592906954423042	0.1804	0.7520798446519029	0.21832618248581348	-0.0119	0.6414029711030088	0.847389591420419	0.0301	0.7512869441243308	0.5719529122581173	0.129	0.8351853205124726	0.28341255927715625	0.023	0.8477880674106132	0.17645680629372795	0.2179	0.8873480441856035	0.1978735152015738	0.1804	0.8421902443797873	0.2421050015567452	-0.0119	0.41242355071744413	1.2564590049366584	0.0008	0.35128884078387657	1.4485393721098407	0.0655	0.3979028081931841	1.3339539589027967	0.1076	0.2918834237164086	1.147016578718167	-0.01275	0.3213384965446536	0.9480402996333672	0.0702	0.3455632956218618	0.770894094531241	0.1076	0.5750942259858703	1.239701892128491	-0.01275	0.6970895864850709	1.058278823289214	0.0702	0.7015464802448247	1.0783560207675125	0.1076
221	7.387301587301587	0.562209929055614	0.8305853944750029	0.0301	0.4912833456680827	0.7912130832903341	0.0301	0.5925916961610872	0.48856065768963414	0.129	0.7115163660518227	0.25359997877858614	0.023	0.7112880281865757	0.13060322414670036	0.2179	0.6804700498638608	0.1371837290040906	0.1804	0.7482355010505879	0.22467661053047602	-0.0119	0.6413190723822257	0.8482006956882433	0.0301	0.7514298650207686	0.5718880290017117	0.129	0.8362384916021123	0.2841168090136772	0.023	0.8449233454991131	0.1724702703740109	0.2179	0.8872529504994029	0.19616355966417373	0.1804	0.8441132319436248	0.24447092989844194	-0.0119	0.4139369798826116	1.261009396189302	0.0008	0.3507050492725785	1.4506839104628924	0.0655	0.39788680654649605	1.3374261224634993	0.1076	0.2945544026206087	1.148872788642404	-0.01275	0.3236619088150939	0.9476324688713612	0.0702	0.34731651243425754	0.7698054607688553	0.1076	0.5777380139048506	1.2431129160167929	-0.01275	0.698097339062966	1.0622902523970146	0.0702	0.7045250241607222	1.0847454619025025	0.1076
222	7.420728291316526	0.5617973883847556	0.830466505824965	0.0301	0.4910963758830417	0.7921703353725119	0.0301	0.5914752920378178	0.4912544183296858	0.129	0.7101551842265612	0.2535884646167055	0.023	0.7277362426893846	0.1337216444810972	0.2179	0.6909349564886307	0.13747242645681018	0.1804	0.7441403452434867	0.2256415067532606	-0.0119	0.6414376923641675	0.8486809857610363	0.0301	0.751841227712531	0.5710114793584847	0.129	0.8382874325834223	0.2837858459588215	0.023	0.8424086218107214	0.17116887281204657	0.2179	0.8859576100770186	0.1967975469801272	0.1804	0.8469092628586394	0.24462378835039394	-0.0119	0.4145958077042414	1.2661129173680306	0.0008	0.3496162656565504	1.452757905376295	0.0655	0.3963388427869005	1.3394384919841678	0.1076	0.29738845989724516	1.1504968367859332	-0.01275	0.32405699057440235	0.9476917169927	0.0702	0.34786344039061096	0.7682963070230642	0.1076	0.580563548858233	1.2454044335748788	-0.01275	0.7000071994526386	1.0646413812067963	0.0702	0.7081169107495965	1.087944429058359	0.1076
223	7.454154995331466	0.5616850189201102	0.8296653610252114	0.0301	0.4906756618510916	0.7917067665915264	0.0301	0.5924193825327866	0.4936428828033646	0.129	0.7116158984488262	0.24901041318336337	0.023	0.745253634110944	0.1340526992873011	0.2179	0.7037822510185453	0.13318440481627256	0.1804	0.742296920173025	0.22095862417294487	-0.0119	0.6415544225061907	0.8491447966599028	0.0301	0.7524442024763817	0.570572160838173	0.129	0.8390473391985546	0.2835241692478543	0.023	0.8413140413942469	0.17206798836389484	0.2179	0.8846335957998024	0.19951947520890512	0.1804	0.847407296061934	0.244469384824289	-0.0119	0.41513040378222155	1.2687666097471355	0.0008	0.3486987000498113	1.4538453004091692	0.0655	0.39711111198774657	1.3381133103385472	0.1076	0.2999997019040442	1.1523253340233177	-0.01275	0.3244397168260685	0.948655185584011	0.0702	0.3469427885989603	0.7671993527861027	0.1076	0.5814446741917504	1.2460058024260607	-0.01275	0.7032756991709328	1.0656153665484556	0.0702	0.7106021816105883	1.0909323776952606	0.1076
224	7.487581699346405	0.5616619736457493	0.8296031952419718	0.0301	0.4899306079640665	0.7905669578508201	0.0301	0.5946434896769434	0.49349787045984517	0.129	0.7153782880645645	0.2406850047773896	0.023	0.7589238229027423	0.13014476843707262	0.2179	0.7149549528589647	0.12502806275513825	0.1804	0.7448313596105975	0.21082930124971405	-0.0119	0.6415584670038191	0.8490729282741736	0.0301	0.7532686455448361	0.5709930048227736	0.129	0.837396421986807	0.2835093965547466	0.023	0.8412304473868895	0.1748497699034177	0.2179	0.8839589167766054	0.20404807809584752	0.1804	0.845874799921913	0.2448155829192717	-0.0119	0.4153112202955885	1.2690181038064698	0.0008	0.3480130656367698	1.453861536933752	0.0655	0.39814030843717807	1.334762665268297	0.1076	0.3013558389135665	1.1536838303612882	-0.01275	0.32571320220529715	0.9495605907633097	0.0702	0.34550339311988815	0.7668873411135007	0.1076	0.5812566335357651	1.2451520943074321	-0.01275	0.7079134933643288	1.0664758973616197	0.0702	0.7111486585368715	1.0943130538956536	0.1076
225	7.5210084033613445	0.5618270164908877	0.8299339872345316	0.0301	0.4892380047949727	0.78919766829553	0.0301	0.5976971145569557	0.49060442680942157	0.129	0.7202868419602128	0.22961606406066015	0.023	0.7668916516052293	0.12248860478516432	0.2179	0.7217395690466576	0.11547591228724687	0.1804	0.7513590364239554	0.19582187746435545	-0.0119	0.6416021252654692	0.8477842804814312	0.0301	0.7542013753178632	0.5708765276142247	0.129	0.8350112293899057	0.28275296026630553	0.023	0.8417127569205937	0.17753802885194378	0.2179	0.8836842926680658	0.20738679730257506	0.1804	0.8448103428820103	0.24434871041276615	-0.0119	0.41513853066138506	1.2682807998978123	0.0008	0.3474965573890385	1.4537823999124524	0.0655	0.3958412511013926	1.3323357319673699	0.1076	0.3013280197052275	1.1536583403662741	-0.01275	0.32690857476480323	0.9491611068724781	0.0702	0.3446274141171483	0.7673996520720042	0.1076	0.5817888112431634	1.2434252794933849	-0.01275	0.711486788198482	1.0681618312401737	0.0702	0.7120954172865988	1.0944296155886777	0.1076
226	7.554435107376284	0.5621164122879948	0.8291419471685978	0.0301	0.4885280487096415	0.78861833727105	0.0301	0.601351787556068	0.4869780654024331	0.129	0.7261999842277305	0.21581475280735013	0.023	0.7712986217610255	0.11122327329002607	0.2179	0.7258281181281662	0.10385828564790564	0.1804	0.7591105944141086	0.17873888897859125	-0.0119	0.6417647395152917	0.8460230016957099	0.0301	0.7546794055638678	0.5689958735319612	0.129	0.833478181401216	0.28229723063292766	0.023	0.843146685539036	0.1772541659124592	0.2179	0.883632199280567	0.20604009047281294	0.1804	0.8448226137271405	0.2431514160543978	-0.0119	0.4153906185235693	1.2667965779963062	0.0008	0.3471483131005338	1.4541286883963613	0.0655	0.3912013028518254	1.3308567052229365	0.1076	0.30109440784944136	1.1535759344048846	-0.01275	0.32734143420496337	0.948868422965238	0.0702	0.34406453286318434	0.7684924114344749	0.1076	0.5825346109415632	1.2423085028317358	-0.01275	0.7124076157093856	1.0686607900535017	0.0702	0.7143876801618253	1.0921010278255685	0.1076
227	7.587861811391223	0.5625395539344478	0.8264161777309615	0.0301	0.48764305922342915	0.7885533805053225	0.0301	0.6052550656065688	0.4836139238421458	0.129	0.7336657811073408	0.19948780089308107	0.023	0.7766547675366111	0.09761623878783074	0.2179	0.7313550136776996	0.08969723997303829	0.1804	0.7661026109826878	0.16208676637817673	-0.0119	0.6421069165841667	0.8447089143083755	0.0301	0.7544798452281338	0.5662124004314957	0.129	0.8320633687950705	0.284836937384008	0.023	0.8453785924129171	0.17496652832461612	0.2179	0.8837964080748898	0.2025302264166211	0.1804	0.8447248964600348	0.243035572101558	-0.0119	0.41618588323338135	1.2645349418300327	0.0008	0.3466063071228403	1.454415273522441	0.0655	0.3874172318913126	1.3294678670019533	0.1076	0.3009879384603361	1.1546572754959992	-0.01275	0.3270831369120237	0.9500764928053606	0.0702	0.34326989856760265	0.7691117297607634	0.1076	0.5826152475636894	1.2426997236596435	-0.01275	0.7132100074024897	1.0651643017051502	0.0702	0.7156037305032008	1.093764489685902	0.1076
228	7.621288515406162	0.56351619005921	0.822509870849144	0.0301	0.48762732246463647	0.7857047755798834	0.0301	0.6097404321219592	0.47943852669164627	0.129	0.7419352147369912	0.18332618673914067	0.023	0.7850515779941984	0.08616755427170819	0.2179	0.7396951976319406	0.07714173268780233	0.1804	0.7726282744224493	0.14645510885204716	-0.0119	0.6432814538773013	0.8421763693894992	0.0301	0.754212667608986	0.564095126064743	0.129	0.8301149574612535	0.2897072216000918	0.023	0.8467398814954806	0.1753567136806492	0.2179	0.8831913415444539	0.20346395511531168	0.1804	0.8441586201010712	0.24417988572853433	-0.0119	0.4165199987769017	1.2623952934147546	0.0008	0.3453885870311459	1.4541530658455595	0.0655	0.38586798111918713	1.3289067897659321	0.1076	0.29988203662406243	1.1553021768381633	-0.01275	0.32572869182306685	0.9512234335599102	0.0702	0.34272413282369096	0.7686959020063217	0.1076	0.5823570002694788	1.2436681696861351	-0.01275	0.7149532390171048	1.0603045106608688	0.0702	0.7154002410266324	1.1001988013360924	0.1076
229	7.654715219421101	0.5654421816206321	0.8184999159873958	0.0301	0.48954879621226915	0.7783622062059553	0.0301	0.6149960376141089	0.47433300661291533	0.129	0.7493002940943152	0.17150959976894872	0.023	0.7935287358182921	0.0799773766273675	0.2179	0.7480567935077364	0.0703644826856257	0.1804	0.7792326160214249	0.13381915725960386	-0.0119	0.6457734769915061	0.8366024507408986	0.0301	0.7550119750853372	0.5614993682748682	0.129	0.8286628383303023	0.29313871886950327	0.023	0.8463475346988021	0.17987890534437853	0.2179	0.8812994681201547	0.20953390989297996	0.1804	0.8432844345209404	0.24608785265298408	-0.0119	0.41531121941269866	1.2610134928501509	0.0008	0.34349284833928323	1.4534981028898901	0.0655	0.38513527998551095	1.3290233195934524	0.1076	0.29731191849567884	1.1533590585059679	-0.01275	0.3224988271889197	0.9506056386714334	0.0702	0.3424373171594016	0.7680643054211931	0.1076	0.581666859406896	1.2440107812254222	-0.01275	0.7160349236445696	1.058094877028942	0.0702	0.7158472715030199	1.102678217321455	0.1076
230	7.688141923436041	0.5677877907520227	0.8148515052299203	0.0301	0.49249766685487434	0.7699350369662017	0.0301	0.6196090085257585	0.470469082136613	0.129	0.7559105229837837	0.16533208835269522	0.023	0.7993620057968892	0.07699875788481773	0.2179	0.7541884486435727	0.06792613065462311	0.1804	0.7858824221545029	0.12658720492870326	-0.0119	0.6486363930702098	0.8299818560177122	0.0301	0.757273908169365	0.5567193930710007	0.129	0.828570229642784	0.293541102025266	0.023	0.846338795664047	0.185711249439418	0.2179	0.8800812489187525	0.21498528482690038	0.1804	0.841498502396667	0.24992977701434216	-0.0119	0.4124250059809468	1.2600580355125084	0.0008	0.3408919946899784	1.452491372457722	0.0655	0.38350784747925076	1.3278853350245434	0.1076	0.29406388295992947	1.148960370620497	-0.01275	0.31793739000218557	0.9486042489161688	0.0702	0.341108552848175	0.7675855229849556	0.1076	0.5800103016929585	1.2439679882133443	-0.01275	0.7163335950056158	1.057466797490522	0.0702	0.7155031032273254	1.0975619232146039	0.1076
231	7.7215686274509805	0.5696556059582584	0.8120260102895697	0.0301	0.4950741008990323	0.764326368774272	0.0301	0.6224195977015056	0.46949309717906107	0.129	0.7630672448452585	0.16317190677803312	0.023	0.8048547640054111	0.07481132009216046	0.2179	0.7594338135528366	0.06618651118525602	0.1804	0.7924268071332248	0.12401476362085162	-0.0119	0.6505923550490956	0.8254593137432283	0.0301	0.7589073998438379	0.5532673211477471	0.129	0.8283156798549557	0.29444989312621644	0.023	0.8490163718367038	0.1916873525437235	0.2179	0.8811015687539976	0.21761531658491098	0.1804	0.8380835469731769	0.25708431963299955	-0.0119	0.40869605618633253	1.2590809884409673	0.0008	0.3371422602323081	1.45073181542745	0.0655	0.3814609348738655	1.3244397299009438	0.1076	0.29065448592888665	1.1443088087368087	-0.01275	0.3139194067155594	0.9464506174134155	0.0702	0.3377389631285591	0.7663514118301221	0.1076	0.5774482337623817	1.2445635394956602	-0.01275	0.7154341399435976	1.0567979125194615	0.0702	0.7123143394630507	1.0929127101329763	0.1076
232	7.75499533146592	0.5708173435102466	0.8103321965163597	0.0301	0.49698901326649425	0.7622045231450494	0.0301	0.6242544166263009	0.47074250020653186	0.129	0.7698298986561939	0.16386225490588224	0.023	0.812733852467799	0.07369463729600062	0.2179	0.765511694420519	0.06457207455685218	0.1804	0.7978184420359512	0.1239640858286562	-0.0119	0.651417132946524	0.8236624644306222	0.0301	0.7571739232593616	0.555667316943333	0.129	0.8247909508657992	0.30122453713914976	0.023	0.853365207102492	0.19783240706169614	0.2179	0.8826768311274028	0.2206659066433905	0.1804	0.8334331614508061	0.266658756404687	-0.0119	0.4047880679524237	1.2577698169318614	0.0008	0.3321620905886911	1.4485919601932038	0.0655	0.37890651319050567	1.3200725305206629	0.1076	0.28683792964367727	1.14135628447372	-0.01275	0.3109350233507228	0.9448263035906977	0.0702	0.3327895041778308	0.7641902446866198	0.1076	0.5744807937769824	1.24569403216559	-0.01275	0.7131123440657947	1.0558478233529542	0.0702	0.7082570398177841	1.0934753357238791	0.1076
233	7.788422035480859	0.5711249561791257	0.8092813233839106	0.0301	0.49809259434272046	0.7621733007840005	0.0301	0.6260497707107674	0.47288135173709567	0.129	0.7735061353878625	0.1659240921360597	0.023	0.8206429294780283	0.07316868719473978	0.2179	0.771456179282973	0.0636108826041319	0.1804	0.8007260431193235	0.12474355771590187	-0.0119	0.6513833763702325	0.8236519848786285	0.0301	0.7526651296485307	0.56095715344377	0.129	0.8185444147639815	0.31177701480279535	0.023	0.8569033605534508	0.20078242150916092	0.2179	0.8832603625608206	0.22393675850536052	0.1804	0.8294317510205104	0.27492292537815766	-0.0119	0.40068205486557906	1.2557871573445707	0.0008	0.32633486237130255	1.4470131048017807	0.0655	0.37408012508333754	1.3162243339346111	0.1076	0.28232550184638205	1.1398763819609208	-0.01275	0.3077309640872346	0.9437215393477927	0.0702	0.3279307322930941	0.7627382340956935	0.1076	0.5714251072338227	1.2462488033972838	-0.01275	0.7114524523554697	1.0537855370567313	0.0702	0.7048154850445918	1.0925720074633687	0.1076
234	7.821848739495798	0.5701903426137388	0.8082410006205892	0.0301	0.49803410546861954	0.7629016113432711	0.0301	0.6274386013373218	0.4746436471352996	0.129	0.7732443880994226	0.1669560808023949	0.023	0.8249549602777575	0.0712281128295004	0.2179	0.7754165693225429	0.0618276205732572	0.1804	0.8014811931997863	0.12505674132225134	-0.0119	0.6503913322364053	0.8247499195575405	0.0301	0.7487908933330398	0.5627927670366295	0.129	0.8145076090145033	0.3170172721043186	0.023	0.8587941934770027	0.1975987616907904	0.2179	0.8838972916911577	0.22328745217815324	0.1804	0.8275604176342024	0.2789853922146777	-0.0119	0.3963321515955077	1.2532868750813224	0.0008	0.3199308497908892	1.4459115613932438	0.0655	0.36749320225767657	1.3125347831914795	0.1076	0.27711119539488066	1.1383052245900847	-0.01275	0.30379593870316024	0.9428590111647973	0.0702	0.3246487738731695	0.7632969934214946	0.1076	0.5678410446855567	1.2458077162861876	-0.01275	0.7094096730147452	1.0536343036151243	0.0702	0.7024631625210858	1.0831109620057227	0.1076
235	7.855275443510737	0.5682278391518355	0.8072539245452675	0.0301	0.4967435955886599	0.76393064654053	0.0301	0.6277307804027942	0.4745187102874321	0.129	0.7712504367959927	0.1661757486207012	0.023	0.8263778270467318	0.06768228713896596	0.2179	0.7771485589814736	0.05793670334993994	0.1804	0.8016940811821889	0.12458481887211162	-0.0119	0.6483024785999904	0.8266954524970829	0.0301	0.7477387231849505	0.5609541813989977	0.129	0.8143857751647396	0.31526296074684906	0.023	0.8594242818302354	0.1923217650057729	0.2179	0.8846787788617106	0.22042517388332822	0.1804	0.8267739067338113	0.28088843639967676	-0.0119	0.39183777993593444	1.2510577744716376	0.0008	0.31332953313817224	1.444885558207705	0.0655	0.36188180903426503	1.3096574626353454	0.1076	0.2716289657287492	1.1360301576574516	-0.01275	0.29952610007983765	0.9417406233184151	0.0702	0.32277846673847166	0.7646638061827885	0.1076	0.5633239593487058	1.2450647410637763	-0.01275	0.7028803405871118	1.0598074120250915	0.0702	0.7030735943504489	1.0684896222351719	0.1076
236	7.8887021475256764	0.5659320170413681	0.8070950678313379	0.0301	0.494611221144099	0.7642761140367302	0.0301	0.6266013472475022	0.47293182194831546	0.129	0.7704836999996475	0.164754193304089	0.023	0.8272214883999186	0.06468603478663508	0.2179	0.77761228353288	0.053834634888403676	0.1804	0.8024316913189696	0.1238965129677427	-0.0119	0.6457846419099784	0.8286603335291559	0.0301	0.748147130834945	0.5609290986799955	0.129	0.8154426042447266	0.31401839948293253	0.023	0.8591511241895284	0.19105703678829944	0.2179	0.8846145410387434	0.22079361875117998	0.1804	0.8258101852460035	0.28306183387999734	-0.0119	0.38723720628013436	1.2501643660947654	0.0008	0.30714180640483635	1.4441997552826789	0.0655	0.35794329010035103	1.309495350905382	0.1076	0.2671118572902724	1.1339148938859096	-0.01275	0.29521895081461447	0.9401288709682631	0.0702	0.32119826205010893	0.7644574848389727	0.1076	0.5585289834623588	1.245426449209807	-0.01275	0.6936416030873205	1.0685554370437096	0.0702	0.7055333780258314	1.057997420100944	0.1076
237	7.922128851540616	0.5632370946338642	0.8084833897320457	0.0301	0.49197018205130993	0.7632984837785631	0.0301	0.624102391541936	0.47258141806166476	0.129	0.7717992640118531	0.1639101719093623	0.023	0.827148412143265	0.06371679949153766	0.2179	0.7773760331080063	0.05249999238700382	0.1804	0.8035098279774598	0.12410548303703721	-0.0119	0.6433488721633559	0.8297677368582753	0.0301	0.7472417230141407	0.5662477050920233	0.129	0.8170717467875229	0.3164843466963442	0.023	0.858419550268586	0.19402039267256835	0.2179	0.8850958669458567	0.22369826336844703	0.1804	0.8264326457212591	0.28291152772679196	-0.0119	0.38266964126664826	1.2510467002821277	0.0008	0.30143641488808354	1.4440651229275774	0.0655	0.35417839297920356	1.3105420433345574	0.1076	0.2643044193863023	1.1327638028970919	-0.01275	0.29133595794151435	0.9386503366172663	0.0702	0.3197307113943338	0.7619618086815394	0.1076	0.5540206980137939	1.2479039224802762	-0.01275	0.6872269759945548	1.0730879250127874	0.0702	0.7055799755471001	1.054908304594212	0.1076
238	7.955555555555556	0.5592304896348989	0.810953960857057	0.0301	0.4884415682926967	0.7625837889325133	0.0301	0.6208363667302376	0.474050479070065	0.129	0.7735571199231908	0.16380343980091946	0.023	0.8253144904384205	0.06409139353768245	0.2179	0.7768580163197147	0.05344605993427558	0.1804	0.8038803189932685	0.1258760090366705	-0.0119	0.6401311301550631	0.8304427471807359	0.0301	0.7447612881085814	0.574272518135445	0.129	0.8203986383392703	0.31970969074700345	0.023	0.858644414644174	0.19824318769736318	0.2179	0.887402988297192	0.2266525280135534	0.1804	0.8306467375080961	0.2794075417845582	-0.0119	0.37860495253894993	1.2522267715152893	0.0008	0.29569185276666077	1.444820776165382	0.0655	0.35019179750565366	1.3093548642748065	0.1076	0.26161783822585877	1.1321722077620275	-0.01275	0.28856203000145075	0.9378929895023378	0.0702	0.3190255104285515	0.7585552019687035	0.1076	0.5493890813389753	1.2516022560994897	-0.01275	0.684138366902714	1.0729076446129995	0.0702	0.7013589354560332	1.0554313715096213	0.1076
239	7.988982259570495	0.5540391654132503	0.8132601805310335	0.0301	0.4841223412099695	0.7633176761951848	0.0301	0.6177525603143574	0.4747755863130462	0.129	0.7740445522493961	0.16406981944748686	0.023	0.8229281880150701	0.06476934892770032	0.2179	0.776910274553202	0.05391708389006517	0.1804	0.8030085335822261	0.12847154017123583	-0.0119	0.6358180097133918	0.8312469202671159	0.0301	0.7425548610628503	0.5794771738019795	0.129	0.8241972114863921	0.322062443970224	0.023	0.861594640396712	0.20191689304322247	0.2179	0.8900981215571748	0.23081292894106478	0.1804	0.8365680930772346	0.27745052462418235	-0.0119	0.37542077509441146	1.2521833385275074	0.0008	0.28996055017769723	1.4464428349687235	0.0655	0.34656570914845	1.3068149963325166	0.1076	0.2571465969353336	1.13159461511344	-0.01275	0.2872638186657789	0.9376489272504732	0.0702	0.3189663026532264	0.7561588135033288	0.1076	0.544663528672273	1.2547399157398451	-0.01275	0.68186710742556	1.0702829446417879	0.0702	0.6937436411780705	1.0573351977621954	0.1076
240	8.022408963585434	0.5496602700816424	0.8147317159539454	0.0301	0.4805488957193345	0.7644803327880378	0.0301	0.6157147440392359	0.47333933346779655	0.129	0.7734856001007915	0.16454025301529682	0.023	0.8214259536471216	0.06581436567842039	0.2179	0.7773232130971374	0.05411391577304522	0.1804	0.8021540998284143	0.13048451660983484	-0.0119	0.6319882071465039	0.8319815626924952	0.0301	0.7415674207659805	0.5794511304985108	0.129	0.8273073025901616	0.3230626362775275	0.023	0.8657058776438806	0.20407296498305688	0.2179	0.892124278833702	0.2343810135445746	0.1804	0.8413151238677687	0.27918844479274696	-0.0119	0.3725755280900234	1.252090903547357	0.0008	0.2852238964001098	1.4474497155743773	0.0655	0.34279639081564406	1.3063532268756461	0.1076	0.25175046645703286	1.1316604056232689	-0.01275	0.2865081229523082	0.9375455483940954	0.0702	0.31870640653092	0.7556322925531199	0.1076	0.5408114544653639	1.2569066201564767	-0.01275	0.6791302639420548	1.0680796327248174	0.0702	0.6848278731081674	1.062562925493058	0.1076
241	8.055835667600373	0.5475188488278468	0.8157151427790743	0.0301	0.4790206367534249	0.7650472872609554	0.0301	0.6148408727273177	0.4711806467869163	0.129	0.773061045773603	0.16487727870882685	0.023	0.8208361069001011	0.06735912160953736	0.2179	0.776989969700786	0.055881216533327865	0.1804	0.8029326250688786	0.13117116779793014	-0.0119	0.6296751382948975	0.8331883516271446	0.0301	0.7415265145800717	0.5762738678455216	0.129	0.8303644695155696	0.3229692804254351	0.023	0.8670671082876287	0.20454090559814064	0.2179	0.8937747523103726	0.23312501777156866	0.1804	0.8446432080056743	0.2813278366481598	-0.0119	0.36915158875220255	1.2533303718687667	0.0008	0.2823165968013865	1.447249066906305	0.0655	0.33860503398806147	1.3078067316525608	0.1076	0.24739340260915366	1.1330790247009401	-0.01275	0.28427873390162006	0.9373909823246852	0.0702	0.3178367131487549	0.7560676402576488	0.1076	0.5380312996568196	1.2588295938202243	-0.01275	0.6753047654930339	1.0699399647327283	0.0702	0.6785470336844583	1.0690700929059032	0.1076
242	8.089262371615312	0.546788467094329	0.8166891071270874	0.0301	0.47894789660301723	0.7649995279689981	0.0301	0.6144816331239916	0.4702014732376771	0.129	0.7731406534189083	0.16478769574539456	0.023	0.8209525892408519	0.0680051085429199	0.2179	0.7759726114251071	0.057144454360740164	0.1804	0.8050069868785364	0.13096379173964878	-0.0119	0.6278439166501614	0.8366280629642089	0.0301	0.7422766930504887	0.5726195209411938	0.129	0.8324640229731508	0.32459473568951097	0.023	0.8658986816359833	0.20405153334842388	0.2179	0.8943989514758885	0.2294882944819311	0.1804	0.8464406511596242	0.28320734383318164	-0.0119	0.36527496972328005	1.2549832102490972	0.0008	0.2807457653770936	1.447669401519697	0.0655	0.3353843205593439	1.3088360658904417	0.1076	0.24396171013820903	1.1347665128183175	-0.01275	0.2799108890817612	0.9369270310581502	0.0702	0.316475912454304	0.7559570514651205	0.1076	0.5353670016625354	1.2607209688430834	-0.01275	0.6710871614852546	1.074460669447317	0.0702	0.6776880448418585	1.0701606520069302	0.1076
243	8.122689075630252	0.5462218544961152	0.8173027820573907	0.0301	0.4786340175797189	0.7643847190444942	0.0301	0.614815536548763	0.4699841280061199	0.129	0.77336054897474	0.16459610971785896	0.023	0.8219784239623059	0.06570146690268185	0.2179	0.7749846677811171	0.054370909693420684	0.1804	0.8069860021779826	0.13080338229995153	-0.0119	0.625579950244703	0.8423529291083325	0.0301	0.7439330575531911	0.5698940006438205	0.129	0.8323716559648667	0.3287657329837019	0.023	0.8655016554800463	0.20560460600238287	0.2179	0.8933658210105138	0.23076812020938528	0.1804	0.8461685996687264	0.28713761123889425	-0.0119	0.36181131879862577	1.2558404600622062	0.0008	0.27890787990546395	1.4497758831581795	0.0655	0.33395543782521586	1.309554753066513	0.1076	0.2400824926064211	1.1345573514260414	-0.01275	0.2748179948759021	0.9360067799416302	0.0702	0.31480603398505	0.7548114370521564	0.1076	0.5321195035756726	1.2619607993008755	-0.01275	0.6681154611596027	1.0761907631436838	0.0702	0.6798811486540147	1.0667989710579544	0.1076
244	8.15611577964519	0.5455747436930104	0.8172358950664343	0.0301	0.47729222418568973	0.7634142357004521	0.0301	0.6167175388007677	0.4677735094590021	0.129	0.7735492791330429	0.16455209456136963	0.023	0.823217168666345	0.0611547273202283	0.2179	0.7741901111569925	0.04948931673683301	0.1804	0.8085122882029455	0.13135258870702496	-0.0119	0.6239188813855459	0.8466323805491789	0.0301	0.7454878203142159	0.5710267077096001	0.129	0.8323550350318304	0.332686099705352	0.023	0.8662015395665341	0.21230483921151344	0.2179	0.8927898387188288	0.23830531844064973	0.1804	0.8460256558315559	0.2920971846828352	-0.0119	0.35877577703810815	1.2556289174496182	0.0008	0.27563743734032725	1.4520073071809372	0.0655	0.33298259418887954	1.3111766859742446	0.1076	0.23576161214831462	1.132326534069385	-0.01275	0.2700407516608494	0.9346909312395962	0.0702	0.3128920918005885	0.7531489435334892	0.1076	0.5284544008065399	1.2621565413068694	-0.01275	0.66635945187271	1.0746045149022523	0.0702	0.6809743055619751	1.0660574520589017	0.1076
245	8.18954248366013	0.5446194615591124	0.8172910058407651	0.0301	0.4757927712387662	0.7632256114753465	0.0301	0.6194530120932396	0.46315214448761244	0.129	0.7737510458456354	0.16421239555661796	0.023	0.8233864857820605	0.05782434955275393	0.2179	0.7738589865444262	0.047527493024889456	0.1804	0.8098328913107543	0.1323863350609633	-0.0119	0.6236015424921123	0.8473732046416519	0.0301	0.7443611157725178	0.5800543661372224	0.129	0.8346247474285223	0.33596087462229096	0.023	0.8662783639702345	0.22086220040271887	0.2179	0.8948606168694917	0.2459080297977481	0.1804	0.8487664170842165	0.296035728926292	-0.0119	0.35550892717418986	1.2546294625052699	0.0008	0.27121844642059284	1.4523893618879475	0.0655	0.3311422602097641	1.3127637774951912	0.1076	0.23232869348441548	1.1303303992248472	-0.01275	0.26538623240994474	0.9328601184799196	0.0702	0.31075130721666566	0.7514336936104045	0.1076	0.5251685054548335	1.2619411261681963	-0.01275	0.6647488769666141	1.0742437130779017	0.0702	0.6795414008659589	1.0697885988953009	0.1076
246	8.22296918767507	0.5430072001499175	0.8182780701890037	0.0301	0.4749920274183814	0.7646210197491224	0.0301	0.6212877992638549	0.4595577835525777	0.129	0.7737450257297739	0.16316113611936134	0.023	0.8228064921406929	0.057181682821816945	0.2179	0.774495008950162	0.04899749587271527	0.1804	0.8106076130903375	0.1329745492062612	-0.0119	0.6233291249405034	0.8477645891869208	0.0301	0.7396547301512357	0.5946763478557724	0.129	0.8372066782468484	0.3411672035683286	0.023	0.8658103537109751	0.22546457928527555	0.2179	0.8977123017036143	0.2492372611186921	0.1804	0.8531036434115412	0.3007801030037238	-0.0119	0.35217561952979876	1.2533756362588038	0.0008	0.26712821031269685	1.4509452677007668	0.0655	0.3291484164400458	1.3114973417145055	0.1076	0.23026308368324383	1.129426494247145	-0.01275	0.26101802783819683	0.930481381328552	0.0702	0.30868195828637424	0.7494890437036711	0.1076	0.522851203467601	1.2625793669143337	-0.01275	0.6625727413131858	1.0775615873879754	0.0702	0.6761020271112255	1.075310105236388	0.1076
247	8.256395891690008	0.5414490830012302	0.8195293476008323	0.0301	0.47429123502435155	0.766520210627521	0.0301	0.6219932377028831	0.45874483625861096	0.129	0.7732660170744956	0.1621901148511317	0.023	0.822661005698142	0.057934405046237765	0.2179	0.7758412991544699	0.050647234124681646	0.1804	0.8103557448536013	0.13339768422464093	-0.0119	0.6223426550571884	0.8498345369936752	0.0301	0.7347050398632599	0.6046813165770186	0.129	0.837859627493673	0.34753762444820313	0.023	0.8662882548589241	0.22437468225801377	0.2179	0.8990541291739289	0.24811184211404602	0.1804	0.8558710370894829	0.3073563520674702	-0.0119	0.349627619372807	1.2518735122268185	0.0008	0.2649109578545472	1.449246114905285	0.0655	0.3284081755713734	1.3059588294313285	0.1076	0.2285455092648804	1.1286522298249921	-0.01275	0.2574707659568282	0.9280846604408914	0.0702	0.3069817307816031	0.7471742686255008	0.1076	0.5214488890409861	1.2643958781860773	-0.01275	0.6593720422339254	1.082588660260049	0.0702	0.6728264039831866	1.0774537228004215	0.1076
248	8.289822595704948	0.5410521020376193	0.8195686312235508	0.0301	0.47331256687607337	0.7672779346448712	0.0301	0.6225480738383055	0.45867458429996144	0.129	0.7724922994894511	0.1628224935815652	0.023	0.8228440678369365	0.0595966668866787	0.2179	0.7770056373208138	0.051115085844821224	0.1804	0.8093944070440298	0.13481362780178202	-0.0119	0.621657675941678	0.8514760801374843	0.0301	0.7337201141484491	0.6035798397638887	0.129	0.8386356642204806	0.3490532781358847	0.023	0.868103172322791	0.21685700173091704	0.2179	0.9002287082198184	0.24083041540726957	0.1804	0.8572917653803738	0.3106149543513236	-0.0119	0.3483188244766611	1.2499556859100893	0.0008	0.26480296506634415	1.4480899575319839	0.0655	0.3286205011089546	1.2996210458160418	0.1076	0.22648539701797807	1.1281507589750728	-0.01275	0.25449747023278785	0.9261602903020837	0.0702	0.30549127100756934	0.7451130681158942	0.1076	0.5209534773433098	1.2659283833168686	-0.01275	0.6564379973435881	1.0853714939451677	0.0702	0.6725993609682855	1.0714910017392416	0.1076
249	8.323249299719889	0.5420739662733515	0.8179749005199198	0.0301	0.4733813861187428	0.7661731147925348	0.0301	0.6234430933658842	0.45723496816597964	0.129	0.7719858482601967	0.164761848712546	0.023	0.8230521687120126	0.06218365569046662	0.2179	0.7776645232704391	0.05122921362795246	0.1804	0.8087809226452852	0.13611659528039258	-0.0119	0.6221632213498587	0.8506971431578729	0.0301	0.737901174881266	0.5955899842742055	0.129	0.8431648355405641	0.3402363706264637	0.023	0.8709686644905338	0.2020774237990612	0.2179	0.9032479132822461	0.22560635341983803	0.1804	0.8609933315707826	0.3027333155380406	-0.0119	0.3477727754660232	1.2480052207937358	0.0008	0.2655897340452939	1.447334742821649	0.0655	0.3284039048252479	1.2974703810332802	0.1076	0.22448270324826614	1.1279313126101702	-0.01275	0.25154460640940574	0.9247225727422094	0.0702	0.3041462939884369	0.7435703534201911	0.1076	0.5207201097229193	1.26604199695326	-0.01275	0.6549069398673435	1.0858828918092853	0.0702	0.6755830370951451	1.0610569325721824	0.1076
250	8.356676003734828	0.5440388261576582	0.8161698970001079	0.0301	0.4752794593959128	0.7637944304931462	0.0301	0.6238904641322762	0.45542200026882734	0.129	0.7723542390191981	0.16581797392069614	0.023	0.8237317744392797	0.06415131770121113	0.2179	0.7781895344168394	0.051390983154994505	0.1804	0.8091902641125134	0.13511983975219888	-0.0119	0.623438655713545	0.8481150732347184	0.0301	0.7441764215063411	0.5914835828528586	0.129	0.8511692922362977	0.32311565551092153	0.023	0.8759517346515041	0.181976842668498	0.2179	0.9085335548709413	0.20541769656865821	0.1804	0.8688668982374508	0.2822776700035046	-0.0119	0.3468442749693126	1.2464425951453124	0.0008	0.2660517615633141	1.447046920125991	0.0655	0.32761067501123736	1.2991634089481168	0.1076	0.22267682456189217	1.1266219220434073	-0.01275	0.24874517833579757	0.9238144092268555	0.0702	0.30297969259405505	0.7419548852859982	0.1076	0.5191912723258971	1.2657480054261596	-0.01275	0.6530057692856365	1.088795945727346	0.0702	0.6783801132957032	1.0559871240423822	0.1076
251	8.390102707749767	0.5459169203336466	0.8155871981216344	0.0301	0.4778053460742103	0.7617915552317308	0.0301	0.6228671458489636	0.4556660106710401	0.129	0.7736976721102052	0.16539483860240065	0.023	0.8244538947718298	0.06376001213853817	0.2179	0.7785760673755765	0.05120627943813366	0.1804	0.8100964919636714	0.13259708721431143	-0.0119	0.62453169640593	0.8458668245637276	0.0301	0.746923457606608	0.599659202765518	0.129	0.8598497845788684	0.3042102536043625	0.023	0.8832427773817679	0.1605744724014766	0.2179	0.9159080805451596	0.18493685590091172	0.1804	0.8789892734497405	0.25664312702548087	-0.0119	0.34512413512944806	1.2455968029260516	0.0008	0.266022107954143	1.4469372049113154	0.0655	0.32696035788281125	1.3009641207769085	0.1076	0.22056702867220088	1.12426891647861	-0.01275	0.24633618591295545	0.9233812586963662	0.0702	0.3013747926189361	0.7404089130254803	0.1076	0.5164182510028982	1.2663324234715216	-0.01275	0.6500624829349378	1.0940509235017966	0.0702	0.6783609518779502	1.0591394946785289	0.1076
252	8.423529411764706	0.5469786938697138	0.815384293756917	0.0301	0.479994506163268	0.7607041664278964	0.0301	0.6214869898337441	0.45698510397862	0.129	0.7751865516967748	0.16520661136901765	0.023	0.8240614715756202	0.06112333004518571	0.2179	0.7779012342478004	0.05018118773681085	0.1804	0.8107655085101183	0.13148231038705097	-0.0119	0.6256517313874314	0.8445820749037818	0.0301	0.7451220581838418	0.6132791603002339	0.129	0.869711377263519	0.283213369058054	0.023	0.8905685461647835	0.1393755630130615	0.2179	0.9247702807330211	0.16343110913762715	0.1804	0.890672247406357	0.23055758873446167	-0.0119	0.34340775405537466	1.2457355650712871	0.0008	0.2659677052598254	1.4461537268885862	0.0655	0.32665725592831524	1.301173815997009	0.1076	0.2177687463285199	1.122413272375926	-0.01275	0.24443954458635753	0.9227925383161085	0.0702	0.2990771344697372	0.7394196565592962	0.1076	0.514343558254822	1.2675365422965295	-0.01275	0.647570071896927	1.0969705076785248	0.0702	0.677749268375004	1.0622595391396654	0.1076
253	8.456956115779645	0.5475049092300481	0.8142717808907346	0.0301	0.4815655168907183	0.7594771741786764	0.0301	0.6216231011812303	0.4567047254362716	0.129	0.7760740915478681	0.16575938474246973	0.023	0.8227182257992312	0.058332783214505766	0.2179	0.7756276876565583	0.04835600191176386	0.1804	0.8117825287735666	0.132115679147214	-0.0119	0.6273673305218421	0.8440004193168109	0.0301	0.7434911311239975	0.6167467105978724	0.129	0.8823508848128011	0.2568878421722237	0.023	0.896882887820085	0.11896876511742561	0.2179	0.9341122350030816	0.13995442517521337	0.1804	0.905027080102543	0.20262801773856856	-0.0119	0.3421837389974268	1.2462032508130738	0.0008	0.26622887598614303	1.4446378887256786	0.0655	0.3268400454737828	1.2997053633120343	0.1076	0.21465188999556445	1.1213499980696333	-0.01275	0.2437180447281447	0.9212833309251522	0.0702	0.2971811754724577	0.7385585832537629	0.1076	0.5134581214810274	1.2685517143448546	-0.01275	0.6451672584740021	1.0982868266690664	0.0702	0.6789575381381773	1.0594139246355536	0.1076
254	8.490382819794585	0.5478409131602565	0.8130956526743804	0.0301	0.48160183097578	0.7577125502243094	0.0301	0.6224587937759988	0.4558971060239642	0.129	0.7769086611361836	0.165151117553793	0.023	0.8219022364488205	0.05743392409237519	0.2179	0.7731733638462304	0.04660192071993198	0.1804	0.8140564419602844	0.1310677708418369	-0.0119	0.6283076117016223	0.8459584207429607	0.0301	0.7448227367750193	0.6081062231297455	0.129	0.893769192943541	0.23369219911652417	0.023	0.903580748785071	0.10662377909763814	0.2179	0.9427740662804454	0.12460205747176334	0.1804	0.9179096110996109	0.17721922022371125	-0.0119	0.3411346073813957	1.245732080542713	0.0008	0.26654339423346396	1.443921624203794	0.0655	0.3276296436145066	1.2971503309371784	0.1076	0.21236126113545092	1.1202238366775514	-0.01275	0.24427861696381487	0.9187059025254282	0.0702	0.29630344211480825	0.7374688701657514	0.1076	0.5121512761638494	1.2691712693119053	-0.01275	0.6428603468557555	1.1009141519360588	0.0702	0.6801484465458965	1.0543608479000728	0.1076
255	8.523809523809524	0.5482697920698516	0.8123396463169589	0.0301	0.4802252180330995	0.755422331174953	0.0301	0.6224756550367122	0.45568300130986167	0.129	0.7781586651283688	0.16280486866700963	0.023	0.8222382801219894	0.057981927066019165	0.2179	0.7721167797052394	0.04566159189064926	0.1804	0.8164375588793479	0.12692643366044412	-0.0119	0.627368319592423	0.8499494602648305	0.0301	0.7489897155280795	0.595058079621351	0.129	0.8980158959953226	0.22479593267348225	0.023	0.9108064134604407	0.1087527639614473	0.2179	0.949297295087352	0.12720763019952694	0.1804	0.9221290098129513	0.16296343424628487	-0.0119	0.3402856033559985	1.2443404667217899	0.0008	0.26605879437834656	1.445324981611591	0.0655	0.32819868069752095	1.2957850254382455	0.1076	0.21169280929985454	1.1187252156981913	-0.01275	0.24516575925122747	0.9159851147188726	0.0702	0.2956925521019835	0.7360259481228413	0.1076	0.5099504877560797	1.2694725193480463	-0.01275	0.6433073460986316	1.1012868910232496	0.0702	0.6801381700188581	1.051013952758663	0.1076
256	8.557236227824463	0.5494014377275952	0.8099119536464378	0.0301	0.4796057377092076	0.7517622374991301	0.0301	0.6226898262615888	0.4526867482851535	0.129	0.7787824593300847	0.16088783190549913	0.023	0.8226294940013855	0.0579905869048109	0.2179	0.7718174992249801	0.04552272738703338	0.1804	0.816681615532769	0.1231649867299767	-0.0119	0.6270971438203086	0.8487547887378353	0.0301	0.7557029429365608	0.5797680134747406	0.129	0.8959771328500665	0.22538564003118916	0.023	0.9160510469930153	0.11824839212740067	0.2179	0.9528240801949409	0.13933047306738744	0.1804	0.9173984568862543	0.15995204010639724	-0.0119	0.34004146437313276	1.2433118919774087	0.0008	0.2643735155514636	1.4474587830757402	0.0655	0.32736965236579757	1.297718969696129	0.1076	0.21208012652527128	1.1171808024475673	-0.01275	0.2460054947062896	0.9143081485930349	0.0702	0.2951810610717644	0.7337748208863346	0.1076	0.5086148184444693	1.2691056790702522	-0.01275	0.6464390730811587	1.0959808378801514	0.0702	0.6815481313908848	1.0469759021547393	0.1076
257	8.590662931839402	0.5509558894689007	0.8050456949675704	0.0301	0.48085461899207965	0.7467689395789601	0.0301	0.6243240466239095	0.44596287168586557	0.129	0.7780267860669866	0.1605786548678821	0.023	0.8223887816022047	0.056903599594542276	0.2179	0.7712404620195583	0.046138757356618945	0.1804	0.8146719016014469	0.12221812884283823	-0.0119	0.6297952223114297	0.83896609384029	0.0301	0.7623138566154409	0.5654443350656743	0.129	0.8933145608221504	0.22365359600423995	0.023	0.9178323264940035	0.122997861711568	0.2179	0.9544266620973715	0.14496355867009664	0.1804	0.9100861607097901	0.16055864121732993	-0.0119	0.3402079995212736	1.243242489637281	0.0008	0.26247101034369397	1.4482004823068815	0.0655	0.3256094639922419	1.3016652036860792	0.1076	0.21234155545124472	1.1157410551136864	-0.01275	0.24701822537035595	0.9133998276040345	0.0702	0.2954734801496837	0.7312983429648356	0.1076	0.5091771184298812	1.2677974924854436	-0.01275	0.6490244683633364	1.0897088740210505	0.0702	0.68811741317572	1.035308944500273	0.1076
258	8.624089635854341	0.5516752015705239	0.8008953889820374	0.0301	0.4821900067202045	0.7426680090685193	0.0301	0.6262351907200108	0.4409183977025067	0.129	0.7767328271826525	0.16098366820513668	0.023	0.8221820145055116	0.05587501519674631	0.2179	0.7706793292501253	0.04752813034250711	0.1804	0.8124353874401439	0.1226069368864545	-0.0119	0.633100211303182	0.8288375406375605	0.0301	0.764913838391255	0.5599116495103834	0.129	0.8925180377157563	0.21876624685058532	0.023	0.9178368844016235	0.12049213810109885	0.2179	0.9562486549464241	0.14092359475652885	0.1804	0.9059720879305012	0.15923843951937064	-0.0119	0.3401633294866187	1.2436958155026057	0.0008	0.26192077192166113	1.4480517553202403	0.0655	0.32502079314562704	1.3043243393344917	0.1076	0.21232237608938911	1.1142258785877572	-0.01275	0.24784895078031716	0.9123030303579666	0.0702	0.2965187490415366	0.7302812137005614	0.1076	0.5100296713228366	1.2666404779242901	-0.01275	0.6503882758780539	1.0878853733787048	0.0702	0.6982553358416118	1.017536911098011	0.1076
259	8.65751633986928	0.5511583624579316	0.7998932889914995	0.0301	0.48186385802458237	0.7416969124123547	0.0301	0.6267380963960799	0.44097484517723623	0.129	0.7757069707285184	0.16146796897502244	0.023	0.8219565910126162	0.05594255854430943	0.2179	0.7702985194601245	0.04913988605660375	0.1804	0.8114578926588243	0.122899907156398	-0.0119	0.6341289982322621	0.8258898842801987	0.0301	0.7638985263850245	0.5627779105444192	0.129	0.8937251556810859	0.21570932255999312	0.023	0.9180387309785162	0.11647971910829784	0.2179	0.9593631928124404	0.13482121561904356	0.1804	0.9076896873531095	0.15559956356988783	-0.0119	0.3396896616721977	1.2442465134472722	0.0008	0.26327944353666555	1.4485216440622661	0.0655	0.32611973622184687	1.3047337334405882	0.1076	0.21255471007148297	1.1128112647694843	-0.01275	0.2484515928016816	0.9113439811424887	0.0702	0.29763586969948275	0.7309014889819224	0.1076	0.5092845011963133	1.2671790440219097	-0.01275	0.6515243961069906	1.0896646927457776	0.0702	0.7012867571017493	1.014846463473017	0.1076
260	8.69094304388422	0.5503060048133126	0.8004329504378683	0.0301	0.48069441128183166	0.7432755928406926	0.0301	0.6257944031488888	0.4434816242143838	0.129	0.7750947179965239	0.16174709668340734	0.023	0.8208474145698808	0.05704008725369544	0.2179	0.769798533293141	0.05019421401299858	0.1804	0.8117203346115557	0.12314672261576624	-0.0119	0.6335407447430041	0.8277225648960697	0.0301	0.7631296382430212	0.5652246570230922	0.129	0.8985697985313925	0.21360032852490202	0.023	0.9187057520023376	0.11510112900882918	0.2179	0.9628722458934521	0.13130871362865856	0.1804	0.9145420897961813	0.15106112223623833	-0.0119	0.3391966768800883	1.2449060106095655	0.0008	0.2656121928998059	1.4496030932262842	0.0655	0.32708235508295547	1.3044076071904602	0.1076	0.21266703686287305	1.11215135957734	-0.01275	0.2498197144824112	0.9106324475381257	0.0702	0.29855480129129436	0.7314994705275113	0.1076	0.5077837826676148	1.2688268694027875	-0.01275	0.6521233656380011	1.0918698260120596	0.0702	0.6910665781454167	1.0398922886034532	0.1076
261	8.724369747899159	0.5500531806970846	0.8003221953763087	0.0301	0.48019398776847577	0.7448032412690934	0.0301	0.6247439279395655	0.4448443217530002	0.129	0.7752030533775203	0.1613068381918469	0.023	0.8192769222380906	0.05822849342854323	0.2179	0.7694353739990059	0.05047038725422839	0.1804	0.8126680171365878	0.12328890896479364	-0.0119	0.6331352606295038	0.8291245852073507	0.0301	0.7642515114535209	0.5637876903052754	0.129	0.9066207730890014	0.20924758952979633	0.023	0.9198033446904572	0.11457965252247114	0.2179	0.9652548745502241	0.12953887814714218	0.1804	0.922860119059833	0.14620232781495662	-0.0119	0.33945662342301214	1.2457604955307457	0.0008	0.2675118121165912	1.4505615376867724	0.0655	0.32741346447267355	1.304418751378278	0.1076	0.2121750131002721	1.1123427298992823	-0.01275	0.252073552193445	0.9087941921569228	0.0702	0.299431983285378	0.7309699592373077	0.1076	0.5081186551821677	1.2693170709071715	-0.01275	0.6522019536234729	1.0928605560308824	0.0702	0.6776793909815214	1.070229036756443	0.1076
262	8.757796451914098	0.5506546770652512	0.7994662261322268	0.0301	0.4801861788992114	0.745742642725594	0.0301	0.624534875347292	0.4441858794140618	0.129	0.7759406658495824	0.1602829112580197	0.023	0.8186054401644353	0.05887588767862167	0.2179	0.7693652509726567	0.050149134119030325	0.1804	0.8139524588724643	0.12333629339978992	-0.0119	0.6334669588004074	0.8288289649945209	0.0301	0.7655199336141689	0.5625055164073232	0.129	0.9136075674196187	0.20329978789974734	0.023	0.9223320253384426	0.10978603280600413	0.2179	0.9663270712733795	0.12855425686906316	0.1804	0.9296567312934634	0.14016604677661434	-0.0119	0.3409456926748987	1.246604479906816	0.0008	0.2686680172011707	1.4512011443941786	0.0655	0.3285695987878145	1.3048437843281626	0.1076	0.21192049687344355	1.1128496453762833	-0.01275	0.2536990089090456	0.9054904516647858	0.0702	0.30030934517335917	0.7297316768934801	0.1076	0.511109734520284	1.268238293800867	-0.01275	0.6524407851652918	1.092696036841812	0.0702	0.6733655102871325	1.07874087499704	0.1076
263	8.791223155929037	0.5520594851928639	0.7985536396175026	0.0301	0.4797074208408621	0.7477479391244344	0.0301	0.624937862037044	0.4431210049753882	0.129	0.7765321429847647	0.15946324436591436	0.023	0.8188812660680074	0.05941800442496021	0.2179	0.7691009528208981	0.04950389079992463	0.1804	0.815274822282798	0.12367668018463802	-0.0119	0.6345870132990626	0.8285993013961598	0.0301	0.7644814920683201	0.5648680697915909	0.129	0.9165620198396641	0.19840440833359743	0.023	0.9259171348991687	0.100792937822584	0.2179	0.9659237772826951	0.12880116950189885	0.1804	0.9337465058115213	0.13275696911959806	-0.0119	0.34338368502393957	1.2470622621475251	0.0008	0.2697552369964352	1.4516082337652596	0.0655	0.33064074098684854	1.3053542141366823	0.1076	0.21289279995571678	1.1134590680788365	-0.01275	0.25426135132679684	0.902168568927305	0.0702	0.3008925766841683	0.7287204712498407	0.1076	0.5152205179220605	1.2676874893463856	-0.01275	0.6525955164827822	1.0928457750904927	0.0702	0.6782037650294817	1.0665118860750726	0.1076
264	8.824649859943978	0.5536966621393128	0.7980490017526526	0.0301	0.479146535077342	0.7495482198637397	0.0301	0.6255972777181638	0.44329949283468356	0.129	0.7764124666019169	0.15920806687506944	0.023	0.8186386547398713	0.0597418013497945	0.2179	0.7684840174567207	0.04892643665040275	0.1804	0.8159243127094384	0.12394748968799352	-0.0119	0.6367743121935147	0.8288762953145412	0.0301	0.761647634038232	0.56790593506288	0.129	0.9155823646886588	0.19573622112009217	0.023	0.9257910890984685	0.09763485478106296	0.2179	0.9627775173796375	0.12981076085682813	0.1804	0.9335448660804155	0.12663808367528281	-0.0119	0.34619318062237187	1.2469331800747436	0.0008	0.27074955355218006	1.451670821052964	0.0655	0.33182692995630425	1.305047311503944	0.1076	0.2149765041517815	1.1143798854515106	-0.01275	0.25562093821294385	0.8997597756767577	0.0702	0.30126583936496076	0.7279751719955593	0.1076	0.5192818306194692	1.2688480598098824	-0.01275	0.6525437569714979	1.0945901849213802	0.0702	0.6857616623627827	1.051189015211662	0.1076
265	8.858076563958917	0.5548029340205152	0.7974501311257917	0.0301	0.4798099107878173	0.7477132156125986	0.0301	0.6261949314351202	0.4441385492825615	0.129	0.7756369780409224	0.15927689378849577	0.023	0.8171763130606193	0.05822211404424906	0.2179	0.7677560225823227	0.04853924685455635	0.1804	0.8157004422959232	0.12351484575710536	-0.0119	0.6400304672442544	0.8274649416453486	0.0301	0.761469137466128	0.5638945698258422	0.129	0.9126596860467204	0.19219661310539976	0.023	0.9194681789429706	0.10198602274686919	0.2179	0.9584457695534827	0.12595617041050292	0.1804	0.9300225183666759	0.12200859015838998	-0.0119	0.3492421966806886	1.2468086769509807	0.0008	0.2712237971235323	1.451743639360902	0.0655	0.331499009032905	1.303365630914078	0.1076	0.2179180152853321	1.1158842888955331	-0.01275	0.25920922951451947	0.898149324506458	0.0702	0.30227990336908844	0.7266909707056761	0.1076	0.5235102810511407	1.2707048581271618	-0.01275	0.6541796660620579	1.0964868091638038	0.0702	0.6924285686584901	1.0438728108844464	0.1076
266	8.891503267973857	0.5562707967598212	0.795497080946417	0.0301	0.48171991822501886	0.74361786350044	0.0301	0.6263450373666781	0.44407678466552764	0.129	0.7748836642745766	0.1594525372862047	0.023	0.8162040712087396	0.05492301980871921	0.2179	0.7670555290073628	0.04805585846702173	0.1804	0.8158859119842434	0.12287914719078724	-0.0119	0.6438010395858597	0.8240891800571383	0.0301	0.7668228541710858	0.5509632419564884	0.129	0.9121783817694036	0.18236974200133205	0.023	0.9142782103896845	0.09529913710233037	0.2179	0.958278459105107	0.10848813276885283	0.1804	0.9283246701121765	0.113969292244638	-0.0119	0.3529091489517687	1.2479898985718898	0.0008	0.27184848152113217	1.4528964038386336	0.0655	0.331967629179007	1.3018030785856893	0.1076	0.22196500442517852	1.1178900800185634	-0.01275	0.26406388957827304	0.8975702093885416	0.0702	0.30416990894083656	0.724793581356964	0.1076	0.5282553515985984	1.2722155402485043	-0.01275	0.6596885973388751	1.0955359722593403	0.0702	0.6975711762279293	1.0442367073520404	0.1076
267	8.924929971988796	0.5596631817948229	0.7925940223896035	0.0301	0.4842688438968881	0.7416243840247555	0.0301	0.6267510229914653	0.4428168542374122	0.129	0.7748175774025763	0.15969036770068598	0.023	0.8180074787192313	0.052835767537781055	0.2179	0.7667568499153883	0.047277129782308115	0.1804	0.8178368412331493	0.1228806861336331	-0.0119	0.6475094446597106	0.8211024859972839	0.0301	0.7746949279248879	0.536726850018987	0.129	0.9165726895098106	0.1670246626005497	0.023	0.9177812188324482	0.06888308304132329	0.2179	0.9644463286719269	0.08016692752349597	0.1804	0.9310812825419595	0.10194740301255772	-0.0119	0.35724840030204846	1.2507589072477647	0.0008	0.2740041200402575	1.4552727014065956	0.0655	0.33571682494850646	1.3027911269084975	0.1076	0.226867947014348	1.120065751055153	-0.01275	0.2683431332826012	0.8988450396803066	0.0702	0.3055749087954599	0.7233488498415931	0.1076	0.5332891366320802	1.273251903328253	-0.01275	0.6676416235866063	1.0923612270293173	0.0702	0.7002604664457686	1.0481616290127633	0.1076
268	8.958356676003735	0.5642063488984843	0.790619949421854	0.0301	0.48818186665210034	0.7411368757014313	0.0301	0.6285355622441464	0.44117327302859644	0.129	0.7754144709964544	0.1600770144898454	0.023	0.8217808566228164	0.05322048885911429	0.2179	0.7670545122346825	0.04634365486664216	0.1804	0.8212838368951288	0.1237243354360858	-0.0119	0.6513491839164494	0.8179235822565022	0.0301	0.7799714220366284	0.528162871110377	0.129	0.9218174409949756	0.15409196720129525	0.023	0.926905232355683	0.041256266765102655	0.2179	0.972987275066857	0.057312175741458894	0.1804	0.9351473611651269	0.09271839881008842	-0.0119	0.36152962639920255	1.2537142068026284	0.0008	0.2784789470116167	1.4575546230775311	0.0655	0.3418751621898283	1.3063213299784375	0.1076	0.2315747286560844	1.12307127529254	-0.01275	0.2715576178076959	0.9018836563946794	0.0702	0.3054210209148879	0.7232644616078228	0.1076	0.5381108047441767	1.274070351412274	-0.01275	0.6740153406485314	1.0916462623704524	0.0702	0.7001264989004189	1.0541506028937173	0.1076
269	8.991783380018674	0.5678079262044268	0.790322846343325	0.0301	0.49355308022684	0.7391143023618245	0.0301	0.6313542813578608	0.4398646821420364	0.129	0.776267339074223	0.16081041001292987	0.023	0.8243941018396329	0.054033749177258235	0.2179	0.7674245179035922	0.045503077630076945	0.1804	0.8238135854226484	0.12524801390778428	-0.0119	0.6558953773663743	0.8129965682178264	0.0301	0.7817125803257341	0.5246844092550849	0.129	0.9244143821246262	0.14774584923918216	0.023	0.9346845200052986	0.02804442249318396	0.2179	0.9796815137715409	0.04824237617923059	0.1804	0.9373837663756224	0.08965203279391053	-0.0119	0.3653048657195575	1.2556089505976715	0.0008	0.28484481297907266	1.4597129219460723	0.0655	0.3484103332690748	1.3100642368500617	0.1076	0.23515174446103213	1.127711460930592	-0.01275	0.2742352584556916	0.9050848953833468	0.0702	0.30473388669255863	0.7238534796552454	0.1076	0.5425192409985559	1.2755338389087627	-0.01275	0.6770356493614965	1.0962841080203254	0.0702	0.6996925728812934	1.0626117392384513	0.1076
270	9.025210084033613	0.5700315217672449	0.7911995843074878	0.0301	0.4979747583055652	0.7365697454433368	0.0301	0.6337757708881818	0.4384729796759861	0.129	0.7765022046106753	0.16189137786105356	0.023	0.8248380169398308	0.05400420602886269	0.2179	0.7675882971723995	0.04475110527171037	0.1804	0.8224029855097014	0.1274135338593551	-0.0119	0.6606835697145984	0.8091413198490244	0.0301	0.7833113318736742	0.5221603274201324	0.129	0.9267276239178244	0.144626101673143	0.023	0.9390124204923684	0.025177676935996474	0.2179	0.9832411275593514	0.04636103045218941	0.1804	0.9385436024828522	0.08832104666127039	-0.0119	0.36922902889336023	1.256705452818311	0.0008	0.2918962304443771	1.4639830083109315	0.0655	0.35596356462772666	1.3126943617703941	0.1076	0.23757289680979082	1.1329840076412616	-0.01275	0.27607794000901215	0.9070610722880622	0.0702	0.30525085365017973	0.723437953302184	0.1076	0.5468221089862491	1.2786244212472182	-0.01275	0.6778427573869061	1.1036410517194226	0.0702	0.7023820437685943	1.0711172696308182	0.1076
271	9.058636788048553	0.5716412119303482	0.7927511863361932	0.0301	0.49949181923041763	0.735615876400528	0.0301	0.6349393206760086	0.43514210576009493	0.129	0.7750192181257066	0.16282197120165656	0.023	0.8245957707635432	0.05396522215754608	0.2179	0.768086883133755	0.04412263825817587	0.1804	0.8170669964570043	0.13009708563534803	-0.0119	0.6643697538568705	0.8090967529682882	0.0301	0.787101380440377	0.5192145313851209	0.129	0.9298708817309821	0.14201266992566614	0.023	0.9409734594117225	0.025181619469632946	0.2179	0.984319958585102	0.04561808647413432	0.1804	0.9397198155415193	0.08557914435564476	-0.0119	0.37412899984617315	1.2588833567729567	0.0008	0.2986846800836818	1.4710369931126501	0.0655	0.36518029087481835	1.3152329044152076	0.1076	0.23981294385328739	1.1380120231884505	-0.01275	0.27646311285620023	0.9081566043052878	0.0702	0.3074717592076954	0.7225318142590863	0.1076	0.5519998417979978	1.2826410521338396	-0.01275	0.6795060313060955	1.107132678979748	0.0702	0.7078377347390956	1.0757515127886441	0.1076
272	9.092063492063492	0.5730267052863695	0.7944964999011564	0.0301	0.4990373586789792	0.7357625980912346	0.0301	0.6355040470665053	0.4280769100592824	0.129	0.7721752599530363	0.16288672713108404	0.023	0.8247880362168526	0.054306495224290645	0.2179	0.769817236654912	0.04391418431248725	0.1804	0.8109268578584871	0.13225117187956204	-0.0119	0.6663615468388626	0.8115142905339976	0.0301	0.7922161124345843	0.5174929251770778	0.129	0.9319204613333315	0.14008874107306135	0.023	0.9415851864443319	0.025764012796381273	0.2179	0.9852445010881138	0.04574680859707289	0.1804	0.9399987890553158	0.08396705092294787	-0.0119	0.3798401205558703	1.2643445750293907	0.0008	0.305570551938369	1.478365888773277	0.0655	0.3737864000548463	1.320085395842755	0.1076	0.24267128640996816	1.143562657600404	-0.01275	0.2763858646562047	0.9098268856176919	0.0702	0.3100923162907193	0.7234894163899915	0.1076	0.5585449380594821	1.2855264453832589	-0.01275	0.6852352282411838	1.1042749989985925	0.0702	0.712739675842188	1.0768732107902883	0.1076
273	9.125490196078431	0.5747322915173987	0.7953773547643792	0.0301	0.4986038709583589	0.7360156423605227	0.0301	0.6361296081944691	0.4179184174739315	0.129	0.7693745425414136	0.16313337235043723	0.023	0.8254480029536315	0.05374575869255113	0.2179	0.7726446765242353	0.04354618244187027	0.1804	0.805676053093137	0.13417002395538113	-0.0119	0.6675529554373543	0.8140280228529562	0.0301	0.7968790621475589	0.5177622763555499	0.129	0.9334773251995584	0.13854060787918224	0.023	0.9419141128334301	0.025665412491017104	0.2179	0.9873571201537596	0.04611838926038745	0.1804	0.939007170621825	0.0853330793046314	-0.0119	0.3852812911979108	1.2716762861794246	0.0008	0.31343529926404434	1.4844403121376255	0.0655	0.38014293101847163	1.327745057238909	0.1076	0.24564576704637361	1.1496559277512257	-0.01275	0.2774848397554708	0.9128351487118926	0.0702	0.3109533832646144	0.72546747789529	0.1076	0.5647564111113614	1.2869297389595222	-0.01275	0.6932520066915685	1.101959947263567	0.0702	0.7165561037464558	1.077795253671084	0.1076
274	9.15891690009337	0.5773554536923131	0.7941659533504885	0.0301	0.49880215686424684	0.7361785413177403	0.0301	0.6355662036979011	0.40791129130849835	0.129	0.7664664083821835	0.16721987623766302	0.023	0.8265195278084397	0.05078371827229474	0.2179	0.7742806446853393	0.04189282820107208	0.1804	0.7997285514142356	0.1401670719469341	-0.0119	0.6693363979214199	0.8152844577846217	0.0301	0.7999228438216787	0.5180332345845193	0.129	0.9353299792192786	0.13705110109121338	0.023	0.9422217576739296	0.023247562633364468	0.2179	0.9884407132970221	0.04439989382561362	0.1804	0.9379461717296762	0.08743238284386293	-0.0119	0.38963243088909477	1.2758916000613656	0.0008	0.3207696719141112	1.4905921153092259	0.0655	0.38466103525560763	1.3346445407003473	0.1076	0.2478168206389506	1.1549419695958307	-0.01275	0.2797131720312541	0.9167531295596771	0.0702	0.3097868181355875	0.7252010947013289	0.1076	0.569117391388483	1.2888769825837896	-0.01275	0.6989344152417565	1.1061511934849941	0.0702	0.722449606699402	1.079857738080914	0.1076
275	9.19234360410831	0.5798699348659092	0.7909194317964325	0.0301	0.4988257033025304	0.7360670422404395	0.0301	0.6324852469888498	0.4003435090764172	0.129	0.7623207094996861	0.17696401255817792	0.023	0.8280108122482752	0.04574094667135848	0.2179	0.7732187568972011	0.03963400858798474	0.1804	0.7916502403968249	0.1536481802942502	-0.0119	0.6718480423185518	0.8150306774993944	0.0301	0.8011293570109254	0.5156036096803659	0.129	0.9356900197669216	0.13538570338500713	0.023	0.9409802193216015	0.018148663333799598	0.2179	0.9864090473314764	0.03994907465379679	0.1804	0.9379529941689019	0.08720664156531414	-0.0119	0.3931525474125387	1.2755609671973256	0.0008	0.3247597767871839	1.497196971334366	0.0655	0.38689737601221397	1.3379706160411977	0.1076	0.2494621488590914	1.1588815673679476	-0.01275	0.2820614908067387	0.9211418991522763	0.0702	0.3089543159995293	0.7226261809661501	0.1076	0.5728964056840802	1.2923564802507046	-0.01275	0.7029867113822177	1.1129818695216847	0.0702	0.732389811431654	1.0824371243233875	0.1076
276	9.225770308123248	0.5804168869604247	0.7876473782519314	0.0301	0.4978670655211812	0.735296828824979	0.0301	0.6271300892687081	0.3942137782061098	0.129	0.757715253617715	0.18826922787340006	0.023	0.8288945879511815	0.04123027968883244	0.2179	0.771214639923653	0.03876696446275341	0.1804	0.7837197538475031	0.17053034634543413	-0.0119	0.6740182134993237	0.813799396752204	0.0301	0.8013005779423629	0.5106891374240494	0.129	0.9346629194414302	0.13333952926537035	0.023	0.9379770384985213	0.011886427232950499	0.2179	0.983779288045817	0.034755627189567956	0.1804	0.9392937643500325	0.08360287469801936	-0.0119	0.3962082380153925	1.2752888560425084	0.0008	0.3254185308346228	1.5026177837641463	0.0655	0.3862603128069281	1.3397948147466097	0.1076	0.2514307488916876	1.1622315618691654	-0.01275	0.28411830401469024	0.9252043924846829	0.0702	0.31005461872429624	0.7203356719781825	0.1076	0.5771952540438626	1.2958720729760012	-0.01275	0.7097460294194999	1.116851971544591	0.0702	0.7435249549975708	1.085378179794577	0.1076
277	9.259197012138188	0.5793573025232819	0.7866817291680422	0.0301	0.4962700787595387	0.7339768027764089	0.0301	0.6209151222620815	0.38831828483824427	0.129	0.7547947396937256	0.19531523312726998	0.023	0.8276084707792143	0.03940417339849194	0.2179	0.7699133771391155	0.039550609260690775	0.1804	0.7796679149101109	0.18320968524744133	-0.0119	0.6753171316047685	0.8122619938269082	0.0301	0.801547675532412	0.5062005827147112	0.129	0.9345357298892301	0.13194693610214386	0.023	0.9357284096210666	0.005424915067078324	0.2179	0.9839941049675062	0.030236210792565606	0.1804	0.9412595174284526	0.0786463095784301	-0.0119	0.3983910655653585	1.2788991109573569	0.0008	0.3248711421505138	1.5063165253924926	0.0655	0.38403774805951607	1.3431264606577316	0.1076	0.25318836860912247	1.1654193974524079	-0.01275	0.28543634062069967	0.9276842805688533	0.0702	0.3116660696662615	0.7200007259879986	0.1076	0.5807121094403602	1.298210159508746	-0.01275	0.7193944552655007	1.1174309167744367	0.0702	0.7505646368903567	1.0893298155193327	0.1076
278	9.292623716153127	0.5788137979139556	0.787949969759824	0.0301	0.49514713525983456	0.7334205637012786	0.0301	0.6164681152748945	0.3837191103378734	0.129	0.7545042499546847	0.19634360104890963	0.023	0.8247979684366629	0.03786234682409994	0.2179	0.7686180534108842	0.038751881341750914	0.1804	0.7801375492064121	0.18831918241818005	-0.0119	0.6757506045077152	0.8115438969692141	0.0301	0.8022106491893212	0.5040505060565047	0.129	0.9350245432990959	0.13297267495844162	0.023	0.9356889788819243	-0.0007733494114231118	0.2179	0.9857045994386473	0.026772600446254975	0.1804	0.9417097598382524	0.0778007245322649	-0.0119	0.3993924655638544	1.2848171126658194	0.0008	0.3245468361971013	1.5088178827962047	0.0655	0.3824273008317947	1.34766213870878	0.1076	0.2537133097458738	1.168040107905	-0.01275	0.28541011965808244	0.9289384927168501	0.0702	0.3117468044200596	0.7217195680767928	0.1076	0.5822368840801142	1.3000095288071887	-0.01275	0.7277709691650397	1.1155846322287268	0.0702	0.7509334800857185	1.0955046543804698	0.1076
279	9.326050420168068	0.5793595288132294	0.7889777799301471	0.0301	0.49485034951108636	0.7339510557304636	0.0301	0.6155489976745163	0.38114701409302115	0.129	0.7571890884715962	0.19109491867325581	0.023	0.8239137709848928	0.030550023855922846	0.2179	0.7675425191533232	0.03104361410755212	0.1804	0.7847902334671554	0.18462864750672672	-0.0119	0.6756177435652082	0.8114724353049075	0.0301	0.8031584906406324	0.5031603700736982	0.129	0.9340109990067508	0.13765732154505567	0.023	0.9371243152170616	-0.0045259253645165715	0.2179	0.9862537078530154	0.0256361744943224	0.1804	0.938588261607476	0.084990806252774	-0.0119	0.3992246982815937	1.2900999091409957	0.0008	0.324595229022647	1.5100248852125915	0.0655	0.3827541033213475	1.351440835773397	0.1076	0.2534062125397185	1.1700410523404015	-0.01275	0.2845528853646465	0.9299383608270125	0.0702	0.31059465719656293	0.7242460326996714	0.1076	0.5823376287864198	1.3020004678242585	-0.01275	0.7320788440378606	1.1121169903246644	0.0702	0.7469467777237058	1.1044989180314646	0.1076
280	9.359477124183007	0.5800371507808528	0.7879431136727565	0.0301	0.4948386210501464	0.732391927237191	0.0301	0.616607195598348	0.37962821105322847	0.129	0.7640405880338532	0.17672666794706132	0.023	0.8279869883272607	0.013581999651542576	0.2179	0.7697279821505927	0.013420935491983664	0.1804	0.7952124789068188	0.1681254867366567	-0.0119	0.6764035347386197	0.8086982992146701	0.0301	0.8043798416350135	0.5014096678274452	0.129	0.9316826678552856	0.14401905612047725	0.023	0.9396587823436268	-0.004713654934137691	0.2179	0.9874500002872716	0.027193571839552254	0.1804	0.9332721393858374	0.09530783175064898	-0.0119	0.39786192973132534	1.2945124032343638	0.0008	0.32371012336936333	1.5106639706297527	0.0655	0.38372465188243443	1.3539356765061166	0.1076	0.25303297729918217	1.1716125549422791	-0.01275	0.2840615643006545	0.9304851821854069	0.0702	0.310061221617688	0.7261732301909988	0.1076	0.5822939682565716	1.303689660894453	-0.01275	0.7331357136765966	1.1102358638011787	0.0702	0.7457817175483468	1.109351903557136	0.1076
281	9.392903828197946	0.5802551277862372	0.7855510749153655	0.0301	0.4944935737661544	0.7272031774426301	0.0301	0.6173792896385774	0.37815338582878105	0.129	0.7749842385499492	0.15079639408775639	0.023	0.8361151831106605	-0.012615426194520635	0.2179	0.7770453485374411	-0.013427854379771039	0.1804	0.81064657972343	0.13573297597914832	-0.0119	0.6786911965259258	0.8024107667293605	0.0301	0.8053869606968764	0.4988173090647942	0.129	0.9300133589026797	0.1465219003835398	0.023	0.9433891891392673	-0.0032090873801461474	0.2179	0.9917119015333361	0.029443710687118006	0.1804	0.9299358189148971	0.09909158054695179	-0.0119	0.3961106636540404	1.2981955180541518	0.0008	0.32017635437791325	1.5135624220669603	0.0655	0.38197851236705754	1.3557555899176572	0.1076	0.252348680636656	1.1724741103574214	-0.01275	0.2841780689989092	0.9309631198082101	0.0702	0.3106983045544677	0.7272452179359675	0.1076	0.5828627768131054	1.3049780328035707	-0.01275	0.7330544699267558	1.1112757107262723	0.0702	0.7560212795233701	1.0920178823727031	0.1076
282	9.426330532212885	0.579568697291406	0.7837936450278489	0.0301	0.49369206866033044	0.7221120656306504	0.0301	0.618701321059899	0.37574259635260765	0.129	0.787055109536611	0.1151309208379137	0.023	0.8447032882408043	-0.04501853610212344	0.2179	0.7871436192266322	-0.04726084405700916	0.1804	0.8262405431182677	0.091047562159977	-0.0119	0.6806223710425618	0.797326346481106	0.0301	0.8059515544452298	0.4961418355836203	0.129	0.9295866267129652	0.1425509774354936	0.023	0.9474755542663318	-0.0019985453013533017	0.2179	0.9967149579369916	0.030358741457362292	0.1804	0.9309275357146983	0.09345479724039177	-0.0119	0.3952752936694024	1.2997999256421797	0.0008	0.31424005959070944	1.5207743915653889	0.0655	0.37704217347468916	1.3567824386031653	0.1076	0.25038994307836626	1.1732913754288177	-0.01275	0.28412687678800386	0.9325778612858404	0.0702	0.31095558636781484	0.7277306135823923	0.1076	0.583954728856142	1.3073842219397238	-0.01275	0.7324716823903539	1.1123701151523548	0.0702	0.777761386255512	1.0452812728280596	0.1076
283	9.459757236227825	0.5781379388187095	0.7828333937722213	0.0301	0.4932857873871992	0.7188051659814093	0.0301	0.622621398873376	0.371883716311683	0.129	0.7974604155310654	0.07516775380004288	0.023	0.8524721044207771	-0.0778240915529872	0.2179	0.7967039086032383	-0.08304304497637982	0.1804	0.8382969609532926	0.04243152308762597	-0.0119	0.6813485405900727	0.795124055125119	0.0301	0.806883871897777	0.49241813642108684	0.129	0.9294914346338413	0.13591226097159895	0.023	0.9507679704134017	-0.0015905156018514285	0.2179	0.99880053177961	0.030647618138783878	0.1804	0.935117970543144	0.08327595927662315	-0.0119	0.39501862218104866	1.2993571819308865	0.0008	0.30835957452689244	1.529494328696221	0.0655	0.372867362571296	1.3565580711101386	0.1076	0.2463724103015215	1.1753182640150084	-0.01275	0.28294423687941644	0.9351938048293927	0.0702	0.3094257620399786	0.7278411259843641	0.1076	0.5849895383447816	1.3117094762983075	-0.01275	0.7308545235234463	1.111249732453873	0.0702	0.796113091012178	1.0006519238138343	0.1076
284	9.493183940242764	0.577337021140185	0.7805390076700736	0.0301	0.49367085673209354	0.7144560121558073	0.0301	0.6285724987298699	0.3676132897179198	0.129	0.8060983079692691	0.037987764761079866	0.023	0.8605578881925666	-0.10418254954081359	0.2179	0.8041763906436707	-0.11296389831952015	0.1804	0.8470939034198279	-0.002206051020884175	-0.0119	0.6822713551328063	0.7922204482992821	0.0301	0.808460946275996	0.4871124579131263	0.129	0.9284715847009873	0.1326044301061875	0.023	0.9530146635976631	-0.001202011981443342	0.2179	0.9971116868023451	0.033891684299048916	0.1804	0.9391276413344962	0.07559125762729335	-0.0119	0.3933607766719533	1.2995109270561378	0.0008	0.30457491092155514	1.5331895605505685	0.0655	0.37143840681717866	1.3559573643298193	0.1076	0.24086216529467333	1.177308303988558	-0.01275	0.28023178168652124	0.9367567519174036	0.0702	0.30673770911833875	0.7278722124870957	0.1076	0.5853308888756885	1.3156139438631582	-0.01275	0.7293846954747079	1.1069529859337752	0.0702	0.7945472883528988	1.0003926016890314	0.1076
285	9.526610644257703	0.5772766051154602	0.776616692903007	0.0301	0.49349823666979764	0.7089520296721339	0.0301	0.6345348135775262	0.3637477940565083	0.129	0.8136644843330489	0.009601434252275122	0.023	0.8684769093269131	-0.12055429887365408	0.2179	0.8094295916177447	-0.13181813237625858	0.1804	0.8544734264581638	-0.03731299416551327	-0.0119	0.683746169703617	0.7883836157694054	0.0301	0.8098728251049157	0.48188294122072456	0.129	0.9253107134769308	0.13545649335253168	0.023	0.9540601127489818	0.0006442386346155218	0.2179	0.9932539425769554	0.04149499763102685	0.1804	0.9391532651933866	0.076769508036468	-0.0119	0.3895512627806744	1.3019330557788078	0.0008	0.30238397601725664	1.5292506689421828	0.0655	0.36993445950720355	1.3563022853841502	0.1076	0.2354796708704468	1.177288209679983	-0.01275	0.27660838388933773	0.9359538076576174	0.0702	0.30421342172808613	0.7276093786053829	0.1076	0.5848142416568906	1.315948308464694	-0.01275	0.7300107557262583	1.1001001928244003	0.0702	0.7750472202712457	1.0415492202141543	0.1076
286	9.560037348272642	0.576381228860682	0.7733492534314576	0.0301	0.49179375092590394	0.7064701627068821	0.0301	0.6399798806597791	0.35997836854022736	0.129	0.8201970732956002	-0.008516983154785426	0.023	0.8750714558895442	-0.1277315486103993	0.2179	0.8144643829007637	-0.14053053680660654	0.1804	0.8613229941775801	-0.06091898553715321	-0.0119	0.6841750509257531	0.7878092988894574	0.0301	0.810772444721792	0.47795475607560894	0.129	0.9201865977618774	0.14137135457283045	0.023	0.9536773092346235	0.004238851154449655	0.2179	0.9903979189361968	0.04803570850898225	0.1804	0.9347803399246896	0.08604401247690996	-0.0119	0.3852126869631312	1.3050230752233836	0.0008	0.2996623780176384	1.5229206060429874	0.0655	0.3656366398966738	1.3570919295462034	0.1076	0.2312536352080145	1.1763780704096756	-0.01275	0.2730201000926685	0.9345492947391675	0.0702	0.30220385386309145	0.72624923312736	0.1076	0.5839747114828794	1.3132224031575066	-0.01275	0.7322826114127544	1.0947939119579153	0.0702	0.7535379918564431	1.0852133883185147	0.1076
287	9.593464052287581	0.5746699159356287	0.7711687032939186	0.0301	0.4898355281671896	0.7076693190528666	0.0301	0.645414733954108	0.3563049239137829	0.129	0.826156109071598	-0.01897392726908633	0.023	0.881329735854636	-0.13002670458139176	0.2179	0.8218508358182234	-0.1448242502717184	0.1804	0.8678819007266345	-0.07453453111155174	-0.0119	0.6829526112414124	0.7903045974287386	0.0301	0.811723810771396	0.4743492750855562	0.129	0.9147322926233392	0.14531189906887593	0.023	0.9533726692100107	0.008681519136183737	0.2179	0.9902851781242787	0.04859905068747443	0.1804	0.9292523762281615	0.09455366511463986	-0.0119	0.38179818994389025	1.306526936812212	0.0008	0.2950193067465037	1.5199490397242637	0.0655	0.35859801585086254	1.3566008897860689	0.1076	0.22798174674377433	1.176197802790849	-0.01275	0.26985911324142686	0.9342393960268395	0.0702	0.30055142600183493	0.7240212378201086	0.1076	0.5826262136834567	1.3110540766677545	-0.01275	0.7339257105497431	1.0934629713363038	0.0702	0.7402099755964201	1.1068538088403082	0.1076
288	9.62689075630252	0.5738508641984625	0.7687635460436616	0.0301	0.48968496068695627	0.7062410930053998	0.0301	0.6506383125618089	0.3524197007834802	0.129	0.8326113229278118	-0.025057128671517322	0.023	0.8889150683384338	-0.1335074110301477	0.2179	0.830998757594614	-0.1506646151340664	0.1804	0.8744887997563481	-0.08047308161291375	-0.0119	0.6818164740098757	0.7893707481855537	0.0301	0.8128407740361342	0.4706404983941778	0.129	0.9104690594947678	0.14647090946019575	0.023	0.954251103145819	0.013371641144259863	0.2179	0.9910746985530449	0.04667014319773962	0.1804	0.9242644992322088	0.09843091238059466	-0.0119	0.3786743291081301	1.3060081221416808	0.0008	0.288673149428815	1.5196176664839984	0.0655	0.3503275830962221	1.3539536119292164	0.1076	0.22487767922063104	1.1761169154321571	-0.01275	0.26682899281868944	0.9336916213828039	0.0702	0.2988184607552555	0.7225745990292534	0.1076	0.5792509917866524	1.3114058674479048	-0.01275	0.7329398319668143	1.0933794784972357	0.0702	0.7346518631509463	1.110092866422545	0.1076
289	9.66031746031746	0.5743872401205206	0.7666883282157327	0.0301	0.49152321573730784	0.6991053963893163	0.0301	0.6552369194036671	0.3468618067073326	0.129	0.840031419644677	-0.030026523423433222	0.023	0.8980129192255111	-0.14157083181884497	0.2179	0.8394368875921238	-0.16007983919594126	0.1804	0.8808656332258289	-0.08241397627933823	-0.0119	0.6819101305523574	0.7827534221687272	0.0301	0.8134144641695332	0.4671287010324922	0.129	0.9085847445076215	0.14633546351427618	0.023	0.9545394697306722	0.016029340457634145	0.2179	0.9913293119859521	0.04613850165891621	0.1804	0.9193177937927983	0.1022020263520939	-0.0119	0.37453928136133224	1.3039453948491846	0.0008	0.2816079926635117	1.518239434784112	0.0655	0.34298626691167283	1.3494508770020002	0.1076	0.22145691826718022	1.175191335443012	-0.01275	0.26342453476478084	0.9317200518748745	0.0702	0.2963624287841069	0.7229453908925689	0.1076	0.5735315236801368	1.3126831841450595	-0.01275	0.7294041274978029	1.091859622824881	0.0702	0.733396225977759	1.107506879563244	0.1076
290	9.693744164332399	0.5748628213216533	0.7660548757874077	0.0301	0.49311271535599893	0.691874298843821	0.0301	0.6595479704088205	0.33923097994372503	0.129	0.8470200500025111	-0.03680083768922566	0.023	0.9072358964428454	-0.1535697352633855	0.2179	0.8461713424974173	-0.172027831202326	0.1804	0.8862947542342283	-0.08513802170119918	-0.0119	0.6820639130589301	0.7761526749241212	0.0301	0.8133114088365452	0.46247271498414316	0.129	0.9096269776285192	0.14481084603954855	0.023	0.953577022148196	0.013016999519659341	0.2179	0.9925013023253599	0.04452683450486187	0.1804	0.9158729158594681	0.10730003239840381	-0.0119	0.36936918965697796	1.3007072210130126	0.0008	0.27456413021934895	1.5149436850808886	0.0655	0.33824425496104277	1.3445274488193435	0.1076	0.21735814373189674	1.1731193576730468	-0.01275	0.2595369878903429	0.9304854979284644	0.0702	0.2938021909322786	0.7244567609685143	0.1076	0.5673117825316428	1.3128530261350366	-0.01275	0.725607980526669	1.089438089383754	0.0702	0.734201843489527	1.1053217660829266	0.1076
291	9.727170868347338	0.5737443119867157	0.7660018921470209	0.0301	0.49249731201521635	0.6888122612997011	0.0301	0.6633138212547711	0.33206663484634724	0.129	0.8510166752107147	-0.04499302638890713	0.023	0.914718283211591	-0.16682661853754518	0.2179	0.8511387517611834	-0.1841503102808135	0.1804	0.8905130342302686	-0.08934894663889147	-0.0119	0.6814699052939852	0.7734582332745397	0.0301	0.8131546508520123	0.456931533341159	0.129	0.912820336654962	0.14177012384022475	0.023	0.9535921857364604	0.004921407278333197	0.2179	0.9958950254010716	0.03928580084874538	0.1804	0.9157817466912636	0.11029545694611557	-0.0119	0.3638924570975821	1.2977805745262976	0.0008	0.2679446634184265	1.511627712112318	0.0655	0.33573449603825023	1.3413299554676166	0.1076	0.21239117274663427	1.170160335600774	-0.01275	0.2550360021320877	0.9324807169970493	0.0702	0.2930392105329219	0.7259023239268698	0.1076	0.5618702407657232	1.3125935406697418	-0.01275	0.7234213409123624	1.0868862875892618	0.0702	0.7352676087524681	1.102879642476407	0.1076
292	9.760597572362277	0.5712392580622445	0.7657198333760932	0.0301	0.4903560780243411	0.6881551907991622	0.0301	0.6650973396095113	0.32828423061546425	0.129	0.85176609010744	-0.05101673315665616	0.023	0.9193293411330206	-0.17702023288252022	0.2179	0.8539706783320403	-0.1926657123059387	0.1804	0.8934487665714081	-0.09216725235424106	-0.0119	0.6810631246043246	0.7729461738312334	0.0301	0.812939151665883	0.45422989554269033	0.129	0.9170111910846415	0.138590891741203	0.023	0.9559399284031351	-0.003276753069595704	0.2179	1.0007611730717776	0.032679826431689686	0.1804	0.9170555194248389	0.11072419594129777	-0.0119	0.3579486529491616	1.2978257378278784	0.0008	0.26209309938410147	1.5102496835182346	0.0655	0.3335634000693757	1.3408934040241172	0.1076	0.20720387829886205	1.1672660315596095	-0.01275	0.24936787967246393	0.9360372624828209	0.0702	0.2944267892959477	0.7273214290456862	0.1076	0.5565137790491816	1.3136195030830768	-0.01275	0.7227695791258612	1.0835267262170163	0.0702	0.7339571538739141	1.0994309729704919	0.1076
293	9.794024276377217	0.5689898369596688	0.7659724023684393	0.0301	0.4883750063974517	0.6874538209161172	0.0301	0.6643058773787442	0.32756632449303935	0.129	0.8520464472881915	-0.05295881965467617	0.023	0.920983623528299	-0.1811725936629154	0.2179	0.8551112236692421	-0.19572133043279552	0.1804	0.8952124679584653	-0.09281125063450962	-0.0119	0.6813163322203587	0.7727604674589437	0.0301	0.8120102061945457	0.4564782524297284	0.129	0.9208977839557149	0.13867136977617187	0.023	0.9593120714806245	-0.006760657650043313	0.2179	1.0046617875139658	0.030212262836234984	0.1804	0.9166825909019115	0.11282992948916158	-0.0119	0.3512110376028028	1.3007243111940088	0.0008	0.2563749654769193	1.5121822193853816	0.0655	0.32977910056350696	1.3432186935175734	0.1076	0.20186893934828856	1.164987783022899	-0.01275	0.24276110847082832	0.9377389802874271	0.0702	0.29590227125799323	0.7288705764290258	0.1076	0.5506822567299284	1.3157421190893537	-0.01275	0.7222062988930344	1.0803371955036027	0.0702	0.7284137417638427	1.0978418056914572	0.1076
294	9.827450980392157	0.5673204416791477	0.7669227011723507	0.0301	0.48642392219442643	0.6860698562290469	0.0301	0.6617490542347995	0.328369313394368	0.129	0.8537873914505868	-0.05252418244799365	0.023	0.9205966641525343	-0.1818178688446852	0.2179	0.8559628334477258	-0.19624234844061877	0.1804	0.8971317784256768	-0.09239002578996351	-0.0119	0.6804832291580034	0.7740698639517285	0.0301	0.8103142373028038	0.46155311494088147	0.129	0.9221398961877464	0.14667585831457133	0.023	0.9616814989625432	-0.0019668155835669645	0.2179	1.005253278422908	0.036375959391805435	0.1804	0.9150937534615371	0.11963199444291046	-0.0119	0.34464685774814136	1.3030343051562292	0.0008	0.24943987543910812	1.5181735239846108	0.0655	0.32397322084116564	1.348458186998036	0.1076	0.19516591437590317	1.1636959574285184	-0.01275	0.23693444582974796	0.9370436634967323	0.0702	0.29547476956377194	0.728876205444818	0.1076	0.5452197952678561	1.3180521563449599	-0.01275	0.7188598474519905	1.0817571866995666	0.0702	0.7214357499945361	1.0976454461599066	0.1076
295	9.860877684407097	0.5645640977476105	0.7674031141391519	0.0301	0.48321220328802955	0.684879610415363	0.0301	0.6583993459696197	0.33065762815032046	0.129	0.8562913900347631	-0.051847483569749026	0.023	0.9201026391725817	-0.18370150993541476	0.2179	0.857040331428911	-0.19801464660904058	0.1804	0.9007996490331548	-0.09126486479447324	-0.0119	0.6763957809341523	0.7783864653009147	0.0301	0.808563824545473	0.4663058987523936	0.129	0.9201945417738537	0.1617230472523419	0.023	0.9626845078992925	0.011590627899484784	0.2179	1.0038420046290644	0.048889762205060396	0.1804	0.9150278881837507	0.12871968668888645	-0.0119	0.33915886209753143	1.303860409660724	0.0008	0.2419644130884626	1.5266030049082653	0.0655	0.31815472004104345	1.355494669263203	0.1076	0.18728621220323405	1.1643960216384568	-0.01275	0.2330952979510953	0.9352372437561696	0.0702	0.29245489090106813	0.7267321470400822	0.1076	0.5406375790200133	1.3208531393526866	-0.01275	0.7112730613860497	1.0893378819379238	0.0702	0.7184623528807677	1.09284120394303	0.1076
296	9.894304388422036	0.5602898759255747	0.7667983227775396	0.0301	0.47907065417650646	0.6850677471778583	0.0301	0.6553016963692945	0.33334889826806785	0.129	0.8582806293767752	-0.0511943683527052	0.023	0.9210960042504505	-0.18685645216738808	0.2179	0.8580321582599404	-0.2008843889019256	0.1804	0.9050761680790287	-0.09000152123552695	-0.0119	0.6704993726284085	0.7828685356079432	0.0301	0.807338870972864	0.4694287676431321	0.129	0.919520506789122	0.17404660677819767	0.023	0.9630886814973039	0.027553133850384836	0.2179	1.0046316501370105	0.059257947454518546	0.1804	0.9188442273160753	0.13647337362289064	-0.0119	0.3343228965635805	1.3061147173093912	0.0008	0.23615434525012183	1.5331992423870018	0.0655	0.3138877989106532	1.3614486633275047	0.1076	0.1804918916940192	1.1670915551794878	-0.01275	0.22981407226677836	0.9331501040812368	0.0702	0.28729585857069173	0.7240516371043213	0.1076	0.5364247495702136	1.3241550231561807	-0.01275	0.7036559282837125	1.0970104668883711	0.0702	0.7207094533481165	1.0826682431162729	0.1076
297	9.927731092436975	0.5565071025452909	0.7657566269341763	0.0301	0.4755214709542502	0.6865503648974713	0.0301	0.6532942689935409	0.334470913278062	0.129	0.8592237034505588	-0.05008848889282368	0.023	0.922574349686841	-0.18775073493325392	0.2179	0.8586011067411273	-0.20253753502879548	0.1804	0.9072250913457464	-0.0893911096090506	-0.0119	0.6666863178137358	0.7837066694375342	0.0301	0.8065468769454097	0.4713186096258168	0.129	0.9242378199717538	0.17529573569252016	0.023	0.9637391347950025	0.03605021675613381	0.2179	1.0082237386312491	0.06217050485144801	0.1804	0.9263923178061325	0.13997662545350473	-0.0119	0.32967534433989604	1.3106419119423576	0.0008	0.23170512535335988	1.53558790728064	0.0655	0.30958847316333094	1.3643591370789925	0.1076	0.17564844313143224	1.1700595651575203	-0.01275	0.22474152482083617	0.9319763085214692	0.0702	0.28125461934944856	0.7214694481241142	0.1076	0.5322377696576263	1.327071771023784	-0.01275	0.6998522245888311	1.1006522624314832	0.0702	0.7253867902833308	1.072019804483947	0.1076
298	9.961157796451914	0.5543936972390886	0.7651839526814779	0.0301	0.47275121590715	0.6883911020913834	0.0301	0.6518945752984638	0.3345510117027838	0.129	0.8590382887413776	-0.04885295721191687	0.023	0.9224933160425143	-0.18626261711735317	0.2179	0.8581476558237958	-0.20296799114157715	0.1804	0.9073483730155378	-0.08908980254765676	-0.0119	0.6657139509894318	0.7825272050873442	0.0301	0.8060209307135657	0.47213340685537136	0.129	0.9318153392738963	0.16676512427097326	0.023	0.9664610977228585	0.03287499121460668	0.2179	1.0109638907053986	0.05878931574437677	0.1804	0.9338803041606382	0.13500368924031736	-0.0119	0.3253626074290228	1.3136697475078583	0.0008	0.22612658334619942	1.5359709907821975	0.0655	0.30321693343003775	1.3639512195276722	0.1076	0.17110915777067623	1.1712771158458835	-0.01275	0.21783055850130917	0.9333819967206559	0.0702	0.27518697185002955	0.7188620294895767	0.1076	0.5286603468802357	1.3295054412069582	-0.01275	0.696777007195721	1.1037631591374544	0.0702	0.7304282824545345	1.0622504647307935	0.1076
299	9.994584500466853	0.5534805512101628	0.7650851824196125	0.0301	0.4710950835620895	0.6892335355342011	0.0301	0.6503058424642035	0.3347534674108338	0.129	0.8581065492062384	-0.048253990085864805	0.023	0.9215704845169959	-0.18509757312569042	0.2179	0.857396459231884	-0.20325731635993313	0.1804	0.9081321541191778	-0.08895771284173751	-0.0119	0.6659102791877588	0.7815692794363879	0.0301	0.8064241841892114	0.4700888389207229	0.129	0.9380891827845756	0.1533685132514694	0.023	0.972785487286214	0.020652367944207255	0.2179	1.0119218337778553	0.049383913571529874	0.1804	0.9387706414046653	0.11897402113749245	-0.0119	0.3211762885077609	1.3126569338851972	0.0008	0.2193666424128704	1.5366372744340286	0.0655	0.29643043105892203	1.3611860262504938	0.1076	0.16548629589915143	1.1696400676616472	-0.01275	0.2109277938504615	0.9363285483755192	0.0702	0.2694269169162451	0.7161050142970172	0.1076	0.5264824090787656	1.3314875515988105	-0.01275	0.6916174155535942	1.1083069471169757	0.0702	0.736107244868196	1.0499731340977698	0.1076
300	10.028011204481793	0.5538419901285989	0.7645079667232184	0.0301	0.47192140904924956	0.6880133080937235	0.0301	0.6493416441873886	0.33461284477483527	0.129	0.8574092483720736	-0.048280056340108006	0.023	0.9219571301450655	-0.1849809033686408	0.2179	0.8583932173145753	-0.2029348644750337	0.1804	0.9106577466417712	-0.08961657072057576	-0.0119	0.6666998874536181	0.7793847064414475	0.0301	0.8082489062972288	0.4641688308748437	0.129	0.9434099014228629	0.1381622380153162	0.023	0.9811627825318641	0.00343576339090188	0.2179	1.014120100221438	0.032135543312933404	0.1804	0.9440630396321774	0.09375325134739224	-0.0119	0.3162361893901503	1.311479456337075	0.0008	0.21436607116005416	1.537287635321139	0.0655	0.2930943503412312	1.3590035892255976	0.1076	0.1591731656514819	1.1668706421358914	-0.01275	0.20521470255429147	0.9363813564291142	0.0702	0.26425653884352485	0.7122748916592924	0.1076	0.524887345562466	1.332116491394838	-0.01275	0.6869163797808922	1.1117859205090979	0.0702	0.7408454294387439	1.0385631509049842	0.1076
301	10.061437908496732	0.5548206916346491	0.7628855139682801	0.0301	0.4741050422551776	0.6851822269873694	0.0301	0.6499801101670825	0.3335650756262433	0.129	0.8575745298682254	-0.04858161745040352	0.023	0.9231488961909197	-0.18580476034428245	0.2179	0.8603277290748813	-0.20185434340821076	0.1804	0.9129673706101676	-0.09053439107451715	-0.0119	0.6677709793463383	0.7759000781366018	0.0301	0.8107294762210331	0.4583742898835591	0.129	0.9485848315772705	0.1255029046738648	0.023	0.9875449358649072	-0.011138663367987823	0.2179	1.0185716231203485	0.013106471219055171	0.1804	0.9520219927776772	0.0688661496015452	-0.0119	0.31064021706256656	1.314121826245859	0.0008	0.2122565890126236	1.5373595900897679	0.0655	0.29290157077922885	1.3586301156863052	0.1076	0.15380230217350077	1.1665041891283352	-0.01275	0.2000386220120015	0.9308593869209923	0.0702	0.25966522604742054	0.7073005295796218	0.1076	0.5224906543415695	1.331421175543816	-0.01275	0.6852611852602848	1.1123187315217202	0.0702	0.7370838592698387	1.0441676002584708	0.1076
302	10.094864612511671	0.5544237020337566	0.7613895559708597	0.0301	0.4751648393234474	0.6818041392012941	0.0301	0.6510880610242799	0.33176846670745735	0.129	0.8581427125380384	-0.04980366635973595	0.023	0.9226554944892345	-0.18872620519902128	0.2179	0.8595071673922333	-0.2015898981999135	0.1804	0.9127275078139385	-0.0909271136659381	-0.0119	0.668658378405836	0.7735721946234888	0.0301	0.8137508882182113	0.4585599151701842	0.129	0.9513007848732382	0.12092994109503798	0.023	0.989346489315684	-0.012834634680366407	0.2179	1.0223877124954028	0.00640438425737478	0.1804	0.9595652410515505	0.057555682850434	-0.0119	0.30632566629433816	1.3178388256108124	0.0008	0.21021856133320313	1.5367455901270448	0.0655	0.2916552067182603	1.357102372990323	0.1076	0.15069657287505375	1.1687176382622475	-0.01275	0.19376792355920577	0.9224462259461516	0.0702	0.255667058352913	0.7026227719980487	0.1076	0.5192229761998914	1.3317102366974616	-0.01275	0.6857973507018902	1.1108212600947713	0.0702	0.7217279076986655	1.0713926601828405	0.1076
303	10.12829131652661	0.5527351977844494	0.7617694979534718	0.0301	0.4751844182021365	0.6790344020322682	0.0301	0.65162314504933	0.32936290397824514	0.129	0.8584938576515122	-0.05246296341716712	0.023	0.9201421172225167	-0.19395582665861527	0.2179	0.8553695313645254	-0.2036094574790448	0.1804	0.9102530773066354	-0.09197781716818625	-0.0119	0.6693880267800798	0.7735788234686964	0.0301	0.8184289360403658	0.4646980198008294	0.129	0.9511098178111917	0.12378337050588234	0.023	0.9888587183677691	-0.003857510861227163	0.2179	1.0237807115398274	0.015610701704014558	0.1804	0.9640428177670021	0.06003614059390163	-0.0119	0.30391204551204587	1.3190919972366626	0.0008	0.20607478363211323	1.5350941708739143	0.0655	0.28838290601692423	1.353260114750342	0.1076	0.14910480321425362	1.1703547756013868	-0.01275	0.18615846453137994	0.9155367905911576	0.0702	0.25245714019977145	0.6986115063585111	0.1076	0.5151036614610379	1.3346171362302863	-0.01275	0.686070850284966	1.110103528302011	0.0702	0.7045804508880069	1.0995181485396563	0.1076
304	10.16171802054155	0.5520378039083041	0.7627823352963242	0.0301	0.47549370385995743	0.6771911517299497	0.0301	0.6532285150531416	0.32486748778848723	0.129	0.8587617582461639	-0.05572730136690701	0.023	0.917555122929504	-0.19821364228352384	0.2179	0.8517163240002974	-0.20697729323087766	0.1804	0.9085469170922885	-0.09516634465902185	-0.0119	0.6702251652811502	0.7743996651161745	0.0301	0.8245493813020053	0.4695643134297143	0.129	0.9537721743561367	0.12465588888680379	0.023	0.9910686803645005	-0.0005479931129770914	0.2179	1.0258414948515027	0.02504124402894541	0.1804	0.9683574278103529	0.06197188634435055	-0.0119	0.3014667447500267	1.3188371597110644	0.0008	0.20157071615584912	1.5325602875967226	0.0655	0.285284948052301	1.3495699086061945	0.1076	0.14687252478352858	1.1697712309705603	-0.01275	0.17910732104581825	0.9101858388824631	0.0702	0.24977305878641168	0.6936027885112095	0.1076	0.510797633240172	1.337606566124887	-0.01275	0.6854112175161109	1.109911448663623	0.0702	0.6963276357512809	1.1095719145121485	0.1076
305	10.195144724556489	0.5532778046068294	0.7612150568550506	0.0301	0.47675520947883016	0.6744626252451668	0.0301	0.6571484426818422	0.31702287682106517	0.129	0.8594010071814927	-0.058805759749052416	0.023	0.9158948042071468	-0.19812580112018202	0.2179	0.8510564960866303	-0.20916598725915184	0.1804	0.9099054829238986	-0.09946074546832424	-0.0119	0.6717584642661877	0.7733849086269372	0.0301	0.8306300370768692	0.466602363827581	0.129	0.9654824725663514	0.11469233953943693	0.023	0.9977185376464586	-0.010961367192536913	0.2179	1.0331368480345675	0.019501161047745758	0.1804	0.9780613453852799	0.05182389052573346	-0.0119	0.2983683022188627	1.3184144141886058	0.0008	0.1990231370982369	1.5304837176634631	0.0655	0.28333879852379307	1.3471968447671123	0.1076	0.1430605255708983	1.1672611507847601	-0.01275	0.17423851881579341	0.9033509828675081	0.0702	0.24709815596469778	0.6865926406414311	0.1076	0.5081039269422944	1.3373520223316238	-0.01275	0.6856398223916044	1.106172264108068	0.0702	0.6973695988797474	1.1035858848693991	0.1076
306	10.228571428571428	0.5552893221434286	0.7576711074117645	0.0301	0.47882180857809514	0.6702675367547045	0.0301	0.66103726482861	0.30919961468914403	0.129	0.8601054494088238	-0.06117400291520924	0.023	0.9154499361878871	-0.19588508642608354	0.2179	0.8524960378420391	-0.20998964394306088	0.1804	0.9125084591599536	-0.10234623950557661	-0.0119	0.6738892266899059	0.770342383163926	0.0301	0.8356010974318083	0.4576793651724325	0.129	0.9829375555300801	0.09525244358377258	0.023	1.0058348702559277	-0.026667019200036206	0.2179	1.045964997361005	0.0024301850409031915	0.1804	0.9932952898299754	0.029029730709106284	-0.0119	0.2962261659343681	1.3177342541234547	0.0008	0.1984365163113903	1.5297908391836543	0.0655	0.28227053833072224	1.346131415062715	0.1076	0.13915959301015918	1.1633660824198098	-0.01275	0.17103418318905722	0.8956331936181515	0.0702	0.24466009105047612	0.6794615076430318	0.1076	0.5066034200829752	1.335597110153095	-0.01275	0.6879232374283758	1.0982513404515613	0.0702	0.6998012434088848	1.0962136084398473	0.1076
307	10.261998132586367	0.5567882885182942	0.7556971992533015	0.0301	0.48020349802147333	0.666859379841658	0.0301	0.6622516765055624	0.3059615796953815	0.129	0.8600382724746056	-0.062068121809872895	0.023	0.9166342628939653	-0.19573746060486605	0.2179	0.8544727695423538	-0.2113182405931295	0.1804	0.9125954135768269	-0.10315724781125025	-0.0119	0.6752107877342015	0.7678660880246262	0.0301	0.8384691685791771	0.44979072964134736	0.129	0.9980316826229263	0.0731515493781762	0.023	1.013679878811192	-0.04296353276041607	0.2179	1.0614950163065695	-0.017960591194403342	0.1804	1.0089707130372552	0.0004902408030290179	-0.0119	0.29513307664838717	1.3174919677959576	0.0008	0.19873942313520374	1.5297107260696785	0.0655	0.2811056628093735	1.3469616795271044	0.1076	0.13685570806255665	1.1595624637026825	-0.01275	0.16829421661956967	0.8904339293536697	0.0702	0.24279133860541868	0.6747487665102558	0.1076	0.5041747715939162	1.336344106332538	-0.01275	0.6908036397023778	1.0908343271694614	0.0702	0.6962922653984016	1.0983222367898025	0.1076
308	10.295424836601306	0.5574809733647125	0.7560406206578805	0.0301	0.4794017614511493	0.6657186643260334	0.0301	0.6617194793633137	0.3061189621103344	0.129	0.8593176427493739	-0.061635852676941494	0.023	0.9182526022966322	-0.1969202539697223	0.2179	0.8555898892894322	-0.21208099900717697	0.1804	0.9097252323550358	-0.103984800392135	-0.0119	0.6751411933915664	0.7674923210698195	0.0301	0.8384650371028401	0.44683631666362494	0.129	1.0110392899629461	0.050618560220948114	0.023	1.0239436614118382	-0.06671056570351808	0.2179	1.078214339586635	-0.04429560703087225	0.1804	1.0230160639528845	-0.02549286673865969	-0.0119	0.2927235564369037	1.317581493940111	0.0008	0.19895055399635073	1.529881435127582	0.0655	0.2789740874242931	1.348866842567312	0.1076	0.13533047622691347	1.1572772134769929	-0.01275	0.16608296403585812	0.8873461246816822	0.0702	0.24076126829409875	0.6712299452651258	0.1076	0.5010316315791529	1.3390848789776102	-0.01275	0.6917042119006532	1.0881909454847902	0.0702	0.6890957975071648	1.1048872171612854	0.1076
309	10.328851540616247	0.5578277784512763	0.7568761968417768	0.0301	0.4771815709530068	0.6665388512846286	0.0301	0.6612343921182874	0.3052008554595976	0.129	0.8588787097709023	-0.06103517772843041	0.023	0.9183970952849576	-0.1968895417936511	0.2179	0.8548617334034755	-0.20983900663765245	0.1804	0.9069112165272732	-0.10690546114873686	-0.0119	0.6745839286047508	0.7689505585859203	0.0301	0.8364233867759838	0.4479929496048542	0.129	1.0242291309413922	0.02921851343471345	0.023	1.0360436104699544	-0.09602224697712212	0.2179	1.0936031619776174	-0.07412099513758644	0.1804	1.0339732110875637	-0.04427629708143374	-0.0119	0.28860668383618365	1.3157643950618672	0.0008	0.1982159048103526	1.5318144951713	0.0655	0.2768066450941124	1.350066756163987	0.1076	0.13317327085961997	1.155985974977086	-0.01275	0.16470302127186	0.8834701393566675	0.0702	0.23817008891962388	0.6655787926768708	0.1076	0.49911938012559987	1.34051069182342	-0.01275	0.6891532164858422	1.0902634312489436	0.0702	0.685858458306908	1.104327160974526	0.1076
310	10.362278244631186	0.5582259746899465	0.7570135864616149	0.0301	0.4750022223678504	0.6690067681924664	0.0301	0.6600291622641247	0.3022360718885642	0.129	0.859402696744131	-0.061569836223152714	0.023	0.9171359723980895	-0.19784729463446668	0.2179	0.8531341846686169	-0.20766049029568748	0.1804	0.9072481345304791	-0.11074795462113346	-0.0119	0.6736516852589244	0.7720939070319354	0.0301	0.8354863727851101	0.44919200485009847	0.129	1.030942516598546	0.015591352319250004	0.023	1.0439138327453639	-0.11562577672517987	0.2179	1.1023820163607665	-0.09227650661267675	0.1804	1.0380814835528835	-0.055819236939269164	-0.0119	0.2861836845990521	1.3116185619958012	0.0008	0.19660708813308025	1.5360052832561315	0.0655	0.2761199287166665	1.350026333966767	0.1076	0.13111908021991128	1.1548512799513442	-0.01275	0.1633961742195165	0.8791057276649027	0.0702	0.23597373897298277	0.6590142855970788	0.1076	0.49880475414228437	1.3403469794237473	-0.01275	0.6843618757147923	1.0932469067837727	0.0702	0.6868880674456574	1.098518362121325	0.1076
311	10.395704948646125	0.5580131787812105	0.756469143132401	0.0301	0.47237542778294983	0.6732714885873538	0.0301	0.6574576183350954	0.29947411810254065	0.129	0.8608618688604313	-0.06380996958731418	0.023	0.9158303346550557	-0.20222881416539662	0.2179	0.8523468177144928	-0.21057380929664218	0.1804	0.9114873410715911	-0.11251579805810377	-0.0119	0.6714762317593411	0.776903603099897	0.0301	0.8371113297349424	0.4477282292221752	0.129	1.0262841187074911	0.012717691954688675	0.023	1.0457910672225894	-0.11971162757023633	0.2179	1.1030197064622727	-0.09353664747886933	0.1804	1.0365293924798649	-0.06415863002424232	-0.0119	0.287030941973431	1.3080096646672987	0.0008	0.19533234747748512	1.5400372230767532	0.0655	0.2764757166464181	1.3493598287957238	0.1076	0.13024825898311862	1.1545049072233688	-0.01275	0.16187074720731684	0.8761316886634369	0.0702	0.23438541901243895	0.6556596513140105	0.1076	0.4979521421898309	1.3405906197735993	-0.01275	0.6806189878571156	1.0937230138051999	0.0702	0.6864610191498508	1.0983374060306483	0.1076
312	10.429131652661065	0.5563597993884424	0.7557506072893815	0.0301	0.4692042673589039	0.6776961633622259	0.0301	0.6553668102015529	0.2981882665474244	0.129	0.8622628803202341	-0.06633585656202542	0.023	0.9149823216216558	-0.20595421682855775	0.2179	0.8529121376584248	-0.21588396516963182	0.1804	0.916585130437612	-0.11184369949064545	-0.0119	0.6682104929731344	0.7820836158909322	0.0301	0.8351186147826266	0.4506074243199281	0.129	1.0160103110628298	0.014607608614204366	0.023	1.0462871136596363	-0.11723118528343053	0.2179	1.1003602920008604	-0.08894501935995638	0.1804	1.0333338609813327	-0.07263640296690752	-0.0119	0.2877179195575583	1.307841834827914	0.0008	0.19515367468121517	1.5414749851141807	0.0655	0.2760361188051946	1.3496351556501762	0.1076	0.13003697597712427	1.1559538412855528	-0.01275	0.16128682177023643	0.874304928826604	0.0702	0.2322626102783392	0.6552673845033998	0.1076	0.4944606181526392	1.3414691020520824	-0.01275	0.6795601586807536	1.091705826860717	0.0702	0.6836250854668439	1.1048842217256563	0.1076
313	10.462558356676004	0.5539977597433418	0.7549511843969386	0.0301	0.46752034224739025	0.678591476340427	0.0301	0.6549798800398657	0.2976834424920164	0.129	0.8627745654130519	-0.06707257063656288	0.023	0.914103414326468	-0.20543944629209102	0.2179	0.8532033820936857	-0.21773557319565157	0.1804	0.9186789910927236	-0.11101545907820641	-0.0119	0.6650527851625236	0.7852064235452223	0.0301	0.8232310774565218	0.4669397287328105	0.129	1.0070442630438872	0.014980608338210969	0.023	1.050274746179928	-0.11502209819411231	0.2179	1.0995302324766785	-0.08741226351442	0.1804	1.027501213130227	-0.07837410241949695	-0.0119	0.28557305409639994	1.3114699449980602	0.0008	0.19540582366708797	1.5411556919770992	0.0655	0.27447434730020853	1.3519335660953602	0.1076	0.12926540693598015	1.158512964628616	-0.01275	0.16252146623550237	0.8730572361718227	0.0702	0.22931987888041858	0.6547754696802612	0.1076	0.48975828238997254	1.341624927169022	-0.01275	0.6793061173646538	1.089491063594134	0.0702	0.681875619969869	1.110357602537548	0.1076
314	10.495985060690943	0.5520723583362898	0.7540115623542887	0.0301	0.4676041416379814	0.6765730963605119	0.0301	0.6542654920270153	0.29755080932504685	0.129	0.8629428859195899	-0.06635969848996054	0.023	0.9128255307335863	-0.20449443859216354	0.2179	0.8525131579809858	-0.2174754459154731	0.1804	0.9182600078315503	-0.11119723335635405	-0.0119	0.662956115583565	0.7854812744321972	0.0301	0.8083948646097012	0.48784853896115665	0.129	0.9998932689268127	0.014824293118086983	0.023	1.0578154592503	-0.11206848108060866	0.2179	1.1012342994264859	-0.08735823188693966	0.1804	1.0176506160222036	-0.07778948610500508	-0.0119	0.2826732643708734	1.3161480006462025	0.0008	0.1945017592198658	1.5434132352403453	0.0655	0.27332887499096725	1.3558536461757758	0.1076	0.1273502710645342	1.1599925643432265	-0.01275	0.16511604564629964	0.8728094556593488	0.0702	0.22692387018158774	0.6535036415344104	0.1076	0.48749019565646096	1.3412804998226262	-0.01275	0.6775313529834053	1.090482918109512	0.0702	0.6824673626333028	1.111232969927722	0.1076
315	10.529411764705882	0.5503508315043698	0.7540491502937705	0.0301	0.46716578045764334	0.6766325594439659	0.0301	0.651184207930139	0.29857262712471777	0.129	0.8635412436996122	-0.06648190339501228	0.023	0.9114762711173613	-0.20669817297502988	0.2179	0.8523785889745205	-0.21913507629062054	0.1804	0.9189008605160423	-0.11163565257848795	-0.0119	0.6617558410658081	0.7846218765243802	0.0301	0.8023406450812084	0.49609154987408566	0.129	0.9932302013236759	0.01926229438728789	0.023	1.0605450505953213	-0.10704782651921495	0.2179	1.0996741647586934	-0.0837624624185786	0.1804	1.0078034224218482	-0.07275347013105289	-0.0119	0.2812322327442769	1.3192790193975785	0.0008	0.19172489367480747	1.5505813476436847	0.0655	0.27279479899529907	1.3615729634581082	0.1076	0.1251766758972916	1.1599558707973852	-0.01275	0.16811468213787034	0.8731145879120541	0.0702	0.2266098194070649	0.6518247598163656	0.1076	0.48895645760335754	1.3418200698576959	-0.01275	0.6749279376250716	1.0953357018702008	0.0702	0.6836913646536406	1.1101793584001411	0.1076
316	10.562838468720821	0.5484266886075451	0.7561589425715447	0.0301	0.4661115168227631	0.6782711179559218	0.0301	0.6482941242964958	0.2992291505089649	0.129	0.864389816913671	-0.06809131842939994	0.023	0.9100688485661537	-0.2100035184788354	0.2179	0.8533308120595164	-0.2213221327581581	0.1804	0.9217701123785265	-0.11242716595980656	-0.0119	0.6604051962556913	0.7842705248742121	0.0301	0.8043090819669223	0.4937760997689744	0.129	0.9884164958841883	0.02842666119207112	0.023	1.049698724137453	-0.10322487517524555	0.2179	1.0863713573506197	-0.0754187835972898	0.1804	1.0018210361414763	-0.06751894439791387	-0.0119	0.2807101537646352	1.3211160507049549	0.0008	0.18860449881104532	1.5579007043421556	0.0655	0.2705146572410515	1.3691455162640795	0.1076	0.1242395457544115	1.160084899983359	-0.01275	0.1704761656218999	0.8731818440146067	0.0702	0.22792338985102614	0.6497497466609022	0.1076	0.49230897432501425	1.3422420938177364	-0.01275	0.6741140936489846	1.097749279390957	0.0702	0.68344119114692	1.1096307093207567	0.1076
317	10.59626517273576	0.5473695369302053	0.7588216099573385	0.0301	0.4667532080289205	0.6766621013344676	0.0301	0.6495511655571562	0.29579212181984654	0.129	0.86486558948375	-0.06933324207516083	0.023	0.9080317046754566	-0.21175729965858656	0.2179	0.8537669037962923	-0.2207878921616109	0.1804	0.9243644394011797	-0.11446516344264424	-0.0119	0.6589281724401684	0.7850773211414426	0.0301	0.8057447661132416	0.4934450298704884	0.129	0.9865479864209503	0.035948796574533315	0.023	1.03118005186688	-0.10378454171933023	0.2179	1.0650024998811072	-0.0662965751941174	0.1804	0.9995193136632835	-0.06516581021995446	-0.0119	0.2804975297090496	1.322128808872061	0.0008	0.18644469687908916	1.5613136010194373	0.0655	0.2653387041610186	1.3762304530779257	0.1076	0.12468581588849992	1.160936037196043	-0.01275	0.17137006588920084	0.8732685725740592	0.0702	0.22908549789260127	0.6479853602357273	0.1076	0.4948992728062447	1.3407971819867834	-0.01275	0.6751011330922624	1.0935966784735205	0.0702	0.6812635618207101	1.109567397655005	0.1076
318	10.6296918767507	0.5479465282858654	0.7597168753118497	0.0301	0.46869161536482007	0.6717225137116827	0.0301	0.6537371528181429	0.2886617359663674	0.129	0.8644283496261838	-0.06887620974020023	0.023	0.9064111984359516	-0.21234347875525156	0.2179	0.8532301927872884	-0.2184647039320658	0.1804	0.9242348498896722	-0.11570800937534137	-0.0119	0.6584812524230994	0.7877342437670745	0.0301	0.8043212431847854	0.4959758590222302	0.129	0.9863990764251833	0.03735211333049834	0.023	1.0218944845901172	-0.10674018337893214	0.2179	1.0542035192729526	-0.06423276536978575	0.1804	1.000526633667306	-0.06677621862127073	-0.0119	0.2804623922983219	1.3216607804792793	0.0008	0.1844705451573049	1.5643894293239071	0.0655	0.259852127828177	1.3810385279288027	0.1076	0.1254480699994805	1.1618129071622743	-0.01275	0.17115381269638597	0.8730004299308333	0.0702	0.22989293445924652	0.6465837079609159	0.1076	0.4955063076527033	1.338888418896712	-0.01275	0.6750455382892298	1.0889600632372156	0.0702	0.6789347673333163	1.1091102803563442	0.1076
319	10.663118580765639	0.5487291096622313	0.7590437160314928	0.0301	0.4692531753295227	0.666468084666415	0.0301	0.6566723317526896	0.28233063222708826	0.129	0.8630029339296142	-0.06697948062317537	0.023	0.9068186798906006	-0.2128204175602139	0.2179	0.8531944311873917	-0.21692705780127464	0.1804	0.9217826309873253	-0.11278880408070378	-0.0119	0.6593597778516225	0.7909505880055838	0.0301	0.8036542450850809	0.49746433174093324	0.129	0.9876281658475096	0.03386008885618531	0.023	1.0293393027830735	-0.1097840439976599	0.2179	1.0646310466566862	-0.07298263559077663	0.1804	1.0042087532967543	-0.0704266895863229	-0.0119	0.2800832814985817	1.3203640131667123	0.0008	0.1825845863984463	1.5692941663101136	0.0655	0.2570052408672044	1.385251266643697	0.1076	0.12559598882769304	1.1624773218041788	-0.01275	0.17095125047641657	0.8713067731389097	0.0702	0.2306776123784305	0.6450795101777604	0.1076	0.49515111217085406	1.3388344938638412	-0.01275	0.6732730023745479	1.0889334082709767	0.0702	0.678243250580241	1.107380662974518	0.1076
320	10.696545284780578	0.5489765743211881	0.7576547266446039	0.0301	0.4691122347628309	0.6626437719833481	0.0301	0.6571730599150558	0.27870900841178564	0.129	0.8614556855274839	-0.06426456984635091	0.023	0.908119989021117	-0.21204315732911136	0.2179	0.8542947038690543	-0.21542154595637106	0.1804	0.9185731983717809	-0.10720830812611985	-0.0119	0.6615319925755954	0.7902097983688469	0.0301	0.8057974162220195	0.49817652519384525	0.129	0.9918916849451567	0.028431500197095352	0.023	1.0443093773200722	-0.11436070165649621	0.2179	1.0849629655722364	-0.08564548644018036	0.1804	1.0077820016627494	-0.07212884400300691	-0.0119	0.27933938360422983	1.320610971307801	0.0008	0.18189717070293027	1.572606769353672	0.0655	0.25644641896877185	1.3910490137983709	0.1076	0.12484097430078833	1.162868632403442	-0.01275	0.17117334690835984	0.8687883571904853	0.0702	0.2303804011249427	0.6441960989327256	0.1076	0.4955174658376107	1.3401119678986229	-0.01275	0.6727983698561992	1.090285971293306	0.0702	0.6794154778964475	1.1038908010939639	0.1076
321	10.729971988795517	0.5502358965964068	0.7546682005033077	0.0301	0.4709995696614473	0.6605756594336332	0.0301	0.6568953781772109	0.2760388455501564	0.129	0.8608858871941573	-0.06212116920343275	0.023	0.9087442069610862	-0.20886490543482603	0.2179	0.8555130664778753	-0.21277245041445425	0.1804	0.9150097892469523	-0.10410948398852385	-0.0119	0.6653994742854408	0.7836559152981415	0.0301	0.8105802277208959	0.4952903000034114	0.129	1.0002753871037333	0.020174446724081016	0.023	1.0553522098582873	-0.12312013178240372	0.2179	1.1000932752171815	-0.09722476440845364	0.1804	1.0112871836140644	-0.07423291858052732	-0.0119	0.27892210293434955	1.323339496423902	0.0008	0.1815688764818363	1.5749016629333454	0.0655	0.25558204164629267	1.3986239819923616	0.1076	0.1237285657659097	1.1629247048143738	-0.01275	0.17151958335074716	0.8669351564206447	0.0702	0.22860215002178128	0.6440939781294686	0.1076	0.4968496654893162	1.3403962874593658	-0.01275	0.6767132766899011	1.0895012119418614	0.0702	0.6827239959024992	1.0989350487987875	0.1076
322	10.763398692810457	0.5529768534734244	0.7493003848977605	0.0301	0.47347212170721786	0.6597365264145792	0.0301	0.6571822699775741	0.27363359384545355	0.129	0.8613645441948509	-0.061931926420953055	0.023	0.9094880043622519	-0.20490240328623113	0.2179	0.8555957832887288	-0.2108913782917803	0.1804	0.9114290273267679	-0.10490281815138133	-0.0119	0.6698773268290963	0.7754458474657995	0.0301	0.8198842394169907	0.4795022839360275	0.129	1.0129347122849828	0.002705649180711725	0.023	1.0623491204659175	-0.13981238555902978	0.2179	1.11055360985115	-0.11403856845255278	0.1804	1.0196185818555832	-0.0887391771617067	-0.0119	0.2791567773337278	1.3266436597803017	0.0008	0.17947539154660366	1.5822211140510167	0.0655	0.25300334187593476	1.4071109025818622	0.1076	0.12309106286585156	1.1631372685006205	-0.01275	0.17174223645020023	0.866340140103247	0.0702	0.22672905126246315	0.6430569862475759	0.1076	0.4981976141738143	1.339418553027178	-0.01275	0.6841206878139751	1.0883149658356799	0.0702	0.6894605076969953	1.0933111799829216	0.1076
323	10.796825396825396	0.5558998047959866	0.7428563896115902	0.0301	0.4734339728132008	0.6593860587113879	0.0301	0.6575189508194026	0.27294823577649574	0.129	0.8619092884456562	-0.06265777996382225	0.023	0.9111082526508109	-0.20238590008431986	0.2179	0.8539227271743658	-0.21131798055406922	0.1804	0.9092380846999628	-0.1060610723801855	-0.0119	0.6728052878124249	0.7693150964669881	0.0301	0.8339488797397681	0.45125539782836116	0.129	1.0286713772146574	-0.025466543027337748	0.023	1.0696573193025287	-0.16573891139628957	0.2179	1.123042901838376	-0.13972598855819274	0.1804	1.0334262728963017	-0.11915069603452666	-0.0119	0.27940687969709976	1.32947413832135	0.0008	0.17612603685763464	1.595628164318918	0.0655	0.2490367534741464	1.4164404486869435	0.1076	0.12283871362444175	1.164027544705238	-0.01275	0.17159113350709515	0.8672393632071602	0.0702	0.22617424273116646	0.6392313354063458	0.1076	0.4997240997264214	1.3398632525842369	-0.01275	0.6901896050050702	1.0906562026263469	0.0702	0.6999559011794133	1.087977539035091	0.1076
324	10.830252100840337	0.5582055194163346	0.7372624361970846	0.0301	0.4729943410533167	0.6565140978314034	0.0301	0.6576840583675382	0.2727908309946081	0.129	0.8614675449788225	-0.06171559307174317	0.023	0.9127720294083953	-0.20174497128356783	0.2179	0.8512199011333175	-0.21289355289682824	0.1804	0.9087772281813479	-0.10448988030565667	-0.0119	0.6746626383403437	0.7628643803614614	0.0301	0.8450502181666106	0.42992755895176904	0.129	1.0425489819364877	-0.0523858581709492	0.023	1.0725342432335252	-0.19210668740019882	0.2179	1.1328992972754872	-0.16551138868936413	0.1804	1.0446157322090512	-0.14821858544523317	-0.0119	0.2795752941749436	1.3334749413292826	0.0008	0.17415933371200396	1.607708543266377	0.0655	0.2436184210250712	1.4285321590658087	0.1076	0.1226190355698263	1.165079658624514	-0.01275	0.17103951830275724	0.8689682685217346	0.0702	0.22689860777981974	0.6330049325893828	0.1076	0.5031829107380859	1.3426551447337345	-0.01275	0.6925933384954897	1.0950362142021726	0.0702	0.7108429680913011	1.0852921188294056	0.1076
325	10.863678804855276	0.560136018749754	0.7317310644140638	0.0301	0.47625321437054685	0.6477830498284074	0.0301	0.6600947881892854	0.26864479570798927	0.129	0.8600680493664734	-0.05879256441714759	0.023	0.9141476868064197	-0.20299892914460768	0.2179	0.8494456825459568	-0.21452170139421906	0.1804	0.908721871086049	-0.10068411997796654	-0.0119	0.6781200391884796	0.7518494758738585	0.0301	0.8485570235493879	0.42250025292427085	0.129	1.0506909391305292	-0.06876910045219933	0.023	1.0651026875983294	-0.2111360720451614	0.2179	1.132054790126053	-0.18529991202348423	0.1804	1.0503016831158907	-0.16118648748552883	-0.0119	0.2811494868585224	1.338533776331181	0.0008	0.17443880750662444	1.6127064064897392	0.0655	0.237387314951916	1.442994399536293	0.1076	0.12326626095237046	1.1652983228233271	-0.01275	0.17114748649054629	0.8691613468332025	0.0702	0.22769442557169683	0.6276745794689371	0.1076	0.5089690313736208	1.344762675311131	-0.01275	0.694911796147371	1.0936075315415574	0.0702	0.7168661669255392	1.0879990578808887	0.1076
326	10.897105508870215	0.562667364384282	0.7248789011735608	0.0301	0.48164968999203045	0.636625640216279	0.0301	0.6650329605573414	0.259991491093268	0.129	0.8590309176411557	-0.05683957715857313	0.023	0.9168320792478372	-0.2080794827891073	0.2179	0.8503008267127088	-0.2180237417657217	0.1804	0.9086570744544753	-0.09746339605706697	-0.0119	0.6836274661770101	0.7386814287936545	0.0301	0.8516840767069556	0.40998567462385477	0.129	1.0566433974789673	-0.08299254370729289	0.023	1.0562654507508085	-0.2313158242713525	0.2179	1.1267618755881557	-0.20745842096000444	0.1804	1.0616206823846168	-0.16678151450084597	-0.0119	0.28477873135770887	1.3417561958112654	0.0008	0.17590382097788124	1.6142318124414405	0.0655	0.23374979303083088	1.4535240750026268	0.1076	0.1252260084802094	1.165133516105965	-0.01275	0.17348084851524734	0.8668957898217122	0.0702	0.22772983666080576	0.6257113428774035	0.1076	0.5151982865619271	1.3443705925057148	-0.01275	0.6999149827392235	1.0841101754725018	0.0702	0.718345750187893	1.0936127051313926	0.1076
327	10.930532212885154	0.566148291589338	0.7198378823093997	0.0301	0.4840967469523802	0.6302343477411403	0.0301	0.6680977093529842	0.2527553920665668	0.129	0.8593959270224758	-0.058144062765117875	0.023	0.921955291614018	-0.21773324709017527	0.2179	0.8536837422619369	-0.22527222230192417	0.1804	0.9091335792449663	-0.09662107696381492	-0.0119	0.6891844898556307	0.7305083290641297	0.0301	0.8585654373504801	0.3886823637234124	0.129	1.0645785429771342	-0.10298944891733905	0.023	1.0577556441070513	-0.25918006103887375	0.2179	1.1282320869942817	-0.2359654051620317	0.1804	1.083372316422306	-0.177250042238596	-0.0119	0.28895108347003967	1.3430460032833509	0.0008	0.17783353606834582	1.617883663422244	0.0655	0.23550485318594416	1.4555768654928107	0.1076	0.1272831173417567	1.1665185231364075	-0.01275	0.17817971870047594	0.8646223204297547	0.0702	0.2274507649817296	0.625415964871215	0.1076	0.5209036616306091	1.3436160784580513	-0.01275	0.7052618838685081	1.0756086358712569	0.0702	0.722040008134658	1.095306087861473	0.1076
328	10.963958916900093	0.569490593340899	0.7194610455338557	0.0301	0.4832646351565006	0.6292509391168987	0.0301	0.6677212784743647	0.25160889270550674	0.129	0.860565407400785	-0.06116551611502989	0.023	0.9268203218213217	-0.22655379841354298	0.2179	0.8568136028887228	-0.23252531245643057	0.1804	0.9101336343980713	-0.09735674692708417	-0.0119	0.6938785278523959	0.7286299031670055	0.0301	0.8641344565660887	0.37747690463038275	0.129	1.0726476557989624	-0.12136794192484131	0.023	1.065713855559484	-0.28247164052789087	0.2179	1.1348354835423808	-0.2582871457373548	0.1804	1.1019743705087617	-0.18888811514619905	-0.0119	0.2925763197362846	1.3459542164716274	0.0008	0.17971382153809723	1.6234601085092333	0.0655	0.24034650617006822	1.4548336699688291	0.1076	0.12863574312887258	1.1704593741689513	-0.01275	0.18297294323354332	0.8646911039840794	0.0702	0.22779440282800847	0.6240657775021315	0.1076	0.5270388005635368	1.3449854260470133	-0.01275	0.7096420256872973	1.0750343930635298	0.0702	0.7306863795066828	1.0918592651235912	0.1076
329	10.997385620915033	0.5719125760757847	0.7203687458834419	0.0301	0.4833632261885669	0.628683561029142	0.0301	0.6668808048176541	0.25481052287318023	0.129	0.861071723490382	-0.062471454089483444	0.023	0.9271951174252446	-0.228767091200938	0.2179	0.8566089004232039	-0.23443567540575372	0.1804	0.9111041184280616	-0.09770244731465852	-0.0119	0.6982080863724484	0.7285898797261482	0.0301	0.8675420281037287	0.3767730608409941	0.129	1.0788692098779875	-0.13169997990516905	0.023	1.0717400425848003	-0.2936996062429893	0.2179	1.1403024236411303	-0.2685390960322186	0.1804	1.1084087892531715	-0.1963906875013271	-0.0119	0.29600096486819627	1.3523745171693116	0.0008	0.1811802349912332	1.6296747788895574	0.0655	0.24307246177883246	1.4605834634504253	0.1076	0.12958271637942206	1.1762555444763674	-0.01275	0.18477130529855923	0.867579755284716	0.0702	0.22856996962355663	0.621479798830521	0.1076	0.5337991550469404	1.3486081150358178	-0.01275	0.7153005419571672	1.0783662508909606	0.0702	0.7386369649194998	1.091008531543862	0.1076
330	11.030812324929972	0.5736194094690149	0.7197830297651915	0.0301	0.485209944591022	0.6276382666910219	0.0301	0.6665189469707667	0.2574282698868384	0.129	0.8601909935515402	-0.060553533024620534	0.023	0.9239184133665204	-0.22664647388057282	0.2179	0.8537719833464643	-0.2324893420433657	0.1804	0.9108036485804244	-0.09541314261412023	-0.0119	0.7016564350331886	0.7300047764900334	0.0301	0.8738554720632723	0.3695300883781077	0.129	1.0841768367726372	-0.1380792907180564	0.023	1.076565434013089	-0.3032867218829888	0.2179	1.1449945257807599	-0.27704126321027667	0.1804	1.1097647531700745	-0.2032452552687762	-0.0119	0.2986860158610657	1.3608810185908495	0.0008	0.18287634503913378	1.6386496439375278	0.0655	0.24168847717688188	1.47293331264846	0.1076	0.13039258631083822	1.1830678914649333	-0.01275	0.18299797694101216	0.8732557354773895	0.0702	0.22871704888309005	0.6187393192456014	0.1076	0.5393359385867507	1.3537181944517953	-0.01275	0.7217527880651301	1.0826021858179298	0.0702	0.742129248233135	1.09744549492743	0.1076
331	11.064239028944911	0.5754364531823173	0.719496522761028	0.0301	0.4864059075601973	0.6286693966929014	0.0301	0.6661531827294743	0.2560337423977223	0.129	0.85840434091291	-0.0566340155223	0.023	0.9222756873474766	-0.2258396914381465	0.2179	0.8515854084923151	-0.23145791328552004	0.1804	0.9082082095964029	-0.08910449248865394	-0.0119	0.7040629184071974	0.7347991717919329	0.0301	0.8837543320736941	0.35473826771727773	0.129	1.0886186765638715	-0.14441867560212587	0.023	1.0823514891920971	-0.31644218927211887	0.2179	1.1500349278714204	-0.2884251784398272	0.1804	1.112886956859699	-0.21181083478994314	-0.0119	0.3000732281716012	1.369225719478978	0.0008	0.1852164256919647	1.650728692834644	0.0655	0.23895372141789403	1.4844648308822777	0.1076	0.1313244273726896	1.19051557012795	-0.01275	0.18065598454834633	0.880347698284838	0.0702	0.22803666422815	0.6166026274796634	0.1076	0.5429600130631056	1.3600742950125775	-0.01275	0.7263548804078921	1.0902208327658816	0.0702	0.7456801694032074	1.1042357668152574	0.1076
332	11.09766573295985	0.5790134591448564	0.7195900066705551	0.0301	0.4879642797186835	0.6303782801952387	0.0301	0.6672604839815962	0.2504925769436858	0.129	0.8565631293106313	-0.052406855354515475	0.023	0.923663995105664	-0.22784703883201154	0.2179	0.8510234103106398	-0.2319420891042097	0.1804	0.9041788567346531	-0.07992291878810218	-0.0119	0.7079053511935021	0.7392308224167768	0.0301	0.8921089494806824	0.3451869048049274	0.129	1.0916529203834493	-0.1508255618664606	0.023	1.0868803923178436	-0.3260468226879016	0.2179	1.1538023888639524	-0.296459816578708	0.1804	1.1169188943946182	-0.21934483277925618	-0.0119	0.3024779350109625	1.3754141417239154	0.0008	0.1876123361551637	1.6611162237285868	0.0655	0.23874299636274934	1.4917000606381818	0.1076	0.13279387368990764	1.1983608679778834	-0.01275	0.1809357759450875	0.8857576109412243	0.0702	0.22672245380057496	0.6158229601266251	0.1076	0.5476620923292561	1.3666228180561475	-0.01275	0.7310813716005087	1.0973127303038337	0.0702	0.7524512257303398	1.1055196067511848	0.1076
333	11.13109243697479	0.5849643588579556	0.7187764025644022	0.0301	0.49144694277927764	0.6308087727657344	0.0301	0.6700525488643553	0.24193693674553413	0.129	0.8550785045024907	-0.049065424528364286	0.023	0.924753583090753	-0.231123721383969	0.2179	0.8507602360815014	-0.23250664879989522	0.1804	0.9003342351785144	-0.07097531964231402	-0.0119	0.7143977860569255	0.7402235538829484	0.0301	0.8952492397436462	0.34476162438207486	0.129	1.0942479677851036	-0.15714783146808553	0.023	1.088608809303259	-0.3300209416355454	0.2179	1.1557927008342808	-0.2996963177660415	0.1804	1.1198777928159216	-0.2235245333739889	-0.0119	0.3073442840727768	1.37935035853978	0.0008	0.18955912250832813	1.6679410011218865	0.0655	0.2418255304880092	1.4977577655235519	0.1076	0.13494112496971478	1.2057502959397286	-0.01275	0.18331359501684913	0.8878803479186111	0.0702	0.22450602647621215	0.6162223565435374	0.1076	0.5556833385367703	1.3721999482921377	-0.01275	0.7398953513735673	1.0964597598689871	0.0702	0.7590247481084188	1.1055784948276632	0.1076
334	11.164519140989729	0.5908170732605152	0.7183572950296684	0.0301	0.494023604988838	0.6317148332550642	0.0301	0.6716463141116032	0.2292626975507106	0.129	0.8531978881326774	-0.046984593796562515	0.023	0.9241083054565168	-0.23431786295186458	0.2179	0.8509228989598975	-0.23327977242767345	0.1804	0.8963581130052471	-0.06373959766045438	-0.0119	0.7204463647753444	0.7410836177125917	0.0301	0.8952346294303632	0.3459770174215098	0.129	1.0971968103274337	-0.16251786409037064	0.023	1.0885835950585692	-0.333778754307283	0.2179	1.1569613548659892	-0.3031361827152544	0.1804	1.1217234969311443	-0.22491139001536004	-0.0119	0.3118253295386716	1.3844731864804387	0.0008	0.19071487958248992	1.6763705807467701	0.0655	0.24536468910451376	1.5055769146452096	0.1076	0.1370999565020853	1.2112974333175786	-0.01275	0.18521093713173148	0.8886987068102986	0.0702	0.22167019977369673	0.6155663126730991	0.1076	0.5649369783798849	1.3774689122309618	-0.01275	0.7516970480511315	1.0905462776642816	0.0702	0.7648073572964059	1.1088614182510763	0.1076
335	11.197945845004668	0.5934991305043319	0.7189005472040711	0.0301	0.4942877844489181	0.6333581684426883	0.0301	0.669536435636992	0.21136697878568195	0.129	0.8495796542229455	-0.04415093176153917	0.023	0.9228636435947064	-0.23662411267093006	0.2179	0.8525410976817172	-0.23412728769758823	0.1804	0.8903679567749273	-0.05505952670818894	-0.0119	0.7234723904733497	0.7425635287407059	0.0301	0.8968503657501405	0.3410967991946669	0.129	1.0998490137239314	-0.1661507913070755	0.023	1.0878903598232303	-0.3391610856134253	0.2179	1.1572496109090895	-0.30840802265184175	0.1804	1.1234076604420447	-0.22581337261074175	-0.0119	0.31413269426795204	1.3930571167953705	0.0008	0.19094918552265996	1.6882209025078385	0.0655	0.2475492443071696	1.5138738285584141	0.1076	0.13868382662928685	1.2158165281676885	-0.01275	0.18651678097154703	0.8911824166111051	0.0702	0.21936544827545645	0.613241561360582	0.1076	0.5724326965275012	1.3828645935895743	-0.01275	0.7619884631094729	1.0891303326911324	0.0702	0.7737324636913442	1.1137708964275534	0.1076
336	11.231372549019607	0.5931454288213155	0.7190343659589605	0.0301	0.49532721531084306	0.6327030619264029	0.0301	0.6634981447184818	0.19209732492780401	0.129	0.8448894511741947	-0.03801511042183884	0.023	0.9224412163245133	-0.23813839449835936	0.2179	0.855007992995099	-0.23443579667544243	0.1804	0.8829868514450248	-0.041797298955396654	-0.0119	0.7251415705775931	0.7402910732828969	0.0301	0.9022629257614464	0.3297414791909621	0.129	1.1016047156558875	-0.16844925858933188	0.023	1.0862618470946515	-0.3437159602661677	0.2179	1.15590898051125	-0.31282515826315666	0.1804	1.1247963893162558	-0.22819600635957463	-0.0119	0.3163801277650651	1.402415931246151	0.0008	0.19117208481536205	1.6980917986762907	0.0655	0.2502275530190107	1.5211322890318406	0.1076	0.1403879573824011	1.2219445718506297	-0.01275	0.18907808134985155	0.8959711012151723	0.0702	0.21877554594516263	0.6119513770618605	0.1076	0.5771991067708799	1.3879337023061051	-0.01275	0.7696049792315562	1.0944532390934945	0.0702	0.7853184461891011	1.1171729668580543	0.1076
337	11.264799253034546	0.5922098237117402	0.7184461361128388	0.0301	0.49792052060370307	0.6285499860845534	0.0301	0.6552738044131784	0.17696644392969973	0.129	0.8406034607662738	-0.02890228994963402	0.023	0.9241177981922122	-0.24009744653390228	0.2179	0.8565576672175296	-0.23478115911677735	0.1804	0.8771154702999688	-0.026607150504492028	-0.0119	0.7273903820481931	0.7341744046020543	0.0301	0.9091713991971712	0.3177604859972091	0.129	1.102428428927897	-0.169283635371902	0.023	1.0827974331311845	-0.3473054814327979	0.2179	1.1530461697611676	-0.3153129755000975	0.1804	1.1233993230877353	-0.23126821949288087	-0.0119	0.31995871325765374	1.4092629014381592	0.0008	0.19287717196997395	1.7033165762545246	0.0655	0.2549506590051967	1.5281860697089933	0.1076	0.1426033430033061	1.2292811707640394	-0.01275	0.19291464462102678	0.9017743850036027	0.0702	0.22011280623046023	0.6119116206206596	0.1076	0.5797663452818518	1.393195835255664	-0.01275	0.7768849449899371	1.1008099699333285	0.0702	0.7947547453839559	1.118446028670047	0.1076
338	11.298225957049485	0.5922911792335139	0.7175231812481663	0.0301	0.49867370469181066	0.6243567391783009	0.0301	0.6481016322791442	0.1662189948465524	0.129	0.8357816925950674	-0.019657183897849193	0.023	0.9271075286587096	-0.24320464238332098	0.2179	0.8553342238480158	-0.2359593732767326	0.1804	0.8727696122244926	-0.014951648248310329	-0.0119	0.7290315488255903	0.7301114116140571	0.0301	0.9131036249039762	0.30955470667305823	0.129	1.1026223081657651	-0.16915272778166807	0.023	1.0777692091439597	-0.3513624657543083	0.2179	1.1489490459241507	-0.3175314693603679	0.1804	1.1185873885867637	-0.2322856798190182	-0.0119	0.32335241759637307	1.4134384136905085	0.0008	0.19668986217332735	1.7075220982914547	0.0655	0.2598172917520966	1.5348237641591471	0.1076	0.1448574175204091	1.2345575268103024	-0.01275	0.1959478063316977	0.9074706685726773	0.0702	0.22186807865713018	0.6108006010501283	0.1076	0.5814526768787185	1.39838560442454	-0.01275	0.7847215581255392	1.1046403386411032	0.0702	0.8006256871482328	1.1176523833041558	0.1076
339	11.331652661064426	0.5933442724349839	0.716321035935203	0.0301	0.4959064915176425	0.6236462602507947	0.0301	0.6445240895380374	0.155191587342818	0.129	0.8304221547409685	-0.014986415055007158	0.023	0.928947726450295	-0.248321009963888	0.2179	0.851104940441768	-0.2391661624357145	0.1804	0.8683577363601291	-0.011082094270392409	-0.0119	0.7290998818870664	0.7302620084717816	0.0301	0.9122542700247424	0.30451227587060686	0.129	1.1025630672001614	-0.16973828555259834	0.023	1.0731345138648363	-0.35461746624756973	0.2179	1.1445887987432082	-0.3204430670790571	0.1804	1.1140343604396712	-0.23081380638376928	-0.0119	0.3252256264386986	1.4166401046304682	0.0008	0.2016710876823128	1.7144049252715927	0.0655	0.26244054609493606	1.540549797786266	0.1076	0.14748886206152978	1.2367299884340572	-0.01275	0.1969455298519339	0.9120431879753945	0.0702	0.22220150543130163	0.6093339917222412	0.1076	0.583391543065742	1.401869207432357	-0.01275	0.7931041831059767	1.1063782879343005	0.0702	0.8046119754055049	1.1153275895793298	0.1076
340	11.365079365079366	0.5946526573028612	0.714269813715429	0.0301	0.49221658401486756	0.6238159985408493	0.0301	0.6450549552503484	0.14054465189936202	0.129	0.8280612266850472	-0.020723281622134472	0.023	0.9278373876117744	-0.2585585530515239	0.2179	0.8458207055111732	-0.24736620731218406	0.1804	0.8659215092877613	-0.01774391476599555	-0.0119	0.7295143733215018	0.7291202708734609	0.0301	0.9107567801568035	0.29921055890707177	0.129	1.101659658250818	-0.1698904390002088	0.023	1.071914094081573	-0.355306835735207	0.2179	1.143671213483968	-0.32245402872792805	0.1804	1.1123073623474757	-0.2292257666102274	-0.0119	0.32654887166214	1.4195856515048833	0.0008	0.20570593233079634	1.7239189985283587	0.0655	0.26355842661134593	1.5480411267954148	0.1076	0.1504547943964005	1.2374035299814268	-0.01275	0.19681353301254562	0.913643202661086	0.0702	0.22129170580568977	0.6090304120081809	0.1076	0.5856769264826158	1.4038526351152534	-0.01275	0.8024284369655024	1.106486385445101	0.0702	0.8057759153950201	1.1160015730011674	0.1076
341	11.398506069094305	0.5955110004649367	0.7103426217106227	0.0301	0.490966543532988	0.6198070252504021	0.0301	0.6483628253035708	0.12514126774339548	0.129	0.8306508656020075	-0.04007647851498479	0.023	0.9228630535092422	-0.2772733444974827	0.2179	0.8405721570417896	-0.26391679146815006	0.1804	0.8691652105147625	-0.03658886570015926	-0.0119	0.7316820828629128	0.7229043491735814	0.0301	0.9141204878250552	0.29064795132428767	0.129	1.099363803293019	-0.16759094733090427	0.023	1.0759387734739023	-0.3549492667765938	0.2179	1.1487385527927712	-0.32172626193379855	0.1804	1.1119498542699333	-0.22915998214022354	-0.0119	0.32831396128256696	1.4212950680858099	0.0008	0.20680810927387486	1.7331818765504126	0.0655	0.2651858057153246	1.5591750602019077	0.1076	0.15208434349197147	1.2380078315379293	-0.01275	0.19701321113531212	0.9111432834183035	0.0702	0.22037903756103333	0.6090355055624581	0.1076	0.5875317302892071	1.4061887590752433	-0.01275	0.8107321675509879	1.105011091290018	0.0702	0.8027393147253479	1.122446788288921	0.1076
342	11.431932773109244	0.5954089920915471	0.7054720561423163	0.0301	0.49206703811228786	0.6125073177340904	0.0301	0.6512804732445076	0.11491371233928692	0.129	0.8360364009522625	-0.07228007605764016	0.023	0.9154816254108936	-0.30600014170563355	0.2179	0.8355230101223086	-0.2912083611015189	0.1804	0.8780153101565407	-0.06971222705031863	-0.0119	0.7340395209604121	0.7157597883871646	0.0301	0.9214346131688326	0.28044557412486854	0.129	1.0962786950637042	-0.16479998520353828	0.023	1.081446942649401	-0.35704770860343527	0.2179	1.1550465298387906	-0.3205339107525632	0.1804	1.1110496935538083	-0.23053510897372828	-0.0119	0.32947378235079455	1.4221767318696787	0.0008	0.20493237520497773	1.7393609130562864	0.0655	0.26673870663612614	1.5705454092125841	0.1076	0.15107947656537687	1.2396762617577295	-0.01275	0.19761497776999437	0.9070184081961581	0.0702	0.21962496453099734	0.609352265152425	0.1076	0.5876995643111788	1.4096559795879493	-0.01275	0.8155942786316871	1.1023768208803795	0.0702	0.7983462909084226	1.1303925254243476	0.1076
343	11.465359477124183	0.5943986406458156	0.7021248455389145	0.0301	0.4924089983597774	0.6067226030094375	0.0301	0.6515422153315489	0.11113592201576404	0.129	0.8410288056338597	-0.11581646222239825	0.023	0.9098415713556836	-0.34456783098513	0.2179	0.8324215576397098	-0.33016365706157724	0.1804	0.8879172303923937	-0.11925071378424723	-0.0119	0.7351716143142669	0.7117571485939692	0.0301	0.9267550869499391	0.27388401363127396	0.129	1.0928299303394844	-0.16401099498003524	0.023	1.0826943657957948	-0.3627177172037596	0.2179	1.156423775446682	-0.32285700122807104	0.1804	1.1086581132517004	-0.23263170924364243	-0.0119	0.32902309924926587	1.4241873811875239	0.0008	0.20157957179782293	1.7422111842042733	0.0655	0.2654653770584819	1.5774163364631308	0.1076	0.14792701416584628	1.243116950164167	-0.01275	0.19692111919015298	0.9064932418487489	0.0702	0.21919843101749611	0.6111531439876176	0.1076	0.5860057145672569	1.4138453272893348	-0.01275	0.8173595519951926	1.1007536059897427	0.0702	0.7963130918687608	1.136794902011011	0.1076
344	11.498786181139122	0.5930619035445694	0.7005026174077513	0.0301	0.4902806673611215	0.6036206745439184	0.0301	0.6498528988551668	0.11107924997730924	0.129	0.8430415658826453	-0.1683319383580424	0.023	0.9092090225910795	-0.3888580716512151	0.2179	0.833206039782836	-0.37762595250275316	0.1804	0.8934267753427348	-0.1836520208620916	-0.0119	0.7356800953829107	0.7086089200572184	0.0301	0.9273978018990331	0.2730694857868266	0.129	1.0887962407940355	-0.16428806682229993	0.023	1.081844992230662	-0.36769367613795256	0.2179	1.1554753831581	-0.3265159292405526	0.1804	1.1029322054204815	-0.23400089108105432	-0.0119	0.32766501082227095	1.4270553849419934	0.0008	0.19708586195075195	1.7435274347080365	0.0655	0.2601927957417648	1.5788211744398182	0.1076	0.14405171206316666	1.2469913081863262	-0.01275	0.19352557113021887	0.9113025928841861	0.0702	0.21975782490146697	0.6127940354419381	0.1076	0.5842947189568234	1.417463780533367	-0.01275	0.8168134219757177	1.1021679426726154	0.0702	0.7975782508083435	1.1416496981654867	0.1076
345	11.532212885154062	0.59234577810807	0.698816704326542	0.0301	0.4871369940403899	0.6011141271458027	0.0301	0.6479386834687749	0.11297912614548168	0.129	0.8414859870940181	-0.223939312956188	0.023	0.9145565355406254	-0.4305753533181424	0.2179	0.8379102336226507	-0.42647432559077464	0.1804	0.8927999338651382	-0.2555619765175501	-0.0119	0.735916484552254	0.7040603472400935	0.0301	0.9259916677507312	0.2748049045324659	0.129	1.0842744263610138	-0.16330058062569028	0.023	1.0850267701042717	-0.3674320310520575	0.2179	1.1581229894326361	-0.3266276120293094	0.1804	1.093635222537855	-0.23225151159790913	-0.0119	0.325286583712665	1.4288266946628896	0.0008	0.1908342091120462	1.7449360618726781	0.0655	0.253483193337955	1.5773746296810953	0.1076	0.14007366638244143	1.2484489469040114	-0.01275	0.18876938239203728	0.9164897243495329	0.0702	0.22089463636280968	0.6114586769990874	0.1076	0.5834822567688588	1.4189854915891187	-0.01275	0.8133928959914505	1.1054984970876012	0.0702	0.8009395724930365	1.1419295524619828	0.1076
346	11.565639589169	0.5930758257888021	0.6962567594781026	0.0301	0.48488917275733906	0.5982237318509726	0.0301	0.6471255483375459	0.11548820243044855	0.129	0.8389087968167467	-0.27638205079317524	0.023	0.9241438896066291	-0.46374931702744254	0.2179	0.8441610352239589	-0.4704890203137008	0.1804	0.8888486760110669	-0.3247868239429387	-0.0119	0.7354576259312106	0.6996506616134167	0.0301	0.9254614653817129	0.27349269175561053	0.129	1.0803765371183196	-0.1610134769976291	0.023	1.0902058811974906	-0.36485665336273515	0.2179	1.1624956449197932	-0.3255561777291271	0.1804	1.0858089216245645	-0.22703294959337197	-0.0119	0.31991560002556685	1.4288320200812052	0.0008	0.18362903036996728	1.7464759813419017	0.0655	0.24923842466508916	1.5762940307597988	0.1076	0.13521500134226325	1.246185460454633	-0.01275	0.18544276364854187	0.9166551939401415	0.0702	0.22197763873674128	0.608751622524455	0.1076	0.5816792332117899	1.4190771547681973	-0.01275	0.8067225897224316	1.1090663644197862	0.0702	0.8013572650182202	1.1405342032919892	0.1076
347	11.59906629318394	0.5939949891793559	0.6932542676630926	0.0301	0.4837008086051871	0.5950952601341783	0.0301	0.6480716484384885	0.1174432494367457	0.129	0.8386050171676833	-0.3224446243576791	0.023	0.934322761387035	-0.4893865237899725	0.2179	0.8496810183575525	-0.5067501631597239	0.1804	0.8860077312344737	-0.38346558526498037	-0.0119	0.73421682037336	0.6963724590226069	0.0301	0.9257707353776503	0.2664036851347053	0.129	1.0787126738450894	-0.15958977360369617	0.023	1.0907455636807641	-0.36604206337435546	0.2179	1.1634546953054818	-0.3283804786761904	0.1804	1.0848434790054597	-0.22183575787724052	-0.0119	0.31174628890846107	1.4276728870015225	0.0008	0.17704718499522215	1.7467778438524242	0.0655	0.24827714413287752	1.5760765020219476	0.1076	0.12881639361810623	1.2423521303621141	-0.01275	0.18393935249499344	0.9123628554711836	0.0702	0.22259561132643313	0.6088250307394404	0.1076	0.5772017144659577	1.419766395664946	-0.01275	0.7983260882218365	1.1117128413935133	0.0702	0.7943093138008355	1.14636424803573	0.1076
348	11.632492997198879	0.5925902075015065	0.6901806053987758	0.0301	0.48290244842793506	0.5910564172923866	0.0301	0.6511798222119508	0.11732705229579546	0.129	0.8431617335043041	-0.3590699778311886	0.023	0.9453204800333235	-0.5123421560957158	0.2179	0.8570864069297273	-0.5356105336647801	0.1804	0.8892439357642286	-0.42744811375416836	-0.0119	0.7327644882798046	0.6936701057395407	0.0301	0.925345517823097	0.2583325281784172	0.129	1.0795866770720728	-0.15983484859764216	0.023	1.0871537474507624	-0.3719690659517311	0.2179	1.1619353910437127	-0.3336930428208563	0.1804	1.0889575717582185	-0.21839065749084288	-0.0119	0.3041283522764175	1.425661470477471	0.0008	0.17120599886767449	1.745156191526402	0.0655	0.2475808361341945	1.5735290151766086	0.1076	0.12173103064704661	1.2399405675465711	-0.01275	0.1814848071970038	0.9074270645146972	0.0702	0.22140914665059155	0.6118852866790144	0.1076	0.5709653259128036	1.4211916770570778	-0.01275	0.7908324551115488	1.1115284282441416	0.0702	0.7846333856597764	1.1560078589964635	0.1076
349	11.665919701213818	0.5892907866292127	0.6869574667906004	0.0301	0.482617375860202	0.585740524118968	0.0301	0.6569167307527701	0.11312833459624753	0.129	0.8545394390516363	-0.38332868098879097	0.023	0.9603413376452876	-0.5354384416649509	0.2179	0.8704767982464846	-0.5596034807792601	0.1804	0.9009162957326619	-0.45525281982340654	-0.0119	0.7323473431825819	0.6909994045794442	0.0301	0.9238716711117518	0.25477182500571743	0.129	1.0809958548446228	-0.16086058321816687	0.023	1.0850914195459498	-0.3784252676753376	0.2179	1.1614757382748773	-0.33632258891313527	0.1804	1.0920542931751542	-0.21488271100778827	-0.0119	0.2984673908876474	1.4224662696451424	0.0008	0.16471625393123898	1.7424693137479321	0.0655	0.24435410203976599	1.5654200865100287	0.1076	0.11506232164397183	1.2383328921262968	-0.01275	0.17557165051446164	0.9034040257530326	0.0702	0.2180809955649481	0.6147317275895854	0.1076	0.5646059101268763	1.4222559873987164	-0.01275	0.7852464716905426	1.1087211040934266	0.0702	0.7747646708474919	1.1701908812452981	0.1076
350	11.699346405228757	0.5869156967374805	0.6841422500072785	0.0301	0.4829389963725778	0.580907709004878	0.0301	0.6643243608961521	0.10710590426136896	0.129	0.8709056558556262	-0.3967042159238116	0.023	0.9775249040822869	-0.5570491396459518	0.2179	0.8880245721935236	-0.5797694813545943	0.1804	0.915343868649403	-0.4686453111033209	-0.0119	0.7330988063903301	0.6882185670238462	0.0301	0.9226453732252549	0.2542804650011205	0.129	1.080838520888351	-0.1622462529937787	0.023	1.0871135246185841	-0.3804302860568616	0.2179	1.162348161552656	-0.33425633267028637	0.1804	1.0919094758492414	-0.21134054743824487	-0.0119	0.29258317853720484	1.418410364187428	0.0008	0.15683882944172917	1.7389268341793254	0.0655	0.23965871975984507	1.552536625051076	0.1076	0.10743129689812765	1.234678013759309	-0.01275	0.16653525382474255	0.8995614224746892	0.0702	0.21470790727267117	0.6159473515595205	0.1076	0.557800226599311	1.4227250876317958	-0.01275	0.7809214594180633	1.1057812204568571	0.0702	0.7580092695451837	1.2007928958682523	0.1076
351	11.732773109243697	0.5858095740658837	0.682837048630995	0.0301	0.48196624014784467	0.5780913279484386	0.0301	0.6705721732285582	0.10377100541521667	0.129	0.885347667787075	-0.40420239749002557	0.023	0.9913585640502249	-0.5730578462398704	0.2179	0.9036208430970981	-0.5949303431093925	0.1804	0.9241103999135966	-0.47278638364273984	-0.0119	0.733044214215473	0.6862041705997122	0.0301	0.922229961419846	0.2548094390819345	0.129	1.079561487741416	-0.1641394249873728	0.023	1.0924336407293216	-0.37842617869597905	0.2179	1.1635750907199112	-0.33049529523816173	0.1804	1.0900500359300027	-0.20914860429693846	-0.0119	0.285033429048424	1.414248939481719	0.0008	0.14819769894627516	1.7336295855745323	0.0655	0.23561714110473234	1.539258727202126	0.1076	0.0964908201957022	1.2289412131794122	-0.01275	0.15638263420604448	0.895384834656298	0.0702	0.21314395462200433	0.6154996515293619	0.1076	0.5492755484872032	1.4221752960340925	-0.01275	0.776890171121754	1.1029794676394684	0.0702	0.7393667052578876	1.2317414019402777	0.1076
352	11.766199813258636	0.5832511509832085	0.6828772461662062	0.0301	0.4776091466354445	0.5764396054574025	0.0301	0.6725194989341143	0.10331487995234999	0.129	0.892177295056669	-0.40969991085300855	0.023	0.9994678044442552	-0.5811088649943358	0.2179	0.9121520448306951	-0.6046015295400777	0.1804	0.9265054931623287	-0.4741134287931921	-0.0119	0.7305326042473204	0.6864040793937468	0.0301	0.9210746697726527	0.25759891344372593	0.129	1.0789250923617015	-0.1662826913936477	0.023	1.0987333959863155	-0.3782174358083991	0.2179	1.1656155257452523	-0.328489310361158	0.1804	1.0869683587459866	-0.20815895275796467	-0.0119	0.27643648744653093	1.410079897751421	0.0008	0.13921804923107473	1.7276971412314561	0.0655	0.23089033638054068	1.530625651763671	0.1076	0.08344329102654927	1.223311847155233	-0.01275	0.1471261419916513	0.8913790809187087	0.0702	0.21305211400495244	0.6119447621902877	0.1076	0.539837647971771	1.419201182360863	-0.01275	0.7718100253766551	1.0990784194520258	0.0702	0.7302133620236544	1.2411464894649742	0.1076
353	11.799626517273575	0.5777390559375107	0.6832082274718555	0.0301	0.47131847079213524	0.5749452672825691	0.0301	0.6694882190322493	0.1038551941926484	0.129	0.8922128678965084	-0.41409218909833706	0.023	1.0028806108484458	-0.5843017903948796	0.2179	0.912959846006544	-0.6097771998066567	0.1804	0.926768367059064	-0.4763741843845097	-0.0119	0.7263173605719146	0.6888461705882467	0.0301	0.9174294028469714	0.2623610564741492	0.129	1.0794086195054244	-0.16704552041474055	0.023	1.102690430071301	-0.3824929391661018	0.2179	1.169313758549725	-0.32884176902815976	0.1804	1.0827708261994178	-0.2065525451900594	-0.0119	0.26657639996678484	1.4062431835366767	0.0008	0.12976243620507652	1.7242322989206673	0.0655	0.2232674703505974	1.527534345088357	0.1076	0.07096211898661096	1.2184668041159807	-0.01275	0.13976692253785572	0.8888549180076412	0.0702	0.21284418234007935	0.6070863572372382	0.1076	0.5317679580633105	1.414431877936644	-0.01275	0.7645768491469815	1.0966345328127431	0.0702	0.7297943623501223	1.2321292952211933	0.1076
354	11.833053221288516	0.5712389882800842	0.6836976299676536	0.0301	0.4663206619490179	0.5739095876231383	0.0301	0.6649007950368176	0.10472767771902056	0.129	0.8898687448811028	-0.41679323037769034	0.023	1.004303720517792	-0.5871313093518964	0.2179	0.9113804672778958	-0.6121268177923463	0.1804	0.9260073958171371	-0.47904863872026787	-0.0119	0.7223606185059802	0.6912810151171462	0.0301	0.9122828939650891	0.2664847507092208	0.129	1.079796986316657	-0.16440506740760727	0.023	1.1024391313938033	-0.3879239129208862	0.2179	1.173092148799234	-0.33193922800284587	0.1804	1.0802113149615298	-0.20180918647971233	-0.0119	0.25476743614146174	1.4038466625681096	0.0008	0.12008582592529808	1.7241512286115335	0.0655	0.21472929089750276	1.5244763436682855	0.1076	0.05843916587952965	1.2142044232552114	-0.01275	0.13303444523206331	0.88904287850815	0.0702	0.21134255029866117	0.6073782541799081	0.1076	0.5251922559250629	1.412121042572899	-0.01275	0.7546074026141151	1.1009409542483917	0.0702	0.7380931296418871	1.1960914257036686	0.1076
355	11.866479925303455	0.5663029841693754	0.6853979301293243	0.0301	0.46263501603890356	0.5741357197513475	0.0301	0.6621524404586392	0.10557056880998927	0.129	0.8884407298024226	-0.4182823878610544	0.023	1.0067287624507053	-0.5887686679315585	0.2179	0.9127641171940515	-0.6131212873332585	0.1804	0.924314057830106	-0.48177908166277467	-0.0119	0.7186879839837144	0.6929364534508555	0.0301	0.9087125131645571	0.2688420913120187	0.129	1.0784660194792652	-0.15933677991077774	0.023	1.099894928028438	-0.3899287901893183	0.2179	1.173901055885201	-0.3364432829175044	0.1804	1.0803326586358097	-0.19570863704150784	-0.0119	0.24219121608062327	1.403928957193965	0.0008	0.11099914949841007	1.7262268622526091	0.0655	0.20849122168903064	1.5186147216093966	0.1076	0.045033712055130834	1.2117522097327746	-0.01275	0.12426191397021953	0.8913767936163716	0.0702	0.20898850688644724	0.6132150852555465	0.1076	0.517199416350873	1.4151287765156673	-0.01275	0.7435122023621084	1.110402542398728	0.0702	0.7480637926615341	1.1493657113821183	0.1076
356	11.899906629318394	0.5629765870510632	0.6891759132410186	0.0301	0.4572091759834532	0.5767552455622863	0.0301	0.6599223100642743	0.10696683141025835	0.129	0.8890405745114669	-0.42039877591147173	0.023	1.009861582738562	-0.5872821952088989	0.2179	0.9156038692871566	-0.6134068548464323	0.1804	0.9247068464327228	-0.48721441319381287	-0.0119	0.7131853797202549	0.6969660688918144	0.0301	0.9073653996509092	0.2723662552653731	0.129	1.0746054394886495	-0.15456173473277124	0.023	1.0998007664850438	-0.3853599807890627	0.2179	1.1730353043677568	-0.33569010639805763	0.1804	1.0763772617575025	-0.19414743852474078	-0.0119	0.23061459144371216	1.4068225445955735	0.0008	0.10282371828168628	1.730127731847442	0.0655	0.20209919043109714	1.5168285444769536	0.1076	0.033627112593988456	1.2123983096019169	-0.01275	0.11215058531182061	0.89292083489411	0.0702	0.2072667831574271	0.6167359932745919	0.1076	0.5052327138132612	1.4205226746464201	-0.01275	0.7367449639779766	1.114228131397802	0.0702	0.7295856564859022	1.1745663914381888	0.1076
357	11.933333333333334	0.5600032157770801	0.6944802096587702	0.0301	0.44886184648225447	0.5818465129483821	0.0301	0.6559005896476665	0.10971419256062749	0.129	0.8911934358311137	-0.4239171032345668	0.023	1.0117035815769377	-0.5842842371818682	0.2179	0.9165762110679752	-0.6133312098804466	0.1804	0.928759633286057	-0.4964506489429414	-0.0119	0.705265464307583	0.7049247449655696	0.0301	0.906309154023075	0.27951362107844263	0.129	1.0687896036920155	-0.15057045596565913	0.023	1.1040707105322602	-0.3746839910248102	0.2179	1.1739686601713484	-0.3263717116194987	0.1804	1.0637218082429478	-0.19837277023328037	-0.0119	0.2201900489354088	1.4116983630534583	0.0008	0.09504170330361503	1.7356411177806426	0.0655	0.19198132965028256	1.5236015220137367	0.1076	0.026066469778012698	1.2153077264426488	-0.01275	0.09775887221535233	0.8919233128948076	0.0702	0.20664897942819918	0.6143611201131854	0.1076	0.49003382854914307	1.4246321476300823	-0.01275	0.7366643484540425	1.107518982252654	0.0702	0.671509185037265	1.302136030119443	0.1076
