PathFileType	4	(X/Y/Z)	/Users/visionmauri/1_5_1_f_1_Sports2D/1_5_1_f_1_Sports2D_px_person00.trc
DataRate	CameraRate	NumFrames	NumMarkers	Units	OrigDataRate	OrigDataStartFrame	OrigNumFrames
30.0	30.0	432	22	m	30.0	0	432
Frame#	Time	Hip			RHip			RKnee			RAnkle			RBigToe			RSmallToe			RHeel			LHip			LKnee			LAnkle			LBigToe			LSmallToe			LHeel			Neck			Head			Nose			RShoulder			RElbow			RWrist			LShoulder			LElbow			LWrist			
		X1	Y1	Z1	X2	Y2	Z2	X3	Y3	Z3	X4	Y4	Z4	X5	Y5	Z5	X6	Y6	Z6	X7	Y7	Z7	X8	Y8	Z8	X9	Y9	Z9	X10	Y10	Z10	X11	Y11	Z11	X12	Y12	Z12	X13	Y13	Z13	X14	Y14	Z14	X15	Y15	Z15	X16	Y16	Z16	X17	Y17	Z17	X18	Y18	Z18	X19	Y19	Z19	X20	Y20	Z20	X21	Y21	Z21	X22	Y22	Z22
0	0.0	593.3061300383781	876.6653822565692	0.0	680.8499586793987	914.1832457154865	0.0	655.837380784991	1235.1779283136184	0.0	618.3186759886456	1552.0039850570233	0.0	597.4744965574218	1572.8483934809417	0.0	655.8373896304819	1585.356103109206	0.0	614.1497099776756	1610.3667965870488	0.0	505.7622217491201	905.8462971988752	0.0	497.42536560473695	1205.997283335472	0.0	476.58048185638745	1526.9903813835756	0.0	472.41240707741025	1614.5343638433385	0.0	422.38716034920685	1610.3657599128742	0.0	484.91821890215255	1581.1852990686962	0.0	597.4751039721716	397.25996358751405	0.0	597.4753524983531	288.8699568695933	0.0	609.9798765978228	372.24404145205165	0.0	760.0564033655212	468.1270983971146	0.0	835.093802291814	689.0720401037818	0.0	839.2622943383195	880.8341424018846	0.0	447.39996599766044	451.4521967393275	0.0	364.02452118805115	701.5775974930363	0.0	376.52989881247703	722.4193215365084	0.0
1	0.03341067285382831	593.0226262764469	874.4053400210097	0.0	679.598338677264	915.8554838758738	0.0	655.351616132732	1236.0941503200736	0.0	618.177976217335	1550.273158138965	0.0	598.9951755829011	1573.3866268551983	0.0	658.13155478619	1585.6446878623099	0.0	613.8336745003194	1609.2066110558155	0.0	505.16101248577104	906.3948974222843	0.0	498.04400250800535	1205.5262344256475	0.0	477.78816591474776	1525.3082586976143	0.0	471.16757156131814	1620.0753081223609	0.0	422.78066980929987	1618.1321473544263	0.0	483.3567370532942	1584.3033864804113	0.0	598.6951416450299	395.9978856727601	0.0	598.9298873472411	287.70355123217377	0.0	610.1750948943888	368.51162444253225	0.0	761.1149056269766	466.23116889088004	0.0	832.914987526067	684.8726535774659	0.0	839.4287705928135	881.5337142633041	0.0	447.04941684980076	451.093252671842	0.0	365.72693348690393	702.7432719626502	0.0	378.6019231259925	720.3847837099825	0.0
2	0.06682134570765662	593.3869896328031	872.926977269895	0.0	679.6547846433443	919.1456665340875	0.0	654.7448875389936	1236.615228413322	0.0	617.984375196903	1550.1571977572944	0.0	600.8508821599324	1573.6997639919325	0.0	659.7283546327584	1586.5156917391744	0.0	612.6658321563336	1608.1053553452455	0.0	505.80013584269165	907.171253962795	0.0	499.1397203561038	1203.3820917509775	0.0	478.59893722377416	1524.468033550947	0.0	469.950553298611	1631.5192153914297	0.0	423.7876661924215	1630.3897786189505	0.0	482.0707970956757	1587.1407109618276	0.0	601.1271619422711	393.2771110735244	0.0	602.484974011154	287.68273269790734	0.0	615.4666794151898	366.75427360492796	0.0	762.5550636643495	464.2451203133035	0.0	832.277171979645	681.9009788849094	0.0	840.1573761128008	881.9766702215011	0.0	447.76261112500237	451.0985148185307	0.0	367.7437848119346	703.0804039864432	0.0	383.2749938246259	718.0060543050645	0.0
3	0.10023201856148492	595.1312814375516	873.2677902064173	0.0	682.1190113366289	922.9533901441716	0.0	654.2281525998278	1236.6982995750075	0.0	617.7736942794579	1552.0252535386487	0.0	602.0200989163556	1574.0642628695564	0.0	659.5233295662684	1588.1491117292949	0.0	611.1116200832187	1607.5509084284138	0.0	508.0700654269832	907.8374916240105	0.0	501.1791860245543	1198.1906024310676	0.0	478.68079058309206	1525.0710805397791	0.0	468.8330588315311	1644.5925156381882	0.0	425.19391102673166	1642.431693477977	0.0	481.6949259149867	1588.7292188802583	0.0	605.0403039330806	389.72871656308706	0.0	607.8250787203734	288.56277947636033	0.0	625.6158336957428	368.24221124314874	0.0	764.6776541010423	462.8592902240088	0.0	833.8020774578224	681.5409717219525	0.0	841.5535382919813	881.7387717857358	0.0	450.8655216827158	451.2236526499027	0.0	370.72515974667954	702.0501789280668	0.0	389.50024510794276	716.3935763741262	0.0
4	0.13364269141531324	597.9049878031454	874.3723668608683	0.0	685.6908489305379	924.2864206594693	0.0	654.1982715326195	1236.5528258912743	0.0	617.5720093567716	1554.181915981362	0.0	601.2427051643036	1575.5402370368613	0.0	657.6600475038174	1589.7378197988123	0.0	610.3501436286463	1607.3975057738814	0.0	510.65301420080914	907.9520131752193	0.0	503.8462557376755	1190.4354182398824	0.0	478.515480694848	1526.2289595680847	0.0	467.6888548792748	1651.3164261629597	0.0	426.3047454220608	1646.58041503673	0.0	482.2908385161333	1589.2381025015402	0.0	610.2834041418886	387.61685297958206	0.0	613.5107937851192	289.1816319707051	0.0	635.6487061199485	371.0064923774739	0.0	768.592668656017	462.7189624998821	0.0	836.1872116215701	682.5933088394285	0.0	842.877771510626	880.6894105727472	0.0	456.4948408094916	450.5624655916889	0.0	375.0125243116145	699.9966754550246	0.0	393.4357162135282	716.244370861533	0.0
5	0.16705336426914155	600.3214687664611	874.149251286165	0.0	687.6669543168094	922.412821345598	0.0	654.6556496962681	1236.7988946956834	0.0	617.2935862456308	1555.061641736835	0.0	599.1109199134668	1578.1753168848381	0.0	655.4982968322824	1590.129219490494	0.0	610.4636616965289	1606.8256693024452	0.0	512.4114548592553	907.2042524676448	0.0	505.6738790586599	1183.5622115680676	0.0	478.6066503841884	1526.716669456579	0.0	466.85349354098236	1651.5937358374958	0.0	427.27905145442304	1643.331943491037	0.0	483.03194822809314	1590.1900229379016	0.0	616.098916670112	388.29514115372814	0.0	618.7854976931326	289.6717175168287	0.0	641.6421044255121	372.1851324930531	0.0	774.4866877410785	463.6882388568646	0.0	837.9948394119396	682.4377952370762	0.0	843.4314643193748	879.4579736450734	0.0	462.52078356869816	448.95988352383176	0.0	379.2160942380859	697.3992787069942	0.0	393.966161778806	716.607039301762	0.0
6	0.20046403712296984	602.0691743687556	872.8059709576796	0.0	688.0861374782426	919.5064365622273	0.0	655.0779642398081	1238.2888175005278	0.0	617.1205618425226	1555.0330159256248	0.0	597.679419884587	1579.889277692248	0.0	654.1035584592953	1590.098254930853	0.0	610.3774145801915	1606.1607211438397	0.0	514.1063749965247	905.7365361901564	0.0	505.67324181503335	1180.6507734061524	0.0	478.22451858158405	1526.6668072368593	0.0	466.90184091811886	1650.7000397889512	0.0	428.7110946156555	1640.1041576010207	0.0	482.42460952436676	1592.4017654357717	0.0	621.1833039475222	390.9171727665366	0.0	623.1565005624215	290.9368664123424	0.0	643.2816536273737	372.71258906696625	0.0	779.818798607995	464.7268607251811	0.0	839.3062113020245	679.8071522860968	0.0	843.4986229909173	878.7502065178862	0.0	467.1575469700575	447.623022427045	0.0	382.31071768708466	694.6097253284564	0.0	394.25727437215005	716.2941312257688	0.0
7	0.23387470997679816	603.8230974092982	871.9071889537237	0.0	689.2759167941906	917.081237170049	0.0	655.1566401359	1240.5006332759203	0.0	617.4655560565636	1555.1739474696267	0.0	597.6062803725719	1579.0575101199438	0.0	653.7806932912638	1591.8770197442516	0.0	609.7233199852506	1607.0756747778714	0.0	516.2511155632609	904.9679512476895	0.0	504.2397868584578	1180.715553312521	0.0	476.31535482475294	1526.6849343367708	0.0	467.48519593036553	1651.028788162543	0.0	430.0880052345265	1641.2347737160476	0.0	479.1909682070642	1595.2147311545161	0.0	624.9991160311333	394.04125629078436	0.0	626.2494144466838	292.9797535147788	0.0	642.0750584883382	375.74258843328636	0.0	782.3962069401135	464.7699703456033	0.0	840.9779464334878	675.4065906139633	0.0	843.79242605517	878.4088349569378	0.0	471.32152724057283	447.5084144291765	0.0	385.75391396966563	692.4601631273962	0.0	396.45168376422623	715.2560605306951	0.0
8	0.2672853828306265	605.212275941814	871.7450930888514	0.0	691.4564547942521	915.402203960814	0.0	655.0578940746161	1241.7959798216746	0.0	617.9987377280393	1555.7029609300648	0.0	597.8995170984123	1576.6467009220928	0.0	654.1423073913066	1594.6511372868365	0.0	609.2257491036811	1609.8976515169013	0.0	517.831886595365	905.7916269188325	0.0	501.89544961657356	1180.2220077094187	0.0	473.2749741529291	1526.9955739087468	0.0	467.78855987321475	1651.9491780663925	0.0	430.6921551983278	1644.857478589126	0.0	474.3038213174428	1597.5849992901515	0.0	627.7992664350986	397.04402775840214	0.0	628.016932691404	295.51507790822797	0.0	640.5085668099666	381.1981441031864	0.0	783.013923016197	464.4312282101591	0.0	843.477249621624	671.497257766085	0.0	844.8269461419317	878.1462335066152	0.0	475.9371626605962	448.05543419301785	0.0	390.7828635896819	691.1323093771854	0.0	399.3362078692897	714.8376875782203	0.0
9	0.3006960556844548	605.5346296719733	871.6338963270513	0.0	692.7610731156065	915.3491151112779	0.0	654.9296445422679	1242.4173971599753	0.0	618.014010179247	1555.8456695027842	0.0	598.2831699916724	1574.4801447615591	0.0	654.5295418847866	1594.6922613876047	0.0	609.1252005804125	1612.5622768631788	0.0	518.336864490122	906.3085248951082	0.0	498.84914669668694	1176.3030293989625	0.0	470.8876636871794	1527.2886494717895	0.0	467.7916562218894	1651.6986020174245	0.0	431.0721540228385	1646.9350149624004	0.0	470.9198084689781	1598.009565712033	0.0	630.0946323252375	399.58070864364544	0.0	628.4657870001674	298.8046116680564	0.0	640.5919029176912	386.4741614877014	0.0	783.3197188532356	465.60439222634017	0.0	846.4078486705822	669.6017654408461	0.0	846.5021828495019	878.2228994922312	0.0	480.18771705431175	448.13504200304	0.0	396.51486315161327	688.6294461280925	0.0	401.5130768738574	716.3200892910588	0.0
10	0.3341067285382831	605.4075322161042	871.3638006874153	0.0	692.7472908981105	917.5206550396198	0.0	654.7878480880934	1243.9626218920105	0.0	617.8465841974482	1555.2122599738523	0.0	599.18497857398	1573.6149356322244	0.0	654.7319225374089	1592.4001924113113	0.0	608.8398639977077	1613.7904579022113	0.0	518.5164022755336	905.0180609483277	0.0	495.9403843410647	1169.196593371763	0.0	470.3459714060909	1525.475004430919	0.0	468.5254703518991	1647.8391420168007	0.0	432.01252020183915	1644.5149949313836	0.0	471.0354469106536	1594.5351283350803	0.0	632.435488145046	401.6675573492245	0.0	628.3024897684874	303.32212451352893	0.0	641.1855243408774	390.8370920356935	0.0	783.8373314600275	468.68754172899884	0.0	849.1660848404327	669.8019714032779	0.0	847.9405256614468	878.8832021474287	0.0	483.68279568940267	447.77894244521826	0.0	401.8219183998976	683.1656488976208	0.0	402.9693613241501	717.2318893975231	0.0
11	0.3675174013921114	605.8894774694619	871.0824936398552	0.0	692.3022907145033	920.3597122643592	0.0	654.8280627128718	1245.563391161922	0.0	618.3309662511815	1554.1867618344531	0.0	600.2746547036623	1574.9975638401606	0.0	655.0776919606188	1592.2905910133884	0.0	608.467051697218	1614.0543762276418	0.0	518.9728816683019	903.8354108107092	0.0	494.17312000602107	1161.6236787542532	0.0	471.30298263507757	1518.2864550330517	0.0	471.24816754268755	1639.7303033996025	0.0	433.6703945254376	1637.0189743763283	0.0	473.9046861919821	1585.806202852449	0.0	634.4343152313372	403.2055115691361	0.0	628.7212279378848	308.970790695829	0.0	640.127902339173	394.7735999257799	0.0	784.4215491204887	471.7613477384666	0.0	851.738849881117	671.6442203087344	0.0	848.6444529983381	880.2159361969254	0.0	486.6319929251578	447.6350668943855	0.0	406.49522537037615	677.2558574677784	0.0	404.63223128679255	711.7190629166057	0.0
12	0.4009280742459397	606.9668849674349	870.6986034451274	0.0	691.5417625814777	921.799456185463	0.0	655.4730503176066	1244.9776239731088	0.0	619.3437207178822	1552.358383594882	0.0	599.9177681062446	1579.5660886735227	0.0	655.547458484894	1595.531889692825	0.0	609.4889385231407	1612.3946375818825	0.0	519.5542658192736	904.0856388138441	0.0	493.258262542348	1153.4962452754535	0.0	472.7391605070321	1506.015227197297	0.0	476.17262743858385	1629.3784514493975	0.0	437.1399129582886	1625.4705809480927	0.0	478.0351801936129	1571.1317416302068	0.0	635.3573411865185	403.0709749647805	0.0	629.8576584173626	314.6065007704093	0.0	638.0227618702185	397.5008471212057	0.0	784.8675128724368	473.1810871361859	0.0	854.4536600936883	673.1413018113986	0.0	849.1691827747121	881.5668722725819	0.0	489.0007495297657	446.93683376715904	0.0	409.94190449633066	675.1837765761929	0.0	407.98999134023455	698.3500846128358	0.0
13	0.434338747099768	607.6660801290375	870.3329564910789	0.0	690.4338243664797	922.12119364874	0.0	656.7317579974007	1242.4027624224036	0.0	620.1347044738882	1549.1566534207707	0.0	596.9861324155834	1586.4253954991877	0.0	654.9981915819596	1600.1667676504637	0.0	612.7995547113213	1608.1339556836463	0.0	519.9133853001422	904.6884375627402	0.0	492.4973623752711	1142.3431903385647	0.0	473.7553572524928	1493.2992420198723	0.0	481.859646263048	1618.4745565524047	0.0	443.483677633776	1611.5597455442237	0.0	482.5068666155876	1552.6367867217198	0.0	635.6825520017843	401.39455736774255	0.0	630.8658405172125	318.6236180024388	0.0	636.7052172145594	398.5599802945432	0.0	785.0579336638767	473.16766041253777	0.0	857.1731367585262	672.2752963810383	0.0	850.0676046175978	880.9558348332197	0.0	490.8501253166219	444.7653241073037	0.0	411.15558796734877	676.6532961105031	0.0	412.4483342925198	684.6306309467872	0.0
14	0.4677494199535963	607.3698067296525	870.2982018925422	0.0	689.7398318515661	922.8629200374987	0.0	657.724069471502	1239.7526362432752	0.0	620.3891329419116	1546.056716288548	0.0	594.1005033136037	1591.5220590477447	0.0	652.7589733520797	1605.3935193592279	0.0	616.7614620370744	1604.1496052866162	0.0	520.080265449589	906.1445854128889	0.0	492.4917046190486	1130.5375090957868	0.0	474.7084121228356	1482.0786016006732	0.0	485.7986201406379	1606.1634548499976	0.0	449.85912657491355	1597.1619613718167	0.0	486.67894107295547	1535.7801541512126	0.0	636.1525938798136	400.66973304687116	0.0	631.446459818379	320.69178519864164	0.0	636.5048425660425	400.81158766506445	0.0	784.9053852678708	472.2133718979225	0.0	859.1797640936313	669.9970367492233	0.0	851.1398571654419	877.5914685735011	0.0	491.9373849958937	442.8190485830677	0.0	410.9050318949998	678.0126688041142	0.0	414.9643984499037	679.5115193530717	0.0
15	0.5011600928074247	606.6498979221252	870.4893093686915	0.0	689.9561783119499	923.1491830807742	0.0	657.6682761048178	1238.2768962694083	0.0	620.2249065406006	1545.5299056754807	0.0	594.6390408741645	1591.6400862024072	0.0	650.7806046699851	1610.3419735787504	0.0	619.2053297512329	1602.8051627901411	0.0	520.6238901886602	908.3806890731657	0.0	494.29754710058535	1124.0160479488306	0.0	477.2954970005319	1470.2320023286393	0.0	486.8794031441135	1591.0888752657106	0.0	452.8677267488989	1582.7255187955864	0.0	490.0793528304092	1524.4752727606399	0.0	636.5360440152103	402.65134712280326	0.0	632.1461917066225	321.9538545598672	0.0	636.0135501731041	406.203553793067	0.0	784.2702385414241	470.6650538926893	0.0	860.0306886617644	668.0306164612643	0.0	851.9235937448234	873.6388800841539	0.0	492.41112657660864	443.28647588262453	0.0	411.1959032136373	677.6412653484023	0.0	414.6313453494065	682.6488801877998	0.0
16	0.534570765661253	606.5475294991503	870.6661465145604	0.0	690.5640355031852	919.9463907681406	0.0	657.0888016917852	1237.9208333016418	0.0	620.1783973040488	1547.7123171812784	0.0	596.9955857126403	1589.0936224977697	0.0	651.1210200365483	1612.4010218419705	0.0	619.9557003760904	1602.894788119607	0.0	521.8260232349481	907.0477766231124	0.0	497.4566345480842	1123.437319780961	0.0	482.0153690276507	1457.6914976477406	0.0	487.3795781244012	1574.458393510233	0.0	454.6063981066268	1567.6036082350374	0.0	492.53510260779154	1518.2734398321004	0.0	636.4197005861784	406.58195769470836	0.0	632.8974221468355	323.0104366291946	0.0	633.9359219907896	409.46113687914743	0.0	783.2351620801064	470.4563081112603	0.0	859.9087721957734	666.3439799585497	0.0	852.1049998250861	871.1191796545342	0.0	493.3230248006143	445.1315869346757	0.0	412.11147223451627	676.09034288767	0.0	413.2435407013443	687.5220841320036	0.0
17	0.5679814385150812	607.2506694991216	870.7598926664581	0.0	690.5897818936705	913.2779877153262	0.0	656.9566330153158	1237.2722613215822	0.0	620.7774439345347	1550.0114761948557	0.0	597.7436361500138	1587.9995246144397	0.0	652.8423944507717	1610.9017003290428	0.0	619.726432247422	1602.6081351583675	0.0	522.6874187919951	900.2557702253813	0.0	500.23805541006595	1123.7946188932867	0.0	487.24114824235437	1445.5337990692549	0.0	489.75696059595725	1559.1033286009015	0.0	457.8421692375	1552.5783073117925	0.0	494.3965715534436	1511.9158476312405	0.0	635.784439570833	411.2252561742137	0.0	632.8714931960693	323.2842493529718	0.0	631.3505182558974	404.72361905788796	0.0	781.9952381509602	473.25328738585387	0.0	859.183392976311	665.5305404310176	0.0	851.0787965953641	870.021861021185	0.0	494.34452900616435	446.1345322240456	0.0	412.15462970364075	674.9991519522551	0.0	412.56615662485984	691.9752985415723	0.0
18	0.6013921113689096	608.1195623984657	870.8060881784634	0.0	689.9532982140597	908.009843637463	0.0	657.1359255813419	1234.89371004421	0.0	621.304745044473	1551.089520231526	0.0	596.9957233652347	1588.3920582937408	0.0	654.6754895026975	1609.1851179222951	0.0	618.9420099042823	1601.829407677082	0.0	522.150582020304	892.9399542971421	0.0	502.15246450515855	1122.9451342792374	0.0	491.62444291781674	1432.2684577841187	0.0	492.884366645837	1546.9092010810712	0.0	460.656345534155	1539.7779333281494	0.0	496.7795155810629	1497.0604436902433	0.0	634.6402677907938	415.3134319779631	0.0	631.9408022858975	322.5306998204702	0.0	630.211011619239	395.6850311230696	0.0	780.1353374887531	477.0885697691768	0.0	858.318511595147	668.0559639230258	0.0	848.2353929586599	869.6801353029341	0.0	493.66056292950196	446.5416195486284	0.0	411.24496223693296	675.7930971881354	0.0	413.7342229108139	696.6701317804673	0.0
19	0.6348027842227378	608.7927210418795	870.9300224892139	0.0	689.9258687454656	907.1005910072142	0.0	656.9087386847314	1231.9150570979034	0.0	620.9430262562806	1552.345999259155	0.0	596.4893531938668	1588.343554842215	0.0	656.3749872194729	1609.5314347619058	0.0	618.4012507315252	1601.4537091315426	0.0	521.3248357164765	889.0135341757816	0.0	504.6076972013867	1123.0961024324492	0.0	495.1729670110764	1417.4349426261806	0.0	494.95234032479027	1539.1422632573835	0.0	461.4300420272598	1530.7264693404304	0.0	500.3587791119068	1471.8931857212328	0.0	633.21898084133	417.17192342251866	0.0	630.7175610053827	321.51387419652747	0.0	630.5237240333137	390.3241066412755	0.0	777.1464383147546	479.11472003923285	0.0	857.6406919902126	675.1501633882616	0.0	844.2140191497725	869.200073487157	0.0	491.355809807615	447.379177794735	0.0	410.2651937578844	676.958173646917	0.0	416.15500999574596	700.5963145321261	0.0
20	0.6682134570765662	609.4099548386404	870.8998442070927	0.0	691.0177208243275	906.5090185338412	0.0	656.3822737752304	1230.962096095112	0.0	620.4455728790457	1554.262181597488	0.0	596.8712464995399	1588.674316263148	0.0	656.4378419287252	1610.93999637697	0.0	618.7160050101205	1601.7315737245465	0.0	522.5029854418021	886.8727575245294	0.0	508.25167145220064	1124.3302229820372	0.0	498.0292105620352	1403.8554419701245	0.0	497.8150154223062	1536.5446196407381	0.0	461.8290149231802	1525.613257264279	0.0	503.6645520749379	1446.7610458837416	0.0	631.8340734262091	418.26267331681265	0.0	629.8155720485412	320.7135652198782	0.0	631.1471575976857	390.2329376821186	0.0	773.3454044772338	479.51399111664756	0.0	856.7938297063108	684.7664314476275	0.0	839.9413769464195	868.5074651932345	0.0	489.5394056211052	448.13643816355517	0.0	409.00300476302056	677.6106842045776	0.0	418.02702508635326	703.5429445186553	0.0
21	0.7016241299303945	609.9693805091712	870.4161142206127	0.0	691.9471245648097	902.2255307245752	0.0	656.2860617630016	1231.68878717448	0.0	620.4874003349203	1555.5090906968326	0.0	598.0912909355918	1590.6662282936466	0.0	654.2961164169283	1612.1755636377422	0.0	619.1471188409035	1601.9238931142381	0.0	525.5193070393943	885.24643754496	0.0	511.9352761201099	1124.5995047653964	0.0	500.58200196379477	1393.4545799221594	0.0	503.33091277363025	1536.3372028670483	0.0	462.82689227633716	1522.7334507220273	0.0	505.3843146501677	1431.6048019249563	0.0	629.8542971577364	421.96184522783915	0.0	629.0799501114469	320.02829559603776	0.0	631.3594258676535	391.83232474870886	0.0	769.0538060866991	479.6314249419219	0.0	854.8441317025333	694.0942672157852	0.0	834.9642202454952	868.879772165371	0.0	488.734564376333	448.99205722611663	0.0	407.27748209498515	680.581381755649	0.0	418.64083006722274	706.4418115641857	0.0
22	0.7350348027842228	609.9777988190042	870.2994834290829	0.0	691.9866909385912	897.3493237785846	0.0	656.7711987813019	1231.8322466241855	0.0	620.5782729682335	1555.7158208538347	0.0	599.4610405555137	1592.3395034267085	0.0	652.8861895570545	1612.8585048034472	0.0	618.3659960824915	1601.5796430722569	0.0	527.6222398966174	886.9350164588743	0.0	514.7852767373773	1123.9780788461383	0.0	503.53224259304585	1385.5337608161412	0.0	507.7186443853202	1533.350310002657	0.0	463.08069482642657	1519.3054040955315	0.0	507.0255694287638	1424.7519305570274	0.0	626.2209093344916	427.18694737342423	0.0	627.1194714581766	320.5000438900241	0.0	630.4838732446816	392.9700331771654	0.0	764.03575706296	479.8791687003233	0.0	850.9347560244472	701.8002323372225	0.0	829.0866185822323	870.1235464744586	0.0	487.19086758197597	451.84395348755214	0.0	406.3350094748616	686.2296980566775	0.0	417.7717745348827	708.8188612975258	0.0
23	0.7684454756380511	609.1656283116034	871.5454965305005	0.0	691.8050917966726	896.6614081163063	0.0	657.4074225741543	1232.030786854855	0.0	620.3986971675151	1555.6629653271373	0.0	600.2643860497618	1591.2263063565308	0.0	654.724559233574	1612.7822350558877	0.0	616.2488725252257	1601.2996840263975	0.0	527.540521163744	893.7260927431473	0.0	516.7382354503819	1124.1242968228657	0.0	506.5406249317468	1379.0830084671318	0.0	507.6301968713086	1526.11099624347	0.0	462.0865924715934	1513.6183783026813	0.0	510.1397210204109	1419.5661713613272	0.0	621.4338646870362	429.5328722489467	0.0	623.1326053069093	323.7883541518156	0.0	627.9209551721133	394.3391480111299	0.0	758.652624518115	480.40699503029396	0.0	845.32750792617	707.1470084152222	0.0	823.2150106367463	870.3453174818526	0.0	484.0236844043447	456.8641118064594	0.0	407.089579474544	689.9920053328889	0.0	414.914605847721	709.2661812788223	0.0
24	0.8018561484918794	608.2989451718089	873.3162352087509	0.0	691.655032178722	899.7109423126464	0.0	658.0612202965448	1234.0290767344552	0.0	620.0880536313098	1555.810383183703	0.0	600.9170267963304	1588.1479918578398	0.0	658.127230067921	1611.7455600637566	0.0	614.2380754317728	1601.5620694849501	0.0	526.59041618989	900.6807997041551	0.0	517.7390641697182	1125.8754268052703	0.0	508.7781515888338	1373.5777188997974	0.0	507.5118858315351	1518.17109105845	0.0	462.34646386007574	1506.094359010222	0.0	513.4775277362857	1410.290167886218	0.0	617.3913782349719	427.9314685502455	0.0	618.5919808276788	328.7503004884695	0.0	624.4210164238675	396.7967109450793	0.0	754.3287805784205	481.40554222010707	0.0	839.6207728448315	710.5920347821378	0.0	817.3892048717105	869.1690324497547	0.0	480.33757642464144	461.79347058714916	0.0	407.7512846683454	689.8196907213663	0.0	410.8823527527722	709.2267540518964	0.0
25	0.8352668213457077	608.0044006112871	874.0326028563275	0.0	691.0862979410389	902.7562467997244	0.0	658.8241288135098	1236.438219879015	0.0	619.6798310613732	1556.0344974042246	0.0	602.0654563857689	1585.964841662735	0.0	660.2896540692856	1610.096887265348	0.0	613.4215832707368	1601.6714157333283	0.0	525.9645498534647	901.8160868189811	0.0	518.2323417815157	1128.0961704656004	0.0	510.25181038765277	1369.446002305551	0.0	511.8387186254169	1513.0567465965235	0.0	465.86332047806684	1499.1767260942345	0.0	514.9377455852258	1391.3583009612332	0.0	614.7648525783977	426.0033600354295	0.0	615.2323213350404	331.93461867239375	0.0	621.8559514721536	399.46703378856097	0.0	751.8474679443398	483.3041599260391	0.0	834.7496623856285	714.144297458201	0.0	810.8489446350467	867.8599407140837	0.0	476.8896323892981	465.840702826644	0.0	405.5644696601935	689.9267455102192	0.0	407.60378015393195	711.8591644172292	0.0
26	0.868677494199536	607.4420041294449	873.7025963771805	0.0	689.8669326463738	903.9335459648652	0.0	659.6276411368164	1236.6869778389625	0.0	619.3775120631966	1555.9633589402551	0.0	603.3317005322103	1586.0475079849825	0.0	661.2425510902816	1608.7286227674244	0.0	613.4839905696302	1601.1134542281975	0.0	525.6715945239666	898.6641302525035	0.0	518.9523524831943	1129.5756110287691	0.0	511.22748488559586	1369.3211386666508	0.0	517.6200482450341	1510.0138761160977	0.0	470.3183642269361	1495.0251945758819	0.0	514.5297808070218	1369.3816807800083	0.0	612.1764142750613	426.8345989869684	0.0	612.3949331051897	332.35003898815455	0.0	620.3873156693978	401.1205222543629	0.0	750.0537026832197	486.52680374320295	0.0	829.8261428742294	718.8206170379964	0.0	803.6651055440855	867.3281509936796	0.0	473.1417468157291	470.2555407902289	0.0	401.21352205837076	693.7063322772401	0.0	405.25934719369155	715.7690805342321	0.0
27	0.9020881670533644	605.67608272434	873.5935526463578	0.0	688.0669568620975	903.5188521051787	0.0	660.3090750565265	1234.7562458232933	0.0	619.8048825398156	1555.4690020876228	0.0	603.3794384163651	1587.3129912454447	0.0	661.9929785201011	1608.1840742065967	0.0	613.9209037530718	1600.4767309628	0.0	525.4885408667692	895.9963838955723	0.0	519.9248536701106	1132.3494855539736	0.0	511.57607763633246	1375.2731929753277	0.0	520.9824174983298	1507.1766723705641	0.0	472.24502280531226	1494.3394063820087	0.0	513.89249592416	1368.6111045510872	0.0	608.5729985358444	430.68739175700796	0.0	608.129981803926	332.0676035856135	0.0	617.5694845996356	401.77836819757306	0.0	747.258283746059	490.8340411920038	0.0	824.2357458430483	724.2308471437767	0.0	797.1248472289255	867.1554426271439	0.0	468.5588014454401	475.50179735061096	0.0	397.54532326813023	699.1403624093687	0.0	403.02755135484284	717.8627495599334	0.0
28	0.9354988399071926	603.0913055501347	874.4266256606353	0.0	685.8739906945647	901.3773880225909	0.0	660.5537896656523	1232.394859734969	0.0	621.0675204931176	1554.5806169195516	0.0	601.1831926421319	1587.8680367012746	0.0	662.3714631615508	1608.1574277591492	0.0	614.4606076308486	1600.2503013714102	0.0	524.9838025968338	894.9083349419406	0.0	520.7745542335364	1137.7519468387509	0.0	511.46156911922833	1384.0303483794107	0.0	522.3884499508468	1505.1736340132122	0.0	471.7006749913983	1496.4454228203772	0.0	513.8563462948279	1396.5002020705017	0.0	604.5814323340979	437.57055908308325	0.0	602.1248963118438	332.75111806329807	0.0	612.1016996638878	402.43853955102264	0.0	743.3287842463425	495.66036541964456	0.0	818.8364621246856	729.3929086366506	0.0	792.7451843977076	866.1902880919541	0.0	463.0050010119323	481.32260991760285	0.0	394.25904229366074	704.4681116784174	0.0	402.50304377862926	720.5818847282067	0.0
29	0.968909512761021	600.2701575902809	875.6862850911181	0.0	683.4247933379852	898.0405179861023	0.0	659.9795264090928	1230.1169874650957	0.0	622.0200179437002	1553.4085208258075	0.0	598.2040809433507	1586.8456055645872	0.0	662.390408030641	1607.8714283164625	0.0	614.7825888115303	1600.3402026959411	0.0	523.1543469017857	894.4983195242257	0.0	521.4161398469228	1141.590110347658	0.0	511.48867875276187	1389.5809464902377	0.0	523.2920506288438	1503.2777748503145	0.0	471.12850592125	1497.894430190184	0.0	513.7558141929237	1425.698949135884	0.0	600.3774445414284	445.6992245368642	0.0	595.8299061635161	334.6147018530223	0.0	605.9576166460025	404.6247703200632	0.0	738.9007999028016	499.8042468270763	0.0	813.9116555527804	732.2702125822694	0.0	790.7971719125873	864.4471543788136	0.0	456.534888446503	487.50467696661866	0.0	389.2394248190473	710.5328885847516	0.0	404.949080902056	726.7047569420475	0.0
30	1.0023201856148494	597.3163234471842	876.3076730849956	0.0	681.0487569351097	895.6599240263123	0.0	658.5783985526062	1227.2057568998264	0.0	621.6841457643146	1552.5151144087051	0.0	597.564793265825	1585.5642240522131	0.0	662.5260257500319	1607.0289029174257	0.0	614.837988899529	1600.5572320767849	0.0	519.6925898451103	894.8856902665328	0.0	521.9519508647833	1140.8685253830329	0.0	511.5138005997656	1390.1346535743137	0.0	524.1187189917396	1499.280692380957	0.0	471.7519448600326	1495.4131830902695	0.0	512.7549524690036	1434.7940204712731	0.0	594.6653828453002	450.3541111064926	0.0	590.3258532887455	337.2524027190128	0.0	601.3949734216701	409.21364409109987	0.0	732.978286822951	501.4737913705608	0.0	808.6523555734944	731.5915179810329	0.0	790.6343279210676	863.2608444559826	0.0	450.18593545196154	492.6491723807998	0.0	383.70451988764876	716.1510489906433	0.0	406.79026858874187	732.8662476322246	0.0
31	1.0357308584686775	594.5693623643679	875.8564880384351	0.0	679.2216029285012	895.0779372044758	0.0	656.8007366228327	1223.5738565860383	0.0	620.5908390660887	1552.0242591297847	0.0	599.0745651847692	1586.2393211788165	0.0	662.4289039897225	1606.6046690961919	0.0	614.7883297262479	1600.723002459576	0.0	515.9330041573218	895.9785312478396	0.0	522.1057046157232	1138.7547671413058	0.0	510.9212919433679	1389.292787957127	0.0	525.4269500078208	1494.7104276047646	0.0	473.0311612957318	1490.6391402623758	0.0	511.1655157995106	1432.2864007555158	0.0	587.566747661087	450.30986977806026	0.0	585.5974968821348	339.63850531931985	0.0	598.1548155082671	414.605860376254	0.0	724.8494012388077	500.88663659558244	0.0	803.1829403397412	728.7721388659639	0.0	791.5178322189904	863.2810002965172	0.0	445.4779767529992	495.41484723609966	0.0	380.54818124070295	719.2085579820468	0.0	403.94644535273034	735.3843060963635	0.0
32	1.069141531322506	592.1617316737686	874.9502086162154	0.0	677.3576688349889	894.64925717582	0.0	655.22688169712	1219.4978398424012	0.0	619.6485102317056	1551.3155115445468	0.0	598.4228282503525	1588.6997256533932	0.0	661.5632295114128	1608.0363414237324	0.0	614.6507113694404	1600.899218709517	0.0	513.4818401445398	895.7746103121899	0.0	521.0833159940272	1138.385990220513	0.0	509.9841312512888	1391.6071465348398	0.0	528.4237162098977	1493.1729265567253	0.0	474.36959738841597	1488.406233575387	0.0	509.99994371973423	1433.2309976483218	0.0	581.4660036845526	450.4837661560392	0.0	580.9657692006699	340.61262067111363	0.0	594.2187907046396	418.13738123337765	0.0	717.3619604179092	500.8152957536814	0.0	798.3122191145022	725.63429000264	0.0	791.7493722669252	863.7945024162332	0.0	442.2486725492601	497.2514647945837	0.0	379.06048600628316	721.811179128848	0.0	398.5569811846923	735.2599713860932	0.0
33	1.1025522041763343	589.5488191809008	874.3872832387684	0.0	674.279832809225	892.9531167893174	0.0	654.3196511007437	1215.5561663526737	0.0	618.9928458452895	1550.2412688657403	0.0	593.8059103194987	1591.1260289150523	0.0	660.2876765868363	1611.1907938331292	0.0	614.2684737458364	1601.2551394600926	0.0	512.1446675933116	892.7559863289871	0.0	518.7093122018857	1139.5067768320437	0.0	509.4114613525947	1397.201198020362	0.0	532.7295035486177	1494.968627558636	0.0	474.95691636912545	1490.817446848208	0.0	509.72315293216343	1440.3388897025206	0.0	577.5108359937831	454.8037147477231	0.0	575.6731603769124	340.2622013370174	0.0	588.371787506573	419.2725296181348	0.0	713.0140942825211	502.7275701643104	0.0	794.0329784535487	722.3666273715538	0.0	789.879092908156	863.983481019249	0.0	439.5239337619148	500.1141868981671	0.0	376.3247830052156	726.2214230221481	0.0	394.8134044241053	734.92799058243	0.0
34	1.1359628770301624	586.5252611443689	874.6051896943934	0.0	670.0720624151293	891.2659726816115	0.0	653.9849758001492	1213.4562821102086	0.0	618.5296200930138	1548.3512276432314	0.0	589.4293425071412	1593.5971597279724	0.0	658.9740567214574	1613.936014685336	0.0	613.3198964541747	1600.9485458694337	0.0	510.0152908225289	888.5701997390387	0.0	516.0629063804816	1140.8935757932284	0.0	509.3235304907603	1401.4438682983941	0.0	534.3261334083688	1497.5663961952757	0.0	472.98474859619546	1495.3554524489762	0.0	510.1749905488759	1447.2632033018458	0.0	574.2313811428595	460.77381956896045	0.0	570.1034422542702	340.22890064877123	0.0	581.1199394433547	419.31247745593333	0.0	709.7797102037042	505.012324816858	0.0	789.8517122899783	718.6050358914885	0.0	787.3706060709585	863.623659308361	0.0	437.33554562123436	502.94523897078165	0.0	372.44051821973164	728.5485945798911	0.0	391.29516121760605	735.7035932468373	0.0
35	1.1693735498839908	583.6291935289374	875.5201453436481	0.0	665.5736978976455	891.4202888622473	0.0	653.6183340075704	1213.7223893420687	0.0	618.3143914665746	1543.6833126447848	0.0	589.628734221663	1595.6211681265056	0.0	657.502207325429	1612.972392713078	0.0	611.6686563695606	1597.619095700166	0.0	506.600108214776	885.9591514172105	0.0	513.967001692747	1141.7954320252443	0.0	508.907689854259	1402.4879402211645	0.0	530.7337197400162	1499.7725760921448	0.0	468.55865170310415	1499.6600091130397	0.0	510.6635341274814	1450.9291744804937	0.0	570.2803814379661	463.7282105422902	0.0	565.5680165233216	341.95062485641387	0.0	573.9776066581042	419.5699609470091	0.0	705.7370747390556	506.05040559127184	0.0	785.3466660310227	714.3801130016726	0.0	786.8329950903161	862.9257978930713	0.0	435.53841682964406	504.01915658912264	0.0	369.3971702323683	725.0826177565106	0.0	385.5988151631926	738.2024491063293	0.0
36	1.2027842227378192	581.0072809704759	875.5408842798794	0.0	661.0814064066732	891.3611742816342	0.0	653.0507875551344	1212.582123636028	0.0	618.5714540893766	1534.4204431964326	0.0	592.936909333348	1593.0628739565038	0.0	656.0210706594436	1605.7195463714436	0.0	610.2127433949225	1588.7634960266166	0.0	503.61989339120703	885.1918029276642	0.0	511.94159786676767	1142.2866406893174	0.0	507.0149837392126	1404.3713294399574	0.0	526.2161968298032	1502.2012213197745	0.0	465.2927455258673	1503.6705255474346	0.0	509.8959663151617	1457.1467506756037	0.0	566.2216459317235	463.57193149911643	0.0	562.4285580226531	344.34645103124456	0.0	568.9662289896106	420.3343309168692	0.0	702.3698996393882	506.2101523844368	0.0	780.3969398689015	710.4283752454493	0.0	788.327091336348	862.4034554462075	0.0	433.32712223679704	504.0014323641091	0.0	366.9104809191474	719.337453206052	0.0	380.4167234112472	741.1944391437077	0.0
37	1.2361948955916475	578.0239421407564	872.7558524507222	0.0	656.5556753920941	887.7851755311143	0.0	652.8228438035583	1204.6691064000465	0.0	619.7286365441046	1519.4815070129457	0.0	595.6382975484114	1585.3990322381526	0.0	655.1643559493373	1594.3101017975775	0.0	609.6696991891283	1573.1241610203826	0.0	501.49637753667736	884.3642050582049	0.0	509.47124324987135	1142.3650719713673	0.0	503.9045173949899	1408.9168129763505	0.0	525.1873578370589	1505.3875108721318	0.0	465.5854046049357	1507.451580526216	0.0	507.5707731835571	1470.9926684941981	0.0	562.9959219836027	463.0666859198569	0.0	560.0176287323138	344.8731805048647	0.0	566.8849144651357	420.63492750625323	0.0	700.1839567868205	506.07074140921776	0.0	775.546163107444	707.6497485145409	0.0	789.6929679440641	862.1085367991207	0.0	430.29086538777193	504.4581296909405	0.0	363.6710152385179	716.5406462103979	0.0	378.19669930418723	740.8444210808673	0.0
38	1.2696055684454757	574.3946041666698	868.340544069787	0.0	652.2807273395485	882.383956068823	0.0	653.4387687997754	1189.549730255363	0.0	621.4343299970225	1497.5184006413613	0.0	596.845312639404	1579.8020645777449	0.0	654.9983672407711	1584.6139306584585	0.0	608.5228738310768	1550.4524841233672	0.0	499.0722905075727	882.9823507255305	0.0	506.9963967955859	1141.4019180708444	0.0	501.13905193908704	1412.1816536380722	0.0	524.880180612672	1509.3027143224717	0.0	467.53161472186366	1510.8486295816463	0.0	505.3655871692552	1488.043562643316	0.0	560.5429754534996	462.80655035099676	0.0	558.2686930997925	343.4256731837904	0.0	566.9339277495147	420.3636048294155	0.0	697.3014964938366	505.56912607866116	0.0	771.8195182507162	706.0308870087513	0.0	789.9464354282588	861.3680371468491	0.0	427.07513442326587	505.9152914374861	0.0	360.284517747861	717.2999587675055	0.0	377.8631384535469	734.9068068436471	0.0
39	1.303016241299304	570.7166913052756	865.3139929214677	0.0	648.9803671469317	878.7961757573181	0.0	654.6764677337595	1172.0157671202749	0.0	622.6391746528603	1469.4154634005938	0.0	596.6914414699347	1579.1682781153663	0.0	654.6296361234565	1577.4778009798226	0.0	605.5565870656269	1521.9565643018655	0.0	496.5608792696552	881.7337657679215	0.0	504.93201232354966	1138.5741523728486	0.0	499.46004242272494	1411.3260383227612	0.0	520.2610663137347	1511.9051215034315	0.0	467.94553731282684	1511.9614213603613	0.0	504.62364817111444	1500.3227794818447	0.0	558.8651442245841	462.6869795007991	0.0	557.7092660091267	342.398071163846	0.0	568.3459595697965	421.0098085768769	0.0	693.7158316568288	505.18026027844274	0.0	769.4518796086588	705.2826338204347	0.0	790.1964828839905	860.0889489227212	0.0	424.9423161218422	507.6155474732167	0.0	358.41626930637943	719.1742280945653	0.0	378.2643632794703	726.7102680930557	0.0
40	1.3364269141531324	567.9609119210019	863.7827416161981	0.0	647.058105048797	876.0275825453099	0.0	655.7677152212199	1156.325018109808	0.0	623.5517869413915	1439.976011313909	0.0	595.858829522847	1575.2806876506147	0.0	653.7711743887612	1565.9201416005353	0.0	602.8376194731335	1491.4356042111858	0.0	494.93981320161333	879.0838262337152	0.0	503.4188900601573	1133.6789262385705	0.0	498.48398788872316	1408.4327906794688	0.0	512.7073537291429	1510.1969048350388	0.0	465.82778282520695	1507.7046148393276	0.0	504.4833923519394	1504.591054437277	0.0	558.1990179761442	463.92038985009617	0.0	557.9843592960823	343.0279949181577	0.0	569.0977778941434	422.6756789563124	0.0	691.6837009195034	505.3859284693717	0.0	766.8965923334637	705.1777644092577	0.0	790.8579459122028	859.1191398219258	0.0	423.99785768631887	508.19159670409255	0.0	358.43494631276343	720.2520661324489	0.0	378.5810785715156	721.8038676782949	0.0
41	1.3698375870069606	566.8659747139391	861.6463181161589	0.0	646.1666582583565	871.414012671015	0.0	656.2451971036382	1143.9926262831666	0.0	624.994029779663	1414.9331741588774	0.0	596.753926419125	1560.3208349115457	0.0	653.2805240765915	1545.116726868726	0.0	602.7221585143792	1464.7472539744742	0.0	494.3227500938907	873.9363780063853	0.0	503.09351218330835	1129.3819054554924	0.0	497.89605006671087	1407.6554780469555	0.0	509.26541786712056	1505.5434906978342	0.0	462.8185578674368	1500.5892687947612	0.0	503.6456403613479	1502.8185747546136	0.0	557.9261607827467	466.58565519510245	0.0	558.0756057050634	344.46439914138864	0.0	566.8266438202523	423.5266818282636	0.0	691.6057399116006	505.7919283595962	0.0	762.9491314748395	704.8348997638597	0.0	790.9787979241098	859.1281604272135	0.0	423.10643854105325	507.5882139726954	0.0	359.2738054082544	720.4190257824351	0.0	377.94188550240113	721.9421641651105	0.0
42	1.403248259860789	567.279421455316	858.8732920440398	0.0	645.8327644971014	866.4242794571592	0.0	656.1726805576129	1135.0289483665033	0.0	626.4932180765206	1398.2683414880066	0.0	600.2760627021812	1535.9273021026702	0.0	653.7594916990003	1519.6906626357518	0.0	604.7981840364167	1447.5231640694142	0.0	494.62632193652263	869.212308204045	0.0	504.0884289031946	1128.8964150038375	0.0	497.8449440474615	1410.7178535121243	0.0	512.6379543095888	1502.8013300266095	0.0	460.5555330633562	1497.9541632404234	0.0	502.42805600625593	1498.8798830467863	0.0	557.4983098788196	468.87820891461035	0.0	557.9628052689673	345.52311983988216	0.0	563.204978980925	423.19709091477665	0.0	691.5705686902342	506.19646482769025	0.0	759.1707337270922	703.5976146270639	0.0	790.3760253676504	859.9675575364153	0.0	421.95880585518574	507.33779729017505	0.0	360.003905128551	720.4789042966878	0.0	376.6943429289333	725.0576882026035	0.0
43	1.4366589327146173	568.3474813259569	856.7818982123207	0.0	645.7514689591344	863.8948202999502	0.0	655.8499266463848	1128.6730214701063	0.0	627.6339333449976	1390.3496737000185	0.0	604.785652346849	1508.536483000311	0.0	654.8405596082926	1496.7074678412373	0.0	607.8621558279093	1440.2061505689555	0.0	495.65724446554196	867.3876239019867	0.0	505.58259143346316	1130.1884617717838	0.0	498.84651682708756	1413.1584211672823	0.0	517.5146746120391	1502.7569832806953	0.0	459.72671681769475	1500.7219698906392	0.0	501.95367881148235	1493.4567878513694	0.0	557.4226813990123	469.5617231809449	0.0	558.2456829646733	345.94231261413074	0.0	561.6950535029363	423.424635113307	0.0	690.5211403119118	506.92342468871993	0.0	757.5023360376925	701.864823452876	0.0	789.6086207908043	860.2543665276385	0.0	421.8126695164499	508.02941516165254	0.0	360.4382078082934	720.2653344551853	0.0	375.3844330191024	729.1229596368847	0.0
44	1.4700696055684457	569.441595681749	854.8837118839613	0.0	645.6759482882443	863.19445820542	0.0	655.5421457787522	1124.378030575961	0.0	628.9043091342569	1387.8604875540018	0.0	609.0958435919719	1483.2438677683376	0.0	655.7993140494947	1477.1882144748008	0.0	611.7628120754802	1436.4368420322812	0.0	496.75323827434016	866.6885212460404	0.0	507.43956764555065	1129.284216129928	0.0	501.0825437350285	1408.1527436561166	0.0	519.260077201258	1500.9791119427293	0.0	462.6287263856344	1501.2518529795743	0.0	502.81178915439585	1483.6156987155505	0.0	558.2383593282453	468.9574751305235	0.0	558.6737198516162	346.58803423827305	0.0	562.3925740514593	424.7450484343288	0.0	689.211795792078	507.73590275126094	0.0	757.1499832498761	699.8750081873395	0.0	788.9027969596356	858.0292752414603	0.0	423.6845357829082	508.8552757828461	0.0	360.7978140716658	718.6111095213992	0.0	373.79166757252597	733.1649207496921	0.0
45	1.5034802784222738	570.2125800082832	852.4237785761303	0.0	645.5451864392047	862.2011021552536	0.0	654.9757410922879	1122.0726507880654	0.0	630.1824924012062	1387.5535581853612	0.0	613.0615316809663	1463.2133285683667	0.0	656.3312034574614	1459.8822804689225	0.0	616.0301842940846	1431.8529195047972	0.0	497.6763893191482	864.9011027744065	0.0	509.9995688268557	1127.1983607894392	0.0	503.12318440437684	1398.3579981035034	0.0	518.8126555302767	1495.655422113271	0.0	469.4857974780516	1495.3990739097487	0.0	504.6155126058337	1472.436935960797	0.0	559.6902791202344	468.18526947986373	0.0	559.1120154444664	348.0380168887761	0.0	563.5405721668734	425.9024076696652	0.0	688.7981948466047	508.12306936702225	0.0	756.3422847691672	697.3743245983899	0.0	788.3613402204461	853.5238028187416	0.0	426.62812297533037	509.5825843853959	0.0	361.14067839330437	716.129997769666	0.0	372.5137952539368	737.3996876848614	0.0
46	1.5368909512761022	570.6441734690671	850.7041705735935	0.0	645.6044305721011	860.6226124180866	0.0	653.5643650343586	1121.661487033941	0.0	630.6483047571137	1388.242928957012	0.0	615.6791588084685	1451.0997267947791	0.0	656.5263136735906	1448.1854666414797	0.0	618.9626976951992	1429.3792356954812	0.0	498.94829439662715	862.7929333837782	0.0	512.6043483247472	1126.3039152772094	0.0	503.24722364684277	1395.8214604473796	0.0	518.2848852123738	1491.2519789908952	0.0	474.02429174726717	1489.175429271937	0.0	505.9956169937295	1471.1732673007307	0.0	561.1770009992712	468.6242577784522	0.0	560.4346964783471	349.3444989168814	0.0	565.2866667354876	426.4521396052238	0.0	689.5699443684751	508.4383808145695	0.0	755.0501145828777	694.9896305377987	0.0	788.1064224412089	849.7380426960066	0.0	429.26032608665685	510.27612320645255	0.0	361.35850713576167	715.2672627692307	0.0	373.0289255178094	742.1944150769257	0.0
47	1.5703016241299306	571.423207566653	850.6777654415353	0.0	646.4048496174972	859.2282891951455	0.0	651.3838841589858	1122.4984233351995	0.0	629.6166144544756	1389.2486206618069	0.0	615.1516320878364	1446.8958190755375	0.0	656.1642546106863	1444.7237866860098	0.0	619.2819328309863	1430.9888063465355	0.0	500.9165569436413	861.7615729502612	0.0	514.3334649357108	1125.6600092565188	0.0	502.2135242909724	1401.5319538182403	0.0	518.54998117467	1491.5965962052046	0.0	472.4105305427244	1490.1695057817822	0.0	506.4799566182396	1478.5029986609075	0.0	562.3556649487361	470.82813548452833	0.0	562.9166466508523	349.86214142589927	0.0	568.5229187852591	427.009147759216	0.0	690.9481299186626	509.23656795509163	0.0	754.0530643897417	693.8178348292677	0.0	788.2558532384113	848.7832078683891	0.0	431.55725891897816	510.55951520437037	0.0	362.10213521178474	716.0637166172811	0.0	375.3117950481382	744.76286837113	0.0
48	1.6037122969837587	572.8737628150044	850.8799082906535	0.0	648.2279320199466	858.5447484620571	0.0	649.344808525679	1123.3583418217754	0.0	626.945339136079	1389.604873853658	0.0	610.9846726469542	1443.8579403902525	0.0	654.470043539377	1442.979852453031	0.0	617.6679890858908	1433.319384064655	0.0	503.3402293885566	861.5700963737889	0.0	515.1061133260555	1123.9519736804587	0.0	502.17896939304416	1389.213144565266	0.0	520.3726197293754	1492.6078855015207	0.0	470.2129979373796	1498.6849581960848	0.0	507.48599592301537	1458.2561342921204	0.0	563.1383170588801	473.64677173495755	0.0	565.6390424584115	350.981039384979	0.0	572.1516407020459	427.8148582259477	0.0	692.252203196588	510.28277348878044	0.0	753.1211602366877	693.8858859487881	0.0	788.7757228006134	849.5782690056806	0.0	433.4676068530522	511.07862185182904	0.0	364.1610796887846	715.9308412296352	0.0	377.7741184823797	741.9309379855499	0.0
49	1.637122969837587	574.2991087009761	850.0670069211266	0.0	650.489653781204	858.9634252907664	0.0	648.2155226348806	1124.0057414167409	0.0	623.3708827717879	1388.7010043868313	0.0	604.6340378598129	1434.660644727243	0.0	651.1208453197195	1435.7558583117566	0.0	615.4708828574985	1433.561062099442	0.0	505.71946126892396	861.7352767159862	0.0	515.2688575322661	1119.948019875329	0.0	504.1029026810073	1327.382299989867	0.0	523.611108434202	1483.4473384576988	0.0	473.0355437030959	1503.9380050281945	0.0	509.96550516983535	1369.9254301438486	0.0	563.67778797148	475.5568948199939	0.0	568.0642303865258	353.85090021256934	0.0	575.1064393349975	429.1591881364656	0.0	692.9885368147296	511.3883437177254	0.0	752.1387536753884	694.4031617047489	0.0	789.1880449662773	849.8022936655192	0.0	434.0823006950303	512.9646060123806	0.0	367.4000226421585	714.1268234554656	0.0	379.46634262065	735.1416218255121	0.0
50	1.6705336426914155	575.3306577215534	849.5505235977793	0.0	652.2841077507678	860.51907500448	0.0	647.4433029126292	1125.0551537151057	0.0	619.9312134080477	1387.0313746994457	0.0	599.3472000900598	1420.8412248242057	0.0	647.5318714441784	1425.8724590154518	0.0	612.7641922049521	1432.1348667966486	0.0	507.42976302657434	862.4882053060528	0.0	515.16805046117	1113.8934069011268	0.0	507.081864997302	1232.0864449940264	0.0	526.1889211568255	1460.5323679586336	0.0	477.87319323577304	1480.152052118709	0.0	512.827867451185	1241.8768025191907	0.0	564.6285872145506	476.68078565937924	0.0	570.9245398106923	357.04875934338037	0.0	578.3542852011957	431.73549156807417	0.0	693.0230689099865	512.9743828507338	0.0	752.5673958755252	694.6291039241922	0.0	789.2333533606775	848.6428312591531	0.0	433.72017279400654	515.6303813380453	0.0	371.379414714113	712.6074795923988	0.0	381.0239348132414	729.4778499150531	0.0
51	1.7039443155452438	576.2478564057816	850.6789625015548	0.0	653.117301717266	862.0483805666669	0.0	645.806961172666	1126.3426602868344	0.0	617.2342306590054	1385.9054185547684	0.0	598.0210504150365	1408.7539661960316	0.0	645.6370618168684	1418.9890262957156	0.0	609.2490249483925	1430.51056222655	0.0	508.0035575936338	863.7440963924271	0.0	515.224997798603	1110.2715933432935	0.0	509.18190111414214	1161.873492442318	0.0	526.2101889478462	1431.7377086306153	0.0	479.13344999623115	1407.2753895477965	0.0	514.2599024261823	1154.5724686786752	0.0	566.7233362493985	478.3300809165664	0.0	575.045655807807	358.63251523414954	0.0	581.9333917884169	434.9528169723542	0.0	693.1316601717873	514.9175319937311	0.0	755.0009893944516	694.1756491354746	0.0	789.2680332631763	847.5296748780327	0.0	434.7719555695168	517.8027158739469	0.0	375.6180000891272	712.4618894416948	0.0	383.8142137746711	728.9271937337123	0.0
52	1.737354988399072	577.1412734881177	852.4285525152101	0.0	653.0494755232187	862.5509978663588	0.0	643.4115584716449	1127.5980544178078	0.0	615.442585027055	1385.8456466222272	0.0	599.0049416659954	1402.3462564057165	0.0	645.1005247956838	1416.072145436962	0.0	605.910403525726	1429.4197634308616	0.0	507.99761791424635	864.8820305022344	0.0	515.841097375836	1110.713027704294	0.0	510.1702126297488	1142.2760118458582	0.0	524.5294995061292	1399.1494601661755	0.0	478.03603751279286	1309.8162783679381	0.0	514.5496207298972	1135.3119341083998	0.0	569.9094370816977	480.37337943015035	0.0	579.6288007897157	359.0692182307733	0.0	584.2330634671001	436.53348282324237	0.0	694.8956207350387	516.2451086718734	0.0	757.2193727641221	692.8840307705493	0.0	789.4479500711291	847.7241124379483	0.0	438.7003517470858	519.3376670393008	0.0	379.56114365972763	712.6455961502752	0.0	388.0773738347866	731.1352940857207	0.0
53	1.7707656612529004	578.1817282637473	853.332729535939	0.0	652.6397994888983	863.7963702946466	0.0	641.4701465651217	1129.2415410107483	0.0	614.3168276510074	1385.9327332517994	0.0	598.7571095150579	1402.2032488646153	0.0	644.4480295140156	1416.7915691601477	0.0	604.0025446285114	1428.4913652999567	0.0	508.7467901177071	865.7299768200204	0.0	516.9982609237815	1110.1812458691886	0.0	511.8342610219836	1147.5817771734237	0.0	523.7188395660585	1361.9054519956596	0.0	479.73747054401616	1239.0042311862999	0.0	516.0904177995423	1145.2227515237728	0.0	573.5527817361374	481.19600277419	0.0	583.0553266799448	360.2086599522205	0.0	585.2108596582408	435.4734485904912	0.0	698.8529500284875	516.5594460781538	0.0	757.72880073063	690.5032110244332	0.0	789.5742615605236	847.9562115784878	0.0	444.2121788739032	520.3933898041466	0.0	382.9514534503414	712.7221037591978	0.0	392.6521339471901	730.6816575135898	0.0
54	1.8041763341067287	579.6541397761955	852.6947883869103	0.0	652.693024356844	867.0728903730845	0.0	640.5079067098274	1131.2004441864062	0.0	613.54395630936	1385.751861555237	0.0	597.2030063364411	1405.9948040022534	0.0	643.667657449322	1420.4275991078398	0.0	603.4075057891145	1427.9803192726388	0.0	510.53392311462954	866.1533263521743	0.0	518.290311144124	1104.3325463064352	0.0	514.1643279924273	1151.751605125432	0.0	524.5690734584576	1320.7626549660515	0.0	484.0594155106671	1212.53752008033	0.0	519.1723496331425	1151.939622247156	0.0	577.2277822047831	480.7852175423287	0.0	585.3292384658292	362.29391772489373	0.0	586.6189657782153	434.1209958348273	0.0	702.9483745023896	516.435975624097	0.0	758.639082518772	687.5032077308784	0.0	789.63556405134	847.1982189836945	0.0	449.90614913482455	520.8709396686249	0.0	386.2237496038676	713.0578661011991	0.0	396.7522096605606	726.931056383787	0.0
55	1.837587006960557	581.2841638643067	849.7631695098935	0.0	653.6304823750099	868.9595047434048	0.0	640.3872452488789	1132.1783473645305	0.0	613.1315487715133	1386.3615237939252	0.0	595.1485110286499	1410.6816752138418	0.0	643.008533666777	1424.1151719567981	0.0	603.2879239891814	1429.182149207257	0.0	512.3731026939103	864.7759635186992	0.0	519.5336258705348	1094.3046053134326	0.0	515.3113427074884	1148.1592924289664	0.0	525.3249791982	1271.1891567212479	0.0	486.3492414479357	1207.9878196772518	0.0	521.5371904743077	1149.9094628463265	0.0	580.7152498594558	480.8772734237245	0.0	587.5140270021197	363.9862384089902	0.0	589.2876607576051	434.99217244421504	0.0	704.9796396604445	516.3534927996112	0.0	762.1017295683473	685.4946044897508	0.0	789.8062492408745	846.8072062663135	0.0	455.795108142455	521.2110615306466	0.0	390.20272461994267	712.5706606811631	0.0	400.559788645642	722.3485505963434	0.0
56	1.8709976798143853	582.5698923940635	845.1679250203567	0.0	654.8413619886794	866.1809216766684	0.0	641.3975087332286	1131.8164999795918	0.0	613.2004185773419	1387.5313677995657	0.0	591.8877308051108	1414.6915994366914	0.0	642.1244127068584	1426.4201399114427	0.0	603.423554540017	1431.2773111845088	0.0	513.882019755817	860.3471722537772	0.0	520.7951461676201	1085.1490153014217	0.0	515.6916024617202	1136.3776059850993	0.0	524.8904403870335	1223.9292707310672	0.0	485.54192807448504	1204.2329995249963	0.0	522.6071046388555	1138.1513397649987	0.0	583.7122445061595	482.1150940413219	0.0	589.4943944736998	364.6939406302447	0.0	591.8988277197684	436.78865526171296	0.0	706.0145013933572	516.216265628212	0.0	766.2479214599896	685.062606129312	0.0	790.0410712264559	847.3398589605821	0.0	461.19463217395133	521.8326317907704	0.0	394.42136710239026	710.5176163008003	0.0	404.4683589395748	718.229851953222	0.0
57	1.9044083526682136	583.7233264187181	841.7004996935709	0.0	655.5835704062799	860.8504200038129	0.0	643.721790375276	1131.7032340012786	0.0	613.6546183467891	1387.6029669767784	0.0	588.0545165121576	1417.7159123318977	0.0	641.1815843127638	1429.362262818555	0.0	603.9120196714746	1431.5933830252059	0.0	515.7171575624704	854.4384209476057	0.0	521.9666420781407	1081.1641650015417	0.0	516.9238291573057	1123.199521749088	0.0	522.9609880797373	1215.713069496801	0.0	484.59751366088955	1215.6796319262376	0.0	523.5665601985568	1122.7429699869672	0.0	586.0082055765769	483.7266400489499	0.0	590.6585388845878	364.94129509883686	0.0	592.9920491535826	437.00818124950456	0.0	708.1563836602618	515.8790200838475	0.0	768.0777642089514	684.6823875002045	0.0	789.957960634215	847.5519650778238	0.0	464.5218949630511	522.0770579428241	0.0	397.5924258714981	708.4896244023128	0.0	409.67530876138267	715.1919302270346	0.0
58	1.937819025522042	585.5119662646363	841.2802225103756	0.0	656.4985890859949	856.8320452305941	0.0	646.2651687316468	1132.2127544312914	0.0	614.0411671455735	1387.2266843281943	0.0	586.108630413317	1419.7691322877472	0.0	640.7545013141463	1433.4999638163001	0.0	604.4677409005033	1430.1042442058854	0.0	518.3010391803523	850.2840289999053	0.0	522.6923807611147	1081.9789369614725	0.0	517.7222508754246	1136.6761405193831	0.0	517.5637469634815	1278.0226482720605	0.0	483.6355287613417	1279.1952584472783	0.0	523.7660988420307	1137.95696086752	0.0	587.9341592601731	485.0403151674294	0.0	591.3610931541357	365.376013024783	0.0	593.4078245789489	436.6248074870394	0.0	710.6452793909006	515.7327571527969	0.0	768.371022233145	682.9215452230233	0.0	789.8723532819795	847.0414081293281	0.0	466.3075304409017	521.1755649876711	0.0	400.43753565578993	707.9544035405899	0.0	418.50817315018304	712.880337228354	0.0
59	1.9712296983758701	587.9726378241274	842.6451498659545	0.0	658.6221444739028	855.0128361589657	0.0	647.4112682047629	1132.0949617480392	0.0	613.7743077975204	1388.2213321671725	0.0	586.965090446405	1420.1268490853272	0.0	640.8679157236653	1435.3684589548864	0.0	604.7879028718536	1428.8253104053233	0.0	521.4260619785446	849.0688214740319	0.0	522.5890700750774	1083.787624398424	0.0	515.9980059834974	1206.555446504184	0.0	508.99927188429734	1385.731685016181	0.0	479.5789842248429	1383.7067863438701	0.0	521.3380057454823	1221.3933828140168	0.0	590.18395728996	485.76527296941094	0.0	592.104857207765	366.5738593753823	0.0	594.7590823047427	437.88484564178725	0.0	711.837047347656	516.251117651904	0.0	769.8843472052714	680.2215827472502	0.0	791.1494715554753	846.7917560073566	0.0	469.15745768712014	519.7048427742626	0.0	404.8008634984663	708.5667604594472	0.0	430.42440086068683	709.9185887763917	0.0
60	2.0046403712296987	590.1191347145927	842.8165308911456	0.0	661.3106387189475	854.1783694988952	0.0	646.6838128303364	1131.3085082853775	0.0	612.8384423214875	1389.5598646746735	0.0	588.3506359106932	1418.1185733392679	0.0	640.559308436045	1431.858094195486	0.0	604.9096338737917	1428.1224003056861	0.0	524.5121633981005	849.4216884357928	0.0	521.8375156579339	1083.6591795569273	0.0	512.8339873058477	1308.071704803493	0.0	502.3560162242405	1464.0350848032822	0.0	473.26405019799864	1459.734201503453	0.0	517.1482513906366	1342.519410419545	0.0	592.6128870852684	485.9304731056814	0.0	592.784391948793	368.5059246420305	0.0	596.771154079686	439.65329415893865	0.0	712.2844245547757	516.8262371267039	0.0	772.7273138517442	677.7324922796679	0.0	793.7599878046408	847.2093306345766	0.0	473.7995609444227	518.6879359770024	0.0	410.0400153654117	709.2466968735486	0.0	439.93907690452824	705.6362882861243	0.0
61	2.038051044083527	591.3105589984004	840.6455098298326	0.0	662.8063476887025	853.638201310525	0.0	645.2023029180946	1130.336407663773	0.0	611.9321511775861	1389.049262257931	0.0	587.75020238936	1415.5857509975262	0.0	638.9778007781194	1425.3207879207303	0.0	604.9559882181269	1427.3890936832568	0.0	526.6706106137444	849.6487849648904	0.0	521.1960384061085	1082.2479693701214	0.0	510.52847090167546	1376.1076495502064	0.0	500.6340310550981	1479.848908281072	0.0	469.1385428693928	1474.0417630097513	0.0	514.0797035946443	1422.7987241143321	0.0	594.3262190116585	485.8254951354104	0.0	593.380489640611	370.2479900988302	0.0	598.3943510133987	439.49620901696716	0.0	713.0645950026826	516.2211705132495	0.0	775.1387628584255	675.1311518662252	0.0	795.7247974900948	847.1940956626058	0.0	478.16946978003415	517.9695246356879	0.0	413.9272773380572	708.7026523883304	0.0	443.64827086072887	700.6008140804928	0.0
62	2.071461716937355	592.1512939706951	838.0633154065072	0.0	662.659332639706	853.5100812719686	0.0	644.3942732973579	1128.6813748016823	0.0	611.8172312335901	1387.4026385026127	0.0	585.6705294238357	1415.9780951343594	0.0	637.0737393151936	1422.2826616367483	0.0	604.9072744686007	1426.8426846911593	0.0	527.514635187999	849.2106575968703	0.0	520.7357681739455	1082.7015099261635	0.0	509.2111625722456	1391.5784772223865	0.0	501.67550670039316	1469.2055814978	0.0	468.39894532346466	1462.948734410155	0.0	512.891788413139	1442.2289575931525	0.0	595.7003912688925	485.5513799007493	0.0	594.017647679213	371.1169477573995	0.0	599.6182037802189	438.5917098162083	0.0	714.2381821612613	514.7095349130303	0.0	777.1404111916582	671.9371077168224	0.0	796.519684502057	845.7860809921801	0.0	480.73331843728766	517.0892829419613	0.0	416.3542015316042	705.869385773804	0.0	444.72904009425537	697.2174781085581	0.0
63	2.1048723897911836	593.4868412824453	837.1482387803912	0.0	662.0806930321894	853.7871369503107	0.0	644.4284261538962	1126.4950072807314	0.0	612.7452697339929	1387.0145297849533	0.0	584.3736325632049	1419.4439439181137	0.0	636.3565654237693	1425.1749679660275	0.0	604.733003051325	1426.8638359072115	0.0	527.8594867003292	848.8973457968037	0.0	519.5044185941975	1083.7774738422027	0.0	507.9949192691456	1386.1378041157598	0.0	503.01444773332736	1465.040617369166	0.0	469.3505844510384	1460.445261295557	0.0	512.0541812761992	1438.1526955891063	0.0	598.0586698309082	484.9279975640101	0.0	594.635427703478	371.74294136208187	0.0	600.6830903628909	439.8248588931902	0.0	716.1917789408545	514.066646196106	0.0	779.9204389834099	669.9512670551404	0.0	797.3327746770392	843.1186292662525	0.0	482.36228599356247	516.3220407406172	0.0	418.58762530877874	701.7537795053206	0.0	446.4746199958817	698.0689094145398	0.0
64	2.138283062645012	594.9410957248036	837.6489800095447	0.0	661.9714984858459	853.7902684954017	0.0	644.6071504067274	1125.897352650223	0.0	614.1080565994743	1387.6121002226191	0.0	584.3350455931943	1422.0803062533935	0.0	636.3349201481674	1429.2699041696776	0.0	604.8274560754224	1426.8827822451094	0.0	528.5147456887775	849.3146080667835	0.0	517.07540498539	1077.7858130472787	0.0	506.9911166760527	1374.1780043831554	0.0	503.9976877169182	1462.6836491975212	0.0	471.05175224785324	1460.6389827882567	0.0	510.3326414843673	1422.838381258365	0.0	600.8403868052546	483.9629562407498	0.0	595.5609509172133	373.39699367431103	0.0	601.3577545980656	442.3100372129902	0.0	719.2393126914342	514.5772343711435	0.0	783.0430298879747	670.2070183592709	0.0	797.710063618975	839.864596188764	0.0	484.46290306193544	515.9157828284759	0.0	420.6092872339542	699.2965285676286	0.0	447.62658192736717	701.7783688984082	0.0
65	2.17169373549884	595.5820766359242	837.9318827074289	0.0	662.069434861686	852.5660096154351	0.0	644.4924553633828	1128.7462148895638	0.0	614.9211145590991	1386.9700657604255	0.0	584.1407283075597	1422.0388236859085	0.0	635.732999295213	1430.8792998610772	0.0	605.751463259129	1425.8628807099653	0.0	529.0001006518738	849.5383406125659	0.0	514.4616374863451	1063.6922580192024	0.0	506.3361413021303	1339.2070410735018	0.0	504.3600169212748	1450.7559882897897	0.0	472.8432493175042	1449.4921526400935	0.0	508.52239509616356	1377.8500070170548	0.0	602.177338582751	483.4007903714823	0.0	597.0304003837158	375.81350821990424	0.0	601.5704878280228	442.86067365010365	0.0	722.1425225612933	514.7288909631769	0.0	785.3233806342137	671.084277931679	0.0	796.0425450927463	837.6688158593297	0.0	486.809809278182	516.0479727191876	0.0	422.0690161505131	699.6460852378505	0.0	446.8775855679034	704.5746596666816	0.0
66	2.2051044083526685	595.4897740394102	837.2537033881816	0.0	662.1168414161547	850.5488885948542	0.0	644.1642160890328	1133.178707857166	0.0	614.9731122607168	1385.239788916168	0.0	583.3652577043977	1421.6615620238153	0.0	634.4386791851197	1431.567208678265	0.0	607.2039593259613	1423.9185887403335	0.0	528.7981764044554	849.0891449777542	0.0	512.9753372719383	1051.9842118499337	0.0	505.66253978181606	1281.692119513705	0.0	504.391049128968	1434.788560119499	0.0	474.6814012648724	1432.1977206855886	0.0	508.9825450306368	1311.0601108249898	0.0	602.0698786632947	483.97168232308076	0.0	598.2884352730218	377.3520246983853	0.0	601.6721084234356	441.61479475825223	0.0	723.575262202746	514.526390909652	0.0	786.6896297761228	672.4670719508978	0.0	792.8684137748464	837.8627342740207	0.0	488.32897112128387	516.8878559003367	0.0	423.61606472877816	701.2901782982298	0.0	446.3779120464718	705.0352409257434	0.0
67	2.2385150812064967	595.3248979305222	836.3866885101066	0.0	662.4069161971613	849.4300746468828	0.0	643.9671102238602	1135.0201004186656	0.0	614.7862739343234	1384.2826671991213	0.0	582.9568164657454	1422.5007247115386	0.0	632.5939861795051	1432.4930161204072	0.0	608.2143128221302	1422.1509972800773	0.0	528.5167461904205	848.9763622691338	0.0	512.835046043909	1049.1763156251052	0.0	505.3096105724652	1246.641960774039	0.0	505.198759359828	1425.4253646955647	0.0	477.38373136299793	1421.496971189624	0.0	511.9583628442626	1276.3867128578229	0.0	602.1845727836557	485.15700399040645	0.0	598.6889502356934	377.7346091705104	0.0	602.2392561583555	441.518553897201	0.0	723.7935308942494	515.6259535578814	0.0	787.4792418390723	676.0039080878938	0.0	790.1481366701157	838.9565462190387	0.0	489.2038981584066	517.5781393279701	0.0	425.850725470498	702.8252302999482	0.0	448.0273450630666	704.3595159267724	0.0
68	2.271925754060325	595.2902356408806	836.0179174723447	0.0	662.5848815110088	849.5999823372731	0.0	643.9362687488855	1133.953606187555	0.0	614.6816163482325	1384.0986071089123	0.0	583.3493662838237	1423.250878036838	0.0	630.6017530811379	1432.7349396875277	0.0	608.4247156701063	1420.9999090039962	0.0	528.5583910479196	849.0709773227629	0.0	513.6628085542288	1049.4931482335464	0.0	506.18449785488156	1263.3732387500445	0.0	507.1383305107905	1418.8644465910168	0.0	480.6575065226493	1414.8713767073357	0.0	514.62424486752	1301.43980316583	0.0	603.3848936635088	485.92782114497686	0.0	598.586163253011	378.27181078717126	0.0	603.5396778435314	443.3536489211471	0.0	723.7047471155591	518.2278744513834	0.0	787.6801545152986	681.4960338031543	0.0	788.095401733692	838.3444916258758	0.0	490.61730964665037	516.8204385209305	0.0	428.40998807088357	703.3704741723296	0.0	450.8261491634529	703.9592316839647	0.0
69	2.3053364269141534	595.2659944189936	835.8620864849769	0.0	661.7663168187294	849.4496878805394	0.0	643.7954089433152	1133.7405064562258	0.0	614.5949702644324	1383.6954156905274	0.0	584.3787474762104	1422.477664932881	0.0	630.2275100920135	1432.3863807961488	0.0	608.2377825811222	1420.5271684636884	0.0	528.6341344636519	848.0402681178716	0.0	515.4571437514701	1045.2063101122706	0.0	508.4662900514852	1294.976814565358	0.0	509.5940807008382	1404.645226491254	0.0	483.69406352602425	1401.8878401559311	0.0	515.6826554773277	1339.3383872271374	0.0	605.0572750635428	486.1025470987122	0.0	598.5100390902427	379.6105246308791	0.0	604.867204494878	444.9043826941971	0.0	723.7139379927306	520.8923595151311	0.0	787.5077871680135	687.3892758770571	0.0	785.6289572866629	835.8963263365011	0.0	492.60181461336924	514.907806015872	0.0	430.3555027607757	702.605855013321	0.0	453.1633375657896	703.4727429441103	0.0
70	2.3387470997679816	595.2409666215678	835.4944674757207	0.0	660.4352512386296	847.5898440021775	0.0	643.5519338753436	1134.9400026101225	0.0	614.4357665951511	1383.4756683498904	0.0	586.0072521105989	1420.392761081497	0.0	632.8599416403882	1432.2500439825583	0.0	608.0730349854482	1421.0012569889755	0.0	528.729652389725	846.172332512335	0.0	517.9484681082924	1037.436037465422	0.0	511.4596031747571	1302.8844585695795	0.0	511.9937301595022	1387.1659531913544	0.0	486.35709458390056	1387.129672662059	0.0	517.0647322525404	1347.1261058766934	0.0	606.1389381272955	486.3988115744707	0.0	598.4488980773716	380.8008994386842	0.0	605.3024823868683	444.8670228224097	0.0	723.8002969412344	522.981296679706	0.0	787.3701217766321	692.9665739979831	0.0	782.6043983925264	834.1445487286497	0.0	494.19131488639954	513.5615795603758	0.0	431.20987450484853	701.744076768112	0.0	454.69341513391373	701.5994205031138	0.0
71	2.37215777262181	595.3774255038011	834.9818586912646	0.0	659.944259236254	845.0934912105034	0.0	643.468070772323	1134.6441303840113	0.0	614.2997592588086	1384.0169167277718	0.0	587.8210875366409	1418.1397561080503	0.0	636.8172814704808	1432.4936880142845	0.0	608.1093987749935	1421.8825728239424	0.0	528.9285959327108	844.854777185878	0.0	520.2873725695798	1032.4354723515796	0.0	514.5687213446886	1294.790087785809	0.0	514.2813625320864	1377.9216803334307	0.0	488.73145887914677	1381.617864845267	0.0	520.1826616445965	1335.1550539166808	0.0	606.085287934857	487.4530288962727	0.0	598.0062093093189	381.0514129272153	0.0	604.9339287448125	444.33293438353144	0.0	723.736070386538	524.8034086436724	0.0	787.160432767595	697.998712677939	0.0	779.6535996513315	834.880474113718	0.0	495.1159157773578	513.8471102362412	0.0	431.31507667026585	701.9442955404774	0.0	456.21965705267803	699.8867339005527	0.0
72	2.4055684454756383	595.8925827143759	834.8268145497317	0.0	660.4509681594293	844.2703458238631	0.0	643.5742736827699	1133.091511027806	0.0	614.3532560214687	1384.740547173453	0.0	589.2477592607812	1416.5390209759855	0.0	638.7774123682194	1432.6460669797268	0.0	608.2844694680049	1422.016882939207	0.0	529.389896931573	844.0458823365497	0.0	522.1117964797841	1031.9591074806913	0.0	517.9083192127539	1284.5807399821863	0.0	517.5183746928344	1374.3798678246278	0.0	491.901947580806	1380.6705686044313	0.0	524.0277263469261	1315.7193745034228	0.0	605.1380292697178	488.8291761408983	0.0	596.8490360517325	381.33419686734675	0.0	604.1796154123208	444.1192614323295	0.0	723.0940131944604	526.122545774427	0.0	786.5771057313677	701.7824508125376	0.0	777.3308009086182	836.7063586192563	0.0	495.55067809823294	515.4979110369917	0.0	431.2965157672463	702.6845934958594	0.0	457.6212055105974	702.1108773802006	0.0
73	2.4389791183294665	596.8537801680293	835.3162188233053	0.0	661.2078010288145	845.423405068647	0.0	643.6396049518215	1132.6425090924936	0.0	614.3420844080875	1385.2172121443202	0.0	590.4625492811836	1415.8583061672282	0.0	637.8626491786918	1432.4095735030724	0.0	608.1839384935643	1420.9477107946457	0.0	530.5640324408832	843.347350897024	0.0	523.6007753108797	1033.8513070336637	0.0	521.6606710289916	1269.8358185109503	0.0	522.1771503823239	1366.125402271591	0.0	496.7377470852785	1372.0739837112276	0.0	527.2372151341278	1282.4078956262506	0.0	603.9487580759525	489.7939955765142	0.0	594.8711706567606	382.66482536747435	0.0	602.8037503437995	444.4448775529481	0.0	721.631507097499	526.7166990260696	0.0	785.4947926261301	704.0956751823558	0.0	775.6903456111634	837.5967339894462	0.0	495.5022439325123	517.7440850078684	0.0	431.58375575729525	703.1245749799979	0.0	457.06194529296005	707.7678086327904	0.0
74	2.472389791183295	597.6980626922451	836.2720009276819	0.0	661.7172475006322	847.2636922773587	0.0	643.5937369245934	1132.638426287665	0.0	613.748009576268	1385.7220259828982	0.0	591.6118900858868	1415.8794787641834	0.0	636.3268138747504	1432.4271546892737	0.0	607.4266962213036	1419.4780620195884	0.0	532.1475417242783	844.4041154042321	0.0	524.8742059961832	1037.3682900066258	0.0	524.9937157195366	1250.3503469819577	0.0	526.7303442930381	1352.9365255429493	0.0	501.3312498729575	1356.6945511153374	0.0	529.5433913950596	1245.818072428993	0.0	602.9241610084658	490.94109422292763	0.0	592.3145008019496	384.464137098194	0.0	600.8384857431362	446.2294137855259	0.0	719.7327099205237	527.3779300511122	0.0	783.6391791251036	706.160578697452	0.0	773.7920310669588	837.7738681910569	0.0	494.7201025695339	519.8910986436919	0.0	431.99911434657645	703.8400425532623	0.0	454.32726129762295	711.7276891254088	0.0
75	2.505800464037123	597.6390912432572	837.7198089824604	0.0	661.8111880751516	849.611051553777	0.0	643.7078655514963	1131.1387335328866	0.0	612.8824563589876	1386.2528792649482	0.0	592.0145010661339	1416.027167883859	0.0	636.0261124498755	1433.1983963645691	0.0	606.4515173756178	1419.059609613092	0.0	533.0582659440607	848.5672291836302	0.0	526.4457262016814	1041.3398676976635	0.0	526.6680177700244	1236.4486860256566	0.0	530.0281222129701	1342.711893357711	0.0	503.4588935906875	1344.1437689975867	0.0	530.9908412499424	1234.2249299058433	0.0	601.9549704155489	493.29727474773784	0.0	589.9577062355924	385.9966401584151	0.0	598.928860017057	449.1721570855677	0.0	718.1483919401813	529.0711455410521	0.0	781.0025968067813	709.3553643703889	0.0	770.7493129229209	838.0226363384525	0.0	492.6749092779424	521.7330407459633	0.0	432.029887791168	705.8929341847844	0.0	451.8927339131518	711.65211930201	0.0
76	2.5392111368909513	597.0717147259928	839.3719123451973	0.0	661.6098811570256	852.4252512015914	0.0	644.2271090751553	1128.7659556816564	0.0	612.6456182658059	1386.4393949458263	0.0	591.3006172382503	1415.7978414466913	0.0	636.534657996394	1433.8670719144577	0.0	605.9503579242635	1419.9416250637767	0.0	532.8984928575361	853.1234977470277	0.0	528.774393657807	1042.08025541214	0.0	526.8508409264585	1234.3547391189568	0.0	531.9811026340393	1337.189685139375	0.0	503.39018098204826	1335.67551388696	0.0	531.3886251218744	1248.2646658147528	0.0	600.6485898940343	496.24474426075557	0.0	588.3626604965967	387.5424220651016	0.0	596.9816316557881	451.3866700933698	0.0	717.1912473758803	531.8310191631521	0.0	778.2374727375426	713.2594297694199	0.0	767.4334186100043	837.8418280484468	0.0	489.8560072271012	523.7029939448183	0.0	431.6888282589996	708.7083669056192	0.0	451.43561933175374	710.3085934353626	0.0
77	2.57262180974478	596.921730643077	840.4081338410984	0.0	661.3469920194466	854.0076133338454	0.0	645.0045833525053	1127.1941513447298	0.0	612.9576480648236	1386.4240966006787	0.0	590.5105818950707	1415.0844970694684	0.0	637.1127883304482	1433.535962595544	0.0	605.4852443827283	1420.8095898731099	0.0	532.0373288908204	854.2538152582359	0.0	531.1850077405612	1038.7486593878737	0.0	526.7592998748391	1237.3723423004328	0.0	532.8332109772438	1331.7945356438556	0.0	502.45498329772073	1326.5170101373926	0.0	530.9275039289556	1260.7082953461404	0.0	598.9762560551076	498.68059227289785	0.0	586.867909655494	389.48277272537297	0.0	594.5782687120168	452.5938875351051	0.0	716.2158896594589	535.0094995039349	0.0	775.7767262901929	716.1752489741682	0.0	765.5367292456574	836.7308749659411	0.0	487.8234077962976	526.1778372211072	0.0	431.4625556476619	710.9980460317065	0.0	452.11108172029617	711.3426269106748	0.0
78	2.606032482598608	596.8886523369541	840.9420922909947	0.0	661.148026960685	853.2555697429974	0.0	645.7128060674837	1126.303929028937	0.0	612.9385571478399	1386.8436908027425	0.0	591.221900675745	1414.9792671427958	0.0	637.8835660035297	1433.0570056141337	0.0	604.2622154707873	1420.7607540882286	0.0	530.8636616168467	852.6157792027706	0.0	532.9137535010564	1035.836807424605	0.0	526.7876506502179	1237.6495107257044	0.0	533.4657970232231	1325.4226228661043	0.0	501.95517806720693	1317.8897165128894	0.0	530.2975783440149	1260.5132512208618	0.0	597.2151048794095	501.28188598790473	0.0	584.4307679153616	391.35461169674943	0.0	592.3045525517333	454.44267218554904	0.0	714.1787290149562	537.901149208562	0.0	773.3327668300242	717.4975462287402	0.0	765.0105917744512	835.215730619949	0.0	486.7128011832337	529.2972100879275	0.0	431.5439289402651	713.2855158575454	0.0	452.33613805121274	715.1432681356564	0.0
79	2.6394431554524362	596.2063151632262	841.69688393671	0.0	660.925863815835	851.7750458969551	0.0	646.2659934255385	1125.0802880738427	0.0	612.4434064444043	1387.4848223136605	0.0	593.3284196305164	1416.7508704980178	0.0	638.9001668208599	1433.7472508360706	0.0	602.7392433636014	1420.2190398235969	0.0	529.978367431589	851.7455402887819	0.0	534.0758368920102	1037.7306592823709	0.0	526.6620330244183	1235.5753455163726	0.0	534.474187143566	1320.2489349029938	0.0	502.6148523433588	1315.4485722370002	0.0	529.9470100504723	1257.9221767514791	0.0	595.1700577564445	504.7648070393383	0.0	581.1161624329808	392.8749510582495	0.0	590.3524904301388	457.6654837879179	0.0	710.9146171390082	539.8455359069839	0.0	770.4797272175292	717.999758164948	0.0	764.0740996158659	833.8647505425275	0.0	485.14690419482724	533.0841091946859	0.0	431.50249192290397	716.4644563745439	0.0	451.81595993093686	718.4997919670049	0.0
80	2.672853828306265	594.9518304978591	842.8800018644288	0.0	660.0557092275241	852.1824179133888	0.0	646.7208736455761	1123.547663822558	0.0	612.0389304268955	1387.196286513482	0.0	594.9121759011921	1418.7046167201263	0.0	639.7689512261279	1435.1863412929022	0.0	601.9068079650992	1419.9941390189601	0.0	530.0047946150256	853.1474042048585	0.0	534.8604125161834	1044.0621148822984	0.0	526.4075068704853	1236.4100739739488	0.0	535.8596122323657	1315.996471734713	0.0	503.6752176628779	1319.7784320103044	0.0	529.7468846331232	1261.6852342431525	0.0	592.4989866044928	507.6641664702219	0.0	577.575239116031	395.3628080144732	0.0	587.4157188277627	461.30709888828056	0.0	707.2772423754603	540.9463275039493	0.0	766.9997695137226	718.3794209380167	0.0	761.3734449950207	833.3320298356986	0.0	482.8295362697244	536.8439295899097	0.0	430.6506173324407	719.1074122180312	0.0	451.47625754042974	719.1772416717334	0.0
81	2.706264501160093	593.4993386666114	844.2810816652204	0.0	658.2110196115616	854.9296855711691	0.0	646.7398393852909	1122.443598944306	0.0	611.8946265888333	1386.07698268343	0.0	594.8464848592492	1417.903080296361	0.0	640.3413112129808	1435.8068785142148	0.0	601.8643388620205	1420.5424347895805	0.0	530.7034803107869	855.7769569389945	0.0	535.1941525583168	1050.741296119035	0.0	526.0744380865226	1242.2385053381674	0.0	537.4299647359185	1313.0344296498304	0.0	504.21201062505924	1325.1519804101827	0.0	529.4438705628983	1270.4864337575461	0.0	589.2096289230445	509.2748950867783	0.0	573.8673531672471	399.69629787867984	0.0	583.333922724029	464.93352105724716	0.0	703.9657103657194	542.2861182257543	0.0	763.0949740354754	718.7175340692407	0.0	757.036430903036	834.3236523136486	0.0	480.438096537186	540.1508553785192	0.0	428.7596122330831	720.4648157010275	0.0	451.69389016929097	718.586975450501	0.0
82	2.739675174013921	591.8237270554101	845.2889209430152	0.0	656.2890258428329	857.5816075442589	0.0	645.6393859484258	1121.834464375069	0.0	611.6849196063223	1385.6475638718648	0.0	593.987012723084	1415.5329333494865	0.0	640.9853671481086	1435.0012537061045	0.0	601.9195342212237	1421.7277138943682	0.0	530.7749798194582	858.0234655119708	0.0	535.1782138672522	1054.712756223992	0.0	525.6795000859066	1248.880573665591	0.0	538.7336902153444	1316.0894615431134	0.0	504.4380104494113	1328.1082834091474	0.0	529.2853505021441	1275.2897128452032	0.0	585.600675628915	511.75163305164045	0.0	569.9095303110646	403.9380196136936	0.0	580.2614954188327	469.22273789548933	0.0	701.0196352426013	544.2310513893394	0.0	759.376178853466	718.8580964775945	0.0	752.6863054405251	835.6852082123645	0.0	477.769390886157	543.5335390348138	0.0	426.4072787138106	722.7544573064187	0.0	451.2845875004112	719.259098251389	0.0
83	2.7730858468677497	589.824341108705	845.5274981005064	0.0	654.952318207229	857.8899251744803	0.0	643.2654032184411	1120.8642254623403	0.0	611.1368150996539	1386.239170996624	0.0	593.8313088506002	1414.8737602059912	0.0	641.8759822206829	1433.6322734178334	0.0	601.4482001148526	1422.7996103599787	0.0	529.1632751456865	858.9712959119862	0.0	535.1198257440124	1055.8689349753138	0.0	525.43066005353	1252.9372711799883	0.0	539.8655249549499	1325.3879625803977	0.0	504.71101410826395	1329.8162987034536	0.0	529.3689812130597	1270.5031045866833	0.0	582.3393258994591	515.773725206446	0.0	566.0591986736353	406.1547178153281	0.0	578.8274919344735	473.5538472856907	0.0	698.0529497599193	545.9301258831736	0.0	756.1667705202083	719.0101139427201	0.0	750.026946729898	835.83260427323	0.0	474.5524246310075	546.3580570905916	0.0	424.27429626658756	726.0548253451891	0.0	449.11852412515805	722.1441692013497	0.0
84	2.806496519721578	587.7299170309227	845.3088584017976	0.0	653.6375158503221	856.3014867708673	0.0	640.3676012158897	1118.5315661000893	0.0	610.4165641240777	1386.9297804174712	0.0	594.3089954956691	1415.4063258669346	0.0	642.4775885223041	1432.6877365452601	0.0	600.7196149316659	1423.2116572680256	0.0	526.6201443181287	858.508010914589	0.0	534.9893699886229	1054.8812578761385	0.0	525.2889587114909	1255.5329513263798	0.0	541.5724121824179	1331.560375013482	0.0	504.8242239034268	1328.7947104031766	0.0	528.7684158508782	1260.4698977350401	0.0	579.5354178568167	518.4734952447698	0.0	562.4654362246865	407.4502135693875	0.0	576.148480715116	476.0689785915374	0.0	694.5772277630989	547.1446166966623	0.0	753.3038634544171	719.5468104465737	0.0	748.6985426335825	835.415522975177	0.0	471.42976886256497	547.3861066453287	0.0	422.213539541691	727.2802262378453	0.0	445.8962764724322	726.1875424097707	0.0
85	2.8399071925754065	585.7066939184557	844.9334085580375	0.0	651.9669485595861	854.627348218363	0.0	637.7967037338683	1114.9384535302506	0.0	609.9682674861638	1387.1634614534998	0.0	593.897400787461	1415.1922229293045	0.0	642.1594063130215	1432.5840134081027	0.0	600.6425063126547	1423.0890993135015	0.0	524.4756187252435	856.873281079332	0.0	534.3471769478151	1052.5143835377394	0.0	524.9670952078517	1256.952272710542	0.0	543.4080937353604	1327.7732266956482	0.0	504.16117478835054	1320.9229688046673	0.0	527.2256623821835	1249.0360323976104	0.0	576.0231699547293	518.4688668597132	0.0	558.7393636063595	409.6673415496311	0.0	570.2297335164553	476.7342990682232	0.0	690.3584613727065	548.5898831484616	0.0	750.6981873699611	720.0022882480475	0.0	747.3682088846165	835.347478776314	0.0	468.4350531786272	547.7557184479157	0.0	419.9012899996435	726.4153431424045	0.0	442.71165896378903	730.2054688021177	0.0
86	2.8733178654292346	583.662165175021	844.5386556605705	0.0	650.5127165681212	853.8323039547571	0.0	635.55891375808	1111.722670228699	0.0	609.6380256788019	1386.4831021906286	0.0	592.9505279645624	1415.0236969704545	0.0	641.3852877081301	1433.0765887664727	0.0	601.0569766742219	1422.6895120430072	0.0	522.7006521209403	854.7776163096377	0.0	532.9228609096389	1050.4330859267504	0.0	524.3973286931317	1255.398594835717	0.0	542.9182351271654	1320.4410864048823	0.0	501.96674162436966	1308.5313202902362	0.0	526.3249056810627	1239.6980027961104	0.0	571.0821312259385	518.3165137765693	0.0	554.6823877993081	412.61890615861364	0.0	564.1355396576872	477.8096317187015	0.0	685.340754014709	550.1245304933155	0.0	748.43208561247	718.9958120644054	0.0	746.0773331192095	835.1237879471993	0.0	464.8833791592778	549.8081844949193	0.0	417.62142671547065	726.8829457748395	0.0	440.78370652348997	733.1312350888903	0.0
87	2.9067285382830628	581.6359778378774	844.3416253815831	0.0	649.3716237896907	853.710915446053	0.0	633.209182160171	1110.0806554364715	0.0	609.0476367644133	1384.7446476571654	0.0	592.8346011589848	1416.1620670824198	0.0	640.8547551049681	1433.5420400816333	0.0	600.8260909418585	1422.1889073504285	0.0	520.6170075345992	853.2768875413574	0.0	530.8524242921491	1049.8003497074021	0.0	523.7126829234958	1251.6461247653106	0.0	538.9469221532862	1318.81283572124	0.0	498.6843770842414	1300.2074654984913	0.0	527.0227309423632	1241.9507671560632	0.0	565.8927489002394	520.1806518453184	0.0	550.7467167328427	415.2942696184053	0.0	561.7765459037772	480.5684632938003	0.0	680.0924435918499	550.7195924280916	0.0	746.1925863199136	715.5613177961277	0.0	745.5060067056004	834.2956330774191	0.0	461.1545892495789	553.7728578551613	0.0	415.38467452706647	729.5162025229906	0.0	441.06601432008773	733.5171425217986	0.0
88	2.9401392111368914	579.5069195389167	844.3534131089156	0.0	647.278440624428	853.4223048451167	0.0	631.0443862937254	1109.5880762231232	0.0	608.6715213497422	1382.7669705511257	0.0	591.9500196471404	1418.155856012055	0.0	639.6523097487908	1433.9620807685399	0.0	600.0571158067972	1421.3097224278188	0.0	517.9691995314047	852.7648946954275	0.0	528.6223019241895	1049.5219537394303	0.0	523.1396073892662	1250.527233010143	0.0	534.2317074905686	1317.936241242826	0.0	496.22129740319883	1299.2401565030884	0.0	527.9197734279784	1257.4356321625562	0.0	561.9592245414168	523.023776945213	0.0	547.365329544249	417.513837410557	0.0	560.9785840186859	483.50988335983925	0.0	675.9772713873485	550.334855214096	0.0	743.4298306793893	710.6415888749403	0.0	745.5618123559128	833.3230781481126	0.0	457.942549857424	557.7970781147986	0.0	412.7602801173463	731.4957704083567	0.0	440.537560679831	732.377489783055	0.0
89	2.9735498839907195	576.9592797800614	844.079435686932	0.0	643.5229060218886	852.0600465555049	0.0	629.7188848387859	1109.521468105593	0.0	608.9287564551038	1380.4304313329194	0.0	588.8904782780801	1419.9737574119815	0.0	637.116322028592	1434.4014915911557	0.0	599.8022980131157	1418.8425269462098	0.0	515.1451325999118	852.5662792401523	0.0	526.7262173088349	1048.297250433695	0.0	522.6804803486501	1255.7550963818676	0.0	531.4702067615208	1309.7530188514127	0.0	495.2592669496833	1301.909210753834	0.0	527.5900946711331	1275.7156567860175	0.0	559.2394952464987	524.868197439063	0.0	544.5557907072005	419.3262726273582	0.0	557.3656681576842	484.90184381635106	0.0	673.2010316428444	549.8270899280473	0.0	740.3330660287664	706.7121826381357	0.0	745.7203499524159	832.769515978324	0.0	454.8878837034212	560.4607742258514	0.0	409.740905850994	731.3701804173326	0.0	435.90053324997075	731.7110509604923	0.0
90	3.0069605568445477	574.3170308356225	842.5948078659343	0.0	639.1832647904821	849.6000726917331	0.0	628.9709320476219	1109.0594770923085	0.0	609.4700271655408	1375.4713225236014	0.0	586.0042813471391	1421.4910601013285	0.0	634.8463442401268	1434.1653370057109	0.0	600.0826632956498	1413.6704861542391	0.0	512.8466447704619	851.7598445249317	0.0	525.214272837319	1046.9914121175154	0.0	521.9413801105038	1265.1886267965215	0.0	530.1681445692894	1303.8201361672345	0.0	494.6231278899964	1307.4362470165663	0.0	526.8486393463943	1289.8135457255273	0.0	556.9936751117983	525.2457229896096	0.0	542.5740874418991	420.54984581161546	0.0	552.2857994092225	484.90685174851535	0.0	670.3461960714349	549.527029675449	0.0	737.3663652327351	705.1206385494465	0.0	745.5678395982718	832.5646344564365	0.0	451.833901353862	561.709349765321	0.0	406.60413947682406	730.6348405687778	0.0	429.43180732426646	730.0148393813055	0.0
91	3.0403712296983763	572.1091471412346	839.3470058843893	0.0	635.460088003158	847.1952535008817	0.0	628.499578363335	1107.1656040339187	0.0	610.1218455881617	1366.0608529602673	0.0	585.3161860340605	1421.5386089619985	0.0	634.1341785499709	1431.1667077313862	0.0	600.2330446219464	1405.2126096541833	0.0	511.149941435423	850.344948496163	0.0	523.7282554086893	1047.1584143395958	0.0	520.8603071511349	1271.7175768902894	0.0	529.2346790888589	1310.965520428239	0.0	493.9744746347607	1315.8473814625052	0.0	526.6604242488843	1297.299995731435	0.0	555.0269707475593	524.9758267991114	0.0	541.4689188500772	421.1198945626503	0.0	549.2690288056754	484.5796362841322	0.0	666.943039822009	549.3682367949431	0.0	734.1841846106689	704.6750484636281	0.0	745.0014663354876	832.3579824588927	0.0	449.3006424154836	561.7897381609546	0.0	403.558362957338	730.3009769480138	0.0	424.28040491694287	726.0491455028118	0.0
92	3.0737819025522044	569.9849060032165	835.3381525719517	0.0	632.6510377947313	845.5227318771982	0.0	629.2752454890285	1103.958737812365	0.0	611.0756855605707	1352.315436951292	0.0	586.2698691877077	1417.2224484490205	0.0	634.2720946809957	1423.0070760889212	0.0	600.0868010785823	1391.892971162322	0.0	509.7061299317544	848.771376379721	0.0	522.0463054158192	1047.792727105037	0.0	519.9978553452675	1259.1190463268783	0.0	528.5967755980344	1316.3797006710793	0.0	493.8697833485885	1315.4022773134043	0.0	526.284374669795	1284.6394854465434	0.0	553.224654512402	524.4772818590554	0.0	540.4473207776969	421.22809483721556	0.0	547.8048355730363	484.37498459049596	0.0	664.0318018008496	549.3048361559468	0.0	730.2952059674757	703.700671833375	0.0	744.4905497820083	832.151312834916	0.0	447.4038961321927	560.7673837594947	0.0	400.8999276668082	729.3826282242177	0.0	420.163291376659	723.3014279347938	0.0
93	3.1071925754060326	567.6859801077907	832.4953784837053	0.0	630.7009142252475	843.3408426973249	0.0	631.9083564346357	1100.1003804260274	0.0	612.2871241238511	1334.9678750666587	0.0	587.5661498657	1411.4107087931918	0.0	634.3506749589438	1412.5351169357623	0.0	599.7349408375247	1372.5762956323817	0.0	508.6630122379744	846.3869775214018	0.0	520.678553440669	1045.2309858887338	0.0	519.768092803427	1212.5841583655285	0.0	528.5613395646178	1294.8827575906776	0.0	493.9636097809783	1296.9947781507456	0.0	525.6621516090889	1245.9535525838558	0.0	551.3950532401859	523.516782097756	0.0	539.3608701375811	421.1639973221993	0.0	546.0507139060185	484.15526064700356	0.0	662.2127696686115	549.1967768333005	0.0	725.8469815067122	702.0281325557769	0.0	744.47613766033	832.2440667661715	0.0	445.86343990014456	559.3911368671571	0.0	398.75027888814446	726.7224579702571	0.0	415.69586980639383	724.9406802706292	0.0
94	3.140603248259861	565.9872641318195	831.6046864915473	0.0	629.2886962476709	839.7928167502215	0.0	635.1346705786004	1095.0030998038362	0.0	613.2557323615312	1315.1370326074548	0.0	587.6013474798254	1412.100610486982	0.0	634.0499492049631	1406.5031750057153	0.0	598.6644142936797	1350.117209456737	0.0	507.9891775237191	842.9667081240708	0.0	520.3624907291238	1038.903835904106	0.0	519.9208407350877	1159.4965557218288	0.0	529.0891756564041	1249.5772330518998	0.0	493.6606133211578	1279.9367857535806	0.0	526.0759660718176	1220.923830441179	0.0	549.6653039568187	523.041511714196	0.0	539.0368406911329	420.830145282564	0.0	544.3125041978483	484.20987958569503	0.0	660.8582202260337	549.3382636614666	0.0	721.5384757695077	700.3482784089988	0.0	744.5353894172856	832.4813237064649	0.0	444.46096423063955	559.4103922013411	0.0	396.8867269217929	723.3229812981753	0.0	410.5327161437885	728.6430358902705	0.0
95	3.1740139211136893	565.1423131650346	831.8562521109136	0.0	627.6016190344934	836.4771362652805	0.0	637.2964128696182	1087.9134607141718	0.0	613.4196674344446	1294.9900064940484	0.0	585.807524987608	1417.4520470511834	0.0	633.5196233434876	1404.3891036937134	0.0	596.2821979235122	1329.2938354280109	0.0	506.9039236778735	840.2641651104917	0.0	520.8825299461074	1033.734209318761	0.0	520.1787601490579	1145.6426263169167	0.0	528.7511743580493	1210.7608537293952	0.0	493.15953832562724	1280.2254312270636	0.0	527.5144458291635	1233.9897667393923	0.0	548.314047521702	524.7878398685094	0.0	539.6915714115349	420.24368347190045	0.0	543.7882003948313	484.97507797593227	0.0	658.9220279656184	550.2719312618758	0.0	718.2069585349689	699.0685451704508	0.0	744.238352324314	832.1693495207921	0.0	443.2629299089716	561.5483206016082	0.0	395.3075037625692	721.8818261555365	0.0	405.6227310311232	730.3898407544685	0.0
96	3.2074245939675174	564.2033765808923	831.7969640234435	0.0	625.1819230157931	834.3616933362886	0.0	637.9179389507149	1079.2811323916967	0.0	612.9237975533234	1277.5500808594043	0.0	584.9534300522397	1414.741371245896	0.0	634.1468019544806	1397.740955930106	0.0	593.547623150387	1312.659075966071	0.0	505.34435802931955	838.8086887632853	0.0	521.3063342992359	1032.9245184374429	0.0	520.9793266508016	1152.7160338568042	0.0	526.4438220483918	1195.8579585608447	0.0	492.80304256571316	1280.4219926888725	0.0	528.6419903067864	1243.5035503592064	0.0	547.5739042720236	527.9158010629997	0.0	541.1279241326484	420.1941040017791	0.0	545.0643461563767	485.821453906361	0.0	656.3216582707973	551.4884335387807	0.0	715.856881040097	697.9594547515306	0.0	743.9491464900455	831.4066048593195	0.0	442.5566821249403	563.9303626846381	0.0	394.08405297427794	722.822296495171	0.0	402.29836936051277	730.2606665480322	0.0
97	3.240835266821346	562.5517984262183	830.3973785263339	0.0	622.7623218767804	832.1605715340805	0.0	637.6193403419965	1070.0614113586591	0.0	612.4446778391751	1265.335537804923	0.0	588.8493867704865	1398.6298110821144	0.0	637.2986863686926	1383.041135205377	0.0	592.156886203961	1301.0944885126744	0.0	504.23283876647207	837.0644220176961	0.0	521.2847549731596	1033.7701732499631	0.0	522.5683351193085	1136.752688973054	0.0	523.9152597052267	1196.481447589727	0.0	492.5885961099668	1275.8974073720494	0.0	528.9608779008393	1238.4599350483825	0.0	547.4377930206647	529.4112624637554	0.0	543.2439450577355	421.0589829192986	0.0	547.4108301643627	485.8137088116191	0.0	654.3346045301734	551.964772694199	0.0	713.9740113882284	696.8916708686637	0.0	743.8891186210578	831.21674517993	0.0	442.3621962173909	564.3808294802966	0.0	392.9189309461905	723.5586344639323	0.0	401.3812888127536	730.5173309316201	0.0
98	3.274245939675174	560.6926032681662	828.0193970629299	0.0	621.2522596673107	829.6524467032992	0.0	637.2291216444187	1061.6028930843233	0.0	612.4265754980604	1258.4091753302441	0.0	596.4418474788512	1377.4061846784111	0.0	641.7266193882228	1365.9468481709434	0.0	592.5208694770257	1294.4247848798407	0.0	503.7562073888401	835.0254137957257	0.0	521.1418184935889	1033.1422279759424	0.0	524.0050328075694	1111.346741568373	0.0	522.884300889815	1200.4193539255712	0.0	492.43785262334035	1278.5694782499768	0.0	529.0609665355038	1243.795692107659	0.0	547.8094050886432	528.4113272939921	0.0	545.4025867475655	422.0705823226103	0.0	549.2904181331442	485.24541901877444	0.0	653.9950846220496	551.8372922085671	0.0	712.8751145232009	696.4189972849275	0.0	743.8504665236519	831.2948052932484	0.0	442.7151257252691	563.0954250066509	0.0	392.02058561268217	722.3176806295049	0.0	402.461778432101	730.7984944612499	0.0
99	3.307656612529003	559.4968875200684	825.729317458884	0.0	620.7829363015046	828.1114894830196	0.0	636.9983654490277	1055.7030854033114	0.0	613.1380797012955	1254.8256537457175	0.0	601.7131595175965	1358.6834591575443	0.0	644.2271615867994	1351.2255745031405	0.0	594.5444328366477	1290.6325189257404	0.0	503.452851799064	833.742718614042	0.0	521.059462404622	1031.3784007451095	0.0	524.2393144643531	1100.6330126451057	0.0	522.8322035507497	1201.803479348699	0.0	492.6229387448268	1268.2529327156988	0.0	529.1018038874732	1240.4289573627848	0.0	548.9043943203937	526.7309267822982	0.0	547.0675278660777	422.4477237022616	0.0	550.341868838684	484.7553854319692	0.0	654.8791741870241	551.9348691606936	0.0	712.6514182405266	696.1943817454418	0.0	743.8292843890356	830.0337281358704	0.0	443.99066856996393	561.7483925164753	0.0	392.15193790539473	719.3561750239176	0.0	403.72241310077857	729.8374691408793	0.0
100	3.341067285382831	559.3535826427292	823.7525254439482	0.0	621.2693978441534	827.3342744907345	0.0	636.7614731862046	1052.9433924749885	0.0	614.5584417414506	1252.933134782279	0.0	601.2227372982439	1341.4967044240627	0.0	642.6859188884127	1337.755113986094	0.0	598.3495491563109	1287.9314964527314	0.0	503.62530355885707	832.6420199110984	0.0	521.1138980084833	1030.1544651776578	0.0	523.3936391132513	1095.439670350747	0.0	524.5871045907569	1194.2626992697071	0.0	494.23668738626026	1225.1310139997934	0.0	528.5338610134994	1229.1882113293047	0.0	550.5842775593924	525.7909702335259	0.0	548.7129028560231	422.31186385241705	0.0	551.382160195742	483.88369109739665	0.0	656.0008423619847	552.5289007984006	0.0	711.9752048330481	695.1032847022883	0.0	743.7545931564224	828.0390967152549	0.0	445.93288478330726	561.3085127764128	0.0	392.86924123581963	716.1335207422688	0.0	404.7051154181248	728.3979644549848	0.0
101	3.374477958236659	560.3084898647335	821.9764022489649	0.0	622.6025947887126	826.0765826941462	0.0	636.4564025088724	1051.8278103615128	0.0	615.985145891623	1252.2001171476477	0.0	597.7392647071697	1325.4227579102203	0.0	638.2399502548677	1325.5113309947951	0.0	602.9341306152845	1286.7819200331958	0.0	504.822012963771	830.8855054954032	0.0	521.5058508682304	1030.691497839783	0.0	522.4740373255266	1088.324876628591	0.0	529.3871997226526	1177.1491617945496	0.0	497.668597849989	1172.341348063051	0.0	527.4098499170054	1232.5139824524574	0.0	551.9749760456775	525.6266794528449	0.0	550.9989771583096	422.2063646389568	0.0	552.9993043371784	482.34651853069084	0.0	656.8809828449974	553.4459760319855	0.0	710.1970945588415	693.5826207614755	0.0	743.3759662198369	827.4846944174075	0.0	447.5367246577349	561.5025391325626	0.0	392.9801246050863	714.4572686341658	0.0	406.8565260884175	727.1860053719653	0.0
102	3.4078886310904877	562.1046544172042	820.9735336253673	0.0	624.0556828167779	824.5721421876613	0.0	635.821700397956	1050.8529049168005	0.0	616.6639006972267	1253.3472441032661	0.0	595.279599919171	1315.2749799652952	0.0	634.3054332395409	1318.081712397643	0.0	606.3518405421615	1288.9315868670838	0.0	506.6632405596768	828.9557415713996	0.0	522.2154528510465	1033.0353450302862	0.0	522.222101889315	1082.5497893788774	0.0	534.1389464332881	1173.4660851535457	0.0	500.89538027950914	1138.66859900496	0.0	525.835637414564	1209.3607150804544	0.0	552.8131449168749	526.0186583862077	0.0	553.5694443290969	422.40035548566584	0.0	555.2340712553232	481.5822282663405	0.0	657.5778541906471	554.483233448478	0.0	708.5456162588644	692.8036251233143	0.0	742.9706623741554	828.2380490154752	0.0	448.5189407579358	561.7203973584856	0.0	393.03468820532	714.6090506351456	0.0	409.85817939029187	725.4834145647407	0.0
103	3.441299303944316	563.9017169029166	820.9670159441034	0.0	624.7406297137566	823.9013858390617	0.0	634.4610829661925	1050.38234938126	0.0	616.5747842670976	1257.386343196918	0.0	594.7554790138604	1311.5651029335327	0.0	632.8825562522785	1315.1309536780732	0.0	607.7018431555182	1294.6190871893418	0.0	508.57511008088466	827.5669563072865	0.0	522.9148382040064	1035.5152912981198	0.0	522.3903114120644	1081.0328963197546	0.0	535.0179849623679	1210.9368792435039	0.0	502.0316370235037	1128.2006415889844	0.0	523.3515424152745	1138.686202417497	0.0	553.8478799514522	526.9999070324932	0.0	555.6155855482391	423.14045089998893	0.0	557.7360650253049	483.04766534274773	0.0	658.2365052057355	555.3200420535763	0.0	707.9631142132773	692.9550347174714	0.0	743.2993162926936	828.9930439707575	0.0	449.6107070367774	561.8425955207783	0.0	394.4860255975092	715.5482390807472	0.0	412.65044275724347	723.4938661182209	0.0
104	3.474709976798144	565.1975431532076	820.807428768895	0.0	624.9126414614677	823.7373539288815	0.0	632.8726551616181	1051.14018648337	0.0	616.1750589714908	1262.7488475651437	0.0	595.0066396712351	1306.5176063154117	0.0	633.2060770663791	1310.5092510115392	0.0	607.7490947862894	1299.9955790345202	0.0	510.5401585622662	826.8213844837783	0.0	523.3830337407721	1035.9388802249362	0.0	522.4326730660785	1095.9988917293722	0.0	533.2560539498832	1273.8322683683232	0.0	501.86308414799976	1143.7855058189236	0.0	521.2570862646822	1093.8121652585078	0.0	555.4889173160973	528.3720983762677	0.0	557.420136757284	424.4710400386145	0.0	560.2417280015371	485.878643391635	0.0	658.97979364058	555.7630531602681	0.0	707.9549072569042	693.7019123729593	0.0	744.3867459219081	829.4095179686283	0.0	451.54011789680357	562.1022486495364	0.0	397.1759467630862	716.4033563496038	0.0	415.891563956693	722.7242303480804	0.0
105	3.5081206496519726	566.468763485372	819.8286198602469	0.0	625.629031372141	823.2634593405173	0.0	631.9276355655544	1052.6763907600061	0.0	615.6014576733642	1265.8694779187822	0.0	595.256574938333	1295.9780026383573	0.0	633.8753029240572	1301.997020387013	0.0	607.5109656261088	1300.8805944771138	0.0	512.5341730291436	826.4467778744546	0.0	523.8182646469677	1033.940488067962	0.0	522.3228281152068	1143.599409529913	0.0	532.402000962655	1316.7992676964966	0.0	501.8507948263614	1196.6862531527047	0.0	521.8076340746732	1135.7663709288643	0.0	557.5430031936935	529.7323624614688	0.0	559.9250116975982	425.6752466172808	0.0	562.7335157968246	487.9808146413025	0.0	660.1925397935505	556.2943700160362	0.0	708.0913656260313	694.6338750056665	0.0	745.2044929402116	829.3439659820408	0.0	454.517798223795	562.5840410705403	0.0	400.20098752309127	716.7542688305695	0.0	419.0330133930482	723.2623745820204	0.0
106	3.5415313225058007	568.0536464485526	819.4299150823372	0.0	627.1572824699737	823.1385579364502	0.0	631.4188486564616	1054.432700198867	0.0	614.6438621910245	1265.6868572265782	0.0	596.2882420706622	1286.092482575901	0.0	634.4213757461669	1295.1090162454868	0.0	606.8819842500833	1298.863989858956	0.0	514.374165200635	826.2092696595655	0.0	524.6246915955057	1032.02822737507	0.0	521.9819908935135	1210.1087847753095	0.0	532.8554982658698	1327.3637893224522	0.0	501.87059350012794	1271.8886020614418	0.0	524.1297132429489	1228.5966587697471	0.0	560.0326411089535	531.3032458998526	0.0	563.0669403355517	426.39144393693016	0.0	564.9186905428601	488.8530099810311	0.0	662.1603478650649	557.5655998897022	0.0	708.9420313884624	695.2803279312681	0.0	745.3984707748493	829.0220070707417	0.0	458.15491306563496	563.2765503637492	0.0	403.54508187754567	716.9336323909366	0.0	420.18480571578823	723.5509607811877	0.0
107	3.574941995359629	569.5217234380845	820.2719306604067	0.0	628.9659721381212	823.9083613313571	0.0	630.5586682594648	1055.7532028857242	0.0	613.3104690524536	1264.4416950851737	0.0	598.7107477287656	1283.1918638683485	0.0	634.645059568515	1293.4172686991765	0.0	605.1861629336393	1297.9654981295114	0.0	515.9033768741177	825.8812114576406	0.0	525.8554428072165	1032.0544286718118	0.0	521.0054141884174	1257.709862082656	0.0	532.2934240880686	1326.5991833332125	0.0	501.0214162350474	1326.2908847446463	0.0	525.6808905619883	1297.6638497306822	0.0	563.0731674713138	533.3234457522105	0.0	566.0106322879146	427.56870977074465	0.0	566.8245258420949	489.6911342064444	0.0	664.5689557492464	559.2138320355829	0.0	710.8035323722794	695.195794065333	0.0	745.5769925341157	829.100110352454	0.0	461.7812497786621	564.2384940191185	0.0	407.0306781310525	717.6377963005582	0.0	420.50126017727894	722.8293153457848	0.0
108	3.6083526682134575	570.670264411637	820.7162893510953	0.0	630.7605789922064	824.6931006251348	0.0	629.2998879615551	1055.692303880084	0.0	611.6913939754576	1264.1913145703243	0.0	599.7083224360576	1285.8982775104753	0.0	633.7867088232495	1294.2333839003425	0.0	602.8137877814623	1298.5122301823649	0.0	517.1739876822104	825.2758292455342	0.0	526.9533910899032	1031.9402034915552	0.0	519.9049716613135	1274.8335376222444	0.0	529.8719789263781	1324.5900349442106	0.0	499.63171904841374	1338.5352113724457	0.0	526.2953416002747	1317.8719190659783	0.0	566.2343571013336	534.8091239865068	0.0	568.7359069682343	429.901667854255	0.0	569.6406696697954	490.9220093291523	0.0	666.969972234694	560.0970918648526	0.0	712.7617358829652	694.4365647440187	0.0	745.4640285293636	829.5482396658691	0.0	465.07491376794957	565.2656762320504	0.0	409.8773048508398	718.8237083992651	0.0	423.2029335144331	721.7026824760206	0.0
109	3.6417633410672856	572.1103203504779	820.2272209806669	0.0	632.4469533437708	824.9876615224758	0.0	628.4134378967907	1054.8462647199397	0.0	610.0371761317912	1264.6403010638182	0.0	595.9263456516071	1289.2867245592433	0.0	631.7905388533371	1295.2351322802785	0.0	601.1222009579074	1298.6720898134695	0.0	518.6854204743108	824.6729883824477	0.0	527.5498842285068	1029.6045542501754	0.0	520.4063108121704	1275.7414650779585	0.0	527.1181613090968	1316.4445366721318	0.0	499.6177553954063	1324.5374622235347	0.0	527.2824223996279	1309.6836198258738	0.0	569.0160818398916	535.2391633951901	0.0	572.0329367390402	432.49747963096553	0.0	574.1585223927511	491.7684734962162	0.0	669.3155237349688	560.0447920385812	0.0	714.3056653977587	693.91521121349	0.0	744.6614756244647	829.8459380018411	0.0	468.3246989256229	565.9209080124032	0.0	412.54387224668363	719.5714485024572	0.0	428.0241091940101	720.5991597987337	0.0
110	3.675174013921114	574.3202310629963	820.1127703080695	0.0	633.8348709491573	824.9531790525956	0.0	628.25648528095	1054.5145614387425	0.0	609.1386226211276	1264.511252575724	0.0	590.1361359170863	1290.7081234137731	0.0	630.045974181868	1296.9173783748713	0.0	600.545148791815	1298.1696051363203	0.0	520.6847864743314	824.1241845988527	0.0	528.2962984176585	1026.7343465938422	0.0	523.0190355969818	1254.9864345071153	0.0	525.5385117900005	1305.8105967503468	0.0	501.61100073678693	1310.3230095079812	0.0	528.9036356036835	1278.5293914188906	0.0	571.7576064257348	536.011975764363	0.0	575.9772365599623	434.2122672728231	0.0	578.9407611615524	492.2483154062352	0.0	671.5570794272205	560.058848351397	0.0	716.40422009281	694.0082592447999	0.0	744.2856257218345	829.7936490457176	0.0	472.20935147006793	566.1300607244885	0.0	416.4014623156027	718.8150796970828	0.0	431.4450714549145	719.4250220095076	0.0
111	3.7085846867749424	576.7535803443313	820.2658031004798	0.0	635.0345046389556	824.3195219537198	0.0	628.2111939015773	1054.6548185651188	0.0	609.2508426187875	1263.782433955905	0.0	588.224854783521	1290.6146046179153	0.0	629.3792019937306	1298.9401835830236	0.0	600.0689063427751	1298.0365724279093	0.0	522.5093747259581	823.0759058830944	0.0	529.9897656247795	1024.451730410948	0.0	525.807461558754	1190.9605738697458	0.0	525.3773645266515	1301.4085948226193	0.0	502.9597307647319	1307.2007519743443	0.0	530.3515624551095	1206.2622922430646	0.0	575.042414374558	537.9625973452619	0.0	579.8523966094677	435.35252938770947	0.0	582.1673547911681	493.3028231910792	0.0	673.6274929337646	560.5145447943889	0.0	719.5634890696332	693.7300128235971	0.0	745.1191355627815	829.4123985498545	0.0	476.7480647817992	566.1635961781925	0.0	421.19036624497863	716.7859478692823	0.0	432.78588415162756	718.2253302057123	0.0
112	3.7419953596287705	578.564327559789	819.06133481331	0.0	636.4516153915866	823.1982882171164	0.0	628.1594672378732	1054.635771932455	0.0	609.6047106370356	1263.0527675083542	0.0	590.1603261425574	1290.1780468141733	0.0	629.2158642058237	1299.6698308787245	0.0	599.1849732168982	1298.0614931454866	0.0	523.7979711928552	821.4649490305119	0.0	532.3154762989185	1019.8088390738674	0.0	527.19157209552	1098.9002883059372	0.0	526.0063412112204	1298.7191315301181	0.0	501.60024071724894	1304.7783697455595	0.0	531.0344371038187	1104.9328253886526	0.0	578.6011608224331	539.7886158107805	0.0	583.2174031807975	436.9815289091326	0.0	584.4801460529527	494.97675344268157	0.0	676.1547605889657	560.887298876505	0.0	722.5898675155436	692.0608416307929	0.0	746.3012500963513	828.5977897499558	0.0	480.73287369858264	565.9971449341633	0.0	425.28290247017526	715.405109552429	0.0	435.44073501815046	717.3936899667976	0.0
113	3.775406032482599	579.9441988167141	816.3275989429087	0.0	638.1713985360007	822.3778472103437	0.0	628.8887316672765	1053.5964496914887	0.0	609.6721553176593	1262.3015127818774	0.0	591.1892924872237	1289.8027752745895	0.0	629.0421874929281	1298.9958323039816	0.0	598.8237720249676	1296.874785773114	0.0	525.5396038887045	819.6860987366871	0.0	534.1234546175859	1011.3274346146169	0.0	527.4115009875894	1030.8603697633978	0.0	526.7500869944885	1290.7598273523972	0.0	498.9849630335887	1293.9247036068373	0.0	531.0947628145979	1028.0219515804326	0.0	581.7834866441549	540.2483628181463	0.0	585.8526638242577	438.896861680155	0.0	587.2639771695403	496.07657506085224	0.0	679.6236881124752	560.8931995227385	0.0	724.5038873731489	688.898488665974	0.0	747.427444505309	827.0254584611286	0.0	483.3175470281854	565.2746803687166	0.0	428.0509495542647	715.3581651956131	0.0	441.15639716691584	717.4825116700335	0.0
114	3.8088167053364272	581.807631182062	813.9551624683673	0.0	639.9850625252254	822.1201541724312	0.0	630.3267104294549	1051.820094251922	0.0	609.3295625398273	1261.7973579611642	0.0	589.6801014598683	1289.546206508716	0.0	628.704722225783	1298.2993072766628	0.0	599.2782418371196	1294.7341287273587	0.0	528.4675551027091	818.2419022891336	0.0	534.6695358663328	1002.8763733878405	0.0	526.8416546525543	1012.285002924371	0.0	526.7038802351223	1285.3818678786497	0.0	496.3672069981464	1286.0955930803802	0.0	530.6311417030706	1006.7639128855296	0.0	584.5149053074617	539.7794568739655	0.0	587.6306562602331	439.88173629203226	0.0	589.7886335634126	496.0815559318769	0.0	683.1944697153417	560.7956323799672	0.0	726.2321399075894	685.41903869051	0.0	749.5300329131016	824.5911908279279	0.0	485.15211909560094	564.2505749483394	0.0	430.3115882907149	714.2603555897571	0.0	446.8176110798383	718.1646091338758	0.0
115	3.8422273781902554	584.3043166832491	813.3015135502189	0.0	641.8329635093584	822.0013299132155	0.0	631.4860748618689	1052.2916764656434	0.0	608.5144505735736	1262.290324317356	0.0	587.6610483050442	1289.5655513059617	0.0	627.8430570242607	1298.194173063022	0.0	599.3761746976164	1293.3000036166295	0.0	531.7960669178733	817.9196470219877	0.0	534.1748397790518	998.9688586465865	0.0	525.7278180087661	1035.4876666315545	0.0	524.518959103139	1289.1393299452895	0.0	493.0202673882007	1291.1199423189805	0.0	529.4793780182742	1035.2123294390262	0.0	587.0414837710142	539.3324228184786	0.0	589.0205830384704	439.96448933812377	0.0	590.9748617294913	496.0193326313723	0.0	686.0326169933612	560.965908855752	0.0	729.3064835807771	683.3855444459466	0.0	753.0092114336842	822.1756800330849	0.0	487.26303113457533	563.8142112905794	0.0	432.8869849780847	710.7599873914289	0.0	448.87466979872977	718.7241144725635	0.0
116	3.875638051044084	586.5965509041475	813.5320004154046	0.0	643.4540713034019	821.6516343212486	0.0	632.0247463058888	1056.459054652924	0.0	607.587131922992	1263.4355151870354	0.0	586.6989097167425	1289.876763152626	0.0	626.3816149710638	1298.309172277048	0.0	598.6015083193417	1293.022250187719	0.0	534.3878918746925	818.5056074263267	0.0	533.1467949744665	999.8403444248329	0.0	524.4009082141376	1096.2039951150355	0.0	520.7807685929589	1293.2798986088449	0.0	489.5638126606817	1298.4091954124558	0.0	528.0192064120866	1107.7408040775035	0.0	589.3843231967037	539.1877893884266	0.0	590.8580198603123	440.33147948691095	0.0	591.6967277124429	496.44593328734766	0.0	688.6602226246632	561.2499722622757	0.0	733.7193968876347	683.1427201550952	0.0	756.2147289332268	821.0314310725557	0.0	490.04722446734814	563.9300739830323	0.0	435.66194499329146	707.7215029462792	0.0	448.89921982059667	719.3865262651418	0.0
117	3.909048723897912	587.994121520137	813.2691952385567	0.0	644.2205170905356	821.0903684595366	0.0	632.1933262710829	1060.8135443796796	0.0	607.0079630025875	1263.4466799659922	0.0	586.669364719958	1290.3971273952886	0.0	624.4773250859479	1298.357091154282	0.0	597.969698695102	1293.1343413801942	0.0	535.5974021270754	818.616075681568	0.0	531.8014909664764	1001.7046068614308	0.0	522.6753447099965	1174.320244483008	0.0	517.8224564927767	1293.187244887343	0.0	487.82635437427905	1298.849224990008	0.0	526.7460519261215	1200.1035680152618	0.0	591.602468068628	539.2736683886362	0.0	593.5115254635081	441.1080170266134	0.0	593.4395883529403	496.76063857246544	0.0	691.7441885899283	561.1920092434151	0.0	738.1431573319442	683.4440121215184	0.0	757.2135401193516	821.012718049779	0.0	493.15239045107853	563.6343027515379	0.0	438.227930440214	707.364600305613	0.0	451.01650318186717	720.5450257910792	0.0
118	3.9424593967517403	588.8687039105379	812.4964660235148	0.0	644.2255905952529	820.3361332679482	0.0	632.1118853640024	1061.8492826835895	0.0	606.8918815845925	1261.615726729184	0.0	586.5810269378059	1291.1264772277514	0.0	621.9587053240599	1298.3642363595604	0.0	598.4238228100565	1293.1787025120307	0.0	535.6434706111154	817.8913151397239	0.0	530.3356640795893	1001.2058484264644	0.0	520.5657167952044	1226.5478338671019	0.0	516.1091832219372	1296.0909737926509	0.0	488.020139216408	1299.0832199028514	0.0	525.5018026209514	1262.067400629212	0.0	593.9815893722035	539.5121075054135	0.0	596.5975938179108	441.4039351095156	0.0	596.5076480262339	497.20390667854423	0.0	694.9564879805829	560.8670868548086	0.0	741.9843342472908	683.0683954773451	0.0	756.2798839472803	820.8542746971573	0.0	495.75387845654114	562.8299471207692	0.0	440.80177770458823	707.5735231020109	0.0	455.41887562344283	722.0755699536752	0.0
119	3.975870069605569	590.0703289258353	812.0778996011317	0.0	644.5666392407012	819.3393400792215	0.0	631.9633289410577	1060.7745687993051	0.0	607.1017473339	1259.5827822372567	0.0	585.788076626492	1291.5839733553455	0.0	619.1805241542954	1298.3948115987412	0.0	599.6053697953897	1293.207412345733	0.0	536.0007621178028	817.3229801138448	0.0	529.1387245963804	998.3918896888265	0.0	518.8189305313481	1237.1749926489276	0.0	515.2180639343119	1301.1992943030816	0.0	489.7218298247491	1302.4208142627167	0.0	524.357188845631	1275.9231802862068	0.0	596.4909592553327	539.6918007127833	0.0	599.2722153694848	441.3332142211088	0.0	600.0098614033242	498.50263636217414	0.0	697.610338660006	560.8092792662725	0.0	745.949344899035	681.9535673377105	0.0	755.205820745498	820.1960199468581	0.0	497.6111925291125	562.3707439638777	0.0	443.6566319179261	706.5728780625133	0.0	459.1336106751933	723.4192206629675	0.0
120	4.0092807424593975	591.5626627507103	812.3873164039721	0.0	645.8323098203144	818.6714705686043	0.0	631.9344429210399	1060.218484748834	0.0	607.3584556949534	1258.7031878718522	0.0	584.5709755745557	1291.1016836330245	0.0	617.244851820921	1298.46358415018	0.0	600.5883207582458	1293.2641766792976	0.0	537.6679765709988	817.5079135740325	0.0	528.5212445680917	994.7634934871243	0.0	517.9243088666196	1228.5116240100285	0.0	515.6528941910541	1299.4160704159767	0.0	492.30908871225444	1301.5777074813388	0.0	523.7438856089776	1267.4849069650365	0.0	598.6594492064146	539.6543115674629	0.0	600.7592812793529	441.99193285002895	0.0	602.5642426642772	499.754612635915	0.0	699.4003122957735	561.3964936134505	0.0	750.2098036818518	681.4058266329935	0.0	754.8420787605008	819.5172052895152	0.0	499.52330518813034	562.4091068595043	0.0	446.42234177294586	705.8092127109711	0.0	461.3574068320023	723.9006038264529	0.0
121	4.042691415313225	592.828710281146	812.7373256087302	0.0	647.4529476779385	818.8848242489835	0.0	631.8640172764568	1060.0620142491905	0.0	607.5065687197986	1258.806354299177	0.0	583.6833245930815	1289.94509898679	0.0	617.0043544620755	1298.6057992949143	0.0	601.1824099209919	1293.209159768491	0.0	539.6866113530325	817.8619798814779	0.0	528.4471401288764	990.9101480111294	0.0	517.7802201061472	1221.0276068008527	0.0	516.8948492543941	1290.3004756008145	0.0	493.93156966605073	1293.850003616999	0.0	523.6064481921594	1259.4335108066098	0.0	600.2739371478161	539.5258926666204	0.0	601.0368501707006	443.36554851190994	0.0	603.5402723047198	499.8598631395727	0.0	700.624373294751	562.3639446434437	0.0	753.4822438530474	682.6033708397006	0.0	754.6917605649221	818.760020642813	0.0	502.1616275822161	562.1429668903637	0.0	448.881575609374	706.2846344944195	0.0	463.8025572453953	723.1391385971745	0.0
122	4.076102088167054	594.079782982172	812.2101768360392	0.0	648.728982001357	819.2651757357416	0.0	631.5798150776293	1059.0234910448457	0.0	607.6960365240055	1259.754128842664	0.0	584.1770008221075	1289.0343198571004	0.0	618.3924354482132	1298.772702643032	0.0	601.6884147899962	1292.880660078558	0.0	540.9568321561502	817.6413414871889	0.0	528.5974454642458	986.841042492797	0.0	518.4103594355485	1217.1383052829617	0.0	517.6019440492616	1280.1798611947293	0.0	494.07443985044097	1285.1184043196438	0.0	523.9626421135989	1254.7069718420682	0.0	601.5834871109968	539.4689372950644	0.0	600.8404605739632	444.12068826771286	0.0	603.9127185037881	499.7412750732598	0.0	701.7619794312161	562.9682809388647	0.0	754.8521540049455	684.8844732122355	0.0	754.1128081229925	817.6066606990735	0.0	505.01413321690836	561.4668795899123	0.0	451.25246281228675	706.8508965273871	0.0	466.99667964939994	721.283686654714	0.0
123	4.109512761020882	595.49202928233	811.1106971353721	0.0	649.48825330805	818.8788657290553	0.0	631.2818078269383	1057.500698621872	0.0	607.886066534269	1261.4438490666112	0.0	586.5688838876126	1288.8639344348808	0.0	620.1004721964295	1298.752429863256	0.0	601.840736565243	1292.3476926560572	0.0	541.5919705126886	817.1422756891676	0.0	528.8252422147018	983.3086558181883	0.0	519.8973824091972	1212.5053296654685	0.0	517.7367517397146	1270.958628055325	0.0	494.6056145519229	1279.070399203203	0.0	525.2151018693825	1249.7051195304834	0.0	602.8356299737834	539.4412297169382	0.0	600.950554989649	443.93173591638435	0.0	604.9227639369732	500.2549429378253	0.0	702.7241289863789	562.9517052499577	0.0	755.1851141268719	686.896717151321	0.0	752.9890585604173	816.3177780408679	0.0	507.1228239050482	561.1421406699666	0.0	453.2154312545529	706.5941856078564	0.0	469.61169413957083	719.5333749325525	0.0
124	4.14292343387471	596.3807523174127	810.7454792451011	0.0	649.9394400071482	818.0856724691039	0.0	631.3810428533113	1056.843731333117	0.0	607.6592977435189	1262.8533771820694	0.0	589.3600551609828	1289.1891199480244	0.0	620.8641478483655	1298.4815696024968	0.0	601.2689801550821	1291.8909702766093	0.0	541.9849161361291	817.0892689194086	0.0	529.5561992637345	981.6437381647833	0.0	521.6909067909324	1206.4170709216419	0.0	518.1576485350624	1261.6128976084274	0.0	496.363574732202	1273.4809336701046	0.0	527.1223111633707	1243.6293503597774	0.0	604.0120639408937	539.3154714593579	0.0	601.6532377896883	444.0521590214291	0.0	606.320087499154	500.21196067258643	0.0	703.1776835608757	562.8849294159074	0.0	755.822493667376	688.8168503953033	0.0	751.4843272856414	815.4643972434176	0.0	508.6054895688423	561.0556183917089	0.0	454.10786634303355	705.7972513816147	0.0	470.9971627126231	718.8657454846948	0.0
125	4.176334106728539	596.441131885683	811.5675245326381	0.0	650.4203923701496	817.7345685405112	0.0	631.9767077893258	1057.2831432028952	0.0	607.2044845399552	1263.1160278231407	0.0	590.6010477671406	1289.4020293593649	0.0	620.9718486908804	1298.196195962065	0.0	600.4843495813584	1291.8338824663836	0.0	542.3715734700229	817.5835389986956	0.0	531.1283352373996	982.0878798710824	0.0	523.1399969907189	1202.2795607900553	0.0	519.0218092482644	1254.8308625521702	0.0	498.2286646779365	1267.8357611449333	0.0	528.8457205138587	1238.759152334659	0.0	604.882793364889	539.2084659000309	0.0	602.4036452003423	445.02905244389467	0.0	607.136087022616	498.97899951572117	0.0	703.2650500479741	563.4792698508644	0.0	756.9611811329801	691.8820866266927	0.0	749.9798734244126	815.2514327595392	0.0	510.13223950630663	560.485027957803	0.0	454.1698029289589	705.214922159485	0.0	471.9487345210136	718.7524300748257	0.0
126	4.209744779582367	596.5005723261233	812.5153500469376	0.0	651.0491321791925	817.7312862340481	0.0	632.4567674119489	1057.8508272517422	0.0	607.2628588483575	1262.7432874541298	0.0	590.4868833224156	1288.8774506988123	0.0	621.4718539630301	1298.3571372960673	0.0	600.216905065919	1292.5110290972646	0.0	542.9226139647494	818.2313376414323	0.0	532.8990978196024	983.1930139301768	0.0	524.5320996972139	1200.9686831177717	0.0	519.544238902812	1253.6300899054686	0.0	499.28193262345087	1265.211036584352	0.0	530.3076406335024	1235.151445559819	0.0	605.2756816012254	539.5705459581563	0.0	602.1363150181043	446.0088610104099	0.0	607.1216110753194	498.2290080193135	0.0	703.2858936100891	564.7499522927196	0.0	757.9308148955085	696.2394612148933	0.0	749.0594566618356	815.4566514620924	0.0	511.3660277056803	559.752965491521	0.0	454.4419898478334	705.4550794400985	0.0	473.3205842102135	718.5527600892342	0.0
127	4.243155452436195	597.3703967354548	812.7339891142511	0.0	651.6764642838206	817.4795367363683	0.0	632.3926082932992	1057.621931713829	0.0	607.7996242895774	1262.5063379600906	0.0	590.143616749579	1287.5530392048415	0.0	622.5653973983686	1299.2941754980798	0.0	600.4970373914757	1293.8910272640333	0.0	543.6405079775518	818.5624576985134	0.0	534.0830080477053	983.5531252881269	0.0	526.2802496127409	1199.0072370116125	0.0	519.4915524761841	1255.988869730477	0.0	499.65192062868516	1265.9608343869686	0.0	532.0872005755369	1230.4133829709447	0.0	605.3276660379954	540.5437309840373	0.0	600.5076458788965	446.6039294720889	0.0	606.350623552486	499.16058250839785	0.0	703.1532214682378	565.9172203022142	0.0	758.2795004293968	700.6351272561546	0.0	748.5963484367961	815.6739734984598	0.0	511.8172038853729	559.7058819458783	0.0	455.58822414266297	706.2682587544716	0.0	475.18538031040595	717.6822648736465	0.0
128	4.276566125290024	598.8779876528134	812.8387745076708	0.0	652.1659873856461	817.2054610429836	0.0	632.4769822929749	1056.6321137255015	0.0	608.2231746598815	1262.4538898676021	0.0	589.8723716663183	1286.250001493319	0.0	623.2491343312583	1300.261468255212	0.0	600.9756757099534	1295.0222843061888	0.0	544.4703142673555	818.4278353531687	0.0	535.1831123093398	983.3668115730007	0.0	527.9665324984035	1194.2293358080565	0.0	520.3648261685968	1258.28126900645	0.0	500.356048836921	1266.8277328757117	0.0	533.8857319275677	1225.5900646830976	0.0	605.3669841441716	541.521523949929	0.0	598.5789267598932	447.3678504549822	0.0	605.0035276599781	500.7488908112954	0.0	702.7317206277525	566.6119909578429	0.0	758.1739467671749	704.0916255724402	0.0	747.863854257796	815.5330767610802	0.0	512.2185708020901	560.3224919327026	0.0	457.3545265791732	707.0193736824456	0.0	476.9522186253696	715.544102419942	0.0
129	4.309976798143852	600.1968291129933	813.5346444407465	0.0	652.4848878198562	817.6666353356219	0.0	633.0924942681819	1055.7586018442958	0.0	608.2869107788664	1262.5499565917348	0.0	589.9070677483815	1285.6494520342922	0.0	623.0511561249249	1300.0599107626686	0.0	601.3223718221568	1294.8539809562985	0.0	545.197400242853	818.4083235725217	0.0	537.2098558865397	983.5181178924676	0.0	529.2721787952385	1187.6136360744824	0.0	522.7736646531146	1257.9776158535985	0.0	502.03685938819467	1264.5998050227713	0.0	534.8794944602507	1221.9523072571885	0.0	605.6129295235073	541.8801229117547	0.0	597.5287166771055	448.4062743236757	0.0	603.8353347567206	501.781089991186	0.0	702.2767861240789	567.4759885590612	0.0	758.0016268625377	706.8801107291421	0.0	746.7979600566983	815.3743593746162	0.0	513.4254731447409	560.8756504019177	0.0	458.92040763052916	707.550923185141	0.0	477.7772450043435	713.5030677108854	0.0
130	4.34338747099768	600.687828621203	814.4229940503546	0.0	652.7397314687412	818.9010624858398	0.0	633.2460452006907	1055.5238834077004	0.0	607.8523452732128	1262.8884124714425	0.0	590.7391707748916	1285.733300873071	0.0	623.5932404717412	1298.9299536955202	0.0	601.3838989658141	1293.6353458841072	0.0	545.3585913547342	819.3401605496675	0.0	539.8863589451468	983.9607863075477	0.0	530.5535528873402	1180.458580316148	0.0	524.4380042326691	1252.4033399154475	0.0	503.5528242026946	1257.8962829164336	0.0	535.6048406214801	1215.6005345516346	0.0	605.8875847376967	541.9248320821107	0.0	597.108389987711	449.136209799636	0.0	603.2897341981834	502.25792089469445	0.0	702.0904156382554	568.8087695050659	0.0	757.7774049264137	709.4303237981934	0.0	745.772533795372	815.9851482573301	0.0	514.966749269082	561.1296291257304	0.0	459.71442765926815	707.902592559099	0.0	477.3393902108448	714.0517007779192	0.0
131	4.3767981438515084	600.3253432248325	814.9393394863844	0.0	652.9921454850066	820.2958793467798	0.0	632.5236159980883	1055.4800838631015	0.0	606.9694017461263	1263.254830553682	0.0	592.4030128010431	1286.1552951536617	0.0	626.1780084515563	1298.0037781830117	0.0	601.3097185465692	1292.3871867931402	0.0	544.9024030281865	821.0674421921767	0.0	542.1746016526092	983.929648812669	0.0	532.1310028186423	1173.4414296360626	0.0	524.6138779673236	1242.20552893371	0.0	504.08562337587057	1248.5640725866683	0.0	537.2131335875268	1204.1963914655453	0.0	605.6097392623514	542.500019482734	0.0	596.3468151413492	449.58458851643684	0.0	602.5858692307905	502.62011303178184	0.0	701.9841947827473	570.0074192245575	0.0	757.2087487585743	711.2469315016929	0.0	744.5320323401806	817.1166042127097	0.0	515.5099712405986	561.8544198024164	0.0	459.90899882020483	708.1449648914466	0.0	476.2705131625243	717.3636620269957	0.0
132	4.410208816705337	599.738136084297	815.3589244974446	0.0	653.1166756379354	821.5806944903626	0.0	632.0739005096654	1055.2173078090477	0.0	606.3861144519018	1263.3271751832024	0.0	594.2738140798185	1286.1419052865447	0.0	628.7969303248921	1297.704884335524	0.0	601.2662714077164	1291.6577889146724	0.0	544.6924893768174	822.3711825411758	0.0	543.7572379207656	983.3221526887169	0.0	533.8627986566327	1166.9352153671462	0.0	526.7871128432794	1233.9120643546084	0.0	505.2452372526576	1241.1200210602628	0.0	539.0587042149925	1191.3094103753547	0.0	604.5227963669389	543.5978027981047	0.0	595.0952285843479	450.4243493099732	0.0	601.0821827085184	503.0986508165104	0.0	701.4807649220262	570.7422835877628	0.0	756.2361050297753	712.0408809646615	0.0	742.3863780966229	818.0836347245914	0.0	514.2624442050952	563.5820458448699	0.0	459.9661301161508	708.5876553752636	0.0	475.5365300791073	721.0203893823929	0.0
133	4.443619489559165	599.6949103790943	816.3887452439217	0.0	653.1372965704378	822.8500954558817	0.0	632.4650455355247	1054.9162636292128	0.0	606.5883282415169	1263.2175151355877	0.0	595.4029162975144	1285.4314768514525	0.0	629.0184641553316	1297.9950753986493	0.0	601.2946828789903	1291.4952296952993	0.0	545.4774869168939	822.7580333151269	0.0	544.9043934319698	982.9189000139105	0.0	535.6176261847962	1161.7470316521924	0.0	533.0651311813808	1232.2189704318	0.0	508.2489234470559	1238.2486145349194	0.0	539.7749491665318	1180.6967261883701	0.0	603.1181079537264	544.6060167481088	0.0	593.8583951672848	451.6435989471247	0.0	599.5481522876282	503.6857090364375	0.0	700.4248065663305	571.3898745813525	0.0	754.9843843670795	712.8493273461658	0.0	739.3713592826733	819.0729316556924	0.0	511.8105400636996	565.8026218322158	0.0	460.0327088066926	709.4644141804815	0.0	475.69400156628234	723.5025705708027	0.0
134	4.477030162412993	600.0609275070757	817.8155360551538	0.0	653.1887621325463	823.8112582994067	0.0	632.8575250923872	1054.2518236118187	0.0	606.9463962138278	1263.1456281176067	0.0	595.7396458917844	1284.9436184250173	0.0	627.9786457981329	1298.7368874332662	0.0	601.1522722731885	1291.7214569997286	0.0	546.6969651449605	823.3576515686801	0.0	545.8166290197836	983.5325141477012	0.0	537.5109628850731	1159.083340509171	0.0	540.052964065439	1234.1185226994419	0.0	511.6866944405302	1238.3498631536172	0.0	539.6378994701184	1173.928354258555	0.0	601.8072583994518	545.6214361016501	0.0	592.5349352373327	452.6767878028583	0.0	598.4585131962215	504.3854523604894	0.0	698.9535524940886	572.2668547911518	0.0	753.4617278433988	714.8061278425034	0.0	736.2235541939567	819.9598616091334	0.0	509.4978651267144	567.9705642327367	0.0	460.06027509658685	710.9566698424547	0.0	476.32393236580356	725.7938370431721	0.0
135	4.510440835266822	599.8252759495083	818.7572787611084	0.0	653.156952420817	824.24126780529	0.0	632.818445259793	1052.7806793456552	0.0	606.9259925126624	1262.895072402381	0.0	596.2551709494913	1284.8956752201184	0.0	627.8688341314312	1299.3843949281493	0.0	600.4412091697394	1291.8775446898032	0.0	547.3320623133378	825.0410932095809	0.0	546.4500898470956	985.3048461563367	0.0	539.235542140541	1158.4897501416624	0.0	543.8050956972863	1235.5484081152642	0.0	514.004006046206	1238.7757630555798	0.0	539.4846612805283	1172.2374775330156	0.0	600.5499435458215	546.6765137376765	0.0	590.7009268185849	453.23362525635	0.0	596.9395215293272	505.33848981393254	0.0	697.3860480889676	573.2084730866502	0.0	751.7743803231128	717.6318540635474	0.0	733.1613897914514	820.0099518747556	0.0	508.0247807461364	569.8563291516042	0.0	459.955128902283	713.3727573428296	0.0	476.47465760286894	728.7462726852705	0.0
136	4.54385150812065	598.5458269446141	819.4058428116734	0.0	652.8925067178586	824.7654878292703	0.0	632.7477998258122	1051.5128239133596	0.0	606.7556661091124	1262.1824695022174	0.0	597.0999925242887	1284.5686890982895	0.0	628.5200007015709	1299.5641865582777	0.0	599.5984486396551	1291.3656206926019	0.0	547.2710549413732	826.7982177586659	0.0	546.722948075228	987.2578636590038	0.0	540.0805495664412	1158.4439075817402	0.0	544.5711238931614	1236.2711023101886	0.0	515.0284825889368	1238.726858642202	0.0	539.4188094876795	1174.6733412103104	0.0	599.5488574496079	547.1015791733802	0.0	588.8544590416935	453.3139560220606	0.0	594.8128869901988	506.40897014937775	0.0	696.2588537877631	574.0897178595345	0.0	750.1124660515915	720.0541608511293	0.0	729.6704532576052	819.5239486124899	0.0	507.07184261413613	571.4181638930107	0.0	459.3876686689544	716.2334712476073	0.0	476.42992578001343	731.4397259428865	0.0
137	4.577262180974478	597.0483999197305	820.3243007513198	0.0	652.413134523883	825.6835794763311	0.0	632.6425912584133	1051.353858034991	0.0	606.5985765435045	1260.9968206688586	0.0	597.7172980260093	1284.2806098061735	0.0	628.9809494552368	1299.6291034540357	0.0	599.4091950828226	1290.1624810745625	0.0	546.8701012632619	827.2809220954189	0.0	546.8116594583732	988.7263132215618	0.0	539.7826684222775	1160.1238866837946	0.0	543.7599315492539	1236.3064103785996	0.0	514.726344794092	1238.4266024212156	0.0	539.5359051054631	1179.7804625367232	0.0	598.8707952624395	547.1940457367741	0.0	587.3557554937048	453.2042808420476	0.0	592.957932755677	507.2420774209321	0.0	695.5513104772836	575.2165369546125	0.0	748.1838509934076	721.2050895317677	0.0	725.8068406998357	819.5548596187973	0.0	505.9394905551346	573.1118315564851	0.0	458.13422137133153	718.5156792301572	0.0	477.0212414361852	732.7769412864482	0.0
138	4.610672853828307	596.2325361978095	821.1097854556836	0.0	651.7020971047443	826.2420448885889	0.0	632.166873621522	1051.2947024952423	0.0	606.4860432421427	1259.6150008230354	0.0	598.0316738070305	1284.7837060228114	0.0	629.2546242716103	1299.9301143771684	0.0	599.5195523982217	1289.2873042229146	0.0	546.1465961449147	826.8267348388122	0.0	546.9504077567342	991.0683138077302	0.0	538.482822647359	1166.3184467172255	0.0	541.3491793677093	1234.93996491906	0.0	513.0851555287495	1238.185056607115	0.0	539.8161693876452	1189.6529812966096	0.0	597.6299097411418	548.3690116900351	0.0	585.2234069546463	453.317651096615	0.0	591.3406414345075	508.1062691086835	0.0	694.3686533560029	576.6614515793381	0.0	745.4876254824728	721.2930871931821	0.0	722.7989169388954	820.2430880773254	0.0	504.2820058393305	575.2659049685333	0.0	456.49425561361574	720.1622631804713	0.0	477.06156788368213	733.29920178653	0.0
139	4.6440835266821345	595.7760062269197	821.5205892091226	0.0	650.7725123474166	826.161420058757	0.0	631.604922242723	1050.3546020651509	0.0	606.6270755651689	1258.596866234845	0.0	597.9083588625546	1285.6661328508135	0.0	629.4384003333926	1300.1047862916034	0.0	599.2840030121047	1289.4092165508316	0.0	545.1265035159535	826.6703088806494	0.0	547.0414672875248	995.2182866729872	0.0	536.3594836818373	1175.764392648769	0.0	538.2114525620585	1232.8181185535675	0.0	510.99012166323536	1238.5397201105918	0.0	539.5080620401117	1203.6321511586657	0.0	595.2193832517061	550.873923294374	0.0	582.0100063369902	454.0099115076519	0.0	589.1361659937069	509.76775427718025	0.0	692.099551470298	577.7277836562411	0.0	742.3525406176865	721.0317825653368	0.0	721.0908493726682	820.8739968597082	0.0	502.2768179702162	577.4785684508539	0.0	454.7236317680214	721.5073430970969	0.0	474.7567356447166	734.9139650356663	0.0
140	4.677494199535963	594.6437059498105	821.78486716644	0.0	649.6781074670814	825.8737425386278	0.0	631.5918272725967	1049.2132091509254	0.0	606.9180440892537	1258.223978555656	0.0	597.251894090163	1286.0239879682467	0.0	629.2822674999618	1299.445140809346	0.0	598.9565035555186	1289.6102877715696	0.0	544.2161708144257	826.9521173263973	0.0	546.8758652140409	999.1727168433425	0.0	534.058842070144	1183.3512829595393	0.0	536.3902282287369	1231.4885709942282	0.0	509.76178935615343	1239.7081890215297	0.0	538.186810756517	1215.0212959977835	0.0	592.5391782176829	553.2284719517498	0.0	579.0540828448846	455.5355148012532	0.0	586.2691964473777	512.0407622404454	0.0	689.1631086972607	577.8393850436183	0.0	739.6208906397684	720.7237982332431	0.0	719.6016300603557	821.1189045417134	0.0	500.2274840949913	579.0396956294995	0.0	452.74936540634906	722.283444369873	0.0	471.19911358766353	738.6895131674709	0.0
141	4.710904872389792	592.7583977798796	821.6537901071816	0.0	648.3330762211683	825.2266494813697	0.0	631.9593537469043	1048.6182603793657	0.0	606.9603049340374	1258.2201514228475	0.0	596.9945311857771	1285.4940357496857	0.0	628.8942820677103	1297.991108952966	0.0	598.8762128036635	1289.2636495568036	0.0	543.884199301132	826.8076472585741	0.0	546.6693424895682	1000.6578835806745	0.0	532.6450372130234	1186.089924042166	0.0	536.8592357838701	1231.3484712848792	0.0	509.71744115275004	1240.783031366959	0.0	536.6470150047728	1219.6827202979673	0.0	590.5454219650507	554.2589803682856	0.0	577.3435484473099	457.394740717607	0.0	583.3548388512417	513.6543625597632	0.0	686.1268356553575	577.392748310563	0.0	737.3534998516969	720.6029831774796	0.0	717.8995366665617	821.2742513119837	0.0	498.35494698241496	579.6636201485053	0.0	450.93796285659727	722.5056532397299	0.0	469.0466293856681	743.7183870919065	0.0
142	4.74431554524362	591.1762267254497	821.0061350450228	0.0	646.9089303934645	824.2626831685459	0.0	631.6895780899447	1048.0888832159687	0.0	606.7592212228619	1258.408515092147	0.0	597.9464115293479	1284.5206508638898	0.0	628.7454095555216	1296.9662719073003	0.0	598.9141661356676	1289.1601779356135	0.0	543.9852493083544	826.1991904520935	0.0	546.5981381795542	1000.2413380439328	0.0	532.3664074999843	1185.6337321520498	0.0	539.1044858201531	1231.5904841009594	0.0	510.0310877523743	1240.8229949061947	0.0	535.6629895508673	1219.788659936321	0.0	588.7252165624392	554.3099785001916	0.0	575.7864984604499	458.5114407365694	0.0	580.6440906810305	513.9831171089423	0.0	682.8917846910614	577.0201978627872	0.0	734.9745347715423	721.095210500662	0.0	716.6390437745171	821.5111708052563	0.0	496.5576580423783	580.0667017475884	0.0	449.885342073777	722.7226829777311	0.0	468.17032547565424	749.4935177471242	0.0
143	4.777726218097448	590.3605461154955	820.3351070941951	0.0	645.865758448799	823.9805974939018	0.0	630.3974503064252	1047.1476924215488	0.0	606.603908375569	1258.7301980437967	0.0	598.865369292531	1284.1132918714848	0.0	628.9793797413838	1297.2853712614433	0.0	598.9294346326452	1289.5337902681922	0.0	543.7484511895948	826.0546325328986	0.0	546.227405138655	999.9826114474929	0.0	532.3144643349374	1185.5388678451545	0.0	541.5740987749921	1232.0570579207276	0.0	509.9804411695631	1240.4101468860713	0.0	535.0560588531049	1219.3820203810237	0.0	586.170673651559	554.234654109678	0.0	572.9299842039002	458.63579532422443	0.0	577.8734246262457	513.6300670492957	0.0	679.552059451626	576.8637440814356	0.0	732.505826150332	721.6469674906823	0.0	716.1119217491745	821.5345364692346	0.0	494.4353971768288	581.1582752652182	0.0	449.32709019568927	723.1175149642148	0.0	466.3751108112151	756.8394309534123	0.0
144	4.811136890951277	589.4535798072249	819.9403192307019	0.0	644.8333136606794	824.5855026668603	0.0	628.9716649723844	1046.3829941483862	0.0	606.5668938170485	1258.4729934323639	0.0	598.0878275466871	1284.5580846513224	0.0	629.3650152696629	1298.043053577035	0.0	598.9249607496849	1289.6342664750812	0.0	542.7102126003588	826.605794012516	0.0	545.3191819023021	1000.5957043260709	0.0	531.8048047785276	1186.8175347944284	0.0	542.7782452677561	1232.9839955331367	0.0	509.58389540694395	1240.4137247322763	0.0	534.4362039853049	1220.020072432989	0.0	583.1459760537447	554.4272255893596	0.0	569.2579102565052	458.3212179357912	0.0	574.7588717055688	513.2860422473155	0.0	676.8520780908651	577.0047766516478	0.0	730.7052383026057	721.0960264864085	0.0	715.9751859396218	821.0822598658426	0.0	491.9558159529008	582.6449944991375	0.0	448.3093277383535	723.5997429538277	0.0	463.82044269028546	763.1175963315953	0.0
145	4.844547563805105	587.5774806170832	819.7709537187152	0.0	642.6764675024052	825.1065942227522	0.0	628.1130453947725	1046.1400145054902	0.0	606.580685555044	1257.0977386503034	0.0	596.3821067196595	1284.9764667275776	0.0	629.6648472080207	1297.9927715643435	0.0	598.903351933116	1289.2235143387602	0.0	540.9337925263218	827.2485503315985	0.0	544.2323819740986	1001.2593407259911	0.0	531.0244384269307	1187.4377794003879	0.0	542.7888751693152	1233.432768727851	0.0	509.23594559175433	1240.192382409735	0.0	533.6873724031053	1220.4431803363973	0.0	580.4855550823056	554.9226197690624	0.0	566.1645792480798	457.9186757417171	0.0	571.3427048849172	513.219381888626	0.0	674.7577051681675	577.4419169194849	0.0	729.7729567445622	719.5183626583129	0.0	716.1769580587595	820.377275485809	0.0	489.5219963413084	583.8127440025243	0.0	446.0658112690024	724.4297969867504	0.0	462.30971687558775	762.9380489054978	0.0
146	4.877958236658933	585.1357553283032	819.8121280157204	0.0	639.4066363401245	825.0294304587572	0.0	627.5498041080817	1045.2899390054426	0.0	606.6411115772981	1255.666244989018	0.0	595.4590548395181	1284.7874766797595	0.0	629.7690625206901	1297.5563952432735	0.0	598.8303078324788	1288.8510170470165	0.0	538.6667432059222	827.7264644484706	0.0	543.2948229610992	1001.4725884643758	0.0	530.3572995588879	1186.786250472552	0.0	542.5502065896096	1232.0864904119396	0.0	509.0529661274877	1238.72026288054	0.0	532.7676413916317	1219.968629624814	0.0	578.210023933581	555.5846228323804	0.0	563.5418499276547	457.6695397372707	0.0	568.039834235688	513.5890273576653	0.0	672.2705788719146	577.6764063259494	0.0	728.5788316296549	717.9653363750093	0.0	717.0139899106618	819.755907142358	0.0	487.54625974697393	584.8736014501227	0.0	442.7857161765179	725.8521678991344	0.0	461.4228197534552	757.4688052212357	0.0
147	4.9113689095127615	583.1020233324581	819.9233762867074	0.0	636.5128449991428	824.5092567019857	0.0	627.0583867827698	1043.076001574517	0.0	606.70296065498	1255.6942434653945	0.0	594.8021958956612	1284.6461537779899	0.0	629.5462500562925	1297.5959225132308	0.0	598.7206319376131	1289.111983194453	0.0	536.3868061535093	828.0410945481342	0.0	542.4210556656132	1001.5389752838034	0.0	529.967961633037	1186.6979764222335	0.0	542.3843342669961	1229.3544263357396	0.0	508.768912022589	1236.464183141679	0.0	531.8104122564304	1219.6344832270063	0.0	575.7741706768217	556.3228551943164	0.0	560.6565619122074	457.95905392653646	0.0	565.2622547390023	514.2119767144616	0.0	669.2872904016353	577.5275830527371	0.0	726.1054649139908	716.8964391815385	0.0	717.9274074546174	819.3625445985065	0.0	486.096255471749	586.1227511865653	0.0	439.58009907608937	727.0946715379697	0.0	459.7637281022387	752.830616627372	0.0
148	4.94477958236659	581.4998572812785	819.8142028591178	0.0	634.826208208145	823.7964459562785	0.0	626.7256825084241	1040.7583324156528	0.0	606.5720674646735	1257.0582758232767	0.0	592.3941187590401	1285.5074545572197	0.0	628.8814251845316	1298.0461139140555	0.0	598.8090227637379	1289.9180022084136	0.0	534.5839457079177	827.7292797291758	0.0	541.1384764020414	1001.1264384452214	0.0	529.7009802293294	1188.1496217690687	0.0	542.1448567200249	1226.77017497041	0.0	508.3776548803416	1234.4022879650024	0.0	531.2145858109333	1219.933508916097	0.0	572.9958777044685	557.2376090381703	0.0	558.0815166910769	458.8195843539532	0.0	563.0581006026997	514.5180895352314	0.0	666.6347799003134	577.5287176177414	0.0	722.844186717728	715.9491148615389	0.0	717.8518336394014	819.2664078269369	0.0	484.49818622770175	587.4079243781111	0.0	437.0866495331051	727.0905978667156	0.0	457.94450905650666	747.8534875483507	0.0
149	4.978190255220418	579.7031673941395	819.4934654159723	0.0	633.4904649725413	823.2763040614086	0.0	626.3250747385879	1039.305754179773	0.0	606.1862063500736	1258.0073829834876	0.0	588.5095691855287	1287.2773815107857	0.0	628.0535455722857	1298.8324295698865	0.0	599.3484810567822	1290.6118500610696	0.0	533.2854594283322	826.5451302891981	0.0	539.267930577513	999.8557523150828	0.0	529.3621905151864	1190.255964775484	0.0	541.8603976712033	1224.5174271245548	0.0	508.2176983342378	1232.5757039489076	0.0	531.2017607501933	1220.5272429830075	0.0	570.0980601474441	558.2949818216888	0.0	556.1311879605457	459.6515633834581	0.0	560.8116332823386	514.4260866804029	0.0	664.4340047758398	577.7599019663829	0.0	719.5744130894459	714.8009595406847	0.0	716.717160716912	819.1630240806734	0.0	482.0334163451117	589.0189031648563	0.0	435.3204751257524	726.8089143585435	0.0	456.86006806491804	739.2240369916784	0.0
150	5.011600928074246	577.7002875527058	819.2261751593752	0.0	631.5275153518251	823.3335471593634	0.0	625.5508019579353	1037.7875439318884	0.0	605.8128630929821	1256.840928305685	0.0	586.716378814597	1289.0878265262288	0.0	627.445918824987	1299.8603204437848	0.0	599.7997284189304	1290.3944462158393	0.0	531.8598142806302	825.3866269528475	0.0	537.3191619783165	998.7996875428207	0.0	529.0049731533513	1191.705573239137	0.0	541.6576674954501	1222.628201958413	0.0	508.3212590780011	1231.763037161114	0.0	531.4149943330693	1221.9870177028963	0.0	567.3035102280236	559.152389631927	0.0	553.4042503499301	459.72207557773476	0.0	557.4812062155473	514.478908657536	0.0	662.2484713167369	577.7617639631511	0.0	716.4271444458321	713.6437683994501	0.0	715.3611070931538	818.5428737990508	0.0	478.9695130872604	591.0326283736888	0.0	434.5170127208226	728.2204361970684	0.0	456.076622543464	736.8382915921281	0.0
151	5.045011600928075	576.0573791842893	819.148886629492	0.0	629.0520183536539	823.7887142052892	0.0	624.6502890724411	1035.784721231065	0.0	605.7133784558288	1253.5385939944936	0.0	589.1521016465952	1289.7774894585393	0.0	627.0684224212908	1299.7198211120274	0.0	599.1246413306875	1288.4504413971367	0.0	529.7160413683881	825.2439425059054	0.0	535.7308122493265	998.4640790254467	0.0	528.5464463675171	1192.1103799705966	0.0	541.5168325820348	1223.0949379633948	0.0	508.3629188282514	1233.5770559209238	0.0	531.2334764847529	1224.7544359449867	0.0	564.6636972181922	559.5497550934035	0.0	549.0649034425439	459.01275091974645	0.0	552.9436640880779	514.8375071371531	0.0	659.9942102561838	577.5393253863492	0.0	713.8049521563262	712.8035884070689	0.0	714.5744830020722	817.5861858591799	0.0	476.12333478130483	592.5169971539398	0.0	434.1378331067986	730.5538955432011	0.0	455.2851933877497	752.540417155207	0.0
152	5.078422273781903	574.9533310784406	819.1645697006991	0.0	626.7193803677968	823.6984662032171	0.0	624.1326697325825	1034.3621490395249	0.0	605.9300772525614	1249.5383896585977	0.0	593.095624913533	1287.7379884791978	0.0	626.8603697175706	1296.606695028828	0.0	597.659450549543	1284.815322004591	0.0	527.4386512644134	825.5445448276375	0.0	534.5463280049362	997.8519374718603	0.0	527.902995633968	1191.9902035793436	0.0	541.438180385766	1226.9392035378814	0.0	508.13798414508005	1236.9725584718847	0.0	530.592807260836	1227.079876365863	0.0	562.2295608118314	559.6162761346397	0.0	544.4561922070725	458.35634503757336	0.0	548.4875635696087	515.0663521354309	0.0	657.6742163323614	577.4302924770582	0.0	712.2052769498208	712.3417245849349	0.0	714.5255680582096	817.2114411389454	0.0	474.0459829231748	592.9203179423338	0.0	432.65537413803054	731.2262627928819	0.0	454.19344786124003	778.5645746539058	0.0
153	5.111832946635731	574.0255797315007	818.9294173993256	0.0	625.1551184285647	822.3570000285044	0.0	624.0709476155671	1033.655583289599	0.0	606.4078023615292	1245.3017848184174	0.0	594.8227092834801	1283.4914177743276	0.0	626.897797888278	1291.7078730584726	0.0	596.9125048088084	1280.5446267794212	0.0	526.1302830060455	824.9708641914089	0.0	533.7834461808961	997.2643455345132	0.0	527.493486179176	1191.7629858008254	0.0	541.733776362029	1231.6673932773192	0.0	507.73980280027695	1239.2005558481274	0.0	530.2502655213818	1227.6520033447266	0.0	560.1145464475285	559.6215286220609	0.0	540.947035533943	458.3162852613792	0.0	544.9385598630059	514.9147749479588	0.0	655.3049376647657	577.622160544372	0.0	711.3675585018677	712.0640389708116	0.0	714.8824673422864	817.9942853091031	0.0	472.5945177731279	592.7565806660557	0.0	429.7990245225906	730.2123382323048	0.0	452.19742152696574	795.2057966668048	0.0
154	5.14524361948956	572.7783622728541	818.4135414234617	0.0	624.5022414240235	820.5295379887305	0.0	624.300809505574	1032.201272932901	0.0	606.8341977976654	1239.7644209162167	0.0	594.2100670588671	1280.4346665476012	0.0	627.2007211978022	1288.8754444380365	0.0	597.1375534403699	1276.4049418418656	0.0	525.5350286498141	823.6351879002441	0.0	533.3468436239932	998.1650433146842	0.0	527.5799041801162	1191.4784011498837	0.0	542.5730698054242	1234.4680732200325	0.0	507.2228910463127	1240.4834613673997	0.0	530.6657872187226	1228.5634802518202	0.0	558.2121176388931	559.6269818626502	0.0	538.0736533755339	458.55805601714945	0.0	541.3425029041811	514.8072454415204	0.0	653.1337736927181	578.1773981092696	0.0	710.7360129495619	711.3832558085406	0.0	715.4063782118056	819.227602819165	0.0	471.05635509672265	592.5879078099721	0.0	427.159555003987	729.7235895251544	0.0	450.0693851032289	793.4148724558087	0.0
155	5.178654292343388	570.8955577611534	818.151217291487	0.0	623.8546284259538	819.5749541590748	0.0	624.8628854986786	1028.980199084559	0.0	606.95171304447	1232.3650804670203	0.0	593.1062453062901	1279.9609329773211	0.0	627.3578726399192	1288.7080890201282	0.0	597.4550350324581	1271.1087759459413	0.0	524.4212508858552	822.7535198662508	0.0	533.0478739973611	1000.1715356756607	0.0	527.7900142296995	1191.3474847978948	0.0	543.2155432368857	1235.3271025730237	0.0	506.54272705280556	1242.6744017313783	0.0	531.3385232925085	1232.2585580986888	0.0	556.2241765319931	559.5444616202084	0.0	535.0261641341662	458.68263974928925	0.0	536.7547648619214	515.3324359429134	0.0	651.0659827651257	578.9024445648486	0.0	710.036826892898	709.6609788079973	0.0	715.8394464830544	819.6709483294653	0.0	469.1890471500248	592.5369714676881	0.0	425.85934219072203	730.2540980783457	0.0	449.3965360112841	781.0456708676251	0.0
156	5.212064965197216	568.9259720288651	818.1757563712197	0.0	622.1946828572683	819.280406588847	0.0	625.798251794112	1024.6478987052126	0.0	607.5871464208968	1222.5843556669354	0.0	592.1875453754155	1280.935993429179	0.0	626.6623473149328	1287.308317358249	0.0	597.7755864455042	1260.629256353239	0.0	522.6766655032757	822.6126191542073	0.0	532.9646524157497	1001.5562299506051	0.0	527.9643424679974	1192.3272368630892	0.0	542.990157491386	1235.8292829698628	0.0	506.6064440316693	1244.888387580995	0.0	532.1789225062861	1237.5820739115354	0.0	554.1590747281115	559.3731481536474	0.0	532.1299288195195	458.59732623571904	0.0	532.0164057371338	516.122149351155	0.0	648.6724850194189	579.3939238492856	0.0	709.2442498465275	707.4019100742227	0.0	715.7516708245505	819.2082119718713	0.0	467.57412914958263	592.4877868481939	0.0	425.2203635730333	730.3903246653026	0.0	450.04892812216707	771.8157557113205	0.0
157	5.245475638051045	568.0378877046317	817.9088826038328	0.0	620.1446172269771	818.378634357038	0.0	626.9382887035928	1020.525917080404	0.0	609.7520595695478	1209.2348827386315	0.0	591.7663361520622	1282.8372535971187	0.0	625.5566711254164	1282.7008179372206	0.0	598.6688997118381	1243.03752839682	0.0	521.326403023979	822.3648406065282	0.0	533.2462924996619	1001.8018464604829	0.0	528.2964169603526	1195.236954351265	0.0	542.4940825515343	1236.8987150877113	0.0	508.3570956458187	1245.153707240432	0.0	533.6264595752893	1241.7206060860708	0.0	552.5261245908982	559.2789007165522	0.0	529.5787608551111	458.23621476063727	0.0	528.4124765066057	516.2802532427636	0.0	646.2509591144174	579.4035565684503	0.0	708.4942724264288	705.9198460234636	0.0	715.3078982468555	818.8406933282224	0.0	466.6384422536048	592.371232589872	0.0	424.4869409756167	729.5904623917891	0.0	450.4907310454724	771.4897338407401	0.0
158	5.2788863109048725	568.4437249922089	817.2726827079072	0.0	619.2920763576435	816.9627771999802	0.0	627.9681612216899	1016.864564380011	0.0	612.8626241556558	1193.3522471000167	0.0	592.8521308211775	1284.1225844523879	0.0	625.9840731285512	1276.859467504938	0.0	600.3950218424952	1223.496252958289	0.0	520.8151629814769	821.5197256949489	0.0	533.6476892170189	1001.5062810532683	0.0	528.6214606973491	1198.946766356101	0.0	542.3885412503093	1238.1634949283937	0.0	510.2277061428938	1244.1060763589442	0.0	535.0207456263747	1244.242575167438	0.0	551.6989164620616	559.4337422181289	0.0	526.5378236475749	457.92084708015585	0.0	525.741782558335	516.0573980349234	0.0	644.932795285794	578.9364755768739	0.0	708.0111738622408	705.4017622643713	0.0	715.2105115024066	819.0969927263319	0.0	466.14030522242956	592.3508089128094	0.0	424.4342347398968	728.7073715269755	0.0	449.9701992061683	775.3757074909954	0.0
159	5.312296983758701	569.0836510724291	816.6062479546832	0.0	619.8354237274164	816.0103510030488	0.0	628.6157567510091	1013.1024182894508	0.0	615.9472549280922	1179.244931821965	0.0	596.191259708885	1281.5371868942557	0.0	629.3111168948021	1270.634111303124	0.0	603.1403454682825	1209.171068352592	0.0	520.8488738824534	820.6353254773411	0.0	533.7309421400547	1001.1962196302594	0.0	528.6088466223134	1201.8222829951167	0.0	542.6086822002135	1238.9457877740874	0.0	510.2123330123055	1243.5822767438358	0.0	535.1479351878652	1246.3287025895288	0.0	551.1337220921457	559.7281008159172	0.0	522.756218957079	458.1441418466762	0.0	523.1745570441954	516.4935462835709	0.0	644.9611649732982	578.2478544360237	0.0	708.1288122081753	704.5112951985055	0.0	715.6017410080472	819.2282435577802	0.0	465.75526585519833	592.519190328762	0.0	425.8062222463246	728.7932484932794	0.0	448.99198889354676	776.6427687380402	0.0
160	5.34570765661253	569.2879641238196	816.0417182745042	0.0	620.6978306697715	815.3068260203975	0.0	628.8181372491343	1009.6832192733217	0.0	619.2363193116728	1170.9390922586242	0.0	601.6227057793204	1273.0869355030609	0.0	635.0106169503339	1262.118300485741	0.0	607.333469441448	1202.3194948076086	0.0	521.523546235062	820.3090924640212	0.0	533.4585982171677	1001.5478981599515	0.0	528.3816184394208	1203.6014262120773	0.0	543.142404248269	1239.269923030539	0.0	509.16240653281574	1243.827021263002	0.0	533.8580728105744	1247.513228353445	0.0	549.9229348440939	559.9022630300765	0.0	519.2514583914193	458.69019778681593	0.0	520.7547036182741	517.3965150415752	0.0	644.4974712747929	577.7143317715556	0.0	709.0953420129975	701.630539111317	0.0	715.9665016849608	817.9793610598743	0.0	465.4625137365728	592.7181512476039	0.0	427.5631501120426	730.1721940621452	0.0	448.1367779533067	771.1009693545167	0.0
161	5.379118329466357	569.839156082337	815.6789607207274	0.0	621.5919517120508	814.1937684800026	0.0	628.4393473744141	1007.558830549554	0.0	623.231392113588	1169.4513793777537	0.0	608.1079405200014	1260.450283185952	0.0	641.5493993935584	1251.5520505192949	0.0	612.9752074020374	1201.9801240122597	0.0	523.2326915886364	820.3625165183124	0.0	533.1949764203251	1003.2880528600759	0.0	528.4757712591685	1203.4342149297531	0.0	543.7676482710159	1239.7549301338474	0.0	508.9292748411657	1244.1182595491043	0.0	532.2326469567009	1245.8972929172335	0.0	548.2140638177057	559.9850767227281	0.0	516.1203465006474	459.0033569565046	0.0	518.4976589232166	517.6498329236548	0.0	642.0425409759602	577.4405637606321	0.0	710.8322262518891	696.6154492980622	0.0	716.0676182827166	814.6464438342123	0.0	465.45441396221196	592.8910882682862	0.0	428.6377401147577	731.8838304373146	0.0	447.2067601681831	759.5752826098903	0.0
162	5.412529002320186	571.7381713211541	815.6941123290895	0.0	623.2714288905249	813.2435183989768	0.0	627.1972721667458	1006.424674439001	0.0	627.9089904738845	1173.0777017712917	0.0	614.0809124780787	1248.4515821556065	0.0	647.4043861308281	1243.1777695687285	0.0	619.5888992661698	1206.6761423215696	0.0	525.820429679194	820.545720323861	0.0	533.2526729519257	1005.6666165305138	0.0	529.1074452560414	1200.5104611690085	0.0	543.1933473898183	1240.5302202953465	0.0	509.4535419194725	1244.2334220040295	0.0	531.5463575906207	1241.465098786587	0.0	547.100178430319	560.221834277493	0.0	511.502878563785	459.07849667634247	0.0	515.5073123313515	517.8714181822108	0.0	638.9913281193639	577.1577923360796	0.0	713.3836352297043	691.3190835669888	0.0	716.4345532861342	809.4625465109881	0.0	466.11468955494405	593.1251629484133	0.0	429.9365402908085	732.5569208813334	0.0	445.9719864768143	749.6447802963958	0.0
163	5.445939675174015	574.7458382926593	816.131614802716	0.0	625.9960455981732	813.6165730944573	0.0	625.4481977079511	1006.028681932146	0.0	633.0514954118717	1178.9042869628793	0.0	617.7026618964369	1239.394700588257	0.0	651.1577154437499	1238.4065146380785	0.0	627.2760013857136	1213.2882488074717	0.0	528.7604399933184	821.1727589616331	0.0	533.80854872521	1006.8633058505652	0.0	529.7444671430019	1196.9921707269855	0.0	539.9157754069092	1240.2243373509125	0.0	509.1991774668683	1244.0475146006913	0.0	531.9625695409195	1236.580902180048	0.0	546.9194121563842	560.6522749694544	0.0	504.44259768646106	459.43732277067954	0.0	511.29461798993134	519.8900250788096	0.0	637.3728065134663	576.7054057290997	0.0	717.0369062467582	687.0611627873074	0.0	717.2841571873549	803.2364124597793	0.0	467.7747191721158	593.4178916613008	0.0	432.75936453509934	732.2178804444367	0.0	445.1813214697287	747.2872580400814	0.0
164	5.479350348027842	577.9012434255217	816.8423594000755	0.0	628.9097078961578	815.6380929672475	0.0	624.2490166234293	1007.5342132463957	0.0	638.167227506126	1185.0629547690207	0.0	617.5280546561842	1231.1270472241815	0.0	652.238315793843	1233.240924397295	0.0	636.0149423985677	1218.5491742882728	0.0	531.8175035456995	822.5117864539491	0.0	534.8571398741584	1006.9432614037266	0.0	529.9691746385786	1195.4690539362525	0.0	534.6380956555462	1237.6487051638119	0.0	507.65004241037946	1242.96931173124	0.0	532.9704362640838	1232.7119023861605	0.0	546.9394449047204	561.0703026367546	0.0	497.1816106879716	460.55266545741387	0.0	506.9438420366855	523.5139408492473	0.0	637.1179157036796	576.3335052981465	0.0	721.6104522112682	683.2932740491075	0.0	717.3827742762379	796.7146982241732	0.0	470.4201796229123	593.7829580892735	0.0	436.8446493554564	732.0521145073152	0.0	445.8258123080099	750.5649649875496	0.0
165	5.512761020881671	580.7268906067001	817.3790368575781	0.0	631.2666708642673	818.1483136566252	0.0	624.0703833206093	1011.0865151563058	0.0	642.2976368211986	1191.0300817940126	0.0	614.7169086130635	1223.609472263303	0.0	652.2226511614407	1226.7944921178212	0.0	643.8412728474239	1221.8869635290669	0.0	534.9894471844381	823.9187786701359	0.0	535.9930316318699	1007.2542977403228	0.0	530.1383794687385	1195.7913693002063	0.0	530.1390155244981	1234.1766657391624	0.0	505.9447419262285	1241.0715329822651	0.0	534.4744948713462	1230.974863129748	0.0	547.0157307196124	561.4654826847416	0.0	492.50091569204153	462.41222776875867	0.0	503.8775506201846	527.2808256790073	0.0	637.3837812465334	576.1473465827517	0.0	726.272666560293	679.6373482782408	0.0	715.2269046169781	790.311000938226	0.0	473.68289432270245	594.2328786383539	0.0	441.4610920341123	732.3429996440121	0.0	448.1169808223231	754.8354112892026	0.0
166	5.5461716937354995	583.2872086572637	816.9901004064511	0.0	633.3658556006486	819.3009412026634	0.0	624.5432097706154	1014.5552414078128	0.0	644.5880681046548	1195.6930236382534	0.0	612.9779765798041	1219.5641297054497	0.0	653.1864515203449	1223.3569591809985	0.0	648.1000718438358	1224.098013550543	0.0	538.0349102590076	824.1332855220667	0.0	536.7845094263315	1006.8981964982825	0.0	530.6162591359653	1196.1999218218955	0.0	528.0394473533812	1231.3167508791762	0.0	504.7699090971543	1239.5014196633922	0.0	536.2016080457173	1234.0185465007999	0.0	548.098679807978	562.0402787349776	0.0	490.48134977376066	464.640281299761	0.0	501.9843075457662	531.4581967822355	0.0	638.5196689943461	576.04696469454	0.0	730.0626541673447	676.6306356253812	0.0	710.5632777727282	784.3019917794134	0.0	477.1347035469688	594.5215636493128	0.0	446.81437933795075	732.1563669670061	0.0	451.6553009486497	756.5958874597397	0.0
167	5.579582366589328	585.6930974195561	815.4343897842211	0.0	635.6823414400848	818.7526352475678	0.0	625.5924308083586	1016.3155696859088	0.0	645.0871922867634	1197.966851908467	0.0	613.7150071463784	1218.5732810255122	0.0	654.5644108466801	1224.0170177367902	0.0	648.6049317922754	1225.2496274834587	0.0	540.6418152425381	822.794273276817	0.0	537.4803451528204	1003.7650808218522	0.0	531.5875077357445	1194.7832242453392	0.0	527.9326385352431	1225.9369512646701	0.0	504.1191435541608	1237.7428010424053	0.0	537.4648361007204	1237.634250453152	0.0	550.9535036091213	562.5890901962932	0.0	489.781882445961	466.7532411437867	0.0	500.3202659228518	537.1292011369553	0.0	641.3868379091557	576.4100054155618	0.0	732.4471312903838	674.8880386553797	0.0	704.2920660988847	779.1660821534617	0.0	481.03480213384216	594.37508333358	0.0	453.2092292646605	731.0240738175913	0.0	456.0323886426887	755.2418783799919	0.0
168	5.612993039443156	588.262334957915	813.8119760707567	0.0	638.2486375142821	818.1635231156179	0.0	627.5551397238567	1016.8615947255561	0.0	644.7596800893008	1198.714737683197	0.0	614.1920915062249	1218.2661238464063	0.0	654.3617427820373	1225.5233551530368	0.0	647.6069422713822	1225.4204209685347	0.0	543.10964950036	821.1874013986798	0.0	539.0922516833273	998.2751172006033	0.0	533.593858820859	1191.147994378026	0.0	528.9147219074669	1214.073503714707	0.0	504.9887203581122	1232.1089550886973	0.0	538.3591279522839	1218.2071220927828	0.0	555.2615314661616	562.7104221997948	0.0	489.69157076351536	468.1796787773007	0.0	499.280185000562	543.1936868872181	0.0	645.6500564665113	577.4859081178639	0.0	733.5121629739765	675.1353153750955	0.0	697.9973715139018	774.9789327139042	0.0	486.4242088510678	593.7241099218026	0.0	460.3844808519525	729.4246914770547	0.0	461.47977817324136	754.2745473434439	0.0
169	5.646403712296984	591.6542744468935	813.3575526619948	0.0	641.2757570522642	818.8437180663601	0.0	630.1821986373342	1017.0680466955221	0.0	644.5887915228543	1199.185522358772	0.0	612.8374011410015	1218.1738238964413	0.0	652.4836394375023	1226.4236540912184	0.0	646.8091247157657	1225.4705464380686	0.0	546.2112670919558	820.6360645365041	0.0	542.2030948871169	993.310008224201	0.0	536.6639989847181	1187.246414335773	0.0	530.1498877885344	1200.943527444208	0.0	508.13472858240874	1221.1148562754938	0.0	539.8109173601326	1149.2808464284858	0.0	559.8261349971972	562.5609361610684	0.0	489.8918914374358	468.6380980880397	0.0	500.1299813421618	546.9781498112525	0.0	649.8333429037559	578.6311093300299	0.0	733.5723924981335	677.823727982714	0.0	692.9630899961751	770.605611914556	0.0	493.5899238049606	592.3541795983764	0.0	468.2552580574075	727.5767959646745	0.0	468.2349415563507	755.9506265702456	0.0
170	5.679814385150813	596.0828846413996	813.7298836319876	0.0	644.9601703698381	819.999689465978	0.0	632.5246117384125	1016.9350249549744	0.0	644.9329029266829	1199.2015035026227	0.0	611.5062469303311	1218.2835982802824	0.0	650.7116102516802	1227.4198483085804	0.0	646.3250241317155	1226.2644534871667	0.0	550.3432553037354	820.7118602348796	0.0	545.7029852473704	990.756058157082	0.0	539.6037710672456	1184.8444613671738	0.0	531.0894013574816	1195.9392134056093	0.0	511.9153871792367	1211.0552647338322	0.0	542.1985166561659	1048.5748147055774	0.0	563.5745282034961	562.640569158024	0.0	490.2236435836212	468.5014653268549	0.0	502.38079958141776	547.7452135050593	0.0	652.8988560839229	579.1449396662101	0.0	732.857087392921	682.2963961269843	0.0	689.0167061473608	765.7191886921332	0.0	501.17377534287976	590.0900952585336	0.0	476.8438993651337	725.151191258344	0.0	475.1345523658269	758.0520552292675	0.0
171	5.713225058004641	600.7935035031285	813.8635317086419	0.0	648.6314692785892	820.2348768270125	0.0	634.073530082034	1016.6090184612439	0.0	645.5968446356445	1198.7152234733048	0.0	610.9067645446157	1218.5129751581392	0.0	650.1372814739436	1228.3428461887772	0.0	646.1847486914957	1227.945637030396	0.0	555.0522772843043	820.184973264073	0.0	548.1106504451544	989.7689590311808	0.0	541.3978797045559	1184.0077812998973	0.0	531.765416279305	1198.9780065159343	0.0	514.2177430401782	1209.0053718231432	0.0	544.8099111724168	976.7557061438234	0.0	566.4870578443869	562.7698366206804	0.0	490.98269613638485	468.1474840387703	0.0	504.3497011019399	547.2035707454351	0.0	655.21186064934	578.9564635484264	0.0	731.4380389230083	687.5105167013426	0.0	684.8828214626762	763.1264834207717	0.0	507.7877694395257	587.4014614362792	0.0	485.8210133139736	722.2888450723989	0.0	481.1033799768787	757.8213654396487	0.0
172	5.746635730858469	604.9747493446088	813.4793485903651	0.0	651.7322439995503	819.6621172133249	0.0	635.204056608493	1016.7442023744977	0.0	646.0978574639203	1198.4832794301315	0.0	609.3957691925133	1219.8670142448955	0.0	648.8893617056336	1228.7131446780536	0.0	646.8653052119773	1229.692912128301	0.0	559.4950280858304	818.8977733251943	0.0	549.68705972817	989.007674539267	0.0	542.2053694503472	1184.51944020741	0.0	532.4057354338502	1203.6916622026079	0.0	515.1393001900043	1212.463624006024	0.0	546.4667968741578	978.7925032528589	0.0	569.3630198782206	561.7054465705413	0.0	492.8359645920289	467.28664125805443	0.0	506.1260573074631	546.8019288528717	0.0	657.89377022524	578.4239447388494	0.0	729.1871434521006	693.1610313350149	0.0	679.4824969878597	765.1681582040458	0.0	513.5004378394972	584.9041292535713	0.0	495.07402760596545	719.7116945776286	0.0	487.33192486012837	753.9166340233818	0.0
173	5.780046403712298	608.839743836139	812.7175631818989	0.0	654.9215223060827	819.0623626263637	0.0	636.1626930517245	1017.1651262772232	0.0	646.2023043379356	1198.6560657301811	0.0	606.6690955447216	1222.1940120669285	0.0	643.8538102853465	1228.5263506697788	0.0	648.3596929953223	1230.5017780995552	0.0	563.6576185375236	817.4550122779733	0.0	551.3716773131647	988.5706228857355	0.0	542.452938934277	1185.909044601859	0.0	532.6912277495416	1206.9986394402054	0.0	515.6530583020557	1214.2863028943113	0.0	546.7637922949087	1052.747759453192	0.0	572.824089438688	559.0796830878473	0.0	495.6895914953867	465.73941748823444	0.0	508.72005234279186	546.7007639730361	0.0	661.163585043335	578.0567224496028	0.0	726.0855616547884	698.9598467636223	0.0	673.0386472782604	767.8299152697239	0.0	519.1033827390303	582.6353543483053	0.0	504.64573956503705	717.696097287684	0.0	494.9335332538024	747.3820339737501	0.0
174	5.8134570765661255	613.3351594581698	811.6998097176928	0.0	658.4305829549528	818.6263976698395	0.0	636.4891803281341	1017.0024038787498	0.0	646.1550222059656	1198.7803509411815	0.0	604.9924749871407	1223.4111065206096	0.0	636.1077382611796	1227.6218992012111	0.0	649.9048387663828	1230.370103580257	0.0	568.3932941142572	816.2192665417024	0.0	552.7290797176934	989.0292514421095	0.0	542.13053106617	1186.6124236934047	0.0	531.431576355146	1209.0649098657514	0.0	515.2973661435458	1212.6148778700185	0.0	546.5536245432963	1150.654900218526	0.0	576.8625941068984	556.7034968870333	0.0	497.946040063574	464.1753606143626	0.0	511.49878025754595	546.8968852412352	0.0	664.0591410994224	578.3136363074955	0.0	722.2221003924966	703.982279111621	0.0	666.2596640130603	762.8071501167396	0.0	525.1270654563992	580.6252329717486	0.0	513.9090196257431	715.9647493578584	0.0	502.3720411040177	742.4395653396384	0.0
175	5.846867749419954	618.997728175349	810.9825294003988	0.0	661.3018717257083	818.6770334603704	0.0	635.8796890028564	1016.2587798572087	0.0	646.057707372709	1198.695949165461	0.0	605.9143638492978	1222.7840544229603	0.0	630.350808349238	1226.2595770559888	0.0	650.8511505845087	1229.906315090361	0.0	574.0434475417462	815.6228902273322	0.0	553.0239853695442	990.0877501961057	0.0	541.1681281841339	1186.1357216780127	0.0	527.7201191160185	1210.8701398092528	0.0	512.8615823604016	1210.6616611448812	0.0	546.5146731166903	1212.3729102299685	0.0	580.7855513733023	556.0363950804696	0.0	498.4422045050212	463.3136103930263	0.0	513.1807367679479	547.6613584588522	0.0	665.9193166332482	579.5300485345778	0.0	717.7473977185173	707.6826940923565	0.0	658.8509532489761	748.0730138226781	0.0	531.8185603294922	579.4910492239242	0.0	522.1482803679351	714.5466102674634	0.0	508.11486813925467	741.7950085229471	0.0
176	5.880278422273783	625.1362406558692	810.850606505969	0.0	663.4712705749131	819.429925544086	0.0	634.982629727712	1015.6355931833405	0.0	645.6289204433962	1198.625421105731	0.0	606.1447712773454	1221.8877704845768	0.0	626.6224296531562	1225.3436854233491	0.0	651.3630390279969	1229.5142013427098	0.0	579.9857425170175	815.8911221817389	0.0	553.0536664466896	990.4064766555784	0.0	539.7920464259888	1186.1172458588467	0.0	522.6632313021304	1213.1968861235614	0.0	508.5471963136288	1212.0837808873796	0.0	546.2494182096361	1225.5590772409312	0.0	583.3372416301387	556.3956877488183	0.0	497.999308652079	463.2044257101868	0.0	513.7647010114287	548.9037722995522	0.0	666.481389694953	581.3678798880185	0.0	713.6153159459877	710.3506958490829	0.0	651.62786943232	733.6923975979098	0.0	539.0239280687449	579.4190499931007	0.0	529.7855936119829	713.7072181611032	0.0	513.0500552722566	743.7467114837409	0.0
177	5.91368909512761	630.2178656103595	810.5376509236175	0.0	665.6995131035742	820.2019452389484	0.0	634.6494827462823	1015.4004023846027	0.0	644.8890921078562	1198.8074799668404	0.0	601.7274239812202	1222.229451807937	0.0	620.7763945014444	1225.4172945202292	0.0	652.0273438788494	1229.3823542928412	0.0	585.3396440158194	816.1820365238442	0.0	553.8330979900293	989.3495790509838	0.0	537.7486248017643	1187.3147909861536	0.0	516.9760556053286	1215.3835112686315	0.0	503.25146865645706	1216.920005434629	0.0	544.7752617255263	1220.7629377949027	0.0	584.1302572914365	556.4243454082241	0.0	497.8401087564304	463.2245483362905	0.0	514.0393584385447	550.040326415351	0.0	664.8240484041804	582.5278317736459	0.0	711.0310899378013	712.2014331456875	0.0	647.7332283474244	731.2275836890248	0.0	546.2163289464559	579.3269792757641	0.0	537.7064453579163	713.0308941332629	0.0	518.1877430277437	745.7022242593932	0.0
178	5.947099767981439	633.4800816893953	809.8764798122203	0.0	667.6434888807643	820.4492516769802	0.0	634.8095551486813	1015.3879770981243	0.0	644.3440739155076	1199.2246355566604	0.0	595.799718758232	1223.5520916503851	0.0	614.4658850634033	1225.888694034425	0.0	653.0254390615996	1229.6216330496936	0.0	589.8942383074931	815.6757421564516	0.0	554.4170238858673	988.9179088210425	0.0	533.5634012454439	1189.0162297092197	0.0	507.2930134221113	1216.2812543579562	0.0	495.6219577858035	1221.5192395322415	0.0	541.0335818583363	1219.366076640451	0.0	584.5085026568842	555.570815936407	0.0	498.07460062242455	462.610671203483	0.0	514.3730798546884	550.5778535075411	0.0	660.0516391134425	581.8854517968033	0.0	708.75451419824	712.8479641751745	0.0	648.2789016392795	741.445480684364	0.0	552.9407680183044	578.0839021185193	0.0	545.3815072741386	711.6110720184107	0.0	522.1451876682044	748.170934390695	0.0
179	5.980510440835268	635.6286642810379	809.9660318053748	0.0	668.4362188050834	820.4623465656797	0.0	634.7516143055136	1015.5041537471997	0.0	644.2392192563146	1199.6894202309854	0.0	593.2593016553915	1224.3124457812407	0.0	612.6427593242975	1225.340204272489	0.0	653.9862864814392	1230.332260442554	0.0	594.4098278321293	815.1419111787353	0.0	553.0219698474885	991.7426285751102	0.0	526.2223399104226	1190.8146143037645	0.0	491.3526276329691	1216.3656537679685	0.0	484.22536566825175	1223.7198529658529	0.0	535.1613013326797	1221.7001838832502	0.0	585.5773832023385	554.3131131891028	0.0	498.54062554387303	461.3583481201062	0.0	514.6110338931995	550.2191944327593	0.0	652.4603380843035	579.1575227298146	0.0	700.9791942249246	712.2194033562046	0.0	646.6671878667775	757.7349900047185	0.0	559.0614793096007	575.5651230910561	0.0	551.075820977066	709.4336120534999	0.0	522.9429522987195	755.1803110641187	0.0
180	6.013921113689095	637.2356154321782	811.2281616160117	0.0	667.7394972152657	820.7757936242662	0.0	634.0942109616137	1015.9323769974085	0.0	644.2826753958983	1200.1273538287955	0.0	592.2418862926405	1223.8828293244785	0.0	613.2167357108021	1223.6161626351275	0.0	654.5861756563072	1231.4147595461432	0.0	599.4399000996387	816.3003854977354	0.0	550.0677210452609	997.5305184497431	0.0	517.2114672303331	1192.3907310490968	0.0	474.3690847757004	1216.868346624895	0.0	472.04039515567206	1224.7539640825428	0.0	529.3851042080817	1222.8611284099736	0.0	586.6544860553788	553.4381733481173	0.0	499.86784921651923	459.75845861953803	0.0	514.4128280598258	548.6253549201994	0.0	643.1700015859805	574.9914425236633	0.0	681.8441535087378	711.1089301997836	0.0	630.5141491993801	772.8932045592334	0.0	564.9574686875591	572.531248952305	0.0	554.3487635382614	707.0136408482913	0.0	521.7092657474982	767.8108910051195	0.0
181	6.047331786542924	637.8311660630889	813.1914242127267	0.0	665.6777270413677	821.6702208683585	0.0	633.0685145069781	1016.7174114063536	0.0	644.1812982429869	1200.6303462756628	0.0	589.1181854091955	1223.3530711048354	0.0	610.7874832270483	1222.0125424456496	0.0	654.957602094877	1232.393418053605	0.0	604.3401473486522	819.4219139634207	0.0	547.8504612509552	1003.4765169449008	0.0	509.6547353432701	1193.7509011781565	0.0	461.8788386443214	1217.9167009158627	0.0	462.5115175228941	1226.091265566025	0.0	525.9867375287755	1222.1253785517488	0.0	586.6862313395944	553.170777635336	0.0	502.1194440175886	457.7760799370048	0.0	513.3890583931834	545.8900697273984	0.0	633.7331229023663	571.490493303489	0.0	655.6855914806405	710.2019068879462	0.0	597.6296289864873	782.4605657722323	0.0	570.932994521079	570.4150032900906	0.0	556.7688271010713	703.7432442175433	0.0	521.1871489461057	779.2690592631149	0.0
182	6.0807424593967525	637.2403492515996	815.495261680495	0.0	662.694872171489	822.8015142239016	0.0	632.0684964318953	1017.4158792491131	0.0	644.1033831368295	1201.2679365418758	0.0	584.8711190466817	1223.4950103386611	0.0	605.440854299459	1220.6682609129348	0.0	655.2833325533036	1232.9483582703986	0.0	608.0830294824466	822.4698258078936	0.0	547.3402216622628	1007.1808231891122	0.0	505.8501928501936	1195.4782938188969	0.0	452.7779287432946	1218.968416807741	0.0	454.91559772304146	1227.6578074558158	0.0	524.8797588491014	1222.6722386749825	0.0	586.010201826502	553.2956381771701	0.0	503.7468176248821	455.60237713339166	0.0	511.4978141564262	542.8234067304531	0.0	625.90739041978	570.698122203562	0.0	634.1128486765762	709.8402224970749	0.0	563.2531515942081	786.6525117242076	0.0	576.4255953635532	570.3586594979455	0.0	559.7738525896247	699.2803000421923	0.0	521.2399650568374	782.922898766822	0.0
183	6.11415313225058	635.560769244008	817.8508057196452	0.0	658.4524362369667	823.871704780786	0.0	631.3606282731695	1017.8233129527125	0.0	644.5070950342135	1202.013008491038	0.0	581.9077214332575	1223.9355673545986	0.0	600.4555790042665	1219.0991699868468	0.0	655.4612452936287	1233.2072276914487	0.0	610.3993621569449	824.1376891467352	0.0	547.9845402601136	1008.2197926938793	0.0	505.6192339795986	1197.482381427561	0.0	445.4053426374085	1219.9761584548028	0.0	448.54651624740336	1228.9780951766643	0.0	524.7047750690107	1225.7840973967036	0.0	585.5370409003782	553.6111339643523	0.0	504.02013695077676	453.6355052426499	0.0	509.3129794864558	540.0854214982313	0.0	620.1802701276429	572.4050091253124	0.0	620.2259295973126	710.9771423014269	0.0	540.382521742409	786.9674521355983	0.0	580.9029328218263	572.0823438064284	0.0	562.9772632626252	695.687739585753	0.0	518.7721593114806	779.7839846539174	0.0
184	6.147563805104409	631.8975359103353	820.4643174266794	0.0	651.4958743236745	825.837236116428	0.0	631.1598426378611	1018.2857045649837	0.0	645.2895479334679	1202.3988060574047	0.0	580.8705443124693	1224.4254953691118	0.0	597.3276783346633	1218.149456424423	0.0	655.383046214151	1232.7435002655977	0.0	611.7947365146657	826.1163733026947	0.0	549.7701579375721	1007.946090705941	0.0	506.7499477066031	1198.8234245722822	0.0	440.3770541214827	1221.1905259868977	0.0	444.71261603247575	1230.2222393909676	0.0	524.9789194431612	1229.0069703566276	0.0	584.869036938558	553.809502280173	0.0	504.1859703255773	451.98503111920235	0.0	507.3413711078096	537.5386039350129	0.0	615.0919420891595	575.1579148046073	0.0	607.7418410923265	714.7847466885158	0.0	526.0636779433346	785.0699285284525	0.0	584.4809448030489	574.3231268225006	0.0	564.6325522386709	695.6279029443854	0.0	510.23111044770684	774.0805255781581	0.0
185	6.180974477958237	625.9401357606225	823.893732819005	0.0	641.6014890214931	829.3320830887591	0.0	631.254892390785	1018.9225415357752	0.0	645.6797852206657	1201.6105358623677	0.0	581.4647431482316	1225.2332100095848	0.0	596.2690786381138	1218.6984892056432	0.0	655.0632081124961	1230.9566543427138	0.0	612.8637897648471	829.8658943026115	0.0	552.7552006151126	1008.0235512059724	0.0	507.67609666614874	1198.7969277311652	0.0	437.0173245614827	1222.5958152767264	0.0	443.7653261424782	1231.6137971361406	0.0	525.9532434798207	1230.1408413800555	0.0	583.2195552998211	553.6788747593666	0.0	505.0074507615487	450.2818415785449	0.0	505.66579316624995	534.825050521373	0.0	609.0695389345839	578.1199003291979	0.0	593.4237766250369	720.3319140334354	0.0	512.1886349943346	783.3398793116138	0.0	587.0000996842464	576.4112674082363	0.0	563.675377112028	699.6725176102241	0.0	495.68636272913386	769.0392569341597	0.0
186	6.214385150812065	619.922474876255	827.6579607794399	0.0	631.1092049938088	832.4733736839946	0.0	630.8658399283615	1019.4288660169298	0.0	645.5650292135116	1199.9980573645112	0.0	582.2153817514821	1226.5592597853442	0.0	596.5998391690971	1220.4399056313944	0.0	654.9008581612574	1229.2051518765336	0.0	613.9476750966659	833.4548560135581	0.0	555.843610582251	1008.9381267150367	0.0	508.97251840215273	1197.8733527468517	0.0	434.75700665684235	1224.1929071508587	0.0	445.3617485124007	1233.1029762066312	0.0	527.6586706983887	1230.0180904392607	0.0	581.174134049208	553.7419807378235	0.0	505.7593413638307	448.0613056979338	0.0	504.58827409533137	532.186554198909	0.0	601.8863096045679	581.2166010608631	0.0	580.0097122807679	724.5620567476809	0.0	496.4495416590484	782.0704246047972	0.0	588.2640338722202	578.8614382459339	0.0	561.030181854657	706.138378315905	0.0	480.56599696403754	767.2631312998981	0.0
187	6.247795823665894	616.3371466248393	830.1851904857515	0.0	622.539839696031	832.959381284755	0.0	629.4513736162394	1019.3614195874123	0.0	645.5900180164612	1198.9807332303683	0.0	581.5262441349051	1228.0472418272573	0.0	596.3115501392131	1222.5120518691172	0.0	655.5695987975356	1229.2032384117826	0.0	615.4001750917223	834.4143487603462	0.0	558.0413948047584	1010.0735220401357	0.0	511.1794783641218	1197.4180090701573	0.0	434.17701942623626	1226.0006212987848	0.0	448.42525830981384	1234.7472837573744	0.0	529.5156117103321	1230.5428223471588	0.0	579.4056552969648	554.5632691528996	0.0	505.9333365584186	445.6631260440169	0.0	504.213778736821	529.981964181252	0.0	594.4668863180096	584.3461485413492	0.0	570.3611794776023	725.8679648990076	0.0	481.49607910712194	780.385506190855	0.0	589.2720158122306	581.9960630406731	0.0	558.6746075049718	712.3598811775163	0.0	469.53603022638845	769.4407849301296	0.0
188	6.281206496519722	614.8718844170787	830.5885423127501	0.0	616.3516850683965	831.5100621078029	0.0	627.0896750338874	1018.5486187807568	0.0	645.6081589555844	1199.0158075244162	0.0	580.460125761516	1228.8189946223863	0.0	594.7181379835748	1223.9463790022726	0.0	656.6661800113734	1229.8446226516717	0.0	617.333432028742	833.5331385697489	0.0	559.7817115208759	1010.816502858342	0.0	513.228640948062	1198.6266011500252	0.0	434.32998017694695	1227.7848945591984	0.0	449.664535326814	1236.519342395679	0.0	530.7878018809098	1232.1438060632986	0.0	577.3722571773928	555.4968053305151	0.0	505.98155707054997	443.96642146078426	0.0	503.38168967495267	527.5844667285256	0.0	588.3061872813186	586.5979538578757	0.0	564.7376410965168	725.3925641454159	0.0	469.97921364970347	778.8494085037631	0.0	591.2667247906988	584.5306969091812	0.0	557.8939631395739	716.4270836548278	0.0	462.3868121057878	773.1243245961579	0.0
189	6.31461716937355	613.0531512216113	829.8853473041006	0.0	610.9078668769971	830.9243176698444	0.0	624.0753010375818	1017.7235191673259	0.0	645.00459741239	1199.454870612421	0.0	581.1618806333128	1228.4693848180855	0.0	593.8759429753576	1224.1293896931415	0.0	656.8203794818807	1229.271109425233	0.0	618.5609992374731	833.3898630174943	0.0	561.4357329091997	1011.1220963499958	0.0	514.1253151609234	1201.7740668434342	0.0	432.94753630101116	1229.4502420168374	0.0	446.8579644644207	1238.5106087507447	0.0	531.4269465121995	1234.205705624203	0.0	574.4494039941594	555.7137040057657	0.0	506.0992673200331	443.09936288782825	0.0	500.88213659764796	524.1342287367013	0.0	583.339354546462	587.4610540084207	0.0	561.2957036997835	724.9179226669293	0.0	462.03233062002033	778.6185115821688	0.0	593.5205609616072	585.2210714870051	0.0	558.0912950861047	718.7321462420048	0.0	456.95365929176364	775.5283700916688	0.0
190	6.348027842227379	608.7336163802	829.6424651898377	0.0	603.6942511232216	832.2619787836181	0.0	620.8387094731031	1017.6441402713758	0.0	644.169596203318	1199.6823852126934	0.0	583.3574849956708	1228.13872298212	0.0	594.8706394107821	1223.6814313538478	0.0	655.8679363823177	1227.570097025029	0.0	617.0287698066907	834.6685398869599	0.0	561.1709559761229	1011.1673353816456	0.0	513.973716144058	1205.301545685136	0.0	429.38325706758064	1231.147910564806	0.0	442.41358102326535	1240.8682752169989	0.0	531.7911451347434	1235.9579253282936	0.0	570.8582184289322	555.6611158874977	0.0	505.4571948497502	442.62541934605247	0.0	497.47150391756134	520.41958159468	0.0	577.1057555171699	588.2842564542195	0.0	556.6498238033381	725.4670297442234	0.0	456.09958707740606	780.165837969123	0.0	593.8498926343498	585.5189163530273	0.0	557.2579494235674	721.526917294633	0.0	451.79834385362466	776.8912951803501	0.0
191	6.381438515081207	601.9132176320385	830.0816154814795	0.0	593.9631970370381	834.127374135789	0.0	617.592883696187	1017.8136781901446	0.0	643.8386963537099	1199.5602607005967	0.0	585.3195387460947	1229.2768294675548	0.0	596.023607666672	1223.9976756247092	0.0	655.0681923263834	1225.7789172949128	0.0	612.5222904609166	836.0384201498716	0.0	557.2919736494218	1010.9773489772682	0.0	513.3617513200871	1206.901281128843	0.0	425.45638292991634	1233.0241762578198	0.0	440.4344389654708	1243.1223672290423	0.0	531.870753766117	1236.8593817260298	0.0	567.1431421058363	556.037974389076	0.0	503.41139313067094	442.4384345971974	0.0	494.47825609484636	518.3038659664568	0.0	568.1005977079736	590.1518335874869	0.0	548.2172661681764	726.3620848294579	0.0	450.1059486214328	782.7493776010191	0.0	591.7477859176987	587.4384567956582	0.0	554.621765878469	725.5712206472322	0.0	447.0488620268443	779.0509412242967	0.0
192	6.414849187935035	594.6462315189154	830.4967545770476	0.0	583.457360515015	835.1934798921856	0.0	613.6728944988818	1017.4926787867114	0.0	643.9932661434957	1198.9838171174738	0.0	586.8484068497631	1231.2858198292363	0.0	596.542380953546	1225.0614971148561	0.0	655.0563214614363	1224.762958562085	0.0	607.5864504142972	836.6027104041872	0.0	552.7105022335413	1010.618283935043	0.0	513.2771212401915	1206.4352428400955	0.0	423.10638141511936	1234.9835703642718	0.0	441.8224966338527	1244.8959909180355	0.0	531.4221660574422	1237.091812231784	0.0	563.3611528744431	556.6428600527696	0.0	500.7971825632472	442.22445961961114	0.0	491.2523006193519	518.2055290817556	0.0	557.2605781422401	592.0886120421068	0.0	536.0683911157195	725.0239309717624	0.0	442.5447875803701	784.5205908696091	0.0	589.6515091910281	589.9638875836598	0.0	553.020343515168	728.4203715949769	0.0	445.3306791690542	781.674252528614	0.0
193	6.4482598607888635	588.3771686940049	830.5397231483123	0.0	573.8874809723187	835.4439704257143	0.0	608.4992120243606	1016.9517644071788	0.0	644.2759577504692	1197.7708494032418	0.0	588.7557344126841	1232.4993008307054	0.0	597.4207601319855	1225.3934426973078	0.0	655.3691445829922	1224.6842066872553	0.0	604.075723290086	836.4850412115778	0.0	551.5741433019768	1010.4915300715539	0.0	514.3169933095134	1205.5909411618477	0.0	422.6307436830534	1236.539295769474	0.0	444.1732147765396	1246.3063333602158	0.0	530.6112472208291	1236.9974250644273	0.0	559.1962310063838	556.8532505180227	0.0	498.51036863318643	441.3283028033287	0.0	486.7876798830249	518.8425156323916	0.0	546.5305582929573	593.1688706327401	0.0	522.1974173466755	720.600516443532	0.0	433.973846455967	785.0028463574754	0.0	589.726339499239	590.91982057067	0.0	556.1988318270139	728.2582933085831	0.0	450.6825362423102	782.0705243425356	0.0
194	6.481670533642692	582.3526577734498	830.588401059866	0.0	565.15627252276	835.5291927116871	0.0	602.4592106045925	1016.963655933334	0.0	644.3232162800517	1196.8363292428703	0.0	590.4675044727906	1232.8014548038916	0.0	598.4054045509298	1224.7430807451135	0.0	655.6521443335934	1225.044582314173	0.0	600.6698784316451	836.1143408370971	0.0	552.112674529483	1011.1041646534168	0.0	515.2835379834156	1205.3567980471726	0.0	423.3922642540664	1237.7171712067293	0.0	445.5432260481978	1247.2672115309897	0.0	529.8754913520299	1236.6882556676933	0.0	554.6793277983161	556.5098773519455	0.0	495.77391111457496	439.81823913530263	0.0	482.1696625533814	519.1199995810075	0.0	538.2555803323202	593.712506014689	0.0	509.6448894480159	716.4935735194293	0.0	426.1791839465504	786.3929758132947	0.0	590.7782521164952	590.2737565436375	0.0	563.1798069462894	726.7658995150737	0.0	463.8954053904151	778.9300961292621	0.0
195	6.515081206496521	575.595764732312	831.0639992121163	0.0	556.1741482653258	835.7737797991886	0.0	595.4949091677961	1017.3436403684871	0.0	643.6295436644485	1196.8913010972565	0.0	590.6267212988092	1233.248650543814	0.0	598.2029709465297	1224.5062905955301	0.0	655.5394063216718	1225.0347536778406	0.0	595.5258953265829	835.8433614877121	0.0	549.918290951924	1012.3501565522276	0.0	514.573485949979	1205.6479577485622	0.0	424.1320297753262	1239.3145194755296	0.0	445.7347129978313	1247.6964849653536	0.0	529.2828133077594	1236.6481390442189	0.0	550.0692917037902	556.1555808788116	0.0	491.69295361422536	438.5244438064445	0.0	478.4777150808138	518.8371568321778	0.0	532.7293729464888	593.7152965358648	0.0	500.7935762591551	715.1856104069141	0.0	420.2947554332172	789.8318573299098	0.0	590.4080560039262	589.1402765978559	0.0	569.9867608386118	725.4437229666752	0.0	481.83710373801756	775.6412269124487	0.0
196	6.548491879350348	568.5496386438327	831.6334297420825	0.0	546.9563783201818	835.8313612089925	0.0	586.3307134211146	1016.5407352581174	0.0	641.8635236764544	1195.6162358098559	0.0	589.4316564070111	1234.255014854624	0.0	596.8633789501881	1225.2417568278588	0.0	654.1538915016357	1223.059732182035	0.0	589.2539111867341	835.5468359366083	0.0	545.8407903310108	1013.296679021863	0.0	512.8258140567074	1206.0814894027037	0.0	423.4942254426983	1241.252199242768	0.0	444.42394446925545	1247.878420494116	0.0	528.621622468147	1237.2370288517534	0.0	545.2563446843102	556.2214823957411	0.0	486.932445006286	437.9859891910955	0.0	474.54402697717876	518.320584017875	0.0	526.7068439560264	592.7945630384605	0.0	495.1896183738226	714.01198620833	0.0	416.68430711780877	793.2144118669396	0.0	588.1143662676102	587.7820414993528	0.0	575.6578579956417	722.690721576957	0.0	500.3564475819259	776.4815423846895	0.0
197	6.581902552204177	562.2705424552385	831.9312043628393	0.0	538.6944966766896	835.5410616673236	0.0	573.8738892843461	1014.2588447835359	0.0	639.0465627570836	1190.89442117096	0.0	588.3698476383868	1235.3674535220557	0.0	595.6694129007531	1225.747061311195	0.0	651.3818301969092	1218.3261726793983	0.0	583.8916907404489	835.2932112294022	0.0	543.1991001541065	1013.2966943551475	0.0	511.7327961788446	1205.9871690521197	0.0	421.9035284716906	1242.4825155268002	0.0	441.71490003352056	1248.1574222981383	0.0	527.3545461587618	1237.5907768879072	0.0	540.214820980469	556.4355323881706	0.0	482.42267478020545	437.95247505905655	0.0	469.197667990112	518.3563546296243	0.0	518.6353569607032	591.6846673779588	0.0	490.69952121333915	710.7511176585135	0.0	414.63290988732535	794.7575539972311	0.0	584.7732120200787	586.2670292167413	0.0	580.7451062139826	717.9187094334393	0.0	513.5414129367545	779.3432407796884	0.0
198	6.615313225058006	557.131579274647	832.6191477496102	0.0	531.9229839923913	835.3216226919768	0.0	558.0707482038147	1012.6675943026983	0.0	635.304824017329	1185.1337139715822	0.0	587.936843998312	1236.288848648206	0.0	595.2502892344778	1225.447684375091	0.0	648.7206630134315	1213.003485479376	0.0	580.0556920019515	835.7677989781479	0.0	540.7387038884142	1012.7765453914145	0.0	511.3070538948127	1204.2751207655342	0.0	420.8726259689351	1242.9163712570887	0.0	439.72182539606484	1248.6164823900442	0.0	524.7851094497397	1236.3261243826194	0.0	535.557876576711	556.3997046764721	0.0	477.8917283857919	437.97443533857864	0.0	463.4668765748809	519.5650873988991	0.0	511.80720178122164	591.7497485850281	0.0	486.9901275029764	708.3192572594917	0.0	412.9185714824714	795.1474780937478	0.0	581.3234321993447	585.0688614240362	0.0	583.9314394547671	714.2857594188137	0.0	517.5458050384224	780.3192368353776	0.0
199	6.648723897911833	552.7926825187342	834.555170996915	0.0	526.8218681859963	835.6661617406144	0.0	539.5124295282282	1012.6235440677401	0.0	630.591688645661	1180.6071378090312	0.0	587.0895135802723	1236.8759217230413	0.0	594.3358948554879	1225.0910995722597	0.0	647.145283716902	1208.431411567087	0.0	576.5381730609632	836.8935467123355	0.0	534.9370352939803	1012.2066800401057	0.0	510.77608545255237	1200.7491560071321	0.0	420.03280854053634	1243.3415135888276	0.0	439.44213418268544	1249.0161971448547	0.0	521.7413939880774	1233.21432163752	0.0	531.5931925255105	556.334939987485	0.0	472.91420420010365	437.87488186620016	0.0	458.7070446298992	521.4141050910304	0.0	508.35459257605095	593.3836817073824	0.0	485.2214885550577	709.7594058754316	0.0	411.3891621217408	795.3210902720916	0.0	578.2656588367976	584.2187024060353	0.0	584.5479651667479	713.5415014403734	0.0	517.5538741553913	780.4415150854497	0.0
200	6.682134570765662	549.2673324610199	836.9929470228029	0.0	523.8105052533498	836.7960988115362	0.0	519.7199322621159	1011.9755680829106	0.0	624.2911703218714	1174.5929882852988	0.0	584.3772840087539	1235.571468205654	0.0	590.1170430806274	1223.5438186188958	0.0	644.702232342558	1201.3757387723715	0.0	572.7444452289725	837.708688286067	0.0	526.3920979219364	1011.3748051121415	0.0	510.44962705611476	1197.5239420447547	0.0	418.09144725296176	1243.8396811852522	0.0	439.08891466563	1248.9339672927063	0.0	520.7184014920906	1229.5775063516598	0.0	527.774218635442	556.9156093632461	0.0	468.4360900670607	437.6075665276697	0.0	454.55744787922697	522.8404358944266	0.0	505.27367231654733	595.8158550621297	0.0	484.36089138438183	713.6385522606869	0.0	409.99021766628783	795.4517264043876	0.0	575.469311078868	583.5605519266563	0.0	584.1306372810179	713.3322996601149	0.0	522.116933861196	781.2963157825293	0.0
201	6.7155452436194905	546.6168106366495	837.9212289238494	0.0	521.6903417954136	838.0112635122574	0.0	501.02859411767423	1009.0019116916179	0.0	615.3298703047789	1164.6865472894465	0.0	578.2498247702254	1230.4608836473649	0.0	580.6781635870108	1218.6582753073644	0.0	638.5559916249064	1189.720986486127	0.0	569.5146645786494	837.8705119359588	0.0	519.9055541694086	1010.2814336938161	0.0	511.5190435658361	1196.5138421456354	0.0	416.9631000849541	1243.7773543178253	0.0	439.5637655911103	1248.0458467054277	0.0	523.1824940296822	1226.9706680587271	0.0	523.7357066142132	558.1528151554675	0.0	465.2435927027135	437.5370556812867	0.0	450.3224331281082	523.642875376356	0.0	499.4936341987565	597.7459292507294	0.0	481.97294093133706	717.1405857323975	0.0	408.1184034017576	795.9995354815965	0.0	572.9801304101604	583.3765632280468	0.0	584.0990000455643	712.4664386627225	0.0	530.9883885113871	784.1083080645312	0.0
202	6.748955916473318	543.9397134620832	836.805501547727	0.0	518.0069276099341	838.0319502104676	0.0	484.9128637473452	1004.4418243680346	0.0	603.3461945745433	1154.2346479460296	0.0	567.8441759064264	1223.283727865513	0.0	567.2143509227643	1212.3051580763693	0.0	628.7571249428577	1177.4505626329908	0.0	567.1832128613391	837.72893179127	0.0	518.7799369729912	1009.3488899699626	0.0	514.7788478300504	1196.85953701997	0.0	420.38502179508004	1243.037450217053	0.0	444.5968302248013	1246.8887255722393	0.0	528.0765810742918	1225.9879903834685	0.0	519.654640063351	559.0519197247462	0.0	461.99920288580955	438.2840512558386	0.0	446.4760439003857	524.0829918943316	0.0	492.139825273948	598.0817718014648	0.0	478.28454298593226	719.442393322113	0.0	406.0883800578855	797.4402801867525	0.0	571.4484138799136	583.6741908213796	0.0	584.5536788916892	712.8268608269099	0.0	537.1673679470281	789.7447750523328	0.0
203	6.782366589327147	540.5036787065893	835.3053713922236	0.0	512.4548477327728	836.9013550835198	0.0	472.0059557972086	1000.1420760499293	0.0	589.4328276839202	1148.2730375591561	0.0	555.2907410871271	1218.3179991917928	0.0	552.6473513368707	1208.6071058586906	0.0	617.3621930159627	1169.7593284316174	0.0	565.2329576370207	837.4631566512045	0.0	521.4049068112022	1008.5369940779949	0.0	518.7052971616434	1197.4677410088448	0.0	427.5974084423466	1242.264866276419	0.0	452.91790532781283	1246.509251100524	0.0	532.4621718195496	1226.844709521517	0.0	515.599355841576	558.952910959514	0.0	457.4858152659366	439.6921222763109	0.0	443.37145064026146	523.9543155998105	0.0	485.3980533952432	596.915861819452	0.0	475.36278559814434	720.1873756292935	0.0	404.9495108208365	799.2546987501211	0.0	571.1832749905801	584.0693373129332	0.0	585.4005432498076	714.9041578462045	0.0	538.973462431392	794.9334929426642	0.0
204	6.815777262180975	536.8408533498726	834.9174679992855	0.0	507.0518538295756	836.3767190564226	0.0	463.4420871413173	997.7004808032881	0.0	574.8245684613366	1148.024232574398	0.0	544.1425601496866	1216.2991062417066	0.0	538.6170515371098	1207.6721472569766	0.0	604.8609610173187	1168.3601251543237	0.0	563.8727430759978	837.1996564642099	0.0	525.4677752327708	1008.1001767843157	0.0	520.2233431613894	1198.0377028927421	0.0	433.57617808385135	1241.2083232784607	0.0	459.0508023671808	1246.346313700007	0.0	533.822301609971	1229.0531889724436	0.0	511.64835891408427	558.47023856613	0.0	452.8059516501613	441.17771950022785	0.0	440.26994851609726	523.4772850827453	0.0	479.2895125794183	595.4710016026014	0.0	473.4424939102141	718.8757034714451	0.0	404.659956204087	800.4609029038145	0.0	571.6312329265967	584.56880232115	0.0	587.3878546876927	717.0594847658094	0.0	540.4384606750924	795.7545032167211	0.0
205	6.849187935034803	533.6016235937271	835.6385276935778	0.0	502.72865710669777	837.7948751051142	0.0	459.3732962756194	997.9463109005183	0.0	559.3765429537034	1152.2457547610547	0.0	530.8757101100218	1215.8014075818649	0.0	522.871886605727	1207.583696709033	0.0	589.8847192285698	1173.1093122332745	0.0	563.3959308842215	837.506338215556	0.0	530.9893694286774	1009.4925576041979	0.0	518.8969036122228	1197.5122744594075	0.0	436.5535867968902	1239.1500742089027	0.0	461.7809461981829	1245.0947439915378	0.0	532.680310204648	1230.5598173668716	0.0	508.2500906950103	558.6476827268115	0.0	448.8528956958552	442.82824781032116	0.0	436.72290499948303	524.1571833036132	0.0	473.23703592008377	594.8273565066387	0.0	471.1921955789357	716.9500590036338	0.0	403.7610613959665	800.8420822102642	0.0	572.1051685370455	585.5054882905216	0.0	590.9990115611729	719.2273331660699	0.0	542.2683659046654	791.874612136848	0.0
206	6.882598607888632	530.6443936113527	836.4965439328749	0.0	498.25089716866637	840.2274033441054	0.0	457.67470828371887	1000.5357842809384	0.0	542.0986291419279	1160.4246299335111	0.0	505.0011084247862	1219.6303992335029	0.0	499.7123669533136	1210.793564189391	0.0	571.3633318093108	1184.0452743365306	0.0	562.9973174516131	838.8381536508498	0.0	536.7034305329922	1013.1002331473861	0.0	517.2395969462394	1196.4684240761533	0.0	440.4696437320247	1237.369784831883	0.0	464.76174350260726	1243.4571852251097	0.0	530.6039277409872	1230.9875187121202	0.0	505.4480923662205	559.6609694385336	0.0	444.40769956440676	444.7188707725429	0.0	433.7424332806482	527.2863264592821	0.0	467.25367993230105	595.2399508730712	0.0	468.52217078483494	716.332408853684	0.0	401.66624978713355	800.5476763915469	0.0	572.307478031206	586.9681654486411	0.0	595.2380129486812	722.7475232155203	0.0	542.1898928617856	786.6188447824508	0.0
207	6.91600928074246	527.6365918430048	836.4431152504147	0.0	493.00567300458226	841.7066940112912	0.0	456.52641137115614	1004.1546908484605	0.0	523.044952615265	1171.1682030751997	0.0	467.59020300399874	1229.7550803987122	0.0	468.62222567511736	1219.756378387293	0.0	549.769742732681	1198.8265852419106	0.0	562.0313122757005	840.5333033294794	0.0	539.4781000156607	1016.471525963168	0.0	516.4508588194973	1197.1572847417342	0.0	447.41350770958724	1237.470283852148	0.0	469.4809493538374	1242.801421180675	0.0	527.9387863153269	1232.2729669363855	0.0	502.56760470138016	561.017458280169	0.0	438.8535715695823	446.49347096469694	0.0	432.65512702391777	531.8664619573714	0.0	461.0602016659439	596.4859955941661	0.0	466.23806945057976	716.6344541214238	0.0	399.5849756343128	799.2524715911093	0.0	572.0878913719152	588.6191422189742	0.0	598.9189454524147	726.62226900072	0.0	542.1168427161565	783.9376881880008	0.0
208	6.949419953596288	524.529130995547	835.4100127951001	0.0	488.37627975523486	841.6668855817769	0.0	455.95206619136775	1007.5178276714923	0.0	504.5818056322398	1180.2939100597607	0.0	436.9292467717505	1239.8397213884327	0.0	440.0967790689383	1229.1744849267636	0.0	527.6355374416585	1210.59517537435	0.0	560.5606523743911	841.3882215663829	0.0	538.2284238921438	1016.8711606310652	0.0	515.6325654451792	1198.3745642899087	0.0	454.0612735322995	1238.6805601615702	0.0	474.71255615258843	1243.0693992908025	0.0	525.7410454780714	1233.0234533379642	0.0	499.4152988658635	562.7871084310846	0.0	434.0680021169839	448.59254918040506	0.0	432.95832306054365	535.4958074184314	0.0	454.4053871964865	598.26353360888	0.0	463.5280900198361	716.7402547409835	0.0	397.85661530927223	796.9946372446801	0.0	571.5413030235006	589.9010187843332	0.0	601.9402242277573	728.1639507707247	0.0	545.8666059630515	783.1519641285499	0.0
209	6.9828306264501165	521.5147745137263	834.4947547542127	0.0	485.15578330297967	840.9016064020554	0.0	455.8882214421349	1010.2067981137892	0.0	489.941046361733	1184.896716075184	0.0	425.6896293718881	1244.0379694299031	0.0	424.60628108898237	1233.1053549364308	0.0	508.89162434152547	1214.8139965175048	0.0	558.7850449096983	841.0858283085795	0.0	535.0409212730029	1014.4874215694015	0.0	514.4791996725021	1197.144128902564	0.0	460.7314373217889	1239.5359505519984	0.0	483.0620710522426	1243.4495519148709	0.0	525.0440976903939	1230.2029754803789	0.0	496.6032426815358	565.4540168016338	0.0	431.45570808880325	451.7054278669182	0.0	432.9844982270141	537.8185569338253	0.0	447.80971883318944	600.000317641475	0.0	459.00754925909666	716.4872069096197	0.0	395.2258277705505	794.6558540156635	0.0	571.0286265047336	590.5263327576489	0.0	604.7845105392714	727.3534266115502	0.0	552.3752616198245	781.519041811217	0.0
210	7.016241299303945	518.8778489418382	834.564704734421	0.0	482.0736586114655	839.9507652840329	0.0	455.3826909648052	1012.0531632439184	0.0	480.96782441259165	1186.4597169887622	0.0	428.0324118233554	1245.4558920272536	0.0	421.01035267508536	1233.9539093875082	0.0	497.2854773685215	1215.0062874136293	0.0	557.2016474716174	839.9346035348278	0.0	532.6475406714086	1011.826733707674	0.0	513.3012843759195	1194.8692514794277	0.0	471.52941333179706	1240.1449636960472	0.0	496.499845465503	1243.3846480239604	0.0	525.0904416915906	1226.116601613334	0.0	494.4816560564119	568.8666952975474	0.0	429.627071818509	455.1190903154728	0.0	432.449263430264	541.1130318788106	0.0	441.7066429587634	601.1926463742017	0.0	453.16361888623265	715.9981298484953	0.0	391.2052330588594	792.75250642765	0.0	570.8029646138853	590.7842891475474	0.0	607.7272371006746	726.7690681756853	0.0	558.0100883184756	779.1097049459481	0.0
211	7.049651972157773	516.4737126960163	835.1765645822243	0.0	477.9158182932583	838.7366031411323	0.0	454.23291511662	1012.4285750070873	0.0	477.6477255373326	1187.2390640221122	0.0	432.4659146081889	1248.0709704246008	0.0	421.88417442527214	1235.8412238631252	0.0	493.9756031001775	1215.891069899124	0.0	555.9794215271681	838.1393451529004	0.0	531.9250461963135	1010.4949821679144	0.0	512.1712868180362	1194.787393879565	0.0	483.2210321750297	1241.22390016829	0.0	508.4227966494531	1243.050715068517	0.0	525.1625427386609	1224.918014030701	0.0	492.67150181321017	572.1619681556303	0.0	427.0731930475348	457.80139035262084	0.0	432.1487276413158	546.3763927732399	0.0	435.7280164004248	601.9752693211544	0.0	447.26740174091685	715.5237973230712	0.0	386.6089124526664	790.9186270883649	0.0	570.9135920779928	591.0557143319222	0.0	610.6070024412841	727.4909804504524	0.0	562.5183796313976	776.4626191044473	0.0
212	7.083062645011601	513.7946342628251	835.4366661578553	0.0	473.1498637984944	837.5432063984067	0.0	453.42153561664037	1011.57568546969	0.0	477.95546655147797	1187.6692808883024	0.0	434.0075590520755	1250.4731048021938	0.0	422.795507224223	1237.9162174138148	0.0	494.9662495095157	1217.2322470171243	0.0	554.36389462743	836.4169612239835	0.0	531.9396785543125	1010.1391061426224	0.0	511.79273536409903	1196.2368354103266	0.0	489.1682929503434	1242.3748106859844	0.0	512.5625963252244	1242.900304685743	0.0	525.1143323689053	1225.5777694358344	0.0	490.56576280173755	574.4772129166445	0.0	424.37496847977656	460.20542426383025	0.0	432.34484701282145	551.3994495929411	0.0	429.73988672481556	602.3000499812583	0.0	441.62942645732005	715.0219467913428	0.0	382.24288878807243	788.9372450074076	0.0	570.9687714985237	591.3828663091243	0.0	613.1999910302635	727.8363098146742	0.0	567.7607855055927	773.6927782349856	0.0
213	7.11647331786543	510.90203557247816	835.2159666266214	0.0	469.05853387509495	836.9831800987561	0.0	453.2801813249277	1010.962359619813	0.0	479.00838267555457	1187.6871779131786	0.0	433.84849074243397	1250.948578659958	0.0	423.3100976484196	1238.5584131274231	0.0	494.9922275338835	1217.3690720109435	0.0	552.046351803809	835.5252839915248	0.0	531.5510211732759	1009.6482206933589	0.0	512.6208046666592	1196.4894380195424	0.0	490.3002580942121	1242.9704934819893	0.0	511.94837367988094	1242.7017122793882	0.0	524.4768210569106	1224.5511892029606	0.0	488.0730337660627	575.7528800347699	0.0	422.5379546228531	463.05137214383603	0.0	432.7412906566444	554.1703877034593	0.0	424.47238749007084	602.0310051834069	0.0	435.9911017765225	714.3665717240495	0.0	378.1517519858791	787.4428030619423	0.0	570.2385015114993	591.8085013694657	0.0	615.5715124173332	726.0799563271969	0.0	574.63014499003	770.344970134147	0.0
214	7.149883990719258	508.3925406588685	835.0439414217736	0.0	466.1764674559123	836.9177352187281	0.0	452.80919837718096	1011.1848544565344	0.0	479.4402819034798	1187.4465439761327	0.0	434.2486872363387	1250.3541103196642	0.0	424.350965545962	1238.2584632693074	0.0	494.0246845422717	1216.6118925621643	0.0	550.1066201950225	835.1121020137936	0.0	530.6052626957497	1007.7079164529565	0.0	513.8728434775084	1195.2670829201345	0.0	492.076368587422	1243.422549668566	0.0	512.3700184370286	1241.9392258089374	0.0	523.525448618233	1221.2959586724037	0.0	485.7040935153204	576.4839972287846	0.0	421.46846873495014	465.1614621141023	0.0	432.8904195943047	555.3787962850067	0.0	420.5315837767778	601.8602539189384	0.0	430.5352624398567	714.5689911458844	0.0	373.9739111472458	786.9860287885602	0.0	568.7021747062045	592.2604910715403	0.0	617.7522707516823	722.9491037911821	0.0	583.6108715712651	764.3540693964968	0.0
215	7.183294663573086	506.3589043226613	835.1886154292604	0.0	463.7263225294177	836.8385787280483	0.0	451.3118301680085	1011.5555292624474	0.0	479.3980488947414	1187.0621378949304	0.0	435.58328731156246	1249.6378409134102	0.0	426.2126320688053	1237.642470145508	0.0	494.4063332038188	1215.9274093789095	0.0	549.3664093306265	834.6754245597376	0.0	529.760912324301	1004.3511001643321	0.0	515.204309169296	1194.2867571956215	0.0	494.5216726246475	1243.9673241259823	0.0	513.5469183798025	1241.0701089608488	0.0	523.4797913610087	1217.9933304269725	0.0	483.62043485078726	576.7912351921461	0.0	420.62897038146326	465.03664840708166	0.0	432.75567755203764	556.3173913323302	0.0	417.571789561215	602.2483734642733	0.0	425.6019833338738	716.2978078984348	0.0	369.9278074250518	787.2469568648776	0.0	567.1286401970169	592.0602438111297	0.0	619.4193413550357	719.9608994881073	0.0	592.5954544169779	757.7381364063853	0.0
216	7.216705336426915	504.1480020942426	835.2746588823494	0.0	460.6512166547528	836.9737768297979	0.0	449.20608901347094	1011.8387229505074	0.0	479.1796269642267	1186.5037962390736	0.0	437.17301511273627	1248.8642550353438	0.0	427.92448014537666	1236.7862879565655	0.0	495.33391716997306	1215.3637737573847	0.0	548.950796487375	834.3922480727656	0.0	529.4427843691968	1002.130116430478	0.0	517.1261779195389	1194.3038234214532	0.0	492.98672073273974	1243.7093987263886	0.0	511.5881693630897	1241.1195439112992	0.0	524.809413833093	1216.7283408359401	0.0	481.1799195744211	576.666064279512	0.0	419.94788756261426	463.7866001015859	0.0	433.05732707016824	556.8322938875461	0.0	414.2758201902893	602.9510877453142	0.0	420.43787770801845	718.563827666634	0.0	366.9267988854439	787.742917655287	0.0	565.8994891707925	590.6432518393834	0.0	620.2463997407066	716.6291294474679	0.0	597.4641693500184	757.6382031033294	0.0
217	7.250116009280743	501.0772787225065	835.2027464970215	0.0	456.6578008427345	837.876541249604	0.0	447.16653470793716	1012.4224238736901	0.0	478.74485125899207	1185.764576696183	0.0	438.60913034243094	1247.9977671872064	0.0	428.689660590306	1235.8393726339489	0.0	494.90177377030403	1214.6299231928542	0.0	547.3286287760799	834.3525902509948	0.0	529.2425660667521	1002.8685641310741	0.0	519.1739782523391	1194.6670727263281	0.0	488.36986677208824	1242.7513258561064	0.0	507.5818493453027	1242.2065923634384	0.0	526.7401873959458	1217.5773015309937	0.0	477.9135728389445	576.6181758002688	0.0	419.8313890216398	463.4250982964266	0.0	434.3476772152687	556.5080725251023	0.0	409.34180697514773	604.2569429538944	0.0	413.97971116761795	720.6599412469906	0.0	365.6002671345108	788.0625371351342	0.0	564.773510940122	588.5254736970884	0.0	620.4326047912134	712.4997568503685	0.0	597.6702563112295	766.2733225475046	0.0
218	7.283526682134571	497.141066733256	835.3615332004193	0.0	452.08729912945597	838.8180837620488	0.0	445.6651131506791	1012.7762771870723	0.0	477.91959775250945	1184.962007062059	0.0	439.7841781154082	1247.4400583439233	0.0	429.4101960321426	1235.3955037567443	0.0	493.66341402532055	1214.014838830139	0.0	544.0417904314345	834.0445416359267	0.0	528.466899524178	1004.5626338308705	0.0	519.9898573359725	1194.8432002805966	0.0	484.8837081365289	1243.752321345079	0.0	504.6795880031932	1244.752799123218	0.0	528.2127746036458	1219.5652537442502	0.0	474.59065092675894	577.3299012689911	0.0	420.5964813772931	463.9093853444081	0.0	436.1289969238714	556.4851521971157	0.0	403.30909984176486	606.3153013717189	0.0	406.82936887134247	722.3487529337878	0.0	365.6523837648943	788.0021272409255	0.0	563.3372085606925	586.757406850884	0.0	620.5834732190964	709.0852935864802	0.0	595.8493440420895	778.0293748224398	0.0
219	7.3169373549884	493.1878577910247	835.4425059749651	0.0	447.7094129039492	838.2918160179636	0.0	444.9042749961957	1012.037021120156	0.0	476.97760046114473	1184.1582854088015	0.0	440.61635306179954	1247.2986468254926	0.0	431.1297092050542	1235.7213775843577	0.0	493.31648928559946	1213.8300786519203	0.0	540.1964275280959	833.2700900881454	0.0	527.5884712801777	1004.377712675423	0.0	519.9135166513171	1195.0493955050565	0.0	481.97169645039696	1248.1301858088764	0.0	502.29671044195203	1249.601852851507	0.0	529.0151736920326	1222.447648622008	0.0	472.59005963815076	578.7681612508571	0.0	422.2551391884103	464.31715305642496	0.0	437.76940746458	558.3880629560073	0.0	398.2805527052714	607.7848487412202	0.0	400.6363174616511	722.6733103853372	0.0	366.16025342529736	788.4959366036331	0.0	561.7006241111384	585.8514683436168	0.0	620.7473598852131	706.9526255901388	0.0	594.6691756118141	787.2185060481786	0.0
220	7.350348027842228	490.2524541794657	834.7879039565147	0.0	444.41049112886816	836.766694766011	0.0	444.51280283468947	1011.1948950068543	0.0	476.4063239361986	1183.3788546207588	0.0	440.9199755767	1246.1198471043256	0.0	432.7410777146364	1235.299572332003	0.0	493.4598288340514	1213.5507920723392	0.0	537.1201222515662	832.960714284305	0.0	528.2422861541589	1002.5876739324714	0.0	521.1523173301612	1195.4447132415253	0.0	479.70771375328155	1252.839878570671	0.0	501.8975766910942	1254.5992654136608	0.0	529.8658560872179	1225.1554451627037	0.0	472.01497979840076	579.9454388748537	0.0	425.1208769105592	464.53445526635016	0.0	439.84377623839754	561.5396585480897	0.0	395.2247632489546	607.8323379229231	0.0	395.91101081840696	721.3575889194551	0.0	366.3288348970187	790.9965020085936	0.0	561.0705060965067	585.5381681891186	0.0	620.2760283491143	704.7537262950528	0.0	595.933264245342	792.5140686018229	0.0
221	7.383758700696056	488.54009064099466	833.6520754485856	0.0	442.4938847991029	835.8333464178452	0.0	444.05171455767055	1011.7919890509037	0.0	476.2516060875959	1182.5988857718903	0.0	440.775544613781	1242.9766430740285	0.0	432.4543459844741	1232.8634425257653	0.0	492.5033648815809	1212.55415751406	0.0	534.9996123159302	833.2459921048458	0.0	530.5832122989683	999.3866471472779	0.0	524.4494608409691	1195.5688385665926	0.0	481.35070303538566	1255.0088538596056	0.0	506.6635945830005	1256.8730411942279	0.0	531.209365865886	1226.29323582232	0.0	471.81516115911165	580.0939030098228	0.0	429.35110079230554	464.64534963213134	0.0	443.1768996028098	563.299194801581	0.0	393.28837102772303	607.5980864672406	0.0	391.83089047196984	719.6782975808172	0.0	366.14543088224576	795.491088636685	0.0	562.2407955072232	585.3288420889431	0.0	619.1397345992578	702.1280690945441	0.0	599.0662383648151	795.0838785046793	0.0
222	7.417169373549885	487.41733918140994	832.6008343323547	0.0	441.5534060173403	835.1383509634902	0.0	443.72699452366965	1012.8727462028248	0.0	476.4190987820419	1181.7842699722682	0.0	440.72869440944555	1239.7788475072525	0.0	430.86039899212017	1230.1594368361673	0.0	491.02077717842553	1211.3623518040558	0.0	533.6802051350312	832.1666687984357	0.0	532.5244883831945	992.0377227400817	0.0	528.0391916333133	1195.0042812386152	0.0	487.6957727781695	1255.9188540751732	0.0	514.9206196579566	1257.5220252815975	0.0	532.5167531028836	1226.5822431074805	0.0	471.6230107236619	580.00140838997	0.0	433.87856032282724	464.5855944466398	0.0	447.1538074410601	563.0125255745576	0.0	391.5469327632142	607.7686192083361	0.0	388.0127511118993	718.7594773702504	0.0	366.2480787174927	800.3170775088814	0.0	563.9531272920792	585.2327430893101	0.0	618.2128633828275	700.3045081197926	0.0	601.6153498277695	796.1271852960784	0.0
223	7.450580046403713	486.43099468677525	831.4794343970876	0.0	440.9625115383127	833.4865193959614	0.0	443.75771896491284	1012.3009953018238	0.0	476.74778758406273	1181.0630256949516	0.0	441.19213331811795	1238.4200917354917	0.0	430.04912537090854	1229.3081837635066	0.0	490.66245230626015	1210.6629627311186	0.0	533.4330539258011	828.4968042163525	0.0	532.9637770109086	980.8912180419045	0.0	530.7643565611555	1193.705574281696	0.0	496.9757069743155	1257.252580375447	0.0	523.5128739941192	1258.248797531768	0.0	533.4028519688377	1226.3459790393072	0.0	471.6311444230719	581.0529850181617	0.0	437.7341187565582	464.5360317167164	0.0	450.7951098155666	563.2033957604875	0.0	389.68222400062353	607.6175082199221	0.0	384.9187814840064	718.348563018513	0.0	366.8882117102069	804.0209398718429	0.0	564.5998399736768	585.6144804044168	0.0	617.7571412943878	699.7161319722153	0.0	602.5908845284888	796.6253987972567	0.0
224	7.483990719257541	485.7625327803559	830.0106585525544	0.0	440.2079386965767	831.2079491911521	0.0	443.93250818505066	1010.3987610143668	0.0	476.62840947835076	1180.3941877234633	0.0	442.3535193961893	1238.3956966294538	0.0	430.42149326366996	1229.8406772350197	0.0	490.9883517559839	1209.6984120338016	0.0	534.0154448244501	823.9471381381076	0.0	533.1813839392029	971.5159462056056	0.0	533.9390569421943	1191.648860782202	0.0	506.9957794252213	1257.694257290501	0.0	532.1404189366428	1257.6023429933282	0.0	535.1436448150015	1223.880523767937	0.0	471.6395844219273	582.777455938899	0.0	441.70986388388707	464.701411540939	0.0	454.4638564056705	565.1447715857372	0.0	387.66638167600496	606.6812422926884	0.0	382.49772110228747	717.5364697707931	0.0	367.59522030605325	806.1166800519818	0.0	564.5373439112126	586.2949429819607	0.0	616.7499767942406	699.2977101469429	0.0	603.2366738341357	797.2760085198232	0.0
225	7.51740139211137	485.59591458705046	828.4287269299035	0.0	439.07563159854834	829.4968084502267	0.0	444.2727836011444	1009.0369405315803	0.0	475.7539537491872	1179.6415192240747	0.0	444.2037598791891	1238.6581389901403	0.0	430.8058246435448	1230.4137993898676	0.0	490.35529196557366	1207.7853799023994	0.0	534.5920501894014	820.9852370880412	0.0	534.5151137188008	967.3238172957724	0.0	538.9538446945226	1189.4541284085255	0.0	515.9275372015146	1255.621139378224	0.0	541.3077919626152	1254.357047941802	0.0	539.3623313362883	1219.6861186147305	0.0	471.5832632313311	583.3837354502915	0.0	447.13255980002197	464.85514389389914	0.0	458.83984899577325	566.7591923488577	0.0	385.9617728944929	605.1805711662379	0.0	380.2043090967688	715.8672460669673	0.0	368.0580697063757	806.4970600012472	0.0	564.7548773689628	586.4567880584959	0.0	614.4372078924448	698.6064438216688	0.0	603.9811690197898	797.5264859255644	0.0
226	7.550812064965198	485.6629145591817	826.8736120192048	0.0	437.9397001709621	828.8589896688443	0.0	444.9438544297788	1008.4958711102213	0.0	474.90628623929854	1179.1185664676507	0.0	445.936121060585	1238.9010094993835	0.0	430.79771375727717	1230.7960699012779	0.0	488.81545308834217	1205.9881855969104	0.0	534.8300450044642	819.7970264637838	0.0	536.8571191732717	966.7313218393069	0.0	545.35144746416	1188.198112429045	0.0	523.2758034295197	1252.7427340655224	0.0	550.312487610746	1250.538374711277	0.0	545.4990990221902	1217.260113782743	0.0	471.7653346406422	582.6598914491752	0.0	453.8952685872166	464.5319389092834	0.0	463.5810004511526	566.6407361720684	0.0	385.28998860832104	603.5491632712017	0.0	378.1311945278464	713.9183048838908	0.0	368.4025523221733	805.7778034605244	0.0	565.0001780742281	585.7221826247147	0.0	611.2625780566697	698.4356368212657	0.0	603.6501534571439	796.4532518984951	0.0
227	7.584222737819026	485.6384364524668	825.4511012557645	0.0	437.38143142600165	828.9904170714962	0.0	445.75099114149657	1008.4067667124667	0.0	474.9175002626205	1179.1486603688165	0.0	446.69753875966904	1238.9824424701694	0.0	430.9918477603457	1231.0448626778884	0.0	487.95519174258027	1205.260377564129	0.0	534.7323590820386	819.1114209510662	0.0	539.2197095492891	967.223147513447	0.0	551.901063648165	1187.6748429455276	0.0	529.6657203264796	1251.7119040892978	0.0	558.458557985573	1248.3441806913424	0.0	551.577849311707	1217.4918593995046	0.0	472.0650941717911	581.6001429510302	0.0	460.680148370663	463.69613982241293	0.0	468.0469413607324	565.4746993991845	0.0	385.58639607267924	602.3616728685264	0.0	376.6551703645887	712.7647530439532	0.0	368.607240160888	805.2843980460718	0.0	564.972961241302	584.5782127306953	0.0	607.940894609685	698.5367433043037	0.0	602.4625941515104	794.4125341547033	0.0
228	7.6176334106728545	485.5447482156028	824.693736645754	0.0	437.3629614119711	829.3232746369079	0.0	446.5988285678025	1008.9892879249855	0.0	475.51493923427347	1179.4442826353968	0.0	446.7871163452605	1238.9404852780044	0.0	431.3645371618566	1230.8562721422568	0.0	488.3486196951049	1205.1131313966885	0.0	534.1268331599301	818.6513424157731	0.0	540.7125189115452	967.1567120502683	0.0	557.2917196152457	1186.9880727317145	0.0	535.7564337442176	1251.7044496831647	0.0	566.3071531944321	1247.418327010982	0.0	556.4167965519442	1217.6848264632076	0.0	472.1015401775856	580.221498021932	0.0	466.53148406241934	462.96993057070864	0.0	472.25269926286995	563.1410247728892	0.0	386.04026072979667	601.9730495548745	0.0	375.50481012762503	712.4986857476852	0.0	368.52231770677133	805.7095401105943	0.0	565.0207003916094	583.5886693293485	0.0	605.2507699336065	697.8915964515094	0.0	601.8191767604208	792.4179998570845	0.0
229	7.651044083526683	485.664371663099	824.7080918857375	0.0	437.6126584676305	829.3008984754563	0.0	447.7100081625153	1009.5396021292793	0.0	475.9886257058805	1179.5184245030382	0.0	446.8662650695085	1239.4215718531796	0.0	431.27289275919173	1230.597166954195	0.0	488.8819186855488	1205.0347823569969	0.0	533.3231635071239	818.5211094670024	0.0	541.1879007199294	965.0348233404372	0.0	560.7596702872117	1186.3065437721486	0.0	541.5884906022458	1250.8135225943722	0.0	574.0447532942594	1247.011132596341	0.0	559.944053257109	1216.6895414145363	0.0	472.13314495438254	578.5160892861321	0.0	471.7120672441237	462.84484153140596	0.0	476.6676197837467	559.4399886928896	0.0	386.3939073538247	602.0761130435678	0.0	374.1415214529244	712.5298402502611	0.0	368.31098461390826	806.6488181315207	0.0	565.2103396313141	583.1170286217406	0.0	603.8243889452953	697.0129984541147	0.0	601.7749414905925	791.0387961955498	0.0
230	7.684454756380511	486.18417623538096	824.8624188261823	0.0	438.3105646955845	828.6443359785727	0.0	448.8192817853545	1008.6044590546344	0.0	476.13695958227777	1179.4127499596918	0.0	446.93319612487153	1241.044439645992	0.0	430.77488373797	1230.9632599396914	0.0	488.70746985023095	1205.1942607150943	0.0	532.9515279571998	818.2313273003184	0.0	541.1989967217846	961.0626555079372	0.0	563.2120303475579	1185.8381519726804	0.0	546.7333167481323	1249.7509316346284	0.0	580.4866570715599	1247.135511421285	0.0	562.8579453813479	1215.868439285506	0.0	472.77064985045325	577.5401569317582	0.0	476.9799747889555	463.15669559903625	0.0	481.25215749753403	556.1828657735903	0.0	387.29752491669433	602.1003430720366	0.0	372.5599780693349	712.8045167630684	0.0	368.2421453250966	807.2426392982966	0.0	565.5281128090531	583.4840157167024	0.0	603.0796702287688	696.3015354321878	0.0	601.7120907723007	790.5663764940399	0.0
231	7.717865429234339	486.92339254433443	824.5322022095419	0.0	439.4341338975661	827.4495791545871	0.0	449.1766089834566	1006.0499317120598	0.0	476.04700490446214	1179.675326231815	0.0	446.6783497161024	1243.1396364403813	0.0	430.30023142980076	1231.7018904144654	0.0	488.3851668588695	1205.7494666091095	0.0	533.0275912625572	817.7484360551505	0.0	541.1813379003416	957.9174005976278	0.0	565.8681625076827	1184.8406075436324	0.0	551.1125400772082	1249.4330079144875	0.0	584.9699117063733	1246.7950525835643	0.0	566.0372171661492	1215.5434267948417	0.0	474.26508125477227	577.7451576422139	0.0	482.11796968661014	463.65678401268644	0.0	485.2559612335358	554.8728624555014	0.0	389.1402807714835	601.8267716050499	0.0	371.310712665873	713.178886991577	0.0	368.30281374099314	807.0824732946389	0.0	566.2363258851411	584.4874614199936	0.0	601.8382807818301	694.8009384218673	0.0	601.4293117103186	790.6675035321841	0.0
232	7.751276102088168	487.62712605021	823.4922956145823	0.0	440.41735275296105	826.2883810836819	0.0	448.75995212769925	1003.628996085193	0.0	475.7925724073626	1180.5412747001703	0.0	445.8721891583117	1244.070285542016	0.0	429.8865981031382	1232.353471919042	0.0	488.6664802578065	1206.4588705254882	0.0	533.4246817983839	817.5095310980057	0.0	541.0618314618824	957.3092424183849	0.0	568.3560460591349	1183.2654288960805	0.0	555.4766208869231	1249.1357135461137	0.0	588.2881722737555	1244.8196867287315	0.0	569.3278102531171	1214.8054260114773	0.0	476.4830073278486	578.3972630831786	0.0	486.1555564021929	464.1783939750877	0.0	488.8746480328827	554.7054834755976	0.0	391.14722027989	601.4408589225116	0.0	370.92317399150755	713.1265007634815	0.0	368.28570607488206	806.7381860164115	0.0	567.4136277951889	585.3503233169561	0.0	600.1087899747243	693.1144698112502	0.0	600.950927170815	790.6681651167892	0.0
233	7.784686774941996	488.2567149139924	822.3241278384434	0.0	440.96064788957364	825.9263844596555	0.0	448.3140553724058	1003.0757626306034	0.0	475.5975245031064	1181.4664272203884	0.0	444.35086894225407	1243.5627124813677	0.0	429.55287146212993	1233.0063316066091	0.0	489.38275600370974	1206.744676036622	0.0	534.3892105176539	817.4692987100374	0.0	541.2242992126879	958.3360725485194	0.0	570.0329957194288	1182.2447864643593	0.0	560.4129170960036	1248.3945991279359	0.0	591.4001204149673	1242.3987874512093	0.0	571.7492480918634	1213.7138705891598	0.0	478.8697251380298	578.798254319667	0.0	489.16112203050426	464.5354406958644	0.0	493.1739892557462	554.5056501411087	0.0	392.5215876890139	601.1746070692697	0.0	371.43366395195886	712.5804282749357	0.0	368.06668556883994	806.6195795501808	0.0	568.7941562085554	585.6014587042696	0.0	599.308824086862	692.9359013845077	0.0	600.5314091227294	791.298229945533	0.0
234	7.818097447795824	488.8248438383421	822.0578769742933	0.0	441.36600745601095	826.2138468306789	0.0	448.2250539550352	1004.0013641406913	0.0	475.711229400015	1181.9537416325504	0.0	442.55679478650427	1242.9495197734689	0.0	429.3690525572256	1233.5512668364358	0.0	489.8377119739333	1206.5550885452208	0.0	535.9387599870088	817.1726227720959	0.0	542.6793507313636	959.9705215517255	0.0	571.3670851419738	1182.2007136010134	0.0	564.9273056343035	1247.375634044073	0.0	594.1474511203011	1241.4184710871841	0.0	572.7461940402076	1212.8185275653086	0.0	480.8897362596618	578.8050169320735	0.0	492.30768923155284	464.9327956567723	0.0	497.23050320582695	554.5973690715384	0.0	393.7168214177064	600.9638123476151	0.0	372.66720878316426	711.8100733854067	0.0	367.85339247335173	806.300598739047	0.0	570.2007691353838	585.7761125912923	0.0	600.7562826674864	694.0030085095767	0.0	600.4697104863349	793.4518031649026	0.0
235	7.851508120649653	489.37553283299815	822.7652455940395	0.0	441.97138241073594	826.395522769761	0.0	448.36263151864506	1004.8936853431262	0.0	476.1215090531681	1182.4125292496265	0.0	441.5069787516251	1242.6876976766519	0.0	429.0976672207734	1233.7384959720487	0.0	489.78525374654737	1206.8139968772527	0.0	537.5322514240906	816.5671950622527	0.0	545.353508402294	962.1197829673017	0.0	572.5711686328763	1182.4992960623117	0.0	567.2001523516894	1245.9925202011839	0.0	595.5222742872727	1241.5119491612077	0.0	572.6034423515279	1212.0940418194323	0.0	482.9410918693568	578.6392873220817	0.0	495.8775526249241	465.71250690551557	0.0	498.86788787723447	555.509735147834	0.0	395.50032623569916	600.7100037666345	0.0	374.60658016188444	710.934858271489	0.0	367.97521557606973	805.7590072590443	0.0	571.9801609686388	586.8695296019381	0.0	604.1271871417182	695.899812011806	0.0	601.0603631900489	796.2351622342518	0.0
236	7.884918793503481	490.0339980435124	823.5435789629526	0.0	442.73067064910896	826.6672237811918	0.0	448.57360333540646	1005.6273503577572	0.0	476.5149482775875	1183.3634629200576	0.0	441.46209820391533	1242.3277766980254	0.0	428.49289612888083	1233.8884427144903	0.0	489.68463905980747	1207.8694125163563	0.0	538.3706740689904	816.6246639272055	0.0	547.5742520253294	964.0340457783448	0.0	573.0198472963128	1182.8332379232193	0.0	567.0068291869629	1244.3968524869024	0.0	595.4293134881923	1241.390980417471	0.0	572.3410458332021	1211.481997298309	0.0	485.83350282250655	578.5311333720491	0.0	498.92249461793836	466.76703859486395	0.0	498.4767201881357	556.555254871535	0.0	398.1537222979114	600.5209324363983	0.0	377.07193100814504	710.2274188330713	0.0	368.28612077772175	805.4946744713233	0.0	574.6945990743071	588.9090900101032	0.0	607.6257502110603	699.4580587761812	0.0	602.6534053128738	798.5117271081336	0.0
237	7.918329466357309	491.0709947190573	824.1233723120779	0.0	443.73708670596505	827.6313699663442	0.0	448.7649898438255	1006.9439188984007	0.0	476.55951068193707	1184.5090009519552	0.0	441.7605429695214	1242.175515463895	0.0	427.9806034663108	1234.3670731072211	0.0	489.9243683876833	1209.0195971220112	0.0	538.3392010065079	818.3154832906157	0.0	548.2681313030572	964.2868914008474	0.0	572.6276759545475	1183.3779487121622	0.0	566.0202868421846	1243.3316033716274	0.0	595.0748301748764	1241.0250687452738	0.0	572.6328038000403	1211.2199221657647	0.0	489.5167827356737	578.7064662029848	0.0	501.60671799112987	467.73253714516494	0.0	498.8933106563779	557.2106483161352	0.0	401.8352631737303	600.246569532955	0.0	379.61184805096	710.1807528710002	0.0	368.44692592500485	805.5932936420609	0.0	578.2897845760575	590.952258812664	0.0	610.2089068909947	703.936809128926	0.0	605.1149687607484	800.0990275950628	0.0
238	7.951740139211138	492.78704337482105	824.9456127729559	0.0	445.4703803127726	828.551926204914	0.0	448.9383390502131	1008.0611780289781	0.0	476.2703646600122	1185.2138912041955	0.0	441.99335084609436	1242.6592705994797	0.0	428.38435174446136	1234.8050834939656	0.0	490.51882222459574	1209.7371765634307	0.0	538.663931710069	820.8486808256031	0.0	548.4722810678553	963.0513592365071	0.0	572.250103839917	1183.962428853847	0.0	565.8408398229989	1243.1449812691662	0.0	595.3352504574896	1240.9309408181164	0.0	572.6796415110158	1211.218340277289	0.0	493.34034612754164	579.4253733468462	0.0	505.6173885455906	468.3970941496788	0.0	502.16374835375655	558.0319977480864	0.0	406.22886299794453	599.3346308801422	0.0	382.129631272456	710.7477828815998	0.0	368.56700292747513	805.8033964784184	0.0	581.9746636942015	592.473977442036	0.0	612.7902953305305	707.1906078915794	0.0	607.5885262290445	801.6617787259911	0.0
239	7.9851508120649655	495.0198338448432	825.7195612825136	0.0	447.8864517048977	828.1578933903107	0.0	449.22280913635393	1007.4939502254497	0.0	475.8672747168201	1185.2091016978989	0.0	442.1092672459715	1243.2813029483239	0.0	429.6387553610505	1234.688519588917	0.0	491.36427682304844	1209.663575440157	0.0	540.5552069938659	822.5068065501624	0.0	549.4479827591082	962.4194862535343	0.0	572.4237848407041	1184.0942793058957	0.0	566.6208939936992	1243.3020670030246	0.0	595.9885246230615	1241.0367805453375	0.0	571.605099382866	1210.8537760048166	0.0	496.99597513177383	580.5407839987407	0.0	511.3070764533516	468.947897610545	0.0	507.846679750962	559.5422737607092	0.0	410.2606501007909	597.6778129299269	0.0	384.8975188897003	711.340555758985	0.0	368.6769139128275	805.9292156641097	0.0	585.3035353378326	593.7442146937193	0.0	616.395410296659	708.9872101885746	0.0	609.4100990264351	804.1487247790751	0.0
240	8.018561484918795	497.26860941720804	825.947267836823	0.0	450.2496705931512	827.0165158101195	0.0	449.64388285530407	1006.0999119876469	0.0	475.52376874858425	1184.7731438612998	0.0	441.9237470178906	1243.4362066465278	0.0	430.70616046070603	1234.2220077225581	0.0	491.7644368490345	1208.790452631402	0.0	543.5485182045848	822.8522377023957	0.0	550.8642115723634	963.8006957432848	0.0	572.6756676753711	1183.6555867955612	0.0	567.4746636690088	1243.3128604403187	0.0	596.3983872148601	1241.0205061946117	0.0	570.3402768889613	1209.7262239623083	0.0	500.6013565705194	581.525946737347	0.0	516.922936509901	469.9052301926162	0.0	513.7310035087241	561.3834536305974	0.0	413.296587745701	596.0842019047038	0.0	387.5885398592167	711.6509184027261	0.0	368.40695326243116	805.9357966312574	0.0	588.7522128219939	595.022355247301	0.0	620.8356194559414	710.7358974950646	0.0	610.8682344448364	807.6741791998899	0.0
241	8.051972157772623	499.52701486761714	826.1004317507235	0.0	452.24887295459996	826.7703766498352	0.0	450.12216311851256	1006.1863685031867	0.0	475.3530510430634	1184.3195098618762	0.0	441.4938361743772	1243.2285262118112	0.0	431.0232407894197	1233.826650366298	0.0	490.74553957474745	1208.0546554631985	0.0	546.3877725893007	822.6087066942378	0.0	552.2570259934597	966.4109991823796	0.0	572.6967005633012	1182.9961466462053	0.0	567.9373673869588	1243.4378378746617	0.0	596.468139198627	1240.9211283796317	0.0	570.3296442068837	1208.2768236787151	0.0	504.38450313937807	581.9464206568545	0.0	521.3525023230488	471.23650234369717	0.0	518.285566247856	562.4206587793886	0.0	416.01521859624546	595.3004810357253	0.0	389.5682312956255	711.4600095368032	0.0	367.898721710949	805.9398464981153	0.0	592.7290611122299	595.8649384019724	0.0	625.374581666636	712.4173200702463	0.0	613.3006052727247	810.7786974199994	0.0
242	8.08538283062645	502.34092488481923	826.6359770674318	0.0	454.3773670818336	827.2338396290195	0.0	450.9278166675507	1007.7581114250365	0.0	475.3725238535611	1183.7545213189464	0.0	441.39541785102756	1243.0940325272707	0.0	430.9338285174348	1233.385118673107	0.0	488.8419354658771	1208.2191042762709	0.0	549.0527316834529	822.3354393516157	0.0	554.3146611079769	968.9424780013874	0.0	573.3212467582713	1182.5763286738436	0.0	568.377133168552	1244.09450599814	0.0	596.8910133689847	1241.0257101507693	0.0	571.3950055141523	1207.9051099411977	0.0	508.3577887736477	581.707728945866	0.0	525.53318941318	471.88745315016376	0.0	522.2778771911252	562.2905253632051	0.0	419.29916531342855	595.2609145329601	0.0	391.3291201497908	710.3037083635735	0.0	368.0824717985227	806.1014116858164	0.0	596.8869095683065	595.7317755501412	0.0	629.3804551342162	711.8649447655971	0.0	618.4672373018301	808.2862684089499	0.0
243	8.11879350348028	505.65268556872525	827.2048821821659	0.0	456.9962834156755	827.0748878611378	0.0	452.40075634811	1009.041599250492	0.0	475.6142779743814	1182.7184391395779	0.0	441.9569871054787	1243.148537556037	0.0	430.8606767594739	1232.6038988100458	0.0	487.80232835175167	1208.6648018424141	0.0	552.3771307232832	822.3591323414059	0.0	557.3650339108447	971.383705941286	0.0	575.1482247867046	1182.805673894249	0.0	568.9694589725834	1245.028688393215	0.0	597.9790983716375	1241.5336447627685	0.0	572.4675114635128	1209.622443817963	0.0	512.3329818142166	581.2633026809655	0.0	530.4801766649549	471.0201528433486	0.0	526.7712393454228	562.030230864071	0.0	423.14990295531675	595.5369191083544	0.0	393.9695797516951	708.4507929485185	0.0	369.59930271370524	806.3653734401237	0.0	600.8091667732668	595.2560752023304	0.0	632.9268782590307	707.9632751234138	0.0	625.9376439938604	793.9520653522156	0.0
244	8.152204176334108	508.5212641222863	827.4376595905796	0.0	459.78613212455593	826.5129312802401	0.0	453.97538292321667	1009.5765363809443	0.0	476.1803393200703	1181.356366105486	0.0	442.70721503939416	1242.8841079696606	0.0	430.88391108942426	1231.5235508407177	0.0	488.1835467584432	1208.0758452052423	0.0	556.0997105092785	823.1547050353689	0.0	560.4358371664908	974.2036031428551	0.0	576.9792157027189	1183.8061622803518	0.0	569.1856992096709	1245.594278870614	0.0	598.6558936667108	1242.3080173925641	0.0	573.1889559195383	1212.0674615920007	0.0	516.3558939199353	581.231603947876	0.0	535.6881318324823	469.24698993265014	0.0	531.1493553964131	561.8089415882752	0.0	427.2267293010959	595.8360027893664	0.0	397.4963943317679	707.103440158845	0.0	372.1290681160194	806.2488373485866	0.0	604.6749055871352	595.7358428893895	0.0	636.7133942195824	704.0086851959516	0.0	632.3437011301817	774.2708953889147	0.0
245	8.185614849187935	510.6587992206118	827.3616352645989	0.0	462.4810693996929	826.5354406597037	0.0	454.9688446176768	1009.8045330594484	0.0	476.93625211357954	1180.1494484563864	0.0	442.9888211891761	1241.851967929638	0.0	431.02465583643163	1230.410470667203	0.0	489.02564943950705	1206.2626531167052	0.0	559.2537803846295	824.7753944036924	0.0	562.7810792027651	977.2537649021946	0.0	577.3588660887831	1185.0573113159974	0.0	568.5938167201998	1245.380198734527	0.0	597.8647497797926	1242.669442164047	0.0	573.8361795056801	1213.1208383542232	0.0	520.5008195493286	581.6691646414416	0.0	540.4547509139632	467.9865813043952	0.0	534.9502528437556	560.9358380883209	0.0	431.51233620836155	596.1317209558197	0.0	400.9924878281404	706.7885260425988	0.0	375.0042422588827	805.3191257294417	0.0	608.8629561724025	597.4292765072831	0.0	641.1349283569056	704.2489795512951	0.0	635.6080444200336	768.9178195410778	0.0
246	8.219025522041765	512.894606904623	826.9909810817879	0.0	465.3394972126192	826.9229488089027	0.0	456.1405150526002	1009.3501829048489	0.0	477.4749022130655	1179.249208734626	0.0	442.7226705562718	1240.284803563975	0.0	431.59519826853943	1229.5350111926377	0.0	489.45438635567643	1204.8179719481614	0.0	561.637634402091	826.2974759994518	0.0	564.8079201653176	980.1392938544534	0.0	576.7193525416875	1185.5769610244643	0.0	567.7648807380773	1244.4825001720028	0.0	596.3865388291085	1242.1347645148455	0.0	574.4458154909022	1212.8488334802105	0.0	524.5877841501103	582.0992815623757	0.0	544.9395208286742	467.5858323650851	0.0	539.0965126810394	559.7959171362462	0.0	435.9761142858073	596.479321650181	0.0	403.89066317713275	706.7428425145664	0.0	377.7365339909118	803.9149164608576	0.0	613.2620418871961	599.3570880671817	0.0	645.8482489966385	707.3622568604989	0.0	637.674707226111	783.0616939310762	0.0
247	8.252436194895592	515.6769695291166	826.2301513976084	0.0	468.3914771356498	826.8281156423263	0.0	458.42553084592237	1007.7466214131417	0.0	477.7366842001756	1178.8367919704137	0.0	442.26719090440304	1238.6627070317472	0.0	432.6303504282717	1229.1008205493506	0.0	489.4954698901947	1205.3301662116114	0.0	563.5104361784793	826.7200524490929	0.0	566.9160199952489	982.3739493825998	0.0	576.3683660618071	1185.1114686062285	0.0	567.5983367820475	1243.6215059295464	0.0	595.7265054305611	1241.320853980332	0.0	574.7358429710735	1212.499583353089	0.0	528.6018613298935	581.9035382978583	0.0	549.2720839869045	466.93633118857605	0.0	544.0727682202518	558.7149973332773	0.0	440.2474924604739	596.7506576506344	0.0	406.3728454299463	706.1080590566687	0.0	379.97076695652845	802.83910041576	0.0	617.3066975772468	600.3199891390519	0.0	650.1267595984255	708.7212165796808	0.0	641.401028561474	798.6565619860781	0.0
248	8.28584686774942	518.704371034942	825.274189410009	0.0	471.2893268526397	825.8354692658112	0.0	461.0989950118001	1006.0396907488873	0.0	478.1285567574064	1179.5326155130083	0.0	441.9320656104289	1237.5558665369128	0.0	433.3443649432534	1229.0859362445806	0.0	489.5619709233352	1207.4761439700671	0.0	565.4395557791877	826.0891407751503	0.0	568.7027157253491	983.5489007489173	0.0	576.7690451691353	1184.6414178742796	0.0	567.9061075243505	1243.39922975388	0.0	595.9897605712936	1241.0331111209016	0.0	574.7387776577899	1212.4529186672503	0.0	532.7283121949015	580.6062992119296	0.0	553.4820600663276	465.3009753807837	0.0	549.6345536583674	556.8254846833066	0.0	444.23647618199647	596.5869895595242	0.0	408.96982084221764	704.9252746734797	0.0	381.6624582950967	802.3239848676254	0.0	620.5482069391217	599.6582012759249	0.0	653.7102709629589	706.9141070000248	0.0	646.8546383750823	803.2028418830822	0.0
249	8.31925754060325	521.7375738307474	824.7147884312047	0.0	474.0812571162363	824.2887431970745	0.0	463.21180086223336	1005.8526492591068	0.0	478.74446319765207	1181.2278508335012	0.0	442.26669861031405	1237.3530774244134	0.0	433.3909065234934	1229.1057084986135	0.0	489.6153415102692	1209.578228947547	0.0	568.3877276908023	825.3382677414	0.0	569.9889167007348	984.3138161768386	0.0	577.6947906855388	1184.8301590830135	0.0	568.0694857296072	1243.6279255624597	0.0	596.2712563885385	1241.2081084906958	0.0	574.7200888868526	1212.4299514952784	0.0	536.9050463430711	578.2658970793898	0.0	557.8202993577718	463.0574104182231	0.0	555.9933875221994	553.268244385499	0.0	448.3274179233234	595.7802287944477	0.0	411.90936823647746	703.7560858358293	0.0	383.080420460317	801.8098601324235	0.0	623.1437947343732	597.8063186544207	0.0	656.8188189036532	703.755571620038	0.0	652.1464316523529	801.9255474005934	0.0
250	8.352668213457077	524.5287348253167	824.9045891743174	0.0	477.0563812334631	823.3081023839211	0.0	465.2372442103681	1006.9547812238438	0.0	479.2009348171679	1182.3784322152833	0.0	443.91823383921934	1237.5563073312746	0.0	433.4293671434322	1228.8216519407292	0.0	489.54171522183367	1210.3906446943079	0.0	572.2860891350651	825.1892164532459	0.0	571.4554423525334	985.4984901174734	0.0	578.7616652137467	1185.0425240118616	0.0	568.3956427392989	1243.8568406201737	0.0	596.2565718151109	1241.432473186907	0.0	574.7458096077314	1212.3421186445337	0.0	540.5714978249191	575.8557295998613	0.0	562.1337815950097	460.8603360505315	0.0	562.6248981559685	548.983398309117	0.0	452.3688347033435	594.7815424945787	0.0	414.804853820249	702.7592222838149	0.0	384.3633708739961	800.883125056733	0.0	625.64682691258	596.0744408048954	0.0	659.380345480514	701.3129434844902	0.0	656.435888095861	800.4892037161276	0.0
251	8.386078886310905	526.7865791540614	825.4084612576006	0.0	479.9973976784902	823.6585892390185	0.0	467.81193347691715	1007.9186157001151	0.0	479.30590971193135	1182.0367775161549	0.0	446.10037949024513	1237.3473973775644	0.0	433.71610418714596	1228.4393243749942	0.0	489.705406821224	1209.9473470518717	0.0	575.5576864784442	825.4200425195662	0.0	573.4019223970985	986.2092192064844	0.0	579.6802680984902	1184.6009978198615	0.0	569.2819206904246	1243.7957012259278	0.0	596.3389627803091	1241.4752232945516	0.0	574.7542026600465	1212.31525061634	0.0	543.1971736978678	574.4908389969934	0.0	565.9910291927154	459.3614972173779	0.0	567.711980611424	546.4554726374699	0.0	455.5610482602633	594.2434134484686	0.0	417.12118484391647	702.0662889684903	0.0	385.43054623217154	800.0491215157624	0.0	628.1373839520312	595.2099693031338	0.0	661.253509927377	700.2152076835335	0.0	660.6564959975271	794.5069816554357	0.0
252	8.419489559164735	528.580153611663	825.6866363431839	0.0	482.1453155539961	824.957464741003	0.0	470.352919481396	1008.3451099829122	0.0	479.2527670342865	1181.3885464956957	0.0	446.83485766333644	1236.8074003933996	0.0	433.8974449959641	1228.2966901251075	0.0	490.16174355414677	1209.3307044529613	0.0	577.3112733143105	825.7615636133752	0.0	575.1890633576328	986.223249558455	0.0	580.4737160120065	1184.2016069755348	0.0	570.2157341091524	1243.3921717657306	0.0	596.6755677857283	1241.2789497539836	0.0	574.6788088837043	1212.3602885761693	0.0	545.091157191559	573.8223494812775	0.0	569.1342306480321	458.7209687390268	0.0	570.268375244104	546.0942951617234	0.0	457.5359801837911	594.2632097466811	0.0	418.7597788327573	702.3403730408266	0.0	386.2480824888349	800.3195033827869	0.0	630.3252502682219	594.9000152607495	0.0	662.8641164925372	700.1871911669232	0.0	665.6091733253603	779.7452082072303	0.0
253	8.452900232018562	530.1838383609025	825.8113850304863	0.0	483.21290205164087	826.4954841118441	0.0	471.87633897214204	1008.704278393658	0.0	479.2745516921988	1181.6121646258018	0.0	445.9879418102716	1236.6109211471949	0.0	433.90367628619714	1228.2177542010481	0.0	490.59541374983075	1209.3493347003619	0.0	578.7023611512483	826.6727960769706	0.0	576.431082362218	988.0997423172892	0.0	581.1636172053024	1185.0691286546578	0.0	570.5146873476167	1242.9980475083998	0.0	596.8721024357969	1241.011412887349	0.0	574.527756052948	1212.7582428169587	0.0	546.8121501049071	572.6360981488443	0.0	571.4518964737008	458.10733606131043	0.0	570.7726487007444	545.5389476228712	0.0	458.69326508825225	594.5338697590183	0.0	420.0698286461932	703.6358638787949	0.0	386.84218119502333	801.9003172453449	0.0	632.3047525495476	594.7741194320879	0.0	664.8171329996978	701.773350671973	0.0	670.2220905390626	763.01198113246	0.0
254	8.48631090487239	531.8196870945076	825.9940081515871	0.0	484.0266231295237	827.7876865305332	0.0	472.49939318331474	1009.1536291346446	0.0	479.4215564483283	1182.1052038986259	0.0	445.9389697467065	1236.8328524807164	0.0	433.9862529300172	1227.9364813452667	0.0	491.0027857962073	1209.490507776089	0.0	580.8152818954837	828.192530407127	0.0	577.3457109473284	992.6257013957816	0.0	581.4652191367101	1186.8601269831493	0.0	570.3450115960934	1243.0392135645486	0.0	596.7803148167927	1241.0582597486616	0.0	574.2863118723122	1213.9034281603083	0.0	548.2398695696951	570.8751915511557	0.0	573.1042109766868	456.54735783212357	0.0	570.2191088166268	543.5454091522463	0.0	459.6488230477681	594.6480363594751	0.0	421.37304822081705	704.846815162737	0.0	387.22585152489086	803.5330990378357	0.0	634.028452754646	594.5990413239124	0.0	666.8389268881747	704.2576759314844	0.0	672.8338024192119	753.3149683665682	0.0
255	8.51972157772622	533.5213267519234	826.2517900137741	0.0	485.2976062849104	828.5920832987937	0.0	473.28258795231426	1009.2883485860043	0.0	479.505781265906	1182.1335431146404	0.0	447.9522567624498	1237.039075460352	0.0	434.3058482250568	1227.8073095134778	0.0	491.29790209123337	1209.309851237628	0.0	582.8815926992307	829.5389592384391	0.0	578.0414790209367	996.7601756731098	0.0	581.1662042504848	1188.1087135412035	0.0	570.4064297537	1243.508667126222	0.0	596.7063181081414	1241.6333942856002	0.0	573.767329590288	1215.146915429852	0.0	549.2380389187647	569.259868599048	0.0	573.951266322793	453.9008441741362	0.0	569.6654206038028	540.722554419558	0.0	460.80573538260467	594.2388290628704	0.0	422.57455879701183	705.0255365564526	0.0	387.3619232715706	803.9399585464887	0.0	635.1244350624203	594.0664617860624	0.0	668.1625262722738	705.3469205765573	0.0	674.040413706656	755.0217145497268	0.0
256	8.553132250580047	534.8138617096513	826.5697049140286	0.0	486.63807837993835	829.079159945149	0.0	474.6487208173232	1008.8959764532956	0.0	479.271544767889	1181.9611985690012	0.0	450.10751407125633	1237.1207346951026	0.0	434.6077548813372	1228.1955995529397	0.0	491.2178955836459	1209.350098316538	0.0	583.787933728782	830.4767550956692	0.0	578.4204267985826	998.8038464947634	0.0	580.5081126523639	1188.268796544824	0.0	570.6511650985603	1244.062134939947	0.0	596.524427439306	1242.3191680315856	0.0	572.8607202159906	1215.0904853529976	0.0	550.3406149498917	567.7013338934747	0.0	573.1867633058889	451.05287996874205	0.0	569.6187200416007	537.5468398147627	0.0	462.20951148427065	593.352733103304	0.0	423.40635246920016	704.2493730726555	0.0	387.31250381273344	803.4078631609666	0.0	635.9294243970201	593.422168885842	0.0	669.2090022983011	705.262424285743	0.0	676.0460544492215	764.3092847454675	0.0
257	8.586542923433875	535.0994294822183	826.9673803232897	0.0	487.48310968858925	829.4870715822875	0.0	475.9002461106494	1008.5454175242642	0.0	478.75045024886185	1181.7671324719488	0.0	450.2779073076322	1237.2855428376106	0.0	434.35874979110696	1228.6336177421833	0.0	490.8119478108864	1209.4760203940043	0.0	583.5646236911763	831.3686054737204	0.0	578.4241418477388	999.9397478481752	0.0	579.9919124114858	1187.7696809689587	0.0	570.552400778772	1244.5272571199416	0.0	596.1863484474825	1242.6108407323684	0.0	571.7642548790265	1213.4702712523017	0.0	551.8297203456789	565.7121580011767	0.0	570.9776320323224	448.9926748964657	0.0	569.9322803724997	534.2499236954997	0.0	463.3502631818642	592.4339652214843	0.0	423.9259306083199	703.2034019124018	0.0	387.4329817794111	802.911137985339	0.0	637.024328794959	593.3388178736875	0.0	670.6633378718162	705.4359160769576	0.0	678.9974806110425	766.9170934591803	0.0
258	8.619953596287704	534.5936586274555	827.7030939599462	0.0	487.72951770331423	829.75685795353	0.0	476.34024986176297	1008.7637586871307	0.0	478.4269296293384	1180.9844132535165	0.0	449.38597339060186	1237.69597749668	0.0	433.7868897539048	1228.6145814487138	0.0	490.4304086093704	1208.4984684418544	0.0	583.0902681472484	832.0994985423024	0.0	578.2076682900355	1000.9116712730987	0.0	579.8343067069881	1187.125771263758	0.0	570.3898697639524	1245.092604905324	0.0	596.5114909360985	1242.626898560413	0.0	570.8681422318274	1211.7101101509245	0.0	553.03480805937	563.6259039807314	0.0	569.0299837328017	447.3818676057479	0.0	570.4441002967122	530.9752520552189	0.0	463.6214310980054	591.8764302869236	0.0	424.3661814371585	702.5457115840314	0.0	387.64628903143193	802.762861478681	0.0	638.0717598127286	593.6908837419924	0.0	671.5408801377777	705.1724640756871	0.0	680.7716077907597	764.0601063194173	0.0
259	8.653364269141532	534.076968198257	828.6688906591799	0.0	487.2748443655271	829.6454117305199	0.0	475.83824485947827	1009.3747436125658	0.0	478.9077748927271	1178.9790159804547	0.0	450.2016795128418	1238.2126666500774	0.0	434.4700256144378	1228.3289914664722	0.0	490.64598286713465	1205.7626549442668	0.0	583.3042066498955	832.210307781314	0.0	578.1410817139323	1001.6016293793588	0.0	579.8393645730188	1186.6785989194825	0.0	570.7662295412997	1245.7411294699186	0.0	597.9313633337816	1242.5393209376546	0.0	570.4376510568708	1211.0465662050801	0.0	553.3818566973991	562.0303713088833	0.0	568.0399444249286	445.26552948687936	0.0	570.373889859097	527.6506868848883	0.0	463.45967453626383	591.8139919778013	0.0	424.7032766045538	702.5416746291634	0.0	387.25048591788715	802.9633402163383	0.0	638.6233448362302	593.4545966913339	0.0	671.2186940149408	704.2808209054365	0.0	680.2985131194471	772.52957009658	0.0
260	8.68677494199536	533.8966707760605	828.6369319284385	0.0	486.21265927263795	828.9795866485747	0.0	474.40139411598926	1010.0472413009489	0.0	480.1587152715863	1176.136630480001	0.0	454.09884272814827	1238.3617910921316	0.0	437.51182698914477	1228.001933961213	0.0	491.8334282597364	1201.9748376169202	0.0	584.2487936575063	831.5605031595306	0.0	578.4111102354262	1002.1651671646622	0.0	579.8966607383318	1186.4658167149753	0.0	571.4852285490816	1245.8753790573865	0.0	599.6972303065739	1242.1030697676083	0.0	570.4077385883968	1211.2295378664498	0.0	553.2321255085335	560.6796675464857	0.0	566.622285836059	442.7445774045104	0.0	567.8395466405813	524.5057222123803	0.0	464.00200725254473	592.1253695172046	0.0	424.831507254893	702.8213293279458	0.0	386.2645674137195	803.6562367365357	0.0	639.0486351606737	592.206607714155	0.0	671.4217337526383	704.938293143685	0.0	679.0610743820456	788.6945314819405	0.0
261	8.72018561484919	533.8028659724059	827.020706425477	0.0	485.13302753084633	828.0928243441638	0.0	472.42455714688606	1010.6276534491466	0.0	481.46705630841217	1173.9655564071077	0.0	459.90408045650787	1238.2184430205762	0.0	441.778841805668	1227.963979077191	0.0	493.49698887416804	1199.1229096886377	0.0	584.8401537185927	830.6139390268193	0.0	578.868790581454	1002.8027436405702	0.0	579.9647749769418	1186.2524828012765	0.0	571.6787511222199	1245.446678906649	0.0	600.6282073249448	1241.3736740314055	0.0	570.6062745699228	1211.487778926286	0.0	553.0474387828772	559.0655900342144	0.0	563.8107148859029	440.2861644729618	0.0	562.4729432856832	522.0671679426399	0.0	465.2781930966012	592.5351783275687	0.0	424.9312497603547	702.7602091253033	0.0	385.48961116749473	804.7063958162535	0.0	639.7008186137906	590.8227228875911	0.0	673.3362429177452	707.839609918067	0.0	679.0572565893115	797.351963231513	0.0
262	8.753596287703017	533.3938352678998	825.2391203785234	0.0	484.32905045107856	827.5959760479981	0.0	471.04339656193287	1011.104026223535	0.0	482.57857333797267	1173.916474782573	0.0	465.5003683621429	1239.0896612984957	0.0	445.5602216724099	1229.467588059488	0.0	494.6886421942866	1199.241683975777	0.0	584.0841081486845	830.0460063740787	0.0	579.1200755509274	1002.8759330046348	0.0	579.677885149595	1185.603644151393	0.0	570.9305075538955	1245.5835968616368	0.0	599.943784365221	1240.9654159709848	0.0	570.8043183461515	1211.4681472917696	0.0	552.6858546324994	557.3443624193274	0.0	560.6426366565544	437.65343313085924	0.0	556.8404453150713	520.6063242465018	0.0	466.1170616826317	592.5045746473753	0.0	425.35637692360586	702.4026718382855	0.0	385.2672012928733	805.5616539636009	0.0	640.0588357537828	590.013645641938	0.0	675.4512668217008	710.4380439246356	0.0	679.88121341942	797.6079783876941	0.0
263	8.787006960556845	532.4720762550439	824.5296757721846	0.0	483.44648877087513	827.5431673989219	0.0	471.09159781611896	1011.5554107344788	0.0	484.103785400651	1176.3358760322346	0.0	470.4086682855299	1242.2530073284645	0.0	448.9571217880326	1233.5433038502742	0.0	495.14690234603273	1202.3433349852316	0.0	582.2187571869005	829.925890052392	0.0	578.7107217168249	1001.1444373641127	0.0	578.7939725012051	1184.2902221428062	0.0	569.8860128756384	1246.7070156324237	0.0	597.9624143766115	1240.9791232088285	0.0	570.403065886341	1211.2653009038213	0.0	552.0570909442104	556.0978592575432	0.0	558.3830073535164	434.9834155196196	0.0	553.2560246960776	519.9616747554002	0.0	465.77490419479864	591.7413933137598	0.0	425.99792081893384	702.3295651299196	0.0	385.3749670028547	805.8047664287271	0.0	639.517604242141	589.4951559433173	0.0	676.0716678386323	710.8148848979482	0.0	680.3137745882066	795.6463106738863	0.0
264	8.820417633410674	531.2573251791055	824.5913121179774	0.0	482.35329480637415	827.7509908656008	0.0	472.13765180169054	1012.1437693738267	0.0	486.2229996760546	1180.7365358479597	0.0	475.8070645327911	1247.1269723056216	0.0	453.19203654849406	1239.0277011619605	0.0	495.36976927857444	1206.885573641323	0.0	580.2654944874909	830.1128251848291	0.0	577.8129310060842	998.9507436622633	0.0	577.7860857607594	1183.4731803035527	0.0	569.2178700349195	1247.7707706464423	0.0	595.7969255381962	1240.9338830815047	0.0	569.1176533038567	1211.3403221371373	0.0	551.5216052412768	555.5762946673239	0.0	556.5976826833856	433.4805213146228	0.0	551.552532965808	519.3895761164198	0.0	464.37688370794115	591.2464577813506	0.0	426.1713867939442	702.5163462835424	0.0	385.48357648434103	805.5950666663858	0.0	638.591298246531	589.3118630818944	0.0	675.4940906330327	709.8392205728617	0.0	681.4945637318481	791.379130865658	0.0
265	8.853828306264502	530.3449021940285	824.9289570321589	0.0	481.5424830763507	828.3045604252077	0.0	473.4027149759003	1012.9883537031668	0.0	487.9094039182721	1186.549917425753	0.0	481.75509558108945	1251.7579701194772	0.0	458.0040490753369	1243.9361714650422	0.0	495.60794963723106	1212.3181699798552	0.0	578.9256071075287	830.8781460665807	0.0	577.2561213176494	1000.3645966662264	0.0	577.3949423031283	1184.677057004726	0.0	568.8141938229725	1248.177798765349	0.0	594.1936518798401	1240.9053264110687	0.0	568.0340414813652	1211.6954847616116	0.0	551.0847944283452	555.3707872443359	0.0	554.2939365135809	433.58670989277266	0.0	550.4321997003684	518.0505362502064	0.0	462.3231485861881	591.7885739934802	0.0	425.5577464926967	702.2760235884832	0.0	385.4296243149533	805.2712384024485	0.0	638.207819142892	589.9815297645154	0.0	674.9148192269216	709.4411453186398	0.0	683.8993763368845	778.0985539115428	0.0
266	8.88723897911833	530.1052612200098	825.6207719718502	0.0	481.22637059061583	828.9189458962339	0.0	475.05805780651394	1013.5159887675579	0.0	488.37539657467266	1192.8794970278564	0.0	486.5243496041639	1255.5523103274845	0.0	461.5584009811629	1248.41410845087	0.0	495.75085590907173	1218.737937535783	0.0	578.3908430766814	832.0509769219616	0.0	577.39185951172	1005.6709640583304	0.0	577.5960139566821	1186.4531695906899	0.0	568.4343375289762	1248.3290417365638	0.0	593.3130509913038	1241.111253727501	0.0	568.4456148290758	1211.3535006003071	0.0	550.153106684208	555.0133462592015	0.0	551.867396155426	433.7980232343023	0.0	549.3735799231987	516.4864268252419	0.0	460.0595072089737	592.0453977029515	0.0	424.5439195545561	701.5069862721783	0.0	385.35876268425613	804.6882921764436	0.0	638.2798621473161	591.1599087510264	0.0	674.4200383569242	710.6156055643368	0.0	684.4508669745172	759.3632083950779	0.0
267	8.920649651972159	530.2510482067534	826.8402158244821	0.0	481.004059295968	829.2716025551141	0.0	477.3785400363318	1013.3580252858587	0.0	488.38046265120755	1198.4042326821134	0.0	489.49095708053613	1260.072786095756	0.0	463.5546265224142	1253.8338707104244	0.0	496.0969815973517	1224.8812107269987	0.0	578.4578742230292	833.0281194541797	0.0	577.6550575150393	1010.097598262372	0.0	577.5380260812672	1185.7046666306187	0.0	568.06453025508	1248.4996223702271	0.0	593.0193618772178	1241.040926876573	0.0	569.8521007858163	1209.8766661604013	0.0	548.4805193203101	554.6954101431	0.0	550.1396554274168	433.0054716881929	0.0	548.5364024998274	515.9347584646764	0.0	458.1532924826032	590.8173894720304	0.0	423.7220841681133	700.8524670424566	0.0	385.3857325131074	803.7313029581347	0.0	637.9525480160332	591.813807065472	0.0	672.9499855191109	712.6139464084264	0.0	680.9089388184613	755.1759103992961	0.0
268	8.954060324825987	530.3918370724737	828.3829098091252	0.0	480.8198613158854	829.9758237424647	0.0	479.5449887104509	1013.8546773595202	0.0	489.2177691549053	1202.4753293788972	0.0	492.6788881949896	1265.9153330764536	0.0	466.0678827376141	1259.8884345591134	0.0	497.025085733215	1229.3248530504352	0.0	578.4137865085386	834.0384523859584	0.0	577.3272985212823	1010.9871613290617	0.0	576.7769202780255	1182.5979869384676	0.0	567.5900420559295	1248.5930663014258	0.0	592.8628227761994	1240.207175123402	0.0	570.6152839442406	1207.9520325510753	0.0	546.4545749398455	554.6471156339828	0.0	548.7898597043587	432.18784148809294	0.0	547.384022367675	515.6484359503714	0.0	457.1145792043595	589.1488842769346	0.0	423.4760569920538	700.6203275469028	0.0	385.38496370105224	803.0193918873878	0.0	636.6023468182311	591.6023775023831	0.0	670.0744997178972	714.1695583139327	0.0	675.3388289586136	773.0352505110377	0.0
269	8.987470997679814	530.3996773226204	829.8002087293959	0.0	480.9422680821604	831.6066520862607	0.0	480.9611504022521	1015.9963817759706	0.0	491.14916181622687	1205.4870499740578	0.0	497.5918819493695	1271.1304672023027	0.0	470.2464412053029	1264.9687093299126	0.0	498.24115182267684	1232.4979714417543	0.0	577.7316453921355	835.5029093266565	0.0	576.1807421662147	1010.0648791766524	0.0	575.8040114874277	1179.6812163157454	0.0	567.0950848768277	1248.5875956319667	0.0	592.4622653161173	1239.0447770056185	0.0	570.1237700962565	1205.9105111927015	0.0	544.4480863355017	554.4175285832763	0.0	547.1853248533348	432.03721868462577	0.0	545.3132862090996	514.1161909995526	0.0	456.6086652880228	588.5777235296988	0.0	423.5037278711829	700.6398405095983	0.0	385.2841610752003	802.9305818733276	0.0	634.2770156562532	591.2399635856087	0.0	666.7140235187302	714.8725526710955	0.0	670.6890631830993	795.494581490454	0.0
270	9.020881670533644	529.9076372767073	830.7724281928496	0.0	480.92730455547644	833.539735412347	0.0	482.24430653585904	1018.4813091244629	0.0	493.1660226221052	1207.6970959912464	0.0	502.3975825915079	1273.9914274387863	0.0	474.4180846514393	1268.3333722696477	0.0	499.1038478253067	1235.1709075629324	0.0	576.7474641282107	836.81344078693	0.0	574.7134339931449	1009.338800212172	0.0	575.122455156042	1177.6596211490987	0.0	567.1277913698696	1248.6469167589194	0.0	591.9736519217523	1238.3265162192642	0.0	569.0540242041886	1203.821367050933	0.0	542.5548883365468	553.7177211810297	0.0	545.3037718749405	431.56737235080334	0.0	542.8753660823023	512.4370357310144	0.0	455.40194811636195	588.9872120856996	0.0	422.91681203246884	700.7616322965059	0.0	385.18160835915415	802.8296556754243	0.0	631.6307302880342	591.3663661553663	0.0	664.2482740133966	714.7080628889954	0.0	667.720007777179	806.6017946988701	0.0
271	9.054292343387472	528.5717852027163	831.1647659171829	0.0	480.026452264378	834.9743832949445	0.0	483.648875686854	1019.9117577624255	0.0	494.10639544609705	1208.761496028205	0.0	504.7175189328089	1274.8134968276167	0.0	476.5554645771417	1270.1693965492584	0.0	499.27543011641234	1236.8295684741547	0.0	575.9025500925701	837.3571277685076	0.0	573.792308980179	1009.0854202707453	0.0	574.7304710020074	1175.840657177539	0.0	567.822191802853	1248.8546932318034	0.0	591.7695164210769	1238.1651655773496	0.0	567.9889425036934	1202.3436949910247	0.0	540.7781650346577	552.911115972927	0.0	543.237700176596	430.26292038013537	0.0	540.7410654392787	512.1561397673228	0.0	452.81447743408916	589.222571356855	0.0	421.16594731400073	700.8411204030356	0.0	385.1125213699329	802.2669137234369	0.0	629.3956945624572	591.6666232504231	0.0	663.3035005122688	713.817156067822	0.0	666.3125493482927	807.1288542631066	0.0
272	9.0877030162413	527.0901299466282	830.9054325679266	0.0	478.60806002471634	835.9716039718134	0.0	484.28154040919674	1020.4221332789899	0.0	493.88147302842015	1208.8601035635638	0.0	504.896446370091	1274.8200019620788	0.0	476.7721381451663	1270.743408171798	0.0	498.8939204695517	1237.2901526852072	0.0	575.1888367090711	837.4404860213773	0.0	573.723648682442	1008.6347279335937	0.0	574.5098113494611	1174.3848041651754	0.0	568.5175719433696	1249.1488735115024	0.0	591.8937261098757	1238.2987358505586	0.0	567.0475929965419	1201.9021383235638	0.0	538.9657258178784	552.14135821833	0.0	540.8890494884452	428.887246595738	0.0	538.5794768766502	511.8077957898227	0.0	449.4852490486289	588.9861193488194	0.0	418.65585115223365	700.5455253104013	0.0	384.9841653088206	801.6357803804448	0.0	627.6373267297184	591.1767271966927	0.0	663.1882932442425	712.6309441052787	0.0	666.1210059153469	803.2297754623215	0.0
273	9.121113689095129	526.4266672325632	830.2332798351279	0.0	477.67628888112716	836.5832282359987	0.0	483.5533094616503	1020.6124581484343	0.0	493.3119808777119	1208.9407501636533	0.0	504.61233014705715	1274.929680625045	0.0	476.39057988784725	1270.5522553714018	0.0	498.40784229670624	1237.4960527001651	0.0	574.621670379987	837.2469505972164	0.0	574.0902023322452	1007.5746573196576	0.0	574.4609822505063	1173.872937457772	0.0	568.7689052217563	1249.4482494367303	0.0	592.1386956437668	1238.6592360344794	0.0	566.478270192461	1201.9893100571517	0.0	536.6558112548003	551.2886285961506	0.0	538.3076999884521	427.62227518865353	0.0	535.8647866820901	509.8545743253973	0.0	446.3614537307051	588.7876568239545	0.0	416.1508387497455	699.4460808970562	0.0	384.47178937141064	801.1076116411494	0.0	625.7722875875425	589.4674525478301	0.0	662.6954055135674	711.3707856235591	0.0	665.9663399668947	793.1435918813282	0.0
274	9.154524361948956	526.0991445058843	830.0004131452126	0.0	477.0989894974745	836.4573237913372	0.0	482.10185244081634	1020.834063846902	0.0	493.18610197301314	1209.6592557740828	0.0	504.48675248034436	1275.4796882942492	0.0	476.03654337154506	1270.3236945610142	0.0	498.3356147474125	1237.9875754168468	0.0	574.1740601229632	836.2165561418956	0.0	574.3531147182758	1006.23754643629	0.0	574.6232429748957	1174.0874080260696	0.0	568.7742560069124	1249.463755399852	0.0	592.4079818304707	1239.1071478417539	0.0	566.5838830006288	1201.8658529600123	0.0	533.6984245104184	550.5636803701968	0.0	535.7314131069287	425.6002394664454	0.0	533.2640991661656	507.8299667805698	0.0	443.8600345930922	588.6670556759216	0.0	413.83105434510287	697.6444637300866	0.0	383.0090044541222	800.3368643406844	0.0	623.5863409021586	587.5521235593231	0.0	661.4623521129284	710.1973187328514	0.0	664.8043121851059	774.4656074555566	0.0
275	9.187935034802784	525.0831435992296	830.452382019536	0.0	476.0140480899771	835.8291425499968	0.0	480.9772098421026	1021.1891130837108	0.0	493.54948426852445	1210.7530545431948	0.0	504.2083754264666	1276.2647316221464	0.0	475.59030778146075	1270.367865175809	0.0	498.76310697090304	1238.3228407067943	0.0	573.6929967121696	834.244335938039	0.0	574.272000192906	1004.815541450934	0.0	574.9881548685015	1174.2076794354095	0.0	568.7713642828594	1248.799404390499	0.0	592.8719822376199	1239.3452934822164	0.0	567.3283269854687	1201.4823507247477	0.0	530.8111177740568	549.8218773689111	0.0	533.1986867646649	422.85665393401666	0.0	531.4923852285511	507.1751130727375	0.0	441.9231657479971	588.4754661297197	0.0	411.65086571016957	695.9864949203823	0.0	380.5641382288271	799.2071350102951	0.0	621.5813868503908	586.474568535652	0.0	659.8505378108143	709.1151352695287	0.0	662.9328947735484	758.7183054989072	0.0
276	9.221345707656614	523.8080081258174	830.1601215473755	0.0	474.6372958676952	835.2966325784233	0.0	480.6362308005932	1021.482652315937	0.0	493.6787671982683	1211.1882630361888	0.0	503.65979950758816	1276.7069228331245	0.0	475.0981363430538	1270.5183717929851	0.0	499.1848302742353	1237.9635713949694	0.0	573.3454466700447	832.3955297043127	0.0	573.9307207287923	1002.5046774838885	0.0	575.4644356969444	1173.7745125896886	0.0	568.7022273655268	1247.7298471161769	0.0	593.6056332251353	1239.3027690548906	0.0	568.1563261928218	1201.1152435630295	0.0	528.6860065493931	548.3675144485233	0.0	530.5507975009073	420.88038752489894	0.0	529.2993243340337	506.2911882629504	0.0	440.047807078677	588.5467593697408	0.0	409.6696820653867	694.9980426968152	0.0	377.7516053929879	797.9152441672966	0.0	620.0520458920936	585.6572274165948	0.0	657.9688288909297	707.4017175865279	0.0	661.2000939485517	757.1462364042135	0.0
277	9.254756380510441	523.1969667543988	828.123782042802	0.0	473.81153395224794	834.7625917507819	0.0	480.7806966612735	1021.5469416217172	0.0	493.35985031060244	1210.413426555221	0.0	503.2959578009385	1276.5798125579279	0.0	474.8176995435148	1270.6977518887734	0.0	499.5533881773761	1237.1297611092875	0.0	573.1684884832688	831.3048766553262	0.0	573.5564263175323	998.1143638258366	0.0	575.8427419055512	1173.0864193272141	0.0	568.4567575476442	1247.0673627540766	0.0	594.2059759575378	1239.2038451673595	0.0	568.4216755346974	1200.6456815751299	0.0	527.1876694758108	546.3854944277712	0.0	528.1337585437592	420.26788379183057	0.0	525.8785308785991	503.66357016585255	0.0	437.7725615267711	588.7268894824107	0.0	407.4578474599203	694.2580415017626	0.0	374.8402448838081	796.6778544045451	0.0	618.6392355481355	584.2337895016528	0.0	656.1968785546316	704.9895370394836	0.0	659.432663572441	764.7694523531992	0.0
278	9.288167053364269	522.8067901639545	825.7194692581468	0.0	473.3574778322426	833.5567686647166	0.0	480.84015725967487	1021.4494810930337	0.0	493.47658273946627	1209.2986231298926	0.0	503.7576446077983	1276.3446563612974	0.0	474.7503355546442	1270.946221989932	0.0	500.41812392231856	1236.5659778873382	0.0	572.7403863249366	830.0087929745007	0.0	573.6402389267265	991.8404934960087	0.0	576.0743645252098	1172.8641840525077	0.0	568.2717175369631	1246.8864852988795	0.0	594.4398882398634	1239.2290055808426	0.0	568.4841859627935	1200.191321622565	0.0	525.8696616288462	544.8863967408523	0.0	526.7251227865368	419.5372174008184	0.0	522.969645096547	500.71961338838634	0.0	435.34743501525304	587.8556493649259	0.0	404.60035373654983	693.1911071708918	0.0	371.7174114720443	795.6094662983714	0.0	617.0960638307504	582.5543724230013	0.0	655.0947727274374	703.6629139705212	0.0	656.8645525797336	772.5469598534177	0.0
279	9.321577726218099	521.8281348589048	824.6752583411408	0.0	472.49936167106813	831.402473990871	0.0	480.5953717360604	1021.3189815076042	0.0	494.3645411559249	1208.8650405658902	0.0	504.9690911761584	1276.2411099029964	0.0	474.7258964374544	1271.0592023588865	0.0	501.5667830296082	1236.5326939604874	0.0	571.9435225979807	827.7017982714774	0.0	574.5612845665318	985.8091548609825	0.0	576.4719522760057	1173.2063409564867	0.0	568.5383407379062	1246.5808642941013	0.0	594.6767604077497	1239.4367568614105	0.0	569.3191614033311	1200.1629759473049	0.0	524.3752580827947	543.8755574935676	0.0	526.0702426160542	417.3217866468782	0.0	521.6667508701491	499.13145301212586	0.0	433.09454780783744	585.650780114657	0.0	401.3582968484941	691.9552043480703	0.0	368.5343746144059	794.8487413353807	0.0	615.7814256088697	581.3153256897451	0.0	653.9800721384429	704.6978262757962	0.0	653.6190765538266	777.6504811227619	0.0
280	9.354988399071926	520.5441747535572	824.6006086042207	0.0	471.12395450507876	829.3080302707191	0.0	480.2673249961885	1021.2068050683066	0.0	495.0863495780147	1208.9135774061067	0.0	506.08304330268294	1275.9157102723948	0.0	474.69933202559486	1270.7260187014574	0.0	502.26338858580175	1236.249427870682	0.0	571.0350190771637	825.3242266251148	0.0	575.7506564270757	981.3268914495584	0.0	577.2698920145908	1172.8588551553107	0.0	569.1607444653037	1246.0827061250275	0.0	595.0164949560125	1239.8668726163157	0.0	570.8425179178346	1200.1761021105306	0.0	522.4979454590988	542.3657553489635	0.0	524.9749674763414	414.39264013696464	0.0	520.8961939013788	498.4895210187526	0.0	430.7517276959744	583.5336753848418	0.0	397.95759217832176	691.3376644574058	0.0	365.64988555610336	795.0033352001959	0.0	615.077724487817	580.611081784912	0.0	651.8531212330291	706.6479853813449	0.0	650.7243925562624	782.9017463670804	0.0
281	9.388399071925754	519.7656977889332	823.953080814558	0.0	469.9406586874712	828.5644417091813	0.0	480.0489841043875	1020.9358819526365	0.0	494.93854379316923	1208.731457509818	0.0	506.66639420099426	1275.3598094911522	0.0	474.6721528428087	1270.1150940583113	0.0	502.2838489005257	1235.0429015510124	0.0	570.2869271520974	823.9307018734911	0.0	576.4073248063138	977.1449163791915	0.0	578.4039737712523	1170.728372601552	0.0	569.5545537075182	1245.4395083398642	0.0	594.9957615811128	1239.9952036155842	0.0	572.2223782394475	1199.2054978221895	0.0	520.5554359766486	540.6272837288535	0.0	523.4329900958677	412.66763085302233	0.0	519.8774459666182	498.2418845572723	0.0	428.23480528921215	582.5444185304046	0.0	394.3237299572208	691.9100063780451	0.0	363.4657293390916	796.5425351725861	0.0	614.7047469764904	580.053764718206	0.0	649.1930824565451	707.4475617524615	0.0	648.7910824822908	791.3938261265821	0.0
282	9.421809744779583	519.842798646012	822.2139304547131	0.0	469.8385963408203	828.8378311839755	0.0	479.83041927066114	1020.5146894363507	0.0	494.2477625726404	1208.594080653175	0.0	506.7893728838088	1275.3343870010353	0.0	474.50891041950763	1269.9737361830396	0.0	501.7065505738509	1234.2237054718262	0.0	570.0247733471085	822.8732440904236	0.0	576.6345969855155	972.0368454440247	0.0	579.6206981400521	1167.8458306609427	0.0	569.2957804115341	1244.0993240296368	0.0	594.5445785075972	1238.8961259893804	0.0	573.3555489247904	1197.0992928305031	0.0	519.1648128992248	540.5173081735569	0.0	522.6551700219251	412.86119552234993	0.0	519.3076369902643	499.9238609740978	0.0	426.03544937803963	582.3849838402425	0.0	390.760162876988	693.4758334490963	0.0	362.3331539738801	798.4328910082381	0.0	613.8788798714411	579.2228764980243	0.0	647.3089477995584	707.1576352201491	0.0	647.4252270233696	799.5764893675752	0.0
283	9.455220417633411	520.3658456670869	820.1685062254339	0.0	470.8344343776673	829.1472749740719	0.0	479.5190858120997	1020.6592343962691	0.0	493.62420771224885	1209.5999545167956	0.0	506.207286506866	1276.2906670725317	0.0	474.16095368873874	1270.7258280749265	0.0	501.0582216480072	1235.5507889585858	0.0	570.2437796883354	821.3391018117583	0.0	576.9766022719698	967.1181128734152	0.0	580.7231840720511	1166.3481523546423	0.0	568.5623445904431	1242.472860248969	0.0	594.1461367580857	1237.1645710835307	0.0	574.6729702036442	1195.4504488410105	0.0	518.4475097881161	542.4664324723711	0.0	522.9167458085012	414.1268931378411	0.0	520.1058138990027	504.69431842255295	0.0	424.67189754087246	582.6844711841024	0.0	387.8273936805461	695.2775150187503	0.0	361.9922436634139	799.3184080996117	0.0	612.3412589164736	578.3917079234582	0.0	646.5598610696123	706.9155612012844	0.0	646.2833752636868	802.7720352862463	0.0
284	9.48863109048724	520.683589673179	818.9156130801282	0.0	471.91389178301284	829.4360328816337	0.0	479.5007417715123	1021.8127070355702	0.0	493.37766146725363	1211.677079860819	0.0	504.8880250387783	1277.565210337617	0.0	473.92831975586654	1271.8611445876468	0.0	501.4224504227795	1238.0282862368022	0.0	570.51999596967	819.9568841316427	0.0	577.5726121062057	964.4620018895113	0.0	582.0516793891012	1166.766936408847	0.0	567.8734274223948	1242.6114468644123	0.0	593.9615415430453	1237.2036604646846	0.0	576.438275298631	1195.3480995468055	0.0	517.9645438741148	544.4087658770081	0.0	523.3231051056955	415.9371891776369	0.0	521.8486930902903	509.29114488723826	0.0	424.2412578326019	583.4722377059655	0.0	385.4488030398847	696.8806320179164	0.0	361.71705147992947	799.8150044787095	0.0	610.8745635185496	578.3497163647032	0.0	645.8722615059756	706.6558852715061	0.0	645.31100182091	802.4462442886081	0.0
285	9.522041763341068	520.7201796485565	819.1190937629673	0.0	472.3245272936419	829.8845329699565	0.0	480.1893592572033	1023.1489708353723	0.0	493.48086513513135	1212.9532488400102	0.0	503.75052338395625	1278.362564736668	0.0	473.9887940550775	1272.5635873388192	0.0	502.7261154343732	1239.0745709363223	0.0	570.6374050021889	819.464550697751	0.0	578.1454457339357	964.1233912928133	0.0	583.8979483073404	1168.0288100262928	0.0	567.6608276536697	1245.6149005026678	0.0	593.9534739781582	1240.220929405934	0.0	578.5318291273055	1195.738460501882	0.0	517.2800334263957	545.1571814397114	0.0	523.4218525871598	418.3993592779338	0.0	523.2184882506862	510.2679913260061	0.0	424.1294074860573	584.4162910324351	0.0	383.24376980793096	698.3287410429141	0.0	361.3141759986644	801.22285898103	0.0	610.0273665864247	578.8350872982802	0.0	644.1721680968981	705.3380257061893	0.0	644.0963450742246	801.7542461959237	0.0
286	9.555452436194896	520.8186794159602	820.6537241785627	0.0	472.24517000763046	830.4300724257805	0.0	481.18618636334554	1023.5984218445061	0.0	493.7116248751636	1212.1914837423494	0.0	503.85953112225127	1278.626841211078	0.0	474.07612702943464	1272.5422189636158	0.0	503.1975899507458	1237.798050963021	0.0	570.7073800676894	819.5558625057474	0.0	578.6802730132869	964.4830361389968	0.0	585.4712019499667	1170.1746070484562	0.0	568.3480428716653	1250.337154342359	0.0	594.7758145266747	1244.891506043927	0.0	580.1346684537134	1197.0509193324017	0.0	516.2502852193865	546.0279465697402	0.0	523.4839173101076	420.7929383752916	0.0	523.7337855650093	509.9191536153132	0.0	423.5286617633552	584.7249142745718	0.0	381.49800226797055	699.1988802340167	0.0	360.9490719151227	803.0039697430178	0.0	609.0445850985674	578.459516280071	0.0	641.892070448663	702.7706309744927	0.0	642.6347077731372	800.0198238998177	0.0
287	9.588863109048726	521.0823003454227	822.4851048734349	0.0	472.0980481529441	831.0514691499384	0.0	481.77859334021014	1023.1693312115431	0.0	494.08479433600405	1210.662149411876	0.0	505.13163076528474	1278.5900357883652	0.0	474.03971497271084	1272.2967800606482	0.0	502.14660744894684	1235.5564116901546	0.0	570.8663867795087	819.752334743457	0.0	579.6467952061817	965.4259138136212	0.0	585.947995981262	1174.5569195669411	0.0	569.922801548073	1255.569992428152	0.0	596.9804018474432	1249.9917168108234	0.0	580.726760758826	1201.8510715342882	0.0	514.9376322185026	547.6944405758529	0.0	523.6048347166712	422.0988112546408	0.0	523.7815829790992	511.55235801740673	0.0	422.4359044285692	583.9814518532905	0.0	380.73573437393514	699.2367072036187	0.0	360.4589677580756	803.8404166917039	0.0	607.3016474250469	576.8568330675294	0.0	640.3881140348203	700.4198248381022	0.0	641.5268874715142	795.5034156087424	0.0
288	9.622273781902553	521.4973719196466	823.5856126602565	0.0	472.28016636226954	831.8076798964815	0.0	481.8976136457871	1022.5624536509066	0.0	494.647705232712	1210.142342613906	0.0	506.2668148911043	1278.5459799402317	0.0	474.0180100949968	1272.5682939236049	0.0	501.0345256901242	1234.3694362233407	0.0	571.2411551986429	820.5188554291263	0.0	581.0602255313745	968.5920150512005	0.0	586.0321313630709	1181.3826080190127	0.0	571.4562306653767	1260.750870694712	0.0	599.5243516686817	1255.5417196946808	0.0	581.2424747383375	1209.8014594771444	0.0	513.680903962347	548.7932609690047	0.0	523.6143006817778	422.70486825415776	0.0	523.6468340927598	514.3082822693696	0.0	421.3318100227084	582.6814444797416	0.0	380.8076630273688	699.4183582529039	0.0	359.75772570299165	804.073809565005	0.0	605.7130430569581	575.2892712569427	0.0	640.0854793317309	699.5468134234591	0.0	640.8705339992669	785.8133189750783	0.0
289	9.655684454756381	522.0425874729569	824.1906072415885	0.0	472.8920440252835	832.6529988674654	0.0	481.7810625405558	1022.0117341611644	0.0	494.9100517551905	1210.659042284879	0.0	506.02535982590825	1278.8136986252032	0.0	473.9372188386236	1273.3850531227527	0.0	500.9665933522891	1235.0151175825665	0.0	571.7811553682573	822.4361464382706	0.0	581.9082796993207	974.3675376801664	0.0	586.8119805262556	1189.2379083034646	0.0	572.6264669169763	1264.5844056953142	0.0	601.1884581354071	1260.6990099742793	0.0	582.5238013396715	1218.2122178660345	0.0	513.0651390498343	548.6366332032844	0.0	523.5753557027724	423.8196984299601	0.0	523.5049214144549	516.3517369384772	0.0	420.30900332997874	581.7765912589142	0.0	381.020012166598	700.4053745419366	0.0	359.0919594344923	804.9943014074923	0.0	605.363878105138	574.6658298840355	0.0	640.2667273344354	699.2412395466706	0.0	640.3787439882099	762.7772421905256	0.0
290	9.68909512761021	522.2018994659962	824.9368944596429	0.0	473.15083285717515	833.270002268667	0.0	481.2757510951371	1021.3118045288153	0.0	494.4736320183719	1211.5702905662956	0.0	504.1632847719869	1279.099059095885	0.0	473.36801019725897	1273.940629854656	0.0	501.4338943999427	1236.5412624023054	0.0	571.9949058220958	824.5490216368074	0.0	581.3173252341766	980.6287013315213	0.0	588.0084536307508	1196.047371358156	0.0	574.2722533948378	1265.9148759111192	0.0	602.4225017743374	1262.9119492735779	0.0	584.0059530517887	1225.9787811001706	0.0	513.3600208133637	548.1489558834695	0.0	523.8868353239274	425.51060328831744	0.0	523.7990735212727	517.672552802362	0.0	419.4670471525154	581.6312224762534	0.0	380.9012731782672	701.2288021358981	0.0	358.49871378349303	806.6217004021997	0.0	606.0295948141314	574.6793037808774	0.0	640.4724315194584	698.662329213913	0.0	640.1229726770702	727.0507288492261	0.0
291	9.722505800464038	521.5707496991153	825.6521320074803	0.0	472.53162037607746	833.6827083932565	0.0	480.2203660927893	1021.0196353367821	0.0	493.75584817496474	1212.6439686333981	0.0	501.50646153558887	1278.7528356236978	0.0	472.1730535572428	1273.5763192820364	0.0	501.5857233536509	1237.706295401063	0.0	571.5780137731387	825.5593812868476	0.0	579.9669727065152	985.5853261941473	0.0	588.7428690894183	1199.7806131182158	0.0	576.4951701643906	1265.3107120739373	0.0	604.1522143097222	1259.8094111328166	0.0	584.9017240524198	1231.6445695204072	0.0	514.211686654051	548.0339746355744	0.0	524.8967307911197	426.7625987748537	0.0	525.0713182525195	518.5927751928518	0.0	419.2068061652468	581.8458963966295	0.0	380.3996120421037	700.8638354867663	0.0	357.6835839323021	807.9103965922089	0.0	606.9153347384834	574.8918992659204	0.0	640.6873703328039	698.3609475130943	0.0	640.4297114949563	699.3981338566405	0.0
292	9.755916473317866	520.8308655235134	826.0380337785209	0.0	471.74599485837695	834.3618478571025	0.0	479.10347877261955	1022.3302031867026	0.0	493.4093295108177	1213.415758626434	0.0	499.5983017224655	1277.874305760474	0.0	471.11510776713465	1272.6493262995045	0.0	501.3374227113712	1238.3063190842274	0.0	570.9803008981656	825.7556162760756	0.0	579.104345473326	988.5818607885367	0.0	588.8989504372528	1200.1539070380654	0.0	578.5988587896339	1263.745786986165	0.0	606.445166408081	1252.4142446273488	0.0	585.0467096401995	1232.6940072958114	0.0	514.9988577689763	548.1880180792782	0.0	526.46852743531	427.2178415155925	0.0	527.208273807107	518.8712327347938	0.0	419.43528119165245	581.9535234069616	0.0	379.71231377660075	699.8926377778297	0.0	356.6445991044474	808.3507456521708	0.0	607.4462922549097	574.9183919703474	0.0	640.6376676475315	697.3993352691434	0.0	641.2091073653469	692.3209660810024	0.0
293	9.789327146171695	520.5550758384949	826.2369540047628	0.0	471.3433310380173	835.1720192617513	0.0	478.5817210621302	1024.9156858129097	0.0	493.364114041405	1213.4436955267406	0.0	499.27632598747675	1277.0334082805655	0.0	470.94516604490684	1272.0124682063702	0.0	500.98186805231995	1238.6953514392424	0.0	570.4902043808763	825.989852186758	0.0	578.6256967088799	988.7324946571355	0.0	588.887883225612	1199.6304819165198	0.0	580.0188915052465	1261.084120698712	0.0	608.4364324131111	1245.902174348862	0.0	584.7666275109473	1230.4956189535017	0.0	515.3471518976281	548.7030976164932	0.0	528.1255783460157	427.51737756765044	0.0	529.1905807511922	519.0481319353859	0.0	419.8875794770889	581.8423960577326	0.0	379.2990620102897	699.5650914513902	0.0	355.7922478507791	808.3377335892148	0.0	607.3147478122419	574.49525881957	0.0	640.233180965474	694.6789701078795	0.0	641.6632556130428	695.1381484014869	0.0
294	9.822737819025523	520.320170991693	826.7928144734376	0.0	471.09615341691574	835.6974140576183	0.0	478.66187943741403	1026.5774163996075	0.0	493.09349010476586	1213.167540600445	0.0	499.86339285651314	1276.4678213327527	0.0	471.2378283521815	1271.9541760397824	0.0	500.55604922501516	1238.9204561169888	0.0	569.9357420254433	826.5400766514643	0.0	577.617828040865	987.477691991391	0.0	588.9156658588394	1201.361206250138	0.0	580.3036098037744	1258.7950410697642	0.0	609.2139092765495	1245.5142785444393	0.0	584.7582341928617	1230.755355409766	0.0	515.3360039373425	550.2857746763606	0.0	529.6079564259812	428.3323996175901	0.0	530.3377342759177	521.0392408807044	0.0	420.8741554644162	581.9278328447398	0.0	379.418684757913	700.2869668764067	0.0	355.37139381683716	808.356304634437	0.0	606.895382230898	574.3991960226219	0.0	639.9281739159023	691.7470628572684	0.0	641.5915047480487	697.4162369044803	0.0
295	9.85614849187935	519.9144413652656	828.2107445394038	0.0	470.90048861243275	836.2472135974581	0.0	478.9010409855591	1026.4118477323814	0.0	492.6151433977953	1213.4169696225683	0.0	500.59569624348006	1276.349019493319	0.0	471.37683611098197	1272.1875539564553	0.0	500.0918526402	1239.040012163356	0.0	569.3750486690153	827.5329910126712	0.0	575.8651903617204	987.4702374357762	0.0	588.810403740312	1206.299669742362	0.0	579.5817770860027	1260.684527771517	0.0	608.761182355793	1252.3652172304182	0.0	585.5688799808454	1236.6495199386086	0.0	515.2885744787185	553.063737149662	0.0	530.9623012367807	429.96489949637953	0.0	531.1386636475304	525.3497674193508	0.0	422.1179893788212	582.6593809482849	0.0	379.73754151840564	701.8825962199803	0.0	355.34404293551006	808.4706889612287	0.0	607.039249973352	575.4453193131028	0.0	640.0111662056379	690.0424311554699	0.0	641.934616668322	699.3318813033519	0.0
296	9.88955916473318	519.4173250472734	830.1008805000125	0.0	470.56294329215626	837.1854036231201	0.0	478.9245010668198	1025.981500950164	0.0	492.29813138114486	1214.1882443723464	0.0	501.4281423722036	1276.8873190308423	0.0	471.6233389078876	1272.6333075217685	0.0	499.7887074027649	1239.361756133161	0.0	568.7315605351838	828.9351992194597	0.0	573.8522744858025	988.0868882448427	0.0	588.3323086576555	1212.3784924176164	0.0	578.2945853042514	1266.3810957306362	0.0	607.175180566039	1262.3892533546516	0.0	586.6426998134532	1244.8694556854814	0.0	515.4926326564406	555.5801146015975	0.0	532.1508667127378	432.1561935794592	0.0	532.1169529508259	528.9538832020146	0.0	422.43039906428436	583.7263028072097	0.0	379.95340182105923	703.9812562760297	0.0	355.64424525022764	808.5366049655295	0.0	607.9820456633114	576.8193475580998	0.0	640.4314786128444	689.3665898101236	0.0	642.6695615137337	701.0445777251562	0.0
297	9.922969837587008	518.5019758118847	831.8389602481632	0.0	469.6457753893103	838.1167055628877	0.0	478.5391012129265	1026.1318233203806	0.0	492.2843356273105	1214.6823136460314	0.0	502.11663652961306	1278.1105683228102	0.0	472.1530536352743	1273.5904501853374	0.0	499.8062678030459	1240.0842873145425	0.0	567.7727425927461	830.4873531664588	0.0	572.0352818016771	988.8387321537665	0.0	587.4361149860641	1217.1173110133932	0.0	576.7104295249994	1271.6987127682278	0.0	604.8134884576707	1270.4602565761893	0.0	586.4607330838777	1251.0536396949308	0.0	516.0240930650675	556.7576585549295	0.0	533.2296860997141	434.11870312938953	0.0	533.2476226335205	529.995686498652	0.0	421.7766676037962	584.4971840997089	0.0	380.3787917447593	705.6269990444504	0.0	356.1854497934591	808.349396811812	0.0	609.2662115257581	577.3461772918876	0.0	641.1312451678491	689.1437557527734	0.0	642.9420825145706	700.600666401421	0.0
298	9.956380510440836	517.3207605781995	833.418474088964	0.0	468.52554515294287	838.3821323853704	0.0	477.7817703567163	1026.0628284935017	0.0	492.7031295755447	1214.5408110639503	0.0	502.2361810597655	1279.7800313498794	0.0	472.709494242031	1274.92212318595	0.0	500.3502548429684	1241.00010578053	0.0	566.8937790018159	831.8295124191434	0.0	570.3131326141895	991.3364192975022	0.0	585.9084213593966	1220.4484388974747	0.0	575.2300265063112	1276.4912324941736	0.0	602.898719565437	1276.2890929053326	0.0	584.2620590661999	1255.3906152873265	0.0	516.8123259573987	557.9667862138377	0.0	534.8513095945593	435.5001031044232	0.0	534.7634781523011	531.6954792248783	0.0	421.6918184278933	584.8134263198481	0.0	381.5969553621956	705.8523849772826	0.0	356.6899755530626	807.910841573849	0.0	610.7703445554972	577.3266234394873	0.0	642.2523474156237	688.4923178034371	0.0	643.7011802141163	699.9471230098864	0.0
299	9.989791183294665	516.7492078922572	834.6116419373458	0.0	467.96766778153534	837.8113645482881	0.0	476.8756642567047	1025.6111117473522	0.0	493.5271075127006	1214.1782044747742	0.0	502.0249721441254	1281.0120590589981	0.0	473.2906158725007	1275.886118086473	0.0	501.5577175852489	1241.3967367347263	0.0	566.6859549645296	832.4796314756478	0.0	568.3974617418157	994.4905948954565	0.0	583.5040837705229	1223.5943601566305	0.0	573.4204455127017	1282.515825763918	0.0	601.4333173037504	1282.178013857536	0.0	580.9437231816598	1259.5808623844757	0.0	518.0692422569924	560.5899065890852	0.0	537.413364597126	436.597538572328	0.0	536.85464721808	536.415925013465	0.0	423.184487308204	584.8595458209942	0.0	383.79534695054673	705.0962334189636	0.0	356.84290236112133	807.7923032233374	0.0	612.7435560920891	577.7286558736067	0.0	644.1327215272339	687.0246435233082	0.0	646.2243777971634	702.2935378233877	0.0
300	10.023201856148493	516.8943806062147	834.9946646606373	0.0	467.61251272160405	837.0703041018327	0.0	476.1982370773625	1025.3285147588601	0.0	494.2594616766792	1214.053568145283	0.0	502.10225482385647	1280.9859234683902	0.0	473.8290925318633	1276.1499127029977	0.0	502.9957182101132	1240.6234529855387	0.0	566.9087432229157	832.6311543195579	0.0	566.607117220442	996.2143905843417	0.0	580.8121853559445	1227.24154216675	0.0	570.018231150522	1288.4331700158587	0.0	599.0515137900296	1288.2348950224984	0.0	578.1813536765974	1262.980454065378	0.0	520.0701603362743	563.3532342181124	0.0	540.2941310503692	437.7468475073475	0.0	539.020986696774	541.2843941271703	0.0	425.62671500872085	584.804232518522	0.0	386.3993765663006	705.1930347326087	0.0	356.67113400125663	808.7010863910348	0.0	614.9182132103442	578.6295075262921	0.0	646.2627267397359	685.8206254735632	0.0	649.2275799102154	705.880279784598	0.0
301	10.05661252900232	517.0480735279011	834.9263656012862	0.0	466.8369055970458	837.154543846221	0.0	476.07599374289316	1025.4925092301148	0.0	494.49689853296	1214.2870786891763	0.0	502.71505168392724	1280.1252035459765	0.0	474.2574461893052	1276.1443309879935	0.0	503.92450273419246	1239.1835358601434	0.0	566.881808189832	833.0023455017242	0.0	565.3481606036866	997.0051939932611	0.0	578.7282722365856	1230.8208997706333	0.0	565.6794652571912	1292.6564070971108	0.0	596.18418225657	1293.1289577838643	0.0	576.7828113375103	1264.1766335737639	0.0	522.3141667396175	564.767011831164	0.0	543.3683972028823	439.42632870591444	0.0	541.1767405943272	543.994333345099	0.0	427.55858620368303	584.7297093954944	0.0	388.5246530575294	707.1412720690182	0.0	356.6252445200606	810.6666391591239	0.0	616.7100138469161	579.3405927209632	0.0	647.53868168066	686.0081084914952	0.0	651.2308662923369	707.1730944536436	0.0
302	10.09002320185615	517.183983475445	835.3086663875267	0.0	466.2358626854905	838.0290775647527	0.0	476.3461680369701	1025.9709685822122	0.0	494.4013618733401	1214.7007457518137	0.0	503.4577683377594	1279.4777451473349	0.0	474.9905546615986	1276.2613903344945	0.0	504.2247822088183	1238.6611107016297	0.0	566.6939621731708	833.4302835746826	0.0	564.5994290955496	997.3430530713397	0.0	577.4828170254302	1232.74299254187	0.0	562.8756234646629	1295.9467826619766	0.0	594.7699045222807	1296.2228582915386	0.0	575.9940361602414	1264.1519037151609	0.0	523.9809755033612	565.4153976629742	0.0	547.5398453366013	441.5232715862737	0.0	544.2350834466312	546.1478779717986	0.0	428.144521872027	584.7682953925938	0.0	389.90146867542865	709.3289489339743	0.0	357.3374503799618	812.6532219280398	0.0	618.1256643337562	579.5958753513893	0.0	648.6018082327589	687.4098486905992	0.0	653.4391050842498	706.336239313614	0.0
303	10.123433874709978	517.9133292725115	836.5535681133656	0.0	466.7433284598128	838.7439210529553	0.0	476.7308713677945	1026.4319792700237	0.0	494.29668330945344	1215.1029688644926	0.0	503.4365014170551	1279.5484586808793	0.0	476.0189060830754	1276.303104635142	0.0	504.3639570004989	1239.761420213539	0.0	567.0948444992966	833.4623537775415	0.0	564.4331235428989	996.945095511242	0.0	577.0484843626751	1232.814832531465	0.0	562.3643531940899	1299.4822932337702	0.0	595.0582067176018	1298.0991926822628	0.0	575.0081011900198	1265.3838806661486	0.0	525.2997054062976	566.0626925027727	0.0	552.5562400096776	442.80106128702647	0.0	548.3420871547439	548.8437934605815	0.0	428.15520790779476	584.9514059035564	0.0	391.01120809381143	709.4837313407108	0.0	358.933938979125	813.4441636031142	0.0	619.8362455745981	579.7238963402481	0.0	651.2830787793567	689.6882817678346	0.0	657.321272403259	705.7544116639997	0.0
304	10.156844547563805	519.3463165874921	837.9988512581308	0.0	468.25733750519197	839.1769878829089	0.0	477.30844723657174	1027.1566674488256	0.0	494.28087435722205	1215.497313686693	0.0	502.3989619165221	1279.9604425362284	0.0	476.4104053994602	1275.8779713091917	0.0	504.63728902440783	1241.1404850342612	0.0	568.4587836079468	833.8042158019991	0.0	564.933340548759	996.7434857679513	0.0	577.4180918073996	1233.2823044190916	0.0	562.9938580059317	1302.3740462905305	0.0	595.9029755909972	1299.2728194987687	0.0	574.2257496348209	1267.7799678941658	0.0	527.4000802709133	566.5056233870514	0.0	556.529662090801	442.8162825951468	0.0	552.2024532014956	550.8788068908567	0.0	429.2825080484198	584.891786873285	0.0	392.34068103605097	708.0972536803079	0.0	360.61398399891567	813.4405803757317	0.0	622.3846260015994	579.7646441211422	0.0	655.5595441306439	692.7862094041685	0.0	661.6497334413067	706.3491817141875	0.0
305	10.190255220417635	521.0997350981277	838.9650061526039	0.0	469.8682758080654	840.1449276347608	0.0	478.0968269405072	1028.7925247085593	0.0	494.34620509000536	1215.817845249131	0.0	501.35669102741707	1280.156396901595	0.0	475.67485994415085	1275.1702625924281	0.0	505.10217072299804	1241.411191336953	0.0	570.4943838851452	835.448846304056	0.0	566.0054904996354	998.829303571719	0.0	578.2086608181855	1236.0225518939233	0.0	564.1375546902818	1303.370223956304	0.0	596.8156775942709	1299.862961498651	0.0	574.2419388040503	1269.8884055548428	0.0	530.4659063691909	566.5087513229126	0.0	558.7423438799748	442.54416423443524	0.0	554.9264273215243	551.3198674245244	0.0	432.01609538013287	584.2167870929618	0.0	393.6644503818337	707.5705013852321	0.0	361.52876089337013	814.2778075792341	0.0	625.5184874289803	579.5039707359775	0.0	659.5430216890809	695.4873390534952	0.0	664.2147922618585	706.6455100664588	0.0
306	10.223665893271463	522.9442632431591	839.7390396766862	0.0	471.22245982854315	841.8209399869901	0.0	479.01310931187754	1031.2887774147748	0.0	494.53656509837674	1215.9011418662055	0.0	501.0289557851459	1280.3282584410026	0.0	474.6723378383753	1274.8814391782123	0.0	505.5828432882785	1241.278282115933	0.0	572.7841897120977	837.8679766235067	0.0	567.6022683979168	1003.7126232182495	0.0	578.64084561598	1239.9378840067782	0.0	565.2071692171863	1303.5735297357269	0.0	597.2875093261778	1300.5752683539185	0.0	574.575604967745	1272.2380665914752	0.0	533.0526401921518	566.1700568392222	0.0	561.0929196003061	442.5838022937122	0.0	556.8033887470338	550.6868348190322	0.0	434.77288562461916	582.9993948945561	0.0	394.41004608895577	708.4934022534168	0.0	361.9492119897615	816.2240470697504	0.0	628.5628419366947	579.1671601842869	0.0	662.1329558774618	696.7788439489076	0.0	665.1729007868726	705.1208946146643	0.0
307	10.25707656612529	524.8691825515838	840.4630622711232	0.0	472.9622351477848	843.5117196618775	0.0	480.2049470872772	1034.1277370147611	0.0	494.79766805571023	1215.8619887163268	0.0	500.98870750187456	1280.6949891953138	0.0	474.4758082218796	1275.1810074462353	0.0	505.26469019558	1241.8577257831487	0.0	575.1895149937628	839.5157273058239	0.0	569.4897432929927	1008.1736596561648	0.0	578.1319229791284	1242.810598266287	0.0	564.938230352462	1304.406972789994	0.0	596.4966779725817	1301.8189796612426	0.0	574.2262745305661	1275.0513882360463	0.0	534.1287874896992	565.7701729731093	0.0	565.1751921327129	442.7790993711396	0.0	558.7027495067837	549.9578872613097	0.0	435.91131963865286	581.6579587824231	0.0	394.6910929288558	709.5347338368199	0.0	362.81499730120953	817.7885033747157	0.0	631.1277740471286	579.0885163307335	0.0	664.0006075352421	697.3381462658581	0.0	667.098150082755	702.6488374468016	0.0
308	10.29048723897912	526.8613442081264	840.8287964177013	0.0	475.4486128825669	844.8722110166995	0.0	481.67595524035374	1036.9414663757573	0.0	494.79538155164494	1216.0536157678757	0.0	501.0634082015464	1280.6265325236989	0.0	475.16321682562346	1275.5354303037248	0.0	503.3875124388732	1242.579469584032	0.0	577.4966197304286	839.8972679926147	0.0	571.2531556278324	1008.5261190274455	0.0	576.9910059588658	1244.187519371151	0.0	563.7018675288775	1305.3935527428644	0.0	595.2535061670353	1302.9170492431817	0.0	572.9775606973665	1276.7145073304632	0.0	534.6837955493941	565.4406253650917	0.0	569.6232339690006	442.9271922460189	0.0	561.286497952218	549.3924319819033	0.0	435.79671641257585	580.7736417736759	0.0	395.1589843725849	709.9326550017099	0.0	364.102587446346	818.2398071469834	0.0	633.219371711396	579.0076432007845	0.0	666.22567515856	696.7811409131468	0.0	671.6588574971291	700.717458929788	0.0
309	10.323897911832947	528.8623415666482	841.145689753265	0.0	477.9866250997476	846.0815866768584	0.0	482.9105082329328	1039.2916337416102	0.0	494.36574448630904	1216.3188249553978	0.0	501.52313752517273	1279.751508290202	0.0	476.0583926269797	1275.7092770428708	0.0	500.6742455379143	1242.2355846645312	0.0	579.3875135939081	840.0916504322756	0.0	573.0167803670656	1006.0719805776266	0.0	576.1677621041929	1244.7998663625192	0.0	563.4888030895107	1306.4071468729708	0.0	595.3080811162889	1303.9385017038858	0.0	571.4044873097304	1276.5128073610729	0.0	536.2403760883686	565.1100926395782	0.0	572.3841627499964	442.6478474672188	0.0	564.0058464051635	548.6090348059502	0.0	436.09341442566154	580.3812595049242	0.0	396.12877972499416	709.6735599951957	0.0	364.8124263279557	818.3864361414205	0.0	635.0969315296736	578.5382014593815	0.0	669.0883974877144	694.3287262076083	0.0	677.3753919425765	698.9871599319924	0.0
310	10.357308584686775	530.8408046150863	841.8494141269331	0.0	479.76488852817187	846.8982344577206	0.0	483.3126024013564	1040.6011903314302	0.0	494.01983036061637	1215.3999112604943	0.0	501.54754864424285	1279.2719183700276	0.0	476.35787755428055	1275.8512920271287	0.0	498.8876992647269	1239.9619249123118	0.0	581.2366207476867	841.1654262151325	0.0	575.3452645116815	1006.12881043728	0.0	576.2923169214613	1245.5860645548023	0.0	564.8004873393755	1309.7270549113805	0.0	596.516701362052	1306.9853246446423	0.0	570.2015921978336	1275.528879835808	0.0	538.9255818536395	564.7669263891626	0.0	573.6135290621186	441.35877832851105	0.0	566.2670704077973	547.7095792383706	0.0	437.95968396119997	579.7829396189263	0.0	397.5502578967444	708.4005851231385	0.0	364.8418211521075	818.6101497627255	0.0	637.0747063652606	577.9255594137824	0.0	671.889475667029	691.6290039390833	0.0	681.5681919576534	696.5499349645926	0.0
311	10.390719257540605	532.6521815183316	842.5692719630968	0.0	480.7947564037292	846.8751175748233	0.0	482.60942685151076	1041.257285288955	0.0	494.0791477341732	1212.3353645236973	0.0	500.1539417730455	1280.5500495793394	0.0	475.69041948276583	1275.7800594184632	0.0	498.9139874568252	1235.7432059012738	0.0	583.7665785387456	842.7901677379599	0.0	577.9662869009176	1010.993364733386	0.0	577.2535404235489	1247.5113277361938	0.0	566.3533265450322	1315.8471987679588	0.0	597.2706542460426	1312.2437015444225	0.0	569.9982963352587	1275.1096560085643	0.0	541.9570148885487	564.1840703794863	0.0	574.4674992534611	439.0213230919454	0.0	568.5496224931333	547.2617155314421	0.0	441.2649344247542	578.504473282752	0.0	399.3407525540277	706.1905734605659	0.0	365.212215946836	818.2731657078338	0.0	639.4299933998068	577.5861616243092	0.0	673.946040932247	690.4901328768169	0.0	683.3685491386166	695.4102651868362	0.0
312	10.424129930394432	533.9957886145585	843.028329543606	0.0	481.47769006028665	846.6741756895584	0.0	480.8164022462547	1043.1850424940617	0.0	493.82869371469013	1208.5552759206919	0.0	498.7977590288028	1282.4180387423696	0.0	474.66201323414657	1275.1262399822776	0.0	500.00750929546814	1231.2074361076225	0.0	586.6152630196358	844.2083136066378	0.0	579.7268535568844	1017.1842854503573	0.0	578.4377392134581	1250.1622510346303	0.0	567.1452758412811	1320.2060439329548	0.0	597.0837811705112	1315.4902403805281	0.0	570.8728388539135	1275.7786276563093	0.0	545.0113040742149	563.1404099299731	0.0	575.203777417515	436.39220624908074	0.0	570.5022062039916	546.644026587168	0.0	444.8306452179576	576.6793265096472	0.0	401.30632938799585	704.5382597683536	0.0	365.99932702192774	817.4498863744712	0.0	642.522473666458	577.6062464057114	0.0	675.9164917205785	691.6410612558177	0.0	684.401171202774	705.480568617242	0.0
313	10.45754060324826	535.0439075501716	843.7348228461444	0.0	481.9336692041585	847.1692043852455	0.0	478.34981008564205	1047.7095033237406	0.0	492.78127745392766	1205.7035412811501	0.0	499.8553118596295	1283.0713423607717	0.0	474.5117538469254	1274.2158890429403	0.0	500.67539695366713	1227.084556436281	0.0	588.8185939019062	845.3451223394918	0.0	580.3794442141509	1020.3667938191064	0.0	579.3139465690928	1251.9324740511072	0.0	567.2365502874883	1320.596291480395	0.0	596.8530154515631	1315.1791696442162	0.0	571.7765036260529	1276.9214135802597	0.0	548.0635582366211	562.2854817891871	0.0	575.6746284033491	433.95869499002674	0.0	570.9272327686962	544.7779043387947	0.0	447.51120069115024	574.8002048439186	0.0	403.08018347018515	704.4261219189136	0.0	365.92366772930757	817.3399220956575	0.0	646.4892968280792	577.9048880620699	0.0	678.7939031876253	695.182071475984	0.0	686.8809312470177	737.3648322922446	0.0
314	10.49095127610209	536.4883476590218	844.8077009220833	0.0	482.4162603988035	847.5507841617357	0.0	475.78006755179297	1053.7044916489774	0.0	491.6893433268448	1202.2694931501692	0.0	502.67293411988885	1283.7958983578214	0.0	475.4490258614228	1274.0817825761512	0.0	500.36583640864757	1221.070747519513	0.0	590.5461636945039	846.0477594182479	0.0	580.8811046628734	1020.7067686744908	0.0	579.7821644004216	1252.321892300413	0.0	567.1389709667845	1321.4507672227755	0.0	596.9747166819675	1315.588168013969	0.0	571.7245292830386	1277.757999455859	0.0	550.6050250088554	562.3451987669644	0.0	576.004582187563	431.41639402006905	0.0	570.16336657814	542.7779886732953	0.0	449.21343814994026	573.4857494038864	0.0	404.49264372889314	704.3917284392649	0.0	364.7262476142571	817.9459277140865	0.0	650.6474456616617	577.9068828346421	0.0	682.2798729433013	698.7572851611084	0.0	690.8123258963059	778.3611545666814	0.0
315	10.524361948955917	538.1188813084248	845.5906382654633	0.0	483.1603370659769	847.0592267936155	0.0	473.3634040701958	1058.9035082889588	0.0	491.1992395825075	1196.8587941190478	0.0	504.00587390540034	1286.2679814455084	0.0	475.63811441501895	1275.0821886033475	0.0	499.9937935722243	1212.4246617216793	0.0	592.4376081205847	846.078903940098	0.0	581.548581714558	1021.9237741587706	0.0	580.0922184164285	1252.4355753902094	0.0	567.1478911054447	1325.2228798525264	0.0	597.1246327117811	1318.6949657584319	0.0	571.3342561359807	1278.4786116759387	0.0	552.2836551528386	562.4613653040906	0.0	576.1842487578923	428.6962164965777	0.0	569.6204735313552	542.1616248837097	0.0	450.4604524069561	572.9666399641045	0.0	405.60798819732616	702.8779447453497	0.0	363.8888669699476	817.8687247815367	0.0	653.963598425239	576.9004581792117	0.0	685.6120092167715	698.7330089097312	0.0	694.3727238321427	797.7496707111395	0.0
316	10.557772621809745	538.6326610282109	845.6000434488233	0.0	483.26028053044	846.7209691582293	0.0	471.39283805145124	1061.5091301858977	0.0	490.69421551901775	1192.4132914300603	0.0	502.00718107495385	1289.0753867495428	0.0	473.07234509268466	1276.4423827910077	0.0	500.03548343082673	1205.8968666207415	0.0	594.0624352321333	845.9881028821263	0.0	581.9091876522874	1025.5518614045827	0.0	580.6966267944165	1253.7024915128113	0.0	567.2221568146766	1328.528201977352	0.0	597.4801078068142	1321.5949820928874	0.0	571.4312673515062	1279.8130914933708	0.0	553.5908204382738	560.8418030806097	0.0	575.9974907926206	426.2901480404019	0.0	569.6409899989204	541.3712750911824	0.0	451.2860595479276	572.7105382431997	0.0	406.3690880423322	701.0717585664211	0.0	364.187725138608	817.2282471797974	0.0	656.3066172925649	575.2983186284747	0.0	688.4159379146648	695.3035163438647	0.0	696.5450683838352	787.372000442936	0.0
317	10.591183294663574	537.7966987865253	844.8727238049464	0.0	481.78803097770265	846.9977729482907	0.0	470.3397631159979	1061.2855272516047	0.0	489.2491286532067	1193.3447092794997	0.0	497.7511400261307	1291.4545913225186	0.0	467.9513889819315	1278.460055865536	0.0	499.57631964458864	1207.3520453695794	0.0	594.7320486383755	846.1206476768492	0.0	582.1640108861294	1030.0474606877808	0.0	581.6227530444205	1256.2151557902491	0.0	567.1299293304371	1329.095895099317	0.0	598.116506564151	1322.5993707229422	0.0	571.4983491401263	1281.8817287607455	0.0	554.8678254136594	557.4384251921384	0.0	575.610897329545	424.34570990268435	0.0	569.5246847512904	538.6244072942234	0.0	451.4448104883663	571.8297907898778	0.0	406.75521761003057	700.771565933653	0.0	364.8066844504194	817.3744530454343	0.0	658.2512158298592	573.9027694439789	0.0	690.247059527205	692.8749970808594	0.0	697.4653914448634	767.683996128538	0.0
318	10.624593967517402	536.9770683184514	844.0007688605631	0.0	479.7180705894939	847.0739812379172	0.0	470.1882350071461	1060.0061435652021	0.0	487.17246055725235	1201.4639740117505	0.0	493.18218412754567	1296.7527667206352	0.0	462.28044651429434	1284.1259613411034	0.0	498.3243323101288	1218.20423027505	0.0	594.605523301355	845.7831721464592	0.0	582.8104318166645	1034.374480175664	0.0	581.936926629081	1258.0615568807036	0.0	566.5914340601096	1328.5780537381618	0.0	598.1421102959055	1322.793230184102	0.0	571.0183786852958	1283.5235376305684	0.0	555.7874682457085	554.5185568110184	0.0	575.4189320608714	422.5233445235407	0.0	569.1898766321513	536.1280815782768	0.0	451.20959691972587	570.0476229493719	0.0	406.9394701964584	701.4286231775219	0.0	365.07966423279163	818.2766934033469	0.0	659.7792933164568	572.562949839204	0.0	691.0550848366638	693.7529371683017	0.0	697.6883845748888	755.022927869679	0.0
319	10.65800464037123	536.8959629011628	843.8210047191759	0.0	478.6177850004959	847.270799631792	0.0	470.42036944003064	1059.3505486736904	0.0	485.6965122935523	1215.804333590873	0.0	489.26120199015327	1308.078026707028	0.0	457.8183559560883	1295.8471530260815	0.0	497.32288734320224	1235.7618575175015	0.0	594.2485692553961	845.3250728031245	0.0	583.5231140587764	1037.9708370636854	0.0	580.7409909746428	1257.5236789669432	0.0	565.8038597481179	1328.3830655773252	0.0	597.182496904749	1322.8562974922274	0.0	570.2483471999062	1283.4543014077205	0.0	556.3165575355245	553.2930480598167	0.0	575.1792569195811	420.71209299134614	0.0	569.5926496072096	536.0302548733954	0.0	451.06260468570423	568.2357373292149	0.0	407.1034485765351	701.6796935875268	0.0	365.1753692739042	818.8529759282633	0.0	660.5632554361724	571.181252851007	0.0	691.8333050477898	695.8156898314495	0.0	698.369389678809	753.0509680840663	0.0
320	10.69141531322506	536.7678418079716	844.5386463860513	0.0	478.6065038599235	848.4538578384613	0.0	470.75610670244686	1059.336112810947	0.0	485.12362052082045	1233.5125420508468	0.0	486.20709353679246	1323.2996257926538	0.0	454.7888970177218	1311.564296738057	0.0	496.7100589052763	1256.4232778781848	0.0	594.02826997137	846.7659824107317	0.0	583.6798546410685	1040.1591753895414	0.0	578.50084383124	1255.4344861932063	0.0	565.7456735218669	1328.3391806353175	0.0	596.3181920081325	1322.6436871204687	0.0	569.8242590783025	1282.3862315095519	0.0	556.832959090993	552.0482062595195	0.0	574.0689548102671	419.0491029556056	0.0	570.7564918141895	535.4944047180338	0.0	451.1125060981159	567.6750036606535	0.0	407.2776114397082	701.2974481266267	0.0	365.3240984985561	818.7532752663265	0.0	661.0904767335418	570.4017122911152	0.0	693.6352760858173	697.4011768067568	0.0	700.4721935116132	765.49628844836	0.0
321	10.724825986078887	536.0274060443645	845.6179269971927	0.0	478.7412072133493	849.8870342062014	0.0	471.4340653996282	1059.470320097603	0.0	484.62276259169084	1251.3509013357623	0.0	484.5762194448536	1337.9413325560358	0.0	452.7444474347029	1327.4271767377813	0.0	495.37188592440754	1277.4851881918369	0.0	593.7832391277028	850.2047245785088	0.0	583.2575303862266	1041.4376897261066	0.0	576.6872154116826	1254.1404628855648	0.0	566.8208143571235	1328.6777432178644	0.0	596.1841209620671	1322.3835357255437	0.0	570.6050923019424	1282.2918444615918	0.0	557.2899289587583	549.5439608907299	0.0	571.8417036763118	417.2211829350956	0.0	570.7028995312312	531.6540652748071	0.0	451.2029455767171	568.3680856637657	0.0	407.39454942080425	700.6967707954586	0.0	365.40586668912584	818.5260409611683	0.0	662.0165379342685	570.3319945959729	0.0	696.3252493428205	699.5441967177053	0.0	703.0585269597142	788.8141566234491	0.0
322	10.758236658932715	535.2530822790792	846.6772880012984	0.0	478.31699112648596	850.3777913481239	0.0	472.7027784550505	1059.7940846691722	0.0	484.0000650638589	1267.3346542364036	0.0	485.4500585434261	1350.321811406428	0.0	452.448419269354	1341.8340372701575	0.0	493.4234728785226	1296.6772554768904	0.0	592.9998038652175	852.9052896141508	0.0	582.6934787876893	1043.231930330885	0.0	576.4309307557282	1254.5410774806394	0.0	568.2181694248472	1330.000041863585	0.0	596.2879524150552	1322.3880927842774	0.0	572.3513393805403	1283.6004668777805	0.0	557.3198101607026	547.3084786768574	0.0	569.3253997528184	414.72115020020703	0.0	567.913950244086	526.9376739465706	0.0	451.2785543640052	568.7453589503626	0.0	407.70333474548323	700.5248992666808	0.0	365.26925724852964	818.14172754375	0.0	662.9998160482737	570.3915835368723	0.0	698.6972724646778	702.8055909053967	0.0	704.1484099713482	806.6930223727337	0.0
323	10.791647331786544	535.0261080510155	847.9355180291503	0.0	477.4910203177745	850.5915638782819	0.0	474.3553175271157	1060.9470906535703	0.0	484.1821270263835	1280.482414353778	0.0	489.0659947807831	1360.5599973051342	0.0	455.1058232593296	1353.9212344799732	0.0	492.41408248240504	1311.8617416630173	0.0	591.8047400082305	853.751182395055	0.0	582.3442969231761	1045.926113859324	0.0	577.5157485936704	1255.503487316626	0.0	569.019108088827	1332.1486657717521	0.0	596.2765465722666	1323.045980985046	0.0	573.6501212127173	1285.0891871977558	0.0	556.9049359276058	546.5386408445606	0.0	567.5168303050754	411.903247608113	0.0	563.5714141399327	524.9621036156237	0.0	451.3637628080246	567.8419433163855	0.0	408.3072930683975	701.0524475876196	0.0	365.0267015084645	816.8783274538364	0.0	663.1671005641772	570.5437813940116	0.0	699.8588967033063	705.761878071596	0.0	703.7180546890903	810.4682127645614	0.0
324	10.825058004640372	535.1607920007644	849.8067264997514	0.0	476.8343938009426	852.9034920598219	0.0	476.0184431331983	1063.996195445121	0.0	485.578065568154	1290.4416480787684	0.0	493.76168749682404	1368.0254015887435	0.0	459.6910045561522	1362.1647297123789	0.0	492.86706508207914	1322.5515453823882	0.0	590.9820514114588	855.1887842621381	0.0	582.2992388504076	1048.1864726805554	0.0	578.7134907529792	1256.1953393768872	0.0	568.1573535315547	1334.379632978083	0.0	595.7507540975926	1324.958444221077	0.0	574.0628229891704	1286.2000627910265	0.0	556.2210180834928	545.8419240197828	0.0	566.664754643273	409.6803353576698	0.0	559.9480382607251	525.4935646992224	0.0	451.10158172473473	566.4366199906651	0.0	408.33972128822757	701.3296406397644	0.0	364.8623945238459	815.3235141444446	0.0	662.075774665765	571.0190218563712	0.0	700.154520909528	707.953020633076	0.0	703.4219641296883	808.5648069315201	0.0
325	10.8584686774942	535.1420679733461	852.2721648067345	0.0	476.4187829742504	857.7182343182641	0.0	477.5715482552793	1069.0216221108897	0.0	487.35743935190254	1297.6978880390952	0.0	497.50529799964966	1373.1611506008408	0.0	463.5068611024451	1367.087707951884	0.0	493.81130984595103	1330.0365274427172	0.0	590.752977649279	858.8494831863014	0.0	582.4671708680454	1049.1759823179673	0.0	579.2105324726373	1256.6636019393966	0.0	565.6945410216318	1336.1927568789079	0.0	594.5596633659901	1327.5861138990317	0.0	574.1416552240514	1287.3393175560682	0.0	555.1439030090954	543.9089475254411	0.0	566.1883223579999	408.10870027295334	0.0	557.7472164669762	525.5909241768674	0.0	449.845922727226	565.3462856991705	0.0	407.23741346874704	700.0337478766259	0.0	364.85390320619257	814.8350561070372	0.0	660.011068481789	571.0411783343238	0.0	700.1291566597065	710.9339612700138	0.0	703.2667220153517	808.8465736664289	0.0
326	10.89187935034803	534.6845503406645	854.388139858669	0.0	475.9257741846161	861.4643143701057	0.0	478.8892536256809	1073.7931323730847	0.0	488.98093173958597	1302.838143852123	0.0	499.9834779485271	1378.4645630107157	0.0	465.49066570212375	1371.9438582325895	0.0	494.5941963799571	1335.3112157606502	0.0	590.7025062014558	862.1421830818559	0.0	582.5013278605027	1049.4828349442107	0.0	579.030727790875	1256.5808306700933	0.0	564.5177605094227	1337.4702704049012	0.0	593.9669902905708	1329.0086730110065	0.0	573.398456864922	1288.442382039327	0.0	553.4917198898283	541.8708713717646	0.0	565.3142302837113	406.4778857279885	0.0	556.2129825433823	523.5033933830142	0.0	447.37629336542335	564.4238088009082	0.0	405.9313254015902	697.1521523295366	0.0	364.9626248270588	814.9234446494953	0.0	657.7793992744831	569.4000464522255	0.0	699.2918685604686	714.3969169882272	0.0	701.9210687325763	809.6164921981089	0.0
327	10.925290023201857	534.1715650224778	854.9792307465794	0.0	475.42938958119873	861.5986734459481	0.0	479.71895253803564	1076.1029598902892	0.0	490.65100291189634	1306.0095345804193	0.0	502.03828566049566	1384.8656594402228	0.0	466.73899004471633	1378.505841175882	0.0	495.390710495912	1338.28477823308	0.0	590.6152733597811	862.3605563696143	0.0	582.0625048185906	1049.4341732246476	0.0	578.5388387711522	1255.8524026316338	0.0	566.6019365481341	1338.45706751797	0.0	595.3566552968865	1328.653990762748	0.0	570.8712475612126	1289.0342822487032	0.0	551.2986884279479	541.0257627482838	0.0	563.621687430571	404.6051686067788	0.0	554.6142250736661	520.4741827593301	0.0	444.2038953798853	563.6212618251022	0.0	405.1896332286118	694.2708018532087	0.0	365.02557930538495	814.1414097469108	0.0	656.056501841145	566.5769416933566	0.0	697.148131479874	715.4453943101297	0.0	700.2556575922468	811.1213788045541	0.0
328	10.958700696055685	534.2720576438226	854.2571798245181	0.0	475.1540734165637	860.3074260275276	0.0	480.16665154969	1076.6624476113484	0.0	491.89798083837724	1307.629204950343	0.0	503.8275593763925	1390.3779957220138	0.0	467.9672806454039	1384.6883077293019	0.0	496.27172110343884	1339.1910837694752	0.0	590.4423165789863	861.4927322565555	0.0	581.4932470166873	1048.8791787035123	0.0	578.133948206716	1254.9454647641858	0.0	569.4759174385474	1339.7972198677803	0.0	598.0251329910675	1328.499324345265	0.0	567.9236607765116	1288.6895474176793	0.0	548.672805947964	540.3073502395273	0.0	560.8253347747924	402.77273261664743	0.0	552.3469714413353	518.4776921256375	0.0	441.2709473342125	563.2637677821477	0.0	404.2407811908788	692.8932328413372	0.0	364.88139419649116	812.7643299722085	0.0	654.9035870109198	564.7718090780721	0.0	694.9049616655864	713.2973538955771	0.0	700.7323980150079	814.2271525790181	0.0
329	10.992111368909514	534.6376372390687	853.7235193108143	0.0	474.7186678681524	860.2940512934164	0.0	480.24324162777964	1077.0922023629123	0.0	491.9919216332391	1308.7619258041193	0.0	504.6127049022653	1393.4708131517684	0.0	468.66932537946155	1388.026656635251	0.0	496.96106464242786	1339.7014861195391	0.0	590.1270929794944	862.6614868587585	0.0	581.2445492397189	1048.0504136811583	0.0	577.9950443033283	1253.6582446154146	0.0	570.0892847142945	1341.3000290120858	0.0	599.9479469619525	1329.6973108250486	0.0	567.0045573780192	1286.650016194379	0.0	545.8877060435805	538.3029721540383	0.0	557.1525064779214	401.15691343297357	0.0	549.0145564205253	517.7703783522893	0.0	438.9113372789524	563.303375695856	0.0	402.28680354612067	692.7830697003193	0.0	364.32565881755767	811.7936027658992	0.0	653.8826394185596	564.7723754457616	0.0	694.0857506708451	710.4877630338298	0.0	702.8240738385045	808.167336047247	0.0
330	11.025522041763342	534.0102754366939	854.1730881166998	0.0	473.70013326815894	861.238179332984	0.0	479.38996686478555	1077.139292180768	0.0	491.368055812608	1310.3284038293891	0.0	504.252547931501	1394.6009369959513	0.0	468.69250901686775	1388.8239441501614	0.0	497.2446591698748	1341.5777399015533	0.0	589.7533917287267	864.6653583080783	0.0	581.140937520942	1047.352559420531	0.0	578.0290934807495	1251.8091078230707	0.0	569.3153287818095	1341.7628891023985	0.0	600.2793151543347	1330.695611227286	0.0	567.7553797926653	1282.2959994250382	0.0	543.0995125519786	535.6320539015657	0.0	553.818772852525	399.6546022197858	0.0	545.5526336352322	517.8405517752968	0.0	436.26735613494867	563.3624878306324	0.0	399.9275639958463	692.4632512754797	0.0	363.1876580178306	810.6906108725151	0.0	652.2928882142844	564.5029242121536	0.0	694.245831753967	709.0611585386063	0.0	702.9791780177661	785.3993309755369	0.0
331	11.05893271461717	532.1744114138558	854.8857873773286	0.0	472.5886825003596	861.962770412551	0.0	477.8843035176763	1076.2856266389213	0.0	490.997395090372	1312.3035955900245	0.0	503.7905718598551	1394.7184887579226	0.0	468.67626193738624	1388.641692379071	0.0	497.2229036306868	1344.4211888148802	0.0	589.2166475901364	864.7947013014743	0.0	581.0993638506387	1047.1203987415274	0.0	578.0032458642064	1250.540946043975	0.0	569.4761342541817	1341.0563300688382	0.0	599.8687097276041	1330.5037158931748	0.0	568.0070114680584	1276.8801617601102	0.0	540.2140409943229	533.2795484974799	0.0	551.4013125142276	397.6367106444311	0.0	543.2861454818672	517.7728784414609	0.0	432.7875458654746	562.9181608969216	0.0	398.0111299045727	690.9011876042979	0.0	361.8296556363004	808.8370449063008	0.0	649.6702365597654	562.4033399361525	0.0	694.2755683440544	708.7000554024288	0.0	700.2696026481199	757.4796158956474	0.0
332	11.092343387470999	530.5062541678574	854.735771133179	0.0	472.12811555651365	862.4210627583324	0.0	477.2901489728872	1075.3335731126365	0.0	491.2134259484157	1313.8605788202672	0.0	503.9399376376183	1394.3471759568606	0.0	468.9220288562641	1388.209222020701	0.0	497.11798996814207	1346.3738363065388	0.0	588.4004036305705	863.6060564257981	0.0	581.2570386290449	1047.5385480562531	0.0	577.6705507260066	1250.7662398765083	0.0	570.4475243220216	1340.5264409243518	0.0	599.8224787310683	1330.2391878933595	0.0	567.1854874434638	1273.7009232487749	0.0	537.7711712376677	530.9885882951576	0.0	548.7359395340943	394.6196468728714	0.0	541.4909166725566	515.1867524193317	0.0	429.3641761614361	561.4491598525212	0.0	396.3140572825707	688.3496321439529	0.0	360.7274144062462	807.286617742267	0.0	646.6745269566276	559.8253778060302	0.0	693.9233421420339	708.3399851147282	0.0	697.0498324278385	732.0007566160631	0.0
333	11.125754060324827	529.9848743357525	853.1941151777637	0.0	472.18365133991506	862.59951529128	0.0	478.14740113617194	1074.7962729705193	0.0	491.6032806319007	1314.538875112953	0.0	504.20282365659335	1394.1831953766432	0.0	469.0306884202936	1388.048593426479	0.0	497.0898128649291	1347.1364273496708	0.0	587.7465850529027	862.5581457562755	0.0	581.4409994713685	1048.3058516371098	0.0	576.9069668786537	1251.192818326219	0.0	570.8677034475779	1341.1782536946728	0.0	600.0451765247366	1330.6268055848238	0.0	566.2187941004287	1273.9381854006376	0.0	536.3455393301938	528.4959029021057	0.0	545.2030597514894	390.76370469166216	0.0	538.740992261834	509.27125652246247	0.0	426.87822318882667	559.1636476799657	0.0	394.23293095701763	685.7437343689701	0.0	359.573043289013	806.7420763599197	0.0	644.6025452030034	558.1197828319771	0.0	692.7989319213293	707.9771452325151	0.0	693.9707428792096	703.9950946739776	0.0
334	11.159164733178656	530.0299678091978	850.8169294502909	0.0	472.00629653397334	861.9661361174019	0.0	479.0751690194713	1074.0310935621324	0.0	491.635726672236	1314.937184302105	0.0	503.9779026111276	1395.5606557430572	0.0	468.6386289279727	1389.3862558146286	0.0	497.4226881042099	1348.0165611705131	0.0	587.4104895404664	861.0357921558012	0.0	581.4056412296511	1048.8583817908986	0.0	575.8870994271963	1249.223441331225	0.0	570.624197364587	1342.5184065817712	0.0	599.8456280171287	1331.1392780319252	0.0	565.4353932070273	1273.5318127751782	0.0	535.1629727028627	526.3965122011747	0.0	542.2764432311118	386.5003530943339	0.0	535.8016844568497	503.6459560921623	0.0	424.8615016808745	557.0331118627734	0.0	391.70081296235315	683.7934420285194	0.0	357.7277914320278	806.2819040980232	0.0	643.6481045474443	556.4425473481518	0.0	690.2025311921683	708.2232276511679	0.0	690.7397534101575	679.7753951617793	0.0
335	11.192575406032484	529.7013416985109	848.7610073039446	0.0	471.0597402208775	860.5211032240197	0.0	479.1920081492192	1072.6559024578228	0.0	491.5256581890768	1315.3990178062686	0.0	503.564964679993	1398.6285427075911	0.0	468.1339163365137	1392.41194361508	0.0	498.14895400111845	1348.9299881021243	0.0	586.8085741987924	858.2763076841967	0.0	581.4531208532966	1048.429529328689	0.0	575.3396051772972	1244.3227883859026	0.0	570.3387507133955	1343.2698993290617	0.0	599.6697614104124	1331.3276422338151	0.0	564.7522027738515	1268.804247242089	0.0	533.3100661282891	525.0173024349441	0.0	540.9916923386011	382.44081831904435	0.0	534.4153812436693	501.3627511995367	0.0	422.44250785616254	555.5558853604064	0.0	388.69041946531513	682.909241687124	0.0	355.06401642932684	805.4657092538749	0.0	642.6484281832364	553.7715969533353	0.0	686.4661396942837	708.279795429941	0.0	688.9849285612436	669.108625190577	0.0
336	11.225986078886312	528.859222139099	847.1002577393083	0.0	469.3783247885797	858.7026236546566	0.0	479.0847518940408	1071.37856782564	0.0	491.91586901600226	1315.078717429235	0.0	503.5674178004634	1401.0956520883128	0.0	468.2513149367765	1394.896449883806	0.0	498.8037202579642	1348.213975138299	0.0	586.0834065479944	854.5301520330024	0.0	582.7095635745566	1045.5592556162976	0.0	576.2805388156826	1239.755681930687	0.0	570.0076833693513	1343.0385264742079	0.0	600.1258653995087	1331.357148131632	0.0	565.4152288447538	1263.1487275733593	0.0	530.9775968579303	523.5664921398123	0.0	539.9489197179306	378.81918308288	0.0	534.6993845225139	500.3177559610857	0.0	419.5175136585425	554.1592433078225	0.0	384.8492630001524	683.1298278188464	0.0	351.87649205937026	805.0642923450331	0.0	640.6987425170652	550.7456609429557	0.0	683.5066538383753	705.9070027924514	0.0	689.3546298803067	667.2556050262349	0.0
337	11.259396751740141	528.2277089288883	845.2743001053561	0.0	467.82741722997116	856.948201556813	0.0	479.1062840983854	1071.0728255837669	0.0	492.66510238582157	1313.5764068844069	0.0	503.89064471696605	1401.4024482364248	0.0	468.7759914290111	1394.957944180565	0.0	499.30008350326926	1345.6784201095472	0.0	586.2728609792148	850.6253971736485	0.0	586.0804995771757	1039.4285063049906	0.0	578.8643414145939	1238.3454592056398	0.0	569.6512726978099	1342.4682490335688	0.0	600.7528468823126	1331.3862849055772	0.0	568.4240887006791	1261.621102760757	0.0	528.7036052085703	521.3916548575567	0.0	537.8994384847177	375.42232378432533	0.0	535.6584584620113	497.47491920907004	0.0	416.56780286575315	552.4999027966077	0.0	380.1665223119354	683.8917141009771	0.0	348.3801696939846	805.4032457735168	0.0	638.4994210649892	548.6432431267535	0.0	682.6150578835098	700.9203823530781	0.0	689.6298694544902	669.8909066409774	0.0
338	11.292807424593969	528.4370237456545	843.9588673661389	0.0	467.46118554128964	856.3156263813772	0.0	479.04900757467425	1072.0096046546053	0.0	492.97567682311353	1312.0476191010375	0.0	504.2042133077791	1401.075628395477	0.0	468.7739879329576	1393.5460641133795	0.0	500.05942695626266	1343.247052687243	0.0	587.5562390445235	848.3650894212564	0.0	590.8645311765189	1032.1296115298417	0.0	581.8679046967324	1238.3142493370597	0.0	570.503690742682	1342.03258024226	0.0	601.6866788419426	1331.192669989551	0.0	572.1509979326725	1262.5270309610357	0.0	526.9894851122018	519.0945765318121	0.0	535.9778398329561	373.3589374699111	0.0	536.8701082369413	493.51014632921783	0.0	414.16744383453585	551.2371177558879	0.0	375.2375670961251	684.3435167703918	0.0	344.45383378427533	805.9242211612803	0.0	637.2162183631602	547.3408026707667	0.0	682.0366864306052	696.5376477913576	0.0	687.4277345113611	684.0354142499734	0.0
339	11.326218097447796	528.8822213227002	843.7821956544534	0.0	468.06177350872844	857.523425882664	0.0	479.0146421152269	1073.6199962604644	0.0	492.66369252100844	1311.5246496225855	0.0	504.60385053765623	1401.4330712605642	0.0	468.2301230799246	1392.4425242402958	0.0	501.2843554804513	1342.286429695969	0.0	588.9722886641576	848.7279242884977	0.0	595.1418659483422	1027.2551654703	0.0	584.1232433649654	1237.2053657720855	0.0	573.3280181793559	1342.0054198533621	0.0	603.5903967610278	1331.1783491284023	0.0	574.6439112860058	1262.0821448975253	0.0	526.0282721874753	517.5715423453674	0.0	535.2087000654307	374.3489571551498	0.0	537.7444874078803	490.89031771278155	0.0	412.6193449074954	550.8189511413481	0.0	370.62141455594667	684.2368724762483	0.0	340.0479445689218	806.0231948186098	0.0	636.3744101977044	545.7943680794826	0.0	679.7313548355156	694.6966463372466	0.0	683.1054450296937	710.7107276291538	0.0
340	11.359628770301626	528.5808662440962	843.8407892013449	0.0	468.7337673940665	859.4915013162702	0.0	479.3243579914748	1074.4114671850612	0.0	492.41371354360496	1311.5930173598813	0.0	505.1224956410249	1401.3090223031122	0.0	467.88345509124963	1392.0729768627423	0.0	502.92477402142634	1342.3364645763445	0.0	589.7621131799441	849.9570695111665	0.0	597.7013646222656	1026.1026049135778	0.0	585.9189846317948	1236.4922486041137	0.0	576.1739001625643	1343.498199631913	0.0	605.4857737040073	1333.0050245221782	0.0	576.3663836335764	1261.7348133748944	0.0	525.1406523918586	516.8226846056576	0.0	534.7528281372767	376.69330762578494	0.0	537.027305987964	490.2144831244527	0.0	411.8557004485171	550.8272242949943	0.0	366.33829759199347	684.8815024439151	0.0	335.9120523789516	805.4098367432948	0.0	634.6353488375004	544.2341081970509	0.0	676.8463135261923	694.0556760902324	0.0	679.4944176730729	730.8308543598803	0.0
341	11.393039443155454	527.7893759615755	843.6424143980771	0.0	469.45640486371104	860.8078757240002	0.0	479.9444147017937	1073.5164857935501	0.0	492.648673665985	1311.8122895078336	0.0	505.5407154887987	1400.3146373134343	0.0	467.9834750688311	1392.415886243911	0.0	504.61744423740765	1342.5212516517179	0.0	589.9783363107676	850.0917527443892	0.0	599.2752920866571	1027.3366543235843	0.0	587.8459503258574	1239.3651846274843	0.0	577.3906337644701	1348.1189624296155	0.0	606.5187953421681	1338.1519625260926	0.0	578.3281429546521	1265.3167651578224	0.0	523.6522101103308	516.1245860067467	0.0	534.0174699546036	376.46437392551496	0.0	535.2208157674793	489.9581812598374	0.0	411.67979102623156	550.5346843985566	0.0	362.2622421280314	687.4939658589835	0.0	332.96658198949666	804.3248689756588	0.0	632.1804934424264	543.4001100696647	0.0	675.2242386690378	692.5459760037785	0.0	678.7747448407423	733.421012785416	0.0
342	11.426450116009281	527.6606147708101	844.4397807156412	0.0	470.1655978048773	861.2661288194358	0.0	480.46022633960496	1072.0683820600368	0.0	493.006290681429	1312.7997636820478	0.0	505.7384988239403	1400.4079397944286	0.0	468.4760634421404	1393.893173747541	0.0	505.677872828191	1342.6505404395123	0.0	589.9722790753224	849.6123327342976	0.0	600.9297285373194	1029.1493472668471	0.0	589.5424578308624	1247.321085636544	0.0	578.7498596333926	1355.9518988141713	0.0	608.3673363157536	1346.454669439732	0.0	580.0621281688984	1274.7022957553243	0.0	522.0786889143	515.226871937914	0.0	533.8479361693496	373.3355435660522	0.0	534.8826088764182	489.10077887969163	0.0	411.78337590430857	549.4115133147634	0.0	358.82096352307536	690.1752781800977	0.0	331.0406541914848	803.5172460665855	0.0	630.4569361031508	542.6642650815951	0.0	674.522931443182	689.183475320067	0.0	680.3344761735589	737.2151408598412	0.0
343	11.45986078886311	528.6745412954152	847.0819763809126	0.0	470.16216281480297	861.3486648125536	0.0	480.7829656731253	1071.785954714437	0.0	493.15250248996216	1314.5674375876072	0.0	505.66547574306264	1402.3050252724836	0.0	469.1435019102246	1396.1379970554653	0.0	505.80783119991537	1343.0272926251478	0.0	589.8859731522592	850.1331175702397	0.0	602.1741020868512	1030.5896860622984	0.0	590.9839400134392	1259.2361525772358	0.0	581.4492726907392	1365.4415785458164	0.0	611.789253976078	1356.9817500230497	0.0	581.3239744432491	1288.9116036166417	0.0	521.4907788336923	514.7192108813692	0.0	535.0670626560566	370.253658681412	0.0	537.0819313089663	488.1201775627154	0.0	411.9252600970127	547.753933045689	0.0	356.7123729925501	690.1394628285076	0.0	329.56582549181826	803.2695790944573	0.0	630.0305930463907	541.5889362312421	0.0	673.8495939400754	686.3932400740908	0.0	681.5785068657758	751.58011104935	0.0
344	11.493271461716938	530.0892020874278	849.9469562798915	0.0	469.784442065677	861.8585557542016	0.0	481.255615446735	1072.899428704013	0.0	493.2429080370366	1315.718432621473	0.0	505.23604899452124	1403.8378514673784	0.0	469.1084440058531	1397.3905028639779	0.0	505.2811570411505	1343.9986921292264	0.0	589.918141474245	852.0278681876482	0.0	602.3830673824747	1033.7345619544358	0.0	593.1711832373504	1272.278886563115	0.0	583.7281932211268	1375.5569574466465	0.0	614.6176339835521	1369.1899242406168	0.0	583.3301691025689	1304.5597322227613	0.0	522.1891707039659	514.6043939325285	0.0	537.2723387147438	368.69480171882793	0.0	540.2548827863383	487.24096918202247	0.0	412.0956699675877	546.7359946296427	0.0	355.67789303161913	688.3915804554529	0.0	328.417562401694	803.3207007744219	0.0	630.4421029664034	541.2248143893953	0.0	673.2921766264791	686.6744501904619	0.0	681.000416601498	758.8918731470476	0.0
345	11.526682134570766	531.2493389107335	851.1274500254189	0.0	470.10859064460976	863.1490340381238	0.0	481.69777307481735	1074.3721440972604	0.0	493.44910860508634	1315.6231471196345	0.0	504.5044582148781	1403.0815559757054	0.0	467.80049976917365	1396.4651114913443	0.0	504.4604997836932	1345.5079359482095	0.0	590.6147577041145	854.3224347765268	0.0	602.4042786094382	1042.4375147084352	0.0	596.7895570485109	1284.8320285365926	0.0	585.8322770356639	1385.5818814361708	0.0	616.8699144042715	1381.4349179242874	0.0	587.2660335663915	1319.3104649650008	0.0	523.5283139744482	513.850054725203	0.0	539.7935733613401	367.8289521354119	0.0	543.30067150802	486.075713740167	0.0	412.1850049659755	547.0410797952186	0.0	354.5529000477226	687.9336671600051	0.0	327.1061802377052	803.7444043715539	0.0	631.4544847831816	541.924845905734	0.0	672.8939072888023	686.9862842510908	0.0	679.7500068589985	751.418676045373	0.0
346	11.560092807424596	532.3368193411517	851.2415411702835	0.0	470.7612437679031	864.0396123024198	0.0	481.22522659730424	1075.3992621377545	0.0	493.68137110836983	1315.3594064725087	0.0	503.7097926220708	1400.655276862692	0.0	465.88021578455306	1394.4489900840356	0.0	503.6046998944393	1347.1194136559093	0.0	592.1090998075499	855.9023539345158	0.0	603.2995857285814	1054.945334232638	0.0	601.332397061832	1296.859132035565	0.0	590.67446592464	1393.475847888904	0.0	621.9104701361961	1390.2019064909239	0.0	592.7324098383967	1333.3853897256977	0.0	524.7023758656401	512.295276515089	0.0	542.758719282355	366.576831451914	0.0	546.8886577863017	485.3566058948609	0.0	412.0619300300709	547.9906329559996	0.0	353.091997678072	689.1165747045437	0.0	325.2135556445555	804.4560260663058	0.0	632.9221931032578	542.5442678722032	0.0	672.2368490411671	684.0168593684863	0.0	679.2450368489526	737.2675428643993	0.0
347	11.593503480278423	533.2579924656911	851.7901075388148	0.0	470.64311387890905	863.7036690792053	0.0	479.6556587218137	1076.1429776648358	0.0	493.9695376424947	1315.7034156511118	0.0	503.0288071640982	1398.3130440902817	0.0	464.2196350894266	1393.21049978689	0.0	502.9367597031065	1348.4237310290214	0.0	593.5306746467902	856.4827595706652	0.0	604.7419885491917	1064.052272208143	0.0	605.6981598323473	1307.0314433821009	0.0	598.245902841039	1396.496525267267	0.0	630.3072375564094	1392.5602178477936	0.0	597.9500025193831	1345.4035234066405	0.0	525.6633156619525	511.1555709520351	0.0	546.0020941662478	364.9252794449013	0.0	550.8874675484635	486.06983062514365	0.0	411.9515791349054	548.7222604365114	0.0	352.22911059160987	690.2349633751274	0.0	323.58100549171223	805.1249613365673	0.0	634.4648283571889	542.5755282320537	0.0	671.6375642980842	680.3755883976096	0.0	679.6587968784715	725.5887955077721	0.0
348	11.626914153132251	533.5836533206059	853.0108668910609	0.0	470.22405024003416	863.9470701967838	0.0	478.28513013246214	1078.0302683131952	0.0	494.4769179909499	1316.1112787897762	0.0	502.40124717244936	1396.9048258580135	0.0	463.22746907776275	1392.7991890077733	0.0	502.66025880102524	1348.9075902110594	0.0	594.0059970901012	857.2763888888459	0.0	605.5658287820553	1066.6279519186999	0.0	609.3742020956747	1313.4436384957762	0.0	605.9454568143335	1393.5041773183254	0.0	638.3982725843063	1388.6855574664405	0.0	601.9903052227368	1352.106091366508	0.0	527.0265761279459	511.0880292290603	0.0	548.7272367159985	363.6903663793274	0.0	553.7575164064931	486.3824578404512	0.0	412.1354251828327	549.2344506206172	0.0	352.31144894843135	690.7878748909118	0.0	323.01491140192894	806.3329577417848	0.0	636.0820523710929	542.7130300495353	0.0	672.1000327842554	680.7442912063481	0.0	680.560108362798	725.6805470294357	0.0
349	11.66032482598608	533.5199407847574	854.5600089584987	0.0	470.61110151249727	866.3010834354429	0.0	478.1154314009748	1082.158373546268	0.0	494.90863280954807	1316.1821720583093	0.0	501.6768042658151	1396.3641906782143	0.0	462.920836724947	1392.0972297564965	0.0	502.62038785600856	1348.4568013381188	0.0	593.7576760443128	859.1668712218373	0.0	605.2696054491422	1065.6378950395433	0.0	612.2681616312312	1316.8418172676065	0.0	612.3341337079258	1388.088032956384	0.0	642.928046632567	1383.4179141544048	0.0	605.6494569256505	1354.4834494988218	0.0	528.9681583753359	511.6336827783213	0.0	551.2900258095772	363.5981846871492	0.0	555.1598712261737	484.85980267102815	0.0	412.6452284421775	549.519154830403	0.0	352.8761664035732	691.5181585779328	0.0	322.96719890790484	808.5558674983051	0.0	637.9519714959641	543.4634535717104	0.0	673.4765940891074	685.9005960403662	0.0	680.7962923990477	729.5721246985564	0.0
350	11.693735498839908	533.3543809831091	856.4056541332359	0.0	471.2527513277026	869.1687920017422	0.0	478.5439232500804	1086.710610933193	0.0	494.7222704774584	1316.5690323130557	0.0	500.9996247280459	1396.5744084908508	0.0	462.92408701188543	1391.6410541891269	0.0	502.1599328958334	1348.1304678088163	0.0	593.4789182955238	860.9069760603235	0.0	604.090176687128	1064.3793283857156	0.0	613.8796333447036	1319.9293324857263	0.0	616.8243430956967	1386.2530064018626	0.0	643.7667084788854	1383.250000399179	0.0	608.9438305788751	1357.097247082002	0.0	531.1063685155242	512.3966573189979	0.0	554.9415514730993	364.7246750561799	0.0	556.5334183315355	484.75755259402627	0.0	413.54395459869136	549.0124811833838	0.0	353.63841602744117	692.305991278238	0.0	322.5327890413555	810.7541782323262	0.0	639.646868189465	544.4346044677154	0.0	674.6173528726375	691.5377245732849	0.0	680.2052191591647	720.0419327083378	0.0
351	11.727146171693736	532.8117347766689	858.0813374639957	0.0	471.0470136756936	870.7009222552898	0.0	478.94749676204856	1088.5303359440595	0.0	493.9836180657546	1317.4873586452597	0.0	500.8778054277333	1397.3508328105631	0.0	463.130121770462	1392.8479887589178	0.0	501.26193315673777	1348.6588376213135	0.0	593.1626827172134	861.398760297344	0.0	602.0325572883006	1063.5422483957432	0.0	614.087291361192	1323.7476353589159	0.0	618.9639552547887	1388.4442765066663	0.0	642.9982694770462	1388.5592203744943	0.0	610.5747321107403	1360.7687806925687	0.0	533.1618216820144	513.3000362516084	0.0	559.5546000095077	366.19647534356915	0.0	559.0207904536172	488.05611563369064	0.0	414.83153347752574	547.8879412087001	0.0	354.2799202444539	692.7762954848814	0.0	321.5623793168766	812.418320968063	0.0	640.8529754690034	544.9231940899144	0.0	675.4519890671542	692.7089987499022	0.0	680.5983469203608	703.1835648623511	0.0
352	11.760556844547565	532.0474386751599	858.2764728803431	0.0	470.6645345243412	871.1179337716442	0.0	479.46859165921654	1087.371000990131	0.0	493.2234858744323	1317.716605119486	0.0	501.4617554725195	1398.1614413968143	0.0	463.6939743010714	1394.7380043436915	0.0	500.9592587134743	1349.2280754873182	0.0	592.6202700885162	861.4677717146482	0.0	599.1751884768072	1062.7048185917351	0.0	613.6313494997173	1326.3173059641288	0.0	618.8179698822481	1390.0380557427607	0.0	642.269272531412	1393.0876310987219	0.0	610.3724962224734	1362.6788843823874	0.0	535.116147602939	513.8420285832594	0.0	563.8151307332207	366.9825500674242	0.0	562.2828326343513	491.3269464238272	0.0	416.26010700301174	547.22386123165	0.0	354.54065342492385	694.2196785653906	0.0	320.6512167454598	814.869172195237	0.0	642.424964450038	545.0180986067384	0.0	676.4829445057273	689.540923785522	0.0	682.0731668884131	694.9569357204584	0.0
353	11.793967517401393	531.8788157881612	857.1977609870404	0.0	471.2701358869471	871.426351707561	0.0	479.8930325153356	1086.0460270991593	0.0	492.63248899902635	1316.561217716559	0.0	502.0523590829366	1398.7751598394618	0.0	464.1844561961129	1395.171772572282	0.0	501.4238157621065	1349.0498396278645	0.0	592.507485087133	862.5112535851484	0.0	596.6647666621047	1063.2206654895986	0.0	612.9141399515553	1326.0079070081874	0.0	616.85556090411	1389.506974851444	0.0	641.4162186234171	1393.1576558726629	0.0	609.236619719682	1362.2048618761685	0.0	537.1484944321872	513.4624704805909	0.0	567.2884817429189	367.0295969035677	0.0	565.1424884338926	491.78120557737594	0.0	418.0376215589169	547.1599160825649	0.0	355.2933520608908	697.5853440396469	0.0	320.0773081354293	818.7820169459394	0.0	645.2225529078881	545.1259153592717	0.0	677.4603838470697	685.9871969538192	0.0	683.1071461074818	701.7401019291067	0.0
354	11.82737819025522	532.3149267283162	857.3114522674515	0.0	472.19893988066195	872.2114349657438	0.0	479.88506783429375	1086.7119557484202	0.0	492.27567357313774	1315.3766851806063	0.0	502.0030034772467	1400.0110850875765	0.0	464.03772810685206	1394.8253449852382	0.0	501.57080552076076	1348.43128607549	0.0	593.3781945083781	864.8976336236182	0.0	595.5684062945485	1067.6299662604124	0.0	611.8751708692713	1326.5634019685679	0.0	613.561009696377	1391.9052240438127	0.0	640.0752870816681	1394.0882190288028	0.0	607.7594389971061	1364.2211240212685	0.0	539.5342332034455	513.1260100660069	0.0	570.701769126821	367.0517088372641	0.0	567.0758080670234	490.69888318186025	0.0	420.854239194275	547.1317031872015	0.0	357.77690996926117	701.0867812584727	0.0	319.307536860767	822.7175949633261	0.0	648.6634678333203	545.0335503059905	0.0	678.4092491216126	684.269865222022	0.0	684.6848353776395	724.4099568495863	0.0
355	11.86078886310905	532.5289633815231	859.9166138775296	0.0	472.2126014727554	873.8764370690398	0.0	479.77719044329956	1089.4417338602636	0.0	492.6748577837313	1315.803001458924	0.0	501.504477155245	1402.5053633841635	0.0	463.472906895017	1395.9107836787691	0.0	501.1670140402868	1348.0781115527461	0.0	594.4478541635943	868.3192630505305	0.0	595.3079280567981	1075.9319516834428	0.0	610.5456339996667	1334.052722256909	0.0	609.7018862335765	1403.0994305243323	0.0	638.8460755332769	1403.4633501889703	0.0	606.0328082108199	1374.3120583914813	0.0	542.606047807212	514.3729016793469	0.0	574.5202943958949	368.1603637707519	0.0	569.1763135511897	490.4100606952289	0.0	424.5099839334259	547.4936984136672	0.0	361.46428393839864	702.8534975710526	0.0	318.39959260305193	825.1905542177519	0.0	652.0410933499703	545.1272614634588	0.0	680.1205949223423	683.6162909911067	0.0	688.5504683994159	751.7277670423115	0.0
356	11.894199535962878	532.4372278592336	863.5931990475661	0.0	471.6508142635884	876.8420449489735	0.0	479.91667687702216	1092.9768879188316	0.0	494.0700277996717	1317.531404382873	0.0	500.9388688324927	1404.7123662662527	0.0	463.15451135980874	1398.006261143165	0.0	501.45078909244756	1348.310667473042	0.0	594.7526965116499	872.703569203374	0.0	594.7582845926846	1084.3693616614166	0.0	608.4424958812613	1346.5401067234534	0.0	606.3693227558811	1419.268546309854	0.0	637.87077681137	1418.53204192403	0.0	603.0358766510268	1387.2048109068867	0.0	546.4577740080123	516.6509432952093	0.0	578.5877275916245	370.6772640253361	0.0	573.1031141979174	491.5848551647732	0.0	427.89906450626074	548.6848542938571	0.0	364.6161627783483	703.3503235859278	0.0	318.3682261477235	826.8027443299816	0.0	656.0044462000914	546.538707482774	0.0	683.2650874748969	682.8533333818087	0.0	693.5558485799144	767.0954080877311	0.0
357	11.927610208816706	532.8044859475732	866.4086368418552	0.0	471.53780442190714	880.003530962089	0.0	480.11627301602226	1095.1177532581432	0.0	495.60738369949723	1318.8990696904882	0.0	500.36457702781854	1404.6781481508815	0.0	463.39695954372337	1399.117289670857	0.0	503.33572580775274	1348.7604963943895	0.0	594.7289963131459	876.885500085479	0.0	593.803601934441	1088.7958677545153	0.0	605.4376534516507	1355.1837208002457	0.0	604.0292965324933	1429.8969863736932	0.0	636.4876266499607	1429.0917449902208	0.0	598.340549676623	1391.657467679807	0.0	550.6031047521072	518.424024747628	0.0	583.3521508112591	372.77538524633036	0.0	579.2506184474803	493.23344772108305	0.0	430.7547833704551	550.1424300154551	0.0	366.8345812247955	703.6007897885526	0.0	319.4125554243266	828.9413982840125	0.0	661.1067882350904	548.9577178573184	0.0	687.6197769095619	682.2537937746116	0.0	697.4556880153241	768.8564207705408	0.0
358	11.961020881670535	534.0391995864975	867.7256719055575	0.0	472.0004698196932	881.5324445783707	0.0	480.1296320917512	1095.1013122480265	0.0	496.2142154359388	1319.1913024275104	0.0	499.956732876031	1403.4435622923925	0.0	464.0758290621525	1399.112188116835	0.0	505.915396831852	1348.8005791405424	0.0	595.4691615467195	879.1601730294844	0.0	593.0837442000125	1088.849216683865	0.0	603.0748400984766	1356.6826864429945	0.0	602.8220433863354	1432.2963701678761	0.0	634.819024655999	1431.721678942262	0.0	594.9483234408333	1389.45245291482	0.0	554.5922440510088	519.356969177331	0.0	589.56214701825	373.18380343956915	0.0	585.9712429694972	494.36909044850324	0.0	434.00045152025865	551.0300698779869	0.0	369.1279102682732	703.8122919870441	0.0	320.39129442858814	831.6994842860759	0.0	666.3795081301905	550.6941643665541	0.0	691.7906537826021	682.4195309392131	0.0	699.953333547564	762.0977026886129	0.0
359	11.994431554524363	535.9619095486038	867.976224716789	0.0	472.584656197059	881.7684696366975	0.0	480.17261249618946	1095.1242980338689	0.0	496.02402752801714	1319.0426632623303	0.0	500.12167483589565	1403.410439252232	0.0	465.0109375860645	1398.9988296720344	0.0	507.87698559193086	1348.4902493683044	0.0	597.3054203848103	879.8887120724401	0.0	593.1215880234312	1086.9939634819293	0.0	602.6735163613804	1355.6528196472223	0.0	602.9958546143368	1432.0421014205615	0.0	634.0482843688978	1431.1986743960258	0.0	595.823038032767	1390.8416207126413	0.0	558.4988071647898	519.6654846434675	0.0	596.8697439229101	373.3688670188797	0.0	591.1509818706587	494.9771202296645	0.0	437.96011472578095	550.7361740851456	0.0	372.0193410586144	703.9792279706215	0.0	320.49564661449796	834.6727674060938	0.0	670.5405141342176	550.8871101208571	0.0	694.6823348994607	683.8527126705411	0.0	702.1333768093845	748.8155653081003	0.0
360	12.02784222737819	538.3575691617453	867.9499531011035	0.0	473.32530761212263	881.660361970206	0.0	480.9329847605957	1097.049518532291	0.0	496.2105220926649	1318.9640068869483	0.0	500.8323090703479	1404.644327683982	0.0	465.87725650970407	1399.0169256199438	0.0	509.35135149189495	1348.597684229307	0.0	599.8208680864391	880.2083965197821	0.0	594.0786061817435	1085.268008992712	0.0	603.8334819675151	1357.1184430121623	0.0	604.2133370327452	1434.1675763872126	0.0	635.3110120801146	1433.119074914308	0.0	599.0725844119183	1396.3889321389695	0.0	562.1986148529716	519.5925819793399	0.0	604.8200979929805	374.04244026862443	0.0	596.0705862315126	495.20923143345	0.0	441.37308604295583	549.0876743301823	0.0	375.30814060322564	704.1738992043666	0.0	320.42803747207523	837.5664775788061	0.0	673.3501402581592	550.1570487774643	0.0	697.2464996676134	686.9210115932786	0.0	704.7945052237008	735.602069734117	0.0
361	12.06125290023202	541.0827459814325	868.5578043815771	0.0	474.9701216973268	881.5810367531964	0.0	482.86650428751705	1100.3300246220044	0.0	497.20435144864155	1319.1378422024882	0.0	501.4600506970648	1405.607051481158	0.0	466.15185004864196	1399.1196580200344	0.0	510.87757634019226	1349.3093351832265	0.0	602.6854444071636	880.8234605686789	0.0	595.9291627077013	1085.5011711116647	0.0	605.849804329168	1362.8805581432193	0.0	605.6108573895697	1441.6392452425357	0.0	638.249951417481	1440.8286627798598	0.0	601.109087971852	1401.2477473281317	0.0	565.483631907777	519.2030913231496	0.0	613.2076201055843	374.2714589409581	0.0	604.2077809829625	495.0666410378277	0.0	443.17761312881845	546.9377639810003	0.0	378.5522669968609	704.4007544506381	0.0	321.13684621872335	839.6383694556483	0.0	675.6190077293647	549.5732506321333	0.0	700.9821029483999	688.4166779629426	0.0	708.4846556199213	728.7508590817678	0.0
362	12.094663573085848	543.823486378512	870.2803423531999	0.0	477.5444203187669	882.8227250367618	0.0	485.29976991208	1103.7717130135597	0.0	498.15314585615954	1319.716806776356	0.0	501.59160366622876	1405.8235816092024	0.0	465.8610153306482	1399.6248404882406	0.0	512.2911796302357	1349.5621807800658	0.0	605.819224527073	882.7341368732943	0.0	598.3959376948764	1088.7036222278612	0.0	608.441370304797	1371.7561564671712	0.0	606.6032212564357	1454.2643297971465	0.0	640.9242985780271	1452.87739354122	0.0	601.4264901133807	1405.5062932543492	0.0	569.0371729447384	518.1248778483041	0.0	620.6582155711743	374.5348140965567	0.0	614.535710566517	495.75780359803315	0.0	444.37561487917293	545.3469507159919	0.0	380.8840589804949	704.3113515308274	0.0	322.08249761733623	840.3335132398967	0.0	678.5782577402922	549.4986347408818	0.0	705.5003265013133	684.196167538111	0.0	713.3967624696229	727.68523639975	0.0
363	12.128074245939676	546.2410076769178	872.4065265124648	0.0	479.9697406437708	885.7416705847731	0.0	486.83056033998014	1106.5748264191786	0.0	498.5244966675782	1319.9638264408723	0.0	501.6281324534707	1405.9635409989041	0.0	465.8016159849001	1400.3265540011503	0.0	513.259681332621	1347.9771762294445	0.0	608.9047054683487	885.6769863800828	0.0	600.9472241260623	1092.4688921628735	0.0	610.9800704085172	1380.1895928065974	0.0	607.3609299387728	1466.3908126312454	0.0	642.0963512568873	1462.8685836972354	0.0	601.3555216223634	1409.4008926940667	0.0	573.2531631778464	516.7856708983057	0.0	626.2713145113471	375.4058102176738	0.0	622.3041573080551	498.66934215499447	0.0	446.6056871611358	544.237678477503	0.0	381.9795377175953	703.0377719062876	0.0	322.3286589470198	839.6975334893481	0.0	682.5444985144384	549.5398308631264	0.0	709.513309643643	676.8650728060209	0.0	718.583710656211	730.1463736565174	0.0
364	12.161484918793505	548.6663256865389	873.6701634681021	0.0	482.20627317211427	888.4680830073851	0.0	487.08725996076555	1108.4807163912826	0.0	498.6596465610758	1319.120216275124	0.0	502.21342348275266	1406.3263948738822	0.0	466.3772428490196	1399.9232907868798	0.0	513.6892236060012	1345.205138258351	0.0	611.8150831440773	887.8426733635697	0.0	603.0999142563811	1093.3507561174824	0.0	612.4716045126428	1384.552110296507	0.0	607.8860691320601	1471.8303619815013	0.0	642.243674310062	1466.25081761282	0.0	601.5646806546556	1410.850500372314	0.0	576.9872017341264	516.3594346833919	0.0	631.4307478853748	375.8958264641636	0.0	626.275060964493	502.1288810046007	0.0	449.5338235452599	543.3578632718214	0.0	382.8610364266344	700.603844652269	0.0	322.42251308586265	838.4028040161932	0.0	686.6027703561068	549.3496274267611	0.0	712.8986012627895	672.2672629519843	0.0	722.687733521409	734.3823311647544	0.0
365	12.194895591647333	551.6790119069353	873.7498509565942	0.0	485.090571268994	889.4541423869957	0.0	487.1106614377761	1110.0057944578289	0.0	498.6312591906435	1317.9616418120804	0.0	503.29554842718596	1406.3987286007466	0.0	466.9003746975971	1397.9271032271881	0.0	513.6294171708324	1343.9049057946504	0.0	614.925151961382	888.2627490296552	0.0	604.6467018436986	1092.224776557009	0.0	612.5948870813177	1384.7171497959303	0.0	607.6102204534382	1471.2869626507027	0.0	642.1083027792682	1465.581767710109	0.0	602.0665123500976	1410.645426725741	0.0	579.5237848629017	516.3287782157738	0.0	636.9960183396532	375.6972010517176	0.0	629.1345571589758	503.3004925402578	0.0	451.61320468763194	543.0960403352191	0.0	384.25164975554236	698.8402883518627	0.0	323.18208918336995	837.6443154547161	0.0	690.2919783330155	548.7241377852445	0.0	716.2288291266169	671.3092291558354	0.0	725.653629861031	738.4430245932764	0.0
366	12.22830626450116	554.7805935858028	873.4629469879227	0.0	487.9504132474072	889.4581077022378	0.0	487.36193063042896	1112.0423751559551	0.0	498.02256892605044	1316.8205176152424	0.0	504.30864893521044	1406.223948574387	0.0	466.8117437243279	1395.886383041198	0.0	513.298258974472	1343.6850795080748	0.0	618.2449505758029	887.7235781083202	0.0	605.9089006703896	1093.3425093781025	0.0	612.0830598742369	1383.9250437748149	0.0	606.5655456036246	1470.675744594011	0.0	641.742190881109	1466.0700872018074	0.0	602.5689218036223	1412.0084920652623	0.0	582.0124913943868	514.5477073080621	0.0	641.1313540434884	375.73557972800205	0.0	632.4061171468586	502.4230703751348	0.0	452.9058935986787	543.0572188489543	0.0	385.50170883460765	698.7638615166976	0.0	323.96013284090014	837.8461758039417	0.0	694.0768808687476	547.4066959160192	0.0	719.5274168513631	671.9604325059294	0.0	728.7012440663036	741.8901233314396	0.0
367	12.26171693735499	556.9205061658897	873.9757340586799	0.0	489.4034473825828	890.4921555567564	0.0	486.9766315716442	1115.4037831514677	0.0	496.9936046458082	1314.4736874713744	0.0	504.7950966917895	1407.177752540099	0.0	466.55595401706336	1395.256716485648	0.0	513.1683715222473	1340.7158423904957	0.0	621.2505974579256	887.9443297539069	0.0	607.4843721581982	1098.561583838794	0.0	611.7079583512727	1384.0843055854868	0.0	604.6367018509994	1472.9313969208517	0.0	640.8661222779048	1468.4860905937833	0.0	602.4402812814369	1415.6882481314708	0.0	585.5250934432424	510.7763240376811	0.0	642.236706760781	376.1498279923704	0.0	635.0337521239668	501.55876724545476	0.0	454.82511944682767	542.2176731503223	0.0	386.16719826328006	699.0635171996037	0.0	324.022178743924	838.4955785800927	0.0	698.101622145488	545.697766714793	0.0	722.7202084636573	675.2014266784321	0.0	732.3377189492613	744.9435098388436	0.0
368	12.295127610208818	558.0160761318558	875.7633043990514	0.0	489.6529773902844	892.9280852443018	0.0	485.2062122197373	1121.2247556065092	0.0	496.6293891009131	1310.486153103654	0.0	504.64634555738985	1410.0537720031941	0.0	466.5851331098373	1396.0592865099013	0.0	513.684465643636	1333.9482174302655	0.0	623.413875910166	889.8746879982779	0.0	609.3786397984194	1105.4454464568244	0.0	611.527743162022	1384.2752152074556	0.0	601.5273513519052	1476.0716132835666	0.0	639.6457303653256	1470.168236706152	0.0	601.612535369626	1418.722526886694	0.0	589.1584857388802	507.5299684678532	0.0	641.8644125853212	375.3669891495141	0.0	636.2227347357939	501.3134319104105	0.0	457.5185666921328	540.6903334413421	0.0	386.92290995530715	698.6176621437887	0.0	323.7745544447346	839.3015177532909	0.0	701.8200912784598	544.5660089585919	0.0	726.3170898231133	682.7636171819897	0.0	735.3226407287012	743.5198152722586	0.0
369	12.328538283062645	558.8039280345421	877.7113098626095	0.0	489.87495954044306	894.9871413573684	0.0	482.0039675385425	1130.5945724655367	0.0	497.4887060164388	1305.4551411161626	0.0	504.13023596309455	1413.5022566665884	0.0	466.63720870932923	1397.5600750655574	0.0	514.8908355450825	1325.4210260428558	0.0	624.7082589068289	892.2703817853571	0.0	611.0516095443376	1110.3067936481973	0.0	611.3191726611291	1383.8727303942592	0.0	598.5972885506891	1478.4940431310476	0.0	638.7096612625573	1470.5561464182376	0.0	601.1513210950045	1418.8989490288463	0.0	591.2293200184357	506.35470379341785	0.0	642.4861364736817	371.90046295476304	0.0	636.8490756587594	500.27786192973446	0.0	459.71887570308706	539.288675541814	0.0	388.1377594236543	697.7319983757085	0.0	323.38037114942756	840.0711476267783	0.0	704.450967617655	544.4405510696494	0.0	730.6980009481782	690.5140140942183	0.0	736.7707003574303	733.3552005730778	0.0
370	12.361948955916475	559.5673235056264	878.3686831583087	0.0	490.3899622414172	895.5236385142908	0.0	477.89196159970595	1141.9476183735906	0.0	498.4596777438089	1299.8831236749704	0.0	503.0882984208183	1415.6926441466746	0.0	466.14454474331086	1398.6604552873546	0.0	516.0409479830435	1316.5025720220244	0.0	625.9771313041695	893.1990114051251	0.0	612.1715001416726	1111.7838556233492	0.0	611.161712968131	1383.705604973141	0.0	597.1867795314325	1480.7858233873408	0.0	638.3001211518324	1471.543205064261	0.0	601.4021698769842	1418.7150648416352	0.0	591.5590340861983	505.93890653757774	0.0	643.6640008129335	366.5919059988329	0.0	637.1075485764552	497.05017763382165	0.0	460.6205159059145	538.3297404600402	0.0	389.10933244362883	696.8598260572071	0.0	322.5357807044557	840.4178492846402	0.0	705.8507498090486	544.8004903525357	0.0	735.2126499076236	692.9073469675967	0.0	737.9049200618474	720.3985865097453	0.0
371	12.395359628770303	559.9693213012972	877.9657705833948	0.0	490.71259246571964	895.3026650844876	0.0	473.9518223035337	1151.3248958430745	0.0	498.34404788106633	1294.779891283358	0.0	500.79903087400413	1416.5370668048092	0.0	464.74102867603773	1398.755627846115	0.0	516.4252305775558	1308.3113672619181	0.0	627.84064571672	892.9285740991049	0.0	612.6711379797684	1111.266773715643	0.0	611.3810794360838	1384.6076041215529	0.0	596.7689617029332	1482.9828587658303	0.0	638.0893906562497	1473.9121722623636	0.0	601.346175021781	1421.4501543273748	0.0	591.2676163155662	504.644635859673	0.0	642.9805581473129	361.721556449171	0.0	635.6564455891701	492.4538634272373	0.0	460.1657151421277	537.7625018758233	0.0	389.3013112277512	696.1536759369978	0.0	321.75731051597904	840.2563235484579	0.0	706.9287205452644	545.0201054635659	0.0	738.5356215219467	692.8366833122595	0.0	740.2399477229393	714.4926390589007	0.0
372	12.42877030162413	559.9525980547792	877.6966065056343	0.0	490.69517273203485	895.2886570314496	0.0	471.1407867478568	1156.4994330464353	0.0	497.6836133249996	1292.1723188564006	0.0	497.38917180000163	1417.4279363632083	0.0	462.4030209962445	1398.7763587147658	0.0	516.8796050868114	1303.307934912261	0.0	629.4903601330535	893.2749680792936	0.0	612.8350255003547	1110.9080491132638	0.0	611.9007036061604	1386.3723065585407	0.0	596.7686952297155	1484.890425671434	0.0	637.8339466244985	1476.7759787127684	0.0	600.7628424505583	1425.4413171983995	0.0	591.0850534234999	502.4138421483745	0.0	639.9340067947122	358.2685944901495	0.0	632.6348985223004	487.97641549269207	0.0	458.59299306441994	537.2053241259729	0.0	389.0741781020011	695.8531788147878	0.0	321.68943151985235	839.9846181247871	0.0	708.4315414209626	544.3447478581008	0.0	740.2380762143752	696.477375128956	0.0	744.6974393388414	715.8102872065616	0.0
373	12.46218097447796	559.8634831849887	877.7546781858863	0.0	490.64867808824584	895.5107597324333	0.0	469.52315009497073	1157.5666306586782	0.0	497.54362696181107	1294.2371785564044	0.0	493.95533268053407	1420.4218841827264	0.0	459.31782450423873	1401.1352260308495	0.0	517.9298853537769	1304.6187466411163	0.0	629.9106699324727	894.2400783027682	0.0	613.3246453710427	1112.1635111193461	0.0	611.9500335538464	1388.0372966523357	0.0	597.3869002960545	1487.2584705169036	0.0	637.5758333026757	1479.2186486943306	0.0	600.2146444714717	1426.9061730032183	0.0	591.0327690457631	499.8736583366791	0.0	636.3210082120477	354.9221769714046	0.0	630.3790138683732	483.2913090490343	0.0	456.834808747592	535.9268714659081	0.0	388.9507058754334	695.9331561407078	0.0	321.8136868337371	840.0070013689326	0.0	710.1479639815559	541.9006230691832	0.0	741.1931465947973	701.4916974212366	0.0	751.7311826782008	718.275282523634	0.0
374	12.495591647331787	559.9447944860909	877.3788620338362	0.0	490.40252156092953	895.7043287750216	0.0	468.38857818191383	1155.142608328524	0.0	497.5863882794531	1301.5978111773034	0.0	490.95092048398226	1428.2051645256877	0.0	455.7609163892629	1408.6153857729519	0.0	518.0399186637876	1313.6686038035434	0.0	629.301713817166	894.0429736649415	0.0	613.9948918212983	1115.1759255432912	0.0	610.8720534930833	1388.976610822812	0.0	598.0388736243129	1490.3335993170372	0.0	637.3876359671324	1481.0722361392582	0.0	598.9166735923949	1425.7360567462795	0.0	591.0448591091529	497.2215136950485	0.0	633.4149731367935	350.3390139982441	0.0	629.844897563655	477.89757063752626	0.0	455.8692561502056	533.6353904609771	0.0	389.0515060215539	695.8427922321464	0.0	321.358284373934	840.1426125923462	0.0	711.5313641860598	538.1708533284882	0.0	742.1301949234926	699.5898594988645	0.0	758.7457978725533	719.584747850065	0.0
375	12.529002320185615	560.0268021597162	876.4563005762253	0.0	489.22248753190934	895.959667479377	0.0	467.30363273247247	1151.5555550837967	0.0	496.4402326554515	1314.1638650265143	0.0	487.9649380081702	1442.333092487072	0.0	452.06385383851745	1422.6341167777837	0.0	516.1654813864508	1329.919536959479	0.0	628.3966296995748	892.9347762707399	0.0	613.8793113095558	1119.529121155336	0.0	608.996346522778	1389.3100922059107	0.0	597.8150511898714	1493.3021705034928	0.0	637.6167217341151	1482.6690985750843	0.0	595.817787753227	1423.8398469155782	0.0	591.0841597379876	494.29822320689	0.0	630.7434716267177	345.859236592534	0.0	629.079938907248	473.1905251164341	0.0	455.48111338857643	530.9776899136928	0.0	389.2394352911914	695.5185454691697	0.0	320.653530205513	840.0397605036563	0.0	712.1467673599004	535.0925472076744	0.0	743.4430826474139	689.6869976660304	0.0	761.7712191430417	721.5633117190714	0.0
376	12.562412993039445	559.4307718214088	875.7287357456919	0.0	487.10311124395713	896.465915823796	0.0	466.56468814017353	1150.841249820124	0.0	493.4707396760633	1333.3618893231512	0.0	485.32246204672714	1461.3635996835917	0.0	448.51510537817745	1442.3163495331994	0.0	512.6683806168425	1353.2459440290083	0.0	627.5245890108654	893.481141238487	0.0	613.0260732424842	1124.4443163399926	0.0	607.1626715907103	1389.4505470427127	0.0	597.5886846278422	1494.6597691104437	0.0	638.601933382619	1483.4456127798223	0.0	592.3647515839784	1421.3984788972525	0.0	590.8920961820293	491.2215321927848	0.0	627.4093781133074	343.4804892129282	0.0	626.7485157247141	470.9248840083079	0.0	455.0180651296899	528.970747784457	0.0	389.36077216898497	695.4087233972467	0.0	320.425133909981	839.8012644342529	0.0	711.8147069077895	533.4762300549055	0.0	745.5839906962683	681.12595573125	0.0	761.2406333655179	724.3210073624865	0.0
377	12.595823665893272	557.6462719761669	875.7692009867908	0.0	485.0043058629797	896.8370967815936	0.0	466.476723500809	1154.4448871265208	0.0	489.62644306413154	1359.236257329107	0.0	483.84207052457833	1482.9167154301629	0.0	444.91152281788254	1465.6169617049898	0.0	507.85433479415326	1382.7145951277225	0.0	626.563184891243	896.0926873057688	0.0	612.4032431014756	1128.211047500711	0.0	605.7908810037482	1389.5818429068754	0.0	598.7499212848443	1493.518450017708	0.0	639.6567916690342	1482.5390505097314	0.0	590.5654317391576	1418.7578098058682	0.0	590.0473636206965	488.53093269300837	0.0	623.399195922643	342.32754160163097	0.0	624.4804760432002	470.92526706704473	0.0	454.43942496043	528.1076445762436	0.0	389.17448706249377	695.2926792665577	0.0	320.57829067328214	839.5263663479939	0.0	710.7868995691764	531.8307000312511	0.0	747.756750918499	680.1157610853102	0.0	760.1059112239617	723.8595551214687	0.0
378	12.6292343387471	555.1902528899261	877.1662489685324	0.0	483.35638224620436	896.4751826309861	0.0	467.10798600922743	1159.1193965495988	0.0	486.21855474644826	1387.4568690265974	0.0	482.960508033388	1506.5275858879986	0.0	440.75002621300916	1491.2355359689961	0.0	502.6854366477683	1414.1871756733608	0.0	625.507085682253	898.6344683324178	0.0	612.3622977957795	1130.9614258919162	0.0	605.1831455371536	1389.4310488667622	0.0	600.8903604304056	1492.0144999374488	0.0	640.1594859260368	1481.742893922913	0.0	589.8097455522467	1417.811823271294	0.0	588.3601037595104	486.7359581692679	0.0	619.4241218754776	340.30061432416966	0.0	623.3630770507328	471.56950915236166	0.0	453.5707509821006	528.0800403816052	0.0	388.33818205854146	694.8762109781942	0.0	320.7454287518745	839.0957415952754	0.0	709.745340087622	529.1784038700798	0.0	748.3897861215287	682.0202101739176	0.0	759.5139724884679	720.678985592292	0.0
379	12.66264501160093	553.0272923739345	880.4350779669912	0.0	481.68898635340526	896.3625511978206	0.0	468.1519919715722	1161.848213714537	0.0	483.50519107612075	1413.3004306818345	0.0	481.76895390300797	1530.6657069702937	0.0	436.6449893606387	1516.8892160805333	0.0	498.51597305034875	1443.1459067348794	0.0	624.8156648064555	900.6133884872206	0.0	612.3921841739642	1135.1161518659737	0.0	605.7516713897318	1388.9355913423456	0.0	602.4420765703438	1493.296310650492	0.0	640.4934722141128	1483.6014125061536	0.0	589.2821190867427	1419.4279145627704	0.0	586.2553717853822	485.9268466704376	0.0	615.9484887600004	337.3717612576754	0.0	621.6041770356386	471.7909613921755	0.0	451.8261782146211	528.2757291386362	0.0	386.9386512853551	694.6149647346347	0.0	320.94871229592894	838.7096522140906	0.0	709.4043795501552	527.0259596079213	0.0	747.9623451583951	682.5376997537936	0.0	760.5602311590134	724.4497421000142	0.0
380	12.696055684454757	551.4066959636617	884.7109801713167	0.0	479.6945005024328	899.0837473441917	0.0	468.69026063856126	1164.546553492993	0.0	480.92348084716014	1434.5089442728017	0.0	481.1276258695452	1548.575646823585	0.0	434.53843405328666	1536.2871382071999	0.0	494.84227708351386	1467.3381896138794	0.0	624.3102145938357	903.4484782569168	0.0	611.7259525106331	1140.4503864531698	0.0	607.1686714800426	1388.7552650112684	0.0	602.2545732620099	1496.7298072001156	0.0	640.2227371630855	1486.682879322433	0.0	590.4803066006143	1422.692197461163	0.0	584.2551208247341	485.64747584022916	0.0	612.6732249486463	335.2693885476162	0.0	618.1035458448378	471.6605741454059	0.0	448.9892021444613	528.3948657282529	0.0	385.51033558509107	694.9107971783819	0.0	321.2056762715727	839.0512244530197	0.0	709.7357043102668	526.7649594683169	0.0	748.6351373827665	685.3474940813303	0.0	763.9323650541435	737.9518661803687	0.0
381	12.729466357308585	549.8785517762107	888.2737515130126	0.0	477.2903506428805	904.9671618082053	0.0	468.3153488962915	1169.6107782986348	0.0	478.3795823947165	1449.5258274287014	0.0	481.9741749415709	1554.6906507770645	0.0	435.39763651966945	1544.708475194466	0.0	490.66735223312526	1485.5779042115	0.0	622.8040879942436	907.4146434313482	0.0	610.3276024399289	1144.214746477716	0.0	608.4179373289559	1389.3193231983341	0.0	600.7279809293127	1499.1219552330813	0.0	638.6397962378293	1488.0014671578028	0.0	593.9480664441534	1425.5457024470054	0.0	582.0202991808543	485.2615189545932	0.0	609.1325803260816	334.89047128011	0.0	614.2514558000776	471.67841109878134	0.0	445.2713373005499	528.5040015931073	0.0	384.23681957316427	695.51851017474	0.0	321.3117088274849	840.4609293144642	0.0	709.9602007088281	527.641617976567	0.0	750.868194552761	694.2680401875692	0.0	766.9614734285079	747.9176103318459	0.0
382	12.762877030162414	547.9618729527134	890.8257874083067	0.0	474.4171942277958	910.7142056936078	0.0	467.80433560286326	1175.2016546808595	0.0	476.8194045790128	1458.460162810131	0.0	483.2200240336515	1554.5087790905268	0.0	437.58969024690805	1547.1617394567563	0.0	487.32514388267714	1497.372780651182	0.0	620.0953378361132	911.2009285691918	0.0	608.8219275541043	1146.3565119991479	0.0	608.9171209949827	1390.3431724825398	0.0	599.4205154560037	1499.8311772819102	0.0	636.9038866535781	1487.742907130731	0.0	597.196231255022	1425.4715826303163	0.0	578.9931800611583	484.6627780297354	0.0	605.2152413389889	335.3909746956218	0.0	610.9134777802408	472.3150770340369	0.0	441.05055852124343	528.695329170982	0.0	382.72093125931127	695.605318824194	0.0	320.930527229552	841.740142432833	0.0	709.3660562089411	528.1718048970101	0.0	752.4435381544779	705.3512320468344	0.0	766.6302065048153	745.0186426070053	0.0
383	12.796287703016242	545.8038931548389	893.5126288190828	0.0	471.77428847371857	914.4341842621546	0.0	467.76746027259753	1179.5044715849517	0.0	476.7760252468488	1464.2887766383033	0.0	483.88143123773415	1559.1640628235125	0.0	439.0619756457098	1552.8538192598728	0.0	486.4246907283187	1503.8780229721403	0.0	617.6895159948921	914.305280473434	0.0	607.2983222796012	1149.2504282022314	0.0	608.8351186083369	1391.4038982402978	0.0	599.2874329544355	1500.8934782599617	0.0	636.5688652484349	1487.5822979407544	0.0	598.2559293244791	1422.1420062848556	0.0	575.5627244516639	484.243969808369	0.0	600.8192067973386	335.8183880068443	0.0	606.8373502692043	473.55677753451005	0.0	436.967451503117	528.9705336776268	0.0	380.38882761740047	694.570027955875	0.0	320.08497581526626	841.0986201332362	0.0	707.7744594021423	527.7386393831927	0.0	751.5206360908071	711.5192056975263	0.0	764.4066616291822	736.1176867355042	0.0
384	12.82969837587007	544.1243854692789	896.6303048345396	0.0	470.1227698997073	918.090980722621	0.0	467.72863535232494	1183.6446568867525	0.0	477.38110551443344	1469.5394520000627	0.0	484.9427986026101	1571.1546372611213	0.0	439.8296014061267	1563.5548611114511	0.0	487.027658801206	1507.5791528261436	0.0	616.4763129031406	917.8097792480822	0.0	605.6307761982507	1153.0534091646618	0.0	608.4233233467116	1392.1450990340838	0.0	600.0761077373569	1502.9067976692354	0.0	637.5544900484551	1487.9285340658741	0.0	597.3901875246347	1418.0050688575889	0.0	572.3074987975064	484.0584910899744	0.0	595.8641270763122	335.67303262892494	0.0	600.2997071764207	474.3046065217615	0.0	433.6694628201722	529.2207620240274	0.0	377.2959191151043	693.1230795671947	0.0	319.2188889095066	838.7885926963608	0.0	705.5465546318743	527.0128794252065	0.0	749.2680375387063	712.8076246679103	0.0	763.6289577405458	727.9255571099822	0.0
385	12.8631090487239	542.6982733570081	899.1532001263173	0.0	468.3822672467644	923.1239922195175	0.0	466.94893270342027	1188.2790209651855	0.0	477.65851126655997	1474.4617170143242	0.0	487.2257183537285	1584.355675335034	0.0	440.5488363330768	1574.9769812206496	0.0	487.329642809327	1510.8641308041956	0.0	615.3519916703648	921.9137222706861	0.0	604.2459244629704	1155.8293410844585	0.0	607.8179321314344	1391.9899848318437	0.0	600.9773972466859	1504.1983109828325	0.0	638.7817427332993	1488.6565155543585	0.0	595.2824030831987	1414.628700349718	0.0	568.798587365548	483.57600039435044	0.0	590.6590815702696	334.0948267555698	0.0	591.6838105096136	473.14805178140296	0.0	430.71085760626073	529.359369479077	0.0	374.46845502137035	692.3287562544516	0.0	318.34677238887696	836.9011062419202	0.0	702.8922723890284	526.6713058351971	0.0	747.5349317136485	714.1751710947681	0.0	763.8918408551667	722.9209918310343	0.0
386	12.896519721577727	539.9810637194332	900.0853098032916	0.0	464.87194698680776	927.6517115384298	0.0	465.5312819938931	1191.6546749082438	0.0	477.5513360592071	1478.6229770729824	0.0	489.8510508618932	1594.6101891910105	0.0	441.04629956084466	1584.8697290955936	0.0	487.03184621180503	1514.2976849662023	0.0	612.9362898886346	924.9997506318033	0.0	603.1952880011913	1156.9481476207923	0.0	607.3214352684315	1389.9476382364767	0.0	601.5286224196782	1503.6447218480496	0.0	639.7628826843386	1489.9048179087763	0.0	592.8152689987155	1410.9145198648969	0.0	564.3355231456202	482.3486725084288	0.0	585.4498219193176	330.55492072177816	0.0	583.8970403900237	469.85698392799793	0.0	426.83997510661453	529.4003919007653	0.0	372.3278035811437	691.8508458584997	0.0	317.2662859065638	836.4743291281696	0.0	699.3717972722304	525.5966399182979	0.0	745.816432868902	716.2094122712516	0.0	761.8800466695125	724.7491631191324	0.0
387	12.929930394431556	535.3659399020015	899.436884122743	0.0	460.1052157747629	929.3276875185738	0.0	463.8657425489944	1192.2232679199892	0.0	477.36506178287885	1481.6537483913087	0.0	491.4393736771228	1601.370021541481	0.0	441.3021998684807	1592.7396633470057	0.0	486.87636362562995	1516.8332673212783	0.0	609.1927453959606	925.938657269107	0.0	601.6164390931896	1156.9245927270288	0.0	606.9229710544539	1386.2170344054182	0.0	601.8404186888588	1502.5249162866328	0.0	640.7800673933616	1491.6026834122724	0.0	591.2045985188704	1406.1960042628625	0.0	559.0213523843005	480.5215046645237	0.0	579.6806872950489	326.08101077385743	0.0	577.894120712498	465.71786476764424	0.0	421.8321179088889	528.9457922631644	0.0	369.7349335079268	690.7131816433457	0.0	316.0900142105533	836.7861152238947	0.0	694.9888887359998	522.4863066823542	0.0	743.0029564919832	717.1707207771996	0.0	755.6739698159168	725.1984429778956	0.0
388	12.963341067285384	530.3490459855406	898.6507903138598	0.0	455.79898622470154	928.5478920383594	0.0	461.3935869100827	1191.7478454304655	0.0	477.1385710431934	1483.7822600983156	0.0	491.26377832429966	1604.2470547485457	0.0	441.5562091491829	1596.9582326499744	0.0	487.1734647430073	1518.5878269817936	0.0	605.0763013850587	925.5650003037878	0.0	599.4128548416954	1156.101927818905	0.0	606.2878658881292	1383.4380771221902	0.0	602.0638875732998	1503.5508749796002	0.0	641.9133190083691	1493.2822638444293	0.0	591.1262664970648	1401.958064424929	0.0	553.4018665909422	478.71693291516783	0.0	572.3890926601642	322.5969276551757	0.0	569.9489810837014	462.6663962587848	0.0	416.1133218301775	527.7771236893145	0.0	365.87917458495536	689.2396602704519	0.0	314.7998167194916	837.0602334347075	0.0	690.6046006018587	518.7080640269647	0.0	739.6682122295344	717.6891579789346	0.0	747.2390218286897	713.5409786747618	0.0
389	12.996751740139212	526.5235005555537	899.0622724414378	0.0	452.49148418893367	927.5735440575626	0.0	457.96509831233254	1192.930155397186	0.0	476.90676902411434	1485.7696907543127	0.0	489.98743408430323	1604.1747639255368	0.0	441.7981640395163	1597.2610428336488	0.0	487.6195989984037	1520.7005384979334	0.0	601.7217650593645	925.3576970868197	0.0	597.7595893482319	1155.2010345990764	0.0	605.4936940845172	1383.3604740284652	0.0	602.2978165054866	1506.8971516753852	0.0	642.885623910191	1494.3377597656897	0.0	592.0677714228268	1399.5096912429026	0.0	547.9495542246565	477.3947102047008	0.0	563.8493393819518	320.6165947925148	0.0	558.1880342701426	461.38109318355043	0.0	409.7766774237906	526.986957546925	0.0	361.38185134670067	688.3597717571538	0.0	313.1585875340429	837.0760855335626	0.0	686.6966054403737	516.6453364282117	0.0	736.6755764247719	718.3125177513858	0.0	740.9761808261286	698.9000758546886	0.0
390	13.030162412993041	523.9457725294228	899.908970826938	0.0	449.91214593423797	927.5910493735109	0.0	455.2930355648505	1194.996603781434	0.0	476.8343917078638	1487.4917709655863	0.0	489.54607087562533	1603.7941989378235	0.0	442.12449633255073	1596.355354804497	0.0	488.53837269707265	1522.6933683579255	0.0	599.8539335637316	925.138397539999	0.0	597.1306085909289	1155.376567565308	0.0	604.7465319579061	1384.068377328715	0.0	602.648065069795	1509.1214619650061	0.0	643.3768938761988	1494.5030027100993	0.0	592.5608328150553	1398.5212317662379	0.0	542.8990603546233	476.207183409729	0.0	556.203934556798	318.0710804738706	0.0	547.5893464943731	460.18283052708574	0.0	403.4841404901306	526.9963972285522	0.0	356.73309162306083	687.3900614070474	0.0	310.8704683924544	836.667992084581	0.0	683.0306432080699	515.9945207343857	0.0	733.7070398310448	718.4480800998444	0.0	738.5410235943476	694.8082517484517	0.0
391	13.063573085846869	522.1363579739564	899.6406405796058	0.0	447.9622040520056	927.9234721782029	0.0	454.6389252865652	1195.7878150136573	0.0	476.9099196750816	1488.4177688074833	0.0	490.8937730703386	1604.570279341266	0.0	442.70454724773583	1596.4385233663872	0.0	490.7731262258392	1523.406691784815	0.0	599.1061942918324	923.6939821718025	0.0	597.2872858986857	1156.7158803021407	0.0	604.1112312617578	1383.3759415222469	0.0	603.0683555959017	1508.7391567701045	0.0	643.6026702466905	1494.4365030598235	0.0	592.0707453464959	1397.8200923399627	0.0	538.1351666632719	474.3861385097341	0.0	551.0070019470475	312.9015557626623	0.0	542.4980786469339	457.1174384298671	0.0	397.97106811579977	526.0008983556311	0.0	351.7167751579905	684.7701634965593	0.0	307.7951416115818	835.7576958497178	0.0	679.2163038334788	514.3557445107068	0.0	730.2351195358684	717.7737005346726	0.0	737.5600142651434	699.4547641765768	0.0
392	13.096983758700697	520.9189631982634	898.1831189846228	0.0	446.39567668250453	927.4072590979476	0.0	455.0358652577115	1195.4941741778944	0.0	477.0756500336598	1488.651087647158	0.0	492.82946936864363	1605.8123796171624	0.0	443.66023760745236	1596.899237688473	0.0	493.460463432875	1523.0673076265418	0.0	598.2401348138537	921.2962090746975	0.0	598.4502096714868	1156.865789249687	0.0	603.6750542156576	1381.6204008093969	0.0	603.6982082748964	1508.5467673636385	0.0	644.4954486364862	1494.7640816731623	0.0	591.7685830133338	1396.503909136641	0.0	533.3315708953307	471.9301739787626	0.0	547.1152807477614	306.20085698659966	0.0	540.232033505509	452.79909730152383	0.0	392.4012996381816	523.1051082852218	0.0	346.3729461036182	680.7917166931069	0.0	304.1515015624473	834.4003559261671	0.0	675.1106373517554	510.7760293497659	0.0	726.7573772028838	716.1266201519246	0.0	735.3090863365242	702.4088915583726	0.0
393	13.130394431554526	520.0278222873995	896.1055608272919	0.0	444.8544146038292	924.9063343056016	0.0	455.20411975916454	1194.502304691687	0.0	477.46366668973116	1488.199886417007	0.0	494.06465489399204	1606.6968115658601	0.0	445.04668373227435	1596.7513927986859	0.0	494.96533319584097	1522.6317099306184	0.0	596.6921396346368	918.4010427974456	0.0	600.5328802533396	1154.0237633452682	0.0	603.3003830248467	1379.5406076177462	0.0	605.013656542653	1510.9427510798594	0.0	646.0038035190986	1495.132448014603	0.0	592.2964547260902	1394.7566511944333	0.0	528.2598968480838	469.58079009804203	0.0	542.9727220422822	300.16022856610863	0.0	537.0125430707383	449.1107399585554	0.0	385.6693893384106	519.4920975356528	0.0	341.0769622758023	677.3249419803212	0.0	300.1090196253099	832.7055459367941	0.0	670.8575836344804	505.82038878025804	0.0	724.2802813580599	713.9547958484983	0.0	730.7443952336938	696.3763758074043	0.0
394	13.163805104408354	519.267133150815	893.2235378620543	0.0	443.41550463048833	919.5543977798095	0.0	455.00677706263093	1191.537203713883	0.0	478.17623380666964	1487.3554441256526	0.0	494.5605713321136	1607.236365383979	0.0	446.2753953889761	1596.8968099736994	0.0	495.79288757735856	1522.5488039008112	0.0	595.1993685242626	913.9150354981164	0.0	602.6375816019366	1150.8182098828845	0.0	603.0918778694306	1377.324223139721	0.0	606.8812104424213	1515.3465356863646	0.0	646.8240756313314	1495.7533268883606	0.0	592.6867538295236	1393.2797559710052	0.0	523.2518404152306	467.5841591274685	0.0	538.8609974447687	294.8297784973803	0.0	533.2368194739358	446.095534697488	0.0	378.7305286109445	515.7158071651652	0.0	336.15349318341015	675.2470381323974	0.0	295.8614901760953	831.358692265758	0.0	666.6046296951689	499.85321339675795	0.0	722.5832589739387	712.80261102735	0.0	724.0095053853045	679.6179881387014	0.0
395	13.197215777262182	518.7448551227807	889.6981567323223	0.0	442.3380568747609	912.9034026584116	0.0	454.68886903428876	1187.3221511818874	0.0	479.1551129181584	1487.3374966408635	0.0	494.47846602097434	1607.1831679908375	0.0	446.43978586086024	1598.1054868843048	0.0	497.19194307717373	1522.907738334083	0.0	594.5317532772533	907.8156885489296	0.0	604.2345389347785	1148.9061591102598	0.0	603.7296474283481	1375.7184888713236	0.0	608.3099269045456	1519.4919645523657	0.0	646.6386295327317	1497.3428612853609	0.0	592.3115034203191	1392.0138991258466	0.0	519.0233807172799	465.26741835678155	0.0	534.9232973538661	289.9409667119541	0.0	529.8100915355291	442.66670377317575	0.0	373.54179566016256	511.86525047722586	0.0	331.20423868963314	674.3177533762199	0.0	291.8645087701021	831.6546593945053	0.0	662.8044247940361	494.1045108073691	0.0	720.1791772854291	712.8916417030308	0.0	716.5913898558802	658.760546737719	0.0
396	13.230626450116011	518.4557058760328	886.6945946295324	0.0	441.6783841785736	909.103259992191	0.0	454.3088577087974	1185.6830549919678	0.0	480.34852437757536	1488.0968609117292	0.0	493.66103620949156	1605.7733232834844	0.0	445.4401003193832	1598.291746298773	0.0	499.16524954466774	1523.7006908161065	0.0	594.5421933885657	902.5737146708129	0.0	606.0766071876614	1144.3216262328729	0.0	605.1910295404327	1375.1902480255167	0.0	608.8109499145951	1521.3830956255229	0.0	646.1550748793013	1499.1179218810744	0.0	591.9297094706515	1391.0102532171038	0.0	515.5385224476787	461.59271104852485	0.0	529.9683265405372	286.58365715617606	0.0	525.5099580802976	438.63087280524996	0.0	370.1649387188109	508.8966752781509	0.0	325.1581674198743	674.8228262808381	0.0	288.1622673801792	834.201556543161	0.0	659.768064546952	490.1412974215295	0.0	716.4083688513408	711.4270256535227	0.0	711.940654608029	651.1010609931253	0.0
397	13.264037122969839	518.2416671148237	885.1077449428911	0.0	441.2971047094468	910.1269119120078	0.0	453.7829236643274	1188.1251412681324	0.0	481.5985366326312	1487.9803211752426	0.0	492.3420965864607	1603.397691267146	0.0	444.0068934876292	1595.5397439384906	0.0	501.134387867169	1524.6592852391693	0.0	594.7650287878809	900.2289296152787	0.0	608.6306418728727	1136.1832275847444	0.0	606.4610537183855	1374.7872710254314	0.0	608.7948050316575	1521.2005540667221	0.0	645.5528002972629	1499.7066922462861	0.0	592.4573001211352	1391.016970998596	0.0	511.8159911761638	456.4910767601881	0.0	523.7852846193092	285.1660416164855	0.0	520.236467322852	434.98237168303507	0.0	366.8352038943601	507.34659382076444	0.0	318.4886574302452	677.1148080403823	0.0	284.2995761074826	838.066312397405	0.0	656.5466108067891	487.29321503992986	0.0	711.96944835384	706.5041935110605	0.0	711.7251957149463	662.9157298731839	0.0
398	13.297447795823667	518.1130714881889	884.4931518554955	0.0	440.8507858703229	913.0489596082675	0.0	452.812533255289	1191.9980215199753	0.0	482.3707927789043	1487.026015697892	0.0	491.6985453501495	1602.7469358980197	0.0	443.1572372292365	1592.0068504891651	0.0	502.2522480784817	1526.2115236093011	0.0	595.1814225690258	899.9363140203408	0.0	610.6651193924807	1130.6780969112822	0.0	607.2658581800548	1373.8434191819745	0.0	608.7268951653205	1520.8594769964418	0.0	644.8962770443976	1499.5950090880228	0.0	593.9205972382437	1392.7967597704965	0.0	507.56728233071186	451.5777841887426	0.0	518.051283649524	284.78877493288775	0.0	515.9817056951811	433.01410415069597	0.0	362.9216779841622	506.6401211163448	0.0	313.39094847653945	680.2738298547401	0.0	279.91920921582664	841.9716689358677	0.0	652.3585366195306	484.091684106466	0.0	707.3810197499495	700.548374101498	0.0	712.7911298271413	674.7195331089479	0.0
399	13.330858468677496	518.1373600038326	884.0189221136794	0.0	440.1711146204117	914.6790872282231	0.0	451.39054190802807	1194.885956916091	0.0	482.0261702534976	1486.864742778976	0.0	492.8082780117383	1605.2309307345831	0.0	443.53194500331904	1590.631382623925	0.0	501.97148360964826	1528.7947816492938	0.0	595.9409696194126	900.2682688508172	0.0	611.4262584176346	1131.3677557061283	0.0	608.5086498405869	1374.4854544006846	0.0	608.4285280799793	1522.5969700419994	0.0	644.4134638095115	1501.8651904635944	0.0	595.6242517977765	1398.1080921590237	0.0	503.86175160080626	448.20584819218203	0.0	513.8401756463011	284.7379810819843	0.0	513.184064489483	432.72094999430504	0.0	359.35417062199946	505.94086793669993	0.0	310.4838611344334	683.1365036268658	0.0	274.90424042351594	845.6263999825654	0.0	648.4465972395312	481.1979473860081	0.0	702.9320602068932	696.8166351460527	0.0	712.215815734728	673.0750155023703	0.0
400	13.364269141531324	518.2076259891976	883.9671446758343	0.0	439.61285011480936	915.8445869483055	0.0	450.31638561899456	1196.6079118520663	0.0	480.69310146563294	1487.7211345361613	0.0	494.74531303349073	1607.7786393702143	0.0	444.4345709713655	1591.575868423775	0.0	500.72325583784783	1530.6824564099793	0.0	596.85915090285	902.0270303999222	0.0	612.1959040977616	1135.908071277579	0.0	610.6520097071377	1380.4298057564117	0.0	606.8809862714974	1528.8022118146248	0.0	643.4117760912293	1509.8320684202522	0.0	597.2153721224763	1408.2670152906112	0.0	501.4179354504767	445.974110901281	0.0	510.0973933116781	284.8217787336485	0.0	510.42524489904116	432.96298417124433	0.0	356.3295176222816	504.66488894854893	0.0	308.1977594038216	685.8551264993458	0.0	269.6883508846565	848.9485069586094	0.0	646.3863144998725	479.68841726154255	0.0	699.8825244212454	695.8989928264891	0.0	710.0114343786278	667.9456782849262	0.0
401	13.397679814385151	518.195795998767	884.6359657860751	0.0	439.6240999687109	918.4612717639258	0.0	450.1456102467016	1198.6962941494367	0.0	479.3132560011921	1488.6073167231448	0.0	495.5692029587524	1608.373309009786	0.0	444.53699320511305	1594.061628150032	0.0	498.8908316727514	1530.2483563044123	0.0	597.6695851110472	905.8243340895194	0.0	613.9487347912951	1142.9533243548974	0.0	612.8352085923971	1393.773935161664	0.0	603.9997195568252	1540.8974021131396	0.0	641.4267034728883	1523.7956787352196	0.0	598.953880950237	1422.4420190027367	0.0	499.5153557308534	443.98056193108897	0.0	506.0180494107468	284.75969657693634	0.0	507.8083367576023	433.04524769632405	0.0	353.2949010207423	503.14295194461715	0.0	305.4514051638074	688.7712920648835	0.0	265.2284888019093	851.3673895316664	0.0	645.5801854490744	478.4689826763016	0.0	699.3534356846613	696.2923238510778	0.0	706.5092065803877	665.1731237895784	0.0
402	13.431090487238981	518.231103437527	885.113615389656	0.0	440.10459205509403	921.6756275173667	0.0	450.40528662892024	1202.3889289524116	0.0	478.50560369622076	1489.1553317491396	0.0	495.12070033221136	1609.2043981684317	0.0	444.34447993639725	1597.2841624313596	0.0	497.05889905689475	1528.4942090129978	0.0	598.2966849440638	909.6755928825766	0.0	615.6109960700164	1153.6383899954449	0.0	613.9341786493677	1413.6836888284186	0.0	601.7577023090297	1557.8944357488622	0.0	640.3494266063509	1541.755099530633	0.0	600.4750435424161	1441.1016138718976	0.0	497.18117385457464	441.88879776161485	0.0	502.9917279542476	283.8737974900377	0.0	506.52500998368583	432.90336606039523	0.0	350.7180233083502	502.2905953706691	0.0	302.55793904507664	691.065391362457	0.0	262.0347835679784	852.8093325325635	0.0	644.0420756418843	476.2556805284506	0.0	700.314878204216	696.1052344531217	0.0	702.9324507727547	658.7332541937338	0.0
403	13.464501160092809	518.5941094962176	884.7119823622813	0.0	440.32168689585455	923.4333452473275	0.0	450.58055437886145	1205.4288107746772	0.0	478.0512477766975	1489.3816917727477	0.0	494.62091547504593	1610.9027508416284	0.0	445.317971105632	1599.7671007794156	0.0	496.6199630075003	1526.788886376403	0.0	598.7017414499705	911.4596170406114	0.0	616.0064408146128	1166.9986494889304	0.0	614.2982916159865	1436.6428467969322	0.0	601.5033616363415	1576.757718847765	0.0	642.0718791423183	1561.6945976810555	0.0	601.4007203596292	1465.392493688313	0.0	494.81907358338236	439.8383241021437	0.0	502.2596655454635	281.5836283379155	0.0	506.138518326274	432.2728149863037	0.0	349.8095806068747	502.1311055891356	0.0	299.9690630846147	692.4080596222066	0.0	259.65024886580113	854.0503687680435	0.0	641.3117504257931	473.72217249458396	0.0	700.8536093047309	695.4528589388178	0.0	700.6507750944944	648.3405228422516	0.0
404	13.497911832946636	519.2336515511168	884.4383018917657	0.0	439.77328991888214	923.504088398939	0.0	450.6683872897706	1205.7154553802227	0.0	477.5612793050583	1489.1066315952237	0.0	494.1636758346566	1611.7809785495924	0.0	445.9227286541702	1600.768823476606	0.0	497.16882672298885	1525.2343921685124	0.0	599.0313421667385	911.3756600469505	0.0	615.4322920622161	1178.9370707957771	0.0	615.7594636248751	1459.0833351840702	0.0	602.3967197738143	1594.017990947989	0.0	645.292596879852	1581.360013238389	0.0	603.3535602146454	1492.4815742425922	0.0	493.8076945513656	437.9579078258792	0.0	502.87778195179567	278.56347851603743	0.0	505.8960118595143	430.74906747513484	0.0	350.3789818500939	502.17278945492274	0.0	297.46253090566773	693.985417352064	0.0	257.16842141118644	855.7401724478328	0.0	638.927411783795	472.1223892770347	0.0	700.540092612441	694.4103341209192	0.0	699.5827566537961	641.364290215651	0.0
405	13.531322505800466	519.5196725596953	885.5900553254105	0.0	438.89876253185116	923.1011818808544	0.0	450.7053957247299	1205.3601433170859	0.0	477.3439476143375	1488.6779046238685	0.0	492.8572060999099	1611.9664317254146	0.0	443.7000975056913	1601.130842397597	0.0	496.598136178407	1524.1555711843935	0.0	599.4882580365735	910.8035445241142	0.0	614.4291733010483	1185.3081984536977	0.0	619.1178538417264	1479.1449119465085	0.0	603.5930772530834	1607.3489938566865	0.0	648.1048140894595	1597.8531616486896	0.0	607.9160105286775	1517.6363916880528	0.0	494.3783626167015	436.1799667703104	0.0	503.4085953967927	276.29940713471854	0.0	505.94695848421594	428.65423159680637	0.0	350.66908962023075	502.2114733205687	0.0	294.8120023458211	696.140338089208	0.0	254.36389336270972	857.4986604183578	0.0	637.9043125274825	471.5098931098284	0.0	700.0124378489494	689.9709535991003	0.0	700.3827492033972	643.3495760858438	0.0
406	13.564733178654294	518.9705919884494	887.8717814110051	0.0	438.3179543077372	922.9749171749277	0.0	450.5003599211965	1205.9326517969473	0.0	477.89143984623945	1488.8697660553414	0.0	491.0251951447185	1612.828062745796	0.0	440.5095987985423	1602.0632977108057	0.0	495.0028008930457	1524.7867384159774	0.0	599.7145674454503	910.4202133908799	0.0	613.0900048317585	1186.0778921638273	0.0	623.0807208869663	1494.7453602177704	0.0	604.9419148221938	1616.6676942041802	0.0	650.8445640538272	1609.5007071351977	0.0	613.5923560887347	1538.0163888994696	0.0	495.2874706295753	434.8593800419255	0.0	503.8437350289743	274.9956890719518	0.0	505.84081611458976	426.4445833190832	0.0	349.9237278190051	502.0665376388199	0.0	292.6015023096125	697.5895668169487	0.0	252.10799301991017	858.4923103316488	0.0	637.9230450404391	470.9454422068091	0.0	699.7872592089237	681.6048370165877	0.0	703.6581332464865	651.6014909801354	0.0
407	13.598143851508121	518.0917783592383	890.9195127082262	0.0	438.0371156102933	923.4275260223818	0.0	449.8812501820112	1206.7664979017302	0.0	478.75601549669466	1489.7987791438898	0.0	489.719204239885	1613.6708876518953	0.0	439.6738684440393	1603.1741697532855	0.0	494.3394173212512	1527.4130163477985	0.0	599.2246011592372	910.8034316055235	0.0	611.4664154135894	1185.3499596688318	0.0	626.1706826374157	1504.6648164538938	0.0	606.4243433909484	1623.425669849364	0.0	654.2044883382058	1616.957120828474	0.0	617.7417847536332	1552.2709444073428	0.0	495.62698059376436	434.39114338549194	0.0	504.998066266963	273.62485900573375	0.0	505.7209928757121	423.68933383774896	0.0	349.08683945845485	501.88586041979914	0.0	291.42603959873253	697.9756137572765	0.0	250.73312845808306	859.4749389710161	0.0	638.8770887067319	470.07930548343876	0.0	700.0906135752771	674.9314245507676	0.0	707.4179035505242	658.4337900004297	0.0
408	13.63155452436195	517.4840228556109	895.1534995464648	0.0	437.83994339618187	925.1921036795488	0.0	449.0398978813997	1208.7607988445664	0.0	479.2082889612152	1490.7625518203854	0.0	488.8323645678847	1611.735045837755	0.0	440.553378552577	1602.413267443772	0.0	494.6922930706109	1530.2236034337068	0.0	598.0296139554471	913.4616703957951	0.0	609.5268321890841	1186.7178838908542	0.0	627.9817481717753	1511.73195886742	0.0	609.5621837427209	1627.9782773170282	0.0	657.8176220152882	1621.4353401971125	0.0	619.7081251965295	1561.4367872161752	0.0	495.4849527464661	434.3421193734544	0.0	507.17902123051067	271.9566117605698	0.0	507.89324290753376	420.4683573745056	0.0	348.6811738179137	501.93495548110667	0.0	290.79531499738533	698.3704263489182	0.0	248.9759836140708	862.4444465109575	0.0	640.7793495397773	469.8515224454171	0.0	700.7202525068838	674.9227188667678	0.0	708.8787371325864	661.2415764083454	0.0
409	13.664965197215778	516.8554890456342	899.4659286286525	0.0	437.51516408322976	928.1338797944169	0.0	448.20806109698424	1212.7915647610162	0.0	479.05650314103184	1491.097725079418	0.0	488.13010309726246	1607.5097448767187	0.0	440.57785740721107	1600.0375566051096	0.0	494.14433754264445	1531.2981431534074	0.0	596.3666709542299	918.5408769909484	0.0	607.6052956555409	1191.8067574255124	0.0	629.2409766766151	1519.7181524079965	0.0	615.8706428019377	1630.0030659947786	0.0	661.442193275866	1624.4686022838398	0.0	620.8771411136627	1569.6984914929772	0.0	495.33331306621733	434.49186307202126	0.0	510.7419313487289	270.69378405759386	0.0	514.4269101743605	418.3042687915192	0.0	348.45786536997974	501.9924871027742	0.0	290.02359527528057	699.3596294629531	0.0	246.02038288175967	867.7762984976058	0.0	642.6173788452431	471.0932222297282	0.0	701.326887475385	679.263011986702	0.0	708.1535565193367	662.8520077168411	0.0
410	13.698375870069606	516.011847601963	901.4403998215478	0.0	436.55319607045436	930.1574020320631	0.0	447.260343876837	1216.1139129435708	0.0	478.24981866079344	1491.0734413227092	0.0	488.11840546192303	1606.1246178033318	0.0	439.6254611668568	1599.565461547301	0.0	492.40012663869396	1531.105118540446	0.0	594.8888862613312	923.0314533730538	0.0	606.3455958190156	1199.1681229385406	0.0	630.6310198822882	1527.7767488016111	0.0	623.1066807504416	1630.4202568675223	0.0	665.4629380696208	1628.2243948578657	0.0	622.2086599938359	1579.005562601239	0.0	495.9518386458159	436.00812721004064	0.0	516.4303229322949	269.9888336040309	0.0	523.6864366965852	418.26049810563285	0.0	348.72794922608597	501.8930699699113	0.0	289.597140654319	700.664151866617	0.0	242.85049013945448	873.5804161807134	0.0	643.664674946385	473.0585829928207	0.0	702.1043788330146	682.7664683909753	0.0	707.8116928628025	665.546807811351	0.0
411	13.731786542923436	515.4272851932132	900.5689378859041	0.0	434.8371154462257	929.9083279652494	0.0	446.06222879920324	1215.921708899225	0.0	477.07432217674085	1491.5759009125043	0.0	488.46813353639493	1609.66710377506	0.0	439.12625090255693	1602.1401918115191	0.0	491.50009409907756	1531.1115892595694	0.0	594.5509369049564	924.1419066197589	0.0	605.4876153913008	1203.6478893369701	0.0	630.9885831078508	1531.9122532250901	0.0	627.5941427286914	1629.8290741354103	0.0	669.0504298735125	1632.0446401056606	0.0	622.3919428860895	1584.8041896119287	0.0	498.24975282389573	439.5217243324112	0.0	523.2991703347939	269.2380571847689	0.0	531.077910496388	419.8331423548659	0.0	349.92218375014585	501.7331759062386	0.0	290.37558523111886	701.7184013856345	0.0	240.544965189184	877.540316813853	0.0	644.8951776515985	474.4621674780249	0.0	703.2985302504965	685.0430385917432	0.0	708.1412007453737	670.1045220923245	0.0
412	13.765197215777263	515.0403777534603	899.5251696623652	0.0	433.3679695773593	929.2769597511266	0.0	445.1299889306181	1214.5790683981631	0.0	476.40940043648806	1492.8739451212691	0.0	487.97443129629806	1613.6581299217794	0.0	439.2446220256374	1604.572108341742	0.0	492.1005113756209	1530.7955507603026	0.0	595.161817398059	923.1097080282904	0.0	604.2145025136836	1202.9491792359304	0.0	628.5750604852435	1531.8335543952771	0.0	628.4867176622835	1629.08956989238	0.0	669.904274055646	1632.9969509825153	0.0	619.8577432099771	1583.3435170788105	0.0	502.27068486243553	442.53348236829623	0.0	528.672655234053	268.15857416712544	0.0	534.7251003076909	421.7689519522713	0.0	352.08502137995333	501.4953752537238	0.0	292.0766698651017	702.0018823291105	0.0	239.09230437593922	879.0592241633485	0.0	647.5497966310687	475.42733916314035	0.0	704.032394171685	685.8263387857978	0.0	708.1756088346884	676.2096947694844	0.0
413	13.798607888631091	514.105763692065	901.6504800553108	0.0	432.844332825928	931.3632605295766	0.0	445.26361974643805	1215.9939572892608	0.0	476.7493390715011	1494.2859144256408	0.0	486.52451819638577	1614.1502209307685	0.0	439.285665993044	1604.408084573401	0.0	492.4720305209296	1529.1716233127686	0.0	595.2980856629039	923.8917405009223	0.0	602.3549993369866	1200.9088967234145	0.0	624.2327295495506	1533.681056702467	0.0	626.0472653411555	1632.443373003275	0.0	667.7757345839867	1633.8294667132077	0.0	615.9690633645686	1580.9771369871785	0.0	506.77651851056356	442.38679146894276	0.0	532.0574667473813	267.21530995385586	0.0	538.2228224191732	422.96949080080236	0.0	355.0580634351723	501.0383862013354	0.0	293.6682582051133	701.8123595519023	0.0	238.0114702790867	879.3939294121919	0.0	651.3178585092593	476.64209976407966	0.0	703.5966818087139	681.598186007044	0.0	709.6559359276483	682.7928671177987	0.0
414	13.83201856148492	512.8379441954629	906.6971269204871	0.0	432.52624735442225	936.2507120949366	0.0	445.81706751290096	1219.4458540474243	0.0	477.64955601862073	1495.032074127965	0.0	485.56270460870843	1612.6560005607248	0.0	439.217987895707	1602.5995163034227	0.0	491.8680078606563	1527.2296660229372	0.0	594.6504001770402	927.8244527590214	0.0	600.2350282019021	1202.191678531304	0.0	621.0304819471503	1542.943019502533	0.0	620.6889646961165	1643.9472760840622	0.0	664.8136485325585	1641.3958893415495	0.0	613.7549991941285	1586.7462572083816	0.0	510.3004778730333	440.74608924990395	0.0	536.053336229411	266.8518165534372	0.0	545.2547209104008	423.27012351926106	0.0	357.6429488654917	500.08634921598116	0.0	294.63079017555526	702.2285737637935	0.0	236.87843367419393	879.5120222812869	0.0	654.6285066709861	477.7609738511882	0.0	703.8598922982353	674.943684871623	0.0	712.9872322937366	688.3050636703105	0.0
415	13.865429234338748	512.3399676344719	910.7489772946237	0.0	431.6612049234786	940.458271733047	0.0	445.2268655092154	1222.0359105742748	0.0	478.5906284655135	1494.827644038306	0.0	486.19917092135483	1611.8646481788273	0.0	439.50579900472405	1600.9334163826022	0.0	491.5239849329179	1526.085953060266	0.0	594.5257994101244	931.640270091349	0.0	598.5080276585841	1206.7115652726952	0.0	620.2717362606037	1555.2147791860207	0.0	616.1902025340813	1659.2429057735574	0.0	662.2387720440254	1653.2955682149507	0.0	613.4520111885806	1597.6961897825317	0.0	512.5077361887071	440.7809618241886	0.0	542.1430157608394	266.8032549065602	0.0	553.9712952619969	423.26690944977275	0.0	358.72563868423094	498.8885515247245	0.0	295.0717249313957	703.4125053290051	0.0	235.3681662930684	879.525311547732	0.0	656.7712823561114	478.32552566444485	0.0	707.2288771246286	675.2021817488619	0.0	714.9060149257875	690.759519848877	0.0
416	13.898839907192576	512.9714684972868	911.5580144438197	0.0	430.80347712636745	941.6166727567802	0.0	443.9017769838363	1223.1559057163179	0.0	479.57037123900005	1493.7551531646839	0.0	487.55004169039523	1611.7478301526542	0.0	440.11543688295524	1599.8514234662548	0.0	492.1820000843691	1525.7410972780667	0.0	595.3957435142846	932.68846644846	0.0	597.933842280317	1209.9090031619744	0.0	620.2236484040545	1560.5860082531499	0.0	616.267194964163	1667.242548834082	0.0	660.2722108133586	1658.9611292706556	0.0	612.7037393685662	1603.0954538054111	0.0	514.4459978232164	442.20711612465965	0.0	548.8000339816407	266.0339858412668	0.0	560.2521022512504	423.18047746498183	0.0	359.3983608975793	498.4663250290426	0.0	295.23557143668205	704.0969588270297	0.0	233.55782372741206	879.7812626318533	0.0	658.9853726554616	478.34646890698633	0.0	712.4724352151031	684.0095451422728	0.0	714.5724156969267	690.9080960292508	0.0
417	13.932250580046405	514.319760005803	910.996806647432	0.0	430.77226759985496	941.5286498227119	0.0	443.7647533069099	1223.503196621898	0.0	480.5684557544836	1492.4011628903725	0.0	488.18480890999695	1611.5158396574536	0.0	440.56526843203005	1599.0000219321928	0.0	493.28371804192096	1526.1727457336924	0.0	596.4830520077683	933.0376773995139	0.0	598.4558989146283	1211.2156917201212	0.0	619.343668033995	1558.2961299711612	0.0	618.5997295142919	1665.2978088087411	0.0	659.3420283791295	1657.0614107681497	0.0	610.9047166171932	1602.2373160061647	0.0	517.3219402183728	442.3037482300646	0.0	554.1245379531057	263.71270165314957	0.0	563.3232025429957	422.6388775232103	0.0	361.0245113663151	498.74177236563963	0.0	295.39676019163136	703.429459297072	0.0	232.1377665607491	880.5983773021463	0.0	662.8999205329033	478.00029229981624	0.0	716.1754535757664	690.8632527828913	0.0	715.737080358983	693.1764573406692	0.0
418	13.965661252900233	515.6904932092594	911.778239914509	0.0	431.1439200932615	943.3080893863398	0.0	445.312710880608	1224.243457818815	0.0	481.22684069381336	1491.69672570211	0.0	488.3528915018039	1612.1001183682877	0.0	440.7005110581171	1598.8701615570153	0.0	494.4295240533093	1526.1317863616603	0.0	597.452883441186	936.1026560222958	0.0	599.08118586247	1215.221128582725	0.0	618.1796618480996	1557.9718553712316	0.0	619.512609454915	1664.5219423300903	0.0	659.4245923396696	1657.9206677239135	0.0	609.6502042364115	1605.3492277493629	0.0	521.2215085812368	439.92703520129567	0.0	558.1304971740853	260.6704244155161	0.0	565.1072561063207	421.4661510695983	0.0	363.14103848858593	497.99847049314593	0.0	295.9778148700555	701.7756699785692	0.0	231.98768481885256	881.1668815018287	0.0	668.3683664738397	478.4434260366296	0.0	717.9002486039116	691.3607977094357	0.0	720.5171416188283	698.5894125623037	0.0
419	13.99907192575406	516.7641552536365	914.0952132772671	0.0	431.38998566451346	946.8756859393627	0.0	447.56219205528265	1226.4785286292981	0.0	481.17320659265005	1491.6778176909875	0.0	488.98682544919495	1614.5275107073169	0.0	440.65903007756395	1600.320045624997	0.0	495.4355661155309	1523.3787810825324	0.0	598.5887462845538	941.0030101736304	0.0	598.7803842039549	1221.0415969439482	0.0	617.6153228187451	1563.6156352492344	0.0	619.3793921879527	1671.0268750708844	0.0	659.7205614454531	1665.2350740050433	0.0	609.6077684923582	1614.7776629652633	0.0	525.5999527767843	436.3160606161045	0.0	562.2392812489937	258.14622565829103	0.0	567.8598213344251	419.83628044229124	0.0	365.14725046131656	495.26675370598093	0.0	297.2661990935624	699.8563508132332	0.0	233.58475766876987	880.3063630285019	0.0	673.8685840956749	480.7464136607913	0.0	720.0847714098612	693.7280734184181	0.0	726.4309862721656	702.1685627899924	0.0
420	14.03248259860789	518.4055319390485	915.8623464872476	0.0	432.54324470941555	949.0456741574224	0.0	449.9074276120724	1229.320080776201	0.0	480.36300528260347	1491.2525697394587	0.0	489.80728263243526	1616.5705307887943	0.0	440.51695321572925	1602.0144960282435	0.0	495.3667190923301	1518.8294611012266	0.0	600.3004195460192	943.4981523522536	0.0	598.062301344836	1223.4847354771812	0.0	617.4025920389743	1567.2098598746309	0.0	618.9026714335837	1674.310277499993	0.0	659.441971963071	1668.871666512157	0.0	609.3974035228055	1619.8527318828858	0.0	530.1456572923415	432.70933371224163	0.0	567.4655212223563	255.56416253887053	0.0	572.8892571458139	417.83257699707343	0.0	367.18404868111236	491.60850440292285	0.0	298.5201938462161	698.6099177853661	0.0	236.1091897063579	879.2300198212573	0.0	679.104064198045	483.27034214179804	0.0	723.5381229796158	698.6058990995598	0.0	731.0962136378571	701.2458929431698	0.0
421	14.065893271461718	521.178143619816	916.5735948956659	0.0	435.5107029730828	948.8791011721896	0.0	452.34088892130666	1232.340536629903	0.0	479.465812102686	1489.991779070187	0.0	489.7988536408986	1615.7717561400068	0.0	439.86949756039724	1601.6478403543115	0.0	494.00962307658773	1515.9257989620853	0.0	603.1062360611741	943.1301515724382	0.0	599.3713833959674	1223.5201564631805	0.0	617.590114498391	1563.9848285185053	0.0	617.4093191352582	1667.4836050341273	0.0	658.9730964819698	1663.382668959373	0.0	608.2147131633407	1615.563997683821	0.0	534.5268579560909	429.4411718398255	0.0	573.5574081498023	251.7781656697482	0.0	579.3161016890961	415.377936940338	0.0	369.13965987655183	488.6853024958996	0.0	298.6488329279777	698.6060956985389	0.0	237.63758518729236	880.9273789699092	0.0	684.9625839803869	483.2055298662608	0.0	726.6404840136175	696.5953141244889	0.0	734.4642295538653	698.8189593342689	0.0
422	14.099303944315546	524.2358361724046	918.4886449725788	0.0	439.18597581495897	949.790535895773	0.0	454.403143132424	1237.0028531471828	0.0	479.3644658520451	1489.032295471985	0.0	488.9679946108918	1614.9171719452236	0.0	438.0340071132864	1599.974489696482	0.0	492.7197791301644	1515.8333056964666	0.0	607.1623004791498	944.0798955342448	0.0	603.8623580670105	1226.5910017484264	0.0	619.5847262332104	1562.5747515759494	0.0	616.7618848326478	1663.9330381333468	0.0	660.3757748022924	1660.7454746031299	0.0	608.1191975773388	1612.4380017836786	0.0	538.4600401579584	427.3065088683257	0.0	579.594675886201	247.17990953671634	0.0	585.7297137421293	411.9530095013371	0.0	371.0054906864404	487.0488180543359	0.0	298.2234117707412	698.8348717517441	0.0	237.38945939892673	885.0337559823465	0.0	691.0483139681918	480.51768988272613	0.0	728.3911108288008	687.2737835375166	0.0	736.9935566180465	699.0652916761178	0.0
423	14.132714617169375	526.9052767978982	922.1052114415073	0.0	442.07334002548737	953.7378250518469	0.0	455.3018717379256	1241.5917247574384	0.0	479.98547734737036	1489.5108013543525	0.0	488.24956388702265	1617.3949997103405	0.0	435.76115481729437	1599.5671744785066	0.0	492.2541775198615	1517.217150139056	0.0	611.6118835052645	947.8569734517904	0.0	608.9920448677619	1234.0543636688105	0.0	623.4783903607431	1571.61287815012	0.0	620.2391948252745	1676.8574084055788	0.0	665.1043451469557	1672.53748262708	0.0	610.8887075297547	1620.816966652243	0.0	541.9362309708388	427.28089961471454	0.0	584.8970447403	242.98171655732577	0.0	592.577865087836	406.98062310360467	0.0	373.16166271302035	486.2989941896277	0.0	298.57050976436	698.008113503554	0.0	236.63665645115253	887.5830475801998	0.0	695.4421172155123	477.68151371082683	0.0	730.3602662871588	679.9099152209606	0.0	739.8673206344788	703.0296872571631	0.0
424	14.166125290023203	529.3629633820775	924.8978016128252	0.0	443.93341843105196	957.5735907398465	0.0	455.4322561645698	1242.2819109844809	0.0	480.68284248982724	1490.8323753216534	0.0	487.6260245313903	1620.679108189069	0.0	434.83073240634184	1600.8005557403987	0.0	492.9227542184766	1517.6806671689822	0.0	615.1529783541531	951.3969988422584	0.0	611.6219611778696	1242.2114169496226	0.0	626.4331361124061	1587.218411886575	0.0	626.578541396026	1698.5678839765133	0.0	670.7096565086258	1692.7697954336902	0.0	614.2394612817803	1637.1468848588831	0.0	544.8527440231713	428.21452655340414	0.0	589.3810163655842	239.40380281621785	0.0	600.9305806072132	401.359196702627	0.0	375.36319110750003	485.5730468960006	0.0	299.66316169804423	696.2758349232264	0.0	236.75993910952752	886.8898461822267	0.0	697.0016507092151	476.1973328554029	0.0	734.9225134771724	679.8920396910825	0.0	744.7507837792557	705.8762642412761	0.0
425	14.19953596287703	531.8497401301091	925.5239046448448	0.0	444.9527792250111	958.3361707593223	0.0	455.89035833825596	1241.1677957118793	0.0	481.4192911174953	1490.905939338302	0.0	486.5191403883494	1621.3576566992792	0.0	435.26872225293044	1602.15645568817	0.0	495.4180971626158	1514.2708853198217	0.0	617.3532062807143	952.5410984635242	0.0	611.8704657301279	1247.5541784562893	0.0	626.692572597238	1600.7039198038763	0.0	630.7029060046589	1715.3869818583078	0.0	673.5592142143553	1709.7362058596589	0.0	614.9301553829204	1652.2087169104307	0.0	547.1803198948045	427.50608288018327	0.0	593.6335209007063	235.4398102653605	0.0	610.1978674118847	396.5816070663284	0.0	377.0306728575586	483.4340700637516	0.0	300.80477395906166	694.0709143506178	0.0	237.3731534607257	885.0168012348422	0.0	697.4733458384572	475.49766780465916	0.0	741.3471193157449	684.7200132285664	0.0	751.2361200896821	703.1368202820033	0.0
426	14.23294663573086	534.1674483377446	925.2706388978979	0.0	445.1178834411372	957.4329101599967	0.0	455.65546519392535	1244.9060825790875	0.0	482.15740599759755	1488.6197411487726	0.0	485.411724015136	1620.8718885151984	0.0	435.7041542168152	1602.7063107090933	0.0	498.088622141572	1507.0913443286836	0.0	618.7669998897226	952.4628123793098	0.0	612.247317735277	1250.7360057364906	0.0	626.0878157376346	1609.108493143129	0.0	631.1479939887895	1725.4120356656301	0.0	674.023587250856	1720.403569780668	0.0	613.3173593037174	1661.5794214226103	0.0	549.485274492294	424.4115479804393	0.0	598.4361800457121	229.68722106555413	0.0	618.4673633845471	391.9191712806482	0.0	378.6629530389111	479.3574735605019	0.0	301.7532279891677	691.3958496180347	0.0	237.09457047524882	883.9391165750727	0.0	700.1157033223574	474.87052083291496	0.0	746.2797770275197	688.7224154749027	0.0	756.3974552797766	697.5413253617144	0.0
427	14.266357308584688	535.4617364277763	925.6625102380593	0.0	444.3619891324242	957.141434088364	0.0	452.3155541061506	1255.4580462151316	0.0	481.82573889933394	1485.3063976540848	0.0	485.1304763340202	1621.9997128115758	0.0	435.7339780989172	1603.4919984920368	0.0	497.63289932503255	1500.2364715739861	0.0	619.9544845779324	953.0046537771708	0.0	614.1128172074391	1255.3077909755034	0.0	626.3293306873858	1614.4044431313155	0.0	631.0451368914254	1732.552545747229	0.0	674.2409918546131	1726.7566265093003	0.0	611.9983530571119	1665.5012146538593	0.0	552.7648839449023	420.20815909579545	0.0	603.6843556498553	221.4486290004654	0.0	624.7275239891198	385.20519936762304	0.0	381.0267580941729	474.83603625741597	0.0	302.155600103005	688.7100536359302	0.0	235.6615651137536	883.9080101178882	0.0	705.6955598171457	474.3626754710959	0.0	749.0656342123078	689.5023888221536	0.0	758.6170856938687	692.7091776101656	0.0
428	14.299767981438515	535.0526272819003	926.8680523664104	0.0	442.87454500766137	957.6567989938172	0.0	446.00795095979345	1268.7698781715342	0.0	479.6218951870169	1482.2599524948744	0.0	485.87090777786835	1625.0862245202457	0.0	435.9558315419436	1606.2380265759998	0.0	494.2365515070314	1496.0341736870735	0.0	620.8772262416512	954.484453217204	0.0	616.3058408036046	1261.5108517483643	0.0	626.7581247255268	1618.121767801977	0.0	631.6520198336074	1737.4656430085893	0.0	674.2901316279148	1729.7265901328833	0.0	612.2965173242192	1666.311908309166	0.0	557.4753532441617	416.1262843061829	0.0	608.5132036011433	212.35947907653184	0.0	629.6273358037882	376.79575871249864	0.0	383.24338202808207	471.680287397118	0.0	301.3725626810718	686.7519943409158	0.0	234.04691849053117	884.7150796732802	0.0	712.0688699524422	473.85956310488274	0.0	752.567141017953	691.2579392556189	0.0	760.4202722679845	688.0330989217272	0.0
429	14.333178654292345	533.814343280786	928.1790300373051	0.0	441.9299006327854	958.7188119231529	0.0	439.5108624542107	1281.4091970882841	0.0	475.93954140291527	1478.9055022244452	0.0	487.2677930283985	1628.6718444576284	0.0	436.33365133746685	1609.8328037921117	0.0	490.5866643410362	1492.2813176471157	0.0	621.7668504427702	956.0927638707743	0.0	617.4550493780056	1264.5276080511703	0.0	626.7882093442154	1619.9406701524144	0.0	630.8304671574169	1739.1757014108641	0.0	673.6571453031028	1729.9360018585774	0.0	613.4258589921759	1666.0450376284164	0.0	562.4814283171589	413.0435066302422	0.0	612.8751138784754	205.39653328928017	0.0	635.3842021238904	369.6751186329152	0.0	383.8098748804503	470.2841840906502	0.0	299.9179172363442	685.7418506115117	0.0	233.22390341746245	885.9269548262772	0.0	717.4964597112104	473.18075877279955	0.0	757.7366085965125	697.8443290335697	0.0	764.7995486907033	684.1693436469533	0.0
430	14.366589327146173	533.6139773312269	929.5267553267546	0.0	443.10423964242653	960.825001467484	0.0	434.95674087394383	1293.2886530483308	0.0	470.9971103010291	1474.3369501912568	0.0	488.28089430086044	1631.1193934620248	0.0	435.34393638824605	1610.9330792197493	0.0	487.2531327993237	1486.2405138705121	0.0	624.066023815643	957.5892469628609	0.0	618.0747424617438	1261.2419667738993	0.0	627.1927734287249	1619.7020724928527	0.0	626.5389840921559	1739.1596925299261	0.0	672.3571448968966	1729.5412442745328	0.0	614.1738176568142	1665.4622162647072	0.0	565.9529482073633	411.9376364027485	0.0	617.8147111920827	201.13078128179703	0.0	645.6251200698485	365.01295521459633	0.0	382.68067969656073	469.65902782312423	0.0	299.6917832549458	684.9894957706067	0.0	233.88541163978283	886.1550238961763	0.0	722.0886031886196	472.91493170641604	0.0	761.9703346672827	707.1305548998624	0.0	771.2317789375301	685.5109668398593	0.0
431	14.4	534.982384402573	931.3858121349775	0.0	446.21318592451627	964.0909832424467	0.0	432.19617484900886	1305.1509799424068	0.0	464.90118774009824	1468.670617216266	0.0	488.26077002310194	1632.195062825247	0.0	432.1945741236098	1608.8321271761563	0.0	483.5889610128781	1478.0150223301011	0.0	628.424894873126	959.4186947295264	0.0	619.0813910374177	1253.7603379230789	0.0	628.4255842033763	1618.1841790124956	0.0	619.0814945687634	1739.6625158845707	0.0	670.4746531398795	1730.3167043910917	0.0	614.4091276129782	1664.9049145863742	0.0	567.6873232885401	412.78527146630955	0.0	623.7526759564844	197.86813971084328	0.0	661.1298741736973	361.38910810018706	0.0	380.80460649717025	468.8490678530086	0.0	301.37908675893664	683.7630352712986	0.0	235.9690294923497	884.6631285439192	0.0	726.5375657048974	473.51994027351753	0.0	763.9126991918497	716.4655756477036	0.0	777.9294665613379	693.1119680678454	0.0
