PathFileType	4	(X/Y/Z)	/Users/visionmauri/1_6_1_f_Sports2D/1_6_1_f_Sports2D_px_person00.trc
DataRate	CameraRate	NumFrames	NumMarkers	Units	OrigDataRate	OrigDataStartFrame	OrigNumFrames
30.0	30.0	447	22	m	30.0	0	447
Frame#	Time	Hip			RHip			RKnee			RAnkle			RBigToe			RSmallToe			RHeel			LHip			LKnee			LAnkle			LBigToe			LSmallToe			LHeel			Neck			Head			Nose			RShoulder			RElbow			RWrist			LShoulder			LElbow			LWrist			
		X1	Y1	Z1	X2	Y2	Z2	X3	Y3	Z3	X4	Y4	Z4	X5	Y5	Z5	X6	Y6	Z6	X7	Y7	Z7	X8	Y8	Z8	X9	Y9	Z9	X10	Y10	Z10	X11	Y11	Z11	X12	Y12	Z12	X13	Y13	Z13	X14	Y14	Z14	X15	Y15	Z15	X16	Y16	Z16	X17	Y17	Z17	X18	Y18	Z18	X19	Y19	Z19	X20	Y20	Z20	X21	Y21	Z21	X22	Y22	Z22
0	0.0	601.899784393846	894.7611332059818	0.0	689.6181039822058	950.1617714997271	0.0	648.0672864691735	1305.651452112143	0.0	606.5165909227188	1674.9918720260507	0.0	569.5826292221951	1730.3936240724922	0.0	638.8333503896426	1739.6267945216914	0.0	606.5164846488781	1739.626441585049	0.0	509.56471364807135	931.6947418507618	0.0	491.09788877831005	1236.4039116591334	0.0	463.3977114903897	1564.1899819955322	0.0	468.0145654027885	1725.7810178686527	0.0	417.22906913734414	1711.9302980958905	0.0	463.3964261154627	1633.4425098115762	0.0	629.6002653376355	336.13383642726495	0.0	634.2174397051449	220.71497400903777	0.0	643.4506222451614	317.6670665062717	0.0	809.6536507855504	428.46896314057983	0.0	874.288358339255	705.4746831119855	0.0	860.437591735496	885.5273428985414	0.0	454.16388816745746	405.3846508837738	0.0	361.82929376604426	663.9223621293397	0.0	352.59421013301846	677.7751289299565	0.0
1	0.03340807174887892	601.0737683301389	893.7620860405959	0.0	688.9808811858829	949.3873765175906	0.0	647.0174915645907	1305.4091745571054	0.0	606.13120645208	1673.3460353077814	0.0	567.7955692754282	1727.14239971047	0.0	640.2587918117626	1737.620981873029	0.0	605.7178942674119	1740.0709223027588	0.0	506.9959932093091	932.3397605172443	0.0	489.99650455562096	1239.9669789876395	0.0	462.1691150580111	1560.9512459339292	0.0	468.630205610904	1724.160196822147	0.0	413.78322745692395	1710.5803722838484	0.0	462.4054383852901	1632.0914444176763	0.0	629.0541998671285	336.1634886532814	0.0	633.6208002842369	221.76243841363623	0.0	643.173425738512	319.18335681043834	0.0	809.2880718159614	428.40277874643704	0.0	872.4423988062989	704.6004672105502	0.0	860.022719848304	884.6750429154737	0.0	453.75202080999475	401.6915442189022	0.0	357.40294670534445	666.271213934356	0.0	353.0472197968425	676.512955832981	0.0
2	0.06681614349775784	599.0795386889012	890.733939167512	0.0	686.6346794994611	947.7557446541857	0.0	645.419479348986	1305.35969189143	0.0	606.1151784872603	1670.957017307821	0.0	568.4138982355307	1721.5671404159627	0.0	643.2577950447164	1734.529552315114	0.0	604.8116737378499	1740.266911633657	0.0	503.0880374149074	931.2223332950686	0.0	487.78318128337463	1242.9514396900518	0.0	461.4962754888502	1557.800608555358	0.0	468.9544336426263	1721.7063328484955	0.0	409.0704201481898	1709.3097944271135	0.0	461.24934379087955	1631.3513174954717	0.0	627.9730873323515	335.7999197219391	0.0	631.4964325710458	222.0559375507184	0.0	642.4619667533166	319.3329876812689	0.0	808.4774408308064	428.78761763094485	0.0	871.0697214980374	702.5014193497907	0.0	859.1800965561313	882.6979674814052	0.0	453.5355149419125	395.9503903706159	0.0	352.40999749106976	666.2464874783996	0.0	353.145047241979	677.3420476095836	0.0
3	0.10022421524663677	596.0856507442079	886.2961135471359	0.0	682.836814925835	945.4605629382088	0.0	643.9428272698127	1305.4672253187134	0.0	605.9920559137009	1668.7748108630012	0.0	571.1561245446915	1715.548807222792	0.0	646.3294559722841	1732.0576325731186	0.0	604.1055978088012	1739.4873161568748	0.0	498.8010343381386	928.2277444398258	0.0	485.108420430488	1242.4375086067587	0.0	462.12924906080224	1556.1474487826465	0.0	468.56362840594994	1718.5238326032054	0.0	405.6842400282469	1707.5558976523498	0.0	460.3905499467685	1631.7069894999668	0.0	626.1948591777847	334.5602250958288	0.0	627.6048302513283	221.5777083031056	0.0	640.1947397600849	317.30133232352773	0.0	807.0718323733918	429.36865775080065	0.0	870.7130194307842	699.0251909208555	0.0	858.1207736504953	880.0035661734805	0.0	452.65876007346816	390.2088798456836	0.0	349.0879921772593	661.2378901159558	0.0	352.6809835497188	680.4679408093755	0.0
4	0.1336322869955157	593.0454688368692	882.7636830580881	0.0	679.7966102241068	943.0117162487463	0.0	642.9396274090051	1305.680836832173	0.0	605.2055502137899	1667.9576170677524	0.0	573.0870238281021	1712.3592801380862	0.0	647.2201548558436	1731.679791629469	0.0	603.7963895473096	1737.3980618707778	0.0	495.56518350013874	924.817851666447	0.0	483.147026712536	1237.4699753772663	0.0	463.1383473510011	1556.4617330502222	0.0	467.34567155136045	1713.1251503434073	0.0	405.6952912096745	1702.5866345670454	0.0	460.213386812378	1633.0978547474647	0.0	623.9486167728277	332.14014845381223	0.0	622.7695652805113	221.08955404350021	0.0	635.0423642939936	314.2740981279258	0.0	805.261110944624	428.447084560476	0.0	871.1162394425131	695.245581294866	0.0	857.4999761263839	878.2749866735372	0.0	450.50375353128624	386.88283594180865	0.0	349.3733679593532	651.4484371220833	0.0	351.9748613344237	683.2137404776678	0.0
5	0.1670403587443946	590.9867202489031	880.8554572166918	0.0	679.1567662582604	940.0957827002478	0.0	641.8857551068659	1306.2255776724448	0.0	604.2430783321461	1668.3621246579812	0.0	572.6641214610542	1712.2300123666005	0.0	646.1590898794954	1732.1982097760722	0.0	603.7173960953136	1735.1248222188829	0.0	493.5262819267896	921.5175441155553	0.0	481.60143904141665	1231.3804104723429	0.0	461.9935553936862	1557.5594507703718	0.0	465.8629082686223	1704.3427828962347	0.0	407.0303529276166	1693.5700651217148	0.0	459.99842818864425	1634.9325662316057	0.0	621.3926010685119	329.4355552339321	0.0	617.693838121161	221.17831648551348	0.0	627.5087501750551	312.78631265347644	0.0	803.1766526818232	425.02673659083155	0.0	871.4406298684835	692.6894316473876	0.0	857.3744568919903	878.2134041675487	0.0	448.3689188255605	385.337935576763	0.0	351.8762480813064	642.7021966229252	0.0	351.61298529161223	684.0224078505541	0.0
6	0.20044843049327354	590.7445742975215	879.727761898702	0.0	679.8899565593026	936.8460640267024	0.0	640.9238825704007	1306.9245383942064	0.0	603.7591836832371	1669.0264020375623	0.0	571.6910704577699	1713.0437914365816	0.0	644.5264843374277	1732.2224530540677	0.0	603.7320772466928	1733.791540402911	0.0	492.1978675463341	917.9876736490618	0.0	479.67468894500934	1227.2844348545418	0.0	458.1011046946584	1557.2933885798993	0.0	465.0873288943637	1695.6316657489915	0.0	407.50167428132806	1684.7753514010128	0.0	458.51830452617423	1635.145688555995	0.0	618.1905158505613	328.11737770351516	0.0	612.5458706980215	222.03377086563665	0.0	620.0125855454195	314.16136592855105	0.0	800.547119368188	421.48907925654106	0.0	871.1507924505888	692.2673041201571	0.0	857.0253333261587	878.339499206078	0.0	447.2294142709728	384.1142066581517	0.0	353.5769070809415	640.579142531326	0.0	351.63170899992986	684.035834417049	0.0
7	0.23385650224215246	591.92422117836	879.269884942936	0.0	680.0229849904209	934.5380796230731	0.0	640.7332166524029	1306.9057909653022	0.0	603.6463872042984	1669.4652701979685	0.0	572.0931691589219	1713.5647499073839	0.0	643.0750977921527	1731.716902005501	0.0	603.9779361487016	1732.9869859254356	0.0	491.29735792189484	914.9974537928854	0.0	477.83858129997606	1223.6265541939997	0.0	453.96742144424024	1552.667766642352	0.0	465.27079969718915	1689.1859616667296	0.0	407.5149565388079	1678.1400124433708	0.0	456.18495711553135	1630.522707635829	0.0	614.0516341385436	328.3776792938622	0.0	607.3483157598948	223.36382705506395	0.0	613.7905745604769	317.2823034690049	0.0	797.2920728470112	420.48041443536425	0.0	870.3224501541139	693.4185636085638	0.0	856.2094207803998	877.4180670484998	0.0	445.6616925101957	383.26011514598724	0.0	353.3149736483505	642.6406469588018	0.0	350.84480977883493	683.0806963891476	0.0
8	0.2672645739910314	592.8969179760638	879.2931786884884	0.0	679.4427022903791	933.3119921880397	0.0	641.3400437200916	1305.8117653362776	0.0	603.6726137162661	1670.1265984122904	0.0	573.1384396306103	1714.0478370417634	0.0	642.4003765475179	1731.1361464615925	0.0	604.4839264368546	1732.2053276151657	0.0	490.8216095474576	913.3307578595648	0.0	476.8740765404665	1215.8170051809423	0.0	451.6136093086695	1543.1666627911356	0.0	464.92213197849367	1679.8168531078375	0.0	407.4129969191378	1668.9507295737235	0.0	454.70719156880796	1620.9621297835272	0.0	609.5825673697473	329.01145690674514	0.0	602.0145261268938	224.37673326403535	0.0	607.8585214122149	319.6098197566222	0.0	793.8324516894934	420.59967465404884	0.0	869.2428805048396	694.1796552166478	0.0	855.53300364814	876.4791113346428	0.0	442.67764199352007	383.79897349876427	0.0	351.97023866503037	643.8362842754855	0.0	348.1322417968442	680.7090251430991	0.0
9	0.3006726457399103	592.8167162595134	878.881441922045	0.0	679.1714858505509	932.5341145639796	0.0	642.1634417740588	1304.2568486994637	0.0	603.9405227237825	1671.1061126702125	0.0	573.2547160082258	1714.6022700034853	0.0	642.3378445862489	1731.1085117771374	0.0	604.5623627888311	1731.7004975324317	0.0	490.73477311845295	912.9463674847597	0.0	476.7399456400952	1204.4259336459547	0.0	450.1239750963619	1533.6254807244477	0.0	462.62471816449033	1666.3521015434937	0.0	406.05399249867463	1657.0244446030904	0.0	453.85302724044016	1611.4979857425267	0.0	605.8423438199251	329.2354097699974	0.0	596.7501349235976	224.86371049896306	0.0	601.5184403536673	320.47132406290325	0.0	790.527062403381	419.2708000764119	0.0	867.9930342373822	693.3176110385746	0.0	855.3341369722712	876.4069645650561	0.0	439.6261817176899	385.7075320459518	0.0	350.2333799183956	644.5543566721732	0.0	344.91015251981474	679.0281639020616	0.0
10	0.3340807174887892	592.4347297898337	878.1081272057331	0.0	679.4966838196224	932.4801141870472	0.0	642.662148914188	1302.681815043641	0.0	604.4691760715285	1671.6178024340568	0.0	572.4298372055285	1715.1645497749812	0.0	641.8652429995917	1732.2581983678326	0.0	603.4481521104502	1731.4751621464202	0.0	490.8717340315002	913.5250714562384	0.0	477.3756651059656	1197.2619272342943	0.0	448.2620919524338	1529.2106855217853	0.0	459.63735233245967	1659.2304010395696	0.0	402.6404116597799	1651.9101721755594	0.0	451.8070461654971	1607.513319097259	0.0	603.2035715261483	328.81060306918585	0.0	592.4043835314181	225.22669999840664	0.0	595.3563025467259	322.16492111131794	0.0	787.6767264886372	417.0159137120893	0.0	866.7867600597195	691.7549173184733	0.0	855.1936963850022	876.0217535575792	0.0	438.02668567310394	387.17603433224684	0.0	348.66594563961735	646.9482044576189	0.0	343.1691034597491	679.9578681879034	0.0
11	0.36748878923766815	592.5830466201801	877.5393006854243	0.0	680.1426553097988	932.2321769800576	0.0	642.8083253214869	1301.2197721651553	0.0	604.695132504669	1671.400602105203	0.0	571.7787041969156	1715.9583785284387	0.0	641.5774200221595	1734.4815385043657	0.0	601.6872602629569	1731.314891378708	0.0	491.0551226664972	913.8034040135914	0.0	478.6530731621516	1196.377458470339	0.0	447.05981264773754	1529.561836425207	0.0	457.7995613171826	1662.7691293592316	0.0	398.6403550236015	1656.469478072909	0.0	449.53176367957195	1609.5320223485778	0.0	601.4704564530153	328.01854323237916	0.0	589.1152606524424	225.4509236438649	0.0	590.028856780083	325.3527445137102	0.0	785.5391804588288	415.6264691976748	0.0	866.2148395349243	690.5840122548213	0.0	854.837750739766	874.4505042496442	0.0	437.85293797547513	386.955915493747	0.0	347.99864497244334	650.5791707404564	0.0	342.3780079381006	682.7993218200062	0.0
12	0.4008968609865471	593.2726652574648	876.8726993911656	0.0	680.995393099025	929.8416493574299	0.0	642.8921681440196	1300.5916122218555	0.0	604.0011532784532	1671.1610675528632	0.0	572.076762710102	1716.2089434153909	0.0	642.9719795593779	1736.5099094946954	0.0	600.6072701130863	1731.3557610989012	0.0	491.4187909188871	912.7176813053344	0.0	479.6431881648273	1193.8855903466606	0.0	448.1024583192977	1530.0099057398666	0.0	457.14445751908625	1666.1329146867795	0.0	396.9971670757847	1659.5422612220768	0.0	450.77752853374227	1612.6311857216938	0.0	600.391237238037	328.18008172865643	0.0	586.2213408301168	225.5779946096975	0.0	585.5243651998061	327.579596189044	0.0	783.9155371908341	415.44178698801625	0.0	866.7485523363941	689.9681497768809	0.0	854.6174835977366	872.6055844301999	0.0	437.8430416846648	386.394336196412	0.0	347.9901843599437	654.4747553800106	0.0	342.06276370975036	685.2458139622248	0.0
13	0.434304932735426	594.4082592860544	875.7629801119336	0.0	682.4783704925608	926.0127384626712	0.0	643.0193760972955	1301.0577031980738	0.0	602.7375803940096	1671.1458013446088	0.0	572.321326347193	1715.3840551735066	0.0	644.2367146922319	1737.420125518484	0.0	600.3484748994895	1731.405164210085	0.0	492.82796450363077	911.4799141602439	0.0	479.9899780207394	1185.6228424457117	0.0	451.98166137205806	1524.009270218388	0.0	458.25343250316894	1659.630678798647	0.0	400.1070237410837	1651.2804595355165	0.0	457.49009175692566	1606.6676779097459	0.0	599.4030488899963	330.87435153351646	0.0	584.0680461765575	226.59993785888292	0.0	580.8799914396005	328.0425416182847	0.0	782.5630950140256	416.02851106415403	0.0	867.7069217419969	689.8667098879943	0.0	854.7115444086559	871.4753633632346	0.0	437.31871738762726	387.25148435209417	0.0	348.01695195234106	657.9176986616784	0.0	343.1658727644147	686.3036183441116	0.0
14	0.4677130044843049	595.8517627560337	874.7579185048014	0.0	684.8212394419361	923.6143305040971	0.0	643.1751262077476	1301.4731191699982	0.0	601.8600987214433	1670.5751993883766	0.0	571.1567505993785	1715.1732012058567	0.0	641.8286178565947	1737.9340562040463	0.0	600.0958346428847	1730.46597062043	0.0	495.7847205341832	911.5346881142161	0.0	480.7145989025343	1174.5281994475858	0.0	458.4036116869624	1507.067603180413	0.0	462.34881277625743	1644.0506291909815	0.0	408.15359252320474	1632.7154401506793	0.0	467.88046196695745	1582.8840740947649	0.0	598.3019225656012	335.765361536538	0.0	583.2873759611833	229.40650561950886	0.0	576.3332019452293	328.77040946564045	0.0	781.6354406549652	416.99356654083624	0.0	867.6041585763879	689.7964459175662	0.0	854.8354049663878	871.0931181366745	0.0	437.07522869654946	388.76666786399613	0.0	348.2739431572381	659.7128440632114	0.0	345.4162894991924	687.344031778618	0.0
15	0.5011210762331838	596.9771125704474	874.7063635196357	0.0	686.8123390200761	923.5086975190942	0.0	643.4385294767651	1301.4370753824269	0.0	601.7624065486408	1669.2628046034924	0.0	569.2055755948252	1716.8973408116653	0.0	636.0902820787484	1739.0010848744648	0.0	600.0692456472207	1728.2911501953768	0.0	498.9155371819129	911.3271025326014	0.0	482.4807227435387	1163.912705169715	0.0	465.92063216627315	1483.3366593668131	0.0	468.0131005663688	1625.8875667555317	0.0	417.6465054932904	1611.6597447433294	0.0	477.93026641569236	1547.878583869085	0.0	597.8433409074197	339.9253908178338	0.0	582.9600619758247	233.08316874494383	0.0	574.8776253158176	330.1621093903276	0.0	781.0236249350535	417.8425429062228	0.0	866.3936960846763	689.4401730816313	0.0	854.9222186337205	871.1091447274571	0.0	437.4972812644337	389.222427858076	0.0	349.3385862257817	659.5022360091439	0.0	347.6352481728384	688.95184368253	0.0
16	0.5345291479820627	597.3843938338966	875.5690418192689	0.0	687.1213824442461	923.9320642237114	0.0	643.7712272304958	1302.3224142485183	0.0	602.0700499800138	1668.321183690367	0.0	566.9338217059529	1719.8599444940671	0.0	630.5477751413662	1741.0158371103425	0.0	600.9184828140194	1726.0960398456054	0.0	500.35939457649545	908.8509660423599	0.0	485.23728845597947	1156.5729534017648	0.0	473.622871037089	1461.878095148463	0.0	472.8737402137539	1611.1959746000277	0.0	425.2607233974925	1594.6537298894855	0.0	485.76205557832736	1516.990071044569	0.0	597.9959304346186	341.01957246489474	0.0	581.688956830407	235.91227641869247	0.0	575.6688986048827	330.6631040522077	0.0	780.1640720507976	418.48260513135466	0.0	865.3921213872846	689.1475297829926	0.0	855.2178515900399	871.3408503386024	0.0	438.2341855781264	388.82061850410173	0.0	351.4600666324689	658.5536547539374	0.0	348.9809081033483	689.463224516618	0.0
17	0.5679372197309417	597.4012857161672	876.9922091213612	0.0	686.1656772812056	925.2019608991543	0.0	643.9346402641416	1304.4353291548543	0.0	602.2830525344491	1668.4411365151964	0.0	564.3391278405621	1723.143832764045	0.0	627.2133419249865	1743.9377543578753	0.0	602.0116134476789	1724.5119893859842	0.0	500.0025607792464	907.090602211028	0.0	489.06739666323267	1153.6174989406313	0.0	482.5795601792691	1446.2163545069764	0.0	478.04018813591125	1602.851504273153	0.0	432.72209299630015	1583.4396975923526	0.0	493.9608669766205	1492.8546713154706	0.0	597.2060816547671	339.8331962411348	0.0	579.8019160892138	238.2794894213966	0.0	571.1643043386091	332.3718019586211	0.0	779.0018174282825	419.70646295692865	0.0	865.2717157969845	689.2508078122918	0.0	855.6195199047559	872.042687947624	0.0	439.2937176897414	389.0611243376481	0.0	354.35011262959813	658.4827494675905	0.0	348.8929491688626	688.7086448486384	0.0
18	0.6013452914798206	597.7390933526789	879.1284150296615	0.0	685.562035769623	929.8305281486859	0.0	643.8527047714822	1305.4938488822738	0.0	602.326777026836	1669.0496718197653	0.0	563.4609595000617	1725.9390270299484	0.0	625.727844078461	1746.3116273428702	0.0	602.5568056499615	1723.1074942810287	0.0	499.396064695069	910.6717341542385	0.0	493.23707089383265	1153.6268291014676	0.0	492.9942510626596	1434.500771180116	0.0	486.1154882460753	1600.0152706756487	0.0	442.25454250311446	1577.4909243133604	0.0	503.62192914294224	1470.7017652309517	0.0	595.0348041348418	338.59521067954756	0.0	578.7800903768907	242.00857014778626	0.0	559.9742451546954	338.05669398843975	0.0	778.1636740807062	421.9443560767462	0.0	866.1683391843573	690.1438099836022	0.0	855.7329917411643	873.7348996739343	0.0	440.3343142365697	390.9358257226081	0.0	357.0629515831066	659.6283911843091	0.0	348.5143123396733	689.450323805508	0.0
19	0.6347533632286995	599.1440811608021	881.6306135881291	0.0	686.8572836567957	935.660516563103	0.0	643.7940399774856	1304.1282502139295	0.0	602.5831603032722	1669.515703289175	0.0	565.731467948607	1727.0760183399088	0.0	625.1141429503467	1746.0631839165583	0.0	602.8228117432204	1722.156244035828	0.0	500.55419796369733	917.5533752369919	0.0	496.4919366463776	1155.9429500936158	0.0	502.08610898789846	1426.206505000975	0.0	496.0875308898762	1598.7769804598765	0.0	451.4223036551548	1575.1743688586996	0.0	511.2762624605409	1455.3063235252578	0.0	593.3697468959946	339.3527206529788	0.0	579.1034774153054	246.7002564384636	0.0	552.7417246765814	343.6291973706105	0.0	777.9284076696609	424.0005449123083	0.0	868.0889435321197	691.4630516005863	0.0	855.5896255232261	876.083949937042	0.0	440.81417778788176	394.2723443870958	0.0	358.5449918015382	660.8473996478258	0.0	350.0864064463655	692.4177471667487	0.0
20	0.6681614349775784	601.5869920833941	883.8799701474536	0.0	689.9178823362969	937.3894373843913	0.0	644.1093198473105	1302.5725724019073	0.0	603.3064659642328	1670.0167911238873	0.0	568.7769490153627	1726.2763189157447	0.0	624.7581388036139	1743.6911563029773	0.0	603.0061279417566	1722.926483373116	0.0	504.02616617488326	921.575909926356	0.0	499.22488795829327	1160.9403597534415	0.0	507.2269990219172	1422.3223791740033	0.0	504.4934925155067	1597.862719204724	0.0	456.87006579109413	1575.3600334763148	0.0	514.829754798137	1453.160205625939	0.0	593.8988232987303	343.2633611183075	0.0	580.2116729977706	250.18249174106117	0.0	556.8398540775173	344.5138579038888	0.0	777.869156768272	424.6074034874829	0.0	870.2767733168897	692.1707067554611	0.0	855.4445734578965	877.6916623241964	0.0	440.8708364478372	397.87695434259473	0.0	358.8711636664924	661.1789615402251	0.0	353.21076645382396	694.9815451784712	0.0
21	0.7015695067264573	604.1450583809517	886.0090814831609	0.0	692.6078058830168	935.1521966720082	0.0	645.0684280773635	1302.8728580478441	0.0	603.8667470849363	1670.8457697334538	0.0	569.6944479461853	1724.8815999222766	0.0	624.6268966778775	1742.3012460052373	0.0	602.5416141433341	1725.8477048091306	0.0	507.9981747922374	921.0281457822753	0.0	502.51101319791377	1166.6952872578297	0.0	508.94785946511234	1420.7410682827624	0.0	509.7984032403898	1599.1522796639233	0.0	458.36861430336774	1577.4833867202383	0.0	515.6084339680641	1458.0405460674936	0.0	596.0036154993408	349.1932666741933	0.0	581.3690009710857	252.1266897274045	0.0	566.8060866162957	343.10227923011627	0.0	777.3483265511412	424.49057166433346	0.0	871.6624903086914	692.6299423086289	0.0	855.2467128152078	878.0616099766023	0.0	440.83619542232526	401.0770735335698	0.0	359.1414291577143	661.1594707893221	0.0	355.2945646445001	696.2452535302504	0.0
22	0.7349775784753363	606.2216527975567	888.1276106034674	0.0	693.7110061329251	933.2542152241194	0.0	646.9762269853366	1303.600262776604	0.0	603.4468713252098	1671.2602376122884	0.0	569.4099762423092	1723.8592274484697	0.0	625.0214602527523	1742.7689256087124	0.0	601.5749505302324	1728.5285159997532	0.0	510.72832431362446	919.1809631843126	0.0	506.10027631119317	1169.9027915326	0.0	509.49530967757687	1417.1460379608914	0.0	513.1641552298787	1601.9599867066204	0.0	458.0334768972745	1579.4527776027655	0.0	514.9615959898166	1456.9388363908029	0.0	597.6663712592126	354.64277961415775	0.0	581.8650727784045	254.0147075733009	0.0	573.4561779238129	343.50194420044346	0.0	776.1222863574699	426.06500178050675	0.0	871.9581531896955	693.4559077518447	0.0	854.8007134396445	878.2611080119001	0.0	441.1149689080511	404.6425841027431	0.0	360.0223462547123	661.908766001375	0.0	355.83537272502076	697.594359286868	0.0
23	0.7683856502242152	607.8316364438944	890.0150969790426	0.0	694.4628397282918	934.045852303545	0.0	649.8232258022844	1303.1247937324079	0.0	602.7062456650891	1670.0667803436304	0.0	570.5735152642617	1722.1658365406236	0.0	626.372624861464	1742.0657793720866	0.0	601.5378803169134	1727.989349176431	0.0	512.382627755171	919.6323728967081	0.0	509.1377419756489	1171.4992785630382	0.0	510.60255022794814	1411.4136113704562	0.0	516.576814362121	1604.526357631679	0.0	458.8941484164621	1579.9767147097498	0.0	513.7807045741172	1447.0906830150234	0.0	597.9529147235065	358.0673247322825	0.0	581.7518815685542	256.9593164871701	0.0	572.84934399232	346.83346170295175	0.0	775.0489794775457	431.12555708317507	0.0	871.6336247938972	694.1969871789963	0.0	854.0719556778615	879.2247964143563	0.0	442.3989539367677	409.14094464808176	0.0	361.62621660454926	663.066074189224	0.0	356.0764224553643	699.1610053676002	0.0
24	0.8017937219730942	609.0794502032622	892.3599746046133	0.0	696.2086393935742	938.0371769789793	0.0	652.8610477788951	1301.9193448911833	0.0	602.9341267394137	1667.5232628868273	0.0	573.1273447385868	1718.57766428496	0.0	628.6258714884113	1738.2476687437188	0.0	602.8728076174202	1725.0461843901548	0.0	514.1964731161876	923.9654691113653	0.0	511.18431048861646	1176.533452649681	0.0	512.5748630659482	1409.5027692457832	0.0	520.5884173189165	1606.262770461264	0.0	462.48147090540664	1580.0695806444307	0.0	513.19510651758	1440.7078817619242	0.0	597.7373894466481	359.6536436502166	0.0	582.1134823911486	261.4898942083336	0.0	568.1865400824038	352.19593455179	0.0	775.2980561736344	438.35835087685734	0.0	871.2988684280199	694.979924183054	0.0	853.3837016844941	880.8076833269921	0.0	444.72023448643586	413.89739157739444	0.0	364.1360155765571	662.9447810378439	0.0	355.9076303737709	700.5366406084931	0.0
25	0.835201793721973	609.9953402638753	896.1650842597055	0.0	698.4023521119191	944.0319873252315	0.0	655.2389161571989	1300.4019871317837	0.0	604.120850570545	1665.1532414402825	0.0	575.2521604110516	1713.3905529518267	0.0	631.0944604033729	1732.841658370055	0.0	604.1160449662528	1722.4098826097224	0.0	516.9401191024765	930.8334403131137	0.0	512.7937776090043	1185.7469927386112	0.0	514.3115795803928	1416.6681714148256	0.0	523.7549092358397	1605.5848185132897	0.0	466.9752075552785	1580.3519941228155	0.0	513.8077490226681	1449.0478059295126	0.0	597.942538183839	361.47258387957976	0.0	583.4596282295079	267.50832244108204	0.0	566.3842337678568	358.4255179666214	0.0	776.4907473372913	444.72144526888405	0.0	871.503682795672	696.4750542218361	0.0	853.1249584059562	881.9769135403772	0.0	446.86484541458174	418.4163961622896	0.0	366.4687867419538	662.482006853013	0.0	354.8805857697162	702.7172046354908	0.0
26	0.868609865470852	610.5748210345527	900.2329228617983	0.0	699.8841037215152	948.0922573279854	0.0	656.7782409441419	1298.3556956601203	0.0	605.7010858116741	1663.8437276161353	0.0	576.4325359956864	1707.8135544183801	0.0	633.9500391994527	1727.6956172802456	0.0	604.2991170285367	1720.4608221164196	0.0	519.7240678603775	935.9724062876883	0.0	514.940912791824	1193.6962151231085	0.0	514.8446340418773	1431.1476897058021	0.0	524.4927850478866	1600.8741059247575	0.0	469.829036916563	1580.2873720420828	0.0	515.1145328062233	1468.3010677561872	0.0	598.3033558786746	365.8061269238252	0.0	584.3502811419883	274.0636228718294	0.0	569.4122990317279	365.77553032358946	0.0	777.077206410962	448.88925956556204	0.0	872.2096557038541	698.6911463145933	0.0	853.230683427921	881.6895780948405	0.0	447.6459297262897	422.401117176478	0.0	366.5522242642989	664.216898988142	0.0	353.9601292227704	706.1983728829516	0.0
27	0.9020179372197309	611.2440468317974	902.0962011258754	0.0	701.1699792570847	947.6229443813643	0.0	657.7322095349854	1296.3759563429658	0.0	607.1469478926804	1663.4863819845991	0.0	577.2124006059927	1704.1336241406382	0.0	637.4832948503744	1724.4227758983031	0.0	604.0727895235275	1718.6288985829608	0.0	521.2781027976282	936.0236991895355	0.0	517.1541831194385	1197.4476856658246	0.0	514.4095491419271	1446.4093294756522	0.0	521.8907005519472	1592.9530208746066	0.0	469.75332365382405	1579.8754377619962	0.0	515.9435529939703	1486.3118998214375	0.0	598.0147731044132	372.0768058575096	0.0	583.338832525354	279.8528074288378	0.0	572.6615633188117	373.86047293677854	0.0	776.3781175724367	450.91829388210994	0.0	872.4685988950723	700.7219106097518	0.0	853.3188150572904	880.1890318034749	0.0	447.18516244274815	424.5919322521364	0.0	365.0064382401854	666.1937133359542	0.0	353.99726511028126	709.3274673523828	0.0
28	0.9354260089686098	612.1283346256953	901.8124418984232	0.0	703.0206493608865	945.7146364020201	0.0	658.2258423091067	1295.847462117307	0.0	607.4236223936596	1663.8406587677382	0.0	577.6277279851505	1704.9205966048444	0.0	640.1653247656315	1724.9619047436831	0.0	604.0797137298495	1717.5918166461247	0.0	521.7612292111592	933.557564949354	0.0	518.2095412070817	1199.08150379733	0.0	513.6762286951068	1456.0926031255092	0.0	516.676219561538	1584.9087332971726	0.0	467.0930413394525	1578.8438060788963	0.0	516.1215787317623	1494.872411574773	0.0	597.0568482589648	376.6759346738637	0.0	581.7506721912898	283.88237681825814	0.0	571.9325514106519	379.4993365999826	0.0	775.1602613262788	451.2609289511611	0.0	871.5493637143564	701.4862656385181	0.0	853.2781855007776	878.8276142675959	0.0	446.49310162114847	425.0690563276839	0.0	364.62558649044985	665.6248350795981	0.0	354.57250540685294	710.7281592126637	0.0
29	0.9688340807174888	612.3119073743333	901.090369026991	0.0	704.2784421652983	947.2165113809915	0.0	658.4059431149878	1296.8092090343418	0.0	606.4996404400197	1664.66081264332	0.0	577.2291411383613	1709.2494453639301	0.0	640.5351696448605	1728.4854032334986	0.0	604.1097783321479	1718.3169355970615	0.0	521.9610596740987	934.1933224292341	0.0	518.3445540590902	1200.3016477889832	0.0	513.0865612037776	1457.1498611862314	0.0	513.9042378915631	1580.7248909238942	0.0	465.49886769795904	1576.5896564617226	0.0	516.9065724934405	1494.33860889393	0.0	596.0797166887903	376.7686869996339	0.0	581.7744259503417	286.50165101072344	0.0	567.2695026632114	381.30248981044934	0.0	774.328458835912	451.2956542828011	0.0	869.6783825409557	700.5932009026458	0.0	853.6269981416749	878.4398023988097	0.0	446.3864056622753	425.90000222526004	0.0	366.18367759019173	664.9013983644323	0.0	355.08940896085414	710.9237643388154	0.0
30	1.0022421524663676	611.7467021374304	899.645404946145	0.0	704.135135234395	951.1290945308738	0.0	658.6197825390764	1297.5266475533695	0.0	605.9731585065584	1665.131159411328	0.0	576.0836888146902	1712.589378365739	0.0	639.2117384011144	1730.9392481354312	0.0	603.8931994718555	1720.2352782526814	0.0	522.264688971404	937.7345284257985	0.0	518.5022581244833	1201.0036392865768	0.0	512.8247914349597	1452.5045277948304	0.0	518.284321428941	1582.1363403091361	0.0	468.5285727759114	1575.0810653643973	0.0	518.6287556201811	1490.9132244754555	0.0	595.2920054782811	373.58991703344185	0.0	582.960274740205	288.68629386556916	0.0	562.415379580994	381.7118467187679	0.0	774.1151231352206	451.9081973233752	0.0	867.7523453175214	698.7054267270398	0.0	854.7316122324627	878.6666353712309	0.0	447.05363355650053	427.2246569016128	0.0	368.4200242179468	666.4045986723137	0.0	355.41264338204564	710.4964994831089	0.0
31	1.0356502242152466	611.5274477158684	896.7407748291466	0.0	703.5456452013824	952.2183851564555	0.0	658.8495943739459	1297.4639297162676	0.0	606.6019724901873	1664.6190710662008	0.0	574.850213901561	1713.1144003965724	0.0	637.8135689526338	1729.932804568241	0.0	603.797642812177	1721.3076636287856	0.0	522.4023699283883	938.8249006208525	0.0	518.4046076865828	1199.8898529995784	0.0	512.6408601886479	1449.6510736396258	0.0	525.6315227466795	1586.2890000806967	0.0	473.7303152955547	1575.8607393004597	0.0	519.6148624527351	1486.5073692133026	0.0	594.8666269095751	370.68544738782595	0.0	583.5587688843144	289.9684996557361	0.0	560.9337106855711	381.9037307950228	0.0	774.4021473535993	452.658649806627	0.0	866.8238501381717	698.3967543981759	0.0	855.6511354052452	878.9313991870902	0.0	448.1736705630499	427.5127878395486	0.0	369.7647227861817	668.3808404396091	0.0	355.3636054681298	709.9423169827743	0.0
32	1.0690582959641255	611.6376389068489	893.8265320275136	0.0	703.2697848636237	948.5292969334274	0.0	658.8332031763374	1296.7609147318046	0.0	607.5142968552509	1663.6035988031174	0.0	573.9018968060473	1713.5079103937596	0.0	637.4542017934089	1727.3676470038774	0.0	604.4078783581065	1720.9762006783897	0.0	521.8249383840579	935.2059123821598	0.0	517.1501022266988	1195.6619958747167	0.0	512.2247542624447	1452.8102199477478	0.0	528.4900479354459	1589.7626646971423	0.0	475.86704049155844	1576.2576274304633	0.0	519.0256321959549	1475.1536649780903	0.0	595.3258448758494	370.3045439699589	0.0	583.4414634636428	289.6191267612792	0.0	562.592027250822	381.0041000236538	0.0	774.8198594868104	453.427241914951	0.0	866.8265736307542	702.2194015058118	0.0	854.6469105004317	879.1497070691153	0.0	449.2940053159449	426.9592927051066	0.0	368.6089269672253	669.3864234034935	0.0	354.7832190378397	710.0423883582522	0.0
33	1.1024663677130044	611.2302214121473	892.6432061102331	0.0	703.0545597034641	942.7066415960011	0.0	658.5999852526492	1294.6686304105554	0.0	607.8492523391918	1662.7266915180744	0.0	573.1565607179547	1713.90219038594	0.0	638.0398218558097	1725.6761166346378	0.0	605.3071492945505	1720.7141791443703	0.0	520.7063523453321	929.4306527429901	0.0	515.0092562624033	1190.4761764416828	0.0	511.87303739286097	1459.4219691448502	0.0	527.1935893092545	1592.9360129044355	0.0	474.43088949150837	1575.1377956643912	0.0	518.2765301751497	1460.780606930527	0.0	596.4536693600123	372.31237659984373	0.0	583.3601999475613	288.94566075342243	0.0	565.991061615895	379.7433009279177	0.0	775.23101406846	454.47478939172333	0.0	866.1296871078955	708.9495250138041	0.0	850.8999556392299	879.4605717668651	0.0	450.39360305272976	426.4224081389654	0.0	365.3611447470104	670.1487522803171	0.0	354.11032847121623	709.1835114913446	0.0
34	1.1358744394618834	610.1214319068459	893.1409397721184	0.0	701.9501698477799	938.4932485696178	0.0	658.117304771971	1291.90547299575	0.0	607.376795581798	1662.5396818904708	0.0	572.8097243248841	1710.662528248761	0.0	639.0288394828445	1724.2735897247983	0.0	605.3108294866992	1721.1469953318053	0.0	519.7042217215225	925.2086697099212	0.0	513.4929379741109	1188.41236951323	0.0	511.921598954778	1467.1077192957855	0.0	526.0987803796774	1596.6701247315011	0.0	472.6831931098443	1575.2890096606523	0.0	517.6944060028101	1465.200532281711	0.0	597.3136517648367	374.7472813923719	0.0	583.2962294552731	289.8006212838845	0.0	571.1938803280779	379.6508066954304	0.0	775.8660997665855	455.3452827382308	0.0	863.0904175592085	714.9513324224118	0.0	845.2776068466546	880.0402358879235	0.0	451.4578311991545	425.9104933815452	0.0	363.138204869024	670.4078355075418	0.0	353.9211241497248	705.0225498467861	0.0
35	1.1692825112107623	608.5153213073737	893.9293828766374	0.0	699.2981029496592	937.4316665852252	0.0	657.3954279163493	1289.8259131424295	0.0	606.6750979490116	1663.021961951657	0.0	572.9187920154725	1704.849829593398	0.0	640.1305864689805	1722.5976422652898	0.0	604.2988464387057	1721.3899843217664	0.0	519.1495798187518	924.1963465230682	0.0	513.4900610399304	1189.6104960109055	0.0	512.106683370208	1474.6680908555697	0.0	525.8984975312525	1599.1203796163788	0.0	472.147879250819	1577.3024519157775	0.0	516.0262831962481	1494.1490882604837	0.0	597.4786434663571	375.5462302613086	0.0	583.1212435018781	291.8856830261865	0.0	576.9887447592537	380.45837069643795	0.0	776.315214797107	455.6528108799189	0.0	857.5328177391341	718.3591328285261	0.0	839.5879072981912	880.9491299536328	0.0	451.9040711808743	425.66562717333056	0.0	363.64339818062894	669.7771499897337	0.0	353.8836470532995	699.5468829280036	0.0
36	1.2026905829596413	606.516770617761	893.6358586480716	0.0	696.0089031593722	938.1884606655339	0.0	656.742763473372	1289.409822485137	0.0	606.7249680677876	1663.138886868787	0.0	572.0327311715374	1703.5305527155263	0.0	640.281073096249	1723.8180531717812	0.0	603.36401915279	1721.4410707600823	0.0	518.6590990459966	925.376600746098	0.0	513.8031895047769	1190.8175436772826	0.0	512.0935604418055	1477.3846750004363	0.0	525.6696471243366	1599.0726434101723	0.0	472.02016363417016	1579.273495560498	0.0	514.2248004795402	1519.6046063336933	0.0	597.2731611708182	374.60429987519746	0.0	583.1584903706207	292.7483962091951	0.0	580.4818080144338	380.7622657453633	0.0	776.0950624520324	455.71230020976657	0.0	850.9808987219968	719.871958262112	0.0	835.6236862905605	881.9449436431138	0.0	451.8026388668814	425.9267269571283	0.0	364.85963224489535	669.768876490868	0.0	353.0113663915134	696.8823398521722	0.0
37	1.2360986547085202	604.3363116324897	892.0037235724106	0.0	693.286037586106	938.7769385476429	0.0	656.1065024236761	1291.6539375055718	0.0	607.307004179033	1662.7042184455447	0.0	569.0358678781134	1709.7569805534201	0.0	638.8121773768024	1729.9708285842096	0.0	603.0969759214864	1722.8900405267798	0.0	517.2655014771215	926.75492738218	0.0	512.6462787761299	1191.2132595888675	0.0	511.7739895018129	1474.322114541209	0.0	525.5574308156702	1597.7607460803847	0.0	471.2385009462353	1580.2252456168758	0.0	514.085624293786	1520.5141209437083	0.0	597.136250662178	373.3939180432781	0.0	583.4709068611479	290.46633789729174	0.0	581.4077027216265	379.60490749782383	0.0	775.4949030599047	455.5407028605652	0.0	845.9835189468844	720.3563307285943	0.0	834.171573374447	882.5879293140225	0.0	451.55812807581464	426.713599427445	0.0	364.06786624703517	670.5814248222122	0.0	351.18198151291904	698.8954684970316	0.0
38	1.269506726457399	602.5241252062217	889.9556162424701	0.0	691.2128219767512	938.5516568620391	0.0	655.1324259009492	1293.9428660351605	0.0	607.5006746643799	1661.8198649378887	0.0	566.0498378981392	1717.552439535407	0.0	637.458747795277	1736.371967920758	0.0	603.2245838114227	1724.8175668818353	0.0	514.8100317643557	926.877140683019	0.0	510.53428477830533	1191.6656891428815	0.0	511.3404957487087	1471.5402784578123	0.0	525.6735055820296	1596.7797278238436	0.0	469.5057323217925	1579.6124784298443	0.0	514.5033940765701	1507.8090421203622	0.0	596.8759903489207	372.7575212607262	0.0	583.7834841692961	286.34755494572124	0.0	582.1369885632636	377.65933223190467	0.0	774.3948786186334	454.84470888188	0.0	844.0633400260471	719.3848694405063	0.0	834.5152870033658	882.2732025891412	0.0	450.1154102942356	428.2259845136807	0.0	361.33850184019127	670.6223721096019	0.0	349.86992671700796	704.0896536046188	0.0
39	1.3029147982062779	601.5118144155231	888.7441104715992	0.0	689.6550171555085	938.4917366801988	0.0	653.8712759545102	1292.7296249747187	0.0	607.3366499417872	1659.9404482406978	0.0	565.5162223038404	1720.6428525350952	0.0	637.470398804368	1738.071747861297	0.0	603.690691016282	1723.8014953265845	0.0	512.2507946610651	926.1571634943926	0.0	509.6262764303716	1190.0087761758296	0.0	511.18429181927576	1470.9292701623915	0.0	525.7986653406925	1596.7009072058015	0.0	467.36734603478743	1577.7807756293594	0.0	513.9879308894086	1499.5112582120926	0.0	595.6986785681064	372.43026542936855	0.0	583.8510705590838	283.40309647437107	0.0	583.0580269276566	376.59796861280114	0.0	772.5442849494016	454.0564906829219	0.0	843.8871403324443	716.8669336735965	0.0	835.8977013712376	880.7923163784303	0.0	446.81700903572045	429.8658005527304	0.0	358.7600271371073	670.7224456950945	0.0	350.55454518962824	708.0338390709811	0.0
40	1.3363228699551568	600.8157317315604	888.6469896518425	0.0	688.4802476741542	939.215250285703	0.0	652.6490748311631	1289.9864999373951	0.0	607.3192572335798	1658.0121909616873	0.0	566.3563286441761	1720.0702758262316	0.0	637.6630058012311	1736.6445221196316	0.0	604.7760266299722	1720.6546518502607	0.0	510.18468567561297	925.9130370309666	0.0	509.9483096401268	1184.742888750665	0.0	511.1181538558222	1470.1588465929126	0.0	525.8580281102422	1596.766352345596	0.0	465.78495956337525	1576.5186490245853	0.0	513.1780958234986	1500.2866362808054	0.0	593.4190611542492	372.2213782728404	0.0	583.2988962335256	282.21532930213834	0.0	582.5288342799363	375.5547969485269	0.0	770.4141384124139	453.5661788927408	0.0	842.9808391060251	714.205989640011	0.0	838.3882958239366	879.2947280471801	0.0	443.1408568209676	430.8342755636995	0.0	356.9726999208222	673.097931471953	0.0	352.42338099204346	708.9548605808616	0.0
41	1.3697309417040358	599.69338310961	888.6232612714878	0.0	687.1435236866931	939.3598232605478	0.0	651.673978933102	1288.6546644391883	0.0	607.6281992713646	1657.5838910340647	0.0	566.909562210332	1719.0208919002016	0.0	637.5673189665675	1735.0104269614592	0.0	606.102586795567	1719.197047397741	0.0	508.6021934978347	925.715873672418	0.0	509.1456683155865	1179.783243972712	0.0	510.737347073291	1470.986186005022	0.0	525.9174220739975	1596.0121950735117	0.0	465.395813644199	1576.7025621034304	0.0	512.2104054274795	1505.1438207352119	0.0	590.9501611754642	372.204352695223	0.0	581.6929266683509	280.94025175940044	0.0	579.9582021916453	372.34926837170195	0.0	768.0990737863618	453.2382409278223	0.0	840.7677892403555	712.7192998852107	0.0	841.2697198799009	879.2268595497611	0.0	440.71910527867396	431.59004790839106	0.0	355.55684955250985	676.6796249104606	0.0	353.03401973297116	709.9714505496819	0.0
42	1.4031390134529147	598.2983201716199	888.0115953435004	0.0	685.3461064197937	938.0082345996991	0.0	651.0507462532453	1287.7660518208554	0.0	608.0250734160196	1658.131687173199	0.0	567.7126698155923	1717.7201562669206	0.0	637.3540932455206	1733.0275778032428	0.0	606.6620058363004	1718.9703866605678	0.0	507.5698883448201	924.9674792020795	0.0	506.5770247404067	1178.8729256500144	0.0	510.56737413965	1474.8426450349436	0.0	525.5386781150755	1594.396684767376	0.0	465.7423620585831	1577.229897465197	0.0	510.5643872402861	1509.3347421802362	0.0	589.1715512874174	372.1588513428391	0.0	579.380593925502	278.6940305565555	0.0	575.8997171751859	368.2151746871194	0.0	765.3409590153046	453.45655664644624	0.0	838.2849584436603	712.2293055360807	0.0	842.9507590873224	880.1763006085573	0.0	440.0989923597944	432.40738926466247	0.0	355.48256133492333	678.1196188423183	0.0	352.17837592308	711.4746535576445	0.0
43	1.4365470852017936	597.0375366952966	887.6572573823047	0.0	683.5704785528862	936.6775933558301	0.0	650.8685421219317	1286.6222408432407	0.0	607.843877684836	1658.0334719858336	0.0	568.7113984739366	1716.1116348982011	0.0	635.920967887514	1730.7200272396465	0.0	606.3136436957205	1717.0972124325704	0.0	506.8448999785084	924.9218941332455	0.0	504.31013606430963	1180.1800087825673	0.0	511.0691086745311	1478.1798514094048	0.0	524.2940595885752	1592.0869799748177	0.0	466.2015082878344	1576.9773696595391	0.0	509.3811379022167	1513.1790448721792	0.0	587.9873553112513	371.94299426133574	0.0	577.5044373334372	276.18238336274555	0.0	571.2714890189491	365.16892977071956	0.0	762.2193442613985	454.3867302004306	0.0	836.1147903659435	711.4063761910104	0.0	843.1740769074322	880.3485019472661	0.0	440.57981795474257	433.034275415147	0.0	356.9409429332237	677.0290922040186	0.0	352.1997157482299	710.5803602462912	0.0
44	1.4699551569506726	595.6703393928394	888.4741155960618	0.0	682.1482285260777	937.1723515866686	0.0	650.9090639319693	1286.8240344410433	0.0	606.9412439977625	1656.9942365560323	0.0	568.4054403379096	1714.967376642612	0.0	634.1252708200245	1729.2011389031793	0.0	605.9067312657478	1714.5478357791903	0.0	505.2249243929373	925.9456274334879	0.0	503.58230314356314	1180.3526674109376	0.0	511.1115336748167	1479.2226561953435	0.0	523.1530341865019	1589.5342919077227	0.0	466.90354350875464	1576.2959521176779	0.0	509.5226260900502	1519.1164529258915	0.0	586.7076665059387	372.1357848133209	0.0	576.1922785704558	273.8491958657085	0.0	567.204082642416	362.12116961705823	0.0	758.9942212654893	455.47496312155937	0.0	834.0480611041882	709.4436987198055	0.0	842.9882290426306	879.0502230234262	0.0	440.1739403734801	434.8706924141484	0.0	357.10611347042834	677.2599736715757	0.0	353.02601826094246	708.3113892537759	0.0
45	1.5033632286995515	593.7305669895354	889.5595549450154	0.0	680.38119492489	939.2917476533582	0.0	650.3220301708045	1288.4668964435266	0.0	606.2585164789946	1656.2536455147065	0.0	566.6919271425243	1714.5548915441507	0.0	634.5355820386937	1728.0462671486907	0.0	605.7527177936237	1713.9895890178552	0.0	501.89672066398185	926.3633121067846	0.0	503.2868350699027	1179.0482714904915	0.0	509.79378471364504	1480.4004014983836	0.0	522.9689618365828	1588.2142791147155	0.0	467.65560715847687	1576.693904317402	0.0	509.7129474127041	1526.7588551340134	0.0	584.8041934088566	373.37976724109694	0.0	574.1831603202207	271.6933961266742	0.0	564.6488377169595	358.10841622077106	0.0	755.7694299332627	456.32089900829357	0.0	831.7192108113975	707.1475783897342	0.0	842.9860886047126	877.548732977005	0.0	437.58725199784624	439.05496125872503	0.0	353.2850499469754	682.024549986308	0.0	353.06420880941516	707.6238855652514	0.0
46	1.5367713004484305	591.0233951005051	888.8861179379137	0.0	677.8207501588723	940.8973384466311	0.0	648.4776271517632	1288.820069583411	0.0	606.2989064459492	1655.6612749224164	0.0	565.4792659126888	1714.7829205017472	0.0	635.6632540833971	1726.151848863649	0.0	605.406228934728	1713.7742437124507	0.0	498.2164884272219	925.2953587989307	0.0	502.2897968939706	1177.4767259998926	0.0	508.52796249553074	1482.4997177607067	0.0	522.776729131357	1589.5191846667562	0.0	468.06335202887874	1580.1652181052157	0.0	509.5615890092915	1532.530731655681	0.0	582.0890123654015	375.4725147755208	0.0	571.2376455927013	270.245425979779	0.0	563.7452286338663	354.7845898060827	0.0	751.9263818195669	456.517223359169	0.0	828.7377381578897	705.2091095798778	0.0	843.1344052250726	877.4332951073037	0.0	433.5633454436821	443.6122838860529	0.0	346.499909465953	689.5043404747786	0.0	354.3815365910737	708.2650595238165	0.0
47	1.5701793721973094	587.558106797616	886.0714136240052	0.0	675.081654172597	939.8343440547862	0.0	646.1931794641758	1286.1443423704488	0.0	606.2118300573659	1652.8661272193572	0.0	566.3802922127844	1714.22552189015	0.0	634.3775246893377	1723.9019225225713	0.0	604.4939781193391	1710.308426543128	0.0	495.81339006737903	923.3928543246848	0.0	500.7667717988163	1176.646085639622	0.0	508.40389749751745	1484.3398609434514	0.0	521.5459907395101	1593.2150485513355	0.0	468.0935905560317	1586.9966598869887	0.0	510.2734812020591	1533.7991022693957	0.0	578.6020948250757	377.80264518383814	0.0	568.562557440604	269.9541605993274	0.0	563.6646597463866	353.57816272176143	0.0	746.7430603879561	456.0193875354465	0.0	824.8601855525059	703.260098883431	0.0	843.2816609256373	878.7404812702581	0.0	429.1344389643807	446.7917095816798	0.0	340.5216679529048	695.286501855694	0.0	358.0667354887235	708.7131948815405	0.0
48	1.6035874439461884	583.5439427834892	883.0767709825082	0.0	672.5570064328691	936.0276505797056	0.0	644.794025617597	1281.8847229412438	0.0	605.3838887039694	1648.123965220595	0.0	568.8180888486033	1710.644517266062	0.0	632.367901460794	1721.648393061634	0.0	602.8891213958685	1704.9758820737543	0.0	493.94418480228467	920.8388021344997	0.0	498.6776741344658	1176.8422189867283	0.0	507.3999526196753	1485.8908012519557	0.0	519.6509283062179	1596.7958810773316	0.0	467.0600501135009	1593.113848978304	0.0	510.5845827326454	1532.52703386359	0.0	574.6536119096382	379.80503155779195	0.0	566.7175960193443	270.1901655377791	0.0	563.8250676603719	354.1257204611723	0.0	740.4478284334057	455.6797066439949	0.0	820.460904630876	701.4640089176081	0.0	843.0516023458728	879.9500934563351	0.0	424.7587435113886	449.2514159532836	0.0	337.82802004835446	697.7433095948337	0.0	358.98207774710755	708.6884304268248	0.0
49	1.636995515695067	579.7876059575046	881.5632572148933	0.0	670.1628824941503	931.1924368414113	0.0	644.214191458814	1278.2630529563232	0.0	604.440753268477	1644.6784676171205	0.0	570.9712581918691	1704.557632254542	0.0	632.7713222242196	1718.7823287450071	0.0	600.8440637195483	1701.7152234519044	0.0	491.46089465536664	917.1481909144901	0.0	495.8417191767932	1176.639601256664	0.0	503.6549789275762	1487.212660647463	0.0	518.010722571595	1596.1347621378425	0.0	464.7511793306736	1592.299708707959	0.0	507.96651775731635	1534.2472666732021	0.0	570.9911742346894	381.0526788410704	0.0	565.2951746816682	270.0396741549563	0.0	564.1986639605869	355.8779439274759	0.0	734.0442680533745	456.03695571439135	0.0	816.5144785075842	700.1989656406696	0.0	842.0132342778783	879.952788630601	0.0	421.35861515020093	451.0389936773246	0.0	337.59530387487865	698.1879649838113	0.0	353.69633463379836	708.5323586648464	0.0
50	1.670403587443946	577.3243047717889	881.0698981478048	0.0	668.0746800361811	926.8506235256865	0.0	643.3627352112869	1276.172545588793	0.0	603.9409075629595	1642.4705205706694	0.0	571.6879320372459	1699.1589079695673	0.0	634.8807870464333	1715.3106083954742	0.0	599.1163800964324	1699.220782683948	0.0	489.2470813349812	912.9581473451096	0.0	493.501122549082	1175.2442409483222	0.0	499.18389879112505	1488.1853025352661	0.0	517.1683990408353	1590.356675057092	0.0	462.9193383264404	1584.2316373779126	0.0	503.8162101951756	1542.8533316314272	0.0	568.2111182835577	381.91210545243405	0.0	563.6940672942358	269.56308496960986	0.0	564.1988344725657	358.4123854791039	0.0	728.4460917152799	456.4721638027684	0.0	813.7561073535455	699.2610323573326	0.0	840.4376364573509	879.417623397557	0.0	419.3921854493171	451.47380097796116	0.0	337.95351610312264	697.1467373109816	0.0	346.54541074708067	708.5899116870391	0.0
51	1.703811659192825	575.8071486499401	880.7185159196367	0.0	666.088889364018	923.5274699373422	0.0	641.6627632540406	1274.707207361986	0.0	603.6294436988834	1638.976927428781	0.0	570.9752966693316	1695.8055022910962	0.0	636.590743038976	1711.5508287953166	0.0	598.310900671852	1694.2474408326075	0.0	487.93990154945186	909.936353633523	0.0	492.5658045980115	1174.0848093534978	0.0	496.8912617540227	1489.474480682226	0.0	517.1336267150699	1585.8391771613215	0.0	462.3422793758416	1577.9083929619196	0.0	501.4082340391977	1555.5907712565295	0.0	565.7490714300969	383.15872350946097	0.0	561.3132504584912	269.7305540860013	0.0	563.4857921792606	360.68112293035523	0.0	723.713581031312	456.38477061252905	0.0	811.9103567669328	698.6296494903863	0.0	839.2481896998455	879.5475075095661	0.0	417.95323623029617	451.3407579116656	0.0	338.20617282803937	693.7919406456757	0.0	341.9320617894875	709.1134383115262	0.0
52	1.737219730941704	573.5993722855582	880.9345940462531	0.0	663.3604507549567	921.712111398484	0.0	639.5528096141361	1271.7956958144687	0.0	603.518527383814	1634.7487837642373	0.0	570.103399375686	1693.0242001660479	0.0	637.4535180468196	1707.8669528212863	0.0	598.2794805120726	1689.2752553907662	0.0	486.1441187879181	908.5766359366928	0.0	491.70692080487083	1173.4243167399388	0.0	496.49954488025384	1490.7611069969023	0.0	517.7548353151311	1589.1675620047688	0.0	460.98225894989883	1581.4414350886445	0.0	500.90765542037644	1564.638373496095	0.0	562.6298349662213	384.86476931498686	0.0	558.3087326334461	271.26748048009904	0.0	563.5700447492098	361.90495631013346	0.0	719.5457424681648	456.51236177092426	0.0	810.0521823026378	698.0877722678116	0.0	838.9221057990931	880.4872172346908	0.0	416.2082384495635	451.66831709818985	0.0	338.1244047863408	688.2111638841125	0.0	338.3036789823703	709.9715306946719	0.0
53	1.7706278026905828	570.1727044881742	882.1039133202631	0.0	659.7754604447533	921.4898158225008	0.0	638.4167873228304	1266.6201276339111	0.0	604.3687236595651	1630.2904284932558	0.0	570.4464763381045	1690.8538289539713	0.0	637.8243984959729	1705.268282862715	0.0	598.5335791339756	1686.670575539334	0.0	482.93052330852424	907.7455037137495	0.0	489.4323959832328	1172.7720071586295	0.0	496.2191646279731	1490.8128036870241	0.0	518.9389094026319	1599.1391805391947	0.0	457.8347096715417	1592.5036900482332	0.0	500.6126667550654	1566.4736162463973	0.0	558.9324529806964	387.0293078274841	0.0	555.7659194787218	273.5615725044771	0.0	565.5326157669075	362.64614311893337	0.0	715.9377986336006	457.73484786492355	0.0	807.8149741108907	697.1088572298828	0.0	839.1705801011366	881.3407442289483	0.0	413.79335520477895	452.40321172109043	0.0	336.5885018082907	682.956299755564	0.0	333.48284876784345	710.951926355703	0.0
54	1.8040358744394618	566.8050305355574	883.1511278277228	0.0	656.233568248696	920.753104099936	0.0	639.8020896470443	1259.386085276529	0.0	606.5211627282662	1621.0691831162458	0.0	572.2075515134072	1690.7325401207315	0.0	637.7689674525244	1702.8662047292764	0.0	599.0315673573322	1680.3314005471948	0.0	479.2817020318257	906.3136761953695	0.0	486.12928879969223	1173.3201949517795	0.0	496.2834764212436	1490.9466203572001	0.0	518.8431201743011	1610.130995554746	0.0	454.8316276324219	1603.0209094519962	0.0	500.67832793079475	1566.2944167709704	0.0	555.6027488517602	390.2220500498471	0.0	554.2850316768172	275.52867300507467	0.0	567.0855754273409	364.13114445318183	0.0	712.7576026640194	459.26729570780986	0.0	805.7371273208705	695.5677677458364	0.0	839.4104297910737	880.8566143750288	0.0	410.6378067447676	453.9157776985436	0.0	332.32449725512674	682.171701518317	0.0	329.1393093347037	712.2714965627184	0.0
55	1.8374439461883407	564.5080096419903	882.6036960209202	0.0	653.134043372823	917.2546837804423	0.0	643.4619116250487	1248.7973061973591	0.0	609.3186720513196	1601.8143343298534	0.0	573.7906051461964	1690.067803970535	0.0	637.2676313303955	1696.71807805784	0.0	599.8436607147216	1662.3534138655452	0.0	476.4220013490128	904.0340237990613	0.0	482.8756240526261	1173.6850975208636	0.0	496.92046415078823	1494.6460082155281	0.0	513.5186904172946	1617.676632887763	0.0	453.02053783071517	1605.8535024951605	0.0	501.20768656622494	1571.056983647982	0.0	553.3075900332835	394.499582821962	0.0	553.3480763051409	277.4353080973492	0.0	565.8217150596417	366.9024009162683	0.0	709.4325001009718	460.24653377805146	0.0	803.9921534639147	693.5858551702376	0.0	838.8203866212825	878.6188408339808	0.0	407.3856419180925	456.97001715160735	0.0	326.60823991689944	687.0205757794502	0.0	327.29849531325436	713.8908274257141	0.0
56	1.8708520179372197	562.541205547915	879.7705145281896	0.0	649.9640840784973	911.0976574853781	0.0	646.8683306785429	1233.8987610167908	0.0	612.0399720093885	1573.8729222846275	0.0	570.4565046355744	1683.1036986089719	0.0	636.6138149692929	1683.954144100027	0.0	600.362688366758	1633.9896448494248	0.0	474.52584452273	900.3979139633204	0.0	480.00067486023016	1170.164229895022	0.0	494.7157750830775	1501.7781401863133	0.0	502.5931083815837	1619.2535058911492	0.0	450.93116414503857	1598.4077212975606	0.0	498.7939635318413	1582.292280957573	0.0	551.7795930319126	399.4515307563709	0.0	552.1442667055452	279.6016798880983	0.0	562.733845670381	370.0150911228491	0.0	705.3004374956589	461.39853676412935	0.0	801.6744871970091	691.9018521971595	0.0	837.035707842204	876.0086913526666	0.0	404.5496299602974	460.61434154174486	0.0	322.58892125147537	693.3814560826731	0.0	327.0544498287576	715.0330542232442	0.0
57	1.9042600896860986	559.9329101618582	875.3206238452642	0.0	646.8873277869354	903.4104149425744	0.0	647.8303381355602	1217.2442414805078	0.0	614.2272868149262	1544.9118278276367	0.0	560.2987680227541	1667.548838940206	0.0	636.3538404082202	1665.1593741325814	0.0	600.2458571840394	1604.3718394967018	0.0	473.00214615051397	894.8446926486505	0.0	477.5373987957353	1165.7551871638252	0.0	488.1738723197972	1501.2608485925243	0.0	492.2292482609359	1614.0095324026956	0.0	447.75154702975345	1588.101135408122	0.0	492.50570325490446	1587.2285807457679	0.0	550.3813031462054	404.918551661681	0.0	550.2021372642249	280.9291873315283	0.0	558.2534351342958	372.1801536159534	0.0	700.666258615438	463.2672253862388	0.0	798.1566748505444	691.0155692496447	0.0	835.2901758869828	874.7392440261405	0.0	402.2754028115599	463.1946750913789	0.0	320.73787996479024	697.0748363454168	0.0	326.4102144883611	715.3807334739167	0.0
58	1.9376681614349776	557.3399543558701	872.059066495836	0.0	644.8201803660356	897.2751658652159	0.0	646.534972994668	1202.9606179022285	0.0	615.1985123689032	1522.007693056782	0.0	551.9518663720829	1647.0169150721183	0.0	636.742092193654	1642.951172057297	0.0	600.0716687682767	1581.4211623172505	0.0	471.54342135748396	890.415788734381	0.0	475.74885209734214	1167.8054145631916	0.0	482.7692635765878	1469.041621971869	0.0	487.5852060277907	1605.4545696892926	0.0	444.63265679552006	1587.0894325595227	0.0	488.67849013444464	1552.6030171477926	0.0	548.7405535274856	409.5136194233707	0.0	547.5572779444202	281.6225235363979	0.0	551.130869042045	374.1684669606593	0.0	697.0179397134308	465.28483343657615	0.0	794.0419609520222	689.2565456242285	0.0	835.0245029084416	874.7059176407589	0.0	400.7752428994959	465.2388098288567	0.0	319.0570356538727	698.7136974836056	0.0	325.018355590466	717.0406862724002	0.0
59	1.9710762331838563	555.9001009833726	872.0781194476841	0.0	643.6755046218128	896.6260983891633	0.0	644.3066276905912	1193.3204029727235	0.0	614.6182232984581	1507.0199322565334	0.0	554.9299576729287	1626.7482922212696	0.0	637.4009765985608	1620.507607847577	0.0	600.0302612070954	1566.7912130199334	0.0	470.5820855177791	891.3934704714064	0.0	474.7995754074092	1175.4408303146772	0.0	482.73768567597176	1406.6322543493413	0.0	487.8547630328164	1601.250627769128	0.0	443.0802937579901	1596.8343392974507	0.0	490.99728301243914	1477.2721871989386	0.0	546.5727764235108	411.1585245844135	0.0	544.8527161053846	283.9374635235825	0.0	544.9407515211464	377.419856253442	0.0	695.0101286409229	466.75480919197037	0.0	790.1975742881286	685.2074732282997	0.0	835.6970030912139	874.6198391374634	0.0	399.57212021365723	468.80986024265343	0.0	317.22314684443387	701.8234577229132	0.0	323.8598175794215	723.1810495658832	0.0
60	2.004484304932735	555.8100904197925	872.7192722562406	0.0	642.8109179013713	899.9706333195281	0.0	641.9033741143924	1187.960489660881	0.0	613.3219858730679	1497.5754110573148	0.0	566.4068338819786	1607.0605784499144	0.0	637.9330213672445	1599.0533532563672	0.0	600.2024754839197	1556.8266361390151	0.0	470.36615870991966	895.5938665530365	0.0	474.1947441229564	1177.6690057829442	0.0	484.70948365437613	1379.242194129969	0.0	491.4184160292294	1601.7886005619825	0.0	444.5378716427316	1604.9290148187893	0.0	493.9774982151818	1438.7934765207824	0.0	543.9338880769741	410.8468605888595	0.0	542.7538875330579	288.4957095369672	0.0	545.895208684446	380.4857593063156	0.0	693.3096466682282	467.3429009446001	0.0	787.0463555143696	680.6560058154855	0.0	835.8344742785713	873.9240071272679	0.0	398.4519119119167	473.9713189485642	0.0	316.329735929851	707.025169383331	0.0	323.2995630147808	731.8401270942893	0.0
61	2.037892376681614	556.4209758903596	871.255497270586	0.0	642.3336036475736	903.2119677058027	0.0	639.4701587446158	1184.4421336291543	0.0	612.4315694295885	1490.6459390978537	0.0	576.8736035608191	1583.6404002993363	0.0	638.464338120537	1577.6526586465377	0.0	601.6389506713654	1547.3705784992464	0.0	470.4200933417572	898.40572712322	0.0	473.2847103193271	1166.317611601311	0.0	484.6346082350033	1426.3531548306883	0.0	497.2961072377291	1599.5051156266713	0.0	448.9572373420014	1601.262593076436	0.0	492.8938341663974	1461.3072865505585	0.0	541.4348288883988	411.08339116714563	0.0	541.1576300691429	293.8282193649385	0.0	552.3631227629144	381.628067861523	0.0	690.6801209488391	467.89971632091175	0.0	784.9944998050045	678.1759461985828	0.0	835.1786009174423	873.0772931142061	0.0	398.5490463291871	478.1410645901033	0.0	316.6472763066565	709.7816046368362	0.0	323.12986563191856	736.9895227407901	0.0
62	2.071300448430493	556.439304189649	870.6308076773691	0.0	642.42596560958	906.0836852950773	0.0	636.6948090093799	1181.3931369566267	0.0	611.9618550936108	1485.1321475394252	0.0	581.8152382307932	1554.9338617374967	0.0	638.9626401451138	1556.3038329622814	0.0	604.3050594326442	1538.40247074005	0.0	470.32876054201176	900.0200471845577	0.0	472.7004476233651	1152.0308635036547	0.0	484.46598131476713	1466.273081491212	0.0	501.990155795713	1599.236546135853	0.0	452.76407527144767	1594.3348062995503	0.0	490.96248027423223	1430.149354333509	0.0	540.0419190102275	411.8093487724583	0.0	540.1689919027111	299.0417764299065	0.0	556.4363894832485	383.2186206908307	0.0	688.0276725032688	470.06262690053137	0.0	784.3239917356258	678.357178823567	0.0	834.708610666335	872.5856014350039	0.0	400.1131269849197	480.15455398590143	0.0	317.9710646413946	708.345935998134	0.0	324.30105827539614	737.9388715943716	0.0
63	2.104708520179372	555.4717322325682	873.1046078409132	0.0	642.8841991793896	907.7366112157089	0.0	633.2473973523554	1180.9592950513697	0.0	610.9789675314961	1481.106800972035	0.0	582.8557762506149	1525.0968045062064	0.0	638.7065910022075	1535.5787753789434	0.0	605.3955181754408	1532.2844386896866	0.0	470.1286486945152	899.4870725600737	0.0	473.5684949176701	1153.334829667083	0.0	486.9102987099111	1404.8511493250414	0.0	502.05599637270245	1605.8620717205092	0.0	452.1820658955073	1591.0456591827767	0.0	492.0044668716857	1296.7383078943942	0.0	540.7263965389687	413.87432821428024	0.0	540.826290306493	303.4089569051797	0.0	555.948523393549	388.00353932588325	0.0	687.0239128937083	473.7428906795521	0.0	784.545364693241	679.8183175906373	0.0	834.7489591948656	872.4244163669457	0.0	401.68804661118736	482.0671617477428	0.0	320.0250534999139	708.4324429148454	0.0	327.9177434301683	738.1718102425879	0.0
64	2.138116591928251	555.1163316486263	875.325984083355	0.0	643.6192330651808	905.9371873198739	0.0	629.5867773120327	1184.7582786285313	0.0	609.0254205663409	1477.2376083279528	0.0	583.2765662996081	1500.3781305775344	0.0	637.3874048337484	1516.0001524137458	0.0	602.7972530074476	1528.1083046950607	0.0	470.2132744860909	894.3074627064332	0.0	475.55242831622525	1165.6472254254898	0.0	488.9596383425711	1275.0534767522831	0.0	499.18321735459136	1577.2936897344978	0.0	449.0697554615534	1561.9387231325045	0.0	494.48925013036995	1167.618153602211	0.0	543.1787497916143	420.02538353987177	0.0	543.1961983359563	305.89290748043373	0.0	556.0291690305829	393.93322784731174	0.0	687.8236991181949	477.14759777502593	0.0	784.8498793335089	680.1012223444482	0.0	833.9731906816459	872.2688732932262	0.0	402.38180277225024	485.45044939071033	0.0	322.13349625203466	712.938794294667	0.0	332.14292810478565	738.189666960749	0.0
65	2.17152466367713	556.5618260743556	875.1679824773908	0.0	644.6943258953469	902.685272111589	0.0	626.5312677742888	1190.2554033827173	0.0	606.8910993519509	1471.7640984520622	0.0	584.4169493865454	1484.5410361486124	0.0	635.9471839143644	1500.5986330998455	0.0	598.7852381808151	1522.528608924754	0.0	471.56533482814837	889.2600279012257	0.0	477.44912515785893	1169.365814646709	0.0	487.17379155553147	1173.9809841568785	0.0	498.65743240850713	1463.146363623835	0.0	449.1837105850168	1490.583427859207	0.0	496.0362465624516	1111.9269682143645	0.0	545.6964301865073	428.2929582162267	0.0	545.7004000486901	307.9018146512691	0.0	559.1955443911877	397.57572480014306	0.0	689.3185031203075	479.9426981384423	0.0	785.013231780713	678.279872267173	0.0	831.7171634976426	871.6963293748344	0.0	402.46255704511776	489.5988217754092	0.0	323.52792938860824	717.7546365499744	0.0	334.6769767354029	737.3514850007904	0.0
66	2.204932735426009	559.0068636298499	874.7902784681664	0.0	646.2479768370252	901.3603493420005	0.0	624.5445877038867	1193.7824507528444	0.0	605.4521336245135	1466.18119630754	0.0	584.6118759537453	1477.3250184146136	0.0	635.2456931803221	1493.2462953407437	0.0	596.7130379932007	1516.3507124873536	0.0	474.8336903573317	890.6961355076402	0.0	478.64086042054646	1162.6678753360047	0.0	483.55449803152345	1132.2178789421512	0.0	500.69996336145323	1328.5801716930491	0.0	452.68384345447447	1445.1614017019663	0.0	496.79834801793464	1099.0998090976173	0.0	547.2488995342152	433.9548553003864	0.0	547.2515187668391	312.72560122780277	0.0	562.2539384106898	399.8527086678902	0.0	690.3380065226885	483.8346768056352	0.0	785.212567925122	676.1791783119962	0.0	829.5974836889607	870.1564886538276	0.0	402.55745399396176	493.8792199242587	0.0	324.3890724362093	720.3405962589994	0.0	336.8703100526502	735.5510304273796	0.0
67	2.238340807174888	561.651296359467	875.3044921998786	0.0	648.0766248428033	902.2218027873985	0.0	623.8680348779802	1194.2742750935352	0.0	604.6085787520803	1463.5043865712416	0.0	582.5655795984337	1476.5293276716864	0.0	634.9597578981861	1492.712648758905	0.0	596.4459445743584	1513.7000055837586	0.0	479.0924767706678	896.3092483406949	0.0	479.50191276886807	1156.9286013550604	0.0	481.5627527941007	1120.791871411605	0.0	500.2484628376258	1310.517563845139	0.0	454.64418630312224	1479.0830171931693	0.0	497.27901672389424	1097.618609646491	0.0	548.3036398256297	436.7063914092725	0.0	548.2252127433171	320.71325167031307	0.0	562.6359777002765	404.0658771116457	0.0	690.7933909502352	489.38751470215414	0.0	785.3758536227847	675.1134283755982	0.0	829.1530704326511	867.5146088286648	0.0	404.0329648791438	497.68519677831097	0.0	326.2745647571353	720.6389731207379	0.0	340.29460049927667	731.6979520850826	0.0
68	2.2717488789237668	564.565086914243	874.6687555695222	0.0	649.3237369517971	903.1416606137894	0.0	624.5385571001176	1192.6885954490394	0.0	604.1659510613949	1463.4069372149547	0.0	580.0575985186657	1478.9395004772239	0.0	634.6395991685816	1493.5143232902365	0.0	596.4805573485432	1514.4483274140755	0.0	483.066117861719	899.4890650001273	0.0	481.157146656125	1155.2050750958927	0.0	481.6816090565798	1120.2775579596785	0.0	497.8201582314718	1395.345603871623	0.0	456.4250450535256	1503.0675020985864	0.0	497.06977278895596	1091.872773710169	0.0	549.5287557332239	438.599307541944	0.0	549.327568243417	328.6635993074574	0.0	562.1517096782724	409.7362035087407	0.0	692.0084624185245	494.49537058076476	0.0	785.1596539926788	674.3178305759926	0.0	829.9563500552288	864.503166921178	0.0	408.0747050138682	499.3271176195893	0.0	329.99046104825214	717.7494565265531	0.0	343.79893790552313	726.3631174972877	0.0
69	2.3051569506726457	567.2610785177276	871.3868015152963	0.0	649.5640612570395	901.769206734307	0.0	625.9645587484198	1190.2307458513167	0.0	604.3776316062477	1463.6852201400166	0.0	578.9236580743627	1481.2435944367087	0.0	634.7352088444844	1494.1273124122047	0.0	596.7629483608372	1514.9065115861451	0.0	486.4559960099238	897.4282667370317	0.0	483.9703076253124	1153.5721780200984	0.0	483.17837231015056	1126.814386200549	0.0	499.5515998262849	1424.98269944314	0.0	462.4830677584084	1410.6196096709318	0.0	496.2538885959339	1072.0359736548096	0.0	551.1611078199355	440.20983877561014	0.0	551.1796022903529	333.9193996614335	0.0	563.7572078480483	413.12731112362087	0.0	694.3343988904313	497.0615197776125	0.0	784.8500854624132	673.000038811944	0.0	830.8767448439246	862.1857271540068	0.0	413.6240841371795	498.4307649630234	0.0	334.3363813873627	712.7310436821124	0.0	346.37356187902117	723.2668488891801	0.0
70	2.3385650224215246	569.0109161613358	867.4240867059082	0.0	649.4649490040141	898.3640774508528	0.0	627.0677199119748	1188.46166592193	0.0	604.8764972710408	1463.935050783803	0.0	578.6078255124061	1482.874745684436	0.0	635.8362667255564	1497.8176346611417	0.0	597.2328549823185	1514.4803130668188	0.0	489.1185199958501	892.7131407010949	0.0	486.8154629276154	1150.815589753735	0.0	486.57742019734354	1136.1935427853268	0.0	506.5324824366402	1342.0569752187616	0.0	469.78452526605736	1258.3670574517598	0.0	496.7270064869855	1062.498960680726	0.0	553.5785504566346	441.36015724378296	0.0	554.6478095047418	336.8041137412298	0.0	567.3196902344723	413.3119071995646	0.0	696.5058448017022	497.49295574824686	0.0	785.9611878678871	670.5038744576029	0.0	831.7146297448714	860.8605740541173	0.0	418.6858038368992	496.8331602421331	0.0	338.387838011474	709.0392894246422	0.0	348.5855891615177	726.0488924235299	0.0
71	2.3719730941704036	570.4121843833468	865.4416716099929	0.0	650.0189331283774	895.6242984652179	0.0	627.473261485935	1188.532916242622	0.0	604.7174275808462	1464.2266024970831	0.0	578.0303135517354	1484.808070375616	0.0	637.4098197304696	1504.3803396248782	0.0	597.3710258009073	1514.6232096219992	0.0	491.2354179982178	889.2738098056868	0.0	488.6930684395875	1147.7451628883553	0.0	491.6630607133002	1141.970998496944	0.0	513.9889616553378	1235.585291278243	0.0	474.05574638721987	1172.8339447889932	0.0	500.20611594866796	1085.7063408155163	0.0	556.961693828601	441.9161462218698	0.0	559.6693157597679	339.1622131417741	0.0	570.982196729708	412.56863550512037	0.0	698.1891411893295	497.3806106050419	0.0	789.2673829176606	665.8829142494941	0.0	832.9990438903183	859.6007062457007	0.0	422.72149373202484	496.2092531903822	0.0	342.49144399287746	709.1239601170689	0.0	351.92702927782926	733.8246554405299	0.0
72	2.4053811659192825	572.5146395601879	865.0538317922756	0.0	651.540837666444	894.9793749672905	0.0	628.0533611445543	1189.6767177608356	0.0	604.1832222129989	1463.7635099525066	0.0	577.3038415170059	1486.5506874979567	0.0	638.3455949013792	1508.9703319939838	0.0	597.8996625607099	1514.4501988622922	0.0	493.9456102020158	887.4061145205051	0.0	489.47354633538885	1143.2849873507366	0.0	496.0283829138226	1138.718667058909	0.0	518.8344308723325	1179.0314099962513	0.0	476.97432896224507	1169.0650851540122	0.0	504.68944530594706	1111.411618819472	0.0	560.6449858560513	442.2939606372302	0.0	564.5812835383447	341.29958210341965	0.0	573.5508335074294	411.9428371952948	0.0	700.2346625801654	497.36257620807834	0.0	792.789030013551	660.1943310229618	0.0	834.6530032368612	857.4930147146513	0.0	426.1640706253313	496.71143078174276	0.0	347.0060927277477	711.482956036677	0.0	357.8232249394591	738.885849632202	0.0
73	2.4387892376681615	575.0330882788107	864.4603512629072	0.0	653.2983316468175	895.2130132814688	0.0	629.5675822499136	1190.157565346551	0.0	604.6865811909446	1462.1163019058095	0.0	577.2364660539182	1487.9163072942633	0.0	638.4591861237382	1509.4552338690808	0.0	599.6682727069444	1512.0450036405362	0.0	497.3924087574944	885.2488666982773	0.0	489.5174231852393	1136.9351979886246	0.0	497.96536843519186	1129.47900182542	0.0	520.9437651225136	1164.7647151749557	0.0	480.30730756731134	1182.215416766499	0.0	506.66066667823156	1104.629392361735	0.0	564.2182520544673	442.84213383807986	0.0	568.2353269845993	342.0164565694937	0.0	574.0230948198462	410.63062469014125	0.0	703.0626151099206	497.22460049202186	0.0	794.4962748471567	656.4034490271468	0.0	835.7498456258777	854.3434923457821	0.0	430.0880716799709	496.29839494432247	0.0	352.602161945928	709.6894191670356	0.0	365.1171891174808	733.6665719362993	0.0
74	2.4721973094170404	577.1092671847059	863.2899385553154	0.0	654.7021415944439	895.1839400542825	0.0	631.3911620680353	1188.9235327241418	0.0	606.3211831946196	1459.93588023951	0.0	577.3229232017167	1490.4362625926433	0.0	638.0566982652334	1508.442438182431	0.0	601.4223247191314	1507.975647903765	0.0	500.17802823368174	883.6014998466281	0.0	489.9032713284515	1130.5288513795738	0.0	498.4544757706142	1122.8142417886531	0.0	518.6868256606499	1162.6745162467698	0.0	482.56555690214816	1178.461598477152	0.0	506.9279007028782	1079.2667122432913	0.0	568.3837699386746	442.53755455109825	0.0	571.2298890361595	341.3955816610716	0.0	572.9582333281692	408.49520036648136	0.0	706.2849153276526	496.73946703855	0.0	795.6748195556759	655.398530747616	0.0	835.6150107586027	850.7866151703358	0.0	436.0784219467464	492.3602904008275	0.0	360.251265031454	699.3808031021827	0.0	370.1172131051695	721.3839204806193	0.0
75	2.505605381165919	578.6801512831604	861.6421196368088	0.0	656.029242190918	894.7753224158781	0.0	632.6179797966925	1186.3862323680507	0.0	607.592057812342	1458.8162899768886	0.0	575.7545905620292	1494.1624506343005	0.0	637.0713128584894	1508.8156428719326	0.0	601.7732359644905	1505.2703362288348	0.0	502.01704220017	883.380355820396	0.0	491.62089718995855	1124.6306997925794	0.0	499.34557990303483	1120.6834981046004	0.0	510.9240691194436	1162.1995810045996	0.0	482.4140830126346	1159.881908833194	0.0	508.46159980744795	1069.2181610925556	0.0	573.3761900580447	440.8367938629057	0.0	574.0805259889755	340.55991377178475	0.0	572.8458705397601	406.54374925124534	0.0	709.4561746071034	495.5565273112816	0.0	798.4051797564844	655.4388031257345	0.0	834.2285297376491	848.7717137630577	0.0	443.84112513257236	485.8721114814702	0.0	369.2425332029204	686.152745720322	0.0	371.4368652991376	711.4869241683388	0.0
76	2.539013452914798	580.2131263651373	858.6847404919341	0.0	657.3051182439395	892.2579039836196	0.0	633.7387448595301	1184.2760445074557	0.0	607.9599762052537	1459.327357781909	0.0	573.044081778467	1496.6794376576072	0.0	635.9426460632064	1510.7575717390541	0.0	601.5818550230716	1505.335810891044	0.0	504.0899056312368	880.8473488703529	0.0	494.24836715657085	1118.3850166328891	0.0	500.7032419693297	1117.7168127858104	0.0	503.271260324171	1161.2221975117861	0.0	480.2154016122944	1138.392930628315	0.0	510.2736294770842	1078.4005542356422	0.0	577.9033275544523	439.1454793048056	0.0	576.3035297519491	339.56680000082775	0.0	575.3067161831835	405.10662190413603	0.0	712.3202523918582	493.04135261491876	0.0	801.7415856316353	655.3664482045756	0.0	831.5293317210829	849.0309375594361	0.0	450.73618498785294	480.6286560007428	0.0	377.56893838904347	678.8046593974129	0.0	372.18780710623633	706.8907449488981	0.0
77	2.572421524663677	582.201557119708	854.2377863341168	0.0	658.530409817753	886.1884823713176	0.0	635.5023987924161	1183.47160151967	0.0	608.5083328690831	1459.8251418472696	0.0	572.1252539607766	1497.0287555247241	0.0	635.9030595442987	1512.0943818550302	0.0	601.9746155902228	1506.436454118839	0.0	506.7586422248408	873.6648224065673	0.0	496.5392723048331	1113.669064806975	0.0	501.3448415006658	1112.2022934892673	0.0	501.7345853460407	1154.1965297710685	0.0	476.6819058769699	1129.5667500192185	0.0	510.23255415028626	1084.0594950879397	0.0	581.1660673340093	438.6069074389917	0.0	578.0967580460203	338.1806388028319	0.0	579.8906898550354	403.599789074069	0.0	714.5759118955152	489.6514123317311	0.0	803.5038417372359	656.2128345263252	0.0	827.4446959767714	849.5319990899371	0.0	454.9552146351684	478.16685706994303	0.0	384.29224183943415	677.7612352289646	0.0	375.492612871551	704.7353884109785	0.0
78	2.6058295964125557	584.7382185767669	849.783400889931	0.0	660.5208898823107	878.813675765445	0.0	637.019977136071	1182.874394143464	0.0	609.5200382678213	1459.3621233590618	0.0	573.8907423032332	1497.761328996815	0.0	637.1853588163226	1511.279514964507	0.0	602.5265017857396	1507.2841041235504	0.0	508.94118178166354	866.3660680585003	0.0	497.9014101081332	1113.9351000482475	0.0	501.05728951660313	1107.3863442988907	0.0	502.57384261198337	1145.4829650049696	0.0	472.49101076040307	1139.198662715558	0.0	509.41992089487877	1076.690170588033	0.0	584.4577497400194	439.3400055981154	0.0	580.4228505382307	337.22356838886	0.0	584.7931929028092	402.39018070337016	0.0	717.0561502809369	487.78352539864346	0.0	803.8716542948863	660.5652812554372	0.0	822.9297821214735	849.0606110201321	0.0	457.7083385879933	476.8796996971258	0.0	389.2150914662384	677.6272589036466	0.0	380.98680538277955	703.7094873791506	0.0
79	2.6392376681614347	587.285135427529	846.5558497641063	0.0	663.4072088805949	872.8234093256959	0.0	637.364089439304	1181.3444013120745	0.0	609.8338036502186	1459.180508043634	0.0	576.1061112403611	1501.2256358551783	0.0	637.668540747279	1509.6144797682327	0.0	602.6354408031925	1508.010113443279	0.0	510.0332640136985	862.651623463591	0.0	498.7716274317376	1117.2524393268322	0.0	500.24683836265353	1103.9709674063834	0.0	499.48431828092356	1171.0874599419014	0.0	469.239029054328	1177.839004979245	0.0	509.038505057119	1067.68437126146	0.0	589.0571938059137	441.24676367368727	0.0	583.1435014518872	337.44185087496214	0.0	588.2684014641475	402.90621939243164	0.0	721.3987496519861	489.2779216760918	0.0	804.7338513329416	669.9551557449938	0.0	819.208025663313	848.6946830401081	0.0	461.857719758498	475.5367642577971	0.0	392.2344826048495	676.4452567305218	0.0	386.797786878542	703.0239508113033	0.0
80	2.6726457399103136	589.2896091211902	844.406961544979	0.0	665.6667364835364	868.7323023778544	0.0	637.4802157632029	1179.077117961771	0.0	609.3509439723839	1459.836257036087	0.0	576.1229984250416	1505.3416198715593	0.0	635.01904576583	1509.0496678186682	0.0	602.5052111353077	1507.8196575991733	0.0	511.45884847396286	860.3557502911349	0.0	499.6925104071725	1115.2387249569106	0.0	498.819235315152	1098.611538363129	0.0	494.18256568742464	1268.9150302270136	0.0	468.70086400519983	1269.011595031939	0.0	508.38301322973206	1062.7604438225098	0.0	594.2783692193505	443.509352348267	0.0	585.5363816979176	338.1757986266603	0.0	590.0171386034164	405.06808738342494	0.0	726.9653910354823	492.94220870116783	0.0	806.5162503692906	681.7168467459654	0.0	815.6505011158562	849.405651672696	0.0	468.48674122551	474.6355675176804	0.0	394.87614894965316	675.7350173970932	0.0	391.43020652402873	700.2469383303497	0.0
81	2.7060538116591926	590.9806754722318	842.835300760619	0.0	666.3519138392812	866.1423012009628	0.0	638.3126000237038	1177.4778664549415	0.0	609.2116435452833	1459.9013255646043	0.0	572.8808427641397	1507.0657857956674	0.0	629.8944883084478	1510.3148030160871	0.0	602.47863098645	1505.969048503523	0.0	514.6111033320487	856.948932574257	0.0	500.4095657244315	1103.066428880136	0.0	497.32540121149407	1085.8374365563106	0.0	492.29315396886403	1400.4747778188835	0.0	471.15864087550784	1387.7197279197856	0.0	507.6625025991886	1052.3955646623542	0.0	598.7989949181809	445.79887443610374	0.0	587.9466862308391	338.51444578443244	0.0	591.9144431641525	406.69706544107146	0.0	731.1920184702132	496.42576287562804	0.0	807.8038697901868	690.5407636722919	0.0	811.2438696685944	851.053932978909	0.0	475.3270811950507	474.2433828353573	0.0	399.5197582051142	675.4575309718782	0.0	394.221076490504	695.2827590663323	0.0
82	2.7394618834080715	593.406403264176	842.1891038793289	0.0	666.9114982872663	864.9647249099926	0.0	639.402132128521	1177.6737470306043	0.0	609.5234583621144	1458.8649938661224	0.0	567.6446557228401	1507.483360802189	0.0	624.9933790646108	1513.0587865948632	0.0	602.625322420303	1504.3860776209028	0.0	518.4673881789099	853.8539248073839	0.0	500.57216202188266	1086.9651202524522	0.0	497.1814694032424	1067.6752015772754	0.0	494.9304609217498	1479.031176138918	0.0	473.8803373636119	1463.3147339743912	0.0	508.52440920726593	1042.3438894731794	0.0	602.0566759234067	449.0822555303673	0.0	591.4813064357455	338.9272965783672	0.0	596.1828606750263	407.2044143195455	0.0	732.990640273819	499.28759665077337	0.0	808.1726883861877	694.1789753595499	0.0	807.2688731149719	852.7202159351169	0.0	479.3771304572914	473.57870018429696	0.0	406.3518471428089	673.9778312774225	0.0	396.76647840081904	691.9144545174943	0.0
83	2.7728699551569505	596.9863625754426	843.1486849898138	0.0	668.7726392518958	865.6568563933947	0.0	640.3586341210474	1178.0555237364579	0.0	609.681416305989	1458.3028939848623	0.0	564.144819726294	1507.9480476107467	0.0	621.92716548349	1515.4257775514827	0.0	603.2472155693773	1505.154226624226	0.0	521.4417636745012	853.6810783520572	0.0	500.88618626097656	1076.3297984322535	0.0	498.4317039657745	1062.388588036325	0.0	498.96136659570465	1487.0024971750383	0.0	472.9825344338172	1476.7713448814368	0.0	510.92313267938766	1076.9498608143867	0.0	604.3517416263624	452.68284685555005	0.0	596.4428134267586	340.3932625869591	0.0	601.6824594455364	409.11772530536285	0.0	733.346266268001	502.0642817191862	0.0	808.7014437862582	694.7841483804851	0.0	805.4285051892992	853.3175373752368	0.0	480.71168202739346	472.95520872419826	0.0	413.36547620076567	670.7970922750349	0.0	401.2942286188714	692.5273618510187	0.0
84	2.8062780269058294	600.3834287413829	844.958710295662	0.0	670.9171682830588	867.3082611481308	0.0	641.3949046874335	1175.995839690822	0.0	609.8331943891085	1458.994386698289	0.0	566.3615208021201	1506.2605674470544	0.0	620.8826418924984	1515.9599042640991	0.0	604.9621817288094	1506.645993642353	0.0	523.4059775324375	855.3288331701691	0.0	502.4279233395319	1072.7842764673403	0.0	499.75333996385774	1095.7985220536204	0.0	502.11505422805755	1472.7274662214952	0.0	469.2291501100342	1465.645718870871	0.0	512.3960617124224	1186.828310322557	0.0	606.5825752260307	454.241092987608	0.0	601.167361307316	342.90169877243034	0.0	605.1862423639083	413.6522753734164	0.0	733.9889397460171	504.3291080702336	0.0	809.6989658785282	694.8581023602401	0.0	805.5205115574464	852.5859624604673	0.0	482.36733074775697	473.34932414358235	0.0	418.5725407990908	666.63667574771	0.0	406.2871928201714	695.2565982792512	0.0
85	2.8396860986547083	602.1055091500554	846.0087626306711	0.0	672.1031716645072	867.938301797131	0.0	642.3982759342441	1172.1740714227842	0.0	610.2797947766264	1459.8082652108274	0.0	573.6277075675919	1501.272933552594	0.0	621.9309419820763	1515.4671747633527	0.0	607.0853982938861	1506.3321748467908	0.0	524.6659941877143	856.0592281311525	0.0	505.12519058614726	1071.8350841053675	0.0	500.18963513060544	1178.9659907594707	0.0	503.6542110148349	1466.127697600846	0.0	466.0061828411752	1457.0111571334226	0.0	511.32351989424507	1322.2026029398025	0.0	609.1658114227082	453.67024372359907	0.0	603.779057358358	345.55693182545315	0.0	606.0951121987522	418.18698403880956	0.0	736.0752473372258	505.71236868510465	0.0	810.5155950068272	695.1607734622311	0.0	806.3295593843014	850.9049877944578	0.0	486.00388837268787	474.37545781635913	0.0	421.17993677314814	662.7986136118078	0.0	408.3700249178557	697.368410624478	0.0
86	2.8730941704035873	602.3037992393902	845.7741585215508	0.0	672.7150404153507	867.3945439695157	0.0	642.7099979609798	1169.7646027244698	0.0	610.5072472001505	1459.3930180226985	0.0	579.8763687032335	1497.060911368723	0.0	624.7479915431409	1515.5365415245196	0.0	607.4109078901186	1504.229995758509	0.0	525.3568415116841	856.4048054637522	0.0	507.9845661634074	1070.0638833819596	0.0	499.28831623083136	1280.7613070087928	0.0	503.16160638785084	1465.6709961563583	0.0	463.5335677290062	1455.4626224093254	0.0	508.9458747755571	1400.7984405504144	0.0	611.4370202725107	453.0575065879798	0.0	604.9338254976863	347.3518157278903	0.0	606.4805617292099	420.43038762193004	0.0	738.851636589153	506.50728975185467	0.0	810.803102765876	695.5863267149733	0.0	806.8340279220666	849.0947541308664	0.0	489.6844313838062	475.07330979041217	0.0	421.9508523909601	660.8702715799967	0.0	407.9166030866544	697.9610448586097	0.0
87	2.906502242152466	601.8133384426715	844.8477514465262	0.0	673.0183686607048	866.9505403732986	0.0	641.9350273434694	1170.193004462907	0.0	609.8529952463183	1457.869479566822	0.0	581.0078263664348	1498.048633801451	0.0	627.6818244156552	1516.736900801414	0.0	605.4561781230573	1501.8882047076504	0.0	525.6332506159262	857.8999827067968	0.0	510.4047182562805	1067.915917246688	0.0	496.9907943883109	1347.0130582121474	0.0	502.04985300298176	1466.447327587951	0.0	461.39289407908547	1459.0017998124938	0.0	506.86547829182496	1409.6713028723786	0.0	612.753145175624	453.17148037018757	0.0	606.6014837226505	348.19888431139066	0.0	607.8306352897895	421.32015345790074	0.0	740.5408516492513	506.90433500769126	0.0	810.5906533297713	696.015757179625	0.0	806.8795066285185	848.8540100768295	0.0	491.12782804587704	475.8984272253219	0.0	422.3577458477181	661.0574994442765	0.0	407.88823581420223	697.8721649476515	0.0
88	2.939910313901345	600.7636326103978	844.2519588642108	0.0	672.3926086056449	867.3178352278074	0.0	640.6317325117983	1171.3390327124205	0.0	608.6085191754344	1456.766263767606	0.0	579.2841930276703	1501.9421455613647	0.0	629.063784553833	1517.687667766517	0.0	603.6821883460461	1500.8533959735046	0.0	525.4865662550666	859.6005920881312	0.0	512.3740894277396	1067.4798536791848	0.0	494.1760501841478	1363.2796012162748	0.0	502.2688364372108	1467.909461548293	0.0	460.2934334963308	1463.0534388435253	0.0	505.08337370928393	1398.9122565152068	0.0	613.4140988480694	452.90174250288146	0.0	609.1569250573607	349.2290207109927	0.0	610.0829249563487	422.1843338818108	0.0	740.856734226453	507.1241116484156	0.0	809.7558741885822	696.4612776006581	0.0	806.924194957826	850.8317979908644	0.0	490.7057800845777	477.64619435910424	0.0	423.1400406168451	662.655634737248	0.0	409.20062827770835	700.021005983007	0.0
89	2.973318385650224	599.1225953261859	844.3910216593476	0.0	670.6623436138498	868.2499492704754	0.0	639.6662923838672	1170.4040050036872	0.0	607.6322706572977	1456.6655323265707	0.0	578.1924542503339	1503.6119473107005	0.0	629.4536771586927	1517.0352888039306	0.0	603.6224821292002	1500.7974489857545	0.0	525.2045559827837	859.9736318300054	0.0	514.1624053114415	1068.486279776614	0.0	492.7856036571236	1355.9473436722344	0.0	502.7124843932403	1468.017500396749	0.0	460.10413870400333	1462.3898326182718	0.0	504.0897503411438	1399.5198770567679	0.0	613.9749250432059	451.5786235579851	0.0	611.4231591513919	351.0406171772942	0.0	612.7510977890512	422.84087493757187	0.0	740.7376611224731	507.41604319252565	0.0	808.1998191978192	696.4249497898451	0.0	806.8649551434803	853.3272221600972	0.0	490.0892310198681	479.68129896082075	0.0	424.09293846465914	665.6355500659882	0.0	410.2359685301736	708.2718645252586	0.0
90	3.006726457399103	597.5794393005696	844.2398465024488	0.0	668.7578446351141	868.9353832348553	0.0	639.1503830642562	1168.1682491690779	0.0	607.167123194908	1456.8752154950628	0.0	578.4607528387238	1502.8908484382648	0.0	630.3857443751745	1515.7941427701396	0.0	603.4473472006198	1499.9017765576605	0.0	525.2451624705982	859.3731179468684	0.0	516.0740093792228	1068.5447076878804	0.0	494.407044090281	1344.251517904824	0.0	501.3264479938886	1464.2212458706763	0.0	460.1630240387467	1456.84452192121	0.0	505.264982484025	1399.8091343413407	0.0	614.3670048174433	450.5763185297276	0.0	613.0356967918493	352.50911395696534	0.0	615.5828348401153	422.90827133820056	0.0	740.1503709758616	507.6856203632726	0.0	806.5774806388958	695.2864268888856	0.0	806.4310466197217	855.1222042525611	0.0	490.057983469723	481.3951602031225	0.0	424.5258413454889	669.5719264005024	0.0	409.9374074223231	720.3066091340403	0.0
91	3.040134529147982	596.9679386511837	843.0774141116658	0.0	667.8293696817144	868.5253442034759	0.0	638.5463953237663	1166.9818788796852	0.0	606.6712968616089	1457.0313742164913	0.0	579.6543626598713	1502.296092938572	0.0	631.6562084897222	1515.1902977379423	0.0	601.6755660888317	1498.1289389063802	0.0	525.5774567508854	859.1966440661907	0.0	517.5964418461948	1066.9491139574457	0.0	498.3131373553604	1332.9983774223876	0.0	499.1382020451308	1458.6446741070545	0.0	460.05636505768393	1451.8207967762498	0.0	508.12500494944885	1387.2850059018897	0.0	614.163900882627	451.6117775676509	0.0	614.904874796189	352.756338831763	0.0	618.1875452730715	422.05880585366094	0.0	738.6616914264616	507.84574456588894	0.0	805.8333006386407	693.7690605093675	0.0	806.1670048398399	855.951010243902	0.0	490.4720035893698	483.4272242044848	0.0	424.3008962943817	673.2193973889074	0.0	409.5395050152534	725.3809605096727	0.0
92	3.073542600896861	597.1131167475783	842.494745360602	0.0	667.8966899522903	867.1850035947392	0.0	637.5523555527402	1166.8436760656662	0.0	605.7155192150972	1456.9857718801602	0.0	581.3230257944923	1502.0651559959147	0.0	632.2769861182338	1515.4381393072522	0.0	599.8766455733289	1497.023312030621	0.0	525.9385149754864	859.9573237733732	0.0	517.6218957872078	1065.2698491355552	0.0	502.010116285642	1325.7551600831932	0.0	498.8566198021345	1453.3232859444192	0.0	460.82319577133694	1447.318095224532	0.0	510.4992845122204	1371.1877374223436	0.0	613.2368769793811	453.9697007210352	0.0	616.7529019022365	353.1504405455712	0.0	619.5394605339557	420.42305789505696	0.0	737.1782526140719	508.20482292975913	0.0	805.9212570024929	693.2638512648388	0.0	806.5832943973552	854.2104618650067	0.0	490.93884502890086	486.20512225871767	0.0	424.32648160845474	675.3564480630807	0.0	410.0836221982749	718.4486647127793	0.0
93	3.10695067264574	597.2285085328833	844.2701003379157	0.0	668.155418135648	866.2769490825357	0.0	636.5076524001252	1167.231328981362	0.0	604.6354375634387	1456.7882602202085	0.0	582.9445642886235	1501.01810166765	0.0	632.4889352306905	1516.492167193381	0.0	599.3256769651887	1496.839678288461	0.0	525.9053508362435	861.0159202187383	0.0	516.3700776182502	1064.9427329103414	0.0	504.8335099454321	1318.8914412423242	0.0	501.9776313685577	1444.538034808579	0.0	464.5619197043983	1435.7743618518814	0.0	512.2888290802476	1355.717508699091	0.0	612.0225399777531	455.8297907105518	0.0	616.9631994344006	355.3556301305342	0.0	619.1536192165483	420.1814519075049	0.0	736.7243968424449	509.0712231017957	0.0	805.9269545447406	693.8511829588409	0.0	807.1567644806987	849.5554617798218	0.0	490.86104241236694	489.4808839424335	0.0	424.94027383958735	675.7075907525788	0.0	410.3476090433728	707.9137749570016	0.0
94	3.140358744394619	597.1903290808723	846.9005371656222	0.0	668.2737545166985	866.2741382917202	0.0	635.908257749992	1167.769194043357	0.0	604.1146784224011	1456.7924057176908	0.0	584.1229995685529	1498.6986231555393	0.0	633.3153583367208	1517.1571134447731	0.0	599.2145971785782	1496.5166575850521	0.0	525.0070637898411	861.5874215672995	0.0	515.7791057218783	1066.2720337486146	0.0	508.96233417236135	1302.591876053057	0.0	507.30864355608577	1428.3366869007052	0.0	470.8624395338875	1415.498129523174	0.0	515.8010528438933	1329.8930094302332	0.0	611.1701335592554	457.4871679399672	0.0	615.5838759854348	358.4214297181507	0.0	618.4824522428813	423.49017486121954	0.0	736.5084566582817	510.3091271860861	0.0	805.4407464823457	694.2223599855669	0.0	807.0165600472225	844.9574946165263	0.0	489.87978723100264	492.7061903489877	0.0	424.70702524643906	675.8769947647068	0.0	409.2117713632977	702.7596365643116	0.0
95	3.1737668161434978	597.208136740129	847.8261451735359	0.0	667.9774863978417	866.1529648264175	0.0	635.7319793635357	1167.5243695173551	0.0	604.2144826620647	1456.8143536835144	0.0	584.1193226711325	1496.296800725027	0.0	634.39977923652	1516.4047321934668	0.0	599.1168554868016	1495.4903648464972	0.0	523.5338436124256	861.6466861086714	0.0	517.0814621401228	1068.3368822582106	0.0	515.265275720302	1278.048629372601	0.0	511.84548807858226	1406.432176226203	0.0	477.10968912643057	1392.7904096304835	0.0	521.5247719377523	1296.1246748055787	0.0	610.735858723585	460.7687452119221	0.0	614.0561090693367	360.2099902916781	0.0	618.5486184163638	428.2414854581385	0.0	735.0716665536587	511.676391900043	0.0	804.7691602877794	693.6103006186878	0.0	805.9316746245104	842.557376097682	0.0	488.6785274601166	494.93599913592175	0.0	422.12951417852236	677.567620696363	0.0	407.7374680221475	703.4887201339432	0.0
96	3.2071748878923767	596.8608708926586	847.6795977856349	0.0	666.4570545240367	866.0164548857565	0.0	635.5901519385169	1167.306902930596	0.0	604.2813551629399	1456.2477386016062	0.0	582.3822651673821	1495.6101850145544	0.0	633.4881731198299	1514.948057682693	0.0	599.3999855829287	1493.8927958659551	0.0	522.4408860306332	861.8488608820448	0.0	519.2515342616639	1069.674468943334	0.0	521.4132890260043	1256.9974266286806	0.0	515.6272734275964	1384.2684842299454	0.0	483.01147493023393	1371.2838363882167	0.0	527.0495160061782	1270.4968377848688	0.0	610.0220028271198	465.61335144810624	0.0	612.0634207033422	361.01646438162754	0.0	617.2725708319714	430.0553030069741	0.0	732.4815652365585	513.2606531475337	0.0	803.5997341767797	693.627005014557	0.0	803.7019596710406	841.8458926264798	0.0	488.1266492678537	496.13713421408613	0.0	418.1806031767924	679.9234606915263	0.0	407.2231189244858	706.2570325143372	0.0
97	3.240582959641255	595.6378929697838	848.4229265378319	0.0	663.8853609440218	867.422127457226	0.0	635.3296065584068	1168.4215926193383	0.0	603.9616347063268	1454.9772801349804	0.0	580.0598373641184	1496.2203020060147	0.0	630.2994754926889	1513.5129795670803	0.0	599.8487919035188	1492.0102734716131	0.0	522.2468894159088	862.6189627229833	0.0	520.8628930229888	1070.0280390171724	0.0	525.0538930585925	1244.9666383928893	0.0	520.9638185172048	1367.9882275409018	0.0	489.28780068852114	1353.2821587891717	0.0	530.1495013970026	1257.5966347457888	0.0	608.2789185322133	469.5437054014223	0.0	608.7350817218445	363.2126412963608	0.0	613.2537112392232	428.7055570309244	0.0	729.7713025549135	515.438109885511	0.0	801.2433843786931	696.5858888642106	0.0	799.9166325190156	842.1882179121963	0.0	487.60613064200874	497.46703740065027	0.0	415.58806033245577	680.859215661637	0.0	407.3788937793217	708.0107525127593	0.0
98	3.273991031390134	593.9182698000833	849.9058457268018	0.0	661.9250840026799	869.8216938470141	0.0	634.9973837050687	1170.0147782750312	0.0	603.5468280883116	1453.5534109816194	0.0	578.8128380834142	1496.4067144967285	0.0	627.7631666883082	1512.9150238624452	0.0	600.096338323042	1490.5811274383311	0.0	522.6421530035852	863.8381054006608	0.0	521.7672923273246	1069.8216655454198	0.0	526.3295907149324	1237.6592788251571	0.0	525.8934998785096	1361.6417426650103	0.0	492.9957221126697	1344.5684826915108	0.0	531.0780334920316	1251.3908690746177	0.0	605.5168721152902	471.3653606430328	0.0	605.4065322048207	367.154823238345	0.0	609.6055192048793	428.0511507004902	0.0	727.1794850896705	518.4896435323653	0.0	798.2036202160965	701.7958269177997	0.0	795.6469733770554	843.3500084887003	0.0	485.89464913291624	499.30837594837885	0.0	415.7373126250533	680.4259102877521	0.0	407.34262878580745	708.2508348596334	0.0
99	3.307399103139013	592.6954490751781	851.2626755071204	0.0	661.3947065057318	870.8409059340889	0.0	634.7608498836279	1171.1660006231862	0.0	603.3571421112932	1452.651379983923	0.0	578.7655800313979	1496.5434140287623	0.0	627.3033856323383	1514.5122401146311	0.0	600.300027156086	1490.4415615309842	0.0	523.0084354471838	865.1625319320548	0.0	522.4511090072317	1069.2798514545332	0.0	527.3320441925553	1232.1120650860184	0.0	528.254311751352	1364.1664859266418	0.0	492.51090449192253	1346.801234056084	0.0	531.9540229385001	1249.8839389956083	0.0	602.515432411576	472.605457904685	0.0	603.0985910741992	370.8108182007767	0.0	608.8159567538108	430.34938537851946	0.0	724.4960643518949	521.9819211509742	0.0	795.5115468591832	706.7730247435786	0.0	792.9332496879497	843.8271013287884	0.0	483.0539384738802	501.38597780180453	0.0	417.1384517610774	680.9258153627117	0.0	407.09642397630046	708.295024254727	0.0
100	3.340807174887892	592.435599110657	853.0333077311088	0.0	661.4368129224044	870.571771023917	0.0	635.0142901899359	1172.4242880731347	0.0	603.4472940105383	1452.5827790640012	0.0	579.1007435664044	1497.8951577893536	0.0	627.6892751342456	1517.414019646097	0.0	600.5222920013354	1491.6005995844773	0.0	522.874575579352	865.964107364262	0.0	523.5398525202395	1069.4330584005525	0.0	529.9607113305094	1232.9363620105887	0.0	532.8475940616556	1370.4972213782848	0.0	493.6382245861441	1353.8688076992808	0.0	534.1075307752382	1255.495539834976	0.0	599.8736332301395	475.0676143575032	0.0	600.3428687537947	373.65945787400625	0.0	608.0263041861813	434.4389939400887	0.0	721.9803355451801	524.9700559702355	0.0	793.1311631778375	711.1860853982932	0.0	791.9034233825457	841.5565300656542	0.0	480.14780549480514	504.1203039775648	0.0	417.1259922554242	683.397682189222	0.0	407.1984358445764	709.2099505944996	0.0
101	3.374215246636771	592.3812761916034	855.4020336527749	0.0	661.4249634876385	870.5440817605039	0.0	635.6546964816682	1174.2400739177522	0.0	603.5821492112158	1453.1142316621235	0.0	579.3474765621287	1499.9132934413851	0.0	628.5484504290446	1519.0646306944282	0.0	600.0969127980853	1493.473417464999	0.0	522.1803920319982	865.8884267671888	0.0	525.1322336390535	1071.0319258407242	0.0	533.9320542623442	1244.252293553561	0.0	543.081550218852	1375.1437109503102	0.0	501.2741175244132	1359.3391107177047	0.0	537.1353131983249	1265.0693626554207	0.0	597.2990339566717	479.4187464011764	0.0	596.0166516745612	376.57275795928547	0.0	604.1294420242837	438.1827883580272	0.0	719.3139148707271	527.1478330851692	0.0	790.4153241657726	715.7335907461288	0.0	791.0407421911497	837.7648665328666	0.0	477.7250801024363	507.60390022255643	0.0	415.00863699593026	686.6252277827946	0.0	407.5789364603198	710.7055534043843	0.0
102	3.40762331838565	591.464999024554	856.8402235609935	0.0	661.4634355974105	870.0151707856556	0.0	635.8359522316761	1175.8062860622456	0.0	603.4971864636117	1453.6905651702725	0.0	579.54444974432	1501.133277906966	0.0	630.7465346135289	1518.970107585063	0.0	598.2974768873756	1495.0019515990928	0.0	521.3495861349021	865.5231411286259	0.0	526.261257472342	1073.1007630884146	0.0	537.200908405611	1262.0959943349933	0.0	552.964182428368	1375.8916902891767	0.0	510.9920387855183	1361.6504799217626	0.0	539.9803942759991	1271.3730558859252	0.0	593.9233250674984	484.9440597276628	0.0	590.9108889581017	379.33725556431307	0.0	598.5581065458949	441.1730073002094	0.0	715.1737355689467	529.0593595281753	0.0	787.3263478274728	719.3909798152447	0.0	789.7939934921963	835.874148184573	0.0	475.16911961288577	511.0108567196509	0.0	411.8003620435292	690.7719576791874	0.0	407.3403821740166	712.3792730754765	0.0
103	3.441031390134529	589.9416252529174	856.6855920479059	0.0	661.3214523848201	867.8391598273283	0.0	635.3261968376241	1175.2524095087456	0.0	603.3559705350827	1453.9884264424597	0.0	579.5020518810819	1501.032162796533	0.0	633.4406396102521	1518.3867810970678	0.0	595.7996887541249	1494.8287914888906	0.0	520.6500210085111	865.225966156979	0.0	526.1877779990758	1074.5547784195246	0.0	538.814921508636	1273.7936417961687	0.0	556.073116884302	1374.6102846606007	0.0	516.079281814904	1361.638184968624	0.0	541.9386755133626	1271.9824092475378	0.0	589.6432099055236	489.9694099902733	0.0	586.0261553048763	381.8270515532051	0.0	593.9471680802646	444.7859247237169	0.0	709.3253764452102	530.9904038613826	0.0	784.0233305297285	720.8693610064096	0.0	788.6718395696395	835.6974255192791	0.0	472.18734211465267	514.2114155570864	0.0	408.27776841214865	696.5301573094835	0.0	405.6794027454726	714.8424036338384	0.0
104	3.474439461883408	588.8354997741196	856.0720095845994	0.0	660.6182943884746	865.4896626966895	0.0	634.7901315820975	1171.5406319909187	0.0	603.3937503482563	1454.044935099961	0.0	578.1039956518802	1500.1469265272992	0.0	634.4187960253169	1518.1696932136608	0.0	594.4574806385175	1493.1063529552166	0.0	519.8994176743121	864.4668999304163	0.0	525.2320073949421	1075.579359814853	0.0	539.701089678506	1261.0461271471072	0.0	553.4834379043564	1372.3076073761586	0.0	516.0164785934721	1358.6610697270003	0.0	543.1823909406934	1267.449820328856	0.0	585.5341624528288	493.6931055372497	0.0	581.451022898348	384.65318813703004	0.0	590.4172852390719	448.96170541708665	0.0	703.1215825531912	532.6465881678542	0.0	779.9057165594844	720.9337654107378	0.0	787.4825480566465	834.571941199697	0.0	469.56578940968154	518.1582875937977	0.0	405.4213052277379	701.6503970716523	0.0	403.03749390410803	719.4895598250793	0.0
105	3.5078475336322867	588.2127948992224	855.5198888490113	0.0	659.5044608836843	864.6349500223253	0.0	634.4005968796781	1166.148060231661	0.0	603.5036663516717	1453.735656442159	0.0	575.0019816433529	1499.2354617472765	0.0	633.6858957501329	1518.0991433066183	0.0	595.0256690418352	1491.504700059034	0.0	519.2969540136686	863.2962227383678	0.0	524.1989753574544	1076.9329440523427	0.0	540.4064015487089	1216.1734185399935	0.0	549.9129726291239	1368.3062594608973	0.0	514.2742696820811	1352.4572459794904	0.0	543.951371499654	1261.1023854031935	0.0	582.0949088149434	496.7188312083226	0.0	576.600941634034	387.3594908922081	0.0	586.7471285283506	451.73399419613577	0.0	697.7677306175755	533.9705441824012	0.0	774.5332018377958	721.1200856263085	0.0	785.2625618047996	832.2305734084251	0.0	467.062709130771	523.3115415509063	0.0	403.68214034490626	704.6546266564873	0.0	401.0508684571463	726.231012018476	0.0
106	3.5412556053811657	587.4426387043671	854.24475716002	0.0	658.2450053679239	864.1453869738441	0.0	633.7788924379581	1161.245474972575	0.0	603.5436324134752	1451.9493548250437	0.0	572.4715014600532	1499.2870931223465	0.0	632.9603293368216	1517.2357352006063	0.0	596.4237077045653	1490.1806419571362	0.0	519.2229209338329	862.5623803106163	0.0	523.7107397283002	1078.2287693810829	0.0	540.6056958523172	1159.805365588611	0.0	548.6399268587494	1366.4763991648313	0.0	513.1127690766035	1346.731722936763	0.0	544.1032797243613	1260.3754998077766	0.0	578.4531280664579	499.42464532919325	0.0	571.2813665394622	388.79816017856706	0.0	582.3941177023282	452.6089366012058	0.0	693.7664834705337	535.0591224148659	0.0	768.7860831077039	720.9278115449856	0.0	781.5479267377317	830.0822000859057	0.0	463.1970253716984	528.3784190429337	0.0	402.0381943627819	707.0509733002309	0.0	400.84683073560194	730.9801115733566	0.0
107	3.5746636771300446	586.1020045751952	851.7130785688623	0.0	656.617913047908	862.2988766190591	0.0	633.0718507628778	1157.1271444065446	0.0	603.5976817291258	1447.286756267747	0.0	572.5696499285486	1500.1052718342216	0.0	632.7649717840012	1514.7767769580253	0.0	597.5701389346311	1487.0731237514053	0.0	519.0367163023772	862.109513238009	0.0	523.7044565009359	1077.4866323507501	0.0	540.4644592254757	1122.3607131896824	0.0	549.6185199139699	1370.9249889511407	0.0	512.3516596638442	1345.8879482269726	0.0	543.9113328523929	1267.7819205878507	0.0	573.8913311462078	501.3149803184332	0.0	565.889334256766	389.1373550379349	0.0	577.3769644749234	452.759237433091	0.0	690.6799782149966	535.4616417671078	0.0	763.9127526604751	718.760809954344	0.0	776.9452179015353	828.7846684954957	0.0	458.1768297790608	531.5143521850061	0.0	400.00156099840683	709.4761826192672	0.0	401.75764712638494	731.2470780213132	0.0
108	3.6080717488789236	584.1797519768066	848.7698474611412	0.0	654.262189519237	859.718714626141	0.0	632.7590814435333	1152.6412932994983	0.0	604.1512769297992	1440.5579465312537	0.0	574.2733956764777	1497.7989408225378	0.0	632.7000641179574	1509.7332481906228	0.0	598.5364138578068	1480.9471079027662	0.0	517.7986274466409	860.9112724544755	0.0	523.4947895820782	1073.9905661932464	0.0	540.4147442537994	1108.6119232755652	0.0	550.629271100989	1374.649477704156	0.0	511.14736646881437	1348.316766881291	0.0	543.7862581310318	1274.5362426711488	0.0	568.8378716201746	501.7898856453863	0.0	560.459331485851	389.40214509679777	0.0	571.7183708534117	452.86224827059016	0.0	687.2223926680944	534.4168535005953	0.0	760.1781847962135	715.178133102324	0.0	772.9355259183749	828.3711881643807	0.0	454.0203425965839	532.9115809972667	0.0	398.2438507145907	711.6014739125056	0.0	401.64674105913406	731.3872100865971	0.0
109	3.6414798206278025	582.2007215790395	846.5711460489273	0.0	651.3733131669229	857.8775293022237	0.0	632.7233411651356	1147.3222311985837	0.0	605.5524738293385	1433.8216697302178	0.0	575.8888361043245	1489.9214364747827	0.0	632.5398314220398	1501.8299519359073	0.0	599.7207969590141	1473.2810691260993	0.0	515.6655976183791	858.9883143846998	0.0	522.3838964566072	1070.0137726494752	0.0	540.2687597513133	1103.1189155505572	0.0	550.4132667087223	1368.7978835669126	0.0	509.86093813765603	1347.4161541026938	0.0	543.597124065679	1260.338782476948	0.0	564.2684895768732	500.696165923165	0.0	555.1009993054887	389.76911794866663	0.0	565.6437311602223	453.07881237577135	0.0	682.9637675518331	532.2936041021898	0.0	756.8863248529303	712.2122099363789	0.0	770.6942094138285	828.6965949189882	0.0	451.4404316189112	534.0727584135063	0.0	397.0423387218612	713.6322615646607	0.0	398.9003938544294	734.0277609327494	0.0
110	3.6748878923766815	580.5392673988274	844.7333523602999	0.0	648.4329281077436	856.503683515128	0.0	632.4689681943078	1141.6888280128935	0.0	607.0279235856417	1426.44478818956	0.0	577.1653583760321	1481.9569933360676	0.0	632.3005495330178	1494.0136350705372	0.0	600.5427166019678	1466.0972981959587	0.0	513.2585052081005	857.1776428764853	0.0	520.309888320137	1067.9873387752664	0.0	539.67513711943	1097.1222445152857	0.0	549.6347293443897	1359.998950574179	0.0	509.55819727350325	1340.5747997902495	0.0	543.2813221083883	1208.310435583626	0.0	560.9584002106077	498.80693272084005	0.0	550.3591943715758	389.8077550714074	0.0	559.3770270137597	453.3169014664912	0.0	678.7190772234075	531.1861583797868	0.0	753.2275003908061	709.9493969873233	0.0	769.9409970766756	829.0265097752756	0.0	449.7866092134513	535.1444524387529	0.0	396.14110488262395	714.6697929285474	0.0	394.49284714538965	734.76834363819	0.0
111	3.7082959641255604	578.5105659585683	842.6401392680442	0.0	645.2971085658867	855.0901652927937	0.0	632.0155226044088	1136.1628196948946	0.0	607.6025509396069	1416.4352089837546	0.0	577.9966234419722	1479.969698528901	0.0	631.9724087688742	1489.2731998282723	0.0	599.743107132845	1458.8646463938226	0.0	510.701058156127	856.105252015758	0.0	517.7177632284734	1067.8994748951477	0.0	538.6816059471491	1092.7649041791128	0.0	549.5805286048342	1358.1178071361803	0.0	510.5457348866857	1332.5645582737516	0.0	542.9814215640046	1137.370467758991	0.0	558.7768883698661	497.2927005198678	0.0	546.3494690188948	389.48562717023196	0.0	553.2722600384504	453.18976873020284	0.0	675.0821696386571	532.3803672758487	0.0	749.1806539516141	706.9920414912667	0.0	769.8031237632546	828.5424001751895	0.0	448.7567045337336	535.4940201577008	0.0	395.2765418998996	714.1792835916899	0.0	391.15267693600146	731.2640384633747	0.0
112	3.7417040358744393	575.1163679603269	841.4699928700855	0.0	641.4753533758875	854.6618032720187	0.0	631.9431029214622	1131.575980260277	0.0	607.7840093514859	1404.2896891430144	0.0	577.6788291122892	1481.9899362211604	0.0	631.0945098192564	1486.3739870946267	0.0	597.3949997808086	1448.5616578415509	0.0	508.040201696402	855.8352769262242	0.0	514.9704881098995	1067.6966266393429	0.0	537.208881376957	1091.999292141339	0.0	550.2497148940132	1355.1881434070112	0.0	511.97166981842736	1328.0547379617078	0.0	542.1165740483959	1088.1959439203424	0.0	556.5491780132998	496.3561365422554	0.0	543.1152063034274	389.0910010858541	0.0	548.5709854216431	452.66844324013687	0.0	672.2368852739434	534.4857094203958	0.0	745.5539198051783	703.6724722185409	0.0	769.9326196601617	827.9721462617613	0.0	447.5118989608285	535.3010908285509	0.0	394.09179300457566	713.6166873403386	0.0	390.3246476028872	727.4340101136713	0.0
113	3.7751121076233183	570.7790539046403	841.9225510324477	0.0	637.3103982915115	855.0866417258716	0.0	632.7394753605075	1128.6904220186452	0.0	608.8406814625866	1390.3829347825192	0.0	576.0729312397159	1484.196591486831	0.0	629.2181026838508	1483.701261828956	0.0	595.1364831233242	1432.2459953626776	0.0	505.81985534847206	855.2257659822495	0.0	512.5335395338528	1065.3629540594984	0.0	534.6747813630271	1091.2211604872318	0.0	548.9310372967757	1343.0648179148686	0.0	511.5171661662402	1329.5524111693637	0.0	539.9220262576098	1069.0855711468394	0.0	553.7350915363129	495.7457798050808	0.0	540.9190666266991	388.91605394860505	0.0	546.0253334519359	452.2575267431641	0.0	670.2442836692513	535.5368246417881	0.0	742.7635781162888	701.3552582817933	0.0	770.0632143167202	829.0838581011614	0.0	445.06436875395093	535.1781396383617	0.0	392.2805091429937	713.0038815899723	0.0	390.74045710248714	726.523561564747	0.0
114	3.8085201793721972	567.1167510492387	842.5685060187884	0.0	633.6916694652339	854.4547983351642	0.0	634.2316479258077	1126.059122060661	0.0	610.9203250347516	1371.9873394367448	0.0	574.6564044550937	1486.4034235358451	0.0	626.8365540464922	1481.079779845978	0.0	594.1656965169578	1409.7382124618503	0.0	504.3640441191317	853.3748093242373	0.0	510.8441203289436	1061.847275074679	0.0	530.6299631768355	1090.5560964805397	0.0	542.6446265577773	1336.4458429304163	0.0	506.80010475605434	1342.2419031731843	0.0	536.670349223189	1063.1804897395577	0.0	551.12799595019	496.27636148576386	0.0	539.6584073077072	389.13229490468996	0.0	544.4373990631644	452.60572015708004	0.0	668.5689563247722	535.3784371664373	0.0	740.1955399965998	699.7851843422027	0.0	769.7808185524187	831.7027525634117	0.0	442.0887393134777	535.9937286227183	0.0	389.65205675841577	711.6856509066287	0.0	390.8730608352766	727.3089086511701	0.0
115	3.841928251121076	564.6653392766173	842.6959115336584	0.0	630.6927336377591	852.727112286504	0.0	635.744272270795	1120.9861054282774	0.0	613.0000482417495	1347.7398967090994	0.0	574.45019721915	1485.5079737564763	0.0	625.2105462558228	1474.887355989358	0.0	594.4294419572177	1384.2286936653384	0.0	502.8067232879022	851.3517693345477	0.0	509.60636397019465	1060.2395491178045	0.0	525.7957854991865	1096.1235583540777	0.0	533.0640545605542	1348.3097281272965	0.0	499.1924368641806	1364.7082648273197	0.0	533.441236776339	1072.3770938248365	0.0	549.0888153023607	498.8612746174052	0.0	539.3915290154054	389.54622437383	0.0	542.6840741324885	453.9635182009406	0.0	666.444147920481	535.3091708431721	0.0	737.2616838367077	698.1518557844045	0.0	768.9672034885065	833.7008667923438	0.0	439.6162464643082	538.7429676440258	0.0	386.3095190994013	711.5843483750473	0.0	391.24054720363836	727.600487411431	0.0
116	3.875336322869955	562.3617249127971	842.9707609768498	0.0	627.5281058804484	851.3413064756797	0.0	636.9443733103492	1112.7374900809475	0.0	614.2473243235091	1321.7304235477056	0.0	574.2673951293217	1474.890747295056	0.0	625.65506805043	1460.453772649069	0.0	595.1981606860686	1360.1614400158123	0.0	500.2300991743501	850.2711105822543	0.0	508.4100935703656	1060.7632110944833	0.0	522.1586949686737	1106.2244395245266	0.0	525.9618010536433	1363.3825459705406	0.0	493.7148858647766	1381.5581762985948	0.0	531.4445156738605	1117.4991035822602	0.0	547.410552164124	502.49707733211136	0.0	540.1843378044481	389.9410263160803	0.0	541.5221225836577	455.79568147469297	0.0	663.5256503898953	536.1765310590547	0.0	734.1119092452839	696.781013166498	0.0	767.3669683128768	834.3211850752679	0.0	437.5665382312328	543.0477377429072	0.0	383.3849673831824	713.0141709951471	0.0	391.8895580803965	727.2345435205597	0.0
117	3.908744394618834	559.6835233981166	843.127972531657	0.0	623.9369773468818	850.0800182249807	0.0	637.6882208038767	1103.2073163229052	0.0	614.7704796512071	1300.6174274379732	0.0	574.5399100217119	1454.1871361490978	0.0	629.2432064547713	1439.5780050157728	0.0	595.8040935117698	1341.6059366087363	0.0	497.3879233082552	849.6363198932445	0.0	507.26407217256224	1060.3474831391893	0.0	520.833835837716	1111.9350094536817	0.0	524.1032848163468	1353.9557434336223	0.0	492.6221280026583	1380.7661556296277	0.0	530.9481388910989	1208.2508430865357	0.0	546.4927140288545	505.39577965393636	0.0	541.2621116358895	390.52082587185134	0.0	542.1195544289476	457.26162022408585	0.0	660.3178869852728	537.6173890476962	0.0	731.0715235011339	695.7844261214358	0.0	764.526935351365	834.0776657522994	0.0	435.8593426575951	546.9427166472963	0.0	382.148755115701	713.2533705570154	0.0	391.25096522695833	726.6583358555558	0.0
118	3.9421524663677125	557.692635676317	842.4096502279333	0.0	621.0328867862769	848.5246461627253	0.0	637.26753122994	1094.7523951673859	0.0	615.1081078649207	1288.460586140878	0.0	577.5343201875628	1430.1670957157944	0.0	634.9879582576692	1418.2814266831851	0.0	596.0625597154633	1331.239776407339	0.0	495.5768103663434	848.8906474274553	0.0	505.6376584974197	1056.8693810333934	0.0	520.3369972676452	1108.530993712968	0.0	524.6871042328725	1311.6161984247497	0.0	492.7018635908815	1366.767237058603	0.0	530.5263708520972	1312.686321952835	0.0	546.4677232490653	507.1668498070574	0.0	542.0306728150988	391.56189924145133	0.0	544.0849915032019	458.2424716207419	0.0	658.1127190810718	539.116130493143	0.0	728.4096450535588	694.4291829016217	0.0	761.1309252345261	832.6800895648807	0.0	434.89750520768933	548.9968508908232	0.0	382.17743524612985	712.4330282165668	0.0	389.44110164300247	725.6007355954235	0.0
119	3.9755605381165915	557.1428934081473	840.8233397815948	0.0	619.7116070164512	847.3375337619882	0.0	635.375036580333	1088.2317550355165	0.0	615.2810656316123	1284.7916391237254	0.0	582.0370510442035	1408.4578118187192	0.0	638.7823250729211	1399.7533978181466	0.0	596.1398433269673	1328.233742406536	0.0	494.7621619353265	848.1790828135642	0.0	503.1517832301268	1051.5628172634622	0.0	518.9799485888449	1098.5760490254836	0.0	524.9114821376454	1265.4865085533986	0.0	491.37271809034013	1352.2218642140847	0.0	528.713922486766	1376.5104165512462	0.0	546.6096561017557	508.1749849365054	0.0	542.8121925833103	393.1301632809461	0.0	545.8277831592318	459.4510268052027	0.0	657.2135416654434	540.6917413295442	0.0	726.2748047779339	692.6661638807836	0.0	758.538677663775	830.4074953380023	0.0	434.77527173467985	549.5467761724957	0.0	381.9865217068887	712.4968941703473	0.0	388.21877262774933	725.4775004780338	0.0
120	4.00896860986547	556.9676904733557	838.3200869443876	0.0	618.9767185431366	845.7913538880168	0.0	632.9911143216599	1082.554492266722	0.0	614.9696051331359	1286.1581355355827	0.0	585.3629329101351	1389.4873291129707	0.0	638.2316280972034	1383.3355726373738	0.0	596.7767376754236	1328.6290597209522	0.0	494.37693005965133	846.8663559390674	0.0	501.1391793538309	1047.7345923654502	0.0	517.5651154918742	1090.859469356328	0.0	525.2193679957232	1245.971230042959	0.0	490.4036023074764	1345.1570086535485	0.0	525.8771307066361	1382.2214299827501	0.0	546.4567121041304	508.55136858744453	0.0	543.8588374171921	395.21526735460213	0.0	546.352808953043	461.2117950252442	0.0	656.4441801704303	542.2471103004788	0.0	724.0410992479464	691.1838479801755	0.0	756.5113416924137	828.7101265428372	0.0	435.16004751664434	549.7594052267964	0.0	380.7242114250524	712.2662571353524	0.0	388.10306843457874	728.9584278302161	0.0
121	4.04237668161435	555.9916910042872	835.0215281380491	0.0	617.9469110305662	842.856193965353	0.0	630.953708120837	1076.2393039112908	0.0	614.4503425652359	1288.631595271849	0.0	587.9024743246185	1371.42463229602	0.0	635.7693580052876	1368.0379953030556	0.0	598.872543328708	1328.9570266347014	0.0	494.42668355796593	844.2561005807851	0.0	500.9700450519543	1046.5662707930126	0.0	517.1651443263675	1089.9198675945436	0.0	526.6814982685189	1235.3595382091949	0.0	491.56701525068075	1339.9828242251062	0.0	523.275930737156	1339.780892153613	0.0	546.0848451319077	508.97420163039266	0.0	544.8556991196947	397.8243615447347	0.0	545.9998931004923	463.32439021861313	0.0	655.1275140930701	543.3318952833359	0.0	721.0319510025214	689.9437064447291	0.0	753.9845698994002	827.7921765941135	0.0	435.694052984533	550.2660264119979	0.0	378.8745962093896	709.6883826387285	0.0	388.162555086752	734.9017329957577	0.0
122	4.075784753363228	554.930803500067	832.3203833317638	0.0	617.6492605028163	840.1352480930666	0.0	628.869259006366	1070.3478382180242	0.0	614.0452626605905	1290.0101993432158	0.0	590.2384872052504	1355.4228775450122	0.0	633.8848890909874	1355.3249565778676	0.0	601.7427056811281	1328.570123998232	0.0	494.91577899521997	841.7414433012467	0.0	502.17905597112303	1046.5489412575678	0.0	516.8034157844573	1089.6070401455884	0.0	528.1055766410765	1214.7323644308865	0.0	493.0208305678845	1322.8510965348455	0.0	521.7294728587021	1252.6961054606732	0.0	545.5901530237459	510.4833844970021	0.0	545.8036773378012	400.69387581580054	0.0	545.9368895476232	465.90434757560416	0.0	653.526419809544	543.9656896079406	0.0	718.1043902560826	688.0996844031094	0.0	751.7655269504432	826.3412130821876	0.0	436.25121393524	550.9106362156431	0.0	377.8968426069197	705.6459587268773	0.0	387.7640880694525	739.4241779003848	0.0
123	4.109192825112108	555.1908701538352	831.3945476693228	0.0	618.752055510776	839.3557090505038	0.0	626.2605857068033	1068.0000863255573	0.0	613.3612405498146	1290.4802714779541	0.0	590.7784177688219	1343.1673247225654	0.0	632.3287977353127	1346.2289367893948	0.0	603.6122329330469	1328.2816025299462	0.0	495.5859495895596	840.7926827379504	0.0	503.71617518132115	1046.7067544511233	0.0	515.8241426482037	1086.985465695063	0.0	527.8241305300235	1213.0363027749513	0.0	492.6173817643778	1293.4434747829248	0.0	521.7997904628181	1150.676886378448	0.0	545.1998253950205	512.9094520624343	0.0	547.4396837597577	403.2658240955634	0.0	547.0393993606443	468.72653451433024	0.0	652.0093298629567	544.7479700449061	0.0	716.5814801930834	685.4126810073084	0.0	751.3866015448745	824.0117210621513	0.0	436.9623815681796	551.7356453921856	0.0	378.29520082552557	703.7719124957719	0.0	387.74929948452177	741.712819541552	0.0
124	4.142600896860986	556.7651865333086	831.6636464723832	0.0	620.1531763201239	839.5229187785167	0.0	623.7398955284477	1070.0824794935413	0.0	612.3930568695024	1290.472050251998	0.0	588.8540683265692	1330.8094076400216	0.0	630.5718208840109	1337.1990696906432	0.0	604.3660435937016	1327.1000387240606	0.0	496.5121281268888	840.4186790546125	0.0	504.8925923476872	1045.628660232245	0.0	515.133534177513	1086.672557348357	0.0	527.3019035362012	1236.7931949548688	0.0	491.895157811933	1263.4711916950853	0.0	523.093135408286	1087.0985049286965	0.0	545.4690183458969	515.2985980183612	0.0	549.7596681464787	405.74645723108966	0.0	548.8598122789653	471.16009224271403	0.0	651.0099940332921	546.2388977755423	0.0	716.3010377344696	682.7782981899938	0.0	752.2100334556328	821.9072826631275	0.0	438.18258353824046	553.3789211249572	0.0	378.8590641290866	706.382403619964	0.0	388.8623148483412	743.4924826959493	0.0
125	4.176008968609866	558.5214699455928	832.0132162826593	0.0	621.0448216941122	839.2301624666505	0.0	622.1729679242899	1073.976067148832	0.0	611.6429521933934	1288.9008166138353	0.0	585.833898449934	1315.9065385293873	0.0	628.6911490489862	1325.5412762317517	0.0	604.9875222380222	1323.1254434912353	0.0	498.0872741611208	839.3376653180751	0.0	505.14325285019936	1040.8770346139825	0.0	515.0736870521329	1087.4385260681886	0.0	528.5434139253282	1231.9918479387284	0.0	493.0586051327794	1225.5737284869376	0.0	523.979660725972	1074.015163666969	0.0	546.7960307645045	517.9313219729735	0.0	551.6444089795968	409.0037694079107	0.0	550.5403498554426	473.4823928337292	0.0	650.855853213202	548.6813346649074	0.0	716.6323782389582	680.8804603778136	0.0	752.6509032726921	820.4994907277589	0.0	440.4329974601873	555.8687505895386	0.0	378.9526431925321	710.7081192128337	0.0	390.17078470465043	744.9402440832437	0.0
126	4.209417040358744	559.7307196504885	831.9672448014362	0.0	621.8482202942907	838.7345830390406	0.0	621.3502770597108	1076.6116428313576	0.0	611.0337341567108	1285.2144682827536	0.0	583.1153730943684	1304.278493228899	0.0	626.7716162264417	1315.2842346095529	0.0	605.3014507443415	1317.8386446607794	0.0	500.3189050791876	837.784522128119	0.0	504.9390318468515	1033.8037002769545	0.0	515.1504897675574	1083.5575371279276	0.0	530.5339905044568	1176.5044760741032	0.0	495.4567999589155	1168.9913355227388	0.0	523.4580988665541	1079.8375129114597	0.0	548.8065394026768	521.7820608535732	0.0	552.9582834844736	412.866125390709	0.0	552.3033221047306	476.43357958116815	0.0	651.5147785923976	551.579568685348	0.0	717.9560554969459	679.1178590969308	0.0	753.0051827194376	819.5140222679036	0.0	443.867569785126	558.0704965344092	0.0	379.9668566131435	712.3529370120776	0.0	390.78374197227186	744.4548978258274	0.0
127	4.2428251121076235	560.6121630674332	831.46656751356	0.0	622.9257272562901	838.2287211131928	0.0	620.7163930334467	1077.1865957840278	0.0	610.4960239557175	1281.1958640733546	0.0	581.4653182359214	1300.319249201336	0.0	625.1215443697397	1310.9778837957772	0.0	605.0747120728694	1314.498710299271	0.0	502.7357622451654	836.0601425277263	0.0	505.7536755503892	1029.1346247413144	0.0	515.4477295275715	1075.91761554776	0.0	531.6171788998669	1119.7631597469358	0.0	497.42460104524855	1117.0862901740543	0.0	522.3779572082831	1079.3747214764912	0.0	550.8467164607715	526.0870066495514	0.0	554.8370128952309	416.5393085714697	0.0	554.5638091860989	479.66958395930317	0.0	652.5984884013454	553.8873421453117	0.0	720.5572576179686	676.7363851017135	0.0	754.349208727616	818.9769207592975	0.0	447.88419734849066	558.9257712415792	0.0	383.41072493854966	711.1424174591936	0.0	391.5052235074132	741.2588787676411	0.0
128	4.276233183856502	561.6673685714718	830.7579637161541	0.0	624.2574772558639	837.1823812075837	0.0	620.6703604348006	1076.7764609064834	0.0	610.3467910144916	1278.877101882398	0.0	580.6378326716978	1301.336635410558	0.0	624.1112568201141	1312.12636744569	0.0	604.9013087133042	1313.295808597553	0.0	504.97710218880866	834.2615557747176	0.0	508.0621612652278	1027.5378388895417	0.0	516.6569505915282	1068.6557219638305	0.0	531.7353356213195	1096.1202217386265	0.0	498.1283472159795	1094.5770136430283	0.0	522.800140272964	1068.7420140289516	0.0	553.1132130434712	528.6550223390882	0.0	557.7536969260983	420.1238287162642	0.0	556.9492127624985	482.1466944222442	0.0	653.7899635814687	555.1536105741069	0.0	723.642250050612	674.332587318306	0.0	756.0426991950303	818.4528629899481	0.0	451.69282255610943	558.4969851493463	0.0	388.5344361796097	710.1735419178839	0.0	393.9790710011687	736.9901660537744	0.0
129	4.3096412556053805	562.9362359181529	830.0184587590727	0.0	625.7320776225006	835.5630924185231	0.0	621.7846951667386	1075.8707159345981	0.0	610.5765148374379	1278.381891271284	0.0	579.5390655941723	1303.879120523816	0.0	623.6814512462133	1315.6664864550194	0.0	604.879751553534	1312.3197332800498	0.0	507.08867063890074	832.8410497008668	0.0	511.15510801376405	1025.74806314292	0.0	518.919995959112	1061.0566961204852	0.0	531.8263084117443	1089.0388729099056	0.0	497.883012576893	1092.1151684963718	0.0	525.5000260149037	1051.475263305715	0.0	556.2633644907172	528.705406899856	0.0	561.2156492640635	423.72911266825236	0.0	559.4365062250125	483.78902523964274	0.0	655.5248199292615	555.7176414850866	0.0	726.3592702322608	672.9457209010446	0.0	756.920153732662	817.3367686182672	0.0	455.25799340902125	557.7035534893973	0.0	393.60802597384424	710.2125947564949	0.0	398.4865524478792	733.4229582213213	0.0
130	4.34304932735426	564.4589336108406	828.7307181570577	0.0	627.1718594017532	833.6572604682998	0.0	623.4906141935452	1073.8864508424017	0.0	610.8850072377892	1278.40752975508	0.0	577.9184392749786	1306.1712822765535	0.0	623.489278366278	1318.2881979919364	0.0	604.5947114134188	1310.7953144617024	0.0	509.3768720429414	831.67729154892	0.0	514.6564211330118	1023.1454152818826	0.0	521.3548745949041	1051.0435054517895	0.0	532.5215247804657	1082.9537703919812	0.0	497.8505807114706	1091.2546807621122	0.0	528.7031241750786	1032.453136315272	0.0	560.079109655064	527.6627629436277	0.0	564.7243685176207	426.2533045559287	0.0	562.5943022774613	485.2549564704889	0.0	658.4198132070375	556.0326207319132	0.0	728.7976398859598	672.4751096809489	0.0	757.3602001746232	816.117859024878	0.0	459.21224765256443	557.4128936850927	0.0	398.77730209290905	708.2597688642029	0.0	403.1853357571099	730.0057645893339	0.0
131	4.376457399103138	566.7942118201073	826.5416180940749	0.0	628.6187678729382	831.8018736580835	0.0	624.6898883217742	1071.2185103032773	0.0	610.9253212418062	1277.796748937591	0.0	576.9088184903031	1307.3201393695465	0.0	623.5458034085218	1318.3026583922858	0.0	604.0827855804	1309.0573899187848	0.0	512.0079508317393	830.0043490229749	0.0	518.0812012416338	1020.967690609832	0.0	523.1290845751134	1041.580864993638	0.0	533.1947227326513	1080.1225011291851	0.0	498.62935965642396	1087.4872702465707	0.0	530.6925136600476	1017.6412642494735	0.0	563.8216284621778	526.9804523244626	0.0	567.7803708560472	426.6043766447395	0.0	566.1585848911668	486.33798980723634	0.0	662.2264137173764	556.263512896047	0.0	731.5689096502254	672.4420106004479	0.0	757.8172554910127	815.69051376124	0.0	463.49237535879075	557.4738693332391	0.0	404.98839228640804	702.7045354706735	0.0	406.5164328763004	726.7558037461267	0.0
132	4.409865470852018	569.879168749562	823.8464070045989	0.0	630.1711079104175	829.810687893862	0.0	625.3785742120398	1069.5987380534555	0.0	610.6983399175112	1276.623771848728	0.0	577.5835612461083	1307.7484516564891	0.0	624.2279552349335	1317.0477492166208	0.0	603.78691923351	1307.6799464739668	0.0	514.6934602462236	827.1505299588179	0.0	520.2797401965558	1017.7033647323301	0.0	524.3299440589757	1035.6724969277773	0.0	532.9004055804601	1079.712933171234	0.0	499.63457883548284	1082.7668752500294	0.0	531.2274964161779	1005.0864380199093	0.0	567.1722194216499	526.6415078159237	0.0	569.8672393755932	425.5115922773341	0.0	569.1884456750802	485.97569592957944	0.0	665.8814394632843	555.9563849555516	0.0	734.586379504145	673.0911588267697	0.0	757.2479660682678	816.1286096335864	0.0	467.2795012729501	556.6146184788878	0.0	411.78548260329393	696.2503308863971	0.0	409.10798897287583	725.8267604338719	0.0
133	4.443273542600896	572.5310233548176	820.525812111183	0.0	631.7332813181506	826.5499778492559	0.0	626.5601421909456	1069.6060810025263	0.0	610.7737716749441	1275.6167785334826	0.0	579.7514420290204	1307.9323180424594	0.0	625.5778715201975	1316.4459402669263	0.0	603.8606110550231	1307.2971137646455	0.0	517.1568643244208	822.811510995244	0.0	521.3058910511647	1011.3552247276018	0.0	525.3438644176284	1030.8321091521252	0.0	531.3732937980059	1075.5555354327564	0.0	499.97945815273937	1076.449124153291	0.0	530.6252967581482	989.1519005138653	0.0	570.0947978042432	526.048636971351	0.0	571.2921201363281	424.6563177660521	0.0	571.4812962470959	483.6830495363354	0.0	668.4843317651188	554.6847592514124	0.0	737.1117482018957	674.5553817785324	0.0	755.1984007940177	816.6842407328154	0.0	470.7037970122993	554.119908875743	0.0	417.97226554009865	692.0742803364697	0.0	412.3002694950312	726.6134426811838	0.0
134	4.476681614349776	574.3118707833308	816.4007815123725	0.0	633.2484275684486	822.4732355363368	0.0	628.3446097766972	1069.7780530811453	0.0	611.0875980862925	1274.9927133998046	0.0	582.4587754721156	1307.7673969430496	0.0	626.9203593313064	1316.6230079365093	0.0	603.8796422401942	1307.844887562246	0.0	519.6042544179742	818.0293977159185	0.0	522.4665418155598	1003.8861503693425	0.0	526.2788060289633	1025.8058015933245	0.0	528.4413562215717	1067.2972876274239	0.0	499.7197660459409	1069.4131219675191	0.0	530.2363021416605	981.078652092216	0.0	572.8387005025983	525.4366033254478	0.0	572.9520017910453	424.5140627914287	0.0	573.7923694892278	480.90814310737454	0.0	670.552707479373	553.2146215552876	0.0	739.2507606523121	676.3903605901548	0.0	753.276022347343	816.7342520717143	0.0	474.57763396825965	551.1359087579385	0.0	422.5238715737483	690.6037598411831	0.0	416.1151210470516	724.7412777574117	0.0
135	4.510089686098654	576.2165152375725	812.9294157565987	0.0	634.8246732596047	820.2380311855125	0.0	629.5722963118832	1069.0130382342163	0.0	610.7999096904322	1274.6675571806425	0.0	584.0436185527948	1307.7185013001958	0.0	626.87155457859	1316.7980152208931	0.0	603.3914549853748	1308.2283329901697	0.0	522.2164801666867	815.0894112042753	0.0	523.8914932209824	999.0038191417991	0.0	527.2703095537656	1025.3704095772953	0.0	524.6079002066634	1061.4174591013436	0.0	500.0391733857932	1066.3046811912375	0.0	531.6986552337077	997.9571178999709	0.0	575.7953772982808	525.4272549071272	0.0	574.8027085271359	424.57872651674876	0.0	576.6197803581525	479.6596184538048	0.0	673.3779458351484	552.6389193060453	0.0	741.805116733412	678.7803827658576	0.0	752.4808455680849	816.3631725943864	0.0	478.65591355391183	549.2452977460002	0.0	425.3192435233475	690.774299278866	0.0	419.82539313749186	718.522909258072	0.0
136	4.5434977578475335	578.6190288205939	811.6834281374161	0.0	636.5607310125262	820.5599009971203	0.0	629.7109645425435	1067.8692543621125	0.0	610.0821712184901	1274.6847644084485	0.0	582.3651771347854	1308.4408298449173	0.0	624.4535366280014	1316.7018168520447	0.0	602.5964164312576	1307.767283166232	0.0	524.7739066621917	814.7987736887684	0.0	524.7845219233175	997.268803921606	0.0	528.342726979838	1031.71954487077	0.0	522.0013703083698	1061.894381388911	0.0	501.4647996375039	1071.537025227604	0.0	534.2247307388653	1031.2357676936726	0.0	578.8425123021696	525.3575180814881	0.0	575.9374955957119	424.6530266507073	0.0	579.1302472486389	479.24301017880254	0.0	676.7725458475488	552.9897391053078	0.0	744.7817262014132	682.5168270322381	0.0	751.6622861097259	816.0012893661403	0.0	482.3751847255438	548.6489881801289	0.0	427.5133632432683	691.7425937092955	0.0	423.6782248608419	710.6289674550716	0.0
137	4.576905829596412	580.7918678461086	812.1408480426907	0.0	638.4895344270327	821.2084739535356	0.0	629.4916735268143	1067.2831722273224	0.0	609.7271955817758	1274.9692664853637	0.0	578.1871451472512	1309.4550717123022	0.0	620.7741700693363	1316.5456075622305	0.0	602.1146214549182	1307.3273177657043	0.0	527.0271745114212	815.7475750433501	0.0	525.2360845651897	996.2901273922781	0.0	529.071010337057	1039.5618748261816	0.0	521.5981824464732	1063.5508018925784	0.0	502.34505703729684	1096.2186641719686	0.0	535.5140626518473	1055.9786214956766	0.0	581.5407912835475	524.4664991786958	0.0	576.2082169702671	424.85469803323093	0.0	580.5919813148856	478.1133953883771	0.0	679.6042761978815	553.7506937701944	0.0	747.6170000926953	687.0886397819735	0.0	750.0878989324297	816.0566818113705	0.0	485.8762087962985	548.4847997621548	0.0	429.9860212199547	692.4991205853364	0.0	428.46456547255644	703.8504761926791	0.0
138	4.610313901345291	582.7457612410002	812.395768539042	0.0	640.6279359513884	820.4789188954309	0.0	629.5254155339885	1067.171790152366	0.0	609.3972234599426	1275.2476748123468	0.0	575.748119411636	1309.5219800201974	0.0	618.0228540880859	1316.122622738942	0.0	602.1790088041098	1308.1281502775662	0.0	529.0425298212073	816.4445382501575	0.0	525.8182787061392	993.5137249383405	0.0	529.1916570613553	1043.1744285030165	0.0	521.2713819374195	1058.5014858246473	0.0	500.7971849743199	1152.679950632978	0.0	535.0862712664215	1061.9909366974746	0.0	583.9251314452152	523.9814565340073	0.0	576.4904947743505	425.1569178758043	0.0	581.8435668328223	477.66180173489863	0.0	682.1138701547047	554.5855343668519	0.0	750.1829653372216	690.7561085924006	0.0	748.6381121405227	816.5638432612692	0.0	488.98840464331585	548.2516818172918	0.0	432.75104563659903	692.0566376373281	0.0	434.42728609385114	699.8582851644705	0.0
139	4.64372197309417	585.2467483629288	811.0122940738275	0.0	642.809912885739	818.2514371523879	0.0	629.781560501117	1066.7011593257291	0.0	608.6044836781408	1274.8418482929253	0.0	577.1297274491416	1307.9681604864404	0.0	616.9699704658268	1314.9007319105788	0.0	602.5524457177557	1309.4482131262157	0.0	531.3125045050219	815.7274490519293	0.0	526.5510467477903	987.6079764954951	0.0	529.1776142905678	1038.5353332185257	0.0	519.7962558440871	1061.0605340338054	0.0	497.9271781723273	1221.1289103397437	0.0	534.1817569204381	1051.3459189780017	0.0	586.5523118800605	525.0311807690639	0.0	577.492221819692	425.6053554565583	0.0	583.3798938021366	479.5717500872556	0.0	685.1586156167598	555.5109126930356	0.0	752.5802683792305	692.8580852930581	0.0	748.0663771974469	817.0287231113324	0.0	491.6778054315066	548.127671620914	0.0	436.0469861428779	691.1317902533431	0.0	441.21806196753226	699.0660386653625	0.0
140	4.677130044843049	588.3166068619968	808.6806336950935	0.0	644.8688541724797	815.2089960809344	0.0	630.2824759516844	1065.8565026769743	0.0	607.972915407354	1272.9548603505618	0.0	579.7886417318441	1305.274008731557	0.0	616.8550396705214	1312.9418369812433	0.0	603.09849525642	1308.5594707163548	0.0	534.5443386182338	813.3062915804062	0.0	527.131998463519	980.9007246333799	0.0	529.7231596403915	1026.301977898152	0.0	519.255402284228	1105.9947767111116	0.0	496.91741696043823	1260.8051512884383	0.0	533.7671491527857	1029.36563014915	0.0	589.7906309522124	526.7090100432345	0.0	579.0720253593506	427.04662116156805	0.0	584.3742845028637	482.6012502643182	0.0	688.2338822330987	556.9554257033038	0.0	754.5446583206843	694.2635928926019	0.0	748.2717711739868	817.0661142807893	0.0	494.97139792494966	548.0031106203394	0.0	439.96062461673404	691.0709488188538	0.0	447.2918523059505	699.8222820541827	0.0
141	4.710538116591928	591.1457620410856	807.5723666736886	0.0	646.7373414512618	812.7187451737968	0.0	631.1293267452612	1065.379129372335	0.0	608.0179392912631	1270.270682479843	0.0	581.0737290468147	1302.8667979734244	0.0	616.8201835552715	1311.0454462388495	0.0	603.7450025651442	1304.8433191132685	0.0	538.5269967368457	810.9033552391509	0.0	527.4545204735841	977.9665723482694	0.0	530.6874252075103	1027.037267280749	0.0	521.3075278857472	1188.3764981194	0.0	498.8800673916285	1265.2942086614134	0.0	533.940500599766	1024.5567142872392	0.0	593.3093581999327	527.8123785447366	0.0	580.73649876416	430.1307729538409	0.0	584.9861424094931	484.6689540422488	0.0	690.2392831970332	558.8130338214834	0.0	755.661190031622	695.9882249968325	0.0	748.7702302986222	816.865628546635	0.0	499.08082179010466	547.5499493145866	0.0	443.9229546472276	691.5795964839958	0.0	451.0848831006689	700.3510763838469	0.0
142	4.743946188340807	593.0931043686403	807.9350232607876	0.0	648.0547985202458	811.6388894842092	0.0	631.8839987170977	1065.1054069392421	0.0	608.4165542137073	1268.8030138584052	0.0	581.470362329667	1302.0738414733173	0.0	616.7135549239024	1310.1125784584312	0.0	604.2243873390985	1301.5307068624647	0.0	541.4946860816344	810.0243955662928	0.0	527.6972069672046	979.3816079574832	0.0	530.9575190849648	1069.2609016533895	0.0	524.4098489286503	1253.216773362701	0.0	501.2403213688352	1260.9678173410339	0.0	534.2815586919354	1075.3625624681433	0.0	596.227314284534	528.1552025807958	0.0	582.3923087461263	433.1379491925804	0.0	586.3659346603512	485.13686397097257	0.0	691.3931705096319	560.1486663428818	0.0	755.8660503170344	698.5258085200543	0.0	748.8495420387422	817.0353241312221	0.0	502.59920904274514	547.0086553267653	0.0	447.5921340140306	691.8747164732047	0.0	453.3545412613388	700.5658359922594	0.0
143	4.777354260089686	594.1879444597557	807.7295103370636	0.0	648.5185168887236	811.3532398175206	0.0	631.8358861145845	1064.1604900148247	0.0	608.8123697996423	1269.043665773824	0.0	582.2840184765096	1302.7879439926471	0.0	616.7449122001775	1310.2765043194468	0.0	604.5759624796146	1300.732313371192	0.0	542.1667421305245	810.1401060065035	0.0	528.1905385804552	981.9886443651026	0.0	529.8323846684926	1141.1190470151075	0.0	526.1791098643328	1272.0450990199843	0.0	501.1964732954706	1263.2433161285837	0.0	534.4182989859712	1165.6247052921906	0.0	597.9511333618807	528.0729875596347	0.0	584.1786293826457	433.6974943815841	0.0	588.1964334955951	484.54395961654984	0.0	692.9851015869147	560.703926168115	0.0	755.4228495021979	701.4204466943319	0.0	748.0639880854609	817.9751156185544	0.0	504.80111082184027	546.697193142235	0.0	450.62600694090935	692.2046662831375	0.0	455.3977459499566	700.6998349647693	0.0
144	4.810762331838565	594.6730753283907	806.4409522748491	0.0	648.4000723691968	811.1772487217629	0.0	631.0742851292874	1062.541694445975	0.0	609.0381881023399	1269.5400612729413	0.0	583.2375321088715	1303.701872685333	0.0	616.8157257765776	1310.9029097785324	0.0	605.1630722283599	1301.0537311320056	0.0	541.561091320241	810.2966644872	0.0	529.2835835959593	983.5390753374097	0.0	527.9304352517923	1194.9600606249257	0.0	526.5561838424704	1266.6278468385028	0.0	499.84333139666256	1267.616234102932	0.0	534.1449923345303	1232.4379279994962	0.0	598.9367848655543	527.9543191933665	0.0	586.0251830298317	432.70288648396416	0.0	589.7092062367246	483.9682807411389	0.0	695.4924086865323	561.086527571646	0.0	754.7496149629022	703.444559095601	0.0	746.7192666983145	819.0511213883105	0.0	506.49485909051054	546.4182571372367	0.0	452.2653797248286	692.9182458198338	0.0	457.38159535926036	700.341598170918	0.0
145	4.8441704035874436	594.5649026484963	805.9598987829025	0.0	648.0453579303523	811.3573701189362	0.0	630.3485727787524	1061.0771307843313	0.0	608.9330358720325	1269.5665338701774	0.0	583.5360454286318	1304.0515336376302	0.0	616.9219256337967	1311.4206106826598	0.0	605.8101130438928	1301.1174350237743	0.0	541.2217726359016	810.2419321501009	0.0	530.9846790315099	983.728156451133	0.0	526.304208117432	1210.8617383317942	0.0	526.6780558367607	1261.6242208222286	0.0	499.61982267375663	1268.385346448859	0.0	533.2161910920427	1250.6677278790269	0.0	600.1347200630829	528.085963147936	0.0	588.0730125368408	432.5423415386436	0.0	591.7771881357885	484.26225828926977	0.0	698.1076806372859	561.5686128589987	0.0	754.3128801248597	704.4726896487567	0.0	745.13094050771	819.3882220086494	0.0	508.3150664098142	545.8941112901999	0.0	452.7971049554165	693.6287179871738	0.0	459.84947263336073	699.3338309396654	0.0
146	4.877578475336323	594.1742237820694	807.0644549184559	0.0	647.5491317502845	811.6509510140768	0.0	629.9491970691855	1060.0431957222559	0.0	608.6013172302779	1269.7029031824757	0.0	583.5440956149341	1304.2102993445885	0.0	617.7155668013655	1311.6059073334038	0.0	605.995502938665	1301.121766185762	0.0	541.3097865398719	810.0041282646454	0.0	532.6863373099096	983.224539804772	0.0	525.4082999395665	1207.951079356843	0.0	526.1276593930266	1263.3362578085682	0.0	499.59208990642577	1267.7016293481263	0.0	531.5543126359114	1245.8913885945833	0.0	601.9976739829009	528.4111097664354	0.0	590.6255461902446	432.74009300415446	0.0	595.1045141601071	485.2917427819231	0.0	699.9131212085127	562.1610453619352	0.0	754.2867493869709	705.8948213781069	0.0	743.2624442028081	819.1734023546547	0.0	510.01982707235175	545.4310578867799	0.0	453.68479615080116	693.734851567091	0.0	462.8839888469719	698.1635353596033	0.0
147	4.910986547085201	594.1226360188107	808.2636172498347	0.0	647.1061127431889	811.2250895134331	0.0	629.7572795702059	1058.989957419154	0.0	608.5513871204939	1270.2682266734619	0.0	584.2112453348954	1304.2910239488	0.0	619.5329134915899	1311.5015164076055	0.0	605.7828711943989	1301.4012746937267	0.0	541.5235013160185	809.7596149540735	0.0	533.8995687607706	983.3365527456392	0.0	525.0576802551606	1205.5010037386214	0.0	524.2392147602122	1269.2824355263247	0.0	498.06937797758656	1269.2411809710723	0.0	529.5134645326567	1242.5439029964598	0.0	604.2932457045176	528.5444313663072	0.0	593.3367507780086	431.93129385461987	0.0	598.5653437944027	486.466083419813	0.0	700.7279536698105	562.9044259960156	0.0	754.3060576293335	708.2688518666456	0.0	741.6087586004363	818.8298482445466	0.0	511.4232069079486	545.6282530151339	0.0	455.08111863736127	693.1573654196825	0.0	465.04898575173223	697.4615610977469	0.0
148	4.944394618834081	594.4711143522841	808.4470195661088	0.0	646.9482924268258	810.5615134965857	0.0	629.7744187474663	1057.9483412301645	0.0	609.0590994026602	1270.7863931120396	0.0	585.3110054000161	1303.619297162685	0.0	621.2102456398075	1311.409061257392	0.0	605.6262693856816	1301.8272808475003	0.0	541.9319493724057	809.79427770602	0.0	534.7949831549014	985.5966325800248	0.0	524.9202968536742	1208.0487295150529	0.0	522.3154298470638	1275.1521921922988	0.0	496.1061890058171	1272.672237265087	0.0	527.7816395616492	1245.6288818490386	0.0	606.4322947180985	528.3828882844548	0.0	595.5437901212404	431.40045099276415	0.0	601.0345309443777	487.43910078236996	0.0	701.1427990889349	563.6649349953962	0.0	753.8170446448345	710.4587161177632	0.0	740.9086100605248	818.2678808832243	0.0	512.7188519412325	546.2393021252689	0.0	455.73188290113836	692.4786012432885	0.0	465.53397699877985	697.4189819978628	0.0
149	4.977802690582959	594.9077077111681	808.0230726695198	0.0	647.1022037469264	810.7325041293177	0.0	629.9606475352654	1057.3405001140711	0.0	609.5581289416702	1270.6179895919252	0.0	585.8756878596038	1302.275938051869	0.0	621.3718486037093	1311.5845181910458	0.0	605.7303426818513	1302.2885013974358	0.0	542.4632559435217	810.1030301695068	0.0	535.5854937854288	989.6818823610831	0.0	524.8936363528275	1211.752057776711	0.0	521.3588392998121	1278.0387039502932	0.0	494.644355486098	1275.5737999287899	0.0	526.8592482710835	1250.3942958068135	0.0	607.9676424978682	528.5490924113564	0.0	597.0161628527318	432.5506442453709	0.0	602.8166427367122	487.874882428303	0.0	701.7783213450115	564.545255475531	0.0	752.852904934553	711.6003171465289	0.0	740.8957667221574	817.5503841838939	0.0	513.9470569427318	546.4548132138996	0.0	455.70228282545554	692.2143402936683	0.0	464.8430877552841	697.8168312711919	0.0
150	5.011210762331838	595.2923994881764	807.6636648566466	0.0	647.5770879114041	811.4356731947051	0.0	630.0171808616988	1056.9638309119139	0.0	609.3517290173032	1269.7837137647994	0.0	585.9577172969083	1301.4450389949952	0.0	620.4679353301872	1311.894215008877	0.0	605.9644418366488	1303.1073649689486	0.0	542.9070661251775	810.5964563386905	0.0	536.1478114354969	993.0715518023856	0.0	525.0819581496824	1210.2657847973433	0.0	520.3539176622437	1277.8450933503093	0.0	492.9251391788226	1276.5618966278648	0.0	526.9252109591863	1248.63358497167	0.0	608.7086029096895	529.7441269879503	0.0	597.7374119770725	434.13891061745164	0.0	604.3206138347541	487.57403964372503	0.0	702.4883152910021	565.7174798347742	0.0	752.1854045691155	712.2178211300347	0.0	740.7454023317922	817.1464974209881	0.0	514.6638391262045	546.3377766832264	0.0	456.12733149538354	692.2891133733285	0.0	463.43029885103056	698.4003079691541	0.0
151	5.044618834080717	595.4812258334513	807.6849756001666	0.0	648.4105557390029	811.9317083974504	0.0	629.6619005491078	1056.5154231847675	0.0	608.5844285923324	1269.0245426211825	0.0	586.2066611200984	1301.6275640859114	0.0	619.914003250199	1312.036148081118	0.0	606.044333900514	1304.2594409901994	0.0	543.3267393002428	811.3886595103861	0.0	536.4437512052817	993.6891554384592	0.0	525.9793951328792	1200.2811419332406	0.0	519.4678356156452	1274.5378518072268	0.0	491.7971223044665	1274.8479219447627	0.0	528.6387285680556	1235.018008005608	0.0	608.6501691690379	531.5904562820432	0.0	597.8268264296472	434.92862178228387	0.0	604.7885514461796	487.3363019395006	0.0	702.7602342346063	566.7775306754019	0.0	752.3284376627894	712.9742338904315	0.0	740.3170166983925	817.5185635539196	0.0	514.4697301137873	546.7161090333299	0.0	456.75018506546814	692.5482250533486	0.0	461.9697617619056	698.9698133699525	0.0
152	5.078026905829596	595.3992582698944	808.2011238097002	0.0	649.3202294131943	812.3413663165661	0.0	629.1945166328405	1056.2751756560874	0.0	607.979179839815	1268.8281254285876	0.0	586.6107111770492	1302.0931698920645	0.0	620.0023890581301	1312.0175120391289	0.0	605.9196660869962	1304.3534194913595	0.0	543.9855630145802	812.1836737185846	0.0	536.8629575400583	991.5658273664379	0.0	528.5406242087842	1185.186656673609	0.0	521.6889073205209	1267.6087136621913	0.0	494.17875297026956	1268.9312244441135	0.0	532.5224747221522	1214.2930953827815	0.0	608.1131072324974	532.9438627856975	0.0	597.7470248747386	436.08994655581245	0.0	603.5801077796272	488.5432754021239	0.0	702.3616862217647	567.2438869896873	0.0	752.8704233775973	713.71198304483	0.0	739.8834386744873	818.6211370301361	0.0	513.8252808910144	548.1652337035188	0.0	456.2721414633469	692.7988685693547	0.0	461.4801056952483	699.6994767289527	0.0
153	5.111434977578475	595.1965411544755	809.0201074437281	0.0	649.6392881426963	813.21207410086	0.0	629.1211308657599	1056.623165067645	0.0	607.8948457489723	1268.7860833742034	0.0	586.859263294237	1302.2302756738982	0.0	619.9783845070866	1312.1241603970088	0.0	605.7546055019739	1302.3286208313366	0.0	544.7020556404945	812.5142023868664	0.0	537.6898078852288	988.4615790207741	0.0	532.7885191191167	1172.0158057621027	0.0	528.647549252394	1258.3078908930752	0.0	500.5352041650556	1258.9427337633122	0.0	537.2898454728539	1196.6530558898921	0.0	607.3548062777038	533.8495019745212	0.0	597.8172467650658	438.70756562311857	0.0	601.8565086956398	491.14674409763523	0.0	701.3123220473286	567.2231623202503	0.0	753.0305718485554	714.0530285402075	0.0	739.4293092657857	819.714673060897	0.0	513.3427467436169	550.5507712324962	0.0	454.5876144530204	692.5815770660471	0.0	461.63007679815996	701.0753607687419	0.0
154	5.144843049327354	595.0707030455308	809.5270401504871	0.0	648.9930108976215	814.7368081077349	0.0	629.3307589248102	1057.3168181313883	0.0	607.9778715114179	1268.6798501266126	0.0	586.986840002621	1302.2410602370735	0.0	619.8128627718988	1312.5978053194385	0.0	605.3227727423233	1299.7268271603753	0.0	544.694860241652	812.5553380426013	0.0	538.7208552417012	986.0422093955708	0.0	537.0440955062278	1164.0573257663295	0.0	536.6718792937342	1247.9712421127238	0.0	507.0249363833934	1247.7349955395075	0.0	541.0862199863307	1185.951276937043	0.0	606.1645761116575	535.7133240089541	0.0	597.5821105967652	441.44274399254783	0.0	601.0689866513167	493.6569946324324	0.0	699.931907185033	567.2777613564845	0.0	752.2079919862637	714.0378332671131	0.0	738.954363608418	819.5435825622385	0.0	512.6158854677128	553.0886295124077	0.0	452.94814089843254	692.5127945408356	0.0	461.3226262912	703.0395851351697	0.0
155	5.178251121076233	595.0950346407002	809.4415118842853	0.0	647.8379115518582	816.2309690971726	0.0	629.5561114226085	1057.6155066406075	0.0	607.9019280755841	1269.120064168221	0.0	587.0860430698359	1302.3665177845514	0.0	620.4455903449389	1313.4172807177267	0.0	604.2945320096917	1298.7477028241096	0.0	543.7049760809184	812.774688310721	0.0	539.8482237622451	984.5081613299183	0.0	540.0389225669358	1159.6882866635708	0.0	540.8763287002821	1237.3894602811192	0.0	510.31735769851184	1237.9960236952297	0.0	543.579014312154	1180.066700632102	0.0	604.3787870013808	538.5920675682743	0.0	596.1802257536169	443.03094307568733	0.0	600.5800310743276	495.24360075119813	0.0	698.5655214704472	567.7510561799636	0.0	750.3817298018449	713.8741881412565	0.0	738.7865078017525	817.5855283785153	0.0	510.99451568672333	554.9839754471776	0.0	452.10388875020624	693.9851432831749	0.0	460.929528790286	704.980389115551	0.0
156	5.2116591928251115	595.09609292338	809.8310574262543	0.0	646.9418855524459	816.9111501754195	0.0	629.9297096200502	1057.443079299298	0.0	607.9089391665261	1269.9609670181626	0.0	586.8858641132833	1302.4456955111016	0.0	621.8408573762931	1314.1738739414309	0.0	603.1915809418516	1299.2516809327128	0.0	542.5269665516435	813.7652761549888	0.0	541.0518321789071	983.3890322619181	0.0	542.1894066151542	1157.7632204639826	0.0	542.274847215369	1229.223961304738	0.0	512.0018188049647	1231.1637268203856	0.0	545.1162402467974	1178.088760847063	0.0	602.4375996535229	540.473982732836	0.0	593.5895029011929	444.44509710663976	0.0	598.988297973097	495.975972764213	0.0	696.9625315048534	568.3406345903471	0.0	748.5057143880033	713.4219527685036	0.0	739.0932260905086	815.4774905302935	0.0	508.948740008085	556.056031312397	0.0	451.65437861903337	696.2595378834504	0.0	461.3071576739005	706.560901356932	0.0
157	5.245067264573991	594.8268815802221	811.5592180148747	0.0	646.6426424271871	816.936987328295	0.0	630.4399145524068	1057.1432197627241	0.0	608.1588962845918	1270.0985226575558	0.0	586.1676989329875	1302.506445095474	0.0	622.8754047326587	1314.3939484804785	0.0	602.7896131607853	1299.8312775729187	0.0	541.9710625733378	815.7072037841119	0.0	541.9690438379437	983.0461095988053	0.0	543.923596208286	1159.1077803367882	0.0	544.7564725638899	1225.7382542635899	0.0	515.1377399147136	1227.945166592925	0.0	545.839444236767	1180.5613509656996	0.0	600.8900909082553	540.4947995046451	0.0	590.7818989978069	446.509175982502	0.0	596.3731269533744	496.2820678778175	0.0	694.8368122034863	568.7153260508057	0.0	747.3841780886324	712.6021642680192	0.0	739.4952613608426	814.9503884247175	0.0	507.4980901155895	556.9196691222365	0.0	451.241001255998	697.530465453032	0.0	461.83736668285707	707.5119650945757	0.0
158	5.278475336322869	594.3808308086082	813.4836163462184	0.0	646.7859571730626	816.8192338598575	0.0	630.6940495533569	1056.2494968544952	0.0	608.2996588796588	1269.027348145152	0.0	585.7846083402563	1302.6866495714446	0.0	623.3899636934494	1314.1273174894982	0.0	602.8572455050497	1300.0572744534124	0.0	542.0103545024563	817.5500372851768	0.0	542.3400754718308	984.933593777283	0.0	544.9326253436035	1163.1987981303703	0.0	547.7923921607494	1225.7677941167092	0.0	519.0699121770875	1228.0589713954669	0.0	546.5591558671458	1186.1694864994872	0.0	599.5427498223884	540.4755305500536	0.0	588.4446512318848	448.6394838378225	0.0	593.5667771095663	497.31872985542054	0.0	692.6175562308595	569.0378634569502	0.0	746.3723854010975	711.9545450830238	0.0	739.5667035200254	815.2333609914645	0.0	506.8208232119444	558.2086694695217	0.0	451.29384763758	697.8324532436874	0.0	461.504509708868	707.5005669488801	0.0
159	5.311883408071749	594.0654854950242	814.3621302828991	0.0	646.9824100596941	816.7863597477962	0.0	630.6534670285617	1054.6077112804057	0.0	608.0773915894908	1267.3400854853332	0.0	586.77845651313	1302.9670440399404	0.0	624.0478077874644	1314.0620754913014	0.0	602.7028648827443	1300.0971485802677	0.0	542.2059104048445	818.3969012884593	0.0	542.3344464988389	989.7532619246983	0.0	545.1969128301157	1167.7900723430098	0.0	549.0332384637501	1227.35986279918	0.0	521.3215683725156	1230.511775608775	0.0	548.275405061081	1192.1772514602337	0.0	597.8925258193009	542.0053652897781	0.0	586.5140587672629	450.47280359301135	0.0	591.157261605085	499.7451729369385	0.0	690.734826682368	569.5625322035628	0.0	744.5815827062082	712.061435628874	0.0	739.2486521129871	815.0456905136759	0.0	506.5373251162037	559.7583939719032	0.0	451.9712003261545	697.7238409757408	0.0	460.63882884399476	707.4814514705772	0.0
160	5.345291479820627	593.7887142906243	814.5265697792452	0.0	646.7436905685121	817.1389310987774	0.0	630.8284932155835	1053.2667394146233	0.0	607.7935681944343	1266.412128255517	0.0	588.2366963946193	1303.4107991630397	0.0	624.6317708511226	1314.6064058019317	0.0	602.231646476326	1299.7568144013567	0.0	542.451087007539	818.6621222391202	0.0	542.2334003902399	995.5079602623696	0.0	545.1788209295661	1172.046114516096	0.0	549.0701600090806	1229.6280435762787	0.0	521.55791050307	1233.7309718238532	0.0	550.3197607187735	1197.873785315775	0.0	596.0508895733851	544.1729241996092	0.0	584.5659516392935	452.02067879194936	0.0	589.5790410293179	502.47877978726393	0.0	689.1077758644965	570.4304466501416	0.0	742.315755134015	713.0170352725283	0.0	738.5846594560704	814.6583124350848	0.0	506.3484612997352	561.5595594009736	0.0	452.37314288826065	697.7337294103618	0.0	460.0041927156077	708.9964476412094	0.0
161	5.378699551569507	593.0768171530523	814.6791814297617	0.0	645.7286810305951	818.136849779147	0.0	631.343477336471	1052.6826369287432	0.0	607.8153774274012	1267.07621183312	0.0	588.6873154388649	1303.8814934646246	0.0	624.7380941872957	1315.2818699932634	0.0	601.6293570524425	1299.5783828272504	0.0	542.7416564067498	818.9983392175326	0.0	542.2252803930884	999.1705819871912	0.0	545.2558526589796	1176.5974875281756	0.0	549.3290364079135	1232.0267052605186	0.0	520.9748079748152	1236.411612203013	0.0	551.0837560779449	1203.7228573009468	0.0	594.293314784737	545.5906018645239	0.0	582.2787521583106	453.1206841688332	0.0	588.6867864332378	504.4453419324752	0.0	687.6181027046515	571.8173146448166	0.0	740.2396323449464	714.6200585147737	0.0	737.6379101101787	814.5980008590151	0.0	505.55025408711043	564.087705133898	0.0	451.77285865727833	699.4013800159776	0.0	459.4541502922253	711.8502913300952	0.0
162	5.412107623318385	591.7363339434866	814.9035009791852	0.0	644.1009041498986	819.2359547548567	0.0	631.6591345852585	1052.4764592663528	0.0	608.0021596606566	1268.4456372270436	0.0	588.4747289476061	1304.2292046441282	0.0	625.2149338923249	1315.7884844429211	0.0	600.9678059956394	1300.7418833609936	0.0	542.4330689398267	819.1947869442077	0.0	542.3346180651831	1000.0557904004937	0.0	545.4317116347644	1180.5288098393805	0.0	549.6218857122735	1234.1089772105584	0.0	520.2192082795723	1238.112116489666	0.0	550.6164956782324	1207.475812191113	0.0	592.4665479796471	546.635216031494	0.0	579.947523038789	453.72797289812297	0.0	587.9113950941519	506.06985154754494	0.0	686.1176940895272	573.651245670563	0.0	738.2177766447851	716.5645996442206	0.0	736.4435849598618	814.7314340634574	0.0	503.141639802538	567.2389204114037	0.0	450.309247836574	703.3047809696292	0.0	458.53226646819536	715.2483116986597	0.0
163	5.4455156950672645	590.205320824865	815.0618965411207	0.0	642.5196370615171	819.6321713190982	0.0	631.4561225945703	1052.8171300566619	0.0	608.0408350998883	1269.309176308526	0.0	588.2070502899126	1304.570551600355	0.0	626.5697879487916	1316.179278263444	0.0	600.475189363583	1302.4985672747946	0.0	540.9358197590918	818.7731747260724	0.0	542.3935998829496	999.5578012634252	0.0	545.3894684137441	1181.7532128653243	0.0	549.2899497350952	1234.7425444856071	0.0	519.496698166507	1237.8252090439767	0.0	550.1530361731621	1206.834941897001	0.0	590.4454954666334	548.0726246298998	0.0	577.7123129281592	454.2445351898962	0.0	586.4976400338587	507.8674352883625	0.0	684.1830316512552	575.3955781538705	0.0	735.7236050471514	718.2241873149743	0.0	734.8079802038458	815.0369672051194	0.0	499.3087252629898	570.2698258852633	0.0	448.5834937651784	707.4534275174574	0.0	457.11551476147525	719.2692593801654	0.0
164	5.478923766816143	589.2799659009618	815.1535722155977	0.0	641.7077815858015	819.5279537117041	0.0	630.9520035924827	1053.2813223301152	0.0	607.9128478379813	1269.7667505311072	0.0	587.6661864727643	1304.7489390234277	0.0	627.5594451385974	1316.0855334857124	0.0	600.3343005285441	1302.8592516667272	0.0	539.251093290962	818.3698916179479	0.0	542.1807784745696	998.5357754843191	0.0	544.723373362792	1180.2220286096986	0.0	548.5642669620131	1233.3261344322873	0.0	519.2146832403868	1235.2900702663778	0.0	549.7316773284871	1203.996296049592	0.0	588.2270636240662	549.4257979441298	0.0	574.712025613383	455.28899030631453	0.0	583.2061090568483	509.1991148948261	0.0	681.5757273831018	576.4110660336465	0.0	732.9256128684312	718.8306982375709	0.0	733.0262996326701	815.8778957252634	0.0	496.1370179835692	572.2112892528288	0.0	447.4738582959484	709.4250816548109	0.0	455.34055222303755	722.8508686749435	0.0
165	5.512331838565022	589.1760758023919	814.8390036600546	0.0	641.6199399844655	819.3712673744744	0.0	630.2199694446874	1052.2913235121612	0.0	607.662151996697	1270.1559307468196	0.0	587.1633233696945	1304.6696952266948	0.0	627.39552251182	1315.5614707369023	0.0	600.3989557865464	1301.6890351693894	0.0	538.763619666893	818.6734764636724	0.0	541.4786115276389	996.782628389578	0.0	543.2427204834919	1178.2532496968236	0.0	546.9635812438651	1231.3958803552498	0.0	518.7532837293176	1232.7944619963405	0.0	548.698150397494	1202.599699773158	0.0	585.7901339991076	549.7557889327668	0.0	570.4684707361606	456.4118883000318	0.0	578.0353010572996	509.25209845630764	0.0	678.9069009181861	576.5335704862043	0.0	730.6048503740786	718.5231964520345	0.0	732.0845354341965	817.1314075836	0.0	495.2593347514668	572.706677865297	0.0	447.2012172353417	709.2144652683155	0.0	453.54660862038367	723.676280261438	0.0
166	5.545739910313901	588.956369178792	813.4697379398522	0.0	641.1459577912663	818.9760865984638	0.0	629.0359975372651	1049.9165125762738	0.0	607.2389891676131	1269.8584069041892	0.0	587.1425886941342	1304.8485886484632	0.0	626.996718923308	1315.334753549939	0.0	600.5030942643125	1300.4177957041427	0.0	538.7914637230731	818.9386926043559	0.0	540.0008503774917	994.4482416270996	0.0	541.3367341122912	1177.6390737715126	0.0	542.6418925806165	1230.242023208108	0.0	516.6405341727963	1231.9675706040443	0.0	547.3474594185412	1203.0874473729798	0.0	583.4370580701111	548.8913153155376	0.0	565.5685656363959	456.35153002949096	0.0	572.7665039328239	508.38123572126034	0.0	677.231028184499	576.32392384648	0.0	729.139340019192	718.0335314166844	0.0	732.1520700830081	817.7823518070248	0.0	495.61164769515557	572.6876396121953	0.0	447.1292283900797	708.7401328829089	0.0	452.0799645994859	721.6911822087981	0.0
167	5.57914798206278	587.5943248270991	811.5843778148843	0.0	639.5526189860562	818.6304846956152	0.0	627.524835871666	1048.0399385459448	0.0	606.9169644946522	1268.2543189376272	0.0	587.0715259226243	1305.4901535903582	0.0	626.8575909756238	1315.3323436489504	0.0	600.621937932988	1299.5850601141804	0.0	537.8313354366521	818.6067114349546	0.0	537.658978200591	992.3409683976536	0.0	539.8215756092486	1178.8801085670357	0.0	536.6075900250892	1229.3757971739944	0.0	513.5318937434621	1231.9151933153835	0.0	546.3465733902295	1204.7788849336928	0.0	581.4248969715471	547.6432454522198	0.0	560.4464003161645	455.26733328437194	0.0	567.8187741531134	507.84563738834095	0.0	676.4997278355713	576.297721552655	0.0	728.250660077586	717.1910602047471	0.0	732.4284279417459	817.0424424319289	0.0	495.2855523953117	573.1310820535841	0.0	446.81928363380763	709.2296234044422	0.0	451.1993687648153	719.4582350748941	0.0
168	5.612556053811659	585.1731347872991	811.2400093943824	0.0	637.4632469960698	819.0939430194578	0.0	626.1101980056233	1046.9625353887545	0.0	607.1974569786372	1265.7547596697862	0.0	586.2251369649725	1305.9132966580514	0.0	625.9755246591197	1314.655123409993	0.0	600.7848527974477	1298.22259345247	0.0	535.872603868246	818.2507183411565	0.0	534.923273867715	990.3088191549795	0.0	539.0231352227006	1183.301737823744	0.0	533.4990360176342	1228.2510004008193	0.0	511.6459494626987	1231.6543078100663	0.0	545.7007859774908	1210.4280854170845	0.0	579.4638128307417	546.9031449339072	0.0	555.5450088968847	454.37402755158877	0.0	561.7997365204445	508.1761821089424	0.0	675.2516914668172	576.2641755743821	0.0	727.55885090181	715.3028307415966	0.0	732.4652275261253	816.0200253563239	0.0	493.8262388680929	573.8764303193823	0.0	446.01849622189417	710.5096523003157	0.0	451.0475644259887	718.2238916461123	0.0
169	5.645964125560538	582.448984190029	813.3157258483047	0.0	635.385345654467	820.1291333380849	0.0	625.0308105537842	1045.486371535863	0.0	607.9575280207373	1263.0729368493962	0.0	584.6943270744732	1305.53129643957	0.0	623.6174408549614	1313.102223803933	0.0	601.0973165289504	1295.5962355236384	0.0	533.6223426187007	818.4092525466948	0.0	532.531327171578	987.3640745098983	0.0	538.2152968775994	1188.6124805278873	0.0	534.529634100679	1226.6934991422477	0.0	511.254835064745	1230.7683251896483	0.0	544.9336109464605	1218.9047227658018	0.0	577.2527280319432	546.8610900099428	0.0	551.4298766991955	453.96422284864445	0.0	554.5380186261362	508.66349496771204	0.0	672.6600476931416	576.1013412249291	0.0	726.990222960568	712.6946314519782	0.0	732.2959300708083	816.7958496905064	0.0	491.7196516376334	574.3752726816673	0.0	444.78847995476633	712.1375798889155	0.0	451.3771966952416	717.0557411796234	0.0
170	5.679372197309417	580.009002527834	816.0031774383933	0.0	633.0651136728337	820.7394888498155	0.0	624.3980522425868	1043.4711538650106	0.0	608.4837148304099	1259.7680062299148	0.0	583.3261816139888	1304.3397184698472	0.0	620.8640637862645	1311.0743512469812	0.0	601.546275139238	1292.2224102005944	0.0	531.5210272858967	819.039024385925	0.0	530.864367915783	983.8612671725448	0.0	536.5869141508625	1179.080170391647	0.0	534.829559881382	1223.997419385187	0.0	510.8891646661089	1228.78896868785	0.0	543.9076134682057	1210.3126869940293	0.0	574.8404503279866	547.188002817817	0.0	547.4616573744491	453.504408162704	0.0	547.249371880431	508.70170857751594	0.0	669.6214779418334	576.0633716659595	0.0	726.6742418520541	710.5297405776573	0.0	732.0644015963642	819.0434442914375	0.0	489.66594680517017	574.7978101232572	0.0	443.8829170879285	713.7078757373056	0.0	451.40233154000515	716.1690219939825	0.0
171	5.712780269058295	578.0641019202848	817.3810241198734	0.0	630.6391376423873	820.7884717521498	0.0	624.289189686406	1041.459023049549	0.0	608.4933391718052	1254.814648697069	0.0	582.9239339530254	1302.6891562540577	0.0	619.4553798867337	1308.5144612993388	0.0	601.8295877944158	1288.2170176528298	0.0	529.9994636302129	819.672406353093	0.0	529.6553622008836	981.1062518583786	0.0	534.5749307126069	1135.5915875516428	0.0	531.4474515119982	1220.092735315037	0.0	509.92989211630095	1226.4649798164944	0.0	543.1959773327559	1158.549222282781	0.0	572.2789908271111	547.4182360688282	0.0	542.5150857963566	452.590668693219	0.0	540.4258717496531	508.4674973461419	0.0	666.8981260525326	576.0860987091875	0.0	726.6482284256011	709.1875985128917	0.0	731.8845830721298	820.3987389176167	0.0	488.3798551975615	575.8028222322262	0.0	443.6734755519842	714.3925728139756	0.0	450.444005835986	716.9404811271792	0.0
172	5.7461883408071746	576.4901684876457	817.5075514657943	0.0	628.4386294163766	821.101132276266	0.0	624.7933889884094	1039.3941714142286	0.0	608.5974361675517	1248.1762253263034	0.0	583.3697137760661	1301.4435617650843	0.0	619.6888355965674	1305.5103404238025	0.0	601.8693830539859	1281.948445495617	0.0	529.0550647044226	819.9558742110763	0.0	528.4135324482348	979.4708986664009	0.0	533.3945102783865	1067.9861840820968	0.0	528.1182518488563	1216.153237964051	0.0	508.9862704417645	1224.837330856115	0.0	543.3109404712147	1073.3960968569695	0.0	569.43434025848	547.4109320409518	0.0	536.726492241187	451.3961405103816	0.0	533.5967974058319	508.36375262706053	0.0	663.7656729911669	576.0332341295112	0.0	726.7452131057358	707.9753541693293	0.0	731.604646666415	820.1381532058939	0.0	487.76137129982743	577.5473813457434	0.0	443.6993317429915	713.8965017152913	0.0	448.84014017458	718.7432797293421	0.0
173	5.779596412556053	575.2334760670101	817.3697161374561	0.0	626.59085403046	821.7724937817042	0.0	625.9363499491106	1036.8340209158648	0.0	609.7901860247904	1239.6740786808925	0.0	583.8116191725055	1301.1751413481231	0.0	620.5601507166784	1302.532087393359	0.0	602.250661539099	1271.7141015835073	0.0	528.1330462774984	820.0317769138966	0.0	527.2184319625562	978.5672649643847	0.0	533.3869689207148	1013.9398783718343	0.0	528.1426316028237	1212.73637349443	0.0	508.23357826562784	1223.5947304025424	0.0	543.9091704706146	1005.4924181293611	0.0	566.1424013981583	547.5691600618362	0.0	530.3751377046791	450.44278224504944	0.0	525.884330969549	508.80296781898153	0.0	659.6704974745797	576.197123082473	0.0	726.7403385247258	706.142962140986	0.0	731.157765993716	819.1623406383143	0.0	486.8227594580304	579.422118073634	0.0	443.5744141463992	713.3470997393035	0.0	447.27204479708377	719.6060497788001	0.0
174	5.813004484304932	574.4620390404626	817.5075410085291	0.0	625.4423821951143	821.8265544928627	0.0	627.3112130705134	1033.3249984296233	0.0	612.7199014424153	1227.592080268009	0.0	583.6087942991198	1300.7972800448028	0.0	621.4219125358791	1299.1391089761994	0.0	604.1608797467293	1257.9709946310331	0.0	527.1420136038819	820.073796191773	0.0	526.5369395071097	978.0743636191969	0.0	533.743689210296	995.4135528204155	0.0	529.4095317605945	1209.8303956575373	0.0	506.93556198262274	1223.3347889670786	0.0	544.3374366225901	999.3928126029149	0.0	562.3155036428647	548.2760622687	0.0	522.7380515241257	449.9203999007906	0.0	517.0503968974776	509.9253966023151	0.0	655.5821895810728	576.7882622051488	0.0	726.7455980033176	702.7451713126961	0.0	730.9800578967224	816.8570206345117	0.0	484.92721352698965	580.7199479522657	0.0	443.2110214927845	714.03202191475	0.0	445.7124746421675	719.2824829249683	0.0
175	5.846412556053811	574.2992246330307	817.7448132001903	0.0	625.076414035928	820.8538797962221	0.0	628.2669035519707	1028.8223264856483	0.0	617.43588211499	1210.572817407264	0.0	582.9652900936427	1298.214943067821	0.0	622.6096923274825	1293.7859102610098	0.0	608.9689500900266	1241.9568450575164	0.0	526.7919728937507	819.8890259920051	0.0	526.3905646955324	977.9673830001353	0.0	534.2186703413901	1012.2027256023546	0.0	529.6435773309	1206.444361456348	0.0	505.3819932623427	1224.2741041090774	0.0	544.9525220431703	1062.8389759523548	0.0	558.0551521078764	549.2920092945254	0.0	514.124851940857	449.57329120219265	0.0	508.9691575671402	511.01495437855084	0.0	651.9307090484886	577.5138055152748	0.0	727.3433495541976	696.3590884104975	0.0	731.2006312362339	811.0401408204542	0.0	482.5434309256721	581.3310864489061	0.0	442.67543471998493	715.9559657961773	0.0	444.1243436373804	719.3675616758917	0.0
176	5.87982062780269	574.988344157563	817.8470004633183	0.0	625.2400751491768	819.6944989691525	0.0	628.4448251787229	1023.6423876903091	0.0	623.4969058121737	1190.5652635895822	0.0	583.5489616617459	1292.3658523119964	0.0	624.9062499267701	1285.096784439733	0.0	617.0044008411899	1224.1995676921467	0.0	527.7656528066415	819.503229192951	0.0	526.415485964756	978.8452117740421	0.0	535.7193295873282	1063.09762497944	0.0	529.551054430308	1201.9777364618349	0.0	505.55536656014215	1223.6955412491113	0.0	546.6419675050331	1159.1617704049506	0.0	553.9472783815028	549.9591087585109	0.0	506.5382478389745	449.28394511294994	0.0	503.8514199411335	511.43385139161603	0.0	647.407661924045	577.8207005895011	0.0	728.9578785793694	687.1217176862792	0.0	731.0481570719412	801.9612115003971	0.0	480.7129044067955	581.7550655402147	0.0	442.4016124304491	718.3470127141486	0.0	442.9195973504952	721.4876616899381	0.0
177	5.913228699551569	576.7741555682848	818.0967800329914	0.0	626.1109972952697	819.182591356792	0.0	627.6064832394128	1017.9715609312685	0.0	630.0001190859675	1173.8433902765562	0.0	587.7594174826207	1284.2108001712875	0.0	629.2126664214173	1273.9156672351194	0.0	626.501205774853	1208.4184539690186	0.0	530.0299211774034	819.4920957435525	0.0	526.4237796120124	981.0953574419219	0.0	538.0651027869696	1128.7516339724873	0.0	530.0268130574706	1201.6425665819056	0.0	508.0796957044104	1221.6383537043728	0.0	548.6690948912408	1228.6476947729254	0.0	550.927258625008	550.2204183450909	0.0	500.8736720870959	449.46076925242113	0.0	500.9301550485813	512.0352876637804	0.0	642.1089114129131	577.3006238621936	0.0	731.138569695068	678.0534460649704	0.0	729.6717370796125	792.9057530111113	0.0	480.0488164338237	582.5600478784097	0.0	442.6282206417511	721.0129841888967	0.0	442.6672947598458	725.7557856463196	0.0
178	5.946636771300448	579.173723292836	818.4514589061312	0.0	627.848971217312	819.0662525307088	0.0	625.3190027728826	1012.5055527074658	0.0	635.6666669936145	1166.9991688397224	0.0	595.298105576542	1275.1348270009744	0.0	635.8777037743283	1263.3484273387978	0.0	634.4897645653156	1201.5426713810643	0.0	532.6991310592645	819.921303141628	0.0	526.429087208223	983.5101941863614	0.0	539.3887225065293	1172.6244999325247	0.0	531.03101544601	1209.9049391719075	0.0	510.8544314915846	1222.06800454743	0.0	549.5331770777506	1250.954706096597	0.0	549.2396150502544	550.8525355730997	0.0	496.1588689346777	450.32195854252177	0.0	497.3284431423369	514.070150866634	0.0	638.3703849825437	576.1039276127681	0.0	732.7200137673378	672.2812295482097	0.0	726.5200643084822	785.8647318458952	0.0	480.18768696974	583.793813280664	0.0	443.1068529269621	723.9403562824705	0.0	444.2610541258163	730.1852619417556	0.0
179	5.980044843049327	581.1920237894923	818.3204731877247	0.0	629.7642136809418	818.8058498419862	0.0	621.5241827660511	1008.580996412396	0.0	639.4118574107787	1170.0800771464396	0.0	601.9191230875845	1264.0616882938098	0.0	642.6809791242847	1254.1107725688676	0.0	639.5669941627284	1204.7812919576004	0.0	534.6463151204532	819.9575795935486	0.0	526.4785813514461	985.1601708154335	0.0	539.140633584569	1184.8883597089693	0.0	532.1805944351278	1218.5860218459368	0.0	512.1261699664176	1222.3394003157762	0.0	549.6117867812138	1249.7893372560143	0.0	547.9778736246459	551.9141145838976	0.0	491.7971854765644	451.14043646179454	0.0	491.977003120979	517.2523778509898	0.0	636.8656835460475	574.7766674401136	0.0	732.5149390039436	670.2343881746706	0.0	721.0527784406479	780.7856292305327	0.0	480.4387246645864	584.7065058795722	0.0	444.3379714987419	726.1879851081292	0.0	448.1308392202602	734.5293048384299	0.0
180	6.013452914798206	582.5182429277628	817.7444741082563	0.0	630.8172286100913	818.6686480852394	0.0	617.2486204009582	1006.931640589648	0.0	641.0701157241042	1176.8841158532412	0.0	603.087205267499	1249.263677785094	0.0	643.9554526981586	1243.231545063825	0.0	643.0904822867184	1211.342422860783	0.0	535.6723998403116	819.231900866794	0.0	526.7509485126736	986.7841037483821	0.0	538.7841272713133	1185.7139743603507	0.0	532.9786814315348	1214.3980221224901	0.0	512.2152890102078	1212.5845315485083	0.0	549.6299115629853	1227.0439674668912	0.0	546.626792587133	552.4173379838073	0.0	488.35191998635213	451.174727387763	0.0	486.7669886219568	520.3485173772893	0.0	636.0488081208897	573.7419538838653	0.0	729.9808574734433	670.6475287743024	0.0	712.8197423625727	777.9397812602504	0.0	480.9231798484443	584.5099094272975	0.0	447.3486772760951	726.8980347076143	0.0	453.4380533963204	743.0202186284748	0.0
181	6.046860986547085	583.4381099080607	817.1055260652183	0.0	630.5770618609276	819.1650907580614	0.0	613.852720890378	1007.427421226145	0.0	641.3622134705483	1182.5390073579917	0.0	597.7606895546841	1233.4873677423068	0.0	636.0718744752857	1230.8045371607461	0.0	646.3410903670238	1215.6804427370387	0.0	536.4113663404906	818.5051703698301	0.0	527.338577050405	988.2179235218687	0.0	538.9895795201287	1186.8489896691638	0.0	533.1474692210303	1190.966815643952	0.0	512.1862776853214	1186.6431498397542	0.0	548.5871304213766	1157.7500457610538	0.0	545.9637950882725	552.4560224058025	0.0	486.5234118646331	450.4609683467419	0.0	483.95332050881194	522.9587910324088	0.0	635.4072009919662	573.5285742165432	0.0	725.8153389352123	672.7833143940145	0.0	701.835879340003	777.4262433686301	0.0	481.89637192432735	583.7712090885145	0.0	451.85807376749233	726.6691843992224	0.0	458.9893345672895	756.4901997523848	0.0
182	6.080269058295964	583.8623760910351	816.187627657231	0.0	629.5601672032858	819.8376289716573	0.0	611.7559434646819	1009.5363299131782	0.0	641.0150080963888	1186.9562433391898	0.0	589.7944169543092	1222.5088308964364	0.0	625.7328947900181	1222.3406859232982	0.0	648.0222332755151	1218.695862847036	0.0	537.0316998731738	818.5030940735438	0.0	527.9240060333526	988.3208457013359	0.0	539.049100304063	1170.508019573651	0.0	532.4646695269793	1146.9245016710809	0.0	512.6514215570143	1142.2274614449561	0.0	546.0355133488157	1055.5922776531454	0.0	546.6019920772417	553.6128953457637	0.0	486.20243672573747	449.2468414249363	0.0	483.76437242346924	525.6378520073954	0.0	635.7616781613802	574.9534134535705	0.0	721.5975881974637	676.7119489487493	0.0	689.2526623760235	778.2194303802784	0.0	482.83779651326535	583.8356019466416	0.0	456.48864707318904	726.6297928057902	0.0	463.9901755616679	766.9625894072256	0.0
183	6.1136771300448425	583.7851727748606	814.9520631549332	0.0	628.875450108364	819.6284264524371	0.0	610.7622903966301	1012.4101091495493	0.0	640.2386881883631	1191.3858301752136	0.0	585.0362794632395	1218.8557128211985	0.0	623.0599920223624	1221.2174300288984	0.0	646.8611200431027	1222.563904303815	0.0	537.3532781187245	818.7363817561103	0.0	528.2148834865003	986.887539593915	0.0	538.6436318526131	1110.3775583825009	0.0	530.8137801505485	1091.8935392174692	0.0	513.4081727237204	1086.2763579612342	0.0	543.5430148583324	975.0193760985442	0.0	548.2624380000271	556.3241280931941	0.0	486.46600782758935	448.12206908148045	0.0	484.6376513655267	528.8326368475908	0.0	637.0231226367449	577.9522627249686	0.0	718.126135416484	682.2614591353872	0.0	676.9858685369067	779.4496122418823	0.0	483.9918882706777	584.9753563680158	0.0	460.3563483364468	727.1225169935157	0.0	467.87210852733944	767.2553184111698	0.0
184	6.147085201793722	583.8637482147733	814.1537559792863	0.0	629.339704649779	818.4776127170876	0.0	610.7218935601833	1015.1047473262792	0.0	639.1557729047554	1195.4994308589305	0.0	584.7175499851073	1220.037745340087	0.0	624.3536495847313	1224.0256926141876	0.0	644.7298395004971	1226.2074458597908	0.0	537.8513832311345	817.8297702301728	0.0	528.3595648548467	984.0272532745181	0.0	538.2546622721401	1024.8396205531608	0.0	528.9620831435763	1051.1480150859552	0.0	513.8375587215595	1043.8767894404791	0.0	542.3758689170222	944.5321401901369	0.0	550.411738499297	558.6698051405959	0.0	486.74461805883976	447.9370845054749	0.0	485.17486873317694	532.1554086491592	0.0	638.0574984255336	580.8314412632112	0.0	714.4494707607955	688.8689022590615	0.0	666.0085841800469	781.0372974531134	0.0	486.7891241758213	586.2661252926068	0.0	463.6768622347612	727.7302868242939	0.0	470.3238905425642	760.4361518556781	0.0
185	6.1804932735426	584.4505889912111	814.0864365539674	0.0	630.5817188772359	817.2385686724767	0.0	611.1380973860735	1016.8799013694606	0.0	637.9930379672543	1198.05549087181	0.0	584.7207300050698	1222.0424931205575	0.0	618.1130269011944	1225.8619780620452	0.0	644.0752666876176	1227.9138387904777	0.0	538.875010820921	815.3210048377388	0.0	528.6200033358473	981.4005480960614	0.0	538.1686308618758	983.1035517085894	0.0	528.1044770429504	1049.8625469356607	0.0	513.7149369410076	1043.7664634819648	0.0	542.0814072873733	965.0536228950652	0.0	552.5204978511335	558.9848132127371	0.0	487.0528621605813	448.3826088040972	0.0	485.3344924490429	534.5789298761771	0.0	638.6884839076686	582.2376609307687	0.0	709.3602951183584	696.0402279586546	0.0	655.6960955796582	782.0403037980487	0.0	491.31065423846496	586.5721423019537	0.0	467.41877754453793	727.5028126888084	0.0	471.9058798109406	754.5943266816338	0.0
186	6.21390134529148	585.1089042287407	813.6561466093873	0.0	631.3842104210987	816.1483593753843	0.0	611.3557751534324	1017.5043700211218	0.0	636.9052885194463	1198.3335690348488	0.0	582.7979498560512	1222.9237792631031	0.0	605.7872596650872	1225.8030205519208	0.0	644.5231452451789	1228.1709981938563	0.0	539.8749977738563	812.6633257655295	0.0	529.177011698262	982.8219745809479	0.0	538.2918101362641	1028.7286239322416	0.0	529.0106858787356	1098.1135444498098	0.0	513.4750938436166	1097.2525042803386	0.0	541.9994859539104	1041.931290102508	0.0	554.2078832594261	558.1822715362423	0.0	486.94701805458834	448.3749583060291	0.0	485.61720280809516	535.5366904147522	0.0	639.6725216889257	582.8227381014611	0.0	703.2199647725354	703.2437939062536	0.0	644.979242231402	779.5006635937648	0.0	495.70147928960495	585.6961912110442	0.0	472.36986729272815	725.6980562162989	0.0	473.9743063808589	752.4645019714151	0.0
187	6.247309417040358	585.7003875811218	811.8268969156974	0.0	631.4168561620486	814.8119351494269	0.0	611.474274624073	1017.204394983934	0.0	636.2374294535888	1196.9432527044535	0.0	581.5540599882642	1222.9927887151962	0.0	598.4244693725267	1225.1438869917943	0.0	644.3365204851714	1227.989518851803	0.0	540.6838997637349	811.2881408006378	0.0	530.5234049958307	988.449979075278	0.0	538.9018797487457	1122.8861064491994	0.0	531.8838949955503	1172.765136211909	0.0	513.8284421465136	1177.797546051709	0.0	542.3599071534134	1149.3546710033343	0.0	555.1688759076035	557.7508384557345	0.0	486.1021829524912	447.83448517941287	0.0	485.97655052366594	535.4944899153113	0.0	640.1951162747237	583.5032394549141	0.0	697.3572657647537	709.5876353437328	0.0	633.9689292071915	770.993456356073	0.0	498.9816460783385	584.475931715691	0.0	478.3982078721881	722.6990658444583	0.0	477.0703077657388	752.6771223499231	0.0
188	6.280717488789238	586.8009236566987	809.1272513589976	0.0	631.6831985849475	813.1558967520317	0.0	612.2081186805273	1016.0615835916992	0.0	636.2598039443301	1195.6283637827016	0.0	582.6775913352842	1223.1062785557788	0.0	599.0114201752536	1224.5106196739405	0.0	643.0859433693075	1227.3046685075767	0.0	542.1377168943974	810.5777466284433	0.0	533.2719708421733	993.2438650165601	0.0	540.4594688564288	1191.6247158060705	0.0	535.1078107344911	1226.0325445916772	0.0	515.0106388226546	1234.076284988859	0.0	543.6351826123349	1225.4093640588403	0.0	555.095789592375	557.0786294824608	0.0	485.3893670526183	447.34297939719687	0.0	486.1297444987823	535.2190198217878	0.0	638.0267639261526	583.7203837219635	0.0	691.8147191443009	713.4324229039287	0.0	623.6241234311275	758.7013608452655	0.0	502.1975649792442	582.9598964428818	0.0	484.64400175866933	719.3407339137426	0.0	480.2643306712492	755.4991008665332	0.0
189	6.314125560538116	588.8617978961615	806.7153389459202	0.0	632.9102823302601	811.4682424820923	0.0	613.6776246058299	1014.1520109088822	0.0	636.6664807714295	1195.578021037098	0.0	584.1658506415654	1223.5763400973085	0.0	601.7966797468575	1224.1548180931	0.0	642.1534146620958	1226.3967452922113	0.0	544.967483929865	809.4829049443246	0.0	537.0448078271243	994.5133384757015	0.0	542.7967537785825	1208.8242840452633	0.0	535.463986442739	1238.4749774789298	0.0	516.2165847110281	1246.7979413123278	0.0	546.3079550850282	1245.0029244771492	0.0	554.2360378203255	555.0519114527383	0.0	485.3421415265305	447.15184337956816	0.0	486.07865041420825	535.074398950263	0.0	632.9687413939844	582.5974529828877	0.0	682.8400407321845	713.0216520295676	0.0	612.7512726150766	748.0655185560114	0.0	506.2801735112842	580.3051302660643	0.0	490.38845756657605	716.2555376065097	0.0	482.70747653315146	759.5767547576047	0.0
190	6.3475336322869955	592.0299107342901	804.7967704495723	0.0	634.8214156611438	809.9838797180126	0.0	614.9130517996133	1012.2002035193634	0.0	637.1114020647926	1196.281902284581	0.0	584.9518789971149	1224.0058075033617	0.0	603.1404687876013	1224.105388680658	0.0	643.0347347006137	1226.4047721417348	0.0	549.3264079850264	808.7203495655895	0.0	540.2179808943208	994.4777420352258	0.0	544.7453860845084	1200.4524021018296	0.0	530.6992381588987	1230.3477496400158	0.0	515.6411184514174	1238.099701818595	0.0	550.5105823105378	1235.9428528143299	0.0	553.3300348085224	552.4702129276842	0.0	484.6329776714542	447.3512083670979	0.0	485.65793952273145	535.1114686567852	0.0	627.0993287614465	580.4004709448913	0.0	665.3456067796642	708.493931626653	0.0	598.757456476663	742.6297847553956	0.0	510.84300375410743	576.9973634950529	0.0	495.9312604674516	714.1939833669647	0.0	484.7812200424424	762.1245003686638	0.0
191	6.380941704035874	596.5152261483374	802.8792746987657	0.0	637.0066589998621	808.6202351150174	0.0	615.1002898440732	1011.2239900494499	0.0	637.3811868195525	1196.6571267938184	0.0	586.1296062603333	1224.1984056160786	0.0	603.4072780807132	1223.906005198952	0.0	645.132584740508	1227.3337950312896	0.0	555.091738631152	809.0966144819702	0.0	541.549908436821	995.3865489566267	0.0	544.7493687461999	1192.855449100429	0.0	520.4366411634585	1222.6717511761647	0.0	511.42042340883245	1229.7199599678179	0.0	554.7341337177003	1226.4868786264624	0.0	552.6191958812705	550.8485023663819	0.0	482.0330632542182	447.97669052462624	0.0	484.42945638160086	535.3277361729854	0.0	621.384961919377	577.7608739280325	0.0	641.7141939244639	702.4296160800004	0.0	583.026814364859	742.7981865205027	0.0	515.2176313900028	574.8414375420982	0.0	502.2987218582421	713.5431021615767	0.0	487.183282949514	764.4275978570638	0.0
192	6.414349775784753	602.1245034671739	801.3103721090039	0.0	639.3406836664726	807.3574432021375	0.0	614.5990599814029	1011.5862589260325	0.0	637.1626037460247	1196.4399336016422	0.0	587.0365755144601	1224.6121597344106	0.0	602.3236443470173	1223.3424321765747	0.0	646.5372578871234	1227.8643817645104	0.0	561.829246119786	809.7267786594451	0.0	541.7503908086547	997.6607196238725	0.0	542.4182630476608	1191.604116062189	0.0	506.45973387242753	1220.4841479377437	0.0	503.51715476207806	1226.9645679245123	0.0	556.4295220119702	1222.9980266127868	0.0	551.6845668172501	550.4293835474397	0.0	478.4314658255256	449.0608848885176	0.0	482.40068166717504	535.6650343006397	0.0	615.4609819909687	574.7700474014397	0.0	621.4987533731847	697.7643739713773	0.0	568.7698481217594	747.1283973988411	0.0	519.2811332319548	574.7496302067124	0.0	510.09136507611737	713.5782352541165	0.0	489.6042945621082	768.2679680479198	0.0
193	6.447757847533632	607.8253846400439	801.0759827796996	0.0	641.5383604798425	806.7128406528752	0.0	614.1394538214339	1012.4817024787571	0.0	636.6315425907973	1195.9919746327712	0.0	585.0763775532208	1225.2504915958084	0.0	599.4374421228969	1222.6402018091164	0.0	646.6973946491614	1227.6735704581206	0.0	568.9371727066944	809.71748691631	0.0	542.2095477373923	1000.2796802180707	0.0	538.6439534689576	1192.318390138244	0.0	492.5830756780057	1220.847830799194	0.0	494.15769731690557	1227.1615574609766	0.0	554.5960636958267	1221.9791465019912	0.0	550.4327231943751	550.5252197996716	0.0	475.02632963699483	450.6209181069993	0.0	479.96813147145133	535.9785163869168	0.0	609.4744836530753	571.950522567158	0.0	609.5945961697864	695.7717894713453	0.0	554.5031560693735	753.5420127847191	0.0	523.2442982949418	576.1728551747304	0.0	519.1970366128534	713.3346516458255	0.0	491.1164230269167	771.8951670085812	0.0
194	6.48116591928251	612.3193603185488	802.1385957382155	0.0	642.9548260815745	807.1499265336782	0.0	613.8797392859551	1012.6845861111169	0.0	636.4203154928284	1195.6050122300794	0.0	580.0244513569678	1225.589471047165	0.0	596.1777239789055	1221.884072703851	0.0	646.531767096562	1227.841842944044	0.0	575.5574960623965	809.3612012151892	0.0	543.0413704772486	1001.4235734776089	0.0	534.0437618197855	1191.9975960257648	0.0	480.93352941763993	1220.5975113708598	0.0	484.99944573070536	1226.8612462969502	0.0	550.5723937008238	1220.8024560732601	0.0	549.4179479146221	550.7388158875183	0.0	471.4775511923019	452.06564393637524	0.0	477.40153620822275	536.1515278292235	0.0	603.344531354966	570.7018463520028	0.0	602.7001210780412	696.220680613872	0.0	537.3084393478757	759.9758450013962	0.0	527.2520395523146	578.1775496143408	0.0	529.310949635963	713.1428768731886	0.0	491.8811723981556	772.9110561300646	0.0
195	6.51457399103139	614.7090194294622	803.7489245592693	0.0	643.1181540588932	808.5350281292978	0.0	613.3667931049382	1012.0608483124093	0.0	636.7105243974338	1195.4482405481635	0.0	575.3563173621935	1225.560577652665	0.0	593.9421070275275	1220.9432837765867	0.0	646.7038888214952	1228.566586000116	0.0	580.6599790973704	809.5728499259923	0.0	543.9332131988468	1001.627056903433	0.0	528.4993112122854	1191.5849592345826	0.0	469.85176149897126	1219.4801014431548	0.0	475.35761044141645	1225.8787533209313	0.0	546.0804047973754	1219.8000958247276	0.0	548.4982146261763	551.0345023668242	0.0	467.5118199741027	452.6016775941738	0.0	474.869734713805	536.1304722142502	0.0	596.4526786534676	571.4072533588036	0.0	596.0605792401312	698.3752154886822	0.0	518.719332336409	764.0275806862808	0.0	531.4358360412346	579.8310873732431	0.0	539.8933963981416	713.7709787689724	0.0	493.28715487462983	770.5445213652814	0.0
196	6.547982062780268	614.6321832037886	805.6618119287936	0.0	642.0526218765508	810.4735616784295	0.0	612.1533739821731	1011.4823414895885	0.0	637.0374304583409	1195.5142575887864	0.0	573.7951546408553	1225.3022736615126	0.0	592.4767236043108	1219.945227022546	0.0	647.4070762701634	1228.2756393884194	0.0	584.3142363339734	811.5229505383894	0.0	544.9830546492394	1002.9554346665641	0.0	522.3865792951733	1191.795034247804	0.0	459.07866306621605	1218.911078030688	0.0	465.7125569864793	1226.0022330752256	0.0	542.1362482787973	1219.3715082413291	0.0	546.2831792568365	551.2870627046393	0.0	464.09707578078746	452.64750170892273	0.0	472.3774139323712	535.8438904646536	0.0	588.8061837660415	572.3413757422351	0.0	587.7508572009303	701.420055963185	0.0	502.4060687875035	764.6828571686322	0.0	536.0490188711584	580.4591085738207	0.0	549.7066493721613	714.7099087366354	0.0	494.9051633986856	766.5971925742465	0.0
197	6.581390134529148	612.2736766616116	807.8894424499384	0.0	639.2414333444152	812.7211652659538	0.0	610.684354916376	1011.5393144412152	0.0	637.1491190912914	1195.6425735679531	0.0	574.3938900550746	1225.0762846047387	0.0	591.8071149201581	1219.4866081516845	0.0	648.6956967669763	1226.1735759550822	0.0	587.9788843593417	815.2892958517012	0.0	545.8470325442662	1004.8029259196513	0.0	517.6860203214519	1191.822621476016	0.0	452.62825148608476	1220.163511800934	0.0	460.67806413445487	1227.7826295363325	0.0	539.7242320228669	1219.1178245547114	0.0	542.4959729702945	551.6030362914505	0.0	461.70606300957814	453.2638314737016	0.0	469.8876815069816	535.3782074133238	0.0	580.1807025453381	572.6126481029056	0.0	577.5380648359397	705.1607950704525	0.0	488.7693066260789	763.9951300462466	0.0	541.3596255335868	580.1604774362512	0.0	557.8499381814574	715.2523083573556	0.0	493.0796515751581	764.4215086717461	0.0
198	6.614798206278026	608.5496894145231	809.8834293640108	0.0	632.791776418581	814.9366989360866	0.0	609.727495405278	1012.1302776189267	0.0	637.483365300637	1195.999119031642	0.0	575.1197210754844	1225.843905027472	0.0	592.8804495868394	1219.8651930582782	0.0	649.9516976432768	1223.8819457724242	0.0	593.2123853219416	818.8939548652917	0.0	546.2594535994092	1005.3329184402489	0.0	516.7770723963673	1191.8928237988425	0.0	452.5580705331585	1223.4394389777065	0.0	463.9223502509504	1230.2258147781683	0.0	539.22708810809	1219.658146174376	0.0	539.0890946637412	552.5418152208647	0.0	459.2215070994555	454.48913652785535	0.0	467.44851728313415	535.1145847761381	0.0	569.2553751014096	574.3545497221814	0.0	564.7118736142313	710.2882713196823	0.0	474.7541817955734	764.981378134113	0.0	547.3259747478345	579.3821104761181	0.0	565.1159932104235	715.6302908367644	0.0	487.2628919869675	765.5323627340316	0.0
199	6.648206278026906	604.7454103916349	811.1017928777636	0.0	621.7880651317558	816.5843796499937	0.0	608.8236577164503	1012.7431814456866	0.0	638.2126719145034	1196.5875203774888	0.0	575.5146366823978	1228.0725245287472	0.0	594.7706615019665	1220.5150977664987	0.0	650.4383326308414	1222.9825585682156	0.0	600.195175988273	820.5211703532993	0.0	546.8806995347242	1004.5744528592011	0.0	519.3825458403148	1192.588469492094	0.0	455.4826399088991	1226.9558130824435	0.0	471.80389068547953	1231.9636185389634	0.0	539.8133643889995	1221.8783922769512	0.0	537.207814793961	554.2291502525616	0.0	455.7512724473845	455.68684707165886	0.0	464.86016577281	535.3942926577758	0.0	556.025508260208	579.1293039343575	0.0	549.2830943158049	716.5960128839788	0.0	458.92114132426417	768.601873293007	0.0	553.3395368907129	578.5924355162707	0.0	572.5574897184813	715.9022811277725	0.0	486.4321400706787	770.2392955019294	0.0
200	6.681614349775784	601.1824490597171	812.4255138445702	0.0	608.716052744941	817.9017125606309	0.0	606.9056927720478	1013.2121559519421	0.0	638.8910471554797	1196.6595605532984	0.0	576.6710934357316	1230.198790550931	0.0	595.412424893351	1221.0198680906133	0.0	650.5368571202106	1222.9569585033898	0.0	606.7852845030257	820.4677323759882	0.0	547.948069200346	1003.6128986412058	0.0	522.4398433203838	1193.5188569750437	0.0	457.4933519043081	1228.86756379799	0.0	477.2711171302633	1232.9698086022352	0.0	540.4907785783972	1224.7126787729992	0.0	535.5736667589888	556.0478811610839	0.0	452.32711464891946	456.5202127040766	0.0	462.04928251986246	536.3583867530555	0.0	543.1799028181267	585.1369965815004	0.0	533.6659466094508	721.7148886948979	0.0	443.9341192609062	772.9665251720786	0.0	558.7604221818865	578.5024619519152	0.0	579.6508821326	715.5154724111402	0.0	499.6003365788757	779.9447425850122	0.0
201	6.715022421524663	596.8741637218757	814.9532062343003	0.0	596.0651981598339	819.782519360081	0.0	603.9970759797071	1014.1117595340165	0.0	639.3349072151235	1195.8680889450102	0.0	579.5036879586629	1230.6171576082759	0.0	595.8331923314702	1221.7565680494508	0.0	650.9886351036329	1222.546894937002	0.0	610.260499052434	820.0209171554501	0.0	548.5403711792256	1003.101414336743	0.0	523.8225870882727	1194.4601124532473	0.0	457.38224875317064	1229.6498667381156	0.0	477.85509314201863	1234.343748506659	0.0	540.708479580326	1226.236724512275	0.0	533.1076340463457	557.7985255297128	0.0	450.35918063655384	456.8267095413198	0.0	459.46254240602104	537.831194018396	0.0	532.9643790851696	590.3647882126313	0.0	520.5978730421783	723.3657688919516	0.0	433.01434767569657	776.0558109955779	0.0	563.5083854748243	579.3319163222916	0.0	585.4808209803791	713.7038446647398	0.0	521.9615814251742	792.9264553267964	0.0
202	6.748430493273542	591.2138863090327	818.1610065087725	0.0	583.1585501485595	822.191878287791	0.0	600.3296476118275	1015.2583569386506	0.0	639.6493955311361	1194.8563355185454	0.0	582.8125840583876	1230.192273170413	0.0	598.3464666127308	1223.014602201092	0.0	651.619754535406	1221.662993261001	0.0	610.0927607133073	820.025192100586	0.0	548.3933098946198	1002.7483371489852	0.0	523.5651823094294	1195.5801835525367	0.0	454.30298512825976	1230.579537917115	0.0	474.8250040199184	1235.922593886318	0.0	540.2586382891221	1226.1683429942202	0.0	530.4222882000727	559.7801025228208	0.0	449.3528120093041	456.50687421503966	0.0	457.4299714340064	539.1555067630077	0.0	524.976916367428	594.7877925034957	0.0	510.6277594134992	722.0654945119571	0.0	426.14841043834474	778.8068348030561	0.0	567.6359615842941	580.2233918403124	0.0	590.2425820681195	710.1269627892331	0.0	541.607174526278	802.5197785065159	0.0
203	6.781838565022421	584.6959108017669	821.0355792822938	0.0	569.2582083467303	824.2934123490242	0.0	594.1304968902829	1014.8597328226193	0.0	639.6511622150495	1194.0927739198953	0.0	583.1508206090796	1230.60056186145	0.0	598.3071554798627	1224.618827163573	0.0	651.7345329215174	1221.1745572063762	0.0	607.4208268225502	820.6978549878562	0.0	548.948631535387	1002.054795206595	0.0	522.1537946222575	1196.4654814793448	0.0	448.6786849985061	1231.5762945373522	0.0	470.49245850261644	1236.5507731236319	0.0	539.3733054555028	1225.3542885659629	0.0	528.1097534832955	561.6565275360898	0.0	447.85845469715537	456.06233269263527	0.0	455.85226610243427	539.9966072308173	0.0	517.8575872775679	598.2878088990033	0.0	502.4397744854842	720.0581038917973	0.0	421.2224935537929	782.9280480818595	0.0	570.9927231247824	580.4431448748244	0.0	594.1817347360122	705.934280606885	0.0	552.7000971401369	804.1506213654517	0.0
204	6.8152466367713	577.9722476033772	823.0197324144078	0.0	555.8269900419198	825.776044422545	0.0	582.0791595262067	1012.1438288898822	0.0	638.9274962809443	1193.3590812439093	0.0	577.53142796872	1231.9952311838274	0.0	582.4691639289211	1226.3043319413744	0.0	650.9497476534424	1221.2300108519294	0.0	603.3929945799044	821.6825793058383	0.0	551.2377040288104	1001.4512701348099	0.0	521.4853166642113	1195.817990548966	0.0	447.7336731244026	1231.8404331819852	0.0	471.692403266435	1236.2636817862735	0.0	539.0585061778796	1223.6305438109437	0.0	525.9042153416232	562.8041375648661	0.0	445.8116371984054	456.59224176996076	0.0	454.6446015598237	540.9336776153312	0.0	510.76089843758126	599.9765379838562	0.0	494.51471041239193	718.5109178638255	0.0	417.3167465908321	787.6079433382064	0.0	573.6773744783485	580.0499457411759	0.0	597.2312395643631	701.8956248383661	0.0	557.2519096754955	799.5095296108723	0.0
205	6.848654708520179	571.8295177259761	823.899898691384	0.0	545.2797107319511	826.7521836562249	0.0	563.1964322555442	1009.2096688976	0.0	637.0350851429752	1192.0057675296582	0.0	567.5078111237574	1233.4851089606273	0.0	548.2555741242451	1227.3599763320672	0.0	649.5987502657434	1220.6247350759	0.0	598.9612500354918	822.3667617605599	0.0	553.0395246905554	1001.473137250838	0.0	524.5805531667185	1192.7753072048727	0.0	458.71007789941893	1231.5175420725486	0.0	483.09870270914183	1235.7895760196725	0.0	540.801019083773	1220.0283232742613	0.0	523.7360803739762	563.1830887973221	0.0	443.90099057297874	458.35333742144974	0.0	453.7668588085545	542.5797293478578	0.0	503.752013336865	599.9858780732704	0.0	486.58138172489754	717.0506877376788	0.0	414.85979567065493	791.4672335363432	0.0	575.9289762927821	579.2886560632003	0.0	600.5619235143904	697.204154071065	0.0	562.5053789186114	793.6988382844113	0.0
206	6.882062780269058	566.8773352552932	824.1166993480115	0.0	538.6682317580575	827.150728739294	0.0	541.2341113227109	1007.9473812375027	0.0	633.2571030065932	1188.556398628946	0.0	558.6248267943838	1233.9486875407208	0.0	521.3191217247394	1226.3378145712409	0.0	648.2190196827565	1217.2545693487093	0.0	594.5781350967443	822.6206600360423	0.0	550.7369543369044	1001.7147409758518	0.0	530.708378896879	1188.7597008684138	0.0	474.4592068390743	1231.4375698351362	0.0	495.60564900644783	1234.70341585421	0.0	544.4339683420177	1215.2180919740674	0.0	521.7774658745994	563.047522349475	0.0	441.70131381945043	460.1466595389322	0.0	452.6831424382112	544.6185965257527	0.0	497.5986718759149	599.5074703738525	0.0	479.70841850936904	715.3540913689237	0.0	413.4952940441399	794.9768385745438	0.0	577.3792251069171	578.5293151260431	0.0	605.3720670442593	692.972025836134	0.0	572.5786848031413	790.2320182528438	0.0
207	6.915470852017937	562.4731527588981	824.2638678532536	0.0	534.0018801998132	827.2032921627659	0.0	521.0039481858491	1007.42946673966	0.0	626.6260545139158	1181.4120928712264	0.0	554.4842676632713	1231.9882867120716	0.0	526.096383302664	1222.3744169107708	0.0	646.067860053434	1208.7344849768983	0.0	590.2354495677616	822.961490676242	0.0	545.0454911181184	1001.4092212160481	0.0	535.443735251463	1186.3288667534443	0.0	481.5296417887495	1231.4304030930343	0.0	499.274949965157	1232.3505276009532	0.0	547.4684002774438	1211.7077887964706	0.0	519.7626878233608	562.7065895288696	0.0	438.96866086716733	461.12511588851083	0.0	450.9271063088056	546.0858796714097	0.0	492.40492922795835	599.1415582926452	0.0	474.6527441505814	713.9837903789062	0.0	412.080928332311	798.6670779686604	0.0	577.5805359409527	578.1286559909456	0.0	610.0932658056807	692.3460583394346	0.0	582.3612065902727	787.7607239353096	0.0
208	6.948878923766816	557.7325495027226	824.4806618014327	0.0	528.9129945508444	827.7931516347636	0.0	504.23185728459384	1006.2324923072999	0.0	616.9232334768822	1171.0689932042071	0.0	553.7283217753442	1227.1819252725593	0.0	548.3584555996814	1216.8085040070616	0.0	641.2835392659796	1194.4432299678822	0.0	586.0421233172748	824.0008108076873	0.0	540.5546759134776	1000.1990700190232	0.0	536.4071816612168	1186.1531890842418	0.0	478.6789794796113	1230.4975536433712	0.0	496.86580049930234	1230.039938231979	0.0	547.6452694857818	1211.009181002855	0.0	517.6579762096814	562.5189397939417	0.0	437.2489177121753	461.748870374836	0.0	449.35151709570187	546.5087248801863	0.0	487.61704831111075	598.7339004996378	0.0	471.3039332356996	713.4126350230589	0.0	410.63456856778964	801.2444387210076	0.0	577.1826306693998	578.3495319243843	0.0	611.8751789000337	696.2118420805225	0.0	586.0726703830798	783.4665219870722	0.0
209	6.982286995515695	552.8013013281121	824.6176955375877	0.0	523.1697458246996	829.1694498246569	0.0	490.35151753164064	1004.6671968166758	0.0	605.1604609933282	1160.2473317294396	0.0	553.8516530914146	1221.4782645685416	0.0	559.3642116561718	1212.260461430132	0.0	633.1799074424248	1178.1612891156888	0.0	582.0611473736238	825.5863028189756	0.0	539.3199721789443	998.2912201482516	0.0	534.3047296049781	1186.9695979411981	0.0	473.4067360360939	1228.797703555161	0.0	492.4587752156159	1229.5935406632218	0.0	544.5917381906099	1212.5275498167105	0.0	515.8129659399941	562.5800089410768	0.0	437.7496053803792	462.16695184481136	0.0	448.7156023000387	545.9881779742709	0.0	483.1074765086086	598.3532436890638	0.0	469.4189734645261	713.1832144513102	0.0	410.09672823887087	801.5075088803255	0.0	577.0501479663861	579.4048876167877	0.0	610.570527658659	702.0147285930232	0.0	585.1608254699753	780.7334806546211	0.0
210	7.0156950672645735	547.8771777969033	824.5842971728083	0.0	516.942676773813	830.3972627138342	0.0	478.11396166549406	1003.7668479742687	0.0	592.4316460058479	1151.7661099340446	0.0	554.714055459116	1217.0889576435036	0.0	555.2623240986676	1209.9787188453156	0.0	622.784615252515	1166.5027113796627	0.0	578.1022340079961	826.84405127501	0.0	539.6780260685223	996.5060478182169	0.0	530.5587900441129	1187.7986790170664	0.0	470.54935857590243	1227.6185134669538	0.0	488.5777714107152	1230.3612910987445	0.0	539.9791243489992	1214.8252455124461	0.0	513.8257186347362	562.5443806555819	0.0	439.20157643127726	461.4007693185785	0.0	447.6789014733484	544.569442352776	0.0	478.98650981488043	597.9326676724149	0.0	468.64927670465084	712.6164276290745	0.0	410.36652682695865	800.4577504485403	0.0	576.9880728154646	580.673943798745	0.0	608.6934660180999	706.6942058628721	0.0	582.9431661520432	785.4598425062071	0.0
211	7.049103139013453	542.8463274094613	824.6686406592904	0.0	510.6208132267213	830.9446881142903	0.0	467.0335848390223	1003.9265492615771	0.0	579.1162842738531	1147.767675350806	0.0	554.1255130015585	1214.2936824949043	0.0	547.0320458375714	1209.4492781661188	0.0	610.5616613898333	1163.3903448144035	0.0	574.052634430752	827.562606725285	0.0	539.8413939357357	995.6949637874352	0.0	526.9268792744537	1188.5906888002048	0.0	471.6329143382317	1227.5455700336593	0.0	490.83772904491667	1230.6871049291701	0.0	536.3452194895658	1216.4528529221336	0.0	511.0653420683848	561.9915940735061	0.0	439.4535342245857	458.98152994150576	0.0	444.9379500867573	542.4963121924521	0.0	475.0528828186034	596.7253073244373	0.0	468.14637153272855	711.5031842719577	0.0	410.562529397938	799.7707370968177	0.0	576.4568630496083	580.9682970077513	0.0	607.7245596408948	710.0050664171857	0.0	577.8969069773589	794.6146690345097	0.0
212	7.082511210762331	538.1687369044939	825.0975440786235	0.0	505.57604123678334	831.146735575903	0.0	459.1402276232627	1004.8280344977196	0.0	564.6462718962015	1150.2151002140286	0.0	542.4262376178694	1213.8601822165294	0.0	534.0343449215535	1210.4493553325867	0.0	595.0275268498019	1168.4888542950412	0.0	570.2569696371415	828.1193622680693	0.0	539.294228852572	995.1563146429337	0.0	524.8958096116008	1189.2908801458623	0.0	474.47745709336306	1228.3799382150012	0.0	498.2548254532301	1230.8878260776446	0.0	534.6461849244381	1216.807312631935	0.0	507.9784896668942	561.0284123726811	0.0	438.0672101353454	456.12636442518607	0.0	441.59258270035764	540.0612056468558	0.0	470.7717465136843	594.4168329424874	0.0	466.3361362946875	709.8774775702964	0.0	410.49085414511705	799.9474973106487	0.0	575.2392102890849	580.3478393531489	0.0	607.0552762300589	713.5505970471088	0.0	568.1066650464268	800.9295820657093	0.0
213	7.115919282511211	534.4923636639315	825.4379735957691	0.0	501.9879397283215	831.2563598832219	0.0	456.578784408991	1006.0290369611348	0.0	547.4565607637103	1159.6934781448685	0.0	511.1037953143421	1218.4339095373334	0.0	507.4999666377886	1214.1054312740182	0.0	574.5915577452581	1180.4661359546565	0.0	567.4604936361195	828.2784925759267	0.0	538.2905089975792	993.5974918838274	0.0	524.5627767658032	1189.2749045318758	0.0	474.76776715526137	1229.9749881989837	0.0	503.41115606375126	1231.9227987223708	0.0	534.6340919424542	1216.6375625027867	0.0	505.3085818448907	560.0051440030503	0.0	436.23044321894065	454.31172561381726	0.0	439.1648164370433	537.4582803724774	0.0	466.03705505969845	591.8669485158675	0.0	462.5068080407168	708.0219507053222	0.0	410.3032100317951	800.7135614950316	0.0	573.6206596460153	580.2231316133172	0.0	606.3961684078291	717.2161732890617	0.0	557.5405541166284	803.2974470718904	0.0
214	7.149327354260089	531.7547356082833	825.5115368619236	0.0	498.1579867497544	831.2966432328277	0.0	458.0282731228799	1007.4907072086694	0.0	527.5778316221691	1173.3913127120406	0.0	469.63146726406313	1228.2580113579431	0.0	470.91126314301465	1221.1216097297965	0.0	550.9962420129723	1196.9811287733232	0.0	565.9849107363074	827.8730195924229	0.0	537.6299345825513	991.7687009867958	0.0	525.0900876261132	1188.046006023911	0.0	474.98732275032376	1232.0529226937758	0.0	505.6636796719466	1232.9588183662902	0.0	536.087947857808	1216.6817479995275	0.0	502.91530476135347	559.0601576712913	0.0	434.8870927891249	453.5350004576977	0.0	437.7586577226884	535.5584698036591	0.0	461.591407188986	590.1920599379905	0.0	458.1993641977254	706.6725274488186	0.0	409.76848429096776	801.4757307623003	0.0	572.4953909107996	580.9990905426088	0.0	606.5961797295116	719.7116364063222	0.0	550.8554554515703	803.3908369531104	0.0
215	7.182735426008968	529.3392413930737	826.0424588854399	0.0	493.178455739923	831.2213203230266	0.0	460.229525642219	1009.2253491164655	0.0	509.10724927416754	1185.5757268555328	0.0	440.19771241301237	1238.5957608193428	0.0	440.97312319209686	1229.1573267920644	0.0	529.889792867817	1212.0895824997324	0.0	564.868399468943	827.573752755154	0.0	537.7935044927676	991.0887465715407	0.0	525.3867190103587	1186.584449272381	0.0	481.75922293021654	1234.1165109047658	0.0	510.05590831045134	1232.9466634010005	0.0	537.5982639818758	1216.9786628445415	0.0	500.5662725326666	558.4303607637733	0.0	434.0757001913825	452.9754635199931	0.0	437.0610031665163	535.2599587075442	0.0	457.6290160678586	589.5797087209802	0.0	454.89328296007216	706.3100779468408	0.0	409.0069657223215	801.5725029413987	0.0	572.2658666768348	581.7767154960435	0.0	607.6525064233668	721.1691545088223	0.0	547.7651956386993	802.3153769944366	0.0
216	7.216143497757847	526.6563292573211	827.0532340048783	0.0	488.1106726570029	830.9270619725827	0.0	461.13695717187034	1010.7101516519963	0.0	497.1543558992166	1191.6135975894238	0.0	431.9540882987518	1244.5149531223396	0.0	428.4664988350778	1234.3848491929173	0.0	516.3868666773268	1219.9740590689078	0.0	562.4535054545684	827.6243942615187	0.0	537.7005451032028	991.6083659847052	0.0	524.2495037044245	1186.5496443231652	0.0	492.20813445029177	1235.687364717274	0.0	516.3092058381861	1232.5964408807097	0.0	537.1630267583649	1217.3352485274397	0.0	498.75153182787045	558.3411488129123	0.0	433.5321214682488	452.37396063683786	0.0	436.8118795034391	535.9210064084548	0.0	453.0903272327839	589.1095340745901	0.0	451.7475281893779	706.1597101300428	0.0	408.6565812517428	800.924809848912	0.0	572.1676095066491	582.7580835281203	0.0	608.1619143377858	722.4507251649735	0.0	546.4042738095261	803.0644364304959	0.0
217	7.249551569506726	523.3827719810387	827.2858018715733	0.0	483.9858224182812	830.4833632151638	0.0	460.61677353992746	1011.5067029764062	0.0	492.7836135788397	1192.0921164753374	0.0	435.0428096140212	1245.865269596876	0.0	428.65726955134045	1235.9056291239851	0.0	510.95770157121325	1220.9854198969751	0.0	558.4511206708265	827.0340435048488	0.0	535.9196143809663	993.027800234614	0.0	521.6641893970045	1187.5908880010197	0.0	498.27271444443795	1236.2673637667208	0.0	520.1432521842136	1232.7309108944946	0.0	534.8413341227331	1216.9958979560247	0.0	497.6466297464944	558.6377125619687	0.0	433.24781861659295	451.7424261937378	0.0	436.6069631311696	535.9479116165771	0.0	447.47008455761636	588.1083518728494	0.0	447.3764359473417	704.9896986522898	0.0	408.5949331044621	799.608490483058	0.0	571.3781443508008	584.2658757321277	0.0	607.5975281302747	723.4721465808267	0.0	545.6620355046825	806.9718121190209	0.0
218	7.282959641255605	519.5870296940739	826.08116473616	0.0	480.36830421247373	830.1518101361341	0.0	459.6671476328696	1011.7547042184461	0.0	492.8538057084973	1191.2080206780422	0.0	437.8951291104535	1245.451815247688	0.0	431.1064038714672	1235.727557850419	0.0	510.41896220140313	1219.6061400567692	0.0	554.6438518366953	824.9552433759885	0.0	532.9134927760434	994.7392838334794	0.0	519.5544276378132	1187.986769387712	0.0	500.05627312590417	1235.7840110690772	0.0	521.3511709519867	1233.0649659887308	0.0	532.7522401333886	1215.5785176866566	0.0	496.5251947487379	558.9662118322734	0.0	433.48527689506824	450.86545398551755	0.0	436.38374374497704	534.7144724044726	0.0	441.92821826159104	586.9454664884789	0.0	442.3092296566722	702.9660087354971	0.0	407.7885438633993	797.5066909305558	0.0	570.0638056833652	584.7520568766301	0.0	607.3216844915615	723.7828398497355	0.0	545.0361265125645	809.9488523986274	0.0
219	7.3163677130044835	515.8494414059496	824.0453769495267	0.0	476.66568262801826	829.9786288251165	0.0	459.0816902961856	1011.485266942205	0.0	493.9417140543864	1191.4450196004625	0.0	437.7014438925302	1245.0646063964248	0.0	431.2649987724088	1235.4715934720516	0.0	511.156117924757	1218.7802805066674	0.0	552.5592732086217	822.1487038040345	0.0	530.1237527760951	995.0212735957921	0.0	519.3134922101976	1187.5416217998168	0.0	501.32210592227443	1235.2637211843269	0.0	522.1571841429098	1233.242074390019	0.0	532.3505334744669	1214.1880399107426	0.0	494.7737797212098	559.029689095004	0.0	434.2479299088956	449.73034837050227	0.0	436.54886600554096	532.9801245113204	0.0	437.39493897730074	585.9185732211515	0.0	437.4803412904324	701.2775547327026	0.0	405.82686980846745	795.491678085048	0.0	569.0221439547639	583.72731723296	0.0	608.5422795766285	723.6940541346106	0.0	545.48894157071	808.5321646634443	0.0
220	7.349775784753363	512.8107626512158	822.2338911816219	0.0	473.22125970775693	829.7817240349947	0.0	458.9487384155802	1010.6369905726948	0.0	494.6334780713893	1192.1140107736583	0.0	436.8825006147181	1245.1478713758854	0.0	430.6766248236905	1235.6114690039692	0.0	511.31762972434086	1218.763552710966	0.0	551.4812691336223	820.4630925891448	0.0	527.9162099793541	993.2672182475885	0.0	520.0489094605242	1187.218468729002	0.0	502.5406546962483	1235.971648636573	0.0	523.0309189973916	1233.261275218479	0.0	533.0872849953208	1213.759520537854	0.0	492.4635961721493	558.6666662180996	0.0	435.120695568616	448.4793368837833	0.0	437.3226367730109	531.6950159787355	0.0	433.05564367056155	584.9541593434312	0.0	432.093765374255	700.3477262340747	0.0	403.6592427570569	794.8880215493263	0.0	568.9569005363776	583.1167867490301	0.0	610.6439664369933	723.619313133647	0.0	547.4373658898478	805.3188398916444	0.0
221	7.383183856502241	510.589773750475	821.4787147859095	0.0	470.41717225532005	829.4963924110167	0.0	459.2664006685352	1009.8217010596363	0.0	494.9024032423944	1192.2787732848506	0.0	437.36022627983886	1246.1625009616773	0.0	431.18572267266404	1236.367316233878	0.0	511.34654230563945	1219.3544858208472	0.0	550.0173507443723	820.6499235212501	0.0	526.1207006395948	991.6664405867812	0.0	520.6858591391385	1187.314138637079	0.0	504.3516350309727	1237.4563337708717	0.0	523.7062144521417	1233.0939400333427	0.0	533.877151530126	1213.9553030135187	0.0	489.95081256908566	558.0374341126058	0.0	435.5925382910167	447.08162356563344	0.0	438.2409295201655	531.1954476361551	0.0	428.04894198210826	584.3103521978791	0.0	425.7830496901134	699.5744337968653	0.0	402.22733495436387	795.1432966196104	0.0	569.8042235412648	583.5102671777353	0.0	612.4433545622492	722.9932790509132	0.0	550.5400389722269	802.9359561329918	0.0
222	7.416591928251121	508.86343665105557	821.7657923814131	0.0	468.04959086296304	829.0460337018308	0.0	460.0107543274343	1009.7036394705519	0.0	495.1997814128812	1192.6485444352566	0.0	439.4232280645348	1248.2996426109253	0.0	432.71961746630683	1237.5385634739648	0.0	512.1605264085536	1221.0687136163385	0.0	548.3915745220721	821.4577537591971	0.0	525.225481248665	991.5238868083226	0.0	521.5819911517664	1187.2947145452429	0.0	508.5290317999257	1238.0848980180863	0.0	525.0307174784268	1232.6783203872762	0.0	534.2896088435665	1214.1531005520267	0.0	487.54659393003686	557.8344711808418	0.0	435.5253697617197	445.6660593078309	0.0	438.84445326986906	531.3395601662891	0.0	422.9420047037419	584.4309135198679	0.0	420.2058182696034	698.520822588593	0.0	401.07752947696656	794.7212611036402	0.0	570.0919784305013	583.142929855688	0.0	613.6905033455004	721.0606053735341	0.0	556.5136497148598	798.0140461449903	0.0
223	7.449999999999999	507.29620196859844	822.5514390709391	0.0	465.72566156232534	828.5485563344689	0.0	460.88906933761035	1009.9062068768226	0.0	495.78964699465416	1193.6252228063622	0.0	443.1549351598623	1250.4289882509706	0.0	434.99452417721716	1238.3906792776736	0.0	513.2102251985132	1223.3833012461866	0.0	547.6517749861346	821.7831758582212	0.0	526.0189757407909	991.527787975728	0.0	523.0828680614128	1186.3462687003862	0.0	515.1556872386014	1237.6684774396333	0.0	528.2256604470118	1232.2884403209616	0.0	534.1568056015136	1213.8926106500467	0.0	485.5075755826939	558.4424438313888	0.0	435.6274593479412	444.5741120349598	0.0	439.32356121015596	531.4937776401207	0.0	418.6182718852636	585.3630143873016	0.0	416.3227579763627	697.7230648916716	0.0	399.3464245238148	794.0753525991641	0.0	568.6193045606227	581.3597042670946	0.0	614.5312672824413	718.3941828836928	0.0	565.99105796284	788.172491630427	0.0
224	7.483408071748879	505.8650711650474	823.5439470828395	0.0	463.27992116040093	828.8707035337092	0.0	461.6594483002545	1009.5458568400024	0.0	496.20357110257476	1193.5605039650256	0.0	448.4165759680299	1250.9033862493077	0.0	438.22597519997447	1238.5446369827237	0.0	513.4637846779368	1223.8465335965004	0.0	547.9079219551479	822.4058175255918	0.0	528.5983509345054	991.8568068625638	0.0	524.3173927074887	1184.3423895459903	0.0	521.3605156412107	1237.2364010384872	0.0	530.6402982300077	1232.4908921053186	0.0	533.2999608641195	1212.9933894196652	0.0	484.12019704166903	559.0217639489543	0.0	436.8131973904971	443.9395058714423	0.0	439.9341543488908	530.9546901014015	0.0	415.1599317288509	586.233822067555	0.0	413.171252848955	697.6238119300051	0.0	397.36498351863315	794.7179963357264	0.0	566.7348299380014	579.9739281389137	0.0	615.1668863624337	716.4999109402473	0.0	574.9580970676337	779.2565446999353	0.0
225	7.516816143497757	504.604851300294	824.8055385473529	0.0	460.97681450414143	830.7219200484965	0.0	462.1742543147833	1008.4112185851366	0.0	495.78326598669065	1191.1918269688547	0.0	453.78295140079314	1249.5206557538966	0.0	441.9996122111217	1238.2095974198714	0.0	512.7872014984564	1221.2543627472128	0.0	548.538666845104	824.7187624673551	0.0	531.7535289838344	994.2527974894275	0.0	524.5211707927303	1182.5367974807796	0.0	522.8510703047805	1237.3375471605461	0.0	527.7344027666772	1233.7923280932575	0.0	532.0837353417302	1212.1062630056533	0.0	483.626855295516	558.9553951676094	0.0	439.0522729837763	443.6643580663845	0.0	440.6279633983996	530.0062545940872	0.0	412.1757325328905	586.1628860055475	0.0	409.97195809007627	697.6993770817435	0.0	395.9136709470614	796.2293640211811	0.0	566.6338522515437	580.6188622708465	0.0	616.0352851122597	716.1746221961715	0.0	578.4545138399192	779.5229288603805	0.0
226	7.550224215246637	503.28823309493083	826.252348200343	0.0	459.2119253884816	833.3760592810559	0.0	462.2015762152888	1007.229026119024	0.0	494.7589636115361	1187.8298488960565	0.0	457.4438372420717	1247.5084412442002	0.0	445.2356656072261	1237.6179621595238	0.0	511.6751055421939	1217.7471052779536	0.0	548.9536606228407	828.6028238006852	0.0	533.9672470887148	997.7899117902231	0.0	524.6012580362282	1182.192453454309	0.0	518.6134339343228	1238.2536509781673	0.0	522.2968521351787	1236.3728558374946	0.0	531.6520996254594	1211.9830128660126	0.0	483.6986053318107	559.066824376081	0.0	441.3577453808176	443.36216993212577	0.0	441.5649844203398	529.7259723196435	0.0	409.3541143959503	585.8827718776138	0.0	406.71999954543134	697.8615134889142	0.0	394.75895737229877	797.297137480473	0.0	568.3584355065423	582.6226951709364	0.0	617.2360322433357	716.8997687032233	0.0	575.6319013391095	790.0407815825628	0.0
227	7.583632286995515	501.9224788602601	827.1170485228541	0.0	457.912645727812	835.3349131863475	0.0	461.77687640301184	1006.7665347946489	0.0	494.32497810133214	1185.3434200600232	0.0	459.1157578798286	1245.6098247146545	0.0	447.19271027612257	1236.61360608736	0.0	511.1592871782483	1215.6287807090955	0.0	548.8392382846644	832.0919231973369	0.0	535.382937083627	999.781734460457	0.0	526.0826536478204	1183.0520949003367	0.0	513.0284604973263	1239.7121112535388	0.0	521.0502167843108	1239.3494873788143	0.0	533.0234411487121	1212.179050206966	0.0	483.35431428531626	560.1629797951966	0.0	443.146350610918	442.8310751642688	0.0	443.54236671780285	531.0045718677588	0.0	406.44549290134995	586.6034466558136	0.0	403.35226297135904	698.7170484240434	0.0	393.3933268750826	798.0438573518511	0.0	570.2205797947202	584.1833468834225	0.0	618.4317823316023	717.5760271882003	0.0	570.7445418363748	803.1945422315368	0.0
228	7.6170403587443944	500.9386890341338	826.8599986590614	0.0	456.6266456138364	835.7993673254549	0.0	461.39914628295446	1006.9671909206556	0.0	495.0269310221833	1183.9304399494192	0.0	459.79058017510147	1243.3275465947684	0.0	447.58016233493765	1234.3183178771483	0.0	511.56221314959595	1214.2464212070897	0.0	548.4298957198777	833.2781570001446	0.0	537.4863882994489	999.7648625791448	0.0	529.3773619082275	1184.33753085573	0.0	510.65545199808315	1240.5532629435288	0.0	523.3951796227026	1240.8939330155895	0.0	536.2169300675816	1212.2301941537685	0.0	482.2585623777818	562.0332568028687	0.0	445.64092253927794	443.0152506702463	0.0	447.47785033944444	533.8380741096427	0.0	403.4133478687547	588.0502786714936	0.0	400.0109363880758	700.0491339977659	0.0	392.2561134320666	799.0108919609853	0.0	571.47163724979	584.9377525104101	0.0	619.3860334692992	717.4848806181229	0.0	569.6102955339837	809.8349291201216	0.0
229	7.650448430493273	500.5268968742737	826.1194153039407	0.0	455.27775521135374	834.9982542881992	0.0	461.4471089242042	1007.2895601215096	0.0	495.7336099467589	1182.9717573446922	0.0	459.9970186647322	1240.621268881742	0.0	446.76661453932223	1230.5670939922584	0.0	511.48190766614033	1212.1860159237142	0.0	548.2563276411398	832.0202139770029	0.0	540.9997201397065	998.2588098461562	0.0	534.0475563416081	1185.33397997311	0.0	512.215838418159	1240.3069133494519	0.0	525.939141707136	1240.0570049161336	0.0	540.1232773981567	1212.616147845485	0.0	481.50595599162415	564.2237297918102	0.0	450.31383976277147	444.65233755243156	0.0	453.50170136773966	537.162865707739	0.0	400.89988225845565	589.4394639669105	0.0	396.956718396119	701.4103341162173	0.0	391.9746461413127	800.0016182297569	0.0	573.0475219137356	586.1700609685936	0.0	620.0458605899948	716.2091231252734	0.0	574.4288143223818	807.58041799548	0.0
230	7.683856502242152	500.50458667504614	825.5954072747065	0.0	454.2132360379005	833.6608087556979	0.0	461.5563049168424	1007.3839751661518	0.0	495.6688847010453	1182.407524563749	0.0	459.0194683453359	1238.9788181461674	0.0	445.8757482567352	1227.5389895488065	0.0	510.3210530601305	1210.421141054752	0.0	548.4760894408968	829.6193592451721	0.0	545.400534371474	993.8735088946378	0.0	539.1522210957332	1184.925932238199	0.0	517.177399093363	1239.5854863023956	0.0	530.8829150427918	1237.7758648936099	0.0	542.9384426627208	1213.0448332181852	0.0	482.25797563877	566.5849425022135	0.0	456.43970453351085	446.58575096404206	0.0	460.8197439817686	539.9308943085936	0.0	399.6763403318366	590.7785354296742	0.0	393.9856173848196	703.0162021389383	0.0	392.2290611281319	800.6396685308925	0.0	575.3537955835936	588.060439716034	0.0	620.472641199372	713.9876439871322	0.0	581.632597014442	802.5437995151894	0.0
231	7.717264573991031	500.7397605285008	825.1925872676644	0.0	453.6080830670882	832.5086542490029	0.0	461.22299732040733	1007.394038913165	0.0	495.4431490344853	1182.0760199493652	0.0	456.3194171353932	1239.2569291737823	0.0	445.09048690218714	1227.238618933376	0.0	509.1522156822146	1210.1468637840528	0.0	548.8788372586159	827.4510152491781	0.0	549.9497500457302	986.9401435931227	0.0	543.4596105694234	1183.4840312178362	0.0	524.2291552902814	1238.8993522605158	0.0	539.6464977770265	1236.1798086813335	0.0	544.1800576904419	1212.7266081183832	0.0	484.2577421245235	568.514859733878	0.0	462.753591320106	447.31864757101044	0.0	468.29913263914784	541.4383097818505	0.0	399.50490661688127	591.8311822689374	0.0	390.89697396242696	704.6513984521955	0.0	392.1420230360345	800.8299131149407	0.0	577.6496321264226	589.0847070131523	0.0	620.8115605354786	712.2736160473531	0.0	586.4967713604025	801.8859618113131	0.0
232	7.75067264573991	500.9530790632132	824.5290566973733	0.0	453.4398838397537	831.7103028704049	0.0	460.7798688967328	1007.5546403130489	0.0	494.9229527780721	1181.0676535675125	0.0	453.85695995506074	1240.1728326071272	0.0	443.8014605413271	1228.681604105242	0.0	508.09400612094413	1209.6780277271448	0.0	549.2075452781353	825.905422201587	0.0	553.8654718961398	981.7532647395644	0.0	547.0352370159012	1182.8885650006728	0.0	530.2408355963297	1238.1640128352853	0.0	548.3557229414532	1236.352713037532	0.0	546.1694065556716	1212.032914239374	0.0	486.28530021270484	568.8859878523848	0.0	469.6887858991097	446.90991381979666	0.0	475.2570965612811	541.2327574983751	0.0	399.54104511932775	591.9236637732282	0.0	387.9120656142076	705.6330174107218	0.0	391.26356690584765	800.8443238907806	0.0	579.9689882237428	589.0440521863326	0.0	620.9260897541666	711.6604262140885	0.0	589.5073811020887	805.0554232819749	0.0
233	7.784080717488789	500.67464813774234	823.457804965819	0.0	453.5548579594631	830.8166864508825	0.0	460.86706949328345	1007.4109270276305	0.0	493.3014689936407	1179.1606968907915	0.0	454.61142991950487	1240.3322371291172	0.0	442.7752213245835	1229.660601205972	0.0	506.2549711836993	1207.3876737799576	0.0	549.2970170506528	824.6040650900574	0.0	556.1901739555657	980.7266596123602	0.0	551.1792964548839	1183.0101532543072	0.0	533.977834766373	1236.9025430731429	0.0	554.8780875958474	1236.9336934929802	0.0	550.8972541973649	1211.6845185505053	0.0	487.6026608722168	567.9097228001064	0.0	477.7367387686644	446.5396418627176	0.0	481.5740230824901	540.1462108120471	0.0	399.64405853100595	591.3661783449395	0.0	385.4325640536719	705.8691343174868	0.0	389.9103998565353	800.9134975099938	0.0	582.321150030305	589.0943751915983	0.0	620.4429746749703	710.7540631807777	0.0	593.7386727331926	807.061976497178	0.0
234	7.817488789237668	500.05424867477336	822.5952562355903	0.0	453.68935346879323	829.6870836391004	0.0	461.468421136782	1006.422466304817	0.0	491.21309706269534	1177.5226376614273	0.0	457.8930238063971	1240.0796674932958	0.0	442.8249206082581	1229.7920542449724	0.0	504.1098170617695	1204.8011082933476	0.0	549.3853104145087	823.4447987029765	0.0	556.8782504886169	981.8676723374006	0.0	556.3611406240523	1182.2533151347764	0.0	537.3522500758982	1236.0306962843517	0.0	560.9719787134621	1237.2060290720608	0.0	556.8909334440388	1212.077836101425	0.0	488.6186043385141	567.1300212094443	0.0	485.62996977994936	447.09577613905753	0.0	487.08269385164203	539.450434960095	0.0	400.55713990152543	591.0441524942411	0.0	383.8413335710473	705.7490662088574	0.0	388.78960614826707	801.0641182253402	0.0	583.173581212249	588.5510131678329	0.0	619.4659157364479	708.3524297047569	0.0	598.6064440212367	806.9354484574154	0.0
235	7.850896860986547	499.8661557604711	822.7958860153574	0.0	453.8436211697146	828.8136171269252	0.0	462.2024309482929	1005.1512694481492	0.0	489.96692174462567	1176.9841229655115	0.0	459.8003421395677	1240.0501980925576	0.0	443.17406583120385	1229.9780622913258	0.0	503.0612465655119	1203.5394625621204	0.0	549.8857707095439	822.8467064994484	0.0	557.0496677076142	982.9575009682864	0.0	561.9127661516076	1181.2350775825296	0.0	541.6405403572503	1238.0291423934386	0.0	567.4849882008334	1238.9076680910111	0.0	561.9428963024326	1213.389032811337	0.0	490.1294965733532	567.0874506130111	0.0	491.83584829393953	448.4781484403469	0.0	491.72860455789584	539.230225768018	0.0	402.6809451154078	591.1109413946333	0.0	383.11423572548665	705.5802735715654	0.0	388.2763732494365	801.4089623444123	0.0	582.1217733428966	586.1168700547584	0.0	618.4132997079013	704.513892727112	0.0	602.0256641094078	805.1912216629725	0.0
236	7.884304932735425	500.5082129523257	823.4444705476259	0.0	454.14621859677214	828.3099414526283	0.0	462.9737129382354	1004.4460902993619	0.0	489.6332542111984	1177.186406980237	0.0	458.76393827389376	1239.5944334118037	0.0	443.12577148713393	1229.9109114019461	0.0	503.0393056377141	1202.9860469195166	0.0	550.5830683453403	822.7908065677918	0.0	557.4472923121272	983.3160987366044	0.0	566.7424756276101	1182.1376886962596	0.0	546.297475022121	1242.6531288807867	0.0	573.708924743364	1242.6055572010857	0.0	565.8919843642608	1214.828554876355	0.0	492.152165644786	567.1977034796317	0.0	496.69491184343434	449.8726739510668	0.0	496.2629361173145	539.1286621937767	0.0	405.00634894168974	591.2571325755633	0.0	382.8228483418016	705.4899433435928	0.0	388.0939846748357	801.9219134748124	0.0	581.3584792612828	583.2778209638504	0.0	617.0478568272129	700.0270949738119	0.0	604.3865872194134	800.5179228185821	0.0
237	7.9177130044843045	501.5877772094028	823.2714140665352	0.0	454.40049527357814	827.741855872699	0.0	463.69114536106747	1004.1174116889674	0.0	489.5279226379366	1177.5746454280875	0.0	456.9140586708951	1238.5913815573658	0.0	442.96535421163037	1229.2924272095163	0.0	503.14488681093974	1202.6351918206403	0.0	550.9085393289647	822.6293807673469	0.0	557.813880147501	982.5375867345417	0.0	569.6470395671874	1184.8509248603257	0.0	550.6991000020776	1246.297648797448	0.0	579.198412812309	1245.9902507193335	0.0	568.8587967518871	1215.1039397321185	0.0	494.10679909338654	567.3101397346081	0.0	501.3958381711441	450.65009135260004	0.0	501.57661346033456	539.2422243735723	0.0	406.61781320310325	591.3122023798629	0.0	382.7556261517466	705.4663170151371	0.0	387.8418462695762	802.3381136670203	0.0	582.3917329034158	582.2943018996917	0.0	615.039964600895	696.2818148144751	0.0	606.3598116038537	795.3815163323513	0.0
238	7.951121076233183	502.35112725716147	822.809115147223	0.0	454.54519318947195	827.0896673170374	0.0	464.09337433855325	1003.7465878828008	0.0	489.4201384324847	1177.8615494483445	0.0	456.37529632430005	1238.3075079404496	0.0	443.1294496047537	1229.5135716202703	0.0	503.31547097244123	1203.1700663660595	0.0	550.9743039808517	822.4503290961858	0.0	557.9383119605471	981.167044519821	0.0	570.254705437343	1186.8352176873261	0.0	554.6422817308937	1247.149215715522	0.0	583.5588467427248	1246.752568829086	0.0	570.2206145959941	1214.2437483094236	0.0	495.8133796536384	567.6411586758659	0.0	506.0855463004869	451.23429496697116	0.0	507.39061123301605	539.5810301670188	0.0	408.32177255974193	591.233180437509	0.0	382.93955061334617	705.3903474707637	0.0	387.53621988810926	802.4884610256271	0.0	584.1433256118562	582.7782015681466	0.0	613.4214202918432	694.3848313730329	0.0	607.3142006604727	795.012318282689	0.0
239	7.984529147982062	502.49267715142213	823.0937835647251	0.0	455.1124996156678	826.5844287581359	0.0	464.4500019433213	1003.5206000988212	0.0	489.33220883647056	1177.8621988594118	0.0	456.9857849201783	1238.9403178152288	0.0	443.5398733634431	1230.8901280099462	0.0	503.46513607086774	1204.4480305274	0.0	551.2762905632918	822.8593420129623	0.0	558.1187475894258	981.0411405607317	0.0	569.4845650709126	1186.7271272093437	0.0	557.4808889447091	1246.600680014969	0.0	586.180050192957	1244.8053153296823	0.0	569.9037006294807	1213.2330015876487	0.0	497.6289041700908	567.9515850000911	0.0	510.4696786037231	452.4653422913324	0.0	512.5205659934551	539.7341040569769	0.0	410.7983895198354	591.1021805753161	0.0	383.2934694620354	705.2365314174697	0.0	387.31530848505713	802.5413235048876	0.0	585.0198942524777	583.0768734892717	0.0	613.5054728284256	694.0182952939896	0.0	607.4367327353707	798.4632943508774	0.0
240	8.01793721973094	502.550059893114	823.4479925448651	0.0	456.315341288863	826.3024148902356	0.0	465.2417600057777	1003.4682675589971	0.0	489.22029288543064	1177.740010749785	0.0	457.4630907830567	1239.3133846102025	0.0	443.7685384619792	1231.6573896466296	0.0	503.19933092956796	1205.0632784382708	0.0	551.6883991476689	823.4921670691407	0.0	558.4488632019657	981.8551817840422	0.0	568.6441941528246	1185.4436586421446	0.0	558.527126935872	1246.049597640346	0.0	587.04241765121	1242.0140700473921	0.0	568.5559920137783	1212.384655154411	0.0	499.87818001428604	567.9145867423405	0.0	514.3199064727992	454.2393777621771	0.0	516.1897344033981	539.6344007121168	0.0	413.14719953381024	591.0051410982772	0.0	383.74378038480063	705.1041306319518	0.0	387.0432267682519	802.7846621689787	0.0	585.266682916263	583.1938124896283	0.0	614.6705223749439	694.2821684760899	0.0	608.0429422840128	800.1446953872221	0.0
241	8.05134529147982	503.17857849242995	823.1145518954644	0.0	457.50803691526113	826.4999795475317	0.0	466.1609989316125	1003.3915491183229	0.0	489.2029366274365	1177.929799994981	0.0	457.3264296478468	1239.046558215957	0.0	443.7369034926971	1230.9478208086741	0.0	502.6021995365916	1204.545928086024	0.0	551.8133636596948	823.5938054609935	0.0	558.9098664160965	981.0587721126229	0.0	568.5544656154807	1184.4437938143565	0.0	558.6023390093337	1245.592853703362	0.0	587.1656957692466	1240.6602228037102	0.0	567.0680406938445	1211.7141991149854	0.0	502.472055194966	567.6607782055062	0.0	517.2951518290934	455.62673330571704	0.0	518.8486238324244	539.7727025276752	0.0	414.76087957247194	590.808539767668	0.0	384.4517270302149	704.8522376151874	0.0	386.49278563872514	803.1287059181717	0.0	586.4807700194892	584.2960511612639	0.0	615.5314567122829	695.1453024164178	0.0	609.4851769069842	799.1472820771515	0.0
242	8.0847533632287	504.39323710817536	822.6087346077314	0.0	458.2896658411734	827.2661753125124	0.0	466.67672333091906	1003.4657126989588	0.0	489.33748172301085	1178.2715559518863	0.0	457.0651508252206	1238.5505868183468	0.0	443.71178634417066	1229.6445644112232	0.0	502.02237101503727	1203.8867173456506	0.0	551.8072564702693	823.2825052686436	0.0	560.0068929013207	979.430698376229	0.0	569.1508325342294	1184.3025337873078	0.0	559.2195901366237	1245.011616062598	0.0	587.7082261555249	1241.3443495525185	0.0	566.2422540223914	1211.522092854255	0.0	505.129176315744	567.4130903792548	0.0	519.7430928675956	456.0028322329357	0.0	521.6918261924377	540.2347141552025	0.0	416.550477621113	590.4406902677161	0.0	385.7590871085995	704.1815483306763	0.0	385.5704009763263	803.3910028699322	0.0	589.1088437100665	586.2920846551866	0.0	616.5045113893818	697.3566148720852	0.0	610.7287613940139	799.238506081659	0.0
243	8.118161434977578	505.73763491085145	822.5057446743939	0.0	459.08031676504623	828.2479987480103	0.0	466.88069198147906	1003.8534196188216	0.0	489.4509765891833	1178.1119043311783	0.0	457.0737719768016	1237.779989863276	0.0	443.8775366857553	1228.6688297806975	0.0	501.7353065906318	1203.7049655404262	0.0	552.2005344460977	823.2588929787884	0.0	561.8849160103916	980.2799002510656	0.0	569.6619182356017	1184.5637980825788	0.0	560.3787088470445	1244.2368842240737	0.0	588.5130538506069	1242.5114763498502	0.0	566.2122123387286	1211.6015039869635	0.0	507.64467444961116	567.2574565161755	0.0	522.4476215823906	455.52590869213344	0.0	524.9602963081499	540.6481611641533	0.0	419.27863720458544	590.0380258703431	0.0	387.63542018314416	703.2899801983851	0.0	384.37450533466944	803.7748609163618	0.0	592.1732545472839	588.0218469452416	0.0	618.7493834552033	701.1293028274399	0.0	611.3377121884631	801.8636001570413	0.0
244	8.151569506726457	506.8488051543246	822.8231272175188	0.0	460.2493475335935	828.9036350884782	0.0	467.1543027959084	1004.4145589740392	0.0	489.39175104944144	1177.4028737655647	0.0	457.26903182113557	1236.6732045695342	0.0	444.14742840835476	1228.2101821323688	0.0	501.6607286373577	1203.7615915693516	0.0	553.2129282398246	823.7894354737148	0.0	563.5142369142247	982.999358919621	0.0	569.5561051111093	1184.7274968566692	0.0	561.0418895800846	1243.3769545338691	0.0	588.321448512538	1242.5518255333445	0.0	566.5056187546514	1211.1795805354313	0.0	509.89415583925387	567.0422731257885	0.0	525.3745118209998	454.57375412045224	0.0	527.8462536636079	540.6285723854203	0.0	422.3277983548815	589.4437368302215	0.0	389.3966962595801	702.7406711545154	0.0	383.39257354082	804.4050161453875	0.0	595.1857102589605	589.1121758659787	0.0	621.6908643802641	704.946914311375	0.0	612.3178733740765	804.8198907489403	0.0
245	8.184977578475335	507.8673029140728	823.4091732343707	0.0	461.7185046081025	828.863611998022	0.0	467.7459241772651	1005.1410536682757	0.0	489.25122131900014	1176.72641295835	0.0	457.3950235841179	1235.7931322257966	0.0	444.20684481525893	1228.127732671098	0.0	501.5216255954004	1203.8894634866	0.0	554.6363779864231	824.68569971525	0.0	564.2961994147405	985.1250860897078	0.0	569.0939708432577	1184.7073852203823	0.0	560.9952348118527	1242.8483721875582	0.0	587.0471314529249	1241.7051618499768	0.0	566.6301910635474	1210.4912426802618	0.0	512.0909795120775	566.3948734843253	0.0	527.9354537180648	453.0839559818346	0.0	530.3236102293187	539.7046071150639	0.0	424.9224433017738	588.3098681148937	0.0	390.69371122397916	702.3630919415976	0.0	383.3711450743554	804.7349230395332	0.0	598.2960900156859	589.9990997401333	0.0	624.0775928454162	707.1553494675026	0.0	613.9779169213974	806.4664606988149	0.0
246	8.218385650224215	509.0781652786746	824.0035542718339	0.0	463.3475138757511	828.3830096902078	0.0	468.7498849258094	1005.7253070763999	0.0	489.44558330142144	1176.5268152301496	0.0	457.29419347237433	1235.619523731469	0.0	444.25782707898907	1228.2504205207488	0.0	501.51478385522927	1204.072258533425	0.0	556.4096985915193	825.7070523373109	0.0	565.1169174230515	987.2014261983503	0.0	568.7769294804256	1184.338428778374	0.0	560.8973225060016	1242.920118058821	0.0	586.2515552943946	1241.1433893493993	0.0	566.3189628793965	1210.6529246243822	0.0	514.6154824128542	565.6719695097431	0.0	529.9431861545288	450.8391070523813	0.0	532.8009884389702	538.5655398531329	0.0	427.2318730977475	587.0007603976544	0.0	392.1085035558349	701.2652050471567	0.0	384.4230113994867	804.0194894440206	0.0	601.3637791806534	590.8312815165729	0.0	626.1891101935486	708.1954085117976	0.0	615.0082097774875	807.2692845240155	0.0
247	8.251793721973094	510.3466470865444	824.1356243922716	0.0	464.89819121708365	827.9322521916628	0.0	470.0170637522257	1005.05159081526	0.0	490.0994133728019	1176.662870426118	0.0	456.9688734746119	1235.8584888292744	0.0	444.92137181791105	1228.285824054295	0.0	501.8362225502895	1204.064762079903	0.0	558.5247460762158	826.4197955387524	0.0	566.4756298272736	989.6262550246747	0.0	568.7963011476118	1183.6201717424603	0.0	561.075353240115	1243.1314465157604	0.0	586.5624959441162	1240.9404489096437	0.0	565.6671586143067	1211.2057300191152	0.0	517.3343682766192	565.4852252175405	0.0	531.4257163647493	448.2189010151646	0.0	534.6046377921363	538.3057467636002	0.0	429.7132924911372	586.3093703975236	0.0	394.1835924438112	699.272999653966	0.0	385.9037028257423	802.3679080182699	0.0	604.208991576702	591.3378140720758	0.0	628.6639142725353	709.443485789213	0.0	614.8393708552691	807.8578611300422	0.0
248	8.285201793721972	511.5738607005724	823.6574005201036	0.0	466.13419278139804	827.6909558295541	0.0	471.07504456010963	1003.0312977880926	0.0	490.6839021665419	1176.739344861321	0.0	456.4424185850559	1235.8808777489864	0.0	445.8496869377601	1227.9349134159638	0.0	502.0828967420296	1203.7603909957613	0.0	560.5671872395314	826.7498694949963	0.0	567.5088146753211	991.0591116604845	0.0	569.2618291224017	1183.3406581997262	0.0	561.053070678142	1242.9007423022001	0.0	586.8508614957694	1240.680362696177	0.0	565.3908532843416	1210.8161023559105	0.0	519.7182732614978	564.8542535746409	0.0	532.34476100074	445.9987748734773	0.0	534.8165761701014	536.9635760383361	0.0	432.02086050890506	585.9934751969703	0.0	396.7408207866093	697.3293383212568	0.0	387.5906405086094	800.5178204172068	0.0	606.9817451485878	591.6865144962964	0.0	630.9580983120857	711.7362091759197	0.0	614.847982453078	808.3243399725551	0.0
249	8.318609865470851	513.1769785809366	823.0157551574113	0.0	467.40040978304705	827.7584998694747	0.0	471.7343411801518	1001.5716010781865	0.0	490.91174032010053	1176.758305142635	0.0	455.92356758710577	1235.6016447938573	0.0	446.0600177035549	1227.3626164084626	0.0	501.90772164008456	1203.7004024536946	0.0	562.3756154290817	827.094031403185	0.0	567.6981578834958	991.4351922022037	0.0	569.9750910677021	1183.8519149645188	0.0	560.4516676532056	1242.5004862470007	0.0	586.5201168842283	1240.5746201320967	0.0	565.5136947139079	1209.894725584388	0.0	521.6133764743602	562.760932729943	0.0	533.0996283370009	444.3153264632785	0.0	533.8366490322293	532.5689131198792	0.0	433.4193924262215	585.0026123626935	0.0	399.41947794165003	696.3125583665465	0.0	389.8066468389468	798.9407400084433	0.0	609.6766881047829	592.3069020358282	0.0	632.7859638874219	714.4988631769885	0.0	616.8971888129328	808.7332810370445	0.0
250	8.352017937219731	515.4056798292235	822.4857789329732	0.0	469.23953641354757	828.1503243553409	0.0	472.418534798824	1001.8984001522408	0.0	491.04004252917764	1176.8308434637904	0.0	455.9566865213351	1235.4428397413535	0.0	445.53657902780975	1227.0689473115392	0.0	501.48098314187416	1204.5142296928389	0.0	564.1444941926349	827.3997972119297	0.0	567.7462011763988	991.8310082175959	0.0	570.0355704482554	1183.9968240074738	0.0	559.8218815610743	1242.5420322913562	0.0	586.2089691702816	1240.4454382320298	0.0	564.3265102748275	1209.4922519771765	0.0	523.5454506902881	560.507592993783	0.0	534.2426227052682	442.3390234285133	0.0	533.5696517219402	528.0438964879819	0.0	434.3790078584241	583.2626626236105	0.0	402.31789239527853	696.1604490837647	0.0	392.31085009831173	798.0876376972376	0.0	611.8648998762367	592.8661415925372	0.0	634.9803481099283	715.7073422830151	0.0	621.4705115650324	808.6700518229468	0.0
251	8.38542600896861	517.7187518847256	821.9019594471816	0.0	471.3482642984311	828.5233430204937	0.0	473.1976138919974	1003.0981069684524	0.0	491.1600341848461	1176.8206193647802	0.0	456.64654090894834	1235.576746819765	0.0	445.1420550962779	1227.0303972155516	0.0	501.103511424212	1205.8454912505276	0.0	565.5848040109358	827.3346448896324	0.0	568.5309785272482	992.8976900208436	0.0	569.1110258199802	1183.3911548233061	0.0	559.9660383759253	1243.1104533918442	0.0	586.1413214155791	1239.8976318492978	0.0	561.4879018291136	1209.6645000810765	0.0	525.995126868021	559.1713208239712	0.0	535.6664527121519	439.38040363507736	0.0	535.4751582240781	525.8854527947176	0.0	435.9855908597959	581.8137635975462	0.0	405.6516802676903	696.4065261099382	0.0	394.3095083983662	798.5574416083442	0.0	613.5837749687591	592.7506246832415	0.0	637.925392668872	714.7185172283199	0.0	626.8224273047857	807.0981515211746	0.0
252	8.418834080717488	519.4733335001204	821.239666559098	0.0	472.9771711492353	828.4382993855968	0.0	473.6186163031455	1003.9413608668203	0.0	491.08419473475726	1176.730664358051	0.0	457.238889099663	1235.8227733093338	0.0	445.3496047172107	1226.7322406631502	0.0	500.78610793010694	1206.5282031769295	0.0	566.6540607484413	826.9931599711372	0.0	570.1849213549183	994.594956446045	0.0	568.1517087561563	1183.5646362746338	0.0	560.7829632046702	1243.779083756902	0.0	585.9245034824222	1239.4185819987633	0.0	559.5124046403811	1210.0650360102106	0.0	528.5752465341751	557.4329669978821	0.0	536.9478960159413	436.140727792538	0.0	538.2466322072335	523.0774945952115	0.0	437.83869260978014	581.279687019093	0.0	408.9900506533169	696.9920593198576	0.0	395.5310758849789	800.1454882571478	0.0	615.8200163910025	592.111016853828	0.0	641.1143180386607	713.2788249452881	0.0	630.6037617925207	803.8007506376182	0.0
253	8.452242152466367	520.7436097170809	820.8278334840329	0.0	474.12345495547476	827.9856215731244	0.0	473.6974623633671	1004.3932143708438	0.0	490.78701308375724	1176.7325272098878	0.0	457.13556036356727	1236.0759814271796	0.0	445.8391710894419	1226.172887926051	0.0	500.44863309814053	1206.0187392609616	0.0	568.169905882202	827.0825736990313	0.0	572.0924618009748	996.4723160343883	0.0	567.8524950474165	1184.7814425318322	0.0	561.3173353266764	1243.8734697730542	0.0	585.5455910976812	1239.578399314043	0.0	559.7682522547677	1210.044988305965	0.0	530.7092645182692	554.5968996616316	0.0	538.0487918853338	433.83746049789636	0.0	539.5365449190095	517.5106387685055	0.0	439.1052148007698	581.308370496399	0.0	411.6042030582794	697.8170785654357	0.0	396.3104866222922	801.5985009322644	0.0	618.9802793081387	591.599449635413	0.0	644.2838564526292	712.9804095918051	0.0	632.8855098828121	800.2895807688143	0.0
254	8.485650224215247	522.040022299573	820.9077110543371	0.0	475.37768864381536	827.8080306304798	0.0	473.85193766335095	1005.1614335335328	0.0	490.5620631500009	1176.8878741207102	0.0	456.6836222465072	1236.316042770849	0.0	446.1909953270663	1226.0254783243524	0.0	500.43606219795856	1205.0553743269493	0.0	570.4157582224241	828.2118478395561	0.0	573.7219824183883	997.8858335887269	0.0	567.8839940255903	1185.2687013877724	0.0	561.0513049268872	1243.2879986296277	0.0	585.2272012260452	1240.111146659966	0.0	560.4655011372214	1209.0779305344274	0.0	532.5890182477401	552.1260151516659	0.0	539.3371117221591	432.5623159446087	0.0	539.1577416737221	513.035296874295	0.0	440.5860180426407	581.4791102100044	0.0	413.5273748789052	698.3302480779674	0.0	396.77730793592315	802.1188634787711	0.0	621.8941782069647	591.4863350603171	0.0	647.2280756683328	713.605826166923	0.0	635.6697045479614	798.5992647080095	0.0
255	8.519058295964125	523.5609240207231	821.3983871974806	0.0	476.7740303038189	828.5346063571503	0.0	473.97846062800136	1006.676088930425	0.0	490.6497962191002	1177.2326152288626	0.0	456.63814692531	1236.424135468659	0.0	446.34390712538885	1226.6622246794009	0.0	501.1788649695729	1204.654618466951	0.0	572.6369188824484	829.8446775859255	0.0	575.1957215611136	998.4001251547542	0.0	567.870518761432	1184.713451835472	0.0	560.5454775823194	1242.8108894404297	0.0	585.0270532668222	1240.4594006507923	0.0	559.9120062928854	1208.0536511022601	0.0	534.552581610679	550.9184186441515	0.0	540.9943731008967	431.8542577413809	0.0	538.1646001183624	512.6737466333758	0.0	443.04415249163634	581.8468676445506	0.0	415.6011683448625	698.3967252484474	0.0	396.85962344982914	802.261159213032	0.0	623.6079264427796	591.5065566495294	0.0	649.5951376608057	714.0046310827759	0.0	639.292845448658	799.1277813380592	0.0
256	8.552466367713004	524.9069417428442	822.1279069156421	0.0	477.60182124274684	829.7901763835159	0.0	473.3217583391227	1008.7759004703867	0.0	490.91401789342416	1177.5801844613613	0.0	456.9543786743545	1236.3500684906687	0.0	446.3693707149064	1227.1556780190788	0.0	502.32600818968785	1204.8454794937218	0.0	574.1514889012092	830.8831384718509	0.0	576.7637624825322	998.6603461354877	0.0	568.0289696270303	1184.5277691355307	0.0	560.4053506533622	1242.9571805605065	0.0	585.0075826637609	1240.5956531963595	0.0	559.2617045190781	1208.3237579688516	0.0	536.5102086305124	550.291256469715	0.0	542.5012358008959	431.5544546441766	0.0	536.9629124880917	512.7718992806181	0.0	445.4996249891311	582.3721012957586	0.0	418.1945751959379	698.3578802174393	0.0	396.7454027799978	802.6942776416646	0.0	624.9488166763531	591.4028904178917	0.0	651.9229670801893	713.7395305337133	0.0	642.4098272649381	800.2076706867518	0.0
257	8.585874439461882	525.7649838552744	822.7573751789104	0.0	477.7751842757307	830.0752368943089	0.0	471.5976516289536	1010.6386567725284	0.0	491.06882154879645	1176.989088712154	0.0	456.77917425434117	1236.2207626432196	0.0	446.3550414596929	1226.2500303806194	0.0	503.0416745891832	1204.3899366441267	0.0	575.0574462811043	830.9248471719796	0.0	578.3605725726352	999.4963453842025	0.0	568.6922645735118	1184.900886863036	0.0	560.5193606300046	1243.3727647081691	0.0	585.1237117391792	1240.8374000934377	0.0	560.1598544601331	1209.4014775778426	0.0	538.3477215461045	549.6044930797757	0.0	543.3730726938658	431.24668067584946	0.0	536.1283874062717	509.4131638121713	0.0	447.0750311533615	582.7520731510745	0.0	420.4896340068346	698.1286800325436	0.0	396.7212448862857	803.2573755548269	0.0	627.097491820917	591.3668888803695	0.0	655.099659280281	713.4409213368868	0.0	644.4554367556714	800.6752355576602	0.0
258	8.619282511210761	526.6118122430388	822.8924284003431	0.0	478.3631281526192	828.5860571353303	0.0	469.61548852013937	1011.3639086731915	0.0	490.8944106943718	1174.4963259233396	0.0	456.048466381207	1236.02405696503	0.0	446.3067993083638	1224.5370313941703	0.0	503.1226711900411	1201.8779661109847	0.0	576.187075990352	830.3502036621546	0.0	579.7133868359413	1000.474940276625	0.0	569.6305007992839	1184.9459758069916	0.0	560.5118066628843	1243.6353145707017	0.0	585.0966775166457	1241.1971058886234	0.0	561.6690545553346	1209.382895782476	0.0	540.0012798786327	548.9545346542077	0.0	543.9966639519139	430.43184999432333	0.0	536.9385138216851	504.68995295281906	0.0	448.4066773620604	582.9217228441245	0.0	421.7898071423592	697.5692056777524	0.0	396.8427436372377	803.6131678290108	0.0	629.7577301767724	591.9777232540233	0.0	658.921230891605	713.7840331792326	0.0	645.8852956945284	801.1285012985119	0.0
259	8.652690582959641	527.9939158349496	822.5665967003362	0.0	479.9343527908165	826.1914762099098	0.0	468.1099511276284	1011.0401057208945	0.0	490.4352140883856	1170.4326225219597	0.0	455.5961922211353	1235.667474937288	0.0	445.99366881655214	1223.5160220920845	0.0	503.2023961943738	1197.3473393589604	0.0	578.2411515355353	829.757207377225	0.0	580.5878146614966	1000.9123397792428	0.0	570.3018319210107	1184.4710807324811	0.0	560.1738911957193	1243.884277156693	0.0	584.8665485247988	1241.4565941195724	0.0	562.1670871163049	1207.552568585964	0.0	541.4112983232689	548.5210292223442	0.0	544.8536091618158	429.30999201378114	0.0	539.3690692426159	501.9058690922066	0.0	450.4727412186577	583.0478497087278	0.0	422.59046208495147	697.1577179143832	0.0	396.94182402445654	803.7830558794371	0.0	631.8144865038349	593.2255812672624	0.0	662.5220437058463	714.5006593352504	0.0	647.7029815009813	801.6430391729825	0.0
260	8.68609865470852	529.6429486672922	822.1136192208088	0.0	481.5258410375738	824.5065437821136	0.0	467.0791743136982	1010.4115419789034	0.0	490.28010183684097	1166.1449502485148	0.0	455.88964283833104	1235.7415219432191	0.0	445.5080664387382	1223.2980192795208	0.0	503.89401095331425	1192.1234223450529	0.0	580.7092220352963	829.486261409768	0.0	581.0473473977254	1001.0331190248778	0.0	570.5623701651889	1183.85355024212	0.0	559.6226086288223	1244.5476022688	0.0	584.7839625524736	1241.5455052914217	0.0	562.0278054526151	1205.4494412908332	0.0	542.6248163598086	548.1589376709602	0.0	545.9301393922259	428.4623632577441	0.0	541.1474104040782	500.7741923278785	0.0	453.0664557864323	583.410597797179	0.0	423.47019510131196	697.5116323922355	0.0	396.75143627058225	804.1123469437075	0.0	632.9237145282931	594.1074406245059	0.0	665.3014241342067	715.0497685031675	0.0	650.3916469209506	801.5398582672025	0.0
261	8.719506726457398	530.9478302495786	821.9205990468622	0.0	482.0945207187867	824.6609049953652	0.0	466.7604112925956	1010.0196605026913	0.0	490.98238692438986	1163.3294536254573	0.0	458.02457338157006	1237.450530280697	0.0	446.17476769587427	1224.0372757821422	0.0	504.94618085695413	1187.8544797938298	0.0	582.4410672323651	829.5638167432702	0.0	581.3390226290453	1001.1635621231608	0.0	570.426268368991	1183.3322028345908	0.0	559.1942220497364	1245.6147749193642	0.0	585.062988767588	1241.4378579046843	0.0	562.122091911902	1204.7222769150612	0.0	543.771842601644	547.7949336406408	0.0	547.2061002385453	428.18558113226635	0.0	541.172900994375	500.04556349448	0.0	455.000118424745	584.3107063222476	0.0	424.14732192837334	698.621947187618	0.0	396.1863139779182	804.6925550078832	0.0	633.6455339566028	594.2617978506506	0.0	667.0022458658937	715.5506543980998	0.0	652.7578106341986	801.6869605294692	0.0
262	8.752914798206277	531.8405817096378	822.2674859568829	0.0	482.09834940710056	826.120065378105	0.0	467.90012575945497	1010.1733834299866	0.0	492.2488811821424	1163.8092137153849	0.0	464.580147735875	1241.2434838728332	0.0	450.0616780308885	1227.4360526935034	0.0	505.47431275267314	1186.7506672682732	0.0	583.2447922375756	829.9950006785695	0.0	581.5733439731135	1000.8841602226315	0.0	569.6210153953352	1182.5671150490634	0.0	558.9077268858792	1246.492977522701	0.0	585.4603561880202	1241.0400402872997	0.0	562.0097602633792	1204.6088461930765	0.0	545.1059077238237	547.5526500820675	0.0	548.4638598964639	428.1569380661807	0.0	541.4317946076156	499.8986018772181	0.0	456.1118032460963	585.6247298750367	0.0	424.3442880407268	699.7349410929694	0.0	395.7902300593399	804.598128701169	0.0	634.4028492361399	594.4761778818194	0.0	667.9190131893602	715.8761803657355	0.0	653.5395514645523	802.7266012602876	0.0
263	8.786322869955157	532.794993800232	822.8766433573471	0.0	482.65954914992653	827.2691231541893	0.0	470.7539106021222	1010.8627828360336	0.0	493.3720133771202	1168.5590863248356	0.0	476.3385188614023	1246.5016541130076	0.0	457.5766947656732	1234.3331360687512	0.0	505.03228061730346	1190.9469521387114	0.0	583.8292457507738	830.800415115219	0.0	581.8282006741971	1000.2055542159694	0.0	568.2339515710737	1181.2883618902151	0.0	558.6132320857348	1246.8200424340105	0.0	585.5780699142618	1240.5660215556638	0.0	561.250829303179	1203.7005471802065	0.0	546.6013458877958	547.2960735841111	0.0	549.1867141955626	427.55427090773753	0.0	543.0253945708249	500.239818644194	0.0	457.4206415334685	586.6959512302919	0.0	424.5084908387313	700.1161828957204	0.0	396.2571968765745	803.355519732774	0.0	635.3127604686522	594.9993255652646	0.0	668.930629435319	715.3539365768634	0.0	653.3020106210552	802.6168417209775	0.0
264	8.819730941704035	533.9164302909131	823.2321012625076	0.0	483.8972079932267	827.6229020942545	0.0	474.7792451516616	1011.7195233648563	0.0	494.11277525389386	1176.7117637228178	0.0	489.76492117267975	1252.8165832240518	0.0	466.27076221159854	1243.2752418616217	0.0	503.9857255676382	1200.3889954749798	0.0	584.534923849281	831.7639921831163	0.0	582.2700525494008	1000.6332187179337	0.0	567.1598555253173	1180.5407823137323	0.0	558.6391024204455	1246.9118038809813	0.0	585.2402262291154	1240.4992076772874	0.0	560.5679858235056	1202.949493194417	0.0	547.6674969393964	546.8229067050175	0.0	549.2745459435062	426.32501625112377	0.0	544.192476517599	500.0843412732668	0.0	458.8334385797074	587.0307766993221	0.0	425.07236600168557	699.7072656762176	0.0	397.2911025912014	802.3631960796121	0.0	636.9416026479	595.2913407072475	0.0	670.6966251154379	714.6512869742409	0.0	653.2878191833415	800.9396432636171	0.0
265	8.853139013452914	534.8113186990661	823.4698635019155	0.0	485.2981511222796	827.8733324436628	0.0	479.342590504743	1012.4205619010082	0.0	494.74754259306764	1186.089204462346	0.0	500.24416932988663	1260.060475963176	0.0	473.10547038039726	1252.2532594874497	0.0	502.86133479588705	1212.1649280884706	0.0	585.2155320979193	832.5645915745268	0.0	582.6760575072905	1002.7362854203571	0.0	566.9716561057448	1181.0091251067515	0.0	559.157201445556	1247.1442489953479	0.0	584.6901509035669	1240.7045389741793	0.0	560.6911054693794	1203.539224286957	0.0	548.1047837957462	546.5934616773374	0.0	549.0876363366657	425.5984542887504	0.0	544.3650648015525	499.61919999239825	0.0	459.4199336379567	586.9511266429793	0.0	425.8012256055424	698.8987175061527	0.0	397.99548858102804	802.3214324651192	0.0	639.4274022815619	595.0613633380283	0.0	672.9595624447177	715.7536217877883	0.0	653.8045854946481	801.2433181020414	0.0
266	8.886547085201792	535.5241430406921	824.3521477215576	0.0	486.7283933334912	828.290129514907	0.0	484.0000403455091	1012.8529689420722	0.0	495.68123507383615	1194.7573580799192	0.0	506.2421261292308	1267.1770434984655	0.0	476.95612069169476	1259.9217531175736	0.0	502.173305468162	1222.7193698860247	0.0	585.8426386859062	833.1877112021899	0.0	582.3252835196643	1004.3686914152404	0.0	567.0964822478277	1181.1367819376408	0.0	559.6311543064836	1247.2464833546862	0.0	584.3309707047699	1240.1407728144438	0.0	561.2461940698402	1204.1541618868482	0.0	548.4728880587198	547.2695674618226	0.0	548.998542510326	425.848862054441	0.0	545.757246583617	500.0352855683568	0.0	459.47612126627894	587.0094523264843	0.0	426.33873146643737	698.1047125785484	0.0	398.18210836975214	801.9141530863789	0.0	641.3379639584664	594.4565582120291	0.0	674.8131469026324	718.5924292124507	0.0	654.6588369046732	804.3797113375988	0.0
267	8.919955156950673	536.5829977502559	826.1581586367802	0.0	487.9721672208977	828.9454254763441	0.0	488.2967004140865	1013.3145564270457	0.0	497.49349560883127	1201.88952330213	0.0	509.2650302483221	1272.6048051134992	0.0	478.9456245278465	1265.5590245140388	0.0	502.7520952187934	1230.5256081395096	0.0	586.5053484228846	833.7252907808518	0.0	581.1153045023532	1003.7645858711732	0.0	566.8968862686751	1179.74696618596	0.0	559.7223410683404	1246.5913904003135	0.0	584.0711703035464	1238.21739023494	0.0	561.6000955669799	1203.4524227484692	0.0	548.9153367290936	548.4725033103939	0.0	549.0908890172791	426.297856542942	0.0	548.6149144972521	501.44200692997464	0.0	459.8329829237552	587.183462733883	0.0	426.66311281394525	697.4794098850081	0.0	398.2543729001191	800.7522278188111	0.0	641.5685401048381	593.9313481011834	0.0	675.7350312454952	720.5806971259165	0.0	655.5422963028343	806.5511395038133	0.0
268	8.953363228699551	538.2021089636897	827.8807866033824	0.0	488.51434758173144	830.412048118456	0.0	491.78652779670705	1014.6227529979876	0.0	500.4892104076418	1207.6520011757134	0.0	511.70711246322605	1275.9139832963206	0.0	481.3987401486723	1269.1354319146735	0.0	504.8040375198175	1236.0720111946307	0.0	587.0728480946258	834.0765302253257	0.0	580.0950880809881	1001.9111148925201	0.0	566.385524425552	1178.0718325262947	0.0	559.5397000774185	1245.1857205593628	0.0	583.4387371678719	1235.9130988565698	0.0	561.7874498510226	1202.266886932049	0.0	548.9945258134744	549.2886355013932	0.0	549.0468597521333	426.4091408361502	0.0	549.5977296366198	502.83855933397916	0.0	460.3901338463221	587.248512013859	0.0	426.7427658672489	696.9345225159904	0.0	398.35476017271236	800.0088664852897	0.0	641.0624928152843	593.9353912782301	0.0	676.1243804568759	720.546549884627	0.0	656.0731250017858	806.4359178014739	0.0
269	8.98677130044843	539.8051359740472	828.5677653466923	0.0	488.3193058848164	832.7379050313278	0.0	494.07426601292764	1017.0214951124417	0.0	503.6181835425525	1212.0083465595349	0.0	514.7449032916458	1277.9454874091248	0.0	485.22957324584195	1271.350180033382	0.0	507.18857802623387	1239.617251479104	0.0	587.3222528838184	834.4396329266194	0.0	580.0553185492813	1000.6178770613454	0.0	565.7509952002443	1177.2148741030862	0.0	559.3097220653154	1243.8351172670548	0.0	582.5100012846549	1234.6303421736739	0.0	561.9353916906364	1201.8902134343123	0.0	548.7133230330091	549.7097724533427	0.0	548.5312718108497	426.288077269128	0.0	547.098975745419	503.6338060837949	0.0	460.5946701029311	587.3808486604282	0.0	426.37582457334713	696.5301164217548	0.0	398.3314915672209	799.9101682526752	0.0	640.9500143007235	594.2171205488454	0.0	676.5839656668829	720.2516824840061	0.0	656.7758833207793	806.2896251816873	0.0
270	9.020179372197308	540.3560991585064	828.6652875016597	0.0	487.91471026077784	834.8555504921147	0.0	495.0742360172138	1019.428890319146	0.0	505.3669637806847	1214.0925870232325	0.0	517.238147689402	1279.5893497521706	0.0	488.59893836747136	1273.0379293013566	0.0	508.7182771153975	1240.7849470051065	0.0	587.3516515891758	835.2850474183774	0.0	580.5731968397206	1000.4024910760018	0.0	565.1708643848247	1176.266825156293	0.0	559.2901439122891	1243.3144211715567	0.0	581.7774638355115	1234.544312965694	0.0	561.9492295610346	1202.4176716516251	0.0	548.4692038178706	550.169826836556	0.0	547.614879944294	426.03797633442855	0.0	543.4712678454626	504.8029029792456	0.0	460.0084775366235	587.9973628052942	0.0	425.6117031909363	696.4670817109153	0.0	398.0900795684204	799.6696973696118	0.0	641.0474045249816	593.857020731714	0.0	677.116031556868	721.3407148625477	0.0	658.6849043801876	806.9910311542494	0.0
271	9.053587443946189	539.5001150421527	828.7753943728551	0.0	487.73026343237393	835.7225628537005	0.0	495.33903456809503	1020.5449508105678	0.0	505.7297140672066	1214.170243134802	0.0	517.7976781295187	1280.9695383657668	0.0	489.85194203292747	1274.4798722397938	0.0	509.1913901124485	1240.726519484709	0.0	587.2447363631866	836.2868697134955	0.0	580.9093652482162	1000.6337996987934	0.0	564.6920820768582	1174.130663088628	0.0	559.3357294435408	1243.370973038056	0.0	581.4766995664764	1234.5461579141452	0.0	561.8063722898719	1203.1356285014083	0.0	548.1508108226241	550.5214468786481	0.0	546.6907254065311	425.70151027589645	0.0	541.1855408908946	507.458114482787	0.0	458.20182386648196	589.0963076615941	0.0	424.7521944062971	696.6508745723266	0.0	397.7673194645747	799.2025268607315	0.0	640.9829731736003	592.4418047999606	0.0	677.095625675418	722.8018099040924	0.0	661.3982201845499	807.4839064765969	0.0
272	9.086995515695067	538.1583404550239	828.8220520401107	0.0	487.78445475700926	835.3798688731081	0.0	495.5069026803175	1020.154996309339	0.0	505.74748170119835	1213.8843650446495	0.0	517.0858615752427	1281.8897684358346	0.0	489.65209383961553	1275.5814616586235	0.0	509.1962858241612	1241.2983485723435	0.0	586.8613164793605	836.5079305583571	0.0	580.7024699932227	1000.4663377986067	0.0	564.2320165571236	1171.86184581881	0.0	559.2590293498436	1243.183831496584	0.0	581.7599197460245	1234.0030350464863	0.0	561.538141315111	1203.7052821864495	0.0	547.1589177357775	550.4703101303188	0.0	546.0105868722954	425.43876106583974	0.0	540.4428420113838	510.0168349865681	0.0	455.3522564218147	590.0831564182083	0.0	423.7070687226407	696.8121721419157	0.0	397.5807061513198	799.0536711970678	0.0	640.591034283998	590.691800862959	0.0	675.9848720431213	722.3322786511328	0.0	663.2546684045637	805.998498606597	0.0
273	9.120403587443946	537.2587202060253	828.8658846168059	0.0	487.7110272375315	834.8238057510104	0.0	495.69408858397384	1019.1958419103053	0.0	505.8961006736915	1213.7334614414945	0.0	516.5039342277671	1282.567191858129	0.0	489.226144181052	1276.5329527644906	0.0	509.39589708830783	1242.1852535167652	0.0	586.3367877754116	836.0031611905055	0.0	579.8763902428889	999.4653130279006	0.0	563.8661173934073	1171.4798480384004	0.0	559.283139204059	1243.4208300149394	0.0	582.4841041112734	1234.1468723554601	0.0	561.2648544767925	1204.153769621982	0.0	545.4187394707657	550.0841295796707	0.0	545.4474766238139	425.3141360487047	0.0	540.4129084975888	510.2382821502915	0.0	452.4903439675941	590.2857890832103	0.0	422.22703272948706	697.1266280157727	0.0	397.2098859713619	799.5250173493673	0.0	639.5279199081524	589.4738353436665	0.0	674.3466034570118	719.7118177669181	0.0	663.302403675185	802.4475687908115	0.0
274	9.153811659192824	536.2800467183437	829.1668860865086	0.0	486.92128290250287	834.8716082292779	0.0	495.8529244738242	1018.5576595832176	0.0	506.0410450535785	1213.2020313953726	0.0	516.3799198414085	1283.152271256549	0.0	489.0658566177809	1277.6179859516778	0.0	509.6661698505792	1242.0934928487486	0.0	585.6554099143322	835.6980521125155	0.0	578.7660169619962	998.4322210914712	0.0	563.7357028683975	1172.1562824475186	0.0	559.4721266546061	1244.9397081350685	0.0	583.0726476567155	1235.4033561820033	0.0	561.1246364412143	1204.0309806273178	0.0	543.509453453073	549.6146674142941	0.0	544.8363542425465	424.9612708802688	0.0	540.4119793211603	509.1023978802215	0.0	450.2046512113319	589.3827183840841	0.0	420.59544544575385	697.5953935941357	0.0	395.9490585210286	800.4034713092501	0.0	637.8049453517393	588.8340133754286	0.0	672.9899120700236	717.4941490295317	0.0	661.9757772338743	800.741927405919	0.0
275	9.187219730941704	534.4572860443897	829.5861353283583	0.0	485.26300053464837	835.3802079220086	0.0	495.8742637426897	1018.4316789423006	0.0	506.07669082016406	1212.5801893257594	0.0	516.4229316483666	1283.4640908382348	0.0	489.2133912110115	1278.4968564451726	0.0	509.55917584154014	1241.2461754701128	0.0	584.4078449847949	835.8222045278127	0.0	577.9614167024714	999.0470320108965	0.0	563.6863870612083	1171.2410116265764	0.0	559.7850063152661	1246.3782296356692	0.0	583.4179255715156	1235.8503573879673	0.0	560.9439359492208	1202.9403413852388	0.0	541.6759633147961	549.2622166485775	0.0	544.0843657085782	424.0699019282295	0.0	539.5854257228781	508.7086843453948	0.0	448.0802575735449	587.792086542185	0.0	418.99920283003166	697.13561201829	0.0	393.8953266431077	800.9555615787602	0.0	635.7794342262241	588.2131878548811	0.0	671.3322695071577	717.0417049445757	0.0	660.3965355259274	802.4930304410158	0.0
276	9.220627802690583	532.5095179275896	829.4856760473912	0.0	483.354268693884	835.6207066937394	0.0	495.38098328015633	1018.8080679095684	0.0	505.95051705302257	1212.6866999896965	0.0	516.6269822170996	1283.4991093661417	0.0	489.4249434941006	1278.6015103829595	0.0	509.3118871211606	1240.9042875214293	0.0	582.831029107242	835.5961208097007	0.0	577.6583586705859	1000.643078793339	0.0	563.4870861863901	1169.2428772451965	0.0	560.3867281488879	1246.3061238615169	0.0	584.0171576672019	1235.066854009048	0.0	560.601673040493	1201.5546758150758	0.0	539.72560920272	549.0952748493276	0.0	542.812112127744	423.0149738314185	0.0	537.350578705725	509.36327621558945	0.0	445.9080937893424	586.322924420929	0.0	417.0603240147491	695.0858979190178	0.0	392.00136825470514	800.4348212873654	0.0	633.7431046423545	586.9696307308647	0.0	668.80274909764	716.5833800270477	0.0	659.1265546207406	801.9362702534181	0.0
277	9.254035874439461	531.4350251644504	828.2127381145506	0.0	481.7494069228597	834.683310341631	0.0	494.3199850951703	1019.0474691699649	0.0	505.5344539798983	1213.4872910953966	0.0	517.239482814544	1283.216788861283	0.0	489.4019441481745	1278.0323830896316	0.0	509.33987566883656	1241.5854471450564	0.0	581.6140670890977	833.8497803758943	0.0	577.6576439294639	999.5113635870771	0.0	563.4143479362756	1167.8479247252092	0.0	561.2282720137105	1244.103391277136	0.0	585.1281328807	1233.9320702683865	0.0	560.7884802458603	1201.0733826131511	0.0	537.6606942310158	549.1326938187798	0.0	540.920348736272	422.0804785036169	0.0	534.8622796441718	510.3853584507021	0.0	443.9986972417319	584.9696407454322	0.0	414.7019759996404	692.5814945915675	0.0	390.8956191437249	799.0310198186178	0.0	631.8930246193249	584.6284745265632	0.0	666.0611447636967	714.5275857039445	0.0	657.9777966700701	793.1192313914383	0.0
278	9.28744394618834	530.8731685361868	826.2982921312615	0.0	480.4738012111332	832.2701623530473	0.0	493.06738695197106	1018.2724619740663	0.0	504.74744336825023	1214.0050435067142	0.0	518.0510970929404	1282.5067430747802	0.0	489.02901796448856	1277.3986013400372	0.0	509.22048297283123	1242.416618475127	0.0	580.775029648474	830.43249751026	0.0	577.8016866573853	994.7367238102356	0.0	563.5497992090837	1165.6050749308527	0.0	562.0456102476068	1239.8067466642938	0.0	586.388288431852	1231.5572103033016	0.0	561.9663701548641	1201.6904412438653	0.0	535.5056026175978	549.3591266633367	0.0	539.2789006124684	420.83648980000106	0.0	533.8051752090862	510.6910384024907	0.0	442.0592051371002	583.3249501576789	0.0	412.2298413521193	691.1828166852365	0.0	390.3790332007474	797.8364711693974	0.0	630.0778893839615	581.3185784649216	0.0	663.4662165318252	711.5240038066871	0.0	657.0596215414389	778.560709092454	0.0
279	9.320852017937218	529.8964655428503	825.2236436161629	0.0	479.4697515238422	829.6457472522646	0.0	491.67444368496	1017.0333282575396	0.0	503.7543646704509	1213.607217712545	0.0	518.1935251636166	1281.5293890645285	0.0	488.4127515640907	1276.9182669081467	0.0	508.1594434892401	1242.3156870039886	0.0	580.0070525454919	827.1406406834683	0.0	577.8870242153635	990.5048941044912	0.0	563.3477400082174	1162.1942499702698	0.0	562.6907394338971	1236.3725231431654	0.0	587.0009858566652	1228.1369575999538	0.0	563.0015456220125	1202.7050334760881	0.0	533.2017812364069	549.5087266434456	0.0	538.5196692926793	419.12033770025636	0.0	533.7167673385434	509.60464848011407	0.0	439.50970040272074	581.825736807537	0.0	409.57793872795276	691.1319263701293	0.0	389.90519037336935	797.3574539379949	0.0	628.0768394792673	578.093080319243	0.0	660.9127438998938	709.2427600311244	0.0	656.219007704738	766.8895509459836	0.0
280	9.354260089686099	528.2887883202993	824.5020421852796	0.0	478.411656297693	828.0078075768515	0.0	490.0573496332558	1016.2846325412686	0.0	503.0418042772826	1212.4994319437017	0.0	517.4181611399526	1280.4813191726391	0.0	487.85401754423356	1276.04203049414	0.0	506.5512758272673	1241.0917966183285	0.0	579.3209152719646	825.1881436563972	0.0	577.6927526864836	988.6768292203342	0.0	563.2881597251042	1160.829289010926	0.0	563.064570969257	1236.393788331268	0.0	586.6814095853739	1226.0084424790452	0.0	562.9250865373419	1203.7271601905245	0.0	530.9916723743416	548.8851540065366	0.0	537.9978198379465	417.55701027187916	0.0	533.1876717270035	508.0349735961081	0.0	436.87957344776055	580.7324506749776	0.0	406.5982244585797	691.4936405504354	0.0	388.9897986099433	796.9738765677711	0.0	626.0740276276772	575.9833791198523	0.0	658.568129388408	708.2597812789651	0.0	654.780182807209	760.2279748870942	0.0
281	9.387668161434977	526.3266308423985	822.3293692349639	0.0	476.67312183759293	826.7508154097297	0.0	488.57650488049404	1015.7052670154015	0.0	502.97781348039643	1211.2993526697692	0.0	516.655980791607	1279.4401542612634	0.0	487.618543777018	1274.552975674192	0.0	505.80073188920574	1239.3059195881406	0.0	578.4500906482577	823.3593133768488	0.0	577.2952969294885	985.9627067360605	0.0	564.4922261077736	1161.650753196825	0.0	563.0772287655692	1237.0980031708677	0.0	586.1966080380611	1225.4623832746981	0.0	562.5706755699958	1203.7291618131387	0.0	529.0039411465962	547.2231719117092	0.0	536.9580194650753	416.5934786872509	0.0	532.4109710789255	507.3005925707997	0.0	434.97568483088276	579.396511037085	0.0	403.5636994177355	691.6485402698746	0.0	387.27374987538076	796.7226428229785	0.0	624.1046079366072	575.1234482177993	0.0	656.2869851983943	707.712910362117	0.0	652.6112156241801	755.8472746870993	0.0
282	9.421076233183856	524.2721919763006	819.8406145934769	0.0	474.4744829310035	825.4071115734868	0.0	487.45938387455993	1014.8280950840234	0.0	503.27845619526335	1210.811475929184	0.0	516.4736422502918	1278.6089676818485	0.0	487.60105193496196	1273.780183210185	0.0	506.32622754371744	1238.024185520827	0.0	576.7461457646292	820.8797227548026	0.0	576.9364730950684	981.5116158486384	0.0	566.3774640006401	1160.9262131021326	0.0	562.7514453268717	1235.0800095994625	0.0	586.1459368890048	1224.6987237792298	0.0	562.812009430681	1200.826112063602	0.0	526.8984641036624	545.5939935579954	0.0	535.8118785083957	415.9767972884708	0.0	532.4446098169789	507.59528906531636	0.0	433.0883833366556	578.1160802484833	0.0	400.6722014149948	691.7738895912428	0.0	384.87293356085553	797.9691407078267	0.0	621.7153925292788	575.1815605205181	0.0	653.4949609788363	707.0108909147565	0.0	649.5208669173636	759.9661808496265	0.0
283	9.454484304932734	522.5806747862678	819.1918563718308	0.0	472.9865217869979	824.7833055275458	0.0	486.29072798818237	1014.6016765610784	0.0	503.33762092415907	1211.5302427393751	0.0	516.2846894972402	1278.3651936096917	0.0	487.3024933382135	1275.1636566590735	0.0	507.2722685091772	1238.0659018445353	0.0	574.5044570901584	818.8571010631146	0.0	576.862173554623	977.4598332031782	0.0	567.936337985617	1158.062960301251	0.0	562.3532335904422	1230.5393913981932	0.0	586.2727265994782	1222.6557300636484	0.0	563.5429422048064	1195.695433778221	0.0	524.5706050692771	545.1275230083313	0.0	535.4534677443173	415.55666913617074	0.0	533.4187342899342	508.3530833917063	0.0	430.1240046843476	578.0287755556654	0.0	397.64131320488445	692.145555944247	0.0	382.52025407875755	800.9006123576613	0.0	618.7277877231719	575.4087952318007	0.0	649.8376062101597	705.9066969375597	0.0	645.5624466109701	775.9215153440919	0.0
284	9.487892376681614	521.6811616573052	819.2252116363712	0.0	472.64179160631187	825.0192356668441	0.0	484.9616865188086	1016.5276518724173	0.0	502.83895477589476	1213.1839835413944	0.0	515.5698183358187	1278.7404414848277	0.0	486.4986285790198	1277.6051159387766	0.0	507.87514542683226	1239.0921378919845	0.0	572.9848697187803	817.8131901006477	0.0	577.3705988161478	972.6006171921715	0.0	569.6495881620366	1155.8107147347596	0.0	562.3350039289942	1222.754745632124	0.0	586.2014505914304	1218.2368233239995	0.0	564.7936435982921	1191.8419405696466	0.0	522.3988028598251	545.6041940302098	0.0	535.6225661946854	415.82249640983633	0.0	534.1179315807087	509.18320522270363	0.0	426.68173226756556	578.5331131501832	0.0	394.17962109612233	693.0753403872554	0.0	380.85631440859333	803.7580784203778	0.0	615.7180971830593	574.8869760628595	0.0	645.6560350442406	704.3054458189768	0.0	642.0455967989512	791.4871101484342	0.0
285	9.521300448430493	521.2978672281859	818.3774391073329	0.0	472.4285283470653	825.641158662729	0.0	484.037269985445	1020.0880083955726	0.0	501.9250215239975	1214.9323405922876	0.0	514.8073486815947	1279.2205474562497	0.0	485.7339033129873	1278.5973378208344	0.0	507.7858532174521	1240.2160558934056	0.0	572.3329380146448	817.2157802318018	0.0	578.4394861045297	966.5370355981971	0.0	571.7400728136543	1155.4180995059598	0.0	563.0718535214979	1212.9767373198272	0.0	586.2432849455137	1212.2476815493776	0.0	566.5100282265452	1190.340971148316	0.0	520.5389065602204	546.1766092186797	0.0	534.9549925543068	416.95371031830143	0.0	533.2535854301451	510.0146105281577	0.0	424.172305944037	578.0121538207297	0.0	390.5322091311652	694.8667600130792	0.0	379.77803973661537	805.7850055855743	0.0	613.1969625905742	573.8097599395156	0.0	641.8360966120625	703.2298920106342	0.0	639.6156607451096	797.4731632955479	0.0
286	9.554708520179371	520.5392466524236	817.7714485110241	0.0	471.2910138020897	827.2742542221932	0.0	483.60135020727523	1022.7350067171154	0.0	501.10072741194875	1215.9404226795898	0.0	514.6266535732218	1279.6384840215333	0.0	485.458547871287	1277.9208278544575	0.0	507.02089313848126	1241.0446912306422	0.0	571.1485028284911	817.0315851717531	0.0	579.505352907615	963.4566009644678	0.0	573.1989465632249	1156.2800614665364	0.0	564.7393225596098	1210.4901873689653	0.0	587.6563960481029	1210.8630343395998	0.0	567.8526442054839	1188.9511328727488	0.0	518.6774395992315	546.4830320294122	0.0	532.940794205598	417.98839476100096	0.0	531.1539190878098	510.8051161467862	0.0	422.745276815875	576.6355130871025	0.0	387.47218149748215	697.0799074597476	0.0	378.84282634848194	807.9264654210659	0.0	610.7919450607754	573.1664303583885	0.0	638.955448049942	703.4639784273451	0.0	637.1791572184088	799.4511761055045	0.0
287	9.58811659192825	518.9825088797116	818.1958055788483	0.0	469.4041423613612	830.1027935208535	0.0	483.1973755230944	1023.2511881408102	0.0	500.77251558953463	1216.010380257659	0.0	514.9829679516023	1280.4740311196854	0.0	485.5655388326679	1277.399277199164	0.0	506.2400843429078	1241.7129901699898	0.0	568.9064276881978	817.0858976142058	0.0	580.1127014005995	963.6315228925388	0.0	573.7516196187917	1157.3214196164872	0.0	566.8110312847037	1220.3562514303949	0.0	590.6972975952236	1217.8047023970364	0.0	568.5058063456123	1186.4568480823896	0.0	516.6591993573239	546.690419124694	0.0	530.6182211140948	418.1792456501536	0.0	529.0953685534655	511.61947104724726	0.0	421.4683758104545	575.7633876522461	0.0	385.6653236478454	698.5585340855714	0.0	377.98709933393917	810.079221593946	0.0	608.1961136901801	572.9976582536079	0.0	636.770906948379	703.4411440890442	0.0	634.0866152936628	804.6166013787075	0.0
288	9.62152466367713	517.5146725054948	818.5258812901234	0.0	467.8435645862547	832.0769121886589	0.0	482.6821840490996	1023.1743412547398	0.0	500.82564564550427	1215.77461364341	0.0	515.7140566715542	1281.6076775193803	0.0	486.2388080953581	1277.7428446034946	0.0	506.0002723827919	1242.3377506652578	0.0	567.0320220122591	816.3653117055136	0.0	580.2648260745199	961.923721068238	0.0	575.0511542201591	1157.2213685742454	0.0	567.9585320576604	1233.8317807625929	0.0	593.3060681526434	1227.572392041725	0.0	569.9302081267656	1183.6324383472197	0.0	514.7036444958696	546.954204409234	0.0	528.8329797970931	418.2852946782133	0.0	527.4575979703426	512.6301108411394	0.0	420.00625730035983	575.7451584383368	0.0	384.89447909775777	698.7019612621169	0.0	377.2846167264732	810.9617527960019	0.0	606.0184512068206	572.3754385160397	0.0	634.5895079869084	700.691468860133	0.0	631.483035411248	810.4375984112086	0.0
289	9.654932735426009	517.2071990807099	818.0218676314202	0.0	467.4148207963913	831.6097657192869	0.0	482.20432759998084	1024.0934326319637	0.0	500.9064240447559	1215.9998175586709	0.0	517.0045517710963	1282.1838050637236	0.0	487.64598061588947	1278.1123078802739	0.0	506.0935004031627	1242.6327045550236	0.0	566.6373109880618	814.7185508412688	0.0	580.1307866065109	957.2136369000634	0.0	578.5367793626231	1156.405264409164	0.0	567.9186166861235	1242.5630155820168	0.0	594.693050982577	1234.6597485414607	0.0	573.3595464495672	1182.145168926195	0.0	512.8066458222287	547.0745902938278	0.0	527.1774028915212	419.02963021810257	0.0	525.7572433535026	513.7238850014322	0.0	418.61616952016834	575.8183817282465	0.0	384.37932880055126	698.2312563816362	0.0	376.58854973236834	810.7517312549032	0.0	604.4345761040281	570.8997986405177	0.0	632.1700456899472	696.0601611325708	0.0	630.4146804188687	810.7817601515912	0.0
290	9.688340807174887	517.5474531656215	817.4000818421968	0.0	467.6493045729411	829.83989158093	0.0	481.9778314890742	1025.4629969977204	0.0	500.8653852155001	1216.597790032664	0.0	519.0316843817072	1282.4866766439359	0.0	488.95849179163406	1278.013287699856	0.0	506.1459027809951	1242.3031210668848	0.0	566.96941113882	813.6962526272814	0.0	579.9784311278177	953.782690079396	0.0	583.13583797164	1158.2257930617855	0.0	568.6818482087089	1248.5504278632595	0.0	597.206574903228	1240.6641138038003	0.0	577.483698209628	1184.4929772766545	0.0	510.85144206433887	546.7343260358529	0.0	525.183364439805	419.83307010903536	0.0	524.0709027759032	514.4987200766511	0.0	417.1630860637497	575.3798301676075	0.0	383.86718137548394	698.2172995894813	0.0	375.94315626675035	810.6603681999447	0.0	602.7386908183976	569.1728478580221	0.0	630.242280467577	693.9484688110919	0.0	629.9040872075838	807.0911354574828	0.0
291	9.721748878923766	517.2690159599123	817.6267624873907	0.0	467.36407617384504	828.6583897535119	0.0	482.01728304938825	1026.1277988993297	0.0	500.7295383084389	1216.7447541252852	0.0	521.1962285508874	1283.5992329366102	0.0	489.1027367315154	1277.8955896100827	0.0	506.1136509406364	1241.6331362319847	0.0	567.0105730358808	814.422461731803	0.0	579.7965141300127	953.8404529699518	0.0	587.1623138915522	1165.2495446662	0.0	571.8497346992773	1255.4154259325023	0.0	601.877662763518	1248.4221835033343	0.0	580.8925877341329	1192.5234963602184	0.0	509.10165697042055	545.9341209360956	0.0	523.3523519864873	420.0394556482517	0.0	523.2444438229719	514.6716924367273	0.0	415.5521893458872	574.9461619817644	0.0	383.66084467697556	698.6964231772279	0.0	375.6274143237304	810.6722670227387	0.0	600.907525939942	567.8574051601938	0.0	629.4205522950471	695.3037272922102	0.0	628.6566892230353	805.3865992646721	0.0
292	9.755156950672646	516.684679733716	818.5423119922549	0.0	466.70822460384176	828.6672776677312	0.0	481.963659185554	1026.07678233842	0.0	500.57301400400996	1216.1339837731527	0.0	522.0731274205626	1285.0196647277655	0.0	488.1491929773727	1278.2502580374132	0.0	506.15125582293905	1241.2067743523965	0.0	566.8093277009896	815.8307418174605	0.0	578.9444967500657	955.0542408477096	0.0	590.4973543566089	1176.1852895988798	0.0	575.8336172756894	1262.2854918269384	0.0	606.311652781954	1257.0151632105155	0.0	584.7114485869777	1204.9407941209865	0.0	507.78205112806666	544.8819576549555	0.0	522.2194158818226	419.5493202474576	0.0	523.4170179797557	514.0603665790808	0.0	414.10972200168186	575.4523657050066	0.0	383.7515743604197	698.9051720250083	0.0	375.61839751864187	810.321976964751	0.0	599.6211514786871	567.092199253726	0.0	628.8886752086644	695.8619209977933	0.0	627.1581339589171	807.1252641714599	0.0
293	9.788565022421524	516.9596447740499	819.4367225593484	0.0	466.8431447994935	829.4833171459487	0.0	481.65328331825964	1025.8863072605589	0.0	500.48886558197216	1215.5608476147859	0.0	520.917932174762	1285.7193660929267	0.0	486.9124444920876	1279.4567914753914	0.0	506.27892395316195	1241.180651102801	0.0	566.67108048505	816.8684029129265	0.0	577.4360851180439	957.3280875226471	0.0	593.4685695211484	1188.2262508693382	0.0	578.3723898303787	1268.2451372962532	0.0	608.9545006211795	1264.713246043383	0.0	590.0534878695173	1218.2812107294449	0.0	506.88237119920507	543.8080541370548	0.0	521.2183005925922	418.3573107318464	0.0	523.5915062703085	512.6340190404123	0.0	413.0902179330776	576.6591148312178	0.0	383.75524708341	698.5529008867975	0.0	375.66351701597506	809.9394261325098	0.0	599.0906711484153	566.8068109390197	0.0	627.6235006933248	694.6023567034401	0.0	626.192737586808	809.8214297542187	0.0
294	9.821973094170403	517.6271879058576	820.4180030885752	0.0	467.4996729349026	830.8532354081359	0.0	481.4377684642408	1025.814893497136	0.0	500.4933865762691	1215.6417394869202	0.0	518.786305861547	1286.0649870935106	0.0	485.5993669600629	1281.634179495682	0.0	506.3088574964338	1241.1549280538272	0.0	566.6086249203097	818.8735618367829	0.0	577.0737542958847	966.4785403754286	0.0	596.267464283055	1199.8073238246022	0.0	580.2003640875681	1275.1488304237928	0.0	611.3674857367488	1272.222801255288	0.0	595.9082801378739	1231.0607653814673	0.0	506.3728767925746	543.0991096752057	0.0	519.5987843755684	416.80101817361094	0.0	522.8301649382603	511.19644087669104	0.0	412.5888511729611	577.4974890887465	0.0	383.5085396077358	698.0287588632287	0.0	375.7709080973284	809.648298474869	0.0	598.9767499975536	566.9571866013112	0.0	626.3814184853152	695.1976352996035	0.0	625.489851954677	811.3827453201781	0.0
295	9.855381165919281	517.7357103665479	821.8346022791634	0.0	467.6567502596445	832.7737192945818	0.0	481.59081666417615	1025.784288473418	0.0	500.51327793788226	1215.729360475059	0.0	517.2730969238249	1286.5018766471449	0.0	484.16297000774966	1283.5147314538165	0.0	506.37281846519767	1240.9771187753845	0.0	566.8446580973687	823.0579219001098	0.0	579.3108203229568	984.8418762712847	0.0	599.0694100586985	1209.9920177051554	0.0	582.8527176110406	1282.8593747538987	0.0	614.4780855818482	1279.6702121435212	0.0	600.6999014754787	1243.2996999449294	0.0	506.09956718565485	542.9779131711929	0.0	517.7775184421102	415.55980740862964	0.0	521.2297020518323	510.5797336039076	0.0	412.50948110412793	577.5210225526154	0.0	383.1224424794318	697.7065085821796	0.0	375.96145528521987	809.4354293285597	0.0	598.8555333592936	567.319050534091	0.0	626.743379747984	698.3864443746597	0.0	625.3512736384603	811.8692413626092	0.0
296	9.888789237668162	517.8611758188124	823.3071230443693	0.0	467.44245107210253	834.8491056871586	0.0	481.8804421891184	1025.792231021772	0.0	500.512013195536	1215.4432894592962	0.0	516.388560799611	1286.7787376390042	0.0	483.1458798741951	1283.40142717803	0.0	506.92140533687495	1241.3308934898664	0.0	567.7774263783285	827.5019599111405	0.0	582.614193317865	1003.2750447481002	0.0	600.9085100923347	1217.1756512636896	0.0	585.1507388415987	1286.7687143803837	0.0	616.4559078952897	1283.9500898942847	0.0	603.0179954819491	1252.3515618102194	0.0	505.9285473956537	543.1062186276165	0.0	516.632264271563	414.903137457094	0.0	519.6065844232296	510.1192974222184	0.0	412.5323893765089	577.0117177295697	0.0	382.81464771594113	697.6444428746547	0.0	375.91511754281004	809.9802130529423	0.0	598.7550834474499	567.4532178374907	0.0	628.659839582287	701.020465307698	0.0	626.9666533624926	813.1574711588983	0.0
297	9.92219730941704	518.6528901264882	824.2930311414365	0.0	467.46000412748833	836.2376404033281	0.0	481.87508043813307	1025.8778950677363	0.0	500.6241923905288	1215.7453369541854	0.0	515.0328449857461	1286.744233043234	0.0	482.8527529092341	1281.909422576747	0.0	507.73949366983993	1242.6566897597804	0.0	569.1969761493633	829.2954607734134	0.0	584.3786816807595	1011.3238446958244	0.0	600.1982421333837	1219.8418515399646	0.0	585.3888584117102	1284.4701464569414	0.0	616.2482922418013	1283.0350357067434	0.0	601.261919506761	1254.8900901853829	0.0	505.9659058904595	543.1031472642057	0.0	516.3885340632376	414.5612388349786	0.0	518.3582294102796	509.1434013270915	0.0	412.47450541143047	576.6315239625649	0.0	382.8095214095041	697.7971199613349	0.0	375.52811759190797	811.2324725262496	0.0	599.3093810111612	567.4118031379345	0.0	630.8127031063411	701.8758767699317	0.0	629.9749660610928	812.5352650341424	0.0
298	9.955605381165919	519.6633158604354	824.7560667229635	0.0	468.0922723907853	835.9697018413647	0.0	481.42802500991434	1025.6284979588906	0.0	501.1290588446564	1216.8076986642182	0.0	513.4727856560833	1286.5192287815253	0.0	482.9091672175992	1281.1285400789016	0.0	508.15695305609796	1244.1593017146963	0.0	570.3758040313975	828.1205239688429	0.0	584.2360894185864	1009.9422330433896	0.0	596.6197172504247	1218.7773093707551	0.0	584.9030249855936	1280.1278837738437	0.0	615.6547616164316	1279.4576888927304	0.0	595.0625363223115	1252.5329443440305	0.0	506.43459749800957	543.2097056249846	0.0	517.12640127389	414.3471371616583	0.0	517.6859006838934	508.7090441871594	0.0	412.3437399705433	577.0923025346015	0.0	383.01920854900965	698.1820200758232	0.0	375.13258912212365	811.977305308331	0.0	600.7114708876178	567.7060451674955	0.0	633.1553182431425	702.8504157652901	0.0	632.5695949350027	797.6492839274143	0.0
299	9.989013452914797	520.3528709125179	825.0395505721901	0.0	469.23782221284284	834.3373704977213	0.0	481.1051386158809	1024.9773639502787	0.0	502.0626333496051	1217.1325310787854	0.0	513.0484140822065	1286.2838080245842	0.0	483.1516934219574	1281.4309042914224	0.0	508.4304951478019	1244.9346585384803	0.0	570.9475403785297	826.2856679819423	0.0	583.2751196672394	1006.2784255570901	0.0	591.2320357224042	1217.2760668916153	0.0	585.0516070890827	1278.1025791082413	0.0	615.6028218406344	1276.662252432385	0.0	586.8218275197606	1250.1364560994168	0.0	507.3393718494515	543.7418004004033	0.0	518.9889580793666	414.44722853021017	0.0	518.1841629360083	509.7852844809734	0.0	412.24032857396554	578.2599627274551	0.0	383.16570525636024	698.7199036787314	0.0	374.9410681628617	811.8081976434457	0.0	602.1858766111498	568.2022270097838	0.0	636.2282866045939	704.687458600701	0.0	634.4474025213166	766.5087530138688	0.0
300	10.022421524663676	520.6431896196661	825.5356552846082	0.0	470.0587728006764	833.8577350071689	0.0	481.72401337978664	1025.2512711686522	0.0	502.9087337896025	1216.1258170080257	0.0	513.6277679522899	1286.0346428487574	0.0	483.5984372504457	1281.7677288046964	0.0	509.30376248209024	1245.004288898405	0.0	571.0348229267854	826.4754426156784	0.0	582.2492724542128	1004.6009193778264	0.0	585.9068341785057	1218.0907005515992	0.0	583.3424287895185	1277.8455390310344	0.0	613.690321839981	1275.7329269649617	0.0	580.3371497335363	1250.1942871160893	0.0	508.3408423622397	544.3799605059203	0.0	521.4049045051136	414.9338989505935	0.0	520.0129666610222	511.5335386292148	0.0	412.44655682846945	579.2351990824155	0.0	383.1642959602471	699.1917552829502	0.0	374.89244704335243	811.2976689239687	0.0	603.2985233085469	568.2894371683142	0.0	638.5816746832012	705.6911305105418	0.0	636.5629406684363	748.4356211299739	0.0
301	10.055829596412556	520.736869424182	826.5519419466625	0.0	470.1955003514669	836.1880323808124	0.0	482.8251094612569	1027.1341739575435	0.0	503.08582555566306	1215.1957142580225	0.0	513.9655909301858	1285.9055365537854	0.0	483.741470556933	1281.7539062726473	0.0	510.52889683252675	1244.7379064187853	0.0	570.9698655947667	829.3864200094212	0.0	581.7349956174876	1006.7616743956208	0.0	582.4284965815937	1220.9770708058495	0.0	577.96725868749	1278.5718490712377	0.0	608.2300967757898	1277.3031255200012	0.0	577.600591048319	1252.830951600931	0.0	509.3077259307676	544.7705355487259	0.0	523.6987253283957	415.33388737529907	0.0	522.7326213242859	512.7199203197857	0.0	413.2877399820346	579.6189771928822	0.0	383.21730390790873	699.4049265292523	0.0	374.8931230408362	810.8093803652748	0.0	604.4895615443126	567.9419769633266	0.0	638.8659827692259	704.4871838677662	0.0	638.8594385168036	765.7980486079372	0.0
302	10.089237668161434	520.9194648032419	828.2415712308555	0.0	470.15598162970844	839.7771199123159	0.0	483.1526878287778	1028.94720183568	0.0	502.74984122927845	1215.4454885586385	0.0	513.8752598536001	1286.2180251714801	0.0	483.2318856220315	1281.692219668986	0.0	511.22794558219584	1244.2022303459628	0.0	571.07378020161	833.3695611308556	0.0	581.8210464306283	1012.3449209470297	0.0	580.6656796563523	1223.6208545207403	0.0	571.8885994036787	1281.9851560453733	0.0	601.6877249804666	1281.6186789257147	0.0	577.0274477126939	1257.0214806879903	0.0	510.5973516444096	545.0505716017019	0.0	526.0142165606569	415.229149949411	0.0	526.0105634323745	513.2763042897274	0.0	414.7773726260133	579.7272619566315	0.0	383.8369080816188	699.2342483464802	0.0	375.1793822927529	810.5479852917758	0.0	606.1681126475256	567.7705592324797	0.0	638.7651179670676	701.7533561462639	0.0	640.9990403260177	795.7921992251145	0.0
303	10.122645739910313	521.2553044844404	830.2997634045503	0.0	470.1273601553068	842.4898216856848	0.0	482.9250410397262	1029.303453317915	0.0	502.6447954355663	1216.2014443564126	0.0	513.9865321063553	1286.5234337399252	0.0	482.9022297828343	1281.7216932194146	0.0	511.15599767431837	1243.4856576685916	0.0	571.3818499176178	836.5656624193107	0.0	581.5759203933522	1017.4567838365871	0.0	578.7990243573136	1224.6264757203444	0.0	568.3921114271762	1287.733532891786	0.0	597.4923980832995	1286.7051811903884	0.0	575.4598503386661	1260.4214160811325	0.0	512.4764235672914	545.4588581705262	0.0	528.5728863201729	415.1528507484226	0.0	529.4919586096814	513.8194591900901	0.0	416.5673463906233	579.7662267206111	0.0	385.27928100722323	698.6960543996495	0.0	376.15802453001817	810.672253769755	0.0	608.4579672348431	568.1974567233622	0.0	640.4364263297008	699.4415121252331	0.0	643.4852931633073	810.1877840937591	0.0
304	10.156053811659191	521.5130208581243	832.003607792562	0.0	470.04521820687114	843.770574825607	0.0	483.26768607632545	1029.0735508606244	0.0	503.10460867808894	1216.5639095699435	0.0	514.3647123512562	1286.122754165028	0.0	483.567748859065	1281.630505692493	0.0	510.9709664316612	1243.013894575399	0.0	571.79903031327	838.1334877775541	0.0	579.9288742989928	1018.2686180172345	0.0	575.6182512335786	1224.4675653907968	0.0	566.6203824858138	1291.966367612355	0.0	595.3624859461241	1290.3460358989546	0.0	571.715561719799	1261.3291485248799	0.0	514.8064098442743	546.1678650462004	0.0	531.1573922386528	416.0538915097241	0.0	532.4315970827033	514.6518760003919	0.0	418.4967540826964	579.6358441786787	0.0	386.98898248785366	698.2587427378285	0.0	377.4779669094508	811.0839969925402	0.0	611.1868530913587	569.0548697397454	0.0	643.4967528254878	698.3736978071848	0.0	646.4250803876816	810.9502606260753	0.0
305	10.189461883408072	521.6012596511439	833.1487853603414	0.0	470.2204556808294	844.0695543419184	0.0	484.1220852201538	1029.5098993501401	0.0	503.83249121709645	1216.6333737581415	0.0	514.6252909957121	1285.5846748629356	0.0	484.5275737132328	1281.3766295430476	0.0	511.3527664981199	1242.8552392550641	0.0	572.4249091681029	838.2722597966732	0.0	576.9426800091419	1015.7275736936076	0.0	571.1228938633842	1223.4285728514265	0.0	563.5659535151613	1292.078633635094	0.0	591.9143095781305	1291.90286290009	0.0	566.6875070044293	1259.4862378653645	0.0	517.2764820181862	547.3026109317693	0.0	533.5508074016825	417.70217493159083	0.0	534.2685838201443	515.6920392275321	0.0	420.74766043030473	579.357295951717	0.0	388.32759475480975	698.7150603244036	0.0	378.2441982844437	811.5015104345447	0.0	613.8060005463382	570.1354461418593	0.0	646.3086053522504	697.788380790175	0.0	649.0278087768338	810.044300808981	0.0
306	10.22286995515695	521.7737096287599	834.5757538732882	0.0	470.85814025893814	844.0231863467403	0.0	484.64813576714664	1030.57474713802	0.0	504.6497098129442	1216.8179673364273	0.0	514.801250989868	1286.0488882041802	0.0	484.80180089951193	1281.494970370245	0.0	512.1584191274712	1242.9465478115992	0.0	573.2737215341193	837.9088807254533	0.0	574.0351534719274	1013.3022586452136	0.0	566.267349905015	1221.4051513258767	0.0	558.5913632496671	1290.1661507115136	0.0	585.5275259107839	1291.996217567239	0.0	561.6708631377044	1255.7394661987778	0.0	519.7726099825767	548.5567005496158	0.0	535.876074465881	418.8379213894425	0.0	535.5266678138406	516.8406922766051	0.0	423.3238049863727	579.1921052869025	0.0	389.4098339750313	700.1581476477045	0.0	378.25292140633996	811.5419373864534	0.0	616.2110120076909	571.4876532234189	0.0	648.4191717466791	697.3196651708955	0.0	651.0612455323185	810.2786548723576	0.0
307	10.256278026905829	522.2500122702326	836.7302938062704	0.0	471.75349850716094	843.9980129822567	0.0	484.55553897962534	1031.7677169508843	0.0	505.5101885117774	1217.3348888104433	0.0	515.082468879136	1287.4006111002109	0.0	484.5567595820673	1282.2781308684807	0.0	512.9959288509265	1243.4888724777754	0.0	573.9271409348053	837.8116807326863	0.0	572.6940287499106	1011.7511970121835	0.0	563.134615756876	1219.6800173489416	0.0	554.2542803221311	1290.5158144355062	0.0	578.9655261891843	1292.8904191694883	0.0	558.0605914325182	1252.4009012707002	0.0	522.5399207279238	549.2176819513944	0.0	538.5197838584842	418.9758536345319	0.0	537.1966967665869	517.6775283704044	0.0	426.12875560833425	579.0333687243142	0.0	390.83456625116713	701.6919801462701	0.0	377.9756520772063	811.062670032839	0.0	619.0107041569019	572.9035199362575	0.0	650.5791981765201	696.9807010073868	0.0	653.199548041787	804.7691765731334	0.0
308	10.289686098654707	523.08436619422	838.4268242071786	0.0	472.6987952267867	844.0054821131081	0.0	484.2872661545338	1033.5757218263	0.0	506.0616268536821	1218.079859817474	0.0	514.9956649479319	1288.2967537667846	0.0	484.41853979840295	1282.934111677024	0.0	513.9135498900401	1243.7829069575546	0.0	574.2851512685884	838.4326026523272	0.0	573.1800165301378	1011.9558789760912	0.0	562.8920494358964	1220.1823529533922	0.0	552.8849440969166	1294.4009103890926	0.0	576.5121175994962	1296.368569152645	0.0	556.7298429337995	1251.8785346699726	0.0	525.6675753455623	548.9957077527271	0.0	541.7091216078343	418.7368085647861	0.0	539.4322381591483	517.6445716875066	0.0	429.1168752179499	578.1419028453344	0.0	393.03293637064814	702.5219137675107	0.0	377.6888025998893	810.3559003031696	0.0	622.3460159500993	573.8392584888411	0.0	653.2204932965714	696.2036051729962	0.0	655.8603762896043	785.3920545368228	0.0
309	10.323094170403587	524.3340207351513	838.5082999022821	0.0	473.6840808005217	843.8814409278073	0.0	484.5552453321149	1036.4028608455733	0.0	506.1127290547842	1218.781211782292	0.0	514.5246235488224	1287.9106507198799	0.0	484.52724937759365	1282.755684793738	0.0	514.7337757381086	1243.5739011896771	0.0	575.1152704443643	839.4631090062376	0.0	574.8999106991196	1015.216867669967	0.0	563.8094960027627	1223.9749035126176	0.0	554.1096746658214	1298.1614274347323	0.0	579.032285253448	1299.646010027532	0.0	557.005023577333	1255.9306451391485	0.0	528.9155921351671	548.2991131779028	0.0	545.7762298742532	418.8674196208894	0.0	542.4086685135709	516.9763009591504	0.0	431.9605062109393	576.2449718829807	0.0	395.8325106164388	702.5310823215942	0.0	377.1490584690662	809.7895128316446	0.0	625.7770604156983	574.1343472514725	0.0	656.1598889160721	694.8113278809834	0.0	659.0504649732956	757.0199104608683	0.0
310	10.356502242152466	525.9326763373617	837.5227742334779	0.0	474.7196584813875	843.6449987801547	0.0	485.59168754309985	1038.8059340264463	0.0	505.8746863531376	1219.5741739595387	0.0	514.8688893673766	1287.215791293862	0.0	484.44312931247964	1282.5971215541565	0.0	514.8241560608365	1244.62817207865	0.0	576.9633931718902	839.9140043134149	0.0	577.2312047645675	1017.8424744988647	0.0	563.8179898847053	1232.355747545647	0.0	556.1649118946008	1299.6475559063363	0.0	583.2015358477494	1299.9571223068008	0.0	557.4126206695651	1267.1676143145414	0.0	532.3149412562659	547.6360356329776	0.0	551.4486562521555	419.65733554566685	0.0	547.3029568898814	516.3488840863336	0.0	434.6185487004953	574.0891620948415	0.0	398.4956563860564	701.9597307033049	0.0	376.1792871136463	809.6623015365763	0.0	629.1785694772792	574.1993095946796	0.0	659.1383315485062	694.3903251374024	0.0	662.5578715517261	734.3671891711125	0.0
311	10.389910313901344	527.5728390187653	836.7751475410205	0.0	475.70453376402327	843.9036155534474	0.0	486.71643062338137	1039.6423549599629	0.0	505.7084302629452	1220.6128294869538	0.0	516.2752058040957	1287.8869533293748	0.0	484.02714507878574	1283.6356968820282	0.0	514.3719495459977	1247.3772630783167	0.0	579.4841504963279	839.8769988372939	0.0	579.5366603409927	1016.0305888779611	0.0	563.8401631611691	1242.978601301909	0.0	558.0254963412989	1305.0746792745886	0.0	585.7957473436636	1303.0018459052735	0.0	558.0915389156982	1281.2818812263893	0.0	535.9102921655914	547.1389174997424	0.0	558.3410512616605	420.62462738139664	0.0	554.2806040689012	516.2074216110841	0.0	437.58910192954494	572.2450388702937	0.0	400.45884983379636	701.1516492122277	0.0	375.421541402749	810.1990564730266	0.0	632.5513537856872	574.4507345503918	0.0	662.1884913066884	697.0197652704561	0.0	665.9329617358692	723.1902488270239	0.0
312	10.423318385650223	529.1830425339734	836.7617815686016	0.0	476.8476969338931	845.1660026281616	0.0	487.1479322237838	1040.066080361039	0.0	506.2273672082855	1221.351050952918	0.0	517.724300684531	1290.0332723252768	0.0	484.3238736406923	1285.569405892903	0.0	514.5615639043401	1249.4552667151186	0.0	582.1903495645092	840.0174711527612	0.0	581.3211202538234	1011.37364690204	0.0	566.0498803690888	1235.2299039413058	0.0	559.4576010182966	1318.9796238586214	0.0	586.5785441652599	1314.9412317462438	0.0	560.7476514562201	1268.2367968630745	0.0	539.298215369286	546.6223932531184	0.0	564.4132014479446	420.62713752821105	0.0	561.2840897317577	516.6449035835491	0.0	440.5577451074143	570.5073035495889	0.0	401.87538990516776	700.4763897910886	0.0	375.5879181485906	811.3317457415765	0.0	635.9345889732853	574.9877356977203	0.0	665.6946109531254	701.7939711870724	0.0	669.3099869131795	719.297371234036	0.0
313	10.456726457399103	531.1438917884947	836.9923888846315	0.0	478.72513145183746	846.6826675489184	0.0	486.9829535118175	1040.9148057510663	0.0	507.3851012357302	1220.9091062525017	0.0	518.6619626729979	1292.2286974512083	0.0	485.9770017440018	1287.1850302527796	0.0	515.454479065867	1249.1103554552542	0.0	584.8786609053072	840.06038827065	0.0	582.8214090639975	1007.3188846884264	0.0	569.8530986449462	1181.534559199298	0.0	560.3853423181248	1329.3613353647202	0.0	586.8962672957257	1327.03740909115	0.0	565.1370056671232	1194.631216947724	0.0	542.3683180544245	546.1018063101919	0.0	568.7467276723522	418.91732878072685	0.0	566.4261363528675	517.3954255461985	0.0	442.6341384661412	568.9114711412819	0.0	403.13770394659326	700.1097049442083	0.0	376.3549619805116	812.599344818509	0.0	639.6808027064981	575.6336937444572	0.0	669.6112942736614	705.3535995972977	0.0	673.1821802959397	718.875857497216	0.0
314	10.490134529147982	533.466579652886	837.105572306554	0.0	481.1444019745284	847.4674113383821	0.0	486.7085019366858	1041.352641273239	0.0	507.7955048584301	1218.9470187867892	0.0	518.8024961868595	1293.5767452616149	0.0	487.55999567932656	1287.5689730869258	0.0	515.5134111286094	1246.5525552585648	0.0	587.4075686016964	839.8357826282257	0.0	584.8268927296018	1006.5101078939109	0.0	572.4630621763118	1096.5228870199787	0.0	560.6360651437356	1309.8401867070127	0.0	587.1687792693346	1314.0787135731202	0.0	568.4896078307856	1087.707893683619	0.0	545.3545343367144	545.8758768130365	0.0	572.6771685681962	416.12293850100247	0.0	569.8457595497973	518.6831832632269	0.0	443.9803565352899	568.0016684001198	0.0	404.3412060013039	699.7441392449971	0.0	377.0414274518388	813.4407494737674	0.0	643.7273170555302	576.165627952035	0.0	673.343425594398	706.3284738737469	0.0	677.2974016812744	719.2732266440617	0.0
315	10.52354260089686	535.6406881328605	837.2800954902015	0.0	483.0665817629605	847.7635706261254	0.0	486.48445874180146	1041.570549102916	0.0	506.74955447778706	1216.5436395701201	0.0	518.3762276215678	1294.4176986910034	0.0	487.86277703453055	1286.9051530649926	0.0	514.1595058994188	1243.4120437733718	0.0	589.6415684165684	839.8515006942303	0.0	587.5398480942397	1008.5709520379863	0.0	572.9932508215174	1031.639306423058	0.0	560.4127276615804	1245.6403741806603	0.0	586.556127285731	1253.188329300045	0.0	569.2776369452979	1013.7297434527711	0.0	548.0928935432465	545.8766569570415	0.0	577.140170040532	413.391481780451	0.0	572.684940267631	520.3599861389545	0.0	445.1418077151605	567.6253157243946	0.0	405.40254589752726	699.0370899196378	0.0	377.4621474512309	813.7878053183755	0.0	647.304048299611	576.4552134433628	0.0	676.7094624470991	706.2261462266732	0.0	681.2433873300479	718.1336586199429	0.0
316	10.556950672645739	537.55078627399	837.664925589804	0.0	484.09762890576724	848.0018504468484	0.0	486.2653257142984	1043.3705915344656	0.0	505.1643159687892	1215.5540413077172	0.0	518.2850284261436	1294.5983756139863	0.0	487.7548755886456	1286.2178334653584	0.0	512.0422893000981	1241.8274161011743	0.0	591.5867677456029	840.5867734451613	0.0	590.1598551206931	1010.1414400590353	0.0	573.3510315355941	1010.9214907362433	0.0	561.2898996569947	1176.6065269167016	0.0	585.4678317906094	1163.688596479512	0.0	568.7160638483348	993.4595950924354	0.0	550.534284379545	545.5513553426994	0.0	581.3627835243161	410.73071558183295	0.0	575.3980438246923	519.8783653377532	0.0	446.09642623162983	566.9191856713367	0.0	406.30981727993316	698.0675592238566	0.0	377.6487316226382	814.1495794491699	0.0	650.3097780268598	576.0738486125153	0.0	679.926530041157	706.8698746232836	0.0	684.8034678012488	715.6808850205546	0.0
317	10.590358744394619	539.4050130594675	838.4138611691374	0.0	484.7013067586463	848.073882441343	0.0	485.61283005564775	1047.3528549885195	0.0	503.5319843536279	1215.3048160987257	0.0	518.2410437087201	1293.6240542283622	0.0	487.80983398702756	1285.7854358529573	0.0	509.20171467165807	1240.7243293895467	0.0	593.3657953823371	842.2448445875033	0.0	591.7936414206922	1010.5772798934539	0.0	574.9063233261368	1032.6603913957285	0.0	563.4698214061023	1176.1666013987222	0.0	585.7977613104565	1115.8218222170974	0.0	568.4220529816233	1020.1361995525408	0.0	553.0387350675202	544.5081959468865	0.0	584.3934691017321	407.47821223331033	0.0	577.8225491772342	515.6848423923288	0.0	447.1455154555917	565.7878719289499	0.0	407.4830291903653	696.7847930652171	0.0	377.64430601361863	815.0697753378812	0.0	653.6339413175369	574.3089814918602	0.0	682.721530155626	708.3668603218066	0.0	687.3403246430383	719.6379021937174	0.0
318	10.623766816143497	541.2159131481849	839.8218826226869	0.0	485.3752151909293	848.0522437047646	0.0	483.6999493668364	1052.1601811046148	0.0	501.68907246475317	1212.3499157842875	0.0	517.076521180054	1293.2468490960284	0.0	486.88860554774766	1285.122531129361	0.0	506.11315417317564	1235.9046612391144	0.0	595.2709398427513	844.2105543494705	0.0	592.0752871199383	1013.4725666192952	0.0	576.6325474715418	1101.7623957350056	0.0	563.3856958822271	1250.083615760118	0.0	587.1928502482093	1160.2059257168453	0.0	568.6377590114025	1102.3170995554567	0.0	555.6418280181712	543.0817003238259	0.0	586.4100319173658	404.08900934457813	0.0	580.4756548854306	510.85267730791924	0.0	448.99773886503635	564.9724965226669	0.0	409.4739654656339	695.2268132377532	0.0	377.60989682172846	816.8092291460306	0.0	657.331606507038	571.4649855702958	0.0	684.853054170305	709.0253057996479	0.0	689.277259564871	741.6625970201238	0.0
319	10.657174887892376	543.1772420322618	841.9746648645956	0.0	486.3766342343045	848.149246715221	0.0	480.54053036917355	1056.709996742891	0.0	500.2682326605865	1205.718860717025	0.0	515.2627883244853	1295.3508948813073	0.0	484.4555456091643	1284.2213129943725	0.0	504.3606093166331	1226.4240832181845	0.0	597.9405022036756	845.4980684022946	0.0	591.3766662339216	1021.1872525041703	0.0	577.2984693141079	1196.767883783138	0.0	559.1704920102086	1325.8502764029686	0.0	587.1334834405127	1259.8957351148044	0.0	568.7688879694527	1214.1403312140753	0.0	558.1356772724143	541.970248917257	0.0	588.0262420601367	401.7985608768329	0.0	583.6070237266002	508.68407792878935	0.0	451.6834673700426	564.7294097312783	0.0	411.79530795190476	694.421910510967	0.0	377.70230583574295	819.0215226962031	0.0	660.5142366446008	569.4207471897339	0.0	687.432599134865	708.1529866315069	0.0	692.977911635422	778.0064461720149	0.0
320	10.690582959641254	545.4500441565044	844.0519854744881	0.0	487.3305515394894	848.565843795485	0.0	477.44419621106505	1061.3543048823128	0.0	499.7607634463248	1198.7027809626418	0.0	514.6721404387052	1298.603002506294	0.0	482.1339070664926	1283.8226913429612	0.0	504.40069474033777	1216.2566474233138	0.0	601.5333143361551	846.2530672296466	0.0	591.1671753051832	1029.830263175918	0.0	577.0380036735853	1264.3855320211246	0.0	554.072833022897	1356.7318270895494	0.0	585.3755771981903	1335.018862200595	0.0	568.4218781140227	1290.9507620153495	0.0	560.5170347244551	541.1032085687212	0.0	589.0822624768433	400.8801572201172	0.0	585.9773556277961	508.4051407087562	0.0	454.2364356571161	564.6066483657581	0.0	413.2886981159369	695.1331465614351	0.0	377.8266195744849	820.3297317937021	0.0	663.0504119549449	569.8316030353977	0.0	691.5820426174956	707.206451710839	0.0	699.5621282523861	808.3907426290087	0.0
321	10.723991031390133	547.393211130108	844.7314276678924	0.0	487.6133099280274	849.4911302067394	0.0	475.6414231860687	1066.0061810146374	0.0	499.37153632295457	1194.8372055213354	0.0	515.6900519003215	1301.5026197750462	0.0	481.6333981452379	1285.4255499340343	0.0	504.978167228103	1210.033065695499	0.0	604.9969648237469	847.2822230291878	0.0	592.8379510364537	1032.792987821392	0.0	576.2658611002912	1282.8720003667077	0.0	551.5808150736985	1357.2372332811299	0.0	584.1001722474604	1356.6723703497155	0.0	567.595193181954	1309.805374163735	0.0	562.8014296235915	539.9643668212473	0.0	589.2924230181501	400.32470522819114	0.0	587.0848000278837	507.6270494288854	0.0	455.7621375413376	564.2796574247011	0.0	413.7944218486082	696.0860282207253	0.0	377.8559468735006	819.4138706267161	0.0	665.432651094157	571.9530886684222	0.0	696.454136734064	706.766232062044	0.0	706.9094583483702	821.109285878906	0.0
322	10.757399103139013	548.28961445781	844.3128807602411	0.0	487.7136254841207	850.6085263360883	0.0	475.614995805753	1068.788810907901	0.0	498.20889820871815	1195.9017450260449	0.0	516.1667192328937	1305.3589126143067	0.0	482.1368823354596	1290.5450864857385	0.0	504.6094470201846	1210.744556002955	0.0	607.2716267853168	848.5822696810005	0.0	595.7631837061404	1031.6041578594934	0.0	575.0624483722669	1275.5810274869164	0.0	552.0936515665272	1352.3174807737232	0.0	584.2950512323914	1351.4588959305631	0.0	566.5228865216553	1300.928295786981	0.0	564.9441365624808	538.8357005765553	0.0	589.1181016361531	398.6236495501449	0.0	587.8181853892467	506.18175198336183	0.0	456.6724346593329	563.6256939136009	0.0	414.15440505764246	695.5856388887842	0.0	378.04070723423126	817.04739028522	0.0	667.8974630750172	572.9833132246084	0.0	700.6604151194166	705.794878090662	0.0	712.1776891186358	821.7837584179947	0.0
323	10.790807174887892	548.4739705998749	844.1651670955985	0.0	488.66119254364935	851.1425943940737	0.0	477.3895725468452	1068.3223739234177	0.0	496.4148019137105	1202.9945044295173	0.0	513.865378507993	1311.9588965401438	0.0	481.1047012375381	1298.9969867819048	0.0	502.7349848236975	1219.853514170506	0.0	608.298798906094	849.5867253833478	0.0	598.0775080577162	1034.5079908548653	0.0	573.6263557907979	1266.9520729028154	0.0	553.6276109090508	1350.2796365629365	0.0	585.0669135918698	1345.30061220257	0.0	565.463767337625	1291.84302029942	0.0	567.0374559407534	537.7954100984026	0.0	588.9603293017435	395.1495488576925	0.0	587.9766721137748	504.9273952495731	0.0	457.8003985558533	562.2907142059898	0.0	414.9801683576526	694.0275222041759	0.0	378.54662468420696	815.3877246349385	0.0	670.552436700387	571.4443849546228	0.0	704.0633315071839	704.3972684488443	0.0	714.6457938063903	820.0307536474606	0.0
324	10.82421524663677	548.8009612262616	844.1070450076501	0.0	490.0535628962796	850.8736196403852	0.0	480.0426299766714	1065.9705615196838	0.0	494.81967539090357	1216.420086911413	0.0	509.30794089802407	1321.5741731199478	0.0	477.6287180346999	1309.5098614614974	0.0	500.4609600238738	1236.9137545897345	0.0	608.6097474563397	850.4806731497015	0.0	598.7787877391103	1042.5166319122563	0.0	572.1317717348761	1263.8000144329485	0.0	553.8030483380535	1350.6603364501516	0.0	585.4472458793377	1344.0027000782145	0.0	564.3067861316781	1288.5704518478803	0.0	569.0617736556643	535.5107339014609	0.0	588.5911533392213	391.33053468530886	0.0	586.5883873322639	502.2175822700121	0.0	459.10752992790543	560.4097967390733	0.0	416.26105822743864	693.0929839682329	0.0	379.11923495134226	815.1612591313867	0.0	673.3406638142031	569.3704709991371	0.0	707.0370446698137	704.6956102019142	0.0	715.576806704991	819.9330414498496	0.0
325	10.857623318385649	549.426139817452	843.659499036481	0.0	490.52564785948994	850.4745317742916	0.0	482.26137733357433	1064.454397030172	0.0	494.1052141213712	1235.2510213554085	0.0	505.3679532506663	1334.61668121422	0.0	473.56749708823827	1322.6689605519114	0.0	499.484021198697	1259.4239034941902	0.0	608.7016773628097	851.8642078122381	0.0	597.9687944967819	1049.5570585271087	0.0	570.2037430828973	1263.8519061958048	0.0	553.1097652598286	1352.0462103964053	0.0	585.5352569228	1344.758084672117	0.0	562.9289730072358	1288.864563046247	0.0	570.6674669903678	531.4595416033212	0.0	587.8346618613526	388.99299953314704	0.0	583.8577222490526	496.9659616428215	0.0	460.47865237402516	559.0249700160427	0.0	417.57922974551644	693.187022946949	0.0	379.57972010487674	815.477687190396	0.0	676.0001396074632	569.2168605382441	0.0	709.2994101101598	707.8239090259983	0.0	716.056301128257	820.3282083574636	0.0
326	10.891031390134529	549.8693175900588	843.7666604002899	0.0	489.91777721120656	850.1597777503803	0.0	484.0561274783097	1065.0532720291183	0.0	494.47846390170383	1257.7328029667121	0.0	504.494868773659	1351.728366909201	0.0	471.18449858479414	1340.1915934218991	0.0	499.9980999215372	1284.3229188963728	0.0	608.5988884950827	853.021594444339	0.0	596.5746313533589	1053.1171366663102	0.0	567.5934056350785	1263.6336962979651	0.0	554.5807345221231	1353.3740982082759	0.0	586.1736823151637	1344.5474761286073	0.0	562.002110188495	1290.211689514942	0.0	571.541960038246	527.6868532464824	0.0	586.9267336120914	387.5408987859745	0.0	581.0989371189094	492.18489778208055	0.0	461.9124834560164	558.651578307266	0.0	418.2818338746531	692.8499403413866	0.0	379.7729238974037	815.6713515561014	0.0	678.2641268593654	570.3290173712194	0.0	710.2680158444986	711.0022454509015	0.0	716.126926528978	817.489867837472	0.0
327	10.924439461883408	550.0285669589949	845.0688642668965	0.0	489.23567426663817	849.8445207863815	0.0	486.2387246344719	1067.5181447247417	0.0	495.94650938479214	1280.7672111782492	0.0	507.22245674773995	1370.8836620634472	0.0	471.6184232500904	1360.5979800610858	0.0	501.2708044489064	1308.7756246616907	0.0	608.2653159171512	853.205626562898	0.0	595.8972179431127	1054.5369324764629	0.0	565.0595806222423	1261.8175698907542	0.0	558.6197466361874	1354.1653953624727	0.0	587.6526723922852	1342.6982423140214	0.0	562.2133180527917	1291.648685143605	0.0	571.5354643439264	526.0779364864264	0.0	585.9649368884276	385.0147201135638	0.0	579.5001955463338	490.0175111055847	0.0	462.53369860530694	558.7072133460813	0.0	417.8977883618861	691.2718371923463	0.0	379.5404843764626	815.4187281223625	0.0	679.6766893108346	570.5285578856764	0.0	710.3252877054649	710.7058177662351	0.0	715.8672987740889	809.580796788499	0.0
328	10.957847533632286	550.0690941962773	847.2826438384709	0.0	489.0190374811353	851.3044356104281	0.0	488.7856571735364	1071.8171259128496	0.0	498.3466462826963	1300.1487579503194	0.0	512.2942225028303	1387.8697381914533	0.0	474.9334711247063	1378.8898556544336	0.0	503.10189427915446	1329.2448519502798	0.0	608.0126058753942	854.324896664127	0.0	596.2703226837342	1054.7656011632102	0.0	563.2743123996838	1259.117051964042	0.0	561.684422238056	1354.7745060845525	0.0	589.1173105756018	1340.5189413087994	0.0	562.5611252218066	1292.1345897333003	0.0	570.7491945788069	526.1281657389785	0.0	584.6453264658697	381.45746800548613	0.0	578.6776466867544	488.92705293002643	0.0	461.42075266670446	558.6453350407814	0.0	416.75698886173546	689.8367085159219	0.0	379.0886248676652	814.07614454016	0.0	679.9595517000454	569.0702282057442	0.0	710.6096307089186	708.3056330474911	0.0	715.9746527605736	801.9858709373137	0.0
329	10.991255605381165	549.9072936096102	850.2322669377787	0.0	488.988772059002	856.0356188813005	0.0	491.07407514036674	1077.3137625115999	0.0	501.0836753738436	1313.1262684791984	0.0	517.4141843972898	1399.8853554913903	0.0	479.3767183343565	1391.252731208065	0.0	505.2791986008146	1342.6303740052065	0.0	607.8994324421986	858.352678370968	0.0	597.0667745230095	1054.249035975833	0.0	561.7798935439374	1256.463189731758	0.0	561.9934681847122	1354.8773033603022	0.0	589.814237043276	1338.8978328419662	0.0	560.9953041475417	1289.4142625311188	0.0	569.7135019119687	526.6206458279011	0.0	582.8163083511341	378.6448708516258	0.0	577.4138442289536	487.74896599875825	0.0	459.1253301510212	558.6948779928122	0.0	415.779145959259	689.5784685757087	0.0	378.4354314622507	811.5430928672026	0.0	679.6469977506163	567.0907587502808	0.0	711.4883602161351	708.1097842580091	0.0	717.1206905326462	796.3965422401207	0.0
330	11.024663677130045	549.5344990128874	853.3878057839099	0.0	488.6517369863786	861.5271722609674	0.0	492.6962533288746	1081.707696244993	0.0	503.3470479206808	1320.0047475087213	0.0	520.8454483972619	1406.9897884595914	0.0	482.2914302735588	1398.176898268041	0.0	507.54944326190935	1349.1737040649507	0.0	607.6769193630058	863.5503173415945	0.0	597.6164047807148	1053.3334663605124	0.0	560.2768484154227	1254.771040752055	0.0	562.4054420308412	1353.8392287326926	0.0	590.3236087635685	1337.5291316077546	0.0	557.4193531672782	1283.594339477171	0.0	568.7172162753321	527.2420437125962	0.0	580.7990532809713	377.6901257410816	0.0	575.6318107662604	487.1719726360507	0.0	456.99622340188256	559.6119798211413	0.0	415.29630831846225	689.4662026140522	0.0	377.28870295461047	808.9966183085343	0.0	679.3128364438625	565.9641158796251	0.0	712.3216572576896	710.257859770699	0.0	718.963250919532	781.4117269186696	0.0
331	11.058071748878923	548.8840554764427	855.4168709527795	0.0	487.8972684291841	864.6127281719879	0.0	493.44662914529243	1083.5318018916905	0.0	504.8197494585802	1322.6668562966508	0.0	522.4046492785927	1410.6417871840213	0.0	483.06316597237065	1401.9854721525305	0.0	510.14145656914684	1351.5679858983715	0.0	607.3553330839482	866.9473799227131	0.0	597.359925605714	1052.1014572897775	0.0	559.4471068201345	1254.531788085783	0.0	564.9729238629158	1352.7902235680747	0.0	591.2863700482918	1336.6373599260544	0.0	554.2157070001175	1278.0712782157927	0.0	567.4345677524776	527.7499107006428	0.0	578.7048021227563	378.4887920708326	0.0	573.4896613744656	488.0278678499366	0.0	455.3900353734112	561.2983857442451	0.0	414.8658487258236	688.4690177161073	0.0	375.94320222758483	807.6677533793326	0.0	678.7420972760426	565.5182536388797	0.0	712.411947253277	711.2220477398487	0.0	720.1935225883474	755.7423863891389	0.0
332	11.091479820627802	547.9411819716687	855.5745051958678	0.0	487.25677981356984	865.7962219971013	0.0	493.47259479578247	1083.8687803783705	0.0	505.90218910737934	1322.7179541281666	0.0	522.9140218930322	1412.2477097074552	0.0	483.16240248263415	1403.7093822968752	0.0	512.503025123667	1351.581578814808	0.0	607.1561251858533	867.9980832746631	0.0	596.2147016744531	1050.7890619720874	0.0	559.8423139162569	1254.1247286612274	0.0	567.4184267968214	1352.6982327069009	0.0	592.1803170166861	1336.635660258225	0.0	553.1181522325334	1275.2742525885349	0.0	565.730706927263	527.1404051028867	0.0	575.9897536392635	379.445826105409	0.0	570.5609463478308	490.11775561506636	0.0	453.37225135174737	561.93891530007	0.0	414.0399659454322	686.975590730621	0.0	374.93348644562406	807.5523170286765	0.0	677.7396232671877	564.9328606276521	0.0	711.7634093557742	710.7178928613926	0.0	720.073823244774	738.1895188298585	0.0
333	11.12488789237668	547.103286201076	854.6850675361063	0.0	486.9863051894923	866.8866901132451	0.0	493.4065123334068	1084.2756022034487	0.0	506.8871875189178	1321.8095604865678	0.0	523.205891169626	1413.2807990384513	0.0	483.5988611773952	1404.3191178422594	0.0	513.4629518458938	1350.454673554086	0.0	607.0445345978801	867.7948864830452	0.0	594.347678826593	1049.9757374277087	0.0	561.2179583310393	1251.801814988404	0.0	567.6353693820267	1352.3130338274568	0.0	592.6151248598355	1336.648440740617	0.0	553.6244090538502	1274.4599813183097	0.0	563.9838575671772	525.10366152067	0.0	572.4216152826406	378.388662832697	0.0	567.0933875660033	491.64069908188833	0.0	450.26342734413544	560.1716377354553	0.0	412.50171822095774	685.3981147339989	0.0	374.0789910018108	807.4790348831051	0.0	676.7330710565601	564.2360466719551	0.0	711.128387111764	710.9206262370269	0.0	719.2275372303378	741.8672819075539	0.0
334	11.15829596412556	546.3180809710042	853.6937596559595	0.0	486.2459285873132	867.9770556589691	0.0	493.7051325974616	1084.8982072757258	0.0	507.4545861227417	1321.923975212953	0.0	523.2926844976027	1414.6179144503876	0.0	484.2053288908726	1405.6000778300058	0.0	513.2633356050361	1350.5381656048112	0.0	606.4131261394922	867.1892356346983	0.0	591.6216300457427	1050.2320082117383	0.0	562.7567967288261	1248.2412471878822	0.0	566.5509390955484	1350.5799218993589	0.0	592.9638980988939	1335.5122973717955	0.0	554.5430955395439	1272.0773091203762	0.0	562.2799798100415	522.9117696308907	0.0	568.8622035892099	375.2551262439589	0.0	563.7599926761881	491.3571546299889	0.0	446.77332051359895	557.1374827354915	0.0	410.2757296316329	683.1680293859856	0.0	372.89666601173553	806.1702811788184	0.0	675.7872480096838	563.394837483996	0.0	711.1073172747855	711.014900466084	0.0	718.2932972958172	763.0845721172277	0.0
335	11.191704035874439	544.9586429865744	852.4731754246096	0.0	484.2974534418643	868.2706984432009	0.0	494.10438824106245	1085.145161519804	0.0	507.39117864061154	1323.7891742560062	0.0	522.772453813426	1415.8773104477561	0.0	484.5158995783829	1408.1290815429948	0.0	512.6957637189399	1353.1902415723373	0.0	604.5600948361376	866.6003712228023	0.0	588.6537248014951	1051.6820416401383	0.0	563.8196400556393	1245.883704776947	0.0	565.406906126743	1349.3656441062435	0.0	593.3383428241898	1334.3206919621039	0.0	555.1359498730715	1267.0606613735144	0.0	560.0360619812996	521.3664048638268	0.0	566.1819777762528	371.9801145130591	0.0	560.7076558605654	490.5449521229748	0.0	443.6839579443497	554.3908050873429	0.0	407.7692485552848	679.9572894197037	0.0	371.3652015376581	803.8176626813918	0.0	674.2105799304219	561.7651129755028	0.0	711.5249824574631	709.225428642811	0.0	717.1130798911989	787.4291023366493	0.0
336	11.225112107623318	542.9602417692731	851.1675058738033	0.0	481.7971168352782	867.6578987789132	0.0	493.953189480136	1084.8139068878415	0.0	507.01799862544715	1326.2180475862767	0.0	522.3453745769586	1416.675092776861	0.0	484.3952280658957	1410.6230247328303	0.0	511.6306555459139	1356.7073299469116	0.0	601.9140965609112	866.196310416502	0.0	586.8345142032852	1053.2276675717617	0.0	564.5829157412234	1246.822955624086	0.0	564.4990462578704	1351.637285279576	0.0	593.6066989930989	1336.2711153586445	0.0	554.7322437805473	1265.1757254199147	0.0	557.0792719239965	519.5208082565146	0.0	563.9259054134993	369.6817401330628	0.0	557.4810603996557	489.5390824289863	0.0	440.65891205382616	551.6844799149278	0.0	404.9476131591793	676.4845115090853	0.0	369.59498121480806	801.9805711422252	0.0	671.8476815430971	559.1120625431483	0.0	711.5128696041452	706.4204409969395	0.0	715.8258018353552	799.0761924879838	0.0
337	11.258520179372196	540.8953008188662	850.5754583036763	0.0	479.73305110109476	866.6498701589628	0.0	492.91073740002236	1084.0882419743473	0.0	506.6587008070428	1327.6577542042837	0.0	523.3663535147755	1417.153156233951	0.0	484.3574951813995	1411.9092405952965	0.0	510.069905700995	1358.3687703077767	0.0	599.9455029198888	865.609652184831	0.0	586.2843569706823	1052.8988300246056	0.0	565.4882680986773	1249.1283713597923	0.0	564.0313060931426	1355.8066783023164	0.0	593.9750069612616	1340.908786523806	0.0	553.5220703175769	1268.9871238377734	0.0	554.2132335187733	516.4034298949706	0.0	561.3466348311399	367.4799615110459	0.0	553.6148974666453	486.20016677849594	0.0	437.3565820417667	548.5014418576264	0.0	401.5474342923317	673.7022788886135	0.0	367.2447633351468	801.5385327327887	0.0	669.2660868345704	555.7351287052322	0.0	709.7726003996554	704.6542639016168	0.0	714.8514187759823	793.6623695918295	0.0
338	11.291928251121076	539.2405784950641	850.2332280227942	0.0	477.9879415205558	865.3964142973203	0.0	491.1934682895978	1083.3687705892955	0.0	506.32071912131966	1327.6050814910618	0.0	525.4572246480984	1417.449761205123	0.0	484.90820166963164	1412.3117404517723	0.0	508.7297997144845	1357.7236726128435	0.0	599.2525760948165	863.983411387391	0.0	585.7933549348866	1050.4348327903192	0.0	566.5797595697704	1248.7043201044178	0.0	564.1286043620187	1356.266019199045	0.0	594.6798968777749	1342.127835035299	0.0	553.2205114183772	1271.9758960646168	0.0	551.9745981667663	512.6495023230473	0.0	558.9689244809572	364.17080418527775	0.0	549.9905769647019	480.76051542588266	0.0	434.15820871013085	545.3385364923317	0.0	397.96321455953984	672.2040785106586	0.0	363.84725753599486	802.1374436620598	0.0	666.4660743073503	551.8035139765818	0.0	705.7867786782792	704.5557287508102	0.0	713.7520448277729	775.2311212408399	0.0
339	11.325336322869955	538.1806695600378	848.6756784440873	0.0	476.1861671119565	863.9795807852591	0.0	489.4096769196434	1083.6393888351015	0.0	506.05048986533694	1326.587250061858	0.0	526.5695018711651	1417.4822183202516	0.0	485.5988515920543	1412.1678886507134	0.0	508.4124784193018	1356.386289430517	0.0	598.9150834052114	860.997216990464	0.0	585.2976292980904	1048.0305024543954	0.0	567.5713650453517	1245.8204717568346	0.0	564.7321618793485	1351.6001487129765	0.0	595.6232606076419	1336.68814127113	0.0	554.7485117998685	1270.3654300835037	0.0	550.0421515464326	509.5767850555105	0.0	557.4295296554093	360.0405089859363	0.0	548.2212020333328	476.2337998578881	0.0	431.6899794261099	542.5842487173151	0.0	394.44347937967564	672.3589924407589	0.0	359.51079745945714	803.5043454990996	0.0	663.1772637739253	548.026255710379	0.0	701.1023232487395	704.6325648857542	0.0	711.9459817707105	750.8933329342698	0.0
340	11.358744394618833	537.6502024789379	845.932965797735	0.0	474.95580425141276	863.019393804412	0.0	488.345451389941	1085.3961280208373	0.0	506.0457546679443	1325.1896094159315	0.0	525.9393154902623	1416.754068447054	0.0	485.7658252040738	1410.8827967987727	0.0	509.04510968290487	1355.0358388769137	0.0	598.165538907258	857.8562904620624	0.0	586.6149472121521	1047.1887910464059	0.0	568.1507129362408	1243.232904551905	0.0	565.6006542560931	1346.1892972433607	0.0	596.2864623341464	1329.5991296684426	0.0	557.1390556624087	1267.6558109680793	0.0	548.1161048307202	507.4600474973473	0.0	556.1908134040006	355.8465503697975	0.0	548.2756061052662	472.603323274354	0.0	430.00342201933427	540.3664070706992	0.0	390.2905343651809	674.4303067331796	0.0	355.39396107229885	805.4118410090931	0.0	660.022398317008	545.9722378906474	0.0	698.2585558485911	704.0634083040704	0.0	709.6871907355304	729.8606637115964	0.0
341	11.392152466367712	537.2458822690272	843.607458431251	0.0	474.934396057954	862.6023823128354	0.0	488.2690079869471	1087.1114427784817	0.0	506.0619361241603	1323.6282757811477	0.0	524.7994672226706	1415.2325432697542	0.0	485.56480407507667	1408.8012570256133	0.0	509.44238406119143	1353.2756027767527	0.0	597.4125032201885	856.0551313125397	0.0	590.1191377023771	1047.0567919184477	0.0	568.2070927846904	1241.305743064537	0.0	566.5488953079698	1343.6195094278603	0.0	596.5384543997657	1327.4445546303114	0.0	559.1035844229563	1266.1215627106103	0.0	546.1120432484817	505.48567914632497	0.0	554.6398799817024	351.56869313767663	0.0	548.6315313842105	467.53463683640365	0.0	428.21787427969235	539.1024601056652	0.0	385.242884631542	677.7547249888811	0.0	352.95999145609295	806.8808133634064	0.0	657.8231363831932	545.6096080371847	0.0	697.5810403034795	704.0015992151791	0.0	707.2470120677935	714.6036213677376	0.0
342	11.42556053811659	536.4129385897126	842.9539681453308	0.0	475.42480606680357	862.0034488103223	0.0	488.3147759386531	1087.2998146085636	0.0	505.64757345491563	1322.4833120987998	0.0	523.8563036788289	1413.8771298814029	0.0	485.34729387008804	1407.2876184668723	0.0	509.27658150455574	1352.0642248873528	0.0	597.160883281755	855.4683326245303	0.0	593.0787980310914	1046.596606016971	0.0	568.1175198595668	1239.5751871295724	0.0	567.6428320397976	1343.6963228625664	0.0	597.4356000648178	1330.4174259554238	0.0	560.0347093765754	1264.133723618041	0.0	543.7245093669313	503.13369542756595	0.0	552.7434876323758	347.77599636182896	0.0	548.4589283618425	462.1289452922934	0.0	426.0523467139463	538.5197823704893	0.0	380.31332916427505	680.1510883494976	0.0	351.9929158895083	807.4895436944842	0.0	656.1690845365396	544.7705412689063	0.0	696.5885741999057	704.4023379871987	0.0	704.3941379579614	703.095555068851	0.0
343	11.45896860986547	534.9955513649923	843.9750638039408	0.0	475.28804562947516	861.3100174883479	0.0	487.5009118044141	1086.781485867004	0.0	505.0812481922165	1322.383124484798	0.0	522.7159745038264	1413.2252241859392	0.0	485.0136006306574	1406.637838752386	0.0	509.73015514552543	1352.6217194725534	0.0	597.1442454139238	855.1936591409453	0.0	593.9181827714428	1045.817289096954	0.0	568.6269937458046	1238.2609381946913	0.0	568.4779831858259	1344.892022704424	0.0	599.1090924180097	1334.1504668399828	0.0	560.272234396854	1261.1118049109139	0.0	540.7631160826836	501.0528241473615	0.0	550.4419448310045	345.830458009282	0.0	547.6919372577139	459.10156448760324	0.0	424.1022140436301	537.6847513758785	0.0	376.1577653037869	680.2707437583537	0.0	350.77231679146263	808.3469961646832	0.0	653.9391807165046	542.7994474081311	0.0	693.613940526964	704.0436306842493	0.0	700.924473506224	695.9124416695952	0.0
344	11.492376681614349	533.2691227738694	845.2411094656455	0.0	474.2605953154997	861.4365543003163	0.0	486.1344262096838	1086.8746411372535	0.0	504.8240726226622	1322.6852516705794	0.0	521.8820383763474	1412.885293228441	0.0	484.6511285892462	1406.1624764934616	0.0	510.9148131815507	1353.3545462976747	0.0	596.6708348076521	855.0606183922135	0.0	594.6238572021016	1044.7528538135762	0.0	570.1801277386726	1237.0687481155135	0.0	568.627824222411	1345.9474841714932	0.0	599.6497313270595	1336.204345144	0.0	560.9151127584566	1259.3066138294655	0.0	537.3795865976967	500.0318786400417	0.0	547.7328371269991	345.7468616784209	0.0	545.5199300761974	458.12257034204674	0.0	421.9053450810047	536.7724881068326	0.0	372.407656960561	679.967876371871	0.0	348.46515418802437	810.3161560044718	0.0	650.8885083740583	541.2031244797532	0.0	689.2127034255113	702.2723193207528	0.0	697.1811759020292	695.450465533644	0.0
345	11.525784753363228	531.4379576361462	845.2462386801866	0.0	472.7130890724064	861.9529810629869	0.0	485.1567040245669	1087.5973406450557	0.0	504.72144493530885	1322.3862149344802	0.0	522.2801215252352	1412.3189508610449	0.0	484.76037054601966	1405.5400635845467	0.0	511.4118536882176	1351.9927861790372	0.0	595.0684946248615	855.1992702470457	0.0	597.0411771907875	1044.3953781727967	0.0	572.6807039591238	1235.2177421631773	0.0	569.5284704756026	1345.7411950778182	0.0	599.0564491001749	1336.627038100214	0.0	563.06926924418	1259.5318351314952	0.0	533.7974010666693	499.89452966931185	0.0	544.8755761089882	346.05684200869837	0.0	541.403385094634	457.62157786598885	0.0	418.88667396221507	536.8799485250973	0.0	369.0518275263053	681.747537403251	0.0	345.60451818611364	813.5383483510388	0.0	647.5425975087485	540.2880001172506	0.0	684.6602771970563	698.2628970405228	0.0	693.9227935410893	703.0359854594997	0.0
346	11.559192825112106	529.6265672327318	844.4102653562842	0.0	470.9716050936895	861.3652743204988	0.0	484.6333700100469	1088.1405051922318	0.0	504.4798645154982	1322.1119828995804	0.0	523.2093123213414	1411.4115429376363	0.0	485.0923690776427	1405.4374313218495	0.0	510.77602996361753	1350.3004674338586	0.0	592.565316733886	855.108120072786	0.0	600.0978367035018	1046.5328461045608	0.0	575.769521791628	1233.0227555950619	0.0	573.210644540499	1344.3188769605713	0.0	600.5748058151908	1335.701224360394	0.0	566.6917255178028	1259.8599311082824	0.0	530.5154392976286	500.1223327252978	0.0	541.9796649700886	345.8940657330067	0.0	536.9852556968018	457.6508709188631	0.0	416.1674145396785	537.9170359282256	0.0	366.5275817147476	685.1153026796089	0.0	342.9677157684071	818.5006214927977	0.0	644.2924087132648	538.8374500677944	0.0	681.7359631766741	692.9431068247267	0.0	691.5524697767207	712.2232676572468	0.0
347	11.592600896860986	528.0603110354276	843.4358514817939	0.0	469.2647669696076	859.7440623475293	0.0	483.97520311185366	1087.9023999446522	0.0	504.0107544770263	1323.0442219770096	0.0	523.7065719518133	1410.7022973448315	0.0	484.9115308433829	1406.5772696145561	0.0	509.92998378921885	1351.3878357042693	0.0	590.4035125042241	853.4604387401789	0.0	601.7506970826993	1047.0075730901895	0.0	579.2683440281362	1231.6668391775406	0.0	578.68441757319	1343.0426943202208	0.0	605.3435884934812	1334.3389957519312	0.0	570.58719867378	1259.4520417889432	0.0	528.1603102804211	500.3100836272571	0.0	538.8147098543745	346.0031827214052	0.0	534.0661287104091	458.9503163973912	0.0	414.65855699441283	538.5119802565446	0.0	364.95303900676157	687.7141302213187	0.0	341.36963264753996	824.0567819812636	0.0	641.4399910188636	536.6129936245054	0.0	681.1477326877484	689.2709459864201	0.0	689.8579030079685	713.2963674925304	0.0
348	11.626008968609865	526.9358211504982	841.9209126430875	0.0	467.9857565308406	858.6011595333174	0.0	483.31104999623324	1087.4181421825533	0.0	503.4663760399853	1324.593393720657	0.0	524.0696161416257	1411.2145987114952	0.0	484.802142946951	1408.2073151658262	0.0	509.5739385776207	1353.93138346202	0.0	589.1657813511301	849.7851187842443	0.0	601.6907312581902	1037.7850642480425	0.0	583.4689989736166	1231.4865563969706	0.0	583.0107951255075	1343.3467482293092	0.0	610.3689316300494	1334.2741628959034	0.0	574.3840855094248	1259.409835092705	0.0	526.6494150297932	500.2210885941746	0.0	535.1784028709101	347.2558357999537	0.0	531.7868494513523	461.14532323491727	0.0	413.53026546268825	538.3510340988597	0.0	364.39703648481816	688.5961633147143	0.0	341.30312246545066	826.9256435423292	0.0	639.1854164465168	534.6613913705834	0.0	680.7028228050959	688.2204704498008	0.0	687.8980945929267	705.9229070509319	0.0
349	11.659417040358743	526.3432631741496	840.6933680415723	0.0	467.50340865186786	858.9250418189454	0.0	483.3931993254712	1087.5415185241345	0.0	503.21470330394624	1325.5833508797305	0.0	524.1650939676747	1413.8550986415946	0.0	485.41417017187507	1409.3615130551457	0.0	509.7554280206592	1355.3813528011078	0.0	588.3258612319108	846.3853399881954	0.0	601.0276369628983	1023.0439742833721	0.0	588.7729092605259	1233.7391582776954	0.0	585.9741846614271	1347.2446723078226	0.0	613.8456096432669	1337.5484177257777	0.0	579.0671297335891	1262.2810871136282	0.0	525.4542441832789	499.9878350164016	0.0	531.6391808487849	348.8891645733548	0.0	529.0824236276611	462.4549973252579	0.0	412.0602603179518	538.5324606622441	0.0	364.62360195566777	688.5237340601697	0.0	342.20196260395227	826.2925115857148	0.0	637.315463441751	533.6843983515472	0.0	678.2927828424016	688.6160751817988	0.0	684.6546817750711	695.6737656954613	0.0
350	11.692825112107622	526.2490690563537	841.2513287602017	0.0	467.6403281429395	860.7062403214445	0.0	484.1579703879826	1087.9305174758817	0.0	503.345534098976	1326.1534274686212	0.0	523.4821471552509	1418.0343066281505	0.0	485.6991558874857	1410.2946322564258	0.0	510.293160905663	1356.9121974705529	0.0	587.6629739411947	846.1060086269092	0.0	600.6575747516958	1016.8051995437214	0.0	594.7526044497722	1241.475375691289	0.0	589.858766190678	1356.6927877801188	0.0	617.6266413035149	1346.0798902570718	0.0	584.6674074003655	1271.8457566450438	0.0	524.5952591363366	499.38579756054946	0.0	529.2535829170225	350.1995575606633	0.0	527.4658291056585	462.03977036085223	0.0	410.86561470287995	539.233693901989	0.0	364.5962166218258	688.1731521829054	0.0	342.9431854050383	824.6973292048528	0.0	635.573864084402	533.3948321292777	0.0	675.0052103626641	688.9887769743949	0.0	680.7890988972009	686.14960110864	0.0
351	11.726233183856502	526.4353614873639	842.9003363172933	0.0	467.8661787728627	863.2988842721172	0.0	484.6870907980314	1087.9422768559264	0.0	503.5888560491912	1326.6553078633428	0.0	522.7359192718419	1421.5165749361963	0.0	484.856222437798	1411.5206032214055	0.0	510.9597731072107	1359.9729857567952	0.0	587.5527629152024	848.7148451189848	0.0	600.8144167985237	1021.528312274582	0.0	600.1314951615184	1255.6820468458525	0.0	594.9369440680525	1371.2463717888095	0.0	623.0040538855096	1360.4785111367623	0.0	589.7891035196767	1289.273954939059	0.0	524.0547001053692	498.06416997943643	0.0	527.9331019703181	351.80353448505656	0.0	527.8157705757098	462.29853178534967	0.0	410.2310409138068	539.5591029150788	0.0	363.5536467113956	687.8759241467512	0.0	342.7583189406172	823.7166021449185	0.0	634.0530373621062	533.2829458810148	0.0	673.0217230853438	688.7362977873416	0.0	677.8526027494872	680.3607713622239	0.0
352	11.75964125560538	526.608269244343	843.9416411568018	0.0	467.978080148123	865.7892654632608	0.0	484.3880834735364	1087.838919290715	0.0	503.74956187243436	1326.8421994050532	0.0	522.5672017413951	1422.5444557037542	0.0	483.22064547702416	1413.0438147780571	0.0	511.4786437861557	1362.8883931132043	0.0	587.9381350797563	851.6997160819533	0.0	601.1145867659324	1027.5731615130387	0.0	604.7449721843007	1274.4127239833767	0.0	598.7792838228866	1388.4396950652972	0.0	628.5155885935735	1379.2469597478012	0.0	594.6930824545437	1311.3421805214189	0.0	523.0635550213186	496.733317599646	0.0	526.5016931280388	352.91960718952726	0.0	528.2802466033579	465.12839483324836	0.0	409.0047703828022	539.483881265687	0.0	362.0483382311099	688.110545618411	0.0	341.64436596117673	823.0512357177054	0.0	632.7725982992773	533.1400407559889	0.0	672.690417271415	689.0957591172389	0.0	676.1305377879013	679.4427650423534	0.0
353	11.79304932735426	526.6408788151119	844.6410105932148	0.0	468.0947845168157	867.4229248646947	0.0	483.2976003078741	1088.0393061505386	0.0	503.8040092655097	1326.6320970636086	0.0	522.4554779755035	1421.3243895142036	0.0	481.2664339685873	1414.2554438235934	0.0	511.57397535241023	1363.6355272633305	0.0	588.2696701286526	853.6504620502866	0.0	601.3695212815799	1031.7743281129526	0.0	609.8106505910113	1295.2435172171674	0.0	600.0423825092373	1404.9801608863484	0.0	632.8648437290086	1399.0721280850348	0.0	601.2875164314494	1334.1436657058098	0.0	521.4680363742431	496.3921135135713	0.0	524.7085454673227	351.879489804818	0.0	527.5135715021642	467.6754681813236	0.0	406.5628119341904	539.6327828696255	0.0	361.0948646090264	688.8184780466779	0.0	340.1721468779665	822.5713410897769	0.0	631.7462078637649	532.8775518894957	0.0	673.0020513316063	689.9560242802384	0.0	675.9920887728805	681.2211698128156	0.0
354	11.826457399103138	526.58427595528	846.7069788242435	0.0	468.17546831371715	867.9579988308253	0.0	481.87060295715986	1088.4254538517403	0.0	503.83707479575935	1326.8172185517121	0.0	522.0361931252156	1419.2890496208822	0.0	479.8789566887998	1414.9476091854854	0.0	511.5802805481642	1362.6741446805693	0.0	588.3968347335176	855.0801699715237	0.0	602.5845733647208	1040.847138153056	0.0	614.866717221131	1314.9857354437493	0.0	600.4745540288035	1416.8156643110317	0.0	636.2749824936751	1416.114699683036	0.0	608.1706206402868	1355.0635490790344	0.0	520.2201024625239	497.1046494331916	0.0	523.4419773694934	349.5808781643852	0.0	525.9665205437942	466.98568764982247	0.0	404.40395964098695	539.9728017004107	0.0	360.79809775287765	689.3256213344379	0.0	338.87712429811546	822.5104200676267	0.0	631.2120649984294	532.5117535737248	0.0	673.1147482284827	689.2078023143561	0.0	678.5808776518089	685.0393978813369	0.0
355	11.859865470852018	526.4875059911186	849.8844051608994	0.0	467.9582612297836	867.8626335677726	0.0	480.87984269453847	1088.8842206532668	0.0	504.0003075015328	1328.4353551478466	0.0	521.3329845257882	1417.3774533437277	0.0	479.6080600335994	1415.4593173393698	0.0	512.2080884419323	1361.71410788628	0.0	588.5586795129775	856.6796632425428	0.0	605.3933994902536	1056.7321547571983	0.0	617.5010175155677	1328.6733293587884	0.0	602.8025386197961	1421.3285923405751	0.0	638.9726245461042	1426.7239363346528	0.0	610.6461255980153	1370.0629254855787	0.0	519.7106578814893	498.1267508944568	0.0	522.96878078162	348.2639404492181	0.0	524.0235984760119	464.56102250873494	0.0	404.1868245472129	540.1307439328928	0.0	360.5210817363632	689.3532616993889	0.0	338.2501380017647	822.7515860026751	0.0	630.9952196520373	532.31916566847	0.0	672.951950727023	687.4176149949565	0.0	682.1271740631612	690.8928871409768	0.0
356	11.893273542600896	526.471616055296	851.8672470652778	0.0	467.3466615560456	868.0318510667365	0.0	480.7619786704982	1089.7795356526826	0.0	504.21915982643105	1330.40615916659	0.0	520.3363938870826	1415.7488529189689	0.0	479.76831115785376	1415.0503457877855	0.0	512.8108484723434	1361.3845192499969	0.0	588.7814474154665	858.7546950426258	0.0	608.144901482997	1071.4141466657234	0.0	616.9547378705555	1333.100555709817	0.0	607.8256019273288	1420.2875095379168	0.0	641.2709999315512	1427.957743661254	0.0	607.9825909598621	1374.5580673918487	0.0	519.4138721483474	498.66078976457095	0.0	522.6070551974422	348.4396677543597	0.0	521.7309647230917	462.59971134865833	0.0	405.2850973394046	540.0114166226523	0.0	359.9964570690084	689.1566951598318	0.0	338.5566662441091	822.9020644185106	0.0	631.133207539822	532.7685986406163	0.0	673.5829175728686	686.7714346721624	0.0	683.0455061018929	694.7949664780289	0.0
357	11.926681614349775	526.7598332570477	851.9526324809644	0.0	466.6615566301536	868.9014060344966	0.0	480.99499219877646	1091.3184500343996	0.0	504.1645422022933	1330.3226567796555	0.0	519.5290458291315	1414.707961982681	0.0	479.66710149115534	1413.2568513652075	0.0	512.3260332631752	1361.232818208749	0.0	589.0437003100534	861.2462717725128	0.0	608.7432659532312	1078.8125299143578	0.0	614.8590063027453	1331.7979187409892	0.0	613.456006363829	1417.8049997845776	0.0	643.8505298823131	1421.7885516290523	0.0	604.7606680474197	1371.0591082355386	0.0	519.0925760775767	498.65288109277816	0.0	522.1924365692254	349.02975564899896	0.0	520.1041225401584	461.6932422139526	0.0	405.9307360000871	539.8601294227163	0.0	359.60380312986695	688.9114417277551	0.0	339.17950520103926	822.8835757337309	0.0	632.2299654113143	533.8405400656559	0.0	675.7586172768268	687.2278413999434	0.0	682.0612616997804	693.6025595240973	0.0
358	11.960089686098653	527.2363256310983	851.8392044734927	0.0	466.2564774893371	870.015900653427	0.0	480.6778286330417	1092.6578100995011	0.0	503.9975191381715	1328.6285321835878	0.0	519.204576614531	1414.308411622919	0.0	479.1555360840033	1411.394777346494	0.0	511.8140162688318	1361.0114318420715	0.0	589.7790853250036	863.283585204314	0.0	607.3016095098849	1081.2408226638624	0.0	611.961997536265	1331.047770998315	0.0	616.4738065368458	1416.413365904393	0.0	646.2484465512437	1415.7117952423077	0.0	602.7596822170033	1368.729463229266	0.0	519.064611691598	498.632699771173	0.0	522.7478124306159	349.2105025415467	0.0	520.8022843357129	462.7052578783701	0.0	405.70701468102675	540.2356308293934	0.0	359.77958646286993	688.7992600165329	0.0	339.1013165211474	823.022981587735	0.0	633.8064225030197	534.3053667356635	0.0	678.1353541167358	687.5811799472673	0.0	682.3523510505094	690.3010679092812	0.0
359	11.993497757847534	527.5188920239158	852.9574716303656	0.0	466.07372559011276	871.1197252619513	0.0	479.6494672866632	1092.7144038728306	0.0	504.2952663493183	1327.977043366539	0.0	518.5811951206554	1413.8437023430376	0.0	478.14103780952667	1410.3896269518252	0.0	512.6416333523661	1361.1053539000545	0.0	591.417879490003	864.7186583831855	0.0	605.3207705192957	1083.000709250447	0.0	606.79247416077	1331.4501633146313	0.0	614.3741445534762	1416.6343181638285	0.0	645.8239718458069	1413.471593742099	0.0	598.543840022695	1373.018358928187	0.0	519.7133814389963	498.66779322306854	0.0	525.092028039101	349.06504551087806	0.0	523.9683808714321	465.06421939542196	0.0	405.3627687855631	541.2988115268706	0.0	360.429108314979	689.3476735056953	0.0	338.20624084423355	823.4249193086065	0.0	635.0184069975395	533.3785756533788	0.0	679.3869295254781	687.8444445772318	0.0	683.7311684854964	688.7592183945274	0.0
360	12.026905829596412	527.5771148939158	854.705617204719	0.0	465.9094338203722	872.8362252803483	0.0	478.85030347520495	1092.1084313873594	0.0	504.86748607530154	1328.8833112080335	0.0	517.2767739834966	1412.913962836273	0.0	476.8236219461649	1409.987472772539	0.0	513.9921694559652	1361.9424423915532	0.0	593.1747871688165	866.8615511471662	0.0	603.5325198943701	1084.9748244040347	0.0	598.9121526796698	1331.4518459868207	0.0	605.684753660991	1417.271830105354	0.0	639.2005342531847	1410.6549404470118	0.0	591.1743741727197	1383.8019063943336	0.0	521.3939475415606	498.20451656149106	0.0	528.3731936726715	349.01081893496035	0.0	527.8669188874208	465.5520631716815	0.0	405.4233857934936	542.3470124540373	0.0	361.05783574686535	690.7094539350318	0.0	337.28116167723084	823.878297733703	0.0	636.6908443344569	532.8922698690978	0.0	680.4084701134142	688.919572514511	0.0	684.4470722687091	688.7647137639975	0.0
361	12.06031390134529	527.5551423907333	855.8731948528094	0.0	465.77138784100595	875.1502648762857	0.0	479.1398400023872	1092.6425444897739	0.0	505.04692124241035	1329.6401811437888	0.0	516.2558975263407	1412.3512235133642	0.0	475.79698560636444	1409.9585729169662	0.0	514.6318803308181	1363.2295109377708	0.0	593.6537366738843	869.8897576417387	0.0	601.734542688417	1086.6623156354276	0.0	591.5395581034663	1332.6006670996464	0.0	593.3025114026989	1417.2334191370526	0.0	627.6260184497345	1405.0034789136175	0.0	584.9491337285564	1394.7566426042392	0.0	524.1552623412634	497.5193704226205	0.0	531.5180122121701	349.32050672913704	0.0	530.9370212616569	463.71901888409144	0.0	406.0318147445729	542.7152877852067	0.0	361.4520224286588	692.0265126692203	0.0	336.68676002627126	824.3945194311442	0.0	639.798487278357	534.7263924967195	0.0	682.4520945298452	689.7581999869666	0.0	685.4687628693	689.1984591679567	0.0
362	12.09372197309417	527.4023212107337	856.8816938152663	0.0	465.73006014774927	876.6643763041326	0.0	479.84414370402413	1094.8617921978414	0.0	504.8597266023167	1329.4541454617358	0.0	516.0317513449606	1413.5938734647523	0.0	475.45955913924007	1410.1345226127087	0.0	514.6978838875635	1364.257474805763	0.0	592.8749873635242	872.1284005766619	0.0	599.9921696625285	1088.760012437122	0.0	587.9615054440276	1321.7064902905188	0.0	584.8781074761459	1417.7442595424152	0.0	618.1518922251576	1403.1566412657894	0.0	582.4472458334644	1376.1023032476967	0.0	527.2482129353501	498.06741848905665	0.0	535.2516792498526	349.9314887911152	0.0	533.8260267297142	463.96691116852975	0.0	407.3734309701528	542.4179562584447	0.0	361.655236451109	692.3964829693523	0.0	336.1630831005066	825.1119271261006	0.0	643.150775955199	537.5164646470807	0.0	684.7935836278133	688.3122684267905	0.0	688.9239081311641	691.3026375336161	0.0
363	12.127130044843048	527.2168524073232	858.4200903279161	0.0	465.7353708849525	876.7274716043346	0.0	479.89315078800075	1097.6066434334061	0.0	504.78708682878334	1329.0773357963403	0.0	515.9493846379047	1416.3110739949257	0.0	475.6613068670752	1410.2388529873679	0.0	514.8425972142102	1364.6551996180174	0.0	592.030902497166	872.6189953019089	0.0	598.8376094921454	1089.881170324379	0.0	586.5387835495208	1266.3464042585824	0.0	582.9025006332234	1419.9910692311746	0.0	614.0792444505842	1408.5725112661773	0.0	580.7762889319554	1288.39762001849	0.0	529.8079263099767	500.12951249152485	0.0	540.5360073488146	351.0139035646672	0.0	538.393023011971	468.3579016976696	0.0	409.49234963907696	541.7106385973226	0.0	361.5937421812251	692.1775009086738	0.0	335.7610621693086	825.8689669840655	0.0	644.9604826121624	539.0836036241581	0.0	685.8820505213525	686.761224710829	0.0	693.1314559211291	695.3503894423898	0.0
364	12.160538116591928	527.3679890498131	859.4588910408387	0.0	465.70066085830115	876.714182538502	0.0	479.56869582246554	1099.5405404906915	0.0	505.04748932572426	1328.799680199379	0.0	515.6808446548022	1417.9939901264206	0.0	476.04033662999115	1410.3658602448781	0.0	515.2044345984631	1364.2009857172573	0.0	591.8211241783536	872.2382244091435	0.0	598.194177922881	1087.2954693454235	0.0	584.0444638746028	1168.52878821598	0.0	581.3408727275491	1425.0570606969268	0.0	611.4050450044163	1417.4823882444894	0.0	577.4715513342172	1153.4605281035467	0.0	531.8216734461546	502.0414034535541	0.0	546.5906875257724	353.11238807712056	0.0	544.5091381095539	473.2360754014266	0.0	411.67956078292445	540.9680823515424	0.0	361.56630075918054	692.7945546752595	0.0	335.66552648019433	826.5303209717517	0.0	645.6988296908575	539.4168742513509	0.0	685.7241228183874	690.0231899882115	0.0	693.8761788993475	697.1359812026978	0.0
365	12.193946188340806	527.8935338873815	859.4855061812783	0.0	465.5501988664654	877.8339538525435	0.0	479.52483200217796	1100.4537330986739	0.0	505.47465418449156	1328.650679840402	0.0	515.4935235941356	1417.836551125373	0.0	476.3480903942686	1410.8360562478977	0.0	515.519702308143	1363.3809611442105	0.0	592.0732375475823	872.2337392028764	0.0	597.2025811120238	1083.4893607468725	0.0	580.8642093949209	1083.8086285925874	0.0	576.177426764803	1430.7730265240607	0.0	607.023224261533	1424.5690901994165	0.0	574.3245051245757	1051.351613275028	0.0	533.5332770592922	503.0700015094171	0.0	552.2539722577781	355.7242465308001	0.0	550.7216074449519	475.8466590527219	0.0	413.10378356539195	540.9023087231184	0.0	362.13590174645987	694.76869083377	0.0	335.32413719337114	827.3664813926067	0.0	647.0376454579856	539.4316464423848	0.0	685.5458682792254	696.8783798327157	0.0	691.6858838727287	693.2099820970128	0.0
366	12.227354260089685	528.3597524491619	860.1374914282304	0.0	465.22265725634696	879.720363783634	0.0	479.6643180793133	1101.0518509883204	0.0	505.7654977986207	1329.8436219033895	0.0	515.494268122689	1417.656747091286	0.0	476.442539819077	1411.3811292453536	0.0	515.6590189646356	1363.47756253647	0.0	592.3561110381328	873.147354345637	0.0	595.3613340398367	1082.3068262131276	0.0	577.8050793666852	1047.2184749109326	0.0	570.3429424555998	1415.7453298685941	0.0	600.8664495160691	1401.2021873632411	0.0	572.1112914403853	1014.6155138811863	0.0	535.0055555420806	504.3119446213205	0.0	557.4654486576286	357.82158377083005	0.0	556.7098701052909	477.85575116281	0.0	413.9345755501044	541.9554073234362	0.0	363.1121863095347	696.7277197020962	0.0	333.9167726942053	828.5585895010709	0.0	649.3435015953751	539.428834440658	0.0	686.2010270377043	698.8917264327362	0.0	691.643020848733	687.21095633663	0.0
367	12.260762331838563	528.5704942970962	862.6390280549092	0.0	464.7205452988663	882.1083261510416	0.0	479.7914666814504	1102.0621759777337	0.0	505.8554707834118	1332.3662673871793	0.0	515.6495700852961	1418.296914629109	0.0	476.44337539801603	1411.5583413587567	0.0	515.7098819218879	1364.1966001892713	0.0	592.5437293639811	875.4355830229888	0.0	592.9817973939864	1082.4562655919628	0.0	574.1357079881825	1042.4858538573026	0.0	567.7639781350933	1354.3477583492645	0.0	594.050142090357	1314.628098978264	0.0	568.8761244576751	1008.6818891029972	0.0	536.7370909326424	505.97151128373275	0.0	562.3014883171473	359.6143792330562	0.0	562.2549300091666	480.64129318122525	0.0	415.01170747494353	543.6750194994804	0.0	364.1006731259832	697.627393284359	0.0	331.9421722437743	829.9612493744547	0.0	652.1345489642797	539.5222359599696	0.0	687.7377611273765	692.5565068441124	0.0	695.8203140298353	691.2010952933117	0.0
368	12.294170403587444	528.6553849658532	865.8874321116446	0.0	464.2124777988751	885.1206419621348	0.0	479.9765570360333	1104.0436064277817	0.0	505.91553067996813	1333.7214914930057	0.0	515.8888008526197	1418.8746901274794	0.0	476.60478052927414	1411.5713693607277	0.0	515.7503048342969	1364.0558907697718	0.0	592.4789944984203	879.1533182743366	0.0	590.65080621467	1082.3788637195032	0.0	570.7380046658035	1051.2440197744718	0.0	568.619634062594	1267.9936927713725	0.0	590.2631476430466	1205.883694663609	0.0	564.8892707069682	1006.2507631741588	0.0	539.1378007310794	506.9787309604915	0.0	566.3172231396146	361.2513158789968	0.0	566.5178265051022	483.07969649452104	0.0	416.87277290427426	545.1923181882263	0.0	365.5221654829115	698.4945240214525	0.0	330.92495321600694	831.5918104631289	0.0	655.2394679762697	540.0571232214561	0.0	689.7665281736685	685.1409262792138	0.0	701.4074863064398	719.1108070186746	0.0
369	12.327578475336322	528.4215250528995	867.9618793976515	0.0	463.97233997051046	887.625537992244	0.0	480.1781867450477	1106.744190487892	0.0	506.02436595050585	1333.1756334958677	0.0	515.7797900049053	1418.9022295884222	0.0	476.67750198106614	1411.787236053026	0.0	515.8229631007235	1363.667962880368	0.0	591.8136677126189	882.4750559607104	0.0	589.1654120814602	1083.348090297136	0.0	568.9453972352585	1065.0632104869103	0.0	570.3812517909073	1209.8878595039168	0.0	591.7014371280897	1149.424228425027	0.0	562.6573659165854	1005.5367837856807	0.0	541.9151719631041	507.0617381407817	0.0	569.6537767097295	361.8597909525507	0.0	569.5002722122986	484.2817198900117	0.0	419.2159947050122	545.6819703990961	0.0	367.6364651177251	700.3260042020933	0.0	331.00588913745315	833.3670160785757	0.0	658.4710400015425	540.8413906572758	0.0	692.0606921148832	683.4233405705751	0.0	705.141675809198	766.0802679139651	0.0
370	12.3609865470852	527.5983274878666	868.5556171475487	0.0	463.97989514916765	888.0970500176676	0.0	480.2766438642177	1108.7855763886646	0.0	506.10768617008364	1333.1185965690922	0.0	514.6384699124587	1419.0708351754658	0.0	476.1554076793642	1412.401564543489	0.0	515.925333053556	1365.2763868216562	0.0	591.2187233627761	883.2439067622988	0.0	589.2644950880186	1085.451994864125	0.0	567.7830282196704	1071.1992295265793	0.0	571.0672169449848	1192.7862311543142	0.0	594.8921324697454	1143.4619184184323	0.0	562.8246895191777	1006.2879061773086	0.0	544.8638915004458	506.8851510569537	0.0	573.0744574607162	361.29138017100297	0.0	572.1749449933376	484.8655961793094	0.0	421.34403567311983	544.4956030303283	0.0	369.5310275842725	701.9661711048242	0.0	330.7334527617366	834.8707251275633	0.0	661.7037672840237	541.2737573311147	0.0	694.521739550101	686.5202253469455	0.0	706.2306241944758	805.5380941596599	0.0
371	12.39439461883408	526.8128096270033	868.7155208251526	0.0	464.03167714182047	886.8797362856162	0.0	480.3403373388384	1109.3882282714685	0.0	506.09256487330424	1334.6328044884278	0.0	512.6443604890693	1419.9642384201536	0.0	475.27834382668954	1413.4139518662746	0.0	515.8192294353332	1369.07363892662	0.0	591.9973881403979	881.9411026520537	0.0	590.4667720850841	1086.7982058661485	0.0	566.3411054365417	1069.0489941841383	0.0	570.9171945267278	1190.1544989117479	0.0	596.0723557757939	1146.7541669881357	0.0	563.8736482502593	1009.6277097126899	0.0	548.0982173081637	506.797501101638	0.0	576.7011851175922	360.1810256223338	0.0	575.3884793542946	485.25717116354764	0.0	423.12070019662497	541.854941178429	0.0	370.299191913115	702.1072230145309	0.0	329.5499245248991	835.9953577537797	0.0	665.4436255946828	541.6260780830297	0.0	697.0310156076526	691.4933129849037	0.0	705.9786996780406	816.2037422952969	0.0
372	12.42780269058296	527.1535682164125	868.7122697445487	0.0	464.26236938622776	885.6691100571005	0.0	480.51200180568856	1109.584750286675	0.0	505.9664656145987	1335.93134713781	0.0	511.20042027106285	1420.6733290856719	0.0	474.7944528214317	1414.0586308443442	0.0	515.2554733485946	1371.9158785639943	0.0	593.7218774163601	880.8759349280547	0.0	591.4504692582611	1086.5995828477514	0.0	566.5797382247114	1070.3968125521353	0.0	571.7638411630716	1186.962213330628	0.0	596.6510407182094	1151.7082430890805	0.0	564.6096059885695	1021.3148220942747	0.0	551.527424948884	506.1107696006294	0.0	580.2132875969927	358.45327815559074	0.0	579.2886383258206	484.39306316954224	0.0	424.94488311408884	538.9989830941101	0.0	370.42347410045454	701.7289046933412	0.0	328.2795699450266	837.3275325809738	0.0	669.7666353105759	542.182919962073	0.0	699.7470174268379	696.0975889563705	0.0	706.3054547533021	799.769163876675	0.0
373	12.461210762331838	528.7596071526402	868.4140486685177	0.0	464.931862892943	885.8778032325417	0.0	480.7554607315993	1110.9759070490106	0.0	505.84910047280846	1335.6782162538461	0.0	511.44311889104	1420.031156612751	0.0	475.0565075976192	1413.4887984750762	0.0	514.7252127253247	1370.9820454107737	0.0	595.0587129352223	881.5362609665601	0.0	592.1883605521554	1086.5977891958112	0.0	570.2329619334354	1077.2661270779881	0.0	574.0542577886932	1185.2496751299668	0.0	599.1938647233796	1160.7939190900697	0.0	564.8614688811102	1041.0183371480377	0.0	554.9283724307955	503.8234399054246	0.0	583.6266217885698	356.4614919716062	0.0	583.3212685974959	482.11537730973623	0.0	426.92828650058823	537.0491391796479	0.0	370.91900689704653	702.2837779073469	0.0	327.27918251226276	839.6655039340935	0.0	673.761663894025	542.258912299355	0.0	702.562688718717	698.0542316699309	0.0	708.2796641265396	778.2300637179408	0.0
374	12.494618834080716	531.1249689239339	868.4000506786472	0.0	465.8823927973952	887.7324035046595	0.0	480.9241839278681	1113.8170027960834	0.0	505.9665690891412	1334.6867072609127	0.0	513.4386848553796	1419.0584190721086	0.0	475.9568767536052	1412.6230219422166	0.0	515.0748891255531	1367.6455806495503	0.0	596.5783621333555	883.4940448778248	0.0	594.1207329401168	1089.4721163028173	0.0	575.2472501980012	1084.9586453621296	0.0	575.6465490036795	1185.3060884587599	0.0	602.2986300840297	1166.3716263806796	0.0	564.6328742922365	1059.8645860953818	0.0	558.1910886033409	500.28147123634915	0.0	587.2048075816533	355.9456966731952	0.0	587.1884262970134	480.7053219643621	0.0	428.63516036173723	536.015445364338	0.0	371.76740158794183	703.0645488159955	0.0	326.4578189946171	842.4825922472917	0.0	676.9915027135099	541.2612578599558	0.0	704.8146432756819	696.2848441975462	0.0	711.4666237900486	768.7230305463866	0.0
375	12.528026905829595	534.0560994832518	868.719559364801	0.0	466.8543153057022	889.5667235940498	0.0	481.0170500376867	1117.0053499928763	0.0	506.20379634391134	1333.9676544093375	0.0	516.4178262060691	1419.9155694686606	0.0	477.0473080355117	1413.2095854377737	0.0	516.0490414785341	1365.1625472522271	0.0	599.6128710656337	884.8830446739121	0.0	597.5716434573234	1095.7647701181847	0.0	578.5077640715992	1092.3769929136156	0.0	575.8060904037682	1182.4078294256774	0.0	603.9289559047822	1164.4595241606821	0.0	564.2915603535201	1070.8830631418123	0.0	561.0309904345658	497.2650523976706	0.0	591.1655257733853	356.8751332727818	0.0	591.4836773411574	481.29571946222734	0.0	429.8372820536233	534.9168701239203	0.0	372.2442559297843	702.3724684268086	0.0	326.38508009396764	844.1793719042003	0.0	679.5165015023417	538.9332815687715	0.0	706.28242878423	691.2938357525196	0.0	715.2289784274807	764.0910305268416	0.0
376	12.561434977578475	537.073301497478	868.7782289953141	0.0	468.3296027029796	889.819137700825	0.0	481.1635513629885	1119.4927062823876	0.0	506.01697581498763	1332.981547571656	0.0	518.7649510604306	1422.3204085718014	0.0	477.8134978100349	1414.885289124247	0.0	516.4799913306273	1363.7511006941377	0.0	603.4867335270235	884.7085484521039	0.0	600.7944597316714	1101.685373673557	0.0	579.635791676098	1097.614398465094	0.0	576.5954770714227	1173.6434999893793	0.0	605.0298556732243	1158.0003299493328	0.0	565.1776432293866	1074.3171205009378	0.0	563.077918325201	496.0231981367223	0.0	595.3295292024532	356.0021152838197	0.0	596.381347580472	481.7890439132594	0.0	431.06793985954255	533.0662170608588	0.0	372.34243115086264	699.9041225600274	0.0	327.2080497925177	844.6367117745273	0.0	681.4230914770287	535.7039358958519	0.0	707.7720836605715	685.1406976006366	0.0	719.5162307386262	754.8967313533582	0.0
377	12.594843049327354	539.3516333631153	869.0387902236802	0.0	470.9570707467442	889.5174387591037	0.0	481.32977363959793	1120.7064147104936	0.0	505.20561969029797	1330.9616968623764	0.0	519.4055630999234	1423.7158509838291	0.0	478.0191536273855	1415.6439497576769	0.0	515.9655362916193	1361.4358274119677	0.0	606.4874466383284	884.4816445585251	0.0	602.5611377276086	1102.9788674339427	0.0	580.7307552170762	1097.081688529035	0.0	578.8450317317293	1164.7645996699653	0.0	607.0176737772017	1154.5922752973513	0.0	568.251827385737	1074.461845799066	0.0	564.6812921667401	495.7010980075704	0.0	599.0656983783299	351.44295218520966	0.0	600.5514238863323	479.9471599842837	0.0	432.91918622874806	531.0087270185904	0.0	372.6771021961915	696.9407371871496	0.0	327.6898652240373	845.2142636240858	0.0	683.6845796964423	533.2358568790274	0.0	710.1906410186841	680.6171883332252	0.0	723.1353597338835	742.7150659205498	0.0
378	12.628251121076232	541.1360072350379	870.4578256858667	0.0	474.00748691753887	890.3125087721456	0.0	481.079183485418	1120.7009514770866	0.0	504.3208351529424	1328.664455408517	0.0	518.9927750665023	1423.5996764257777	0.0	477.3503105279526	1415.1686694805628	0.0	515.2677846807064	1358.4425762014496	0.0	608.5056073200334	885.8905582601268	0.0	603.8123622714107	1100.9540303182373	0.0	583.4022183896153	1089.8302701669247	0.0	581.0000790542754	1171.4353077438082	0.0	609.4168049156932	1162.0487523203703	0.0	572.0524476892101	1072.2402458606114	0.0	566.7383499371916	494.64425366534425	0.0	601.7334973649008	345.6657002776411	0.0	602.520348564291	476.2652411530702	0.0	435.2356368868959	529.457425378079	0.0	373.38572476342466	694.9922158125496	0.0	326.86091361426264	846.2161497555115	0.0	687.1749601140239	532.1171175849604	0.0	713.0381041250971	678.1572857310845	0.0	724.3487035317808	729.4362864713278	0.0
379	12.66165919282511	543.5341806741113	872.7931393612539	0.0	475.94590844399283	892.0966554296222	0.0	479.7740772646728	1121.6802593919954	0.0	504.04129405131914	1326.5010591437272	0.0	518.1559394992007	1423.9453448955812	0.0	475.7058116759007	1414.7016503481113	0.0	515.2130364000475	1355.7225681808995	0.0	610.8340578054969	888.5905864459822	0.0	605.6781292513521	1100.2002526700126	0.0	586.5569783774275	1083.7761797438313	0.0	581.5569107188111	1216.366771132215	0.0	611.0150335030148	1181.895372316373	0.0	573.9596824358706	1070.005054115908	0.0	569.5239889492391	492.548546633591	0.0	603.1455732112344	341.44430323975735	0.0	602.5782976811518	472.4695960380149	0.0	437.24426667289924	528.0761890552957	0.0	374.26520653956464	694.4555660781774	0.0	325.56345947574056	846.5503192015768	0.0	691.1314809587209	530.7798244177161	0.0	715.4483185200808	675.5962895527434	0.0	724.2506108912412	719.3872869453401	0.0
380	12.695067264573991	546.6887927497166	875.3064395988321	0.0	476.3997950078278	894.2238137600565	0.0	476.80517192977567	1127.7768402491215	0.0	504.14577781028385	1322.9927152810696	0.0	516.7776715401591	1425.0290143115656	0.0	474.12999594365095	1413.9422652526896	0.0	516.1120194617603	1351.1193752948907	0.0	614.0924987554098	891.8963779736056	0.0	607.6155356925186	1103.7403965396165	0.0	588.29892304433	1108.5817505641937	0.0	579.9514754062938	1311.3122824912753	0.0	612.0665121814482	1222.3814364634964	0.0	573.6104768135406	1098.2234523392551	0.0	572.2778414101547	489.8844258774958	0.0	603.7230871383733	338.1746756090486	0.0	602.4835264045788	468.401029705049	0.0	438.29998096918854	526.220983646106	0.0	375.23547978708666	694.6705429645946	0.0	325.34100809892226	846.1207632329808	0.0	694.4095824685913	528.7848278082274	0.0	718.406593224974	674.3902159096609	0.0	726.2668942367968	719.1400750023195	0.0
381	12.72847533632287	549.3971198301041	877.6085933230937	0.0	476.1085070063098	896.4511743800442	0.0	471.6080250100279	1140.2533993312322	0.0	503.46936992180196	1317.9302057860205	0.0	515.708460792583	1426.7218626686533	0.0	473.8073033729644	1412.951526862217	0.0	517.4366888004953	1343.2243460760305	0.0	617.5437587072705	895.4704760369086	0.0	608.6574018509451	1112.161466394649	0.0	588.7228732698708	1197.0190403131894	0.0	576.7487734358499	1425.3602964095332	0.0	613.3121689559503	1305.96811615317	0.0	572.9229434558699	1197.2261338228723	0.0	574.1421140054072	487.25066705069645	0.0	604.211101178466	334.2968034455737	0.0	603.6604100898819	463.48222239485125	0.0	438.74419248150923	524.4736269391892	0.0	376.1747620521543	694.8582289899111	0.0	326.3225990884755	846.092204566673	0.0	697.0188153172236	527.6005532028673	0.0	722.8116254984953	679.534122484807	0.0	732.1833847108697	731.3139783378182	0.0
382	12.761883408071748	550.4816578377335	879.2071637390635	0.0	475.51941027412437	898.3376198546788	0.0	464.72678412192664	1154.8490293080395	0.0	501.5515681299731	1313.7321555190683	0.0	515.916161968712	1430.8872898746422	0.0	474.32949597448925	1414.2467059014762	0.0	517.5101950531096	1335.0634613089244	0.0	619.9526488282692	898.2942512342552	0.0	609.2134503406528	1122.5646597067607	0.0	588.9738486494716	1323.7191069640137	0.0	574.1227885132971	1503.5469057354267	0.0	614.286208192663	1421.012038734983	0.0	573.0514424986626	1339.6846597680133	0.0	575.4466062916304	485.74191701950593	0.0	604.7157887629731	330.5870718078848	0.0	605.5439259712491	459.91899560133487	0.0	439.5374766839958	524.1485146111094	0.0	377.2206879431024	694.332647710233	0.0	327.19596814222433	846.4992206895697	0.0	699.3805209912391	527.5940619661561	0.0	727.2211623735815	689.8444972079982	0.0	739.9147304615632	752.7040455904634	0.0
383	12.795291479820627	550.3724566474967	879.8261139938237	0.0	474.86754681950066	899.496573887086	0.0	458.3551032161632	1165.810264354815	0.0	499.2847710852199	1311.879989495381	0.0	516.5750457294051	1437.0344505919925	0.0	474.3179347738527	1418.1477336991775	0.0	515.4236596640543	1329.3082605796494	0.0	621.0684242660576	899.6735261551327	0.0	610.450272858574	1129.5802920341316	0.0	589.4756485820362	1415.423162950651	0.0	573.6295297403994	1529.4810539450568	0.0	614.6322264046579	1507.3201803349996	0.0	573.6026068981568	1442.8684240062191	0.0	577.2502389496034	485.64276905177985	0.0	604.29210702275	328.6288273633242	0.0	605.8232558464467	459.36293870566817	0.0	441.0420915310871	524.9294265442483	0.0	378.7497498837874	692.9175930147378	0.0	327.1863735556596	846.4659690745447	0.0	701.3622377301856	527.8858906617379	0.0	730.6654575142124	698.5460933465896	0.0	745.4553483170738	775.6440984375901	0.0
384	12.828699551569507	550.7033957377871	879.5208984421345	0.0	474.9822652803794	899.868352846195	0.0	454.2453441123897	1170.4150162226913	0.0	497.0345273619905	1311.6405296246967	0.0	515.5125232468725	1442.2900466622477	0.0	472.54014742442945	1422.2100670744387	0.0	512.3297521191964	1325.663056749657	0.0	622.2209932648414	899.8557576824403	0.0	612.4804401165708	1131.7604647730209	0.0	590.1612333658361	1443.7208414674108	0.0	573.5311114198171	1529.682145797038	0.0	613.9992798433302	1534.8959012998037	0.0	574.1386065894965	1475.4705300112505	0.0	579.554529996677	485.7223586631578	0.0	602.7048555986968	327.690898930367	0.0	603.7895979991458	459.2182570703113	0.0	443.0756254250995	525.0242938857212	0.0	380.260679880892	691.9445477450838	0.0	326.9119148261925	846.3145208945376	0.0	703.2857950506319	528.2596528993413	0.0	734.7431624949048	703.2110273565655	0.0	748.3839016392673	798.9661701207924	0.0
385	12.862107623318385	552.0766254615805	878.4846399395522	0.0	476.39153396794427	899.6396589378198	0.0	452.1994069536919	1170.3321259563827	0.0	494.31014742020193	1312.701396487162	0.0	510.2702401322663	1447.2599711973457	0.0	467.78526671776706	1426.5760398793288	0.0	509.5326368532322	1324.7428353487774	0.0	624.430400041933	899.4323532517186	0.0	614.2611562388809	1133.8328217688538	0.0	590.6052899897139	1440.0673758789242	0.0	571.2659863985806	1527.575312014981	0.0	611.7489423948346	1530.9410307995386	0.0	574.5682530721058	1472.3700231166215	0.0	581.3414322789732	484.9059313254256	0.0	601.4356442256012	325.6808175564925	0.0	601.8432030154576	457.1618921176094	0.0	445.1340305426506	523.8783115300296	0.0	380.74503812040547	692.9899576711523	0.0	327.1631806415658	847.1254135621397	0.0	706.2492811353262	528.8600726620474	0.0	740.6566669596441	706.6637565403034	0.0	752.0897662097677	818.4668945890394	0.0
386	12.895515695067264	553.6685700558897	877.3756586416665	0.0	478.08909996198656	899.2756305610741	0.0	451.0349282855904	1169.6574312641524	0.0	491.7073853484855	1317.0937654955205	0.0	500.9398095519336	1456.1282009392628	0.0	460.044790999187	1434.854800998323	0.0	507.8515427778595	1329.6049112540363	0.0	627.0173292085489	899.3260732601808	0.0	615.2564539112325	1138.6991039356044	0.0	590.0542946285032	1432.651120512562	0.0	567.452638051333	1528.1745732200875	0.0	608.7802518258986	1524.3166565153238	0.0	574.8058668728952	1464.294518822288	0.0	582.3465905858653	483.4164855620238	0.0	601.3207519841548	321.738607590742	0.0	601.5105158308943	454.43139716521415	0.0	446.2962524450435	522.2878146447292	0.0	380.7197797579717	695.0981685662684	0.0	327.8297642161469	848.8346103086716	0.0	710.3038753051194	529.0849203050734	0.0	747.0124584514278	710.6881595612981	0.0	756.8247076873112	816.6995866276011	0.0
387	12.928923766816142	554.66197035728	876.8783934944088	0.0	478.73115508018867	899.2639848788742	0.0	450.3693334660419	1170.8036656615234	0.0	490.3127651949611	1328.6051675786537	0.0	491.54315014134	1471.5468961199138	0.0	451.8423497616791	1450.1586553419088	0.0	508.07016743873805	1343.4902291439544	0.0	628.8960181880612	900.4162751972507	0.0	616.1149877060536	1143.7046041588358	0.0	588.7477103435142	1425.819336421214	0.0	565.1056944489399	1530.5576129884066	0.0	607.0305426434799	1522.0170189307214	0.0	574.8672734157757	1456.1870173574262	0.0	583.3584082823804	481.59485245349896	0.0	601.0195358112691	317.1320515273249	0.0	600.706987936422	452.63985805726503	0.0	446.2056783187451	520.5669288562164	0.0	381.700424531849	695.8050357007774	0.0	328.30122457344385	850.1859122641247	0.0	714.2564530800646	528.5124915341877	0.0	752.0177322279937	714.5651174796883	0.0	759.8765819349983	795.4234650067517	0.0
388	12.96233183856502	555.04026499638	877.4901825787481	0.0	478.56114319416116	900.1093557157063	0.0	451.4031624996009	1173.423745658612	0.0	489.5077517593772	1350.0171338591101	0.0	485.441536902974	1492.1717950096754	0.0	446.06601840153564	1471.8220179824427	0.0	508.90770947021963	1368.341985272973	0.0	629.7869513048875	902.8208603017555	0.0	617.3220269871207	1147.3306730715665	0.0	587.9851632879688	1419.5045969652417	0.0	566.139987813073	1533.659627565498	0.0	607.4768750971201	1522.1183613649912	0.0	574.8786959866826	1449.293949517917	0.0	584.6140156475077	478.9377918911158	0.0	599.3882825748364	313.9735640821839	0.0	597.3793630464459	451.76318085756964	0.0	445.57643542981214	518.8677960113631	0.0	383.6848020125945	694.6906580748006	0.0	328.5693755313313	850.0169507769555	0.0	717.2399826562639	528.0226536633897	0.0	755.4017371544466	717.5256927296485	0.0	761.7204637294104	774.0792461213975	0.0
389	12.995739910313901	555.3150536173167	879.7142048144143	0.0	478.64279111498365	901.9928441921329	0.0	455.030817021533	1176.5115158638662	0.0	487.53574337433844	1380.14391618444	0.0	482.74716242051517	1516.0086040561969	0.0	443.08214570162977	1497.6149279578829	0.0	506.6725167540121	1403.1702413165704	0.0	630.1523934840601	905.8096480691191	0.0	618.261686832258	1151.0364525352413	0.0	587.893032903412	1416.806870576462	0.0	569.7161865438954	1535.6396096994026	0.0	609.578530972511	1522.2961346320176	0.0	574.8976952314773	1447.5509504239888	0.0	585.2781440365139	475.6855002849693	0.0	597.0587653211901	311.9743839422479	0.0	592.7928583646029	450.5414388058214	0.0	445.29974211650404	517.8059879493254	0.0	385.441732949603	693.1855093679025	0.0	329.3706786196438	848.1697545607145	0.0	719.1681929482318	528.1206294704364	0.0	758.0853238085374	719.2578835969352	0.0	765.0398737284993	758.0133957223321	0.0
390	13.02914798206278	555.5686779274341	882.9642182388684	0.0	478.76598700195444	903.9164938522715	0.0	460.18507544342384	1178.6659033266653	0.0	483.8986705289002	1413.756228980559	0.0	483.3595508438464	1542.6774527775444	0.0	441.7562530340974	1526.6734654441225	0.0	500.2727144492123	1442.1256662030944	0.0	630.5725767762227	908.0918699074489	0.0	618.4032936251398	1154.690965133513	0.0	587.0796708341028	1418.2046755080933	0.0	573.5822156485056	1535.2645624543186	0.0	612.0762164011315	1522.8922836054164	0.0	574.4479172141994	1449.6301409928951	0.0	584.8828311915428	473.3706854300072	0.0	594.7488656978146	309.1749457740555	0.0	588.9568372638197	448.4468869135088	0.0	445.4989260382532	517.6598549160118	0.0	386.4772184752738	692.0689822067063	0.0	330.90525116248045	845.55053450836	0.0	720.4185153606298	527.7719434942192	0.0	761.4084033329018	720.5340591218883	0.0	770.8795696536648	751.8912325391268	0.0
391	13.062556053811658	555.4489970610254	885.7012733020655	0.0	478.0953657217206	905.1889433801039	0.0	465.3976749862754	1179.294139002076	0.0	480.1644440091959	1444.3239801269008	0.0	487.3076358229899	1568.5466356065135	0.0	441.7107516658576	1555.4213027051962	0.0	493.62206911884783	1477.1532440092872	0.0	631.0372463583692	909.0971467936051	0.0	618.2959296616943	1157.5693083981303	0.0	585.211570479364	1420.1788023795357	0.0	576.157953215696	1533.831863642065	0.0	613.8874330248432	1525.407043704202	0.0	572.5803077954728	1451.214571639233	0.0	584.000974723052	472.41044665888546	0.0	592.4986727357021	306.3169309945815	0.0	586.1553070610015	446.80292257757077	0.0	445.67377688257085	518.1732369161133	0.0	386.83518756307836	691.2829023675281	0.0	332.28099610486896	842.9768997111837	0.0	721.1973721340743	526.3828877657216	0.0	765.6215278263101	722.3881423228007	0.0	777.870345418937	758.9124512536472	0.0
392	13.095964125560537	555.2774545830381	887.8418146553257	0.0	477.2371452094618	907.4809315495002	0.0	469.9848648445534	1181.5403507847702	0.0	478.40932811232955	1467.0267453658328	0.0	492.34076890340157	1585.7848634281693	0.0	442.79044140943023	1575.9896711985987	0.0	490.2839400090908	1503.4030876080542	0.0	631.1884255968115	910.3483479834705	0.0	618.413435329717	1161.1408344805268	0.0	583.4405834426606	1419.6601496977503	0.0	577.2646677516918	1533.3461871574182	0.0	614.36435476573	1527.4538910625604	0.0	569.469051061346	1450.8222638437012	0.0	583.2428234387004	471.75557813260826	0.0	590.4167294243288	305.71115305894017	0.0	584.3770331411432	445.8049090201826	0.0	445.3772417088196	518.9123479479254	0.0	386.0527499719498	690.72796901474	0.0	332.6501075606517	840.8108127789334	0.0	721.206058830774	524.7987499510673	0.0	769.5080951810974	723.435307874142	0.0	782.9038276469779	765.0164416741217	0.0
393	13.129372197309417	555.4981506671502	890.7036134902152	0.0	477.09244833586547	912.1448029334633	0.0	473.25548495800535	1187.7792323326205	0.0	479.4529305067194	1480.6944662979547	0.0	495.8258520976041	1592.0543778236731	0.0	444.4435359529381	1585.0818606947844	0.0	489.7351645227003	1520.421940230595	0.0	630.8858257511794	913.4930089301942	0.0	618.0853322940972	1166.765637861749	0.0	582.164520470967	1416.450674564873	0.0	577.9449204565121	1533.5326686745086	0.0	614.2761065204409	1524.695642958077	0.0	566.4193936118198	1447.6100121510935	0.0	582.584804429062	471.16553748615837	0.0	588.6248924654338	306.83673520743645	0.0	584.0919098135042	444.33478460776183	0.0	444.16395192411136	519.524055632715	0.0	384.00796051929285	690.117846408383	0.0	331.95172875124797	839.5771030882959	0.0	720.5464717589928	523.9950169008051	0.0	771.7546525720012	722.3818106220659	0.0	784.5779159299935	771.7072145770155	0.0
394	13.162780269058295	555.4142315238504	894.2451898177162	0.0	476.9657349943224	917.2749378223929	0.0	474.6883127974531	1194.2564742926525	0.0	482.094431902894	1487.7573484032575	0.0	497.51574971910395	1595.0667662608528	0.0	446.1035460082498	1589.1749334847066	0.0	490.00221887955223	1529.5516873406684	0.0	630.0890290031468	917.4757766223772	0.0	616.3372921276297	1173.3495603085596	0.0	581.0312906932345	1412.8537628347697	0.0	579.3525711709709	1533.4243183439337	0.0	615.4712881435289	1518.4307035634308	0.0	564.0032330340528	1441.4968989042704	0.0	581.8211883114052	471.0489740367631	0.0	587.0998490871702	306.7659761197349	0.0	584.7374153550419	442.48874859453235	0.0	441.76837409455334	519.9929901547006	0.0	381.97010739603286	688.9865156305551	0.0	330.4841774774277	839.3492937574915	0.0	719.8855267591082	524.0871357320035	0.0	771.5783962131642	721.171182190758	0.0	784.8815424271766	798.071774606601	0.0
395	13.196188340807174	554.3592886147658	896.6211441798705	0.0	476.05823202579785	920.3357796314959	0.0	474.68903686893003	1197.3088486418023	0.0	483.7736508120591	1492.2533876475782	0.0	498.0707178459161	1602.5558638284886	0.0	446.9308788390177	1595.9259761312433	0.0	490.1076098202632	1533.2170856389048	0.0	628.9877571475502	919.8377532002082	0.0	613.2903086623755	1178.3181459508125	0.0	580.4263911848684	1411.3177302250028	0.0	581.3937367428043	1533.2958560313098	0.0	618.4172758161226	1513.9710046688913	0.0	562.4272616020279	1435.238882976884	0.0	580.4515278669318	470.8317853219951	0.0	585.7828123543378	303.3169566394404	0.0	584.6847004743154	438.9680515049861	0.0	438.1320889160366	520.4653214510048	0.0	380.9084455604635	687.6422629083696	0.0	328.51602019851146	839.4147367763882	0.0	718.9791933376956	524.0969667274677	0.0	768.9530370759396	721.1071247528389	0.0	785.2219946747701	830.3707272930224	0.0
396	13.229596412556052	552.7827168406617	896.7488996702665	0.0	474.52214354070793	921.1410252254238	0.0	474.03923939123143	1199.0517764330857	0.0	483.2434704678738	1496.8304459097294	0.0	497.5182725231676	1613.1587702217168	0.0	446.40935258567026	1605.0094130513528	0.0	489.85564546749674	1535.0904794911432	0.0	627.7978265510285	919.9264280863426	0.0	610.3622711413244	1180.7197691340566	0.0	580.8474168157877	1411.9681718686572	0.0	582.9205199345689	1533.3251111823706	0.0	621.8197224860675	1513.5456501268632	0.0	561.9925799810762	1431.5994599767298	0.0	577.3109475878003	469.59609106092086	0.0	584.0396339638556	296.1635536243557	0.0	582.7905094765541	429.83812462979563	0.0	433.14166971788836	520.8110283535464	0.0	379.8327158369972	687.1852629016213	0.0	326.2940277572481	839.1734637134398	0.0	716.6842703301174	522.8384076625501	0.0	764.6136584869593	720.3372129793842	0.0	784.8622190446591	838.7290857084122	0.0
397	13.263004484304933	551.3780328588056	895.7966932525336	0.0	472.3496582673718	920.769687141574	0.0	473.2350025934667	1201.729766410658	0.0	482.0041794329663	1500.8111880624026	0.0	496.194579166427	1621.3930328402637	0.0	445.40703434730455	1611.6533650305282	0.0	489.36411501816383	1537.0099216917679	0.0	626.3910044669253	919.2429969345363	0.0	608.7029886196075	1181.8286792098331	0.0	581.8347629359965	1413.4817254431482	0.0	583.2662896634803	1533.6925527428632	0.0	624.0948977997905	1515.4713423038636	0.0	562.1670088671389	1431.4938312442453	0.0	572.4287716056667	467.1907323303238	0.0	580.7741179167506	286.581770672501	0.0	578.1914024370744	414.63111541328146	0.0	427.8621378384059	520.2479528711418	0.0	377.79522373220453	687.3797268616988	0.0	323.7967730568516	838.5923622804971	0.0	712.9250777088644	520.151478709229	0.0	759.8221471866411	718.0322439303463	0.0	783.2861388611511	828.5495510283068	0.0
398	13.296412556053811	550.2501994372232	895.3397050052275	0.0	469.6471370843715	920.1678213707459	0.0	472.7604836401417	1203.114769688054	0.0	481.9596321405862	1502.4853729037095	0.0	495.627593046318	1625.8766542761277	0.0	445.59396165627305	1614.8277224971398	0.0	489.0485736791466	1537.9089640995687	0.0	624.9478848379135	919.1696992704992	0.0	607.9046902076461	1182.09986160093	0.0	582.6049842270747	1415.1862415135215	0.0	583.0187735680944	1535.1610064159606	0.0	624.6393829041085	1517.2059288339308	0.0	562.2205828690848	1433.9423401392485	0.0	567.7658232966502	463.6228430373347	0.0	576.1812265478973	276.5863308928396	0.0	571.0839455491661	399.20176047314015	0.0	424.0965445592439	517.8678729331974	0.0	375.6626342242635	686.2843346588603	0.0	320.69470277495384	837.8196936710143	0.0	708.5682741577663	516.0983582484338	0.0	756.1283994217509	715.1553151756741	0.0	780.0887085629162	817.191664723512	0.0
399	13.32982062780269	548.6796028866968	895.2421114461856	0.0	467.29241941553386	920.196003055632	0.0	473.0639396302802	1201.4524160468238	0.0	482.986186699802	1502.6848744263782	0.0	496.985240648486	1628.559706252753	0.0	447.4026999263829	1617.0242323548002	0.0	489.3486751229647	1537.5177502372942	0.0	623.5913335629613	919.5871501374365	0.0	606.9611655699761	1181.385869699351	0.0	583.0090364992355	1416.9663452760967	0.0	582.9047546981981	1537.7964414985797	0.0	624.3643845827532	1518.0417823893972	0.0	562.2274157347078	1436.2708583288102	0.0	564.3383895907609	458.84471178151637	0.0	571.6243670161139	267.25979238480573	0.0	564.7118738525754	388.3457290940332	0.0	421.51230629494717	513.8508077616597	0.0	373.9910887663773	683.3145114229545	0.0	317.2125167341718	836.6182348439477	0.0	704.2351004176875	510.7999334208652	0.0	753.9614045832631	711.4511399778119	0.0	774.6324364701929	798.2393748963474	0.0
400	13.363228699551568	546.2924418120382	894.500759192677	0.0	465.9432296448602	920.6820432407454	0.0	473.49924450224916	1199.3897501176689	0.0	483.7980350725047	1503.7182162902247	0.0	498.96076727250164	1630.8455405147913	0.0	449.1374408240481	1619.5988089318778	0.0	490.1148763445088	1537.1115032005976	0.0	621.8641557944934	919.5504107551254	0.0	605.6254677455872	1181.1029549931695	0.0	583.4265427095856	1418.4865227581422	0.0	582.8364501204204	1540.6961221703616	0.0	624.3361800716123	1519.4391660214471	0.0	562.8741443724534	1436.9729439231767	0.0	561.4841660976209	453.6085701698259	0.0	567.2704597065577	258.3791671153447	0.0	562.2300301160426	379.78561977053175	0.0	418.1156558940109	509.35026762820326	0.0	371.2020256735103	680.209278741363	0.0	314.00591686946655	834.4372076997255	0.0	701.0384922521263	506.297837245086	0.0	752.0940428265523	707.9979206672879	0.0	768.086841629801	765.0023923356869	0.0
401	13.396636771300448	544.1998194456849	892.7431380285794	0.0	465.16514131517283	920.127878568018	0.0	472.41832289616724	1199.6299168388102	0.0	484.03112312561007	1505.8817014009865	0.0	499.58342093766396	1632.665502148688	0.0	449.32676180762195	1622.079775935643	0.0	491.18091259060276	1537.0245924290703	0.0	620.1622317556898	918.7114334682502	0.0	604.6748400098535	1181.787640860039	0.0	583.8827751469469	1418.5663301352595	0.0	582.5353223537365	1542.4520503285496	0.0	624.524739484514	1521.691166887445	0.0	564.4794302141091	1436.4650410743452	0.0	558.6785304294783	448.4385322694518	0.0	562.6332622984438	249.69992176942006	0.0	562.4755398162974	369.58960933752024	0.0	413.2823755103437	505.4019111983813	0.0	365.87133098226764	678.0161207851265	0.0	311.06846123775915	831.6839512501075	0.0	699.5054405476736	504.1075080631081	0.0	749.5263679281672	707.6022083625253	0.0	762.6455861146634	731.224187579511	0.0
402	13.430044843049327	543.0467931997412	890.0056772936134	0.0	463.99723967476757	917.8232852106138	0.0	469.52887685583954	1200.7238942317153	0.0	484.2768272272873	1507.711548842854	0.0	499.1629919605696	1633.1705075327752	0.0	448.8789372050594	1623.6754265667844	0.0	493.8253208889873	1537.0732848415214	0.0	619.2981328066725	917.3960140939311	0.0	604.9710580155554	1181.468282912379	0.0	583.9126652454652	1415.6892331843742	0.0	582.1621157338917	1542.0998831081054	0.0	624.5736758228428	1523.0141956300865	0.0	565.9947642306234	1434.413612425397	0.0	555.4874826127959	442.4093656807536	0.0	558.6321641790009	241.4433457567058	0.0	562.6160058146246	358.4458324346347	0.0	408.02864411381216	502.2100904644878	0.0	359.35653332685337	675.9984599831189	0.0	308.13429756840316	830.0682812105274	0.0	697.6720724586787	501.50524119309125	0.0	746.0518400431645	709.1013540732449	0.0	758.4830641099738	717.5708124831032	0.0
403	13.463452914798205	541.6251604120525	887.0165125199266	0.0	462.1802134841878	915.1547135335561	0.0	466.7995120499023	1200.204537036089	0.0	484.8708774790332	1508.7022481773697	0.0	499.07811743091764	1632.375294778598	0.0	449.294318341684	1624.3728888626285	0.0	498.8290504214481	1538.0769888490825	0.0	618.5131926515784	915.8364581175628	0.0	605.7232719760616	1180.0915724063343	0.0	583.9238427902626	1411.5390579752288	0.0	582.074968481243	1541.1059789150847	0.0	624.5917216448979	1523.3654909173833	0.0	566.2890335345844	1430.8865776030423	0.0	551.7096658997673	435.38994760432854	0.0	556.0761095935965	233.8148321052077	0.0	561.8970397484549	348.7757605463658	0.0	403.56797980718477	499.10566736874136	0.0	353.96776290466556	673.8651182166891	0.0	305.31240952457335	829.9916729430313	0.0	693.8192435680679	496.2631452764977	0.0	741.2086503419544	709.6429169832052	0.0	754.0500733031088	722.6220650301034	0.0
404	13.496860986547084	539.2677090194121	885.3186177205483	0.0	460.3751523554704	914.1066573640765	0.0	465.9291979837118	1199.0946102330836	0.0	485.632565944943	1509.1470610855984	0.0	499.698265118382	1631.4623266880558	0.0	450.533556245748	1624.7718828422765	0.0	503.02410346900166	1540.3022146411188	0.0	616.8016037048653	914.502388841045	0.0	605.0668544910666	1180.363433920968	0.0	584.9508210087475	1410.4767149330096	0.0	582.4362952295888	1542.095141595205	0.0	624.8613861406272	1524.2807112022572	0.0	565.8253005091993	1428.8334682985096	0.0	548.4087660194077	429.4395604658746	0.0	553.8767567821967	226.96019306383766	0.0	560.6931481633078	340.4814765488832	0.0	400.6097074548682	495.49420463094157	0.0	349.8190772485315	672.1855067338374	0.0	302.50150829469436	829.7072255510782	0.0	689.165073365274	491.2631406588426	0.0	735.7558078544702	709.9614576420996	0.0	748.3219849768834	706.1204313934588	0.0
405	13.530269058295964	536.9511075672795	885.5301286437143	0.0	459.01069580936525	915.1344626293827	0.0	466.0209472595718	1199.819235708162	0.0	486.36166310098037	1508.7722700775244	0.0	500.7844714310236	1631.2232869358488	0.0	451.8298919467614	1624.8107695260705	0.0	503.48252434539233	1541.852786343991	0.0	614.6812348127858	913.8977559400811	0.0	603.0969190079466	1181.9898135230767	0.0	586.215741374868	1412.255423631473	0.0	583.2346269526328	1544.4421009448722	0.0	625.3009429389391	1525.0280979032962	0.0	565.5383472988055	1429.9340309450524	0.0	546.3938264610566	425.89178373332476	0.0	551.1211881124634	220.8858991014749	0.0	559.8523714025382	332.57198464357236	0.0	398.4510663623587	491.8056763017614	0.0	345.6815816364878	670.8980377256332	0.0	299.26276607498073	829.1639430176725	0.0	685.6901073824685	489.10511814339924	0.0	732.1896925324492	710.9531629272453	0.0	742.189839791385	647.0173700035174	0.0
406	13.563677130044843	535.2991687336512	886.8140086478405	0.0	457.63724178442465	917.2532544427007	0.0	465.0731431278042	1202.364833406201	0.0	487.14666809015836	1507.6195351156812	0.0	501.88667598208485	1631.4273773164282	0.0	452.64982855397693	1624.1555117823427	0.0	502.87586664963607	1541.6549007315818	0.0	613.0384555223105	913.9509299294192	0.0	601.8233424979327	1182.3961073108624	0.0	586.1485181807853	1411.8903148610389	0.0	584.8353810460176	1544.652439880579	0.0	625.6020562729477	1523.7396244714112	0.0	566.2645637876232	1430.8069319409303	0.0	544.6342708202557	423.41987300287315	0.0	548.7205445238792	215.58381175004862	0.0	560.4631874901445	326.0930640539289	0.0	395.31450713032143	489.1483132340536	0.0	340.8679622176816	669.7057095045641	0.0	295.4392576843359	831.1963482594301	0.0	683.6688186868948	487.89613178494665	0.0	730.9162589874788	711.4693398423841	0.0	737.3651699726269	588.4367368688027	0.0
407	13.597085201793721	533.9114520133716	888.0398637088808	0.0	455.910676704619	919.5162596406626	0.0	463.2017064337798	1205.3725404119896	0.0	488.09169513430845	1506.5859690168738	0.0	502.51646248332565	1631.2816903905841	0.0	452.59346260836895	1623.0563819398303	0.0	504.02766344532563	1541.384694190675	0.0	611.9124533742792	914.6332460370785	0.0	601.5618701308979	1182.2054078176857	0.0	585.3691096821859	1408.1076435432556	0.0	587.6637995048811	1541.7788338653106	0.0	626.1394432283466	1520.7774711015797	0.0	568.5647574603238	1428.3429984443026	0.0	542.2086502299436	420.5825836850613	0.0	547.5253462872415	211.16718287064919	0.0	562.0197128263642	322.12330531468666	0.0	390.69935889400216	487.84540457843895	0.0	334.8191327119355	669.133201672166	0.0	291.2900467637174	836.5684533939155	0.0	682.2553458748032	485.55906509385403	0.0	729.4380472482794	711.3293130733142	0.0	733.395380007556	570.8617547014719	0.0
408	13.6304932735426	532.5579464157152	888.6800679168549	0.0	454.6131013559304	921.2761774981927	0.0	462.26763311908746	1207.6269753753631	0.0	489.02325914578677	1506.2893166182287	0.0	502.7814856449872	1630.3649984537471	0.0	451.83071489862317	1621.7364776419752	0.0	505.1341580583528	1541.853600568752	0.0	610.9232669412232	915.8760458584485	0.0	600.7479904858419	1182.603522769942	0.0	585.2430592826447	1403.9551170994625	0.0	590.4734560085556	1537.947202506149	0.0	627.4606765509824	1517.3674112219514	0.0	571.0871815417358	1423.9278729154241	0.0	539.6085354176919	417.95050799641604	0.0	547.1068193992702	206.89707038510085	0.0	562.9642394356455	318.42003032682453	0.0	385.6876132732741	486.5038116436639	0.0	327.645486638707	669.5926464670137	0.0	287.3254931958373	841.7934272331213	0.0	680.957380615965	482.9625841292961	0.0	726.0548758782829	711.2029175069974	0.0	728.2287291252617	586.0689999498046	0.0
409	13.663901345291478	531.6397562452995	889.0212428325091	0.0	454.47737479565865	921.7907158721931	0.0	462.7877120790097	1208.5751724054896	0.0	489.6748870385415	1506.6123859633335	0.0	503.0133389276116	1629.356839986835	0.0	451.0744005477686	1620.3858021057483	0.0	504.4929793813556	1541.8334504117686	0.0	610.1345036886719	916.781131327902	0.0	599.2528088337618	1182.4865151747192	0.0	585.6193219347734	1400.155775348982	0.0	591.340792350836	1534.2190313844394	0.0	628.9111232062628	1513.3865088609527	0.0	572.3841193660601	1418.6159457375197	0.0	537.1985296345531	416.249739512137	0.0	546.8935989728503	202.28530164982874	0.0	562.7709609343482	312.99490277628144	0.0	381.3002411769065	483.8377324613946	0.0	320.8727481157341	670.8996392908357	0.0	283.82587024919474	844.2606863569963	0.0	679.5319804114378	481.34394080179885	0.0	721.0523878193037	709.6719381494477	0.0	722.0929451035626	615.5472778427292	0.0
410	13.697309417040358	531.4725407539547	889.346469302908	0.0	454.35128574575305	920.904169750487	0.0	463.46147106534437	1209.2842736193336	0.0	489.86930742274865	1507.10012305891	0.0	503.10470493034126	1629.0935860713084	0.0	450.3311922883104	1619.6037515051896	0.0	503.27087070147826	1540.9387191834394	0.0	609.9497544013363	916.4957592143335	0.0	598.5387549106149	1182.13996626938	0.0	585.8251524697416	1395.5845363615606	0.0	590.747388906186	1531.0184977750225	0.0	629.5352901713431	1509.4871895711542	0.0	572.9574909321091	1410.9308758931709	0.0	534.5629878444134	415.0629713135675	0.0	546.3863238809588	199.0344345966745	0.0	562.0149019611156	308.49485784943636	0.0	377.96917515351987	481.1671443846804	0.0	315.49713579767746	673.2070749132438	0.0	280.45231787692086	845.114459419193	0.0	677.6118818045436	480.7365865132539	0.0	715.0953084311485	704.975301787003	0.0	717.6585589697692	659.4034351966394	0.0
411	13.730717488789237	531.5153491083222	889.2389255354905	0.0	452.71610476076455	919.596496108058	0.0	463.3069916497063	1210.3683358682893	0.0	489.6279434038268	1507.1378935463092	0.0	502.62440645919196	1629.248328719914	0.0	448.9940857164974	1619.4789124761865	0.0	502.65410177947666	1540.0948751982419	0.0	610.1248872363017	915.4625247218761	0.0	599.8634287125858	1182.8752437820747	0.0	585.635487314542	1391.7492408143453	0.0	590.5256801780351	1529.9535678249883	0.0	629.3173760958199	1507.8321718365821	0.0	573.0271771330839	1402.1537200238674	0.0	531.2722591002566	414.1708697196071	0.0	544.9299391191316	198.42404091135765	0.0	561.2070351252289	307.5702275529308	0.0	375.15761644690355	480.7092161424894	0.0	310.6445880205782	676.2909634735287	0.0	277.0336275617542	845.8542464006467	0.0	675.0098492135783	480.90003199711487	0.0	708.8845644523888	699.1453107215557	0.0	716.2695291338205	718.7046756189491	0.0
412	13.764125560538115	530.8437727395211	888.4392650859126	0.0	450.46160042727956	918.9905741866023	0.0	462.45842079871437	1210.945968399514	0.0	489.2644120999615	1506.1881175013712	0.0	501.5670769702806	1628.7314149424928	0.0	447.80690162796236	1618.514829821715	0.0	502.55903471595605	1539.5936161250277	0.0	609.9286801166737	914.5063772351212	0.0	603.831567432022	1183.184191096205	0.0	585.2298356594424	1390.539333213807	0.0	590.8863778479068	1531.9047580295987	0.0	628.7816311078428	1509.1385887199028	0.0	572.6443329318099	1396.703800674505	0.0	527.7425693938326	413.7178271239551	0.0	542.6522993059356	199.03366919155187	0.0	560.6850471480501	308.7193253573288	0.0	371.57956587144326	482.06889486489496	0.0	305.1890615201146	678.7995781299832	0.0	273.7475246615383	846.8106956646734	0.0	671.4529421850696	480.9726291465676	0.0	703.6602313073932	695.0844913345429	0.0	716.6861160738582	771.0939285709824	0.0
413	13.797533632286994	529.466819055172	887.7104315078336	0.0	449.3198028082032	919.097715348372	0.0	461.04624424341404	1210.9620835573512	0.0	489.1419024980976	1504.5690970473	0.0	500.96106070470296	1627.0566015119152	0.0	448.5756835797267	1615.540064253062	0.0	502.8225871742794	1538.906703828276	0.0	609.2940259317185	913.3730323706329	0.0	609.3308096046748	1180.5208268983708	0.0	585.6090481467822	1390.9830117497643	0.0	591.0490575627621	1536.0250596510293	0.0	628.7387168419828	1512.2690889659084	0.0	573.2551847725383	1396.2403213359808	0.0	525.0764997110992	413.3057900050969	0.0	540.1819841115006	199.14251589974913	0.0	560.6903246912264	309.91570140770466	0.0	367.10078410668547	482.9207691490266	0.0	299.59218854067115	679.9935608851914	0.0	270.4691737517919	848.3775878843484	0.0	667.2357699268275	479.8684271368446	0.0	700.1352372101957	692.349476444147	0.0	716.9464939635704	796.1616759444887	0.0
414	13.830941704035874	528.111462221164	887.8694063761093	0.0	448.71754770297235	919.3876660589235	0.0	459.12299517445274	1211.1940284227	0.0	489.31965575608956	1504.1849265005235	0.0	501.36548854360984	1625.4514456758682	0.0	450.9550177320414	1612.8609776628462	0.0	503.4051839991346	1539.1423282903436	0.0	608.6019360043051	911.8878300734576	0.0	614.025358572008	1177.6403185989332	0.0	588.0455649057174	1391.6546070351908	0.0	592.1513500145991	1540.703018675355	0.0	630.5201546052148	1516.2760443261282	0.0	576.1272219672122	1399.6923720164052	0.0	523.2663634205898	412.2028443681	0.0	537.561173216337	198.33597722248982	0.0	560.1608975997259	310.95864447896855	0.0	363.19641256674845	482.24236841081307	0.0	295.0660806308826	680.7100364066306	0.0	266.94881523147114	850.8634262383446	0.0	663.7553205694245	478.0192756241855	0.0	697.4214153954974	689.8987973503835	0.0	715.6115086637237	807.4999172828472	0.0
415	13.864349775784753	526.8952045728568	888.7735529076233	0.0	447.13507337208057	920.2963497738953	0.0	457.5150679483217	1211.7972543977585	0.0	489.3790968659665	1506.8048868489707	0.0	501.7477305369325	1625.7157008743027	0.0	452.4452518058507	1613.6705647569938	0.0	503.6413871506686	1542.5947551948645	0.0	608.0602671160624	911.4889564998009	0.0	617.3555297217584	1181.1343694204613	0.0	592.2864316794545	1393.4554446632758	0.0	596.2498716491242	1545.4605268659182	0.0	634.606774432317	1521.3996952363566	0.0	580.7449467520997	1406.7401671858381	0.0	521.0075029274356	409.9502387608117	0.0	534.8362244198704	196.5683438319857	0.0	557.7318557949824	311.6035811955123	0.0	360.99376887633053	480.91008380383823	0.0	291.96039182227145	681.0401307541747	0.0	263.182142415075	854.1137980760211	0.0	661.444293955052	476.5427581822173	0.0	694.6657356657947	687.939993492384	0.0	712.4346801238681	821.4772130564712	0.0
416	13.897757847533631	525.2815098207028	889.8816640729549	0.0	444.9221480980551	922.4270389313651	0.0	456.92041488910473	1212.4324106169859	0.0	488.47987369088014	1510.7673329618347	0.0	501.8589391860621	1627.5044612255097	0.0	451.9761623811161	1616.8205146698087	0.0	502.7736142049501	1548.0251822330322	0.0	607.4990338651434	913.2583932704243	0.0	620.2375869225643	1189.894739851859	0.0	597.2393588310722	1398.7964502239754	0.0	601.801665916789	1552.3392227417187	0.0	638.9591409016647	1528.5350280888983	0.0	585.4072042537279	1416.3075772789848	0.0	517.9018388744274	406.82367355520563	0.0	532.3823310147603	193.94531038748036	0.0	554.3036420060054	311.05112715526	0.0	359.95323453565754	479.9191778486124	0.0	290.1846027494193	679.1882681362208	0.0	259.85447173856096	857.181417893539	0.0	659.0799093062465	475.3636658668124	0.0	692.8181671046342	685.748181245628	0.0	708.9535401932841	833.4138880764076	0.0
417	13.93116591928251	523.0747621280697	890.9428667699693	0.0	443.13139028421017	925.0697176809476	0.0	456.5431158454327	1213.3813116367294	0.0	486.30119656222297	1512.3727765737158	0.0	503.1931033988867	1629.5272505080263	0.0	450.81109861846153	1619.435249597263	0.0	501.24132906313116	1550.8389267292239	0.0	606.3383655413255	916.0746825759583	0.0	622.6612065623035	1196.0122647544629	0.0	603.0574601562328	1409.3365619904666	0.0	605.5431511363713	1563.8114165636393	0.0	642.0593068302038	1539.4151709798869	0.0	589.7033714596372	1427.6815177936417	0.0	514.7516464884137	404.01672139188287	0.0	529.8815669134221	191.3698630255319	0.0	551.6187602227034	309.6097778006971	0.0	358.4102363279084	479.49827774707495	0.0	289.5349699317236	675.5987390642058	0.0	257.9139915748869	858.7458067178195	0.0	656.0323652925443	473.839901128274	0.0	692.4081292004296	682.1198251088539	0.0	707.2946447849903	840.8779723369574	0.0
418	13.96457399103139	520.9707690525166	891.9548835257401	0.0	441.4188054368836	927.2631575051938	0.0	454.75157621626664	1215.686969167144	0.0	484.1136087074082	1510.80758430202	0.0	506.4368220867564	1632.0155879110046	0.0	450.5950435703766	1621.866947932646	0.0	500.1948825602756	1549.41827841128	0.0	604.6776900033534	918.411335678612	0.0	623.6235347567227	1199.06699010161	0.0	610.3770458776577	1426.7687847566565	0.0	607.8409785252414	1581.2431481384062	0.0	646.1443748340724	1557.699449410839	0.0	595.4340814402323	1446.3006143987602	0.0	511.5816567754618	402.76313477402124	0.0	526.3735071452786	190.3765617586833	0.0	549.0070950025171	308.907326300623	0.0	355.23927620547676	479.35068446589383	0.0	289.21622076901434	674.6588066314572	0.0	257.1488930945886	858.8106423287081	0.0	652.7350731171456	472.25847141566555	0.0	691.1174439919964	678.347291140094	0.0	707.3997989407794	850.3450110802111	0.0
419	13.997982062780268	519.9587169517577	892.8441926105479	0.0	439.31185174983733	928.7824501940513	0.0	451.2098191153508	1219.307565489796	0.0	483.4614274981511	1508.611090954037	0.0	509.5921163196056	1635.5612995087913	0.0	451.07041448306217	1625.370928823018	0.0	499.9438898338289	1546.8810026040755	0.0	603.3699147901423	919.8715744888186	0.0	622.7588074855533	1205.254415328146	0.0	619.2623609910872	1452.9094198305393	0.0	611.3645018796406	1603.9548736747633	0.0	654.0064594815541	1584.4875254121152	0.0	604.2095026678311	1479.2491514602393	0.0	507.87010624727236	402.8767735081061	0.0	521.6065431509991	191.25298450382917	0.0	544.4398850507622	309.4296572695639	0.0	351.167954312705	478.96793973214596	0.0	288.6105376923877	678.3641467079534	0.0	256.68710373639806	858.945889215641	0.0	649.1925488863454	471.0696081318943	0.0	686.9964876115936	677.4632351095752	0.0	706.5151233715079	859.6985421772158	0.0
420	14.031390134529147	519.6782198475979	893.2764739911237	0.0	437.42100995578625	929.3312951385481	0.0	447.78472249411107	1222.575535395284	0.0	484.1310039338733	1508.026991965163	0.0	509.0946887487207	1639.808603126652	0.0	450.00572449518035	1629.070937240729	0.0	499.9843454893442	1546.1729369489071	0.0	602.2744899924676	920.3665656471143	0.0	621.8264730614106	1214.5815341472528	0.0	628.9785005186523	1484.2411283049719	0.0	616.8418632478127	1626.8826039376972	0.0	664.4403044531276	1613.218507670706	0.0	615.4125204639607	1521.9748379390053	0.0	504.4696805243256	402.96573974667655	0.0	516.4703223316651	191.99687274861526	0.0	538.2906500124037	309.5087002266795	0.0	347.869977721995	478.1300668406416	0.0	287.9449950360416	682.8480482260733	0.0	256.3701538425548	861.0791958235584	0.0	645.4762291725057	469.72644113947507	0.0	682.5527841161166	679.1867452153738	0.0	703.3619240532247	848.9305443081648	0.0
421	14.064798206278025	518.1416346440287	893.0550918856054	0.0	435.91045348759656	928.7618544343532	0.0	446.23562685948355	1224.2187596802357	0.0	485.03926914257534	1508.6174184654442	0.0	504.07640322948777	1643.0424255612293	0.0	447.0038996918034	1631.2735533380635	0.0	500.02702335482496	1546.9770614671781	0.0	600.1922356585511	919.9110155439348	0.0	622.1625554931211	1221.3290440218718	0.0	637.2049079665943	1512.2770074737489	0.0	622.2583872120338	1644.40740388163	0.0	672.7724633277352	1635.874248624136	0.0	626.079122396339	1560.075481427225	0.0	502.36656461111943	402.5627692935911	0.0	511.9358966298993	191.39633606054966	0.0	533.1640057199298	308.7406022812626	0.0	345.92469876507545	477.2477660473593	0.0	287.47206576708277	684.4081766923729	0.0	256.15850604032664	865.579677403673	0.0	642.5659200343822	468.15801216393504	0.0	681.529902611303	679.2451586818838	0.0	700.5110242366366	799.1880857996795	0.0
422	14.098206278026906	514.95949933645	892.8312684949389	0.0	434.31086898684975	928.3577920727716	0.0	446.0897785160745	1224.678590006592	0.0	485.47628004978316	1508.667836661356	0.0	498.16635529499564	1643.4109480292482	0.0	444.7387286037154	1631.2998753217885	0.0	500.1204502356386	1547.5833086475773	0.0	597.180410644016	919.5445194905882	0.0	621.5088603597849	1223.817082311718	0.0	640.9446402619476	1531.6206176850603	0.0	626.0124611745597	1656.1883355019581	0.0	676.2386169793857	1650.5405723414842	0.0	632.1335660986974	1584.5744694076357	0.0	500.5562857139228	402.8184228883163	0.0	508.60195963295956	191.27618413354935	0.0	530.9830480068857	309.86155183119826	0.0	344.3352141465652	477.196480331612	0.0	287.2609513699087	684.4293003603763	0.0	255.67499909944195	869.9071967622244	0.0	640.6905628265905	467.0673884068477	0.0	683.0831145716367	675.2408109559528	0.0	699.7886789941556	729.044079743555	0.0
423	14.131614349775784	512.5467133562246	893.4103053665173	0.0	433.02200420782845	929.7218491219259	0.0	446.18964963672266	1225.2752720351439	0.0	484.98663464879064	1507.8648511474294	0.0	495.2235270118578	1641.3208471959538	0.0	445.0384822965147	1629.6924832297718	0.0	500.12610008866534	1547.187568694084	0.0	594.7507696664105	920.3799454963317	0.0	617.4109371341775	1224.9120868229115	0.0	638.5161744969412	1541.2559729251093	0.0	627.9016119531766	1663.3613170413385	0.0	675.7106859405116	1658.079398006187	0.0	630.705600485608	1594.5824097816642	0.0	497.7342275174433	404.6617305222646	0.0	507.09265348461975	193.20644287251022	0.0	531.8648636862354	314.70683087193345	0.0	341.84591663788774	478.54312245848814	0.0	287.4803381609775	685.930167370668	0.0	255.01134844714548	872.008631045747	0.0	638.6903089530693	466.0940757550428	0.0	683.7628033425842	670.2611500790118	0.0	699.4822898815734	682.3434783577284	0.0
424	14.165022421524663	511.70631214080424	894.4201602669277	0.0	432.44215819908794	932.3721362857634	0.0	446.30869842364575	1226.7960662791927	0.0	484.35612214750546	1506.903999642537	0.0	495.26598945463996	1638.4666404989114	0.0	446.6200109314956	1627.2491263250133	0.0	499.8036810726889	1545.9361418330232	0.0	592.7062085503668	922.0003927928849	0.0	611.4581967026435	1225.8032897894952	0.0	630.641338979425	1541.9556227856006	0.0	627.0559197332104	1662.845857727762	0.0	672.2488075898694	1656.7586472248568	0.0	621.2371464674046	1589.869755502834	0.0	494.589212374073	407.48772680681657	0.0	507.32500790112834	196.11724116201566	0.0	533.0138101163661	321.9081231448967	0.0	338.58396346698754	480.28147716043037	0.0	287.46932826703716	689.0469902177472	0.0	254.42033456170668	873.9321166000623	0.0	636.05225019963	464.80359188849627	0.0	682.8870961793741	669.4601857014311	0.0	698.2415352422252	671.685456994071	0.0
425	14.198430493273541	510.33187753800433	895.5606854750712	0.0	431.44982986064673	934.6843693592353	0.0	446.2443067101042	1229.355254859545	0.0	485.1148692479759	1506.4805465523878	0.0	495.78234986384706	1636.38722435124	0.0	447.277893684296	1624.913541963898	0.0	499.35166902404836	1544.70041146652	0.0	589.5539453524106	923.8345545940964	0.0	607.1666521510681	1225.994202384636	0.0	620.4852418681776	1537.9841479812947	0.0	624.2426596928871	1654.1329589934853	0.0	667.5415912894878	1647.1199424804613	0.0	606.948539990042	1575.019772821594	0.0	492.43000932649375	409.9808477073333	0.0	508.330052745253	199.13878606381726	0.0	530.8077810403043	330.1871414073136	0.0	335.96331127521506	480.7553157398137	0.0	286.4364112444108	691.6477949479442	0.0	254.00919612422226	877.422841041741	0.0	633.6985080541975	464.2246917707791	0.0	681.8375755895902	673.7475208256724	0.0	696.9864697460054	673.2558924045334	0.0
426	14.231838565022422	507.68713568043205	897.4379659572822	0.0	428.889904213406	936.1605049682902	0.0	445.5331378456021	1232.3547730020289	0.0	486.7583851360296	1507.4992674443915	0.0	495.8793366242086	1636.4680282817753	0.0	446.93840018374704	1624.0232708864976	0.0	499.38316178376226	1545.02889561726	0.0	586.1865210738999	925.9961443132951	0.0	605.2818066756957	1226.106761340749	0.0	611.9072558613785	1535.882126478774	0.0	623.0198742949036	1647.304617945854	0.0	664.7857227367022	1638.848588837001	0.0	596.3782731982938	1565.740486082838	0.0	491.1871432031959	411.43266178862154	0.0	509.5590711044146	203.27569080660962	0.0	526.2924635497501	339.6386621125689	0.0	334.85376559748465	480.4333192721096	0.0	285.2474327606912	692.3866210027566	0.0	254.39791142027047	880.2169327206636	0.0	632.6023263279026	465.31444729576174	0.0	681.1631615478087	679.2196906453224	0.0	696.4551438309096	670.5980794506008	0.0
427	14.2652466367713	505.29515798111737	899.698876745964	0.0	425.5676851191678	937.041959079728	0.0	444.37431146684816	1234.4067071394181	0.0	487.41847265710174	1509.7246390286703	0.0	496.4639729267506	1638.1829166117473	0.0	446.9328262486519	1625.008194174941	0.0	500.43808890576526	1547.3416788535321	0.0	584.5249948103291	927.8288319234514	0.0	604.0490140805903	1225.6739596567577	0.0	606.8976329598328	1538.2599703903834	0.0	624.4241228215885	1650.3266883705346	0.0	664.7634472912898	1640.3618945272146	0.0	594.7900375259135	1572.2046348910508	0.0	490.53360013914113	411.8190865176219	0.0	510.9297272094124	208.6301000650477	0.0	523.1697948444023	349.3045660736307	0.0	334.94445434979315	480.7708744680702	0.0	284.69517485190676	692.0748897145646	0.0	255.4535671476789	880.6507300744778	0.0	632.9703235367971	467.2525769329618	0.0	680.8598453760734	682.3747238442551	0.0	696.5352621752786	668.3526486507687	0.0
428	14.298654708520179	504.18150737719253	901.5418458116206	0.0	423.2560400944443	937.4573672532354	0.0	443.41437041489024	1234.887645113728	0.0	486.95160962754	1511.27437192059	0.0	497.40922494449126	1639.184113815941	0.0	447.39796294230865	1626.882199417331	0.0	501.9673609921236	1549.9420113047572	0.0	584.2954900623312	928.6114921457857	0.0	603.1008626294335	1222.7926147707153	0.0	605.1256143701886	1541.4425858357117	0.0	623.620777765746	1656.0001366226036	0.0	663.7934753056289	1646.4570147497832	0.0	595.7216585888636	1583.5299837946889	0.0	490.6773585953808	411.4472862784607	0.0	512.1439448728152	213.16310414229196	0.0	522.0911135449938	357.5410940703518	0.0	335.6569927081355	481.21040353438593	0.0	284.04127708690254	692.1130080914386	0.0	255.35554592322103	880.2226480272847	0.0	634.4020733413291	468.1481925767396	0.0	681.0613621658935	682.3271306249983	0.0	697.0480658952625	672.8748565650143	0.0
429	14.332062780269057	504.23018278663255	903.2221028819479	0.0	422.38350586827414	937.5533663395363	0.0	442.99781912841695	1234.3787082430667	0.0	486.4891958241417	1511.0495094657733	0.0	498.0106125356006	1638.4289683021152	0.0	447.6745365495934	1628.4509887260306	0.0	502.3973027370561	1551.0406906996054	0.0	584.1907482263638	928.7287984352461	0.0	603.0767083800732	1218.5530458462615	0.0	605.4674210077326	1540.619570341369	0.0	613.5317527891137	1655.7088707921855	0.0	657.2572169941361	1648.7374009724417	0.0	591.5625877404241	1585.7582805111542	0.0	491.14257014371833	411.38052305350857	0.0	513.1966208330903	215.94567978198816	0.0	522.1632837641337	364.3375117655397	0.0	336.26377922113176	480.7474815511645	0.0	283.1297247640586	692.6787689289002	0.0	253.33352663899495	880.9497204736708	0.0	636.0540269734055	467.2039023758408	0.0	681.3368603713109	679.549022196654	0.0	697.7609815307698	679.8116809739169	0.0
430	14.365470852017935	505.01110427720397	904.7294075936774	0.0	421.9421796706128	937.52729654921	0.0	442.9551401967749	1233.2930678573246	0.0	486.30899954964826	1509.929604357132	0.0	498.23102974537113	1636.9029916020108	0.0	447.45570969061947	1628.7604018232796	0.0	501.9604021450271	1550.3900440237187	0.0	583.8733339602638	928.7453335212318	0.0	603.1039003622097	1216.6541457832288	0.0	606.3694375889191	1536.974562383799	0.0	593.6733458729431	1653.8665368091035	0.0	646.3971067976471	1648.8072617394546	0.0	584.8963892717943	1581.07346221721	0.0	491.0971712915143	412.9809532487237	0.0	514.8581753266906	218.8978973925583	0.0	524.0576873830576	370.9977872328898	0.0	335.8752192921955	480.1060220329134	0.0	282.81323915160687	693.1538113182862	0.0	251.07864399375154	883.1572450055417	0.0	637.2267077972441	465.5537610467564	0.0	680.8070106291119	675.4710228129244	0.0	698.8027043575411	684.2159563987465	0.0
431	14.398878923766816	505.54031285649734	905.6153704439085	0.0	421.2204192543686	937.6430863837446	0.0	442.72995499942505	1231.8988147893585	0.0	486.09133108638565	1509.0768816851705	0.0	497.81016315414047	1636.085290780543	0.0	446.5220404679283	1627.491845551909	0.0	502.8379147468196	1549.0218151596855	0.0	583.5552621964658	928.8836949919156	0.0	601.9649820204405	1219.0062858078181	0.0	605.2915890948582	1536.5537466216547	0.0	574.3628660904832	1658.1729159289484	0.0	638.3386364188522	1652.4054841076227	0.0	582.0995644108671	1580.094402614044	0.0	490.753339824252	416.1386393531386	0.0	517.4458080205206	222.65569671435006	0.0	527.8239691106075	377.7471747292265	0.0	334.84302322431915	480.22658271017605	0.0	282.9111458228725	693.1455310021943	0.0	250.0477825342053	885.0485649317174	0.0	638.2108045664993	465.01531810967094	0.0	679.9014825176712	672.1917112719381	0.0	700.3853847549218	690.8152194583809	0.0
432	14.432286995515694	504.1929500246352	906.5075939947113	0.0	420.2003309839689	938.5877672685854	0.0	442.02637966474475	1231.0404815224524	0.0	485.7482939966254	1508.5671483629737	0.0	496.0177165518904	1636.6338561408327	0.0	444.87665696820227	1625.7203063297557	0.0	504.9246050722182	1547.7826833092354	0.0	583.0621872890192	929.6624512313459	0.0	599.9461385211533	1224.2686722215801	0.0	600.6041177544889	1541.0207637019523	0.0	565.5058754416106	1666.3602393332346	0.0	634.3955889909201	1659.0593776868022	0.0	583.0670989124831	1586.7841878779473	0.0	491.3457793031405	419.13005406330007	0.0	519.9578974367038	224.49858895750413	0.0	530.6117134508658	382.62359967042545	0.0	334.66369605007515	480.9498211994533	0.0	282.4826892738164	692.4841242095055	0.0	249.65377062397926	885.2689416320546	0.0	640.3787828976596	466.4964451341	0.0	680.8954678619193	671.4710135677317	0.0	702.3402907929112	701.3103222845647	0.0
433	14.465695067264573	500.80496429473266	908.3490251600613	0.0	418.9186273613028	941.3055103118242	0.0	441.3116533241178	1231.266648144211	0.0	485.4548285458131	1508.1664989688447	0.0	493.42409705425695	1637.7952669741478	0.0	443.14662757846315	1624.8246591588768	0.0	505.9913143205973	1546.9319592809843	0.0	582.2272336673099	932.031293779259	0.0	597.7792676889975	1229.321552593842	0.0	594.301604467068	1547.5598355104519	0.0	565.5265885298536	1673.0088439031522	0.0	629.0868947687932	1666.2222018581253	0.0	583.1241959175604	1597.1499413050803	0.0	493.65969032329343	420.7630179121858	0.0	521.8878211958522	223.825715520033	0.0	530.4573973209488	384.60759103213707	0.0	335.6982500378912	481.61585752996467	0.0	281.8503140391592	691.3909409090492	0.0	248.82917631165955	884.6127802243304	0.0	644.4879958113543	469.5095137870639	0.0	685.0877218991136	674.9165812788116	0.0	704.2207111703077	706.020019409791	0.0
434	14.499103139013451	497.72448364106	910.665764882281	0.0	417.5343538158843	945.2637736134764	0.0	441.04673512310023	1231.8324193644091	0.0	485.5237111978872	1508.2387787596035	0.0	493.03244164990787	1638.5868834823252	0.0	442.5724283780566	1624.9606494390687	0.0	505.9285713746505	1547.0274864759488	0.0	581.8482100453953	936.098068055629	0.0	595.3599660649627	1232.3640678732138	0.0	589.8358166430305	1556.4076459681858	0.0	568.7342846399915	1679.8356068845371	0.0	623.1576306598425	1675.8190801914477	0.0	581.1906758990444	1607.2817431125038	0.0	496.9939013003051	421.6024886602775	0.0	524.3221798469829	223.73943225543627	0.0	530.2524954096594	386.4951693443228	0.0	337.1508090893337	481.9333677103685	0.0	282.0126037326105	690.964716974632	0.0	247.82264907707108	884.2559153139167	0.0	649.2771680479195	472.99417140191383	0.0	690.411638368964	683.0737078338715	0.0	705.0241413627197	699.336115934153	0.0
435	14.532511210762332	497.09614028783363	912.1451816211819	0.0	416.7347028551844	948.2799680199806	0.0	440.911600541443	1232.2667369570427	0.0	485.8387377710527	1508.9222143096604	0.0	496.6701197359994	1638.95756277018	0.0	443.94156226253966	1625.4768939004211	0.0	505.82256690856906	1547.9052049574516	0.0	583.0066798066633	940.5391654135349	0.0	592.9983623496754	1232.3497836069052	0.0	588.3038914601341	1566.5041639755239	0.0	572.599618215842	1686.1384697341168	0.0	621.0345528003105	1686.4756959061435	0.0	579.5496989504683	1612.9242738305618	0.0	500.3942052448582	422.40961039259054	0.0	528.0782351905958	225.30866428255948	0.0	534.0721047750513	391.44110281752694	0.0	338.68886851009677	482.29325021541615	0.0	282.653730618964	692.2030968965325	0.0	247.5453091778728	884.8032481472599	0.0	653.6901340895787	476.16509184214215	0.0	693.897882623442	692.8926520304825	0.0	704.3786797853382	689.2606819421842	0.0
436	14.56591928251121	498.80432124463374	912.6138282073338	0.0	417.46104597447174	949.2331129810561	0.0	440.7096075372363	1233.5017318464593	0.0	485.84724322449335	1509.6200719676665	0.0	500.69967816582636	1639.342989374914	0.0	445.8430913030496	1625.9731304986021	0.0	505.09735456580415	1548.3185574223673	0.0	585.1516631493772	943.6820468740071	0.0	591.8578234293448	1227.9401803289945	0.0	588.4950765556168	1570.4095946551508	0.0	573.5490753919399	1683.7122775296782	0.0	620.7044613808321	1689.795911217875	0.0	579.0441989050672	1609.2599714903763	0.0	503.9089975982656	422.7683653576268	0.0	532.4625764823883	226.47913088182406	0.0	541.4615653267205	397.451309228793	0.0	340.5749235462256	482.3801683868292	0.0	282.9123753438249	694.2630187248134	0.0	248.05912279476422	886.1006225798939	0.0	658.073821242329	478.4235966909493	0.0	695.4437724398825	700.5980861339609	0.0	703.5287393932867	683.7786426232051	0.0
437	14.599327354260089	501.36606495412053	913.3231407334995	0.0	419.33309215324823	948.7475299091719	0.0	440.94863273740395	1235.9278418132274	0.0	485.3620388486019	1509.9143304529277	0.0	499.59567521123154	1640.0488409825982	0.0	445.8324105427579	1626.247885655123	0.0	503.70820002658235	1547.5560253670062	0.0	586.8515557408122	945.0094757455005	0.0	591.768770708983	1223.9639390224345	0.0	588.3755990513359	1565.6975989680282	0.0	570.7236999895205	1674.2256590120614	0.0	620.4741322541912	1683.4302266855616	0.0	578.7456396398358	1601.9901164196797	0.0	507.6443187514143	422.1845008396156	0.0	536.6678595530857	226.1802552525086	0.0	548.2592063452239	399.1988786260433	0.0	342.97215132209953	480.66089758748507	0.0	283.1712027051842	694.5705460588789	0.0	248.59987297213297	887.4815317376043	0.0	662.0301100219847	479.0540077854964	0.0	697.1662195347889	704.635718312032	0.0	704.2517568746229	680.3200020452723	0.0
438	14.632735426008967	503.2941770112263	914.7132318071403	0.0	420.4167534840177	947.6880451543249	0.0	441.77943765481183	1238.2381920114672	0.0	484.9062549828101	1509.8264066387317	0.0	494.2086478278088	1640.6883410256594	0.0	444.0451466751848	1625.9713724444948	0.0	503.47901404532655	1546.1258123181046	0.0	588.0518655409305	945.9267966564677	0.0	591.2571911425463	1228.928711287884	0.0	587.2579468710315	1562.1875162845854	0.0	570.4031362675686	1672.3604949711419	0.0	624.2365939684838	1678.1928789070892	0.0	578.1686177656911	1604.6850228742644	0.0	511.0276894487139	421.2021463955511	0.0	540.9566046924275	225.45279306083526	0.0	551.9773632852894	395.88305770515393	0.0	345.26633438235604	477.29665039586854	0.0	283.9629965333553	691.8403415397029	0.0	248.97070398309987	888.4652553264631	0.0	664.9891604510192	477.8160497409591	0.0	700.3629311803826	703.6903737031664	0.0	708.2051059464809	675.9728008581369	0.0
439	14.666143497757847	503.9645852728665	915.8539821846027	0.0	420.0690833812327	947.370052628179	0.0	442.6404441683502	1238.8811006784936	0.0	485.1041400007176	1509.502994734154	0.0	490.77664534366545	1640.0002306039398	0.0	442.64367999801954	1625.2823793889918	0.0	504.94386427724305	1545.3745789050133	0.0	589.1290715493367	947.6697497209302	0.0	590.6651071425101	1240.912657723724	0.0	586.8870870704776	1569.9808819035277	0.0	575.6605207756176	1685.5552289323239	0.0	631.8377955754567	1686.0507662527916	0.0	577.9661359771547	1620.9712809805708	0.0	513.5712232109709	420.5272841367375	0.0	545.5629620699839	225.4395321227084	0.0	553.9539792742838	391.96094077705305	0.0	346.46242796628275	474.78484897784404	0.0	284.39442449924286	688.2570720487392	0.0	250.01997637098597	888.1181342900402	0.0	667.7024359725075	475.7889124530547	0.0	704.8824009915455	699.1766892520629	0.0	716.0146412896812	673.2945155554333	0.0
440	14.699551569506726	503.6880006034776	917.0531082931994	0.0	419.8637838525368	949.5413079328363	0.0	443.2892503071254	1238.0012222870687	0.0	485.63186777504535	1509.1992721424347	0.0	490.826745747274	1637.521212002893	0.0	441.44788403051507	1624.7963640718635	0.0	506.44535773729353	1545.7504445975321	0.0	589.4993057908628	949.3878162488198	0.0	591.7708466078818	1250.5135722426107	0.0	588.8030836346883	1589.8313388851493	0.0	582.7900425341502	1708.9613716509066	0.0	637.6703258820661	1707.6712384612965	0.0	578.6400750735459	1644.8618450041592	0.0	515.5718739425815	419.5064409400321	0.0	549.9705460698419	226.14154842739566	0.0	556.457900148343	390.189146267641	0.0	346.71746867656987	474.0876846697876	0.0	283.6681070838197	686.5421677500311	0.0	251.79729408298672	886.031156819956	0.0	670.6135425791541	474.33867064505927	0.0	710.0877493909862	696.7540056718931	0.0	724.9236087627608	671.9024218507493	0.0
441	14.732959641255604	503.4149822547268	919.19396313516	0.0	420.8863619111686	953.5362703558521	0.0	444.1844865243179	1237.739033192432	0.0	485.7069276435124	1509.1941275605557	0.0	491.72670323620576	1635.4318247478693	0.0	439.4559864408344	1625.067598460554	0.0	506.6424711849334	1545.6297613071633	0.0	589.4303355279744	950.026979950604	0.0	594.2714855081744	1253.8677735320093	0.0	591.6551900622528	1607.207231332175	0.0	588.9018096911863	1727.258630218456	0.0	639.8174596092865	1725.2544921802041	0.0	579.8853966516452	1662.5421054778974	0.0	517.6410189017947	417.2480840944801	0.0	554.0071025201664	226.35077798549722	0.0	560.512878691268	389.79571613532005	0.0	347.3966568181551	473.199147872369	0.0	282.57357229260253	686.6335972604342	0.0	252.97253465456424	883.7298760585427	0.0	672.8408549055415	473.3215563933894	0.0	714.94145204159	699.2748087634324	0.0	729.0798231086535	668.7611034355822	0.0
442	14.766367713004483	504.7237849908422	921.2723194384314	0.0	422.83703515002827	956.3250240743541	0.0	445.4978461522062	1240.2921290054	0.0	485.49933567940343	1509.9935360842587	0.0	494.20399026447643	1636.5518814230336	0.0	438.98935324866596	1626.6218375198673	0.0	505.7031098414223	1543.754134564794	0.0	591.019876629903	949.8810655793889	0.0	596.6940408997053	1250.2274002875713	0.0	592.3183177632428	1582.4038547294444	0.0	593.1956391498426	1703.411569309555	0.0	639.7642959566191	1697.0889262969877	0.0	580.7900340666247	1637.1373592201148	0.0	519.5183416820533	414.83320911284346	0.0	557.7462852150788	224.57520238576345	0.0	565.8806406305711	389.9284998850971	0.0	348.9751741840935	470.3484743719123	0.0	282.3611918281197	686.9181175638396	0.0	253.08674879603356	882.5740327140508	0.0	673.6118010489456	471.8096174551625	0.0	718.1566639312244	702.9519130619169	0.0	726.2920954704505	666.5363726184556	0.0
443	14.799775784753363	508.39192210604136	922.12107328286	0.0	425.2069914814247	956.9855362784352	0.0	446.52191342113434	1245.30101271628	0.0	485.61733890850877	1511.4899752945403	0.0	497.8306231804966	1640.2527746765595	0.0	441.43026931345065	1628.7164295557134	0.0	504.60627597277016	1541.3292466278076	0.0	595.2826194890514	949.7504585790305	0.0	598.6671793320959	1238.7673430967623	0.0	589.7412093411775	1497.6862860625642	0.0	594.0499445081404	1620.8510436792435	0.0	637.3323081676357	1608.2949885154144	0.0	579.8698625638621	1548.213265011507	0.0	520.8447189257239	413.32017670333096	0.0	560.5308110208928	220.94336659487936	0.0	570.760557552088	390.40747528047166	0.0	350.2520594690025	466.53256723577226	0.0	283.3041079643944	686.4373330825621	0.0	253.0999841625379	882.3544611794629	0.0	674.2130196231227	469.65543678851844	0.0	719.7063480380637	703.1392722506677	0.0	722.6899399914424	671.321691148228	0.0
444	14.833183856502242	512.9178788901485	921.8982549171884	0.0	427.3496225159318	956.8480590800071	0.0	446.73636965756305	1250.3686173516394	0.0	486.0170262659179	1511.66442586592	0.0	498.2742007337523	1642.7848698891073	0.0	443.78626878609134	1628.9673929482276	0.0	504.0574934692776	1539.8352446210672	0.0	600.1022390760062	950.0718731840038	0.0	600.0877511292142	1226.5808441937302	0.0	586.3783510255714	1426.7931142658745	0.0	589.7178707816522	1551.6976399235034	0.0	633.1018263830098	1538.1587614073921	0.0	576.6072179896507	1443.1092986673254	0.0	522.8664368938665	411.35502842478576	0.0	562.2756340736044	216.85553438273234	0.0	573.4775120185295	390.02329244489346	0.0	350.64519014480453	463.7229629420803	0.0	284.6174601960233	685.211889793926	0.0	253.35242547250377	882.860858954864	0.0	677.4014016827078	467.01937354101824	0.0	721.6256768182511	700.4082631674119	0.0	726.0735693628205	682.9015533977474	0.0
445	14.86659192825112	516.3469567925409	921.1091851549895	0.0	428.6526765913731	956.474874569259	0.0	446.7214955465486	1254.7848986523636	0.0	486.54124074657284	1509.1286235644116	0.0	495.174299798703	1641.9992976099666	0.0	443.862551876696	1626.107375755071	0.0	504.2680414802193	1539.6913817767754	0.0	602.8321289875555	950.718025877462	0.0	601.3991865952216	1225.677714444243	0.0	584.9628586330155	1455.8260557968927	0.0	582.5674529722332	1581.0428776998626	0.0	631.4358931908431	1574.5897682708344	0.0	573.3410089412492	1351.5961226298232	0.0	526.7831488429231	407.4627043058422	0.0	564.3963333683653	213.1983094485088	0.0	574.8966545173266	386.56711896998723	0.0	351.4010815741791	461.9483605949445	0.0	285.6074834407897	684.0096502636	0.0	252.72151270241574	884.9276977375298	0.0	684.0965058443041	463.81094020435336	0.0	726.0673425900757	699.1606866490351	0.0	738.1103083941465	693.0765625955195	0.0
446	14.9	518.546566909073	920.1299410880818	0.0	429.23368560863383	955.8529889120667	0.0	447.09654697545744	1259.517344553766	0.0	487.28614680185484	1505.1253541399408	0.0	491.74701395622355	1639.094702977696	0.0	442.6283655242697	1621.2313968591495	0.0	505.14925516025824	1540.8493777113654	0.0	603.3929833796873	951.3880706275949	0.0	603.3922320786887	1237.1937506820218	0.0	585.5289546923511	1567.6418077485685	0.0	576.5995910135204	1692.682924362662	0.0	634.6551431764493	1697.143613672906	0.0	572.1327432547012	1246.1238048739465	0.0	531.944140743809	402.1155757462049	0.0	567.6695230753902	210.0938871834405	0.0	576.5992322689276	379.7842351639714	0.0	353.31896588900526	460.1668299356362	0.0	286.3342484375445	683.4480158643312	0.0	250.60821167904425	888.8698703149264	0.0	692.7058305818928	460.1681755023493	0.0	732.8976947595424	701.3114029585175	0.0	755.2262426404878	696.8437710584586	0.0
