PathFileType	4	(X/Y/Z)	/Users/visionmauri/1_7_1_f_Sports2D/1_7_1_f_Sports2D_px_person00.trc
DataRate	CameraRate	NumFrames	NumMarkers	Units	OrigDataRate	OrigDataStartFrame	OrigNumFrames
30.0	30.0	389	22	m	30.0	0	389
Frame#	Time	Hip			RHip			RKnee			RAnkle			RBigToe			RSmallToe			RHeel			LHip			LKnee			LAnkle			LBigToe			LSmallToe			LHeel			Neck			Head			Nose			RShoulder			RElbow			RWrist			LShoulder			LElbow			LWrist			
		X1	Y1	Z1	X2	Y2	Z2	X3	Y3	Z3	X4	Y4	Z4	X5	Y5	Z5	X6	Y6	Z6	X7	Y7	Z7	X8	Y8	Z8	X9	Y9	Z9	X10	Y10	Z10	X11	Y11	Z11	X12	Y12	Z12	X13	Y13	Z13	X14	Y14	Z14	X15	Y15	Z15	X16	Y16	Z16	X17	Y17	Z17	X18	Y18	Z18	X19	Y19	Z19	X20	Y20	Z20	X21	Y21	Z21	X22	Y22	Z22
0	0.0	590.0495678462203	952.8097526286613	0.0	686.8941300141246	988.0271086361098	0.0	700.1003379336015	1340.190137905674	0.0	625.2651558409917	1665.940920751793	0.0	704.5025884454386	1815.6119423946777	0.0	722.1100715272203	1815.61066826338	0.0	590.0485268423844	1714.363109648093	0.0	502.0082913843186	983.6242949039861	0.0	506.4106473204074	1278.5605300412383	0.0	519.6167137886954	1318.1625189678334	0.0	519.614652132126	1547.0867786857266	0.0	479.99812542215005	1520.6788970353202	0.0	515.2144407172441	1296.1486118471914	0.0	563.6370290805025	494.99645982424636	0.0	541.6256611723919	398.1524835962638	0.0	532.8208782160773	459.78209136810176	0.0	726.5126784558753	530.2140419703818	0.0	832.1617633718575	763.5226756051269	0.0	849.7693050085563	944.0056552400904	0.0	431.5759432331876	534.6154722400003	0.0	356.74071206233015	781.1304301648379	0.0	361.1442579209978	811.9451680629055	0.0
1	0.033419243986254295	590.1088406741796	950.898176079257	0.0	686.38690815373	985.1716797568201	0.0	701.7353179528062	1332.4471402410625	0.0	628.1962547587347	1659.6512093079145	0.0	704.0828695708004	1813.9778231803905	0.0	723.3345119215005	1810.8886851929196	0.0	593.6912797303194	1706.3999103499334	0.0	502.32436099287065	983.5911485498407	0.0	505.28434271198614	1275.5066229792371	0.0	516.270222453471	1292.150194656595	0.0	515.5853424725832	1544.3281712748321	0.0	477.8111965943326	1455.0227767462134	0.0	513.2928146695853	1307.3318491773045	0.0	562.5467996745372	496.1611088820284	0.0	540.9635281054656	399.32149066312866	0.0	529.6846715066065	462.13903806965794	0.0	724.9170478291713	527.6657609924288	0.0	832.5008553099302	764.6265838723043	0.0	848.3087013444591	942.2666883380804	0.0	429.90230309046643	535.038254161322	0.0	354.90272667740675	781.9770533519186	0.0	359.3856898420588	816.4366930666226	0.0
2	0.06683848797250859	590.3239469531268	948.6103073217168	0.0	685.7042747717949	981.7918943355832	0.0	703.1770029056831	1321.2516431245147	0.0	634.6847742969932	1649.2643397804359	0.0	702.6012880311312	1802.4388373247252	0.0	725.120199747345	1796.9429500234608	0.0	601.620415304166	1696.1538219825854	0.0	502.1062987549922	984.9666145654995	0.0	504.43424340167917	1275.2604155975457	0.0	516.151183274003	1308.2019351468582	0.0	517.9512724138954	1576.8536663533043	0.0	480.14159782434564	1473.7276880711722	0.0	515.7370089532001	1411.5043167268786	0.0	560.3146380370856	497.7621603739153	0.0	537.9582413793664	401.38373581652644	0.0	523.8351691658871	466.8406925451358	0.0	723.0518492911051	525.6920076463954	0.0	832.0034965724975	765.1617237102001	0.0	846.1813496613514	939.5979022988117	0.0	426.66075501200515	535.6038562617141	0.0	353.0811316781834	782.1558479005181	0.0	357.50272413761485	817.6862145907701	0.0
3	0.10025773195876289	590.6358311113612	947.1225380452886	0.0	685.0110831219758	978.9002223712968	0.0	702.5001087057451	1310.1841807858113	0.0	643.6190876923629	1637.3945026617873	0.0	699.2765881698547	1778.0371292298496	0.0	725.9599666506409	1772.604079829301	0.0	614.1989361200473	1686.8915073003268	0.0	501.79678710737454	986.9895123386948	0.0	504.8665034396967	1280.469816544924	0.0	519.8692307149706	1399.2310435228956	0.0	529.2261036699457	1639.9029026493176	0.0	488.12186537160665	1582.8073153065036	0.0	522.1399606988468	1576.492600024391	0.0	556.758617980966	500.06611364732504	0.0	532.2817804937008	404.3448753862658	0.0	516.5212311351783	473.9739429320755	0.0	720.357707313701	525.3590802150966	0.0	830.0806779411762	763.6058575106466	0.0	843.8813585247035	936.2322475642852	0.0	422.04048608374393	536.6623693852055	0.0	352.407735212114	781.6908579781593	0.0	356.3610352354596	814.4373232280934	0.0
4	0.13367697594501718	590.6032521752538	948.3399325454145	0.0	684.2800013553538	980.0142112241844	0.0	698.7048346302918	1303.0353256327305	0.0	651.5491940036706	1629.484349637075	0.0	693.0969570808327	1744.958305632764	0.0	723.8689861026004	1742.7673691723019	0.0	628.5926273298656	1682.6110551563372	0.0	502.33629214651666	988.5464000201116	0.0	506.9936487469658	1289.721225242513	0.0	524.4143009407674	1527.132475643234	0.0	545.0862215678702	1696.5184626520424	0.0	498.01981334314735	1691.8624200345369	0.0	526.6789157254393	1687.4082304942172	0.0	552.1779935861235	500.9302674841737	0.0	526.3514110871525	408.10782361528965	0.0	508.9923919177867	483.22004363514304	0.0	716.4375977930683	526.4125211706624	0.0	827.0024438604856	759.4372518504767	0.0	842.0537902607297	933.2720027695373	0.0	417.5932377364154	539.4368636789374	0.0	352.9909881386563	783.8756875277529	0.0	356.1720015055613	810.2891747755007	0.0
5	0.16709621993127147	589.8344167635736	951.1631436644118	0.0	683.3047309978398	985.5036006776737	0.0	693.409845146841	1297.5928586517578	0.0	657.1395897750343	1627.0360062227933	0.0	683.5095331312218	1710.7102765813213	0.0	719.1720024872195	1713.2565313082023	0.0	641.5421466567128	1683.0663466983945	0.0	503.4177709965175	988.9494356163796	0.0	509.69515707874103	1297.1684928639802	0.0	526.8636970912061	1608.0897999309698	0.0	558.1683196788448	1726.0748249487242	0.0	504.7258339731211	1735.4409722554276	0.0	525.6138964202984	1704.1021704695218	0.0	547.5417249450122	498.74840460605583	0.0	521.9012723536426	412.21543380887766	0.0	500.9146385273182	493.0779986550148	0.0	712.4841636692287	527.8234394459254	0.0	823.7425176944861	754.5074797822856	0.0	840.7892578253399	932.0735738497345	0.0	414.76788741745077	544.1370572089132	0.0	353.5106056792248	791.3003630725249	0.0	356.3408077836396	809.6422164712235	0.0
6	0.20051546391752578	589.1377785516014	950.8145702031034	0.0	682.809197588675	987.028803347417	0.0	688.328139805746	1291.4507272081942	0.0	660.9906027615845	1626.7762299696465	0.0	671.2592352706678	1682.5657314130785	0.0	713.6806103490787	1689.0740685612195	0.0	651.1313905146025	1684.7310127984533	0.0	504.0709626315736	985.8470242194942	0.0	511.95224944793415	1298.8571809282166	0.0	526.9430355848801	1623.6108794565323	0.0	564.1540785199337	1734.9854063134446	0.0	505.51280853872197	1735.4342087309556	0.0	522.2418942761656	1685.9273975945134	0.0	544.6791854008537	498.3948539967381	0.0	516.3887840828958	415.327363506824	0.0	493.6450461086888	500.0000818529486	0.0	710.1640931439103	529.8188482445853	0.0	821.2649037120166	751.2068115124403	0.0	840.2983999018256	933.0808254169775	0.0	413.6438244455146	548.2489821238521	0.0	353.5436168760736	799.4416424576638	0.0	356.5363812288406	812.8631257442389	0.0
7	0.23393470790378007	590.14156579246	945.9011732740231	0.0	683.8515058977584	979.0341206859288	0.0	683.6979443615942	1286.791694801282	0.0	663.155777563714	1624.480781134591	0.0	657.1787616378219	1662.823845484793	0.0	707.3584293061009	1672.3118034212862	0.0	656.8037955316971	1683.4902693284866	0.0	504.9644720324385	978.9113977733201	0.0	513.8131341156738	1293.9416052407628	0.0	525.7310090972798	1621.6396886504883	0.0	564.0575199174257	1729.1454914053886	0.0	501.8342912685644	1726.919180856704	0.0	521.9512215349203	1685.4616314885598	0.0	544.6099822603067	504.92770844636436	0.0	506.9554710797995	417.03795223369565	0.0	488.99752293667296	502.7501145881418	0.0	709.6550582478073	532.7626631451545	0.0	819.8844462700245	750.4949001770171	0.0	840.8657417425458	935.2637512959848	0.0	413.1132650803348	550.2355084237163	0.0	353.65532544779745	802.7485079909051	0.0	357.0245558642708	817.2911615289315	0.0
8	0.26735395189003436	592.635239573143	941.5077786660645	0.0	685.7459992788224	969.2685815045148	0.0	679.1495425600178	1284.8990191260334	0.0	662.7669530931589	1617.7887201052845	0.0	641.9620410564472	1647.1729747314844	0.0	698.5253334641212	1660.1996141472089	0.0	658.3419614065872	1676.5818754038928	0.0	507.4747411386436	972.7643497074446	0.0	515.1348889701446	1281.211537782772	0.0	524.3281571970214	1623.6123411609717	0.0	562.1594740348187	1710.192427544763	0.0	498.57569662713246	1716.904288061761	0.0	525.7884783831108	1694.1499716218145	0.0	546.0763021851017	515.1333109768632	0.0	495.3340956796721	418.65711223867197	0.0	486.71396397504736	503.58963883925395	0.0	709.9801354237866	535.57312559053	0.0	818.7798211442794	751.0669442113879	0.0	841.9611078923334	937.0012983459358	0.0	412.48876094140996	552.1648755895457	0.0	354.09752563348735	802.7825388814022	0.0	359.38730514914687	819.4154334672365	0.0
9	0.30077319587628865	594.6119599561949	941.1695104754704	0.0	686.9085651321452	966.7318828769301	0.0	674.4528897714456	1283.0037200125082	0.0	659.300732641821	1606.9103821028764	0.0	628.5752166393696	1630.4913399897514	0.0	688.0215228307738	1647.3692026265846	0.0	655.4107619798083	1664.581579285524	0.0	511.10385941036094	970.4675203598587	0.0	515.640061662926	1264.7433101889694	0.0	523.4579750076284	1594.6081902199592	0.0	561.4161462226339	1688.4219708264702	0.0	498.9023823178289	1705.1742682428733	0.0	530.4489045869569	1660.0572524135027	0.0	546.6812833230331	523.2700578238245	0.0	483.7676269661043	421.14598678884994	0.0	484.0750602361206	505.59396656779	0.0	710.0962801198864	537.6197559885974	0.0	816.9936850056201	749.9741009844196	0.0	842.6342998236973	937.1982329876978	0.0	412.06999464343903	555.7019428153116	0.0	354.9780201671653	803.2192810383108	0.0	365.3861665165298	817.9052468836311	0.0
10	0.33419243986254293	595.6813309990703	942.5368908709175	0.0	687.6247567695567	970.3185117923541	0.0	669.9875231836459	1279.8596268852725	0.0	653.4250767477373	1595.385307181307	0.0	621.2793933856959	1614.288443266353	0.0	679.4105301753995	1632.3481066957036	0.0	648.4737739969328	1651.9478854109375	0.0	514.192217105217	970.5074119481535	0.0	515.843368765576	1254.4106989780746	0.0	523.2335292349936	1499.0008381242228	0.0	558.9345833524822	1678.063008908867	0.0	500.85276228754356	1699.194628592973	0.0	533.1968584137796	1544.3541990972556	0.0	545.4826470818701	527.5927964796787	0.0	470.24877818625265	424.1601932635667	0.0	476.81677427375985	511.56500579347284	0.0	709.6527198273359	540.0650218674388	0.0	814.9805784476982	746.0814052612083	0.0	842.6755099979746	936.1989058860614	0.0	412.42482655532115	559.4676035521492	0.0	356.6971367757559	804.2511444007102	0.0	374.0619121655211	815.307131825636	0.0
11	0.3676116838487972	597.1347607302325	942.9549293870714	0.0	689.4835708440498	974.2333408455358	0.0	666.4780530805648	1277.7108546640584	0.0	647.1426441339474	1587.8873157595979	0.0	620.065472062581	1604.7750712722425	0.0	674.5401853906468	1620.2729221700301	0.0	640.2860041575783	1643.2622639158421	0.0	516.4054785254007	971.0349641101013	0.0	516.1461463984693	1252.5292823617654	0.0	522.9872646799274	1368.9358227522343	0.0	549.1138313738585	1680.932229467381	0.0	500.2811064933392	1703.5608455010095	0.0	534.2848920132518	1389.8136441310344	0.0	543.5889744224698	528.9992192912682	0.0	453.6889389182171	427.38948072501427	0.0	464.5923653773721	521.4056613266389	0.0	708.5922792500163	543.5479175958943	0.0	813.8648024318347	741.919194148124	0.0	842.5217933592165	935.2700735142287	0.0	414.17527547519165	561.8409551955891	0.0	359.96863307552485	804.5258981135843	0.0	381.1755863511194	813.9165690232101	0.0
12	0.40103092783505156	599.451858212639	942.7417646449344	0.0	692.1920920953838	975.390797788982	0.0	664.0978324206757	1277.6343854388883	0.0	643.0339489377309	1585.0796653104421	0.0	620.3351630097485	1602.3919332303435	0.0	672.4056708816644	1615.2727812524877	0.0	635.2362647111573	1639.021621353227	0.0	518.9544684870934	971.2682449766211	0.0	516.2426864606697	1252.2893052222325	0.0	522.2867872546911	1280.3247941262441	0.0	536.0611642695116	1679.4101685390383	0.0	496.29806270809115	1704.1142482643388	0.0	534.6937078462632	1288.3233160306615	0.0	542.2159514018086	529.1651298275652	0.0	439.40822681850455	431.2181666341494	0.0	453.14465351584187	531.1743032774361	0.0	706.9992398717653	547.2550849001342	0.0	813.9536528974912	740.2948145908621	0.0	842.5973545316133	935.0154049968803	0.0	417.6678668145822	562.7426871109433	0.0	365.5017647157066	802.765770472298	0.0	383.64017379298224	812.6194017988207	0.0
13	0.43445017182130585	602.5343541087996	942.5403206534811	0.0	693.943216649603	973.8609644476265	0.0	662.5568546595407	1277.9576769705193	0.0	642.069098154541	1583.6692185664717	0.0	619.2704042155339	1602.538179103426	0.0	671.5118167001386	1616.0372199482365	0.0	635.5291391124823	1636.6673665796761	0.0	522.5720070770088	970.2454574032806	0.0	516.392955825559	1250.1804616971854	0.0	522.1225632348683	1258.1848817084067	0.0	531.2030084777148	1638.0591742073518	0.0	492.42485902245113	1663.4717412882003	0.0	535.1116408009043	1265.2421149748882	0.0	541.2407601262574	529.4337670617455	0.0	431.60723338576844	435.38294893156626	0.0	446.9059038762995	537.6802274688704	0.0	705.6337246605666	550.4746482661571	0.0	814.8369692779623	740.3993015478843	0.0	843.1173390725563	934.7118477333883	0.0	422.2895050879737	561.9314586798771	0.0	373.5265522488986	798.6653550673676	0.0	383.9277580629401	809.8028913304331	0.0
14	0.46786941580756014	606.3071707930035	941.4649451084965	0.0	694.8646191406823	969.9187863577725	0.0	661.7192700355248	1277.3681974848564	0.0	642.7209067611699	1582.2398215180012	0.0	617.8626012041095	1604.1466930862052	0.0	671.210330884931	1620.3294998526376	0.0	638.7883269334039	1634.9387453077163	0.0	526.5255416480352	967.01427133617	0.0	517.5386671492421	1249.242116677868	0.0	523.1975882251683	1265.088266878369	0.0	535.4337402853604	1528.8943435045403	0.0	491.4704413751546	1548.5070513210956	0.0	536.9880152692504	1269.9567743386738	0.0	540.3667424132044	530.0148758195874	0.0	426.3495095380193	438.4290114101801	0.0	443.8078782645173	541.1004728897345	0.0	705.0435138200746	552.9908464057265	0.0	816.0042764475811	739.1377860900939	0.0	844.1497063440913	933.0290095980598	0.0	427.47685028476786	558.6372414229843	0.0	383.1499122910171	794.0841272103995	0.0	386.4020479054641	805.7849348972824	0.0
15	0.5012886597938144	609.9114074086405	938.7322598990022	0.0	696.47294595543	964.0926531972882	0.0	661.4801738751343	1276.2892611224127	0.0	643.2021852026116	1582.2224633351684	0.0	616.9448283749772	1606.5414471196327	0.0	671.0082849135188	1625.1548686470944	0.0	640.9583369678796	1634.2253518508458	0.0	529.8568376988006	961.6943481808945	0.0	519.5892486840597	1249.2446527207157	0.0	524.5744458259127	1265.422766192095	0.0	540.0684776156996	1383.7359347709234	0.0	492.7397242691103	1391.8813384628652	0.0	541.266446403408	1261.162139330232	0.0	540.6050226700926	530.6395740785763	0.0	419.56342772320465	439.54649424908666	0.0	439.90317182412883	542.6942355223925	0.0	705.2851328458394	555.1844811404042	0.0	817.3178517167648	735.5216256706744	0.0	845.5355921753522	929.3610630129413	0.0	433.84909012709164	553.7793307338839	0.0	392.0277375534455	790.6648723879564	0.0	392.08224763625435	801.2120573114561	0.0
16	0.5347079037800687	612.1908485114387	935.7334270897791	0.0	698.3051266598746	959.8063507341149	0.0	661.4885930466272	1275.4958912391096	0.0	643.191991868121	1582.8274896767964	0.0	616.1272911191986	1606.659986561925	0.0	670.3482070519559	1626.4554111029631	0.0	640.7226717561663	1633.067878393651	0.0	532.1977225490889	956.3773229387696	0.0	521.6612025117457	1244.5995027175807	0.0	526.4114006047951	1253.099507111033	0.0	541.2176839766721	1277.7443744695008	0.0	495.27427325218486	1278.698179119442	0.0	547.0394262613618	1237.819647617974	0.0	542.3867923281825	530.9178068412768	0.0	413.96693483407944	439.4363929378949	0.0	435.2879618428624	542.7145212033535	0.0	706.4961069877884	558.0511584400906	0.0	819.1307967939005	731.4018933450019	0.0	846.7065334498889	923.9642409020797	0.0	441.59367793245144	549.5495410267683	0.0	399.0954382783588	784.6411837894623	0.0	399.303046073914	796.1658268093918	0.0
17	0.568127147766323	612.9207399700941	933.9956372108904	0.0	698.5950045137647	960.2926912347805	0.0	661.4626050901853	1275.4667045881415	0.0	643.1323577961547	1581.3616178897132	0.0	616.082718190221	1603.8389393619555	0.0	670.0903660018233	1623.541283488352	0.0	639.7414127918138	1629.244832264754	0.0	533.5246033128897	953.5825639554031	0.0	523.4867766718397	1236.5087350849055	0.0	529.7179545244068	1238.3743200623742	0.0	540.4859062045205	1239.1787838512887	0.0	498.91175701121574	1245.077892143129	0.0	552.1788345478792	1214.0379195179307	0.0	544.0631529796394	529.8054269835953	0.0	413.61921968236044	438.94968296072426	0.0	432.7648796236617	541.281018497041	0.0	708.1337273192306	561.5699539275826	0.0	821.4977278781505	728.2441337981891	0.0	847.3894866520383	917.8220650997918	0.0	449.28694382641504	545.9634942567473	0.0	406.9675290621496	767.7379193117516	0.0	405.80474356699773	791.4292432000702	0.0
18	0.6015463917525773	613.0525927376151	932.2676356037109	0.0	697.7038772882215	962.4157487845328	0.0	661.5142579192262	1276.0953140834051	0.0	643.1393625227681	1578.8740059526133	0.0	617.4476785139148	1599.9860307874703	0.0	670.9330879796266	1619.0633775994916	0.0	639.425947906549	1624.0060869411357	0.0	534.3653206094764	952.4729872425348	0.0	524.8431600951277	1232.7511155213044	0.0	532.8345176857002	1231.0857922484215	0.0	538.4215373122198	1235.1908744023378	0.0	501.7685732876894	1255.0122335820608	0.0	554.6282569107344	1200.8137076026912	0.0	544.9250452138001	527.3072512835619	0.0	416.7684951124236	438.22211753872625	0.0	433.0090619227981	540.4518210740451	0.0	709.1285627404098	564.0375183458052	0.0	823.9464237331708	725.0238555248703	0.0	848.2968613039318	913.0680200659205	0.0	455.5620003243759	541.1163193410717	0.0	417.9203872099985	738.3935941624367	0.0	410.2201676321295	787.2772006623584	0.0
19	0.6349656357388316	614.00622928771	928.8486066454781	0.0	697.724963632328	960.2196228194329	0.0	661.8060749461017	1276.6392108044042	0.0	642.8294948944889	1578.862755011406	0.0	618.6084074470557	1597.5545604248073	0.0	671.2552521554297	1616.19861115705	0.0	639.356292575193	1620.6532406604451	0.0	535.7216225657103	949.4679181481733	0.0	525.4616080561516	1233.2218377653662	0.0	534.2936786912371	1232.851970480066	0.0	535.4985257512944	1234.8845218497593	0.0	502.1727294140316	1268.1314661085428	0.0	555.0996735838742	1204.8815735513256	0.0	546.4366222015743	525.8661682672606	0.0	417.72690238461837	437.09755098990104	0.0	434.223325311161	541.7782653842	0.0	709.1659281786068	564.4203044903982	0.0	826.458777172183	720.8066668220822	0.0	849.9647161800913	911.2866772433355	0.0	460.64139979430047	535.0650430579927	0.0	429.929642447265	706.1243410590475	0.0	413.75025757755003	782.1175187936894	0.0
20	0.6683848797250859	616.0780683903018	924.8772691571661	0.0	698.850613495192	954.3682932053587	0.0	662.1538823860983	1276.651846438745	0.0	642.2309884335144	1580.9283378455111	0.0	617.8125553874011	1598.3459944279414	0.0	670.113684793333	1617.256080620416	0.0	638.9156045952927	1620.4694761392136	0.0	538.0411538138825	943.7697460417555	0.0	525.9030263750283	1230.1904452794022	0.0	536.0381565913846	1238.5122823872935	0.0	535.6656299716099	1235.9869344496349	0.0	503.01452375597563	1274.3672362376649	0.0	556.649809849735	1223.7101171440636	0.0	548.9322380639761	526.4289281250454	0.0	415.4969048069469	435.7688651191014	0.0	435.1018395484735	542.3811610253041	0.0	708.7419704976851	564.0906992859278	0.0	829.3754165507434	717.8197465392486	0.0	851.2020745003929	911.6146385727438	0.0	465.84757235654916	529.9545231428999	0.0	440.12324920088906	681.1253006425508	0.0	419.7163962013931	775.1145760892255	0.0
21	0.7018041237113402	618.1325778478633	922.5587699286302	0.0	699.3826025516055	950.4070944658815	0.0	662.195442529164	1276.1886829620123	0.0	642.1159580838998	1581.9795084865934	0.0	615.0700086375464	1601.5897305675774	0.0	667.7527571075578	1621.5940731447592	0.0	638.6069159325552	1622.3253395239742	0.0	540.7006935236403	938.5055694107008	0.0	526.7630617068404	1222.037039166953	0.0	539.2357252288729	1241.0302839813069	0.0	541.2959207549206	1244.2779396181359	0.0	507.839440138479	1277.4898059918626	0.0	560.1510598539692	1242.7216143315813	0.0	551.2602515488311	527.1663982589522	0.0	413.9424586800406	434.7946243610011	0.0	435.60578602876734	540.2223026129739	0.0	708.7692485262313	564.9435611055933	0.0	832.2518400579064	718.4364304169115	0.0	849.9520126131788	912.0151774653758	0.0	471.93159268227487	527.1190445462566	0.0	448.5100778900441	668.0677014084768	0.0	429.18949927601585	768.1155053355126	0.0
22	0.7352233676975944	619.5175239504198	921.6929204348874	0.0	699.0454596110286	949.8084752573978	0.0	661.8578787819157	1275.8099173973096	0.0	642.5603567769871	1581.4098209220952	0.0	610.8523405441192	1604.6778075574034	0.0	663.1583440997059	1626.4777525487477	0.0	638.9322885351477	1623.7735292274783	0.0	542.8197958890723	936.0204764900257	0.0	527.8442546524979	1215.341251362968	0.0	542.2444772491847	1237.5517504750728	0.0	547.6762038900666	1254.9121451680423	0.0	514.620847591001	1278.3197777014902	0.0	563.6139551847244	1250.9871326099938	0.0	553.3176893622436	527.6069886136378	0.0	414.1036977751988	434.4201343041989	0.0	436.6038947787482	539.1772734728421	0.0	709.5111849048758	566.6538856546993	0.0	834.1046805975723	721.2681073451877	0.0	846.0506351693714	911.3743362306154	0.0	477.99009122269393	526.2718393611506	0.0	456.4222417644599	665.7730890079768	0.0	438.51591647066874	764.0721854988095	0.0
23	0.7686426116838487	620.6521799647611	920.9247336764379	0.0	698.9032196630912	950.2779799466165	0.0	661.6789211305511	1276.687920370354	0.0	642.656270225683	1580.5111078375746	0.0	605.8211188748262	1606.4691258789228	0.0	656.5627121314815	1630.4313085803633	0.0	639.6133861044345	1623.242373317845	0.0	544.1550459272871	935.7445076810586	0.0	529.0030474605121	1213.8299802893303	0.0	544.2766322219661	1232.2932188259724	0.0	550.2263581968423	1260.0567780505355	0.0	519.0626838693946	1276.3078910658212	0.0	565.3134672049107	1251.3098404542711	0.0	555.3401292870806	528.4367481702756	0.0	414.4905556314499	434.2283776403629	0.0	439.2526802418636	541.3545168293173	0.0	709.4683669416129	567.3018929027016	0.0	834.5905259239717	723.9212080894265	0.0	841.8442705347035	910.0080672509395	0.0	482.4749929420312	525.7891344579159	0.0	464.5218161722366	666.7293643011245	0.0	444.6636649871563	763.742077033215	0.0
24	0.8020618556701031	621.7297909744727	920.7703758791025	0.0	698.9712385886005	950.6627349504975	0.0	662.2117346966592	1278.7179245021557	0.0	642.2168280161588	1579.785641689007	0.0	601.7462473653911	1607.9233391463185	0.0	651.2469545972313	1632.4726175627393	0.0	640.3808922479058	1621.8062240063682	0.0	545.0208094809011	936.1610937087311	0.0	530.7748887915585	1213.6172294791581	0.0	546.571919126544	1230.592447917965	0.0	552.0372667063183	1260.1591822014577	0.0	520.4084592693781	1272.9889940178598	0.0	565.5326082272263	1250.2664058694666	0.0	556.4780367080157	529.2732369506856	0.0	415.00724911396765	433.845582913447	0.0	442.84103174490707	542.8967304881346	0.0	707.2740714518324	566.4763307167112	0.0	833.8377472681703	727.0576825443138	0.0	839.3340107662358	908.7845343960587	0.0	485.14915350884	524.3125935652529	0.0	472.33887153713033	665.5610214004236	0.0	449.54459419996965	765.0655718389517	0.0
25	0.8354810996563574	622.482230893487	921.6899256587318	0.0	698.9439230840932	950.5741408030974	0.0	663.0312335757562	1279.6960105792766	0.0	642.0712417047406	1578.959904635975	0.0	600.2688461438808	1608.9076646844233	0.0	650.2717627389302	1631.542863005746	0.0	641.0709433457122	1621.0041166849178	0.0	545.9080417075002	936.3814429610475	0.0	533.4690948800409	1209.7950226703072	0.0	549.650881635172	1231.8910383576297	0.0	556.8631269121349	1258.440863478113	0.0	520.6709947020775	1270.629482696782	0.0	565.8451965241268	1250.0171177248117	0.0	556.0952636984457	529.6450356900813	0.0	415.9106728945803	433.6407429239208	0.0	445.2881748738101	541.8560695383359	0.0	703.8228891138389	565.6023591954087	0.0	831.8450066104668	731.9396542275774	0.0	838.1167067011887	908.2210818056326	0.0	486.8476623079907	523.1522177923856	0.0	478.57964846829867	664.7879215704265	0.0	455.3661424236544	766.9545494210817	0.0
26	0.8689003436426117	623.1521274152226	922.0839314066501	0.0	699.6030384711962	949.1201725514559	0.0	663.156773345185	1278.2064093960055	0.0	642.4321261507463	1578.3101582180486	0.0	600.6363840873021	1608.1449332946045	0.0	652.3240374582075	1628.9732613595304	0.0	641.4245892656138	1621.0599413027828	0.0	547.1892942080535	936.1901348568495	0.0	536.4455038357846	1203.195943995596	0.0	551.9878400623255	1233.1749188197805	0.0	561.416406355842	1257.645720607895	0.0	520.6624438867119	1274.64252391758	0.0	567.01870643163	1250.7635223601792	0.0	555.0943159377952	529.7425264558059	0.0	416.89234498348895	433.9958550050294	0.0	446.24763370022254	540.8331710345191	0.0	700.9841528067766	565.3624478922085	0.0	829.4425727473068	737.1089730201896	0.0	837.058995928379	908.7929597454441	0.0	487.84451905854917	524.0879165751079	0.0	482.2877282982514	666.7222873342772	0.0	460.65774930320913	769.4075657329143	0.0
27	0.902319587628866	624.8576085131378	920.8865436319601	0.0	701.3445686210981	946.397971087749	0.0	662.7222290366075	1275.3315544297627	0.0	642.4193626332302	1578.4640017785237	0.0	600.590138139527	1606.1678480856115	0.0	651.0963522692615	1626.895572706207	0.0	641.7556773910662	1621.4222305296419	0.0	549.0525625267888	935.5271670520586	0.0	538.8654883111515	1198.3969005313756	0.0	552.7807359022958	1234.6740875921532	0.0	562.4727516720067	1262.8570197617912	0.0	520.246226777005	1289.322149483303	0.0	568.7580260217189	1252.989418202373	0.0	554.959760641118	529.9556079182374	0.0	417.58945039851466	434.57742811505943	0.0	447.146312059522	541.3171937343964	0.0	699.7097296918157	565.3370478933233	0.0	828.2120070175	740.9392735187503	0.0	835.6144241848376	910.8778874032107	0.0	488.193539568299	525.4912919164932	0.0	484.06266957064844	669.1675782855048	0.0	464.0618666031947	769.9195910428673	0.0
28	0.9357388316151203	628.0496165886401	918.7263709091922	0.0	703.0124676614948	943.9186945250896	0.0	663.2155018968409	1272.9784179957571	0.0	641.8514129330479	1578.9575604523975	0.0	598.5519860849734	1605.2710818481269	0.0	641.915516090822	1626.062653506567	0.0	642.8160039030264	1621.5403816995981	0.0	551.7417543379057	934.2861640379252	0.0	540.6089006917946	1197.053642494889	0.0	554.185358947335	1237.4120398315779	0.0	563.8102554622279	1275.0250243171304	0.0	521.4490825531287	1304.7135794323913	0.0	571.1549656374156	1256.0085841297991	0.0	555.9621300489229	530.4716981676696	0.0	417.8068544747915	434.9709438628496	0.0	448.87880465714983	541.6103578444634	0.0	699.7132528870115	565.6519141778934	0.0	828.268898793491	743.5812982844121	0.0	832.9294377435077	913.1319679076935	0.0	488.55222739927916	524.9329658379468	0.0	486.47072728799816	670.1900844768942	0.0	467.3173870355858	766.7019769752565	0.0
29	0.9691580756013746	631.1880884387674	916.3528643541173	0.0	703.9179675120105	942.4422688243741	0.0	665.2827764001189	1271.7291300312527	0.0	641.7787608598042	1578.8677404620703	0.0	594.2124796849627	1607.5445927695805	0.0	628.614515329386	1626.8657206716798	0.0	644.4645754459549	1621.7141441075962	0.0	554.9064332268911	932.533452173554	0.0	542.4619470628847	1197.2446893261535	0.0	557.8625131717771	1240.250671243666	0.0	568.5387406138988	1286.6988789001618	0.0	525.5639220625831	1306.848079440272	0.0	574.188155866973	1258.0502394122914	0.0	557.3625210457271	531.5787927581887	0.0	417.7428500846548	435.02931504751774	0.0	450.6085158802775	540.4258040528474	0.0	700.0768494801928	566.6083524359756	0.0	828.3478056793286	745.0794959883183	0.0	829.2518877501353	913.4345389137959	0.0	489.13126958738025	523.717894183619	0.0	490.99369545112205	671.2455061010345	0.0	472.5059297838535	763.0894060754471	0.0
30	1.0025773195876289	632.6826491525414	914.4505371752148	0.0	705.6895542976986	941.4530225227966	0.0	667.6193930921047	1270.8507218263778	0.0	642.1115588950811	1578.3910452794191	0.0	588.1523062341173	1613.3993741354898	0.0	618.5088005838982	1628.6910305305935	0.0	645.3596929536226	1622.5687010099102	0.0	557.5540424917765	930.7529483278997	0.0	545.3536749771166	1197.527438397227	0.0	561.9365213559088	1242.3719052748374	0.0	573.2114475042919	1290.9645372874081	0.0	529.5484564284106	1299.5145992781108	0.0	576.8013802050392	1258.352906638433	0.0	558.749249354482	533.977800265397	0.0	417.6289590962715	434.8569880427643	0.0	450.961256852367	540.1493375795276	0.0	700.2172623565689	567.4391438993562	0.0	827.9764329619127	745.2024082524657	0.0	826.6135058813755	912.4548292766787	0.0	489.411326311655	524.553106823655	0.0	495.3419404442845	675.0255657608443	0.0	479.47800179467225	762.5773743785576	0.0
31	1.035996563573883	632.8811068997964	913.6589355221001	0.0	709.2885436239933	940.7614706098574	0.0	668.927813316871	1270.3469797667788	0.0	641.2226113548733	1578.6521755388662	0.0	580.7085278808669	1620.8629546504974	0.0	612.4158450287297	1630.2012083899128	0.0	644.2126202476752	1624.4874305941478	0.0	559.6675749723711	929.5862784814923	0.0	548.8522862025602	1198.271083831203	0.0	563.9580262495092	1244.2691189991276	0.0	574.4322653444514	1288.717426342903	0.0	530.5875025856052	1294.4566284110642	0.0	578.0529043966712	1257.4123922222311	0.0	560.0256445542074	537.4787991197696	0.0	417.40503747588605	435.2225016028121	0.0	450.21761608470473	543.6333658320171	0.0	700.0512316040708	567.2515259362305	0.0	827.3285835913325	744.5009290241685	0.0	825.7040333026147	912.5538047598146	0.0	489.408948896761	527.0729119134962	0.0	497.72872894825537	681.222660269949	0.0	486.2834786985012	764.0526594617189	0.0
32	1.0694158075601374	633.2299456031636	913.5548322477382	0.0	712.1050420703386	940.489218039268	0.0	669.5930982519136	1270.6473765383023	0.0	639.100473564129	1580.1640858600979	0.0	573.1621316251783	1625.9297995826287	0.0	606.6544468755379	1631.8410056049167	0.0	641.4773609671481	1627.5312739130811	0.0	561.9250359009648	929.1266734531591	0.0	551.2324894623553	1199.4586467665788	0.0	563.8568227042075	1245.8541594081603	0.0	573.7432117624652	1285.8235024754113	0.0	530.16562789147	1294.7875706244242	0.0	578.1571925984966	1257.1443234473359	0.0	560.9175153211286	540.1983835035495	0.0	417.21660641045685	436.73082665572946	0.0	450.0740177355902	548.7209281773165	0.0	699.2620153587413	566.2814849312693	0.0	826.2060226071318	743.611739519463	0.0	825.503202091265	914.1200925659609	0.0	489.5252646011916	528.5207151224681	0.0	500.4264464408884	686.2041246664793	0.0	491.1850470850478	764.6656059624195	0.0
33	1.1028350515463918	635.0309074769089	913.0083414427331	0.0	712.45197277132	940.378337767974	0.0	670.6799749995552	1270.7364940891193	0.0	637.7343583343293	1582.0259635303967	0.0	567.7158919638573	1627.2717985593454	0.0	600.226457266656	1634.9604227586422	0.0	639.5133822623118	1630.7636564829563	0.0	564.3109906810583	929.1515473799942	0.0	551.7226363371308	1199.7975722636986	0.0	563.3870380674139	1247.0877219577212	0.0	573.2395773854186	1286.5239830447956	0.0	530.6947185141236	1298.701176932784	0.0	577.7422588814563	1260.2992986621664	0.0	561.1022733756779	540.6491713874401	0.0	417.95084532905247	438.5915441557534	0.0	451.3276532345019	551.2410511636501	0.0	697.8102590089513	565.3661650925305	0.0	824.897118530342	742.886400507705	0.0	825.4004698317874	915.6394068270617	0.0	490.10859674308745	527.3928627851882	0.0	505.5869303611029	686.076909257534	0.0	494.4273104809431	763.2654524129408	0.0
34	1.136254295532646	638.6729980132687	911.7452270550498	0.0	713.2251241676614	940.2355048837871	0.0	672.2956898289196	1269.990116479252	0.0	637.9993132273573	1583.0970530661684	0.0	564.1026532128751	1629.0506605093524	0.0	594.8357212935002	1639.0522332440144	0.0	639.4321268588765	1633.231252968569	0.0	566.595083371938	929.9044643570456	0.0	551.2687542112739	1199.5958072440897	0.0	564.5381780450308	1247.0790159666033	0.0	569.8898850591512	1289.0879777903754	0.0	531.094129333907	1301.6860979575831	0.0	577.022059939166	1265.217225756082	0.0	560.9037565050038	539.1522869000521	0.0	420.509062330903	440.088932725773	0.0	453.0740762754193	551.3671772061022	0.0	697.4578715098677	565.1045247680407	0.0	824.5074259554012	743.1030912652667	0.0	825.535802438473	915.7734860181196	0.0	492.45073267349517	525.5570054639311	0.0	511.8683855460171	681.2651578748297	0.0	497.2953568588528	761.101339778743	0.0
35	1.1696735395189004	643.1233277249981	910.3724064239125	0.0	716.6020804703292	940.6259890036207	0.0	673.8430453969542	1269.706082768969	0.0	639.3282511746994	1583.1473928858397	0.0	561.1761356175634	1633.1060758427311	0.0	592.3622184006504	1641.9177464618333	0.0	639.919776773722	1634.6657896898785	0.0	568.573852108545	931.5785546218754	0.0	550.5590867894497	1200.349094159219	0.0	566.9424077263973	1243.2612357468674	0.0	560.461742268911	1287.4707930127906	0.0	529.0745256434681	1295.7943357323093	0.0	576.3300614383871	1267.3317924783532	0.0	561.4104597846405	536.3947168448966	0.0	424.5099011469572	441.80334158528194	0.0	454.4631530155281	552.0128161984422	0.0	700.3059571132417	565.6127485124438	0.0	825.6804670914262	744.9262158221043	0.0	826.4127174491108	915.0734568659207	0.0	497.77865995709556	526.0245438160925	0.0	517.037653278552	679.5098837852272	0.0	500.50121531311606	760.0839003339431	0.0
36	1.2030927835051546	646.4961898883769	909.3873902401193	0.0	719.8726860743149	943.4710624379406	0.0	675.1883316499807	1270.870797566782	0.0	641.087154690692	1582.8284569445568	0.0	559.3730913752609	1635.9485982992585	0.0	591.6017571911582	1642.07642000196	0.0	640.9112231802824	1634.4959920817992	0.0	569.6556264863467	934.139840908646	0.0	549.419374784144	1200.917777605384	0.0	566.8945137885316	1236.558309058413	0.0	551.2370033766964	1278.0618703479072	0.0	525.8374980425432	1278.9362867289956	0.0	575.9911949430658	1267.1815944059463	0.0	562.750755270961	532.6317576645793	0.0	429.0463191817068	443.73969576901777	0.0	455.8965242642815	553.8732640633201	0.0	705.794255423767	566.8779397413376	0.0	827.8441534134914	747.5824638825309	0.0	827.5422427735373	914.980177435841	0.0	504.11090238010604	528.4103122150015	0.0	520.3755102555252	686.3672806595206	0.0	504.39955620069634	760.3536288201414	0.0
37	1.236512027491409	648.0834468523176	908.9012725785599	0.0	720.1665179799575	949.5361160734196	0.0	676.6478020718037	1273.2625960773096	0.0	642.4258050467182	1582.9307441578253	0.0	558.5022859972082	1636.9936043021464	0.0	588.5119699228477	1641.20819146783	0.0	643.5056937462718	1632.78952625645	0.0	569.9034951477043	937.5005997923507	0.0	548.2746262383555	1199.3449875283513	0.0	562.7159755083818	1232.6399826883692	0.0	550.2474036505596	1265.6077242690722	0.0	524.1004829113193	1262.7170764857517	0.0	575.2596163944172	1268.1914021994075	0.0	563.7197514350509	528.5697006782665	0.0	433.8601932110459	445.22282661614827	0.0	458.25701856983414	555.3535561234347	0.0	711.5695078345641	568.8330525801935	0.0	829.6434521178786	749.7517592936085	0.0	827.1975453230204	915.703122124691	0.0	507.9014200831529	529.4955329588009	0.0	522.5385721243559	693.1542240553143	0.0	508.4391031173414	760.7850458956015	0.0
38	1.2699312714776632	649.7582379392381	908.7000722895226	0.0	719.7453788270283	954.5594680569798	0.0	678.1391691774178	1276.891806382095	0.0	642.8020770810112	1583.2227967003746	0.0	555.7392170516842	1639.5640134460066	0.0	580.7005453312612	1642.8041215990177	0.0	646.3505948853273	1630.625609635602	0.0	570.9396365454518	939.9001079461699	0.0	547.8281083027923	1196.8976079611587	0.0	558.203010046576	1234.9884912635475	0.0	553.3351383364572	1260.5162904713943	0.0	524.3205677891629	1258.9870440832879	0.0	573.3904882339119	1271.4033395474733	0.0	564.3657057278548	525.8812021396408	0.0	438.18599412725433	446.6683396303338	0.0	461.72508034461146	556.0867666759824	0.0	715.80318442333	570.7267255736255	0.0	830.2860531327309	750.9981862560238	0.0	825.6277953559743	916.9807461396106	0.0	508.9600257286113	528.2730510303478	0.0	524.635487359746	688.3074046026219	0.0	510.96194563601694	760.8671683416254	0.0
39	1.3033505154639176	653.3940400510409	908.6064979937074	0.0	722.376276769401	953.8438246444671	0.0	679.0481391635477	1281.5302936228356	0.0	642.6383874018399	1582.8626654716938	0.0	547.3474368625176	1644.2147667770225	0.0	568.5519747761361	1646.9000962797973	0.0	647.3645365154733	1628.6673479614628	0.0	574.0495324296219	939.0738285807926	0.0	547.6457508961741	1196.0956005355497	0.0	556.3587501417886	1239.9387533419558	0.0	551.3703484361711	1263.4405061301975	0.0	524.8500602141871	1261.2355608925297	0.0	571.1069099142487	1274.5510588863742	0.0	566.3814437145658	525.9310928346974	0.0	440.5905119223938	448.69852590833756	0.0	465.44038140386107	557.8673211912279	0.0	718.3385200705673	572.0186373888442	0.0	830.5900426109446	751.3817138907474	0.0	825.4383786587158	918.907374307226	0.0	509.98674810401	526.5543815429088	0.0	526.4720301763333	677.749923655339	0.0	511.5935531435825	760.9869724652317	0.0
40	1.3367697594501717	657.5562389577362	908.5824111324857	0.0	726.6162912997117	949.3197720491113	0.0	679.0608106113565	1285.1455480913394	0.0	642.5054428413154	1581.7462250265423	0.0	535.5308216865461	1647.6943801688471	0.0	556.4755601352392	1649.1253287766792	0.0	646.9592414054505	1627.0919749363704	0.0	578.1123211094156	935.6393915742757	0.0	546.4649385830686	1196.3779506635678	0.0	555.2805002915084	1238.7947552698504	0.0	544.1282973198804	1255.1957379420635	0.0	523.6194495257282	1252.7991916206042	0.0	569.5321892111854	1269.2564804841975	0.0	570.541153331894	528.3383262954883	0.0	440.864165016231	451.40149298909654	0.0	469.5910404668899	561.2256602420581	0.0	721.3434951206317	573.0963713020358	0.0	831.9632414695277	751.6563777154462	0.0	827.2059249518093	921.4467382226898	0.0	512.9113198052012	525.5341738534404	0.0	526.8866860284213	677.2703643047171	0.0	511.58996967037285	761.3198316768908	0.0
41	1.3701890034364261	659.6270258570813	908.3456341131998	0.0	728.7863843405245	944.8679241179728	0.0	678.6625842049625	1285.8129599296283	0.0	642.4632280882347	1580.3718361183478	0.0	528.4459169838977	1648.1712819734505	0.0	550.8457518233603	1647.5717749610264	0.0	646.4528060861336	1625.4682924718682	0.0	581.1216677999836	931.3231674306552	0.0	543.5504781198798	1195.4566406729123	0.0	552.6809657869561	1226.2518704898564	0.0	537.2069854854332	1216.5062268866257	0.0	520.6465951075447	1224.7021671644827	0.0	569.0667482180874	1246.3879213099074	0.0	575.9080569957895	532.0903296674605	0.0	440.25256498255567	454.8616063051838	0.0	475.2150946628733	563.8116934888161	0.0	726.1647031023632	573.5911643613346	0.0	834.5002316138825	752.9024966578357	0.0	829.0706829970821	923.960501125709	0.0	517.0431698723513	525.2640802008319	0.0	526.1839759450377	688.4852950679174	0.0	511.5457407629832	760.8819230131188	0.0
42	1.4036082474226803	659.6918029963639	907.5475508072717	0.0	729.388525930049	939.8252929169137	0.0	678.6445729290496	1283.9367698317526	0.0	642.3255799377833	1579.4755482564417	0.0	529.398743973253	1648.2048144966134	0.0	552.8577461602574	1646.4265290707006	0.0	645.853094287492	1623.8844768223923	0.0	582.6846226876307	926.6824733432123	0.0	539.4807390522491	1192.4972525066516	0.0	549.4086623547424	1208.885336682264	0.0	532.3991262692134	1159.7121061275952	0.0	518.0351421702603	1184.3106446109841	0.0	569.3066330668322	1213.3272666579733	0.0	581.2466798473656	536.1914175430161	0.0	440.3649605954102	457.82599886108335	0.0	480.75797564087105	563.6407590896939	0.0	730.3777372747792	572.6454346358031	0.0	837.2276821742925	754.3561429364582	0.0	830.5204039767864	925.3298215245994	0.0	520.1394894832246	525.6581722408974	0.0	525.5208948440496	699.5633439960586	0.0	511.67555332936143	758.4536053392891	0.0
43	1.4370274914089347	659.2321009281608	906.0552077504752	0.0	730.2465248207938	933.2125067264666	0.0	679.1596082328123	1281.0775553096303	0.0	641.9930906670406	1579.4805276806785	0.0	535.1573544750822	1648.9561227827826	0.0	560.0374855376351	1647.8320992832787	0.0	644.5118435150677	1623.3976144131718	0.0	583.5272390469853	922.3768817813271	0.0	535.5824370379469	1187.7926696418763	0.0	546.9861272255305	1198.685210107492	0.0	528.3880797070376	1120.0929645260073	0.0	516.3420921859968	1152.7913599165586	0.0	568.40392325129	1192.4730143378124	0.0	586.8886021601996	539.1334193749182	0.0	443.54262157585646	457.9347166271563	0.0	485.0581592361927	561.161845854719	0.0	732.0869333261872	571.1892342605006	0.0	839.7743959489048	754.4182417777243	0.0	832.433166453658	925.5620809888335	0.0	522.2544390913054	525.9160383104718	0.0	524.944094162407	704.3899158361859	0.0	512.4547318567127	754.7137101753156	0.0
44	1.4704467353951889	658.1029528354261	904.2058311622067	0.0	730.2182005295496	928.079420522879	0.0	679.5130876191722	1278.516216462523	0.0	641.6467767612799	1579.8031051326502	0.0	544.0210814644506	1647.2643888736764	0.0	572.6915450830561	1648.0027013091435	0.0	642.7355951251669	1622.7066376206124	0.0	583.5682975850821	919.2034731342908	0.0	532.8146623958942	1182.8753226549802	0.0	544.6104985667304	1197.4863732687224	0.0	525.9255428554815	1111.5280301796165	0.0	514.2471731471976	1141.927432052315	0.0	563.7733638178887	1193.0832409461277	0.0	593.8389326521717	540.2515558337897	0.0	452.6145500840772	455.0019143686724	0.0	491.18737949845917	556.750904160026	0.0	733.5878365738761	571.2553195681288	0.0	842.219989921348	754.212994464428	0.0	834.4115164813252	926.0924875864876	0.0	525.4138331331988	525.3830989634611	0.0	524.43968169261	704.310313041681	0.0	512.7226365151766	751.9448420866302	0.0
45	1.5038659793814433	655.8885178968779	902.9345415854158	0.0	728.2198596854757	927.0830166586959	0.0	679.2130752433351	1276.1963659327082	0.0	641.6641822369062	1579.801582229499	0.0	556.6409284759178	1642.782884564783	0.0	591.7748778865965	1645.7256468517953	0.0	641.6742164118806	1619.8124238373373	0.0	582.1402263296374	917.581956250983	0.0	531.6095433577359	1178.3865821550028	0.0	541.4716459446801	1197.2026332053292	0.0	526.5175347487091	1117.1571895977147	0.0	511.93004450633657	1142.6737272737507	0.0	556.1451054487893	1200.9719135407079	0.0	600.4120728750723	540.1586528770945	0.0	467.23522598246205	451.1077726735674	0.0	501.2776016033595	549.6674846240306	0.0	737.2587422055063	573.259437149492	0.0	844.2242841319754	756.1775378307559	0.0	835.016122734685	927.9182445844197	0.0	528.8815591180636	525.0801218966022	0.0	524.244674589697	700.8905738359608	0.0	510.7765854436323	751.28078812161	0.0
46	1.5372852233676975	653.9525555758497	902.7799595794222	0.0	726.4107853305371	928.2900263723859	0.0	678.4926345432001	1273.5636152026718	0.0	642.1191751162193	1579.8342496635335	0.0	571.4539233938607	1638.4723555705584	0.0	613.6332002558391	1643.561167599741	0.0	641.702856862014	1617.2413172692134	0.0	579.6039510440919	917.298285343317	0.0	532.0307551176492	1172.221262648436	0.0	539.12852325688	1191.1901666498966	0.0	528.3903172143375	1120.4475826431385	0.0	510.64315575505753	1144.4070117703143	0.0	550.158749228887	1199.7246523718875	0.0	604.1432435910147	539.7896250963025	0.0	482.6452764600053	447.2934874134727	0.0	512.56294648237	541.1677905056105	0.0	742.0214005004142	575.4991932176863	0.0	845.3002635657822	759.7807936923529	0.0	834.24883841476	930.2438454039025	0.0	530.2396702223764	526.3492770122298	0.0	522.5665618941508	699.6121529976796	0.0	507.30538511573354	751.9414003018268	0.0
47	1.5707044673539519	653.2112320096876	903.4898989220054	0.0	726.7976780780042	928.9932730917575	0.0	677.8872335909219	1271.0096124867	0.0	642.776221035769	1580.7320455758493	0.0	585.2297643243134	1634.0757178090798	0.0	632.1567965414167	1641.2781134255385	0.0	642.5010669256236	1618.6327059441871	0.0	577.2382411495297	917.4218124315988	0.0	533.430398082657	1164.7982401138154	0.0	538.7350304675861	1179.679935644065	0.0	528.2701925694703	1118.7992543738712	0.0	510.2889726723766	1146.8322556518701	0.0	548.0807151039895	1187.7385000139464	0.0	606.1762000401295	539.7078723250988	0.0	494.4265921996775	443.52033714105914	0.0	521.3413819565839	534.9033725808144	0.0	745.8150463091447	576.1838387183154	0.0	845.2588328328599	762.5389950573464	0.0	833.6579482086821	930.4620355963946	0.0	529.9156445739102	529.0704401019914	0.0	516.9268319645317	706.2038205745544	0.0	503.80041930439927	752.7545858124817	0.0
48	1.6041237113402063	652.6134884756741	905.0035376897612	0.0	727.1767815061179	929.9232237621726	0.0	677.9941199970281	1268.3863452485339	0.0	643.3292963252392	1582.0688039512052	0.0	595.917275705471	1627.3164732792095	0.0	642.9319735150326	1637.3831110136286	0.0	643.8158811810252	1622.2435327995995	0.0	575.9735415481226	917.8008968261189	0.0	534.7744629214919	1159.7808163895888	0.0	539.7896598573358	1168.2721520168373	0.0	527.2441410181368	1111.9722984623322	0.0	511.7782393128821	1149.8097910292013	0.0	547.9871634121379	1173.9749298068743	0.0	609.1745662515914	538.754721795053	0.0	502.6842137170054	440.9305447205516	0.0	527.3281539260655	532.3108182652758	0.0	748.4516627177029	575.1374361749273	0.0	844.7783569657347	763.4762623083033	0.0	833.8021784757069	926.7591564386162	0.0	530.20162571165	531.683165975252	0.0	508.7802452936505	713.6125501346056	0.0	500.2413328303798	753.4360004579713	0.0
49	1.6375429553264604	651.4833697871485	907.1209865898396	0.0	724.752610547232	932.6217131067903	0.0	678.702426672228	1265.8143742716115	0.0	643.4689111985629	1582.0562629284843	0.0	603.2591711752707	1619.3828390935664	0.0	646.012361187296	1633.441980896631	0.0	644.772132551138	1623.5482030915757	0.0	575.4166246482056	919.0091641237447	0.0	535.3624832692799	1157.7857223949632	0.0	542.0266594056245	1161.1777759534762	0.0	529.4629742470663	1098.9566938133848	0.0	517.0188682636942	1147.141619026465	0.0	548.8359068909745	1165.266561203797	0.0	613.3930740846321	535.8437222219997	0.0	510.95275832167613	440.43908926185634	0.0	532.2099769358402	530.9474765255715	0.0	751.210254680358	573.7054081602024	0.0	845.1155220592358	763.0188632323931	0.0	833.7983891712721	921.291310214357	0.0	531.595464400147	532.9044202171701	0.0	502.4138204289492	711.0489421100401	0.0	495.8824912897416	754.6691322813683	0.0
50	1.6709621993127148	650.0719807121217	908.5159704934963	0.0	721.0334775161746	935.0881698594159	0.0	678.9311624775697	1265.0852818878207	0.0	643.2507710577839	1580.3632739499271	0.0	608.6238022083346	1614.3562249895285	0.0	647.9652671127211	1631.9584540962426	0.0	644.3248657144875	1622.2911452565506	0.0	573.7960694343489	920.053177532422	0.0	534.8825080207257	1156.6912985132294	0.0	545.0714458503325	1157.3334674091902	0.0	533.5544212374933	1091.3886271952679	0.0	522.7715071134648	1138.386076727119	0.0	551.2911773501058	1160.4285529416886	0.0	617.1808175794317	533.2610845468189	0.0	521.1850927572222	440.7294735368284	0.0	536.3073238909328	528.2970875301737	0.0	754.589906355358	573.0813919100137	0.0	846.4451877215841	761.6828390252418	0.0	833.1222969414807	917.9038747345953	0.0	531.8259343044006	533.6990439620513	0.0	498.86789368259156	704.4463283615921	0.0	490.73878787136323	756.5641577425523	0.0
51	1.704381443298969	648.1206087005224	907.822851019941	0.0	718.8740961121114	933.5876848688583	0.0	678.1284644609457	1266.0955346580338	0.0	643.0057801857516	1578.6706335125161	0.0	612.5716418679931	1613.296592367141	0.0	653.6098491148532	1632.457000964556	0.0	642.9479443240474	1621.6031689028282	0.0	570.3641163275834	918.8355401706077	0.0	534.0005245462908	1155.8408398142942	0.0	547.6066553896569	1154.382170674147	0.0	533.7143496730067	1108.4828607851662	0.0	523.0197026027113	1133.7065672520923	0.0	554.2783488422898	1155.3063445309695	0.0	619.3791853657193	533.3810412043473	0.0	531.74850102596	440.1221998642047	0.0	540.9385844959506	523.5242038954466	0.0	757.4038975696229	572.8284732017501	0.0	847.5075183617366	760.4261503707011	0.0	831.8467560792155	917.1245587339978	0.0	528.8636976975183	535.5386356152396	0.0	495.65728202727666	705.5116770457873	0.0	485.2321328221544	757.8816791263672	0.0
52	1.7378006872852234	645.360413684328	905.8253757008949	0.0	718.0534182652405	929.3115327217103	0.0	676.9489519482606	1265.7625192810342	0.0	642.8788758057198	1578.0654397985572	0.0	614.1937085929234	1612.9599252553037	0.0	658.7413278488024	1632.9451014620988	0.0	642.1922185441705	1621.6822726032972	0.0	566.9725399895287	916.3356074936512	0.0	534.6050444547327	1155.35423500497	0.0	548.60098408373	1153.313894295098	0.0	530.1126404374484	1146.2262193777472	0.0	518.6760001663432	1139.7351691175563	0.0	555.676721768626	1152.6629472944066	0.0	620.2665082961614	534.3412723830062	0.0	541.3873657131362	438.6333612882109	0.0	549.179065609253	516.8434241190988	0.0	758.8539505264127	571.9326571336621	0.0	847.3624152192937	760.351594301678	0.0	830.1073397310095	917.1260155903686	0.0	524.7420563271868	537.4231244734597	0.0	491.575810306479	712.0026807304656	0.0	478.7107538509231	757.9997336411938	0.0
53	1.7712199312714776	642.3764711586797	905.3435218548883	0.0	716.9124315232283	927.8305822633293	0.0	676.1294982217357	1263.6606900438937	0.0	642.8411981229439	1578.505863396528	0.0	614.0328908833659	1612.0448802117653	0.0	659.5756074430974	1634.0165876214917	0.0	642.0097185993671	1621.0917112852435	0.0	565.0622742913031	916.7484766126015	0.0	537.2508177421532	1154.5110503104845	0.0	548.1389364651908	1157.281574293508	0.0	527.9129396074812	1175.4213240311676	0.0	515.4547153205888	1151.6040857490389	0.0	555.5170735929911	1159.8245247204768	0.0	620.6537758043878	533.3205532983828	0.0	550.9291655299148	437.2489249099718	0.0	559.8505103795145	510.0160945004871	0.0	759.988245091978	570.8316168925635	0.0	846.492378438571	761.5513988266576	0.0	828.2028646385869	918.0185028162	0.0	522.7349755515089	537.7011798881048	0.0	487.3229600957934	718.0257610555639	0.0	471.20751351886327	758.0085206407083	0.0
54	1.804639175257732	640.1638259119762	907.4849895699624	0.0	715.5687871433599	930.3999320138497	0.0	675.6570877120757	1263.9101752548315	0.0	642.8492959992398	1579.6248614752872	0.0	613.68989948307	1613.2627436885641	0.0	660.3200956596922	1637.0897255670911	0.0	640.4836434085229	1621.2757569433738	0.0	563.8614555740472	920.7909933984538	0.0	539.8338649883221	1153.2088316207685	0.0	547.080256366776	1164.6324187594776	0.0	527.9763238729698	1174.02546665397	0.0	514.884485380534	1156.88490831705	0.0	555.2389726914046	1173.726038884181	0.0	620.8650273152582	530.8797479192791	0.0	559.8409987595019	436.0869415339403	0.0	567.9580352796766	505.30315461893287	0.0	761.6275839312048	571.0349577929119	0.0	845.6580672868727	763.8829330934688	0.0	826.510633394416	920.8477194276583	0.0	522.1826585435241	537.4363726026347	0.0	483.36276355283843	723.0193972459983	0.0	464.9552345902923	759.2866981464567	0.0
55	1.8380584192439862	639.2489138397473	909.8764564168272	0.0	715.0780692310324	932.7963589696964	0.0	675.10436138302	1268.0843812958265	0.0	642.9276351878963	1580.5208716576647	0.0	613.7321379599038	1617.4543319758568	0.0	665.2770992324529	1640.580910432096	0.0	637.2788582240535	1622.9528074433638	0.0	562.9065964880749	923.9790238179321	0.0	540.9686320327328	1152.4282795774845	0.0	546.4231564729535	1169.0894160247744	0.0	527.918195029633	1147.622166441097	0.0	514.9353483791684	1150.4508276844683	0.0	555.3417243377902	1183.6018060215156	0.0	620.9644694601349	529.4888357990496	0.0	566.2481941450704	434.42870576749334	0.0	572.4772949338212	502.95765333076326	0.0	762.7557322005306	572.8581311543696	0.0	844.8887626867814	767.3651313536843	0.0	825.3906588201378	924.2801539619843	0.0	520.8430393668651	539.0131328704883	0.0	479.35717205078066	725.0362731311733	0.0	460.33175387557816	763.100262272478	0.0
56	1.8714776632302406	639.0760122382345	910.7469141982355	0.0	714.8598542603023	932.8184084294451	0.0	674.580008443183	1271.9322501649256	0.0	643.1528605734413	1580.5038734740592	0.0	613.975412125748	1622.1097911847655	0.0	671.1245722855512	1642.7380857393734	0.0	634.7990725227822	1623.1537278748642	0.0	562.5693664947718	923.883297961425	0.0	541.70791642458	1152.451148860752	0.0	546.1293974176391	1170.036546316613	0.0	528.174009866004	1143.9700183697084	0.0	514.6671955597074	1163.791304871077	0.0	555.4518937087694	1188.0540299495274	0.0	621.325119059037	530.3067937368751	0.0	571.0733688398951	432.67977467039276	0.0	577.6528384113473	500.7749448076029	0.0	762.5799817324332	574.7065899090916	0.0	844.0908664599948	771.1725042147467	0.0	824.9734918788789	926.1430781332683	0.0	518.9554618270148	542.2471623824039	0.0	474.1207395859722	724.4182789459772	0.0	454.7309360499641	769.4643964418941	0.0
57	1.9048969072164947	638.5131546033599	911.3348134859335	0.0	713.5738852186334	932.1912612023164	0.0	674.7852929173906	1272.261406165919	0.0	643.4463742654436	1580.0431364570227	0.0	614.1113906229027	1625.8634885710098	0.0	672.6737498585856	1644.5820314088728	0.0	634.873744703962	1620.6854603642598	0.0	562.2528762767228	923.3020496934053	0.0	542.7916362302459	1152.8283653560861	0.0	545.2985939910897	1174.7066384385844	0.0	530.6527434596522	1227.225950737212	0.0	514.4831156015713	1245.7276370653246	0.0	555.3068716173678	1194.337077380661	0.0	622.3888719685327	532.7833838033536	0.0	576.491070165317	432.37946256768186	0.0	585.9617011328824	497.78033346509045	0.0	761.9490694355181	575.4569534583005	0.0	843.3187882840092	774.4294875755772	0.0	825.0352172288489	926.3237018757932	0.0	517.5790301206579	544.9567343224604	0.0	467.06647100839996	726.7482743279871	0.0	447.7905262141222	774.3059736042866	0.0
58	1.9383161512027491	637.1982725919705	912.4858525467627	0.0	711.8201551515971	932.1000946953019	0.0	675.5137032042958	1271.1967644054596	0.0	643.4652635774137	1579.9074654696612	0.0	613.6818800155945	1628.266567213823	0.0	671.1136146529667	1646.96146060278	0.0	636.329930132307	1618.5964607410585	0.0	560.8258597000316	924.6755684892769	0.0	543.4793540421546	1153.5272447661475	0.0	544.2262538859859	1187.8553451282182	0.0	535.0109994464141	1378.7308780782769	0.0	514.9691608325078	1375.8790396747847	0.0	554.9973576916472	1204.4218899325163	0.0	623.9756783091577	535.753460800104	0.0	581.8493214853032	433.64828813552174	0.0	594.886594610151	495.9026332582628	0.0	761.7777126513636	576.3734552345728	0.0	842.3509669688609	777.3000213306055	0.0	825.1633966870801	925.8808461250658	0.0	516.2703256358815	546.9793222420872	0.0	459.9194890481504	733.4692032279175	0.0	442.3696588709279	773.688828526464	0.0
59	1.9717353951890033	635.7340361591586	913.2701510406237	0.0	710.8759756248005	931.9238622751533	0.0	675.5493187411263	1271.406427023706	0.0	642.9324184861267	1580.1804245300925	0.0	612.5545067626886	1628.2747616950348	0.0	670.3572580866553	1649.210428231099	0.0	637.02720678486	1618.726647102943	0.0	558.4897586754116	926.7320273464392	0.0	543.3159049889141	1154.7501909637663	0.0	543.9197567130457	1203.7513766846457	0.0	539.2310916260114	1494.0875298222481	0.0	516.2194068268224	1468.0167305876003	0.0	554.5530135941117	1213.1615659544898	0.0	625.3719517253405	538.1968710706383	0.0	585.8837488695312	434.855831317434	0.0	601.9265944425358	495.43193925647194	0.0	762.0247905264433	578.7681216875102	0.0	840.8379106420136	780.3860719418276	0.0	824.7441312420265	925.3297084175057	0.0	514.5346426064261	549.6690189691137	0.0	454.71882852406947	740.0593754035865	0.0	439.7750538984415	770.4567042081693	0.0
60	2.0051546391752577	634.4674614956083	914.2754101992629	0.0	710.0091955878879	932.3012138447623	0.0	674.8261679730009	1272.4264655966206	0.0	642.1048403371412	1580.5216119617546	0.0	611.7417837113761	1627.3422105439388	0.0	670.5704824291662	1650.5749196696993	0.0	636.9520630646552	1619.5198041515414	0.0	556.81304822052	928.8184164425637	0.0	542.9710527240353	1155.7622082650985	0.0	544.2374730937836	1213.0636830470091	0.0	542.2252568202791	1521.1138047126476	0.0	517.5443647566439	1486.8133091352272	0.0	553.8383925996138	1226.155388287192	0.0	625.9656578915369	539.661383684528	0.0	589.409580061267	435.49005401972397	0.0	606.9061145792784	494.541608575555	0.0	762.1849746289444	581.2885946459896	0.0	838.5154425861159	783.4836418355846	0.0	823.1143159954963	924.6477956506878	0.0	512.871768781225	552.439089789825	0.0	451.20841189062867	743.5753877175358	0.0	437.8739572371635	769.2587909706117	0.0
61	2.038573883161512	632.8655277761357	917.075007817801	0.0	708.1358118820564	934.8209436335761	0.0	674.4634441226171	1272.941324473005	0.0	641.5486746241596	1580.7795098765735	0.0	612.4952943245971	1627.2440661858102	0.0	670.4569865759138	1649.4565925173472	0.0	637.2253968831595	1619.4719162638341	0.0	556.2542994031711	932.2952525360894	0.0	543.3276160227385	1154.2199478160537	0.0	544.9458708948671	1214.1092794272727	0.0	544.4300807043975	1499.6461229827169	0.0	517.7281284829287	1471.9864551558321	0.0	553.4139554543941	1261.6853285051318	0.0	625.4306197984054	540.3376499823883	0.0	593.0724097476851	436.556134836527	0.0	609.9674555970587	493.7719053319249	0.0	761.5935747900662	581.8983505158635	0.0	835.1171627230101	785.6584575159031	0.0	820.1431698858163	923.7706933587881	0.0	511.0104966047068	554.0788536394607	0.0	447.7065328893703	744.8770063058269	0.0	434.9401397013252	769.5615881291086	0.0
62	2.071993127147766	630.470850318255	920.4904639140252	0.0	706.0654308296474	937.6845585826187	0.0	674.5843843762393	1272.6622228593762	0.0	641.4324595375429	1580.9772333741041	0.0	614.4728169821298	1625.9870861221498	0.0	670.8873574247425	1644.8116900352475	0.0	637.2211513074199	1618.792422703206	0.0	555.11977026985	935.3901575307639	0.0	544.470664516676	1149.4672181829621	0.0	546.7446736225922	1210.989013346288	0.0	546.2765148770468	1478.1828282687595	0.0	516.1966828902681	1461.0302102283679	0.0	554.7043806712646	1315.1978948711858	0.0	624.1059237607186	541.5396374609622	0.0	595.4187634764801	437.9545957938787	0.0	611.6570961895018	495.3087586472015	0.0	759.8849375569026	581.234466785386	0.0	830.8807160304243	787.3192715212092	0.0	816.7502242323245	922.8510625834612	0.0	507.9701775663097	555.645846545581	0.0	443.21725628792177	745.726294672627	0.0	432.5515373169953	769.1732686294185	0.0
63	2.1054123711340207	627.8246222324673	922.5597127170345	0.0	704.4965556399239	937.5201763898976	0.0	674.3085777060375	1271.5994639272387	0.0	641.502025374661	1580.8281923617624	0.0	616.2576610204537	1623.5061006907738	0.0	672.7193258001616	1639.9208721323037	0.0	635.6893702148144	1618.3487095866103	0.0	552.2978333538781	934.9901563307295	0.0	545.7435877420362	1146.3193992076624	0.0	549.8110620883552	1208.479189356712	0.0	548.5466408310955	1472.4163356497204	0.0	514.7197629700235	1460.5966189328853	0.0	557.6020788988906	1356.0346447827123	0.0	623.0871455245899	544.6979371952572	0.0	595.618789222661	438.6217754365492	0.0	612.7364126032005	498.7138780614029	0.0	757.5470174822409	581.5526512042504	0.0	826.8641425708344	789.8297336424979	0.0	813.8452441591595	921.5898665707656	0.0	504.6178524316138	558.3864779144837	0.0	438.7614143503837	746.6116396086658	0.0	431.52486555385445	768.5477050277162	0.0
64	2.138831615120275	625.538386161785	923.5890890806995	0.0	702.2397577056788	935.3554635569762	0.0	673.400149110094	1269.718984194846	0.0	641.5757003760093	1579.8910953887523	0.0	617.0783556854883	1622.9136539762058	0.0	674.6665963283119	1638.692902689709	0.0	633.5483779887658	1618.403879613483	0.0	549.072100818509	933.0693050371252	0.0	546.5052350647499	1149.6677265456894	0.0	552.5534457967836	1211.0625391492879	0.0	553.1181199730094	1475.793096947851	0.0	516.353456298397	1464.37955379729	0.0	559.582455421009	1373.1305316191142	0.0	622.8658558383819	548.6981598677412	0.0	595.8114132828729	438.9241084834225	0.0	613.0337063893777	501.0703837634454	0.0	755.1422093538647	582.9524747193389	0.0	823.8511026481518	792.7338614528644	0.0	810.6485727647415	919.2867420706004	0.0	503.17353365033574	561.1281456965797	0.0	436.4478535408498	746.8577856496836	0.0	429.16102847813943	768.9442571288399	0.0
65	2.172250859106529	623.2336787332465	924.2686495597718	0.0	698.6041391759283	934.8970707177164	0.0	672.4136584694273	1267.888157536336	0.0	641.6316601315732	1578.421074227801	0.0	617.1081221256247	1623.5402118657198	0.0	675.4447168095559	1639.776286475256	0.0	632.5788014731011	1618.6115556662621	0.0	546.6376016130861	933.1955471001784	0.0	546.5197078633598	1156.9802973350859	0.0	553.3983760324937	1216.9855468003684	0.0	559.3702086574023	1477.6484523287888	0.0	521.2829643919529	1466.329537970507	0.0	560.0829136475728	1381.559603812557	0.0	622.352206690312	551.3586474164252	0.0	597.7209594563116	440.4686373735631	0.0	612.1732959117961	501.527407068256	0.0	752.5806153943828	583.7627361221732	0.0	821.3732073942119	794.9084245868754	0.0	806.4541450628751	916.3305903261117	0.0	503.41886678448395	562.7545554953537	0.0	435.8972697463571	746.49595001624	0.0	424.44773641171616	771.0575745182612	0.0
66	2.2056701030927837	620.4980335954194	924.3981912183507	0.0	695.0026976012266	936.8078607655424	0.0	671.4969099050223	1267.4053263004712	0.0	641.5547528329582	1577.5948722380326	0.0	616.9003450316673	1623.2520784655665	0.0	675.4023336072268	1640.2458912635402	0.0	632.9509198835234	1618.9403661106194	0.0	544.177111701074	934.8760635157433	0.0	546.2434964706042	1162.656734089305	0.0	553.2172234587364	1218.3647463546358	0.0	563.7709087113606	1478.904112450437	0.0	525.7538160527629	1469.5077160116577	0.0	561.7434871619157	1392.2462852434421	0.0	620.204287466671	553.1353671157117	0.0	600.0663343822329	443.8031167343189	0.0	610.9005068748513	502.52769588509443	0.0	749.706783554703	584.24459219114	0.0	818.5496204536955	796.785535495186	0.0	802.7693701606677	913.780777639531	0.0	502.3695377121494	564.6772956676361	0.0	434.0890631346175	747.0174534575267	0.0	420.25506035750726	775.4442667344662	0.0
67	2.239089347079038	617.7253202965761	924.024121855202	0.0	692.589750576418	938.7252132419611	0.0	670.2070431913975	1267.7162837048045	0.0	641.2495072738448	1578.5367190677218	0.0	616.7298443222892	1623.0646099512098	0.0	675.5229037925772	1640.1821340190934	0.0	633.7864631875051	1619.7470195710853	0.0	541.5138975908368	936.2432973785408	0.0	546.5472891015955	1165.5585550329033	0.0	553.7557871913586	1213.7222630064512	0.0	565.881622257618	1484.5755271138548	0.0	527.1228236229803	1477.6536904403104	0.0	564.9266323613904	1401.6381645237218	0.0	616.800571021138	555.8308871026895	0.0	601.150640535049	448.0305596121826	0.0	610.1466426144517	505.7655880195217	0.0	746.5076480725055	585.99850499038	0.0	815.0374489963157	798.54787453886	0.0	801.0871368026693	912.3426647675509	0.0	498.7978305870435	568.6006739733158	0.0	429.72715212941165	749.7571366042696	0.0	418.3112605697198	782.0158251782784	0.0
68	2.272508591065292	615.1767103569895	923.6591983805903	0.0	690.7184461215792	939.2470733699411	0.0	668.6798773058067	1267.048899112428	0.0	641.1039618793734	1580.6344541000105	0.0	616.3511384883817	1623.738486330862	0.0	676.1328800777874	1640.830697197414	0.0	634.4674161947387	1621.0483574658988	0.0	540.4394786814869	937.0382999461057	0.0	547.0199647436564	1167.822280623203	0.0	555.0370022358803	1209.1507504201795	0.0	568.2976239028227	1486.5376099545933	0.0	527.5770773913873	1479.2293140777558	0.0	566.7154880142194	1389.134449116858	0.0	613.8135365310084	559.0248240432919	0.0	600.6060994032613	452.4509134974943	0.0	609.4030004149565	510.07128858943526	0.0	743.075659066582	588.6917216568261	0.0	810.4770294568272	799.1636982546717	0.0	801.4882619282307	912.3551664305892	0.0	494.86419893518274	573.7371589190005	0.0	424.6349000343596	753.964712892649	0.0	417.05604201471687	789.854282938717	0.0
69	2.305927835051546	612.5592821250461	923.3219889126274	0.0	688.4616434318581	938.8765931765452	0.0	667.4488682839389	1265.1662400536823	0.0	641.5228793657303	1581.7117457702352	0.0	615.6669370394842	1624.3985785361524	0.0	676.4040945910785	1642.3856475826708	0.0	634.8529345706603	1622.3668881595718	0.0	541.0308917959144	937.4532744243368	0.0	546.0281850110066	1170.027421719492	0.0	556.0926178044514	1207.0413164380693	0.0	570.45796833828	1475.972789122673	0.0	529.0405329722212	1464.5813007669724	0.0	565.9878986044885	1333.095764880164	0.0	611.8153859427697	561.4078723419875	0.0	598.5730003587038	456.78778662582596	0.0	607.8594449644313	514.1170165553087	0.0	739.7251752063044	590.8703679760844	0.0	804.9845168437785	798.2721879661661	0.0	803.7273961909226	913.3123511638606	0.0	492.26975627869814	577.9403734339046	0.0	420.97516341667307	758.0133693853904	0.0	414.9380670053843	796.4409565478421	0.0
70	2.339347079037801	610.1037723466975	921.5419715348177	0.0	686.0452405007413	937.0990928994975	0.0	666.1890460445262	1263.0778823285716	0.0	642.0360692808881	1580.6291280609644	0.0	615.304954738847	1624.5106699610951	0.0	675.4807004348306	1643.195490364927	0.0	634.9481828834305	1623.1479953397811	0.0	540.7312402334292	936.904181152256	0.0	543.5391879330575	1169.6434957901859	0.0	556.4618168317761	1205.3383980834858	0.0	568.4550221782459	1463.2307927563388	0.0	528.0316547666067	1449.426117913462	0.0	564.9839375317904	1253.976735584464	0.0	609.6588457796097	564.101783023815	0.0	595.0904825431502	460.663944294726	0.0	605.6207064598029	518.7403789089414	0.0	736.4254536439255	592.5562201901083	0.0	800.4561056282685	796.6746164761652	0.0	806.4150770962796	914.334325972659	0.0	490.3089327047001	580.7074801719849	0.0	418.75836311270194	761.3437204149542	0.0	412.92016073685056	799.4696579297438	0.0
71	2.372766323024055	608.4558643553863	916.6941053396046	0.0	684.1785224532886	933.0142766305183	0.0	664.5901821225723	1260.9895087383625	0.0	642.0253924592079	1577.8818267704262	0.0	615.9423126979121	1623.571096306894	0.0	674.1326921052942	1641.6996712358346	0.0	634.8137166838011	1622.4637050568745	0.0	538.3980293511207	934.8171906034889	0.0	541.2031441564366	1164.9668472046208	0.0	555.9327748567105	1202.9880323306506	0.0	561.9174612754496	1463.0781093161088	0.0	522.2518769329379	1452.6285230102685	0.0	565.1576113193354	1201.3291836328929	0.0	606.3289661928619	568.3600015672703	0.0	590.563680751153	464.36426417044515	0.0	602.6405487505095	524.6961860907833	0.0	732.5638846891717	594.4986891724941	0.0	798.2426029146452	795.0316495055607	0.0	807.2583155713223	914.6298686402304	0.0	488.01049349494485	583.1464130040966	0.0	416.2692588595489	763.4988007212241	0.0	412.0667268859906	802.2114453144908	0.0
72	2.406185567010309	607.0570330612229	910.3224411311858	0.0	682.4401494617388	928.6767592514997	0.0	663.3380608501645	1257.4043790905528	0.0	641.6955358255524	1574.2066206485579	0.0	617.1742485534567	1621.4587392224457	0.0	673.7756748955073	1639.3598123281927	0.0	634.6781401045658	1619.0299258363082	0.0	535.3253196829783	932.2226844324499	0.0	539.2667419709319	1158.8467422697804	0.0	553.8111290000252	1199.4809298368239	0.0	556.6311228048057	1471.8352232181028	0.0	516.616728479302	1466.2032545271725	0.0	564.2215607866715	1189.105497227409	0.0	602.0353139839627	572.6106354303058	0.0	586.1748952362668	468.7516440993781	0.0	598.3626715233016	529.9572839615638	0.0	727.8021205203438	596.2941630210623	0.0	796.5690772092191	792.9130317485989	0.0	806.0439379141903	913.4333991916333	0.0	485.322086810012	586.1155832636929	0.0	412.82106557044364	764.5573521150453	0.0	411.0069868221568	808.4698087453733	0.0
73	2.4396048109965633	604.7978466499593	905.9072600321454	0.0	679.8050932452953	926.1025443808544	0.0	662.5494716954685	1250.7590752155418	0.0	641.4705249301002	1569.9041885271574	0.0	617.8236353376847	1619.0699147495734	0.0	673.7262652026402	1637.5972356376913	0.0	634.3313746314552	1612.7119418596774	0.0	532.617716595402	930.0867092152445	0.0	536.5463601763373	1155.0324596527248	0.0	549.6847102338061	1194.2742947256359	0.0	555.9828716415208	1477.0599547594438	0.0	514.7726434405587	1472.6841481033687	0.0	560.189711130564	1194.5177180543953	0.0	597.5406890447333	575.1591448790099	0.0	582.5029130951393	473.8111619260492	0.0	592.5481293990167	532.504800115387	0.0	722.8440658447203	597.2405852855737	0.0	793.5742933133637	789.6636687414122	0.0	804.6693255709391	911.0823629550613	0.0	482.4891535837562	589.9019707672485	0.0	409.8552832051389	765.7244245027081	0.0	408.8856398616878	813.2956662693538	0.0
74	2.473024054982818	601.8519996822793	904.1442500124654	0.0	676.1189453276755	924.1839555003298	0.0	661.2560266530368	1242.6304066331127	0.0	641.3921952964129	1564.3917489612113	0.0	617.809716049213	1615.8864264604372	0.0	672.2234000301656	1633.8734780182833	0.0	633.0199145024978	1605.1785370535672	0.0	530.0498581212985	927.5770124857972	0.0	533.3295800360136	1153.5525774811927	0.0	544.8522576646884	1187.8230280692821	0.0	556.3666279426004	1477.8359889557812	0.0	512.8095403539281	1473.1601282335728	0.0	555.4354093670631	1201.8790321901802	0.0	593.1761574320534	576.5944476200289	0.0	578.6478612195277	478.2318190013046	0.0	585.1322322773424	533.6469483942549	0.0	718.4307824087529	597.4913762098117	0.0	790.3253430674042	785.7033494664119	0.0	804.229536933229	908.8662137709748	0.0	479.4132148158763	593.937436432308	0.0	408.4592329420563	767.0962313382458	0.0	407.2214849960975	812.5112221662691	0.0
75	2.506443298969072	598.795697659173	903.4270348072773	0.0	671.7320171766619	922.1993114499553	0.0	659.5251722840366	1236.3296765390542	0.0	641.3426463502783	1557.275937148541	0.0	618.3637392529148	1609.8255441522365	0.0	669.9540996477909	1625.7589868763146	0.0	630.9022314071586	1598.2444029767578	0.0	527.1451399894466	924.9057020193081	0.0	531.4012544872626	1152.6956295983532	0.0	541.4723709115626	1180.7792839197987	0.0	555.4615251185843	1478.9379958809484	0.0	508.3916731473423	1476.8164359273574	0.0	552.8335275299734	1206.9298173752381	0.0	588.8523441911243	577.9860295573809	0.0	574.1658066401277	480.7636475435553	0.0	577.125050454042	535.1035285570359	0.0	714.173359373807	597.2842945124266	0.0	788.1953335325379	781.853288822921	0.0	804.2617495589412	907.4568592360265	0.0	476.07152285541315	596.5757217265863	0.0	407.75194432649835	767.9840211712054	0.0	407.0072307900416	811.6789761527192	0.0
76	2.5398625429553263	595.6561645234099	903.0049649267784	0.0	667.5150424290414	920.6569746556854	0.0	659.1333242593987	1232.1570298002694	0.0	641.2858152631009	1548.748730289969	0.0	619.0416236751659	1601.406719742005	0.0	668.4153733856552	1615.7553709893373	0.0	629.3458007582202	1590.950385059791	0.0	524.6335570944248	923.54514521873	0.0	531.3404053020486	1151.946906320219	0.0	540.0387355242447	1173.4996957951876	0.0	554.6621829483216	1477.007942223547	0.0	505.87209530427714	1480.6291441943122	0.0	551.6631044643071	1202.2216725545434	0.0	584.9172624798274	579.0051466064426	0.0	570.6052592517929	481.84964974227177	0.0	572.2828748934187	536.3637116185582	0.0	709.8965796143893	596.7406256295985	0.0	786.2309450311284	778.4292052252124	0.0	804.0738379544715	906.7130110199847	0.0	473.2035643613321	596.7545971991243	0.0	406.8711452931189	768.39924628842	0.0	407.61142185232694	812.7898406785772	0.0
77	2.5732817869415805	592.7370904031018	902.811768111235	0.0	664.7489957772535	918.9289269992574	0.0	661.305510522542	1227.898826200613	0.0	641.2769134482461	1536.35904014191	0.0	616.7095640394904	1594.9175582513508	0.0	666.4915589187995	1607.5413836497062	0.0	628.6287085971952	1578.7018416468597	0.0	523.527601810289	922.8910026088116	0.0	531.7757616181366	1151.112074869707	0.0	539.3924289055193	1167.9458052193263	0.0	553.5778086831866	1468.6942524989631	0.0	507.71762773851583	1477.5532550329729	0.0	550.5165120993871	1185.5771233868618	0.0	581.8557756450573	579.2052887910929	0.0	569.1798354016688	482.7707301730338	0.0	572.3413332642498	537.2886982414478	0.0	706.2332293244349	596.32019987073	0.0	783.0900947236895	775.5856447660553	0.0	803.5514978624501	906.4588498212684	0.0	471.0962803024436	595.6993369707585	0.0	406.1872581956833	768.2379679138037	0.0	408.1688045695799	809.9333999459702	0.0
78	2.606701030927835	590.5349614749503	902.6375375156153	0.0	663.1216465332236	916.6982700922498	0.0	665.1547602543538	1222.5185968203496	0.0	641.1580070354987	1515.9486220521135	0.0	609.9274941609419	1594.20553642487	0.0	662.6399173331512	1601.2904419800705	0.0	627.1777984982351	1558.1139513201865	0.0	523.0235260432128	921.6667747392504	0.0	531.4384787191271	1150.0134211546022	0.0	538.8157726765209	1167.5629305403372	0.0	550.5141429961404	1461.103153656282	0.0	510.1640974386137	1472.3854014565939	0.0	549.9814051382607	1169.7599463560773	0.0	579.4170728522738	579.7882891485036	0.0	568.4368411929997	483.5932116715958	0.0	573.1358010619366	539.229877444962	0.0	702.8895414857666	596.1799221569021	0.0	779.406109534578	773.0850091750178	0.0	802.9143634762041	906.3800986040962	0.0	468.7484830852354	595.76303016034	0.0	405.6599297195341	767.8739531831018	0.0	408.2388517294418	803.1812740376076	0.0
79	2.6401202749140893	589.1265921007165	902.5332280855957	0.0	660.994746174585	915.2319113365211	0.0	668.9338483393618	1216.4440416564905	0.0	640.762826255099	1488.2462421371652	0.0	601.9157000731104	1596.5762662199947	0.0	657.3698157756781	1594.702649623839	0.0	624.3356931036117	1531.550997293198	0.0	521.9038561274825	920.7822376455932	0.0	530.8205042012407	1149.3838335518574	0.0	537.9705182139401	1171.5835020649208	0.0	544.455847775502	1455.8599088379399	0.0	509.3403518415736	1474.314410143185	0.0	550.2001693472452	1165.826443853049	0.0	577.1117531149802	581.859289997777	0.0	566.8765130880771	483.8250194705915	0.0	571.4671922574116	542.428341312579	0.0	698.8971928068153	595.8389536943614	0.0	776.4042879773646	769.9573979819868	0.0	802.2262314062871	905.8380068593652	0.0	465.3747682090282	597.5380816559754	0.0	403.8343442997361	769.029501567556	0.0	407.94459114543946	798.850118578133	0.0
80	2.6735395189003435	588.4517007184579	902.7582933344146	0.0	658.4907936462314	914.9458616663484	0.0	671.63504302289	1210.1379835650127	0.0	640.5433899720889	1459.3144072520363	0.0	596.1405483054381	1592.7531856665148	0.0	651.9716207478621	1584.1590429065523	0.0	621.6551859667221	1503.7538167302412	0.0	521.032847883103	920.9930864771555	0.0	530.8915513384715	1149.9252276306113	0.0	536.7690011782807	1174.5361780632475	0.0	536.821324309776	1435.7976488229287	0.0	506.39648773590187	1482.8786711334963	0.0	550.2077015157274	1168.8639744325576	0.0	574.8668498199592	583.9729954597988	0.0	565.2904368623068	483.68222739827854	0.0	568.9823122273942	544.9161889028129	0.0	694.5942381576278	595.1564478789113	0.0	773.5007551728604	766.1187546683664	0.0	801.3947505976294	904.5847016478708	0.0	461.5366508938502	599.6510053644288	0.0	399.8520856623723	772.8736658471594	0.0	407.54415327598156	801.1202140925454	0.0
81	2.706958762886598	588.1531097723192	902.7853000682118	0.0	656.9910844694853	914.0499011986445	0.0	672.9571421302422	1203.7672006907733	0.0	640.6003403343383	1434.892545225374	0.0	590.4343470565906	1576.9746083513992	0.0	648.0447707945426	1566.7546005473441	0.0	620.38407013622	1478.5551394782406	0.0	521.6701887204506	920.565709786817	0.0	531.2525891579463	1150.612554524711	0.0	536.0462465522953	1173.6711481377795	0.0	532.3304876911708	1388.6435848098904	0.0	504.70970807803894	1487.2775942937528	0.0	549.7963444269935	1169.1928091452637	0.0	572.8098222154339	584.3334534109784	0.0	564.6580733668541	483.557582841196	0.0	567.5634549436829	545.2215613034308	0.0	691.2909768719059	594.6697059037508	0.0	769.2891801258854	762.885251573185	0.0	800.5091782196284	902.8690477813216	0.0	458.60220992768063	601.190752773191	0.0	395.53447938269886	778.3215722897434	0.0	406.9497904550963	811.8962851676766	0.0
82	2.7403780068728523	587.6535221047795	901.398734456738	0.0	656.2512391788489	910.8264674146334	0.0	672.9464125800412	1197.1514569990077	0.0	639.8665701945812	1417.546022294676	0.0	579.5894448406582	1553.4844808053367	0.0	646.941858453982	1544.6142434397418	0.0	619.9577013234841	1459.8619979468729	0.0	522.944251505809	918.1010847243131	0.0	531.0285608522036	1148.8659659045409	0.0	535.8765779568758	1170.9116397000978	0.0	532.641368278625	1332.13842836216	0.0	504.37537136956047	1464.886415100829	0.0	548.943712502614	1166.094456415758	0.0	571.185665012983	584.0305585376376	0.0	564.9281336313508	483.4286558332598	0.0	566.8760016264546	544.8109512731153	0.0	689.2453589613107	594.6310830584015	0.0	764.0311413915673	760.3771256028035	0.0	799.9189537892488	901.1599077729603	0.0	457.33783214875984	602.1870857245174	0.0	393.4092149552694	783.1181107753098	0.0	406.31163041530925	826.8342501613945	0.0
83	2.7737972508591064	587.2183072997744	898.7534193348022	0.0	655.6220053747784	906.0424576390205	0.0	672.198493383356	1189.963332580271	0.0	638.0155190243479	1406.5525976968343	0.0	566.6062125328782	1530.236333043972	0.0	648.4711066882767	1523.5656934253866	0.0	619.621445899027	1448.4573885164993	0.0	523.4126736009114	914.7508267463894	0.0	530.3721922977994	1143.1547336440285	0.0	535.639938410416	1168.1550582843395	0.0	534.9845794094905	1293.6993652698616	0.0	503.8602169696475	1393.356129713141	0.0	547.6291373606158	1163.9789129020978	0.0	570.2389717567831	584.7292175300607	0.0	566.20381815566	483.21906435716403	0.0	566.2096550567234	545.5790719988388	0.0	687.4994575864056	594.6173689523654	0.0	759.3636398607371	757.0900748919603	0.0	799.6746554302301	899.9019845325395	0.0	457.1397366377777	602.5817476093574	0.0	393.4718436842658	786.1542064861745	0.0	406.6573544428407	834.6128226750299	0.0
84	2.8072164948453606	587.4410671347949	896.5484315839307	0.0	655.6305071933425	902.138767011185	0.0	671.5681248766447	1182.65598807986	0.0	636.4010553844333	1399.449400554774	0.0	565.060080600775	1510.2760928452105	0.0	652.3171828227413	1506.0657825308006	0.0	619.4218039085861	1440.625978942249	0.0	523.3815959487393	911.8312082723883	0.0	529.9276337298553	1134.7418970664512	0.0	536.3898650803443	1163.8770410483364	0.0	539.0628913023495	1273.2679668489477	0.0	504.5848475097573	1292.7214370702839	0.0	546.8158459042759	1162.4856050584383	0.0	569.6905553018446	585.4545692115978	0.0	568.5996900856111	483.65827152294275	0.0	566.7182949980297	546.6162282648992	0.0	685.5955636418308	594.188274537313	0.0	756.475904094655	752.5608137356539	0.0	799.2124717603313	899.0530561765703	0.0	457.16172425074154	602.8087087128366	0.0	393.9563144125644	787.9582604063872	0.0	409.08714015338904	831.1204369903413	0.0
85	2.8406357388316152	588.1991801709688	895.4830704154123	0.0	656.2124940611541	900.6148893052505	0.0	671.2388684537724	1176.287903786754	0.0	635.9094692940141	1394.9853833025109	0.0	582.1991234068328	1492.4291560052998	0.0	658.4242319521741	1490.543166652073	0.0	619.6804484364548	1434.6171636090828	0.0	524.109963520464	909.3305615130445	0.0	529.8400414439355	1126.6491946281853	0.0	539.1951533261413	1157.725619221975	0.0	546.1544024098399	1256.6317234953456	0.0	508.48260907135847	1222.6279624078973	0.0	547.4304061101532	1161.4178647664528	0.0	569.2489266516961	584.730030883696	0.0	571.1342941383567	485.3305100147057	0.0	569.509159895279	546.5429442971321	0.0	684.0839313189459	593.4927460271226	0.0	755.3650494871008	747.9374946751383	0.0	798.0948093234282	898.3774471893901	0.0	457.3748900535945	604.0220417647791	0.0	394.36895912349337	789.2072768449283	0.0	412.77640764901724	823.2424437603767	0.0
86	2.8740549828178694	589.2927303114795	894.8483351643703	0.0	656.5080171115408	900.9654313738058	0.0	670.5126404831725	1170.536362500141	0.0	636.3067311328674	1393.211754914816	0.0	607.0082458568626	1476.935335093624	0.0	664.8381643698118	1476.9630389698302	0.0	620.793067617321	1432.2166860327245	0.0	526.0496279978764	907.4222924197411	0.0	530.0681768363825	1120.9525487464173	0.0	542.5190457360937	1155.279070493693	0.0	554.2694971471751	1246.3874537849892	0.0	513.4950921001451	1210.6125792933651	0.0	549.0048702895477	1164.8034301794225	0.0	569.2890980292394	583.6306522305064	0.0	572.513646229806	486.9479071765905	0.0	572.7542748045764	546.5252579950619	0.0	683.3882613351176	593.4938847993712	0.0	755.0107027987929	744.596946826447	0.0	796.6921319941155	897.769699509581	0.0	457.85559220316827	606.8053214044354	0.0	395.49766792654555	789.9199892769568	0.0	415.1410799275383	819.7403877325044	0.0
87	2.9074742268041236	590.6860490892444	893.8552217418805	0.0	656.7351645112121	901.1148323490859	0.0	668.8229901970274	1163.9511948707445	0.0	637.9456058843822	1393.0791500988612	0.0	623.22459409834	1462.3365500269583	0.0	668.7492506049832	1464.7948486950104	0.0	623.4129752240506	1433.0040481398623	0.0	528.5199299701027	906.2278658975382	0.0	530.6534895983756	1116.2305963012584	0.0	544.2933319283887	1159.6742301020288	0.0	560.1584158326788	1244.1816470360757	0.0	515.9092926180751	1226.78657753693	0.0	550.2321072644744	1171.7589910409656	0.0	569.9496052277832	584.3384684456494	0.0	573.244001288597	487.4009875581057	0.0	574.6339476793883	547.8040322002785	0.0	683.3969521322788	594.9870268585064	0.0	754.2674266689841	743.2220029415979	0.0	795.8176874032555	897.1604293188865	0.0	458.19617651407293	610.7465923546616	0.0	397.2698981788647	790.0021612409677	0.0	415.0970213728659	826.9448834830972	0.0
88	2.9408934707903778	591.9247235248727	891.4745043090223	0.0	657.6921066427902	898.7317098832818	0.0	666.4166017118298	1157.0865524129713	0.0	641.4208012630819	1392.1569963093623	0.0	626.7175744984788	1442.8237147286914	0.0	669.6401216706082	1450.0005197733863	0.0	628.389433942773	1432.369322302219	0.0	530.6051924801926	904.1529064680919	0.0	531.2349412848108	1110.0366003241516	0.0	544.5304775177614	1165.9131441454563	0.0	562.8628223753624	1237.9998698571028	0.0	516.3127680606782	1235.3811288276722	0.0	550.4706881784127	1177.1235800024056	0.0	570.9519566590117	586.879528866778	0.0	575.1168849013818	487.99901939840134	0.0	576.1403674084144	549.2434835715243	0.0	684.0349885094066	597.1580840729533	0.0	752.946761506156	743.1569503202426	0.0	795.7947692563025	896.6708902279414	0.0	458.550459039556	614.6257877316026	0.0	399.1947999675667	789.5605725669164	0.0	414.3563489997685	840.8766948459568	0.0
89	2.9743127147766324	592.778210178452	887.8559037988202	0.0	658.9824706182512	894.266561032285	0.0	663.889969674027	1152.6087437196998	0.0	645.5691404532079	1388.4970851289402	0.0	623.9495144288328	1419.2104871636172	0.0	668.7514679780292	1432.6888829085337	0.0	634.9227524763614	1426.6101453140675	0.0	532.2231941604657	900.1150563570411	0.0	531.6554933962293	1104.057591581036	0.0	544.3964380373711	1168.7666752118716	0.0	563.5270214922383	1224.2167742000565	0.0	518.053516328786	1229.6974429384638	0.0	550.4387929707715	1178.5290773753409	0.0	572.4326382418669	589.5655866816907	0.0	578.3221929713088	489.7085509005209	0.0	578.3952527842287	549.7091024020035	0.0	685.3344192253514	598.7934708426965	0.0	751.9779134516293	742.8335718471898	0.0	796.2690199101878	896.4799848590048	0.0	459.8160569421126	617.2957012971438	0.0	401.6556821778732	788.8486383590623	0.0	415.08516649350554	847.945296429012	0.0
90	3.0077319587628866	594.0891526832957	885.8000200565099	0.0	659.7723597341189	891.3278905738728	0.0	661.8578734441109	1151.620777735084	0.0	647.9291793832613	1382.2131128302626	0.0	621.1344405050589	1402.0488920800212	0.0	666.7313483076857	1419.2449078543737	0.0	639.5875540200728	1417.6947495827421	0.0	534.2132474353957	896.1727821634988	0.0	532.656258144301	1102.070427182132	0.0	544.6436491716282	1167.1588383586713	0.0	563.2833454265722	1212.5717274783153	0.0	521.0023361205347	1220.1975893231668	0.0	551.5556648281834	1175.1366857711268	0.0	574.4603375533372	591.5243531741967	0.0	581.693320870393	491.3650757650055	0.0	581.2365858311739	549.8320356292272	0.0	687.030021180803	600.0411006002151	0.0	752.1503491330202	741.3321165788299	0.0	797.0245920863923	896.388936481889	0.0	461.86537776544526	619.3522228549938	0.0	404.7058845387913	788.3716810574253	0.0	417.6482104365426	841.3683147899867	0.0
91	3.0411512027491407	596.3184388855427	886.6126116404608	0.0	660.2011012018344	891.5066825291462	0.0	660.766377600053	1152.212706926618	0.0	647.562499864836	1375.5495342638546	0.0	620.4333044164221	1396.7461583894599	0.0	663.9848298838622	1412.5611375188446	0.0	640.2396880488465	1410.220199246231	0.0	537.0138517332697	894.3082485273651	0.0	534.5757307239338	1104.2759543710097	0.0	545.4238532921529	1162.1252516361671	0.0	562.4490570428139	1208.2062349663033	0.0	522.9255304579414	1214.1659082330707	0.0	554.1508821262677	1166.3679473337454	0.0	576.7583852002153	592.7003739550919	0.0	585.264783313381	492.59103433443835	0.0	584.755312145674	550.2937960723156	0.0	688.4609086489666	601.4202936096136	0.0	753.1417907907119	739.3458931354852	0.0	798.2044329787019	895.8916854426909	0.0	463.91003517057874	621.937849479622	0.0	407.59074819873064	788.2131932370785	0.0	420.86642929421055	827.1605071440093	0.0
92	3.074570446735395	598.330433665892	887.4129469657403	0.0	660.9439416690745	892.2181444841783	0.0	660.4642620531067	1152.453246192077	0.0	646.0313404730354	1371.1413296167855	0.0	621.2808234831987	1397.652291974275	0.0	661.5570994746885	1410.0631525000472	0.0	638.9654939050374	1406.1809453001042	0.0	539.5724818439114	893.6336997033046	0.0	536.473168045358	1106.8396807806519	0.0	546.4878410178869	1156.5793958891145	0.0	561.355858056418	1200.8741542436924	0.0	523.6157005506324	1208.58720328818	0.0	556.701222436728	1154.675953639739	0.0	579.3228418313209	593.10216916272	0.0	589.68257708439	494.5423611345585	0.0	588.6396330948829	550.8340596694624	0.0	689.3015008608745	602.7886985511237	0.0	754.3968787243126	737.8168975191134	0.0	799.4513159241087	894.5460794223951	0.0	466.3780504197308	624.2186635612524	0.0	410.43980850789455	787.8942927955105	0.0	423.84299345595423	814.5449347153706	0.0
93	3.1079896907216495	599.4350857166156	886.0659644505411	0.0	662.4480100180032	891.4226831753194	0.0	660.5357439392787	1152.3615763199796	0.0	645.1569391173158	1369.7862991460768	0.0	622.3075263879646	1398.3157402921067	0.0	660.6173775349289	1409.8455245809805	0.0	638.693479815977	1405.121397937214	0.0	540.7937320032488	892.7443455010643	0.0	537.772384720107	1105.6586883087195	0.0	547.6562362109148	1152.5809014970662	0.0	560.59931603377	1182.6869559796576	0.0	523.9618885264637	1199.9472912021483	0.0	558.1009582486669	1144.844231157612	0.0	582.2958503891446	593.0496536318252	0.0	594.3860660296949	497.10244933068157	0.0	591.825766823486	551.3127644049405	0.0	690.3829396774304	603.5822877937229	0.0	755.6668041404401	735.7927363061315	0.0	799.9439402198705	892.218489733042	0.0	470.0740889772198	624.6261091270785	0.0	414.4156265847263	787.2403653756401	0.0	426.8003520842044	806.3085946092276	0.0
94	3.1414089347079037	600.5807268013682	884.130714501275	0.0	664.3355209716054	890.0116133277066	0.0	660.9436712251821	1151.6257946550106	0.0	645.0924828382299	1369.9092580470488	0.0	623.2109683756456	1397.688091018483	0.0	661.9049664652858	1410.9208825968299	0.0	639.4458664243951	1405.8884637177885	0.0	541.4875777937286	891.643976557906	0.0	539.681732963337	1101.1495715632977	0.0	548.8592822255179	1147.686643774506	0.0	560.4412575720852	1165.4906813769278	0.0	524.3365726476522	1194.660415490099	0.0	558.825563583146	1138.4622073204882	0.0	585.7219376007542	592.987622242449	0.0	598.4484017576118	498.4343245414803	0.0	594.4232638774208	552.0855664303228	0.0	692.8905267273689	603.3336999590632	0.0	756.4955138193335	731.9339285369127	0.0	799.8567092083929	889.4390908975321	0.0	474.8462628219274	623.18518037607	0.0	419.8553891074994	785.6613474774699	0.0	430.19229121138545	801.7161438884789	0.0
95	3.174828178694158	602.4105312439585	883.1323994104913	0.0	665.6126362536402	888.6483530112059	0.0	661.7611780475055	1148.9265878592819	0.0	645.1832285104892	1369.3778603855617	0.0	624.1377927444597	1397.1470842437318	0.0	664.7390418162727	1411.5843050026656	0.0	639.7347615570786	1406.6458249734287	0.0	543.2122947940766	890.7644050518121	0.0	543.2632759777791	1097.058122035903	0.0	549.6206486928456	1137.3169727511695	0.0	560.474200710718	1159.8328920513006	0.0	524.7881842738065	1196.386752415677	0.0	559.1011046725868	1133.0915507894251	0.0	589.556529526991	592.8421237665596	0.0	601.720657762756	497.5164393708234	0.0	597.3440120049315	552.8199381851871	0.0	696.8248889221043	602.1821230865004	0.0	756.9167877645257	727.1875695027268	0.0	800.1936440913987	887.1140844597677	0.0	480.08694746587145	620.7807541353969	0.0	425.6671384759334	782.3674623273164	0.0	434.0214281016288	801.5820981626839	0.0
96	3.2082474226804125	604.3217919096379	882.1783659635026	0.0	666.194134554206	886.3896784044355	0.0	662.7302216448116	1144.6092059483178	0.0	645.4746302440361	1367.5952908267059	0.0	623.8812378765844	1397.1946048360307	0.0	666.7714189195207	1411.1939595315914	0.0	639.2697433819076	1405.6661189234092	0.0	546.0502714612674	889.5004332701443	0.0	547.2055567911696	1093.9417370117767	0.0	549.9711304308194	1120.5830423927018	0.0	560.3621924411135	1156.359623665048	0.0	525.5622362756304	1192.5012320438163	0.0	558.8415091383245	1124.6024342064334	0.0	593.5707852966107	591.8728370583271	0.0	604.5610278202455	495.5362969037905	0.0	600.7375208046162	552.0980419619286	0.0	701.0408214268491	600.5744478554097	0.0	758.057907803514	723.6792318033683	0.0	800.8600921490547	885.1553121560341	0.0	485.3842371277482	617.6682324707058	0.0	430.6854327381924	778.7013587760156	0.0	438.42766726794684	803.7873869120114	0.0
97	3.2416666666666667	605.9214638709236	879.977714071041	0.0	667.0812706617992	883.2644946799315	0.0	663.5764975939427	1140.3692825358046	0.0	646.1028499151339	1365.3562486475842	0.0	621.3801228329532	1397.3978586965643	0.0	666.6053118316999	1410.6100445243014	0.0	638.5051181496461	1402.9692138469434	0.0	549.0310345430206	886.9142477093246	0.0	549.9625220746747	1089.3691181798756	0.0	551.3455115618115	1103.6744579535757	0.0	560.6845739342209	1142.3548981620354	0.0	526.9438864589731	1171.3657097576458	0.0	558.9578520396925	1108.8955976016832	0.0	597.5404266600771	589.7180250803809	0.0	607.5549511719354	493.6669297652572	0.0	604.3964569567423	549.1477229191813	0.0	704.6667434509129	599.1709268874682	0.0	760.601449570658	722.5106305863358	0.0	801.1705305214313	882.4540773767686	0.0	490.4835908808576	613.9044610225932	0.0	434.72559289563134	776.4634948394588	0.0	443.34322855476466	803.9500774474037	0.0
98	3.275085910652921	607.9578634244839	876.6541488040693	0.0	668.890729185518	880.7996257688955	0.0	664.2616927808108	1136.931315454602	0.0	646.4222795263221	1363.5002032013485	0.0	619.2988022168979	1397.286833834531	0.0	665.6282527656819	1410.1131283857594	0.0	637.3934079314424	1400.2127221626176	0.0	551.8448277889972	883.69282895618	0.0	552.399144318688	1083.6620898312808	0.0	554.4266679822193	1093.9708871643793	0.0	561.7172411676854	1127.396288495779	0.0	528.4949356801422	1147.2441980956812	0.0	560.3007906710748	1088.7210520957983	0.0	601.2004983742821	587.1859177230776	0.0	610.9996976799052	491.2523469496969	0.0	608.3621062175619	545.4224191764833	0.0	707.6726662790146	598.7441594005364	0.0	764.0145186127993	723.0885872640616	0.0	801.8521628554925	878.8265361113492	0.0	494.8841224628538	610.2925245555374	0.0	438.5606175237865	774.3473462391327	0.0	447.70736338181166	800.2145708285768	0.0
99	3.308505154639175	611.073590141399	873.1637609350056	0.0	671.4760594239681	879.5053338887913	0.0	664.812617793285	1134.9174209856803	0.0	646.0735854949971	1362.5130262230498	0.0	621.6955515218455	1396.508858422254	0.0	665.5719559909206	1408.3442097708848	0.0	635.9662772319933	1398.772988622647	0.0	554.905467418101	881.5296214105371	0.0	555.8352811116949	1080.2783309744407	0.0	557.4719459440071	1092.0557282167717	0.0	562.0726246397484	1153.7349538688488	0.0	529.4096314262459	1159.9101911251635	0.0	562.0443158801359	1073.3264381681024	0.0	604.3194701335422	585.3574581511804	0.0	614.5874007070594	488.32231876614367	0.0	612.6914665942157	543.3804326954776	0.0	710.2539773237489	598.7715420282889	0.0	767.8079994795534	723.7327095821285	0.0	803.8538867931003	875.3686065992605	0.0	498.295141011837	607.8212880338592	0.0	443.31560682628907	770.863141003307	0.0	451.1887114016591	792.5264785143314	0.0
100	3.3419243986254297	614.6109269249354	870.2438252233762	0.0	674.6457075510724	878.5054929970386	0.0	665.5480772306352	1135.9093639095422	0.0	645.6403971246252	1362.4200122124132	0.0	627.0766500678121	1395.0358294998596	0.0	666.2618432112695	1404.3428322170548	0.0	634.7798424804489	1398.4453546644784	0.0	558.3127176405076	880.7595338732148	0.0	559.4080576459401	1080.1584068061868	0.0	559.116336995018	1093.8526987938637	0.0	560.5687552853101	1250.2677982604428	0.0	529.6495184472869	1236.0556395397502	0.0	563.0049189003687	1066.679688891285	0.0	607.4287514100733	584.5247566902282	0.0	618.0309509360748	486.63005457902557	0.0	617.0627732368309	543.452859836963	0.0	712.9630329647559	597.7577776008483	0.0	771.9055259564223	723.4343543983165	0.0	806.2022840063058	872.9648068187506	0.0	501.63032768915343	606.4233032019313	0.0	449.13971360287815	767.8978296900782	0.0	455.028973492268	784.1293811734433	0.0
101	3.375343642611684	617.5157555783894	867.9137427021526	0.0	678.0004802259301	877.0441364237379	0.0	666.7920304045535	1139.9358307388775	0.0	645.5576130601269	1362.5527318991453	0.0	630.2495659494241	1392.9471843015567	0.0	666.9155231690112	1399.7130293441096	0.0	634.3031170177323	1398.2575112668715	0.0	561.340578000417	879.9488304037528	0.0	561.3460535536253	1080.4272445724905	0.0	560.3773961901913	1095.6296991506347	0.0	558.0717337496219	1350.2919410006048	0.0	529.6260095737257	1340.032430460224	0.0	563.9405697524894	1067.8727890420207	0.0	611.2968107970787	584.1742182674067	0.0	621.0158228120484	486.67482290790196	0.0	620.7120309305557	543.8111441549323	0.0	716.7351727239692	596.0432801602911	0.0	776.0769685342863	722.7418341776557	0.0	807.4726522275237	871.8791593027302	0.0	506.0833915188813	605.1314321503164	0.0	454.80518990032033	766.4889323113073	0.0	459.4797524854767	779.4853118519263	0.0
102	3.408762886597938	619.4878639885018	865.6292475488016	0.0	680.4641909677732	875.0447579259753	0.0	667.9477006593561	1143.7584170000484	0.0	645.6572055256603	1361.8554590494455	0.0	629.9998053612615	1390.2201188127087	0.0	667.2570053556241	1396.9017086965475	0.0	634.8080790927875	1397.904616451789	0.0	563.0153340846925	877.7319286637548	0.0	561.5534774452748	1079.6567095882126	0.0	562.1672226731616	1096.0228179809856	0.0	555.9485040865413	1341.3859163243114	0.0	529.072739558471	1403.787398542026	0.0	566.5387571916483	1079.5000492484419	0.0	615.6668082862991	583.6740064718334	0.0	622.9730011804185	487.1815409383187	0.0	623.4089342098804	543.2565326142362	0.0	721.6625064979678	595.7376107209586	0.0	779.6882040455063	722.9996895592258	0.0	807.7143770207637	871.9494658838447	0.0	511.4050906352999	603.3562109795205	0.0	459.5357203705096	764.2265938293418	0.0	463.6754108751731	776.8197335770434	0.0
103	3.442182130584192	621.0136703199022	863.5865069088047	0.0	681.4137346224468	872.9440539230029	0.0	668.3343858155071	1144.369095034819	0.0	645.9261576426755	1359.9989860487701	0.0	628.6341424495529	1387.8054781004153	0.0	666.7441385988595	1396.5000168257222	0.0	636.4058208744277	1397.4845436950648	0.0	563.7007358346491	874.4323954587145	0.0	561.5300801979158	1078.2740222031027	0.0	564.20958423639	1096.1864488181907	0.0	555.2961615826415	1230.5308369822508	0.0	528.0790255421997	1409.4044733161732	0.0	570.722195439564	1099.8377944528447	0.0	619.831829510114	582.80967562728	0.0	624.1217288405797	487.4764792612793	0.0	626.0294927822712	541.9719573424061	0.0	726.4884789671041	597.2112855449244	0.0	782.0475455069984	724.7066561771018	0.0	807.5405970894906	872.6403319363527	0.0	516.4935479027911	601.3488947465294	0.0	463.9966753784197	760.1170512133741	0.0	468.6941387320624	771.7725297561676	0.0
104	3.475601374570447	623.0168406139603	862.9648394552593	0.0	681.8381092825482	871.232191644488	0.0	668.5154041121972	1142.4523715467674	0.0	646.4901395386379	1358.0652812806443	0.0	628.0830968241268	1386.7314005353467	0.0	665.0448591458551	1397.4069787648623	0.0	638.5357238248907	1396.1871122916377	0.0	565.3780538311476	871.7164762423185	0.0	562.5284078947208	1074.3301418952137	0.0	566.725986918472	1096.084464746713	0.0	557.6639465291436	1134.5575190346183	0.0	528.9801822392432	1388.3253889980206	0.0	574.6985793397066	1113.9411697486307	0.0	623.5313111797782	581.7332309660521	0.0	625.6700927206949	487.9551935959101	0.0	628.9159473571439	540.484167343978	0.0	729.6848364105861	598.4558644460081	0.0	783.6999622469377	726.5368870434941	0.0	807.4745286830209	873.4559650031465	0.0	520.9160703240224	599.4837948424579	0.0	468.5117722433443	756.3155323337445	0.0	476.1558351504615	765.4073894863815	0.0
105	3.509020618556701	625.8841236178863	863.6904687752864	0.0	682.9399575047352	870.0215294984866	0.0	669.3835775270929	1140.5098747636503	0.0	647.1926221024878	1356.9664049844448	0.0	629.2072205461243	1386.3024850839647	0.0	663.5027926784514	1398.3622068443235	0.0	640.1802448465091	1393.2413052045083	0.0	568.9729093477486	870.3807104299511	0.0	564.6946049212502	1065.8507358803195	0.0	569.9211071862658	1095.2577285528193	0.0	562.6693150272462	1123.8307721712342	0.0	533.4291256404445	1367.1989609904495	0.0	577.3163094411133	1112.9042531443156	0.0	626.6780475777572	580.925437838115	0.0	628.3568342372977	488.9495898000447	0.0	631.2372172024567	539.9040556526562	0.0	731.1210300064703	598.369058295028	0.0	786.2549599959218	727.2832034238564	0.0	808.0899877490366	874.157549171008	0.0	524.7326616718096	597.9301752780023	0.0	472.0918600919877	754.3328135603497	0.0	484.16386638366833	761.4786736901848	0.0
106	3.542439862542955	628.7031668227644	864.0020886612567	0.0	684.3100021919755	868.8363290588029	0.0	670.7882102013273	1139.7517891928046	0.0	647.888379885621	1356.4013448076419	0.0	630.81772915892	1385.8192491519337	0.0	663.898799866975	1398.9546055041903	0.0	640.8051557701988	1390.3131193080662	0.0	572.5848495867882	869.2299420608493	0.0	567.2624818231495	1056.2405816086602	0.0	572.4544357086285	1106.8347001258594	0.0	566.8175583669741	1187.1452152130623	0.0	538.4223008692892	1355.2511877288225	0.0	578.768175446071	1119.5471903282582	0.0	629.2246002272973	580.8465773535102	0.0	631.9571348487433	490.10019954442504	0.0	632.9731769274126	541.1643874378452	0.0	731.9666664702625	598.0352899265897	0.0	790.0834024657141	727.4240172010055	0.0	809.2839354827237	874.783111563605	0.0	527.9895238598566	597.0259640322289	0.0	474.0729399739367	753.5267339498837	0.0	488.7745838263963	760.8952215923993	0.0
107	3.5758591065292094	630.4376983573823	863.2166136874654	0.0	685.0322895202736	867.2914306959914	0.0	671.7999260792649	1139.4022060197397	0.0	648.5269105626644	1356.086052560581	0.0	630.9133837011747	1385.5181624231936	0.0	665.9755869376529	1399.21411775617	0.0	640.7395900397447	1389.7440167685904	0.0	574.0331176571157	867.4322184293192	0.0	569.3100915068775	1050.896803049265	0.0	573.1299490606586	1152.4286148115177	0.0	568.6140909373014	1276.23340886339	0.0	540.7425855441039	1352.4984216752575	0.0	579.4275610758788	1166.8830261376838	0.0	631.1103722193976	581.2097054566829	0.0	635.7476450436735	490.45920053739945	0.0	634.9897085075183	543.2366798450946	0.0	732.6586909556083	598.3376895381349	0.0	793.8013009171154	727.2146166275919	0.0	810.6683101284541	874.9783265745734	0.0	530.7761601433152	596.9018279732975	0.0	475.1282577139222	752.9584139065761	0.0	488.4834462368583	762.1371423019849	0.0
108	3.609278350515464	631.2729931770629	862.2774735234653	0.0	685.5434338312532	865.9025868325747	0.0	671.9389018642192	1137.9559337763897	0.0	648.8351042030414	1355.7466717020145	0.0	630.0278975312632	1385.2011514219282	0.0	667.3973050363181	1398.8479229535549	0.0	640.8778506372316	1390.357698845997	0.0	573.9249672899355	866.0279168471695	0.0	570.7345874800658	1049.8738060099984	0.0	573.4950493928658	1220.6826723250203	0.0	570.8542790955431	1335.998684441894	0.0	542.6725616454794	1353.618604837431	0.0	579.9544690173483	1243.7140963045283	0.0	632.1792754577613	581.3500631534289	0.0	638.2364097608528	489.83647955021473	0.0	636.8345480899512	544.128901806392	0.0	732.7932904443228	598.7800656419232	0.0	796.2172444340856	725.7550647359225	0.0	812.4534748120115	873.5693701970242	0.0	532.8944866635559	596.9495523612981	0.0	476.46896901619755	752.529737557383	0.0	485.53770791465877	763.7091259884427	0.0
109	3.642697594501718	631.9272373518384	861.7588660712084	0.0	686.5971731150721	865.1586321435586	0.0	671.6981591305471	1135.3880050455493	0.0	648.5878508613044	1354.7398194026823	0.0	629.9110138267835	1385.1354953798775	0.0	666.1298063554134	1397.9994828656495	0.0	641.7628924706286	1389.2907476358207	0.0	574.4409557634938	865.7457652272846	0.0	572.1018214568157	1049.274467792415	0.0	575.8446404942605	1268.423117200399	0.0	575.1928653545643	1350.1712779704928	0.0	547.0968450897005	1354.1232640900464	0.0	581.2750434055581	1300.3333637420399	0.0	632.7308084433797	581.0998864232902	0.0	638.183510290376	489.37010273519434	0.0	637.1883684330609	543.6036785800803	0.0	732.6990583829131	599.002301668311	0.0	797.4687840499695	723.1265464587117	0.0	814.3842364744008	870.4150133201819	0.0	534.2347557181208	596.5690256531768	0.0	478.6390565323135	752.3873918836582	0.0	483.6869485976747	764.6910732129013	0.0
110	3.6761168384879723	632.5875821297308	861.3346761682666	0.0	687.835160475252	864.8714988782497	0.0	671.7018528461412	1133.090787691126	0.0	648.1273692773185	1353.426067666944	0.0	630.528483364558	1386.547469698058	0.0	663.2155102466107	1397.5142086071212	0.0	642.7865427563365	1387.1657937680698	0.0	576.20580311971	865.9688979214949	0.0	573.871113029744	1047.5951239480148	0.0	579.4641345769606	1279.9940143323424	0.0	579.6762879598532	1345.8898772254242	0.0	551.6650783692488	1353.7857256693987	0.0	583.229380357214	1315.4353741002444	0.0	633.5773516522481	580.8420427822361	0.0	636.618866688063	489.58044285272376	0.0	636.4403830909498	543.227827190368	0.0	733.2667464780651	599.5815612692553	0.0	798.2702971492131	721.2633877609586	0.0	815.3684380697667	867.4946381700869	0.0	535.3205024128061	596.1224720007846	0.0	480.8177667374522	752.6984149011402	0.0	485.3039535725587	764.1160772703475	0.0
111	3.7095360824742265	633.1735371730314	860.7382985742586	0.0	688.7738516632776	865.1058812766859	0.0	671.9702037875409	1131.544037499235	0.0	647.8751115686998	1352.8272805450822	0.0	631.1282668804823	1389.1841472400822	0.0	661.6154976190634	1397.4560232006017	0.0	643.0342144323629	1386.5315984176996	0.0	578.2992120304268	866.6028926771922	0.0	576.1662005553524	1046.8774659594546	0.0	582.0123303484726	1278.1197645165066	0.0	582.6377796553082	1347.604514851396	0.0	553.6719243237395	1355.1240399648175	0.0	584.9616398054743	1312.4239832845233	0.0	634.972594811932	581.059434553315	0.0	635.7004964862637	489.82822266595343	0.0	636.451315083755	543.7310261461832	0.0	734.5019058282148	601.0541770288041	0.0	798.8587362672661	721.8231394538142	0.0	815.0102284607605	866.6162342620772	0.0	536.4894553277489	596.4430437876566	0.0	481.89258521323063	753.603285403693	0.0	490.05800052399945	761.2439161616765	0.0
112	3.742955326460481	633.674475160245	860.679967979432	0.0	689.3884267524394	866.0607443676613	0.0	672.2608926847715	1129.8432627133996	0.0	647.7539588966955	1352.5178051671642	0.0	631.956308606154	1391.0366970053885	0.0	661.9930704361926	1396.937406888736	0.0	642.7536883020681	1386.9460860300876	0.0	579.9921045676309	868.1641480144217	0.0	578.7837046902134	1049.501328887943	0.0	583.1840092210714	1281.9004639517952	0.0	584.7609605096825	1356.811409203658	0.0	554.9684878641634	1360.0107261960989	0.0	586.245130024506	1315.8929984719628	0.0	636.2246688353482	581.7378673737251	0.0	636.1488901762376	490.14804253882585	0.0	637.9753351690922	544.2050858175877	0.0	735.385424496466	602.7547246007944	0.0	798.8469614537041	724.6273775639706	0.0	813.8354896820845	867.390968252352	0.0	537.6696088025934	597.3558242274162	0.0	482.2131289618845	754.3869947442788	0.0	495.3479408210756	757.0926167357727	0.0
113	3.7763745704467353	634.0866544554669	861.9159540082275	0.0	689.6700020291344	867.2142112293094	0.0	672.4409971000111	1127.4086468602763	0.0	647.630000361397	1351.4894971394217	0.0	633.152659309376	1391.1731560756195	0.0	662.839810654582	1395.8752751614427	0.0	642.8078836714943	1386.4430415154602	0.0	581.0192369194483	869.9089005566962	0.0	581.3264578907696	1055.3404586068239	0.0	584.7755984646017	1290.2064682853631	0.0	586.5121475179762	1364.47778622427	0.0	557.5866697176642	1365.8112863145261	0.0	587.5370732132276	1326.7728569824221	0.0	636.7331691862162	582.583852745939	0.0	637.2250669854251	491.1713761080158	0.0	640.0736441474845	544.2943090943196	0.0	735.5271244754274	603.3557681976768	0.0	798.1713001550331	728.815606223529	0.0	812.3546168467689	868.283394768412	0.0	539.0151139958007	597.9441590929657	0.0	483.0000635326819	753.9065512952048	0.0	498.66169589680857	754.3792930718164	0.0
114	3.8097938144329895	634.4559888964493	863.5712597097478	0.0	689.8287647143379	868.1107033448122	0.0	672.4687257364908	1125.2776893832406	0.0	647.5656991296677	1350.5331849661507	0.0	634.0059822994334	1390.54851250847	0.0	663.6351366225265	1395.2887519446172	0.0	643.1911027982486	1385.820685405525	0.0	581.4230040704468	870.5316114322809	0.0	583.2403712613501	1061.4558466818398	0.0	587.9716060877696	1294.0639301680437	0.0	586.6159465002271	1363.2175100932068	0.0	559.6888097858033	1366.3747660395984	0.0	589.6472105368659	1332.1410329755718	0.0	636.6873566822259	583.5895114406849	0.0	638.0543384574647	492.6996061722687	0.0	641.4759258687187	544.8053280733665	0.0	735.7420583878832	602.9047123274413	0.0	797.8386380201626	734.2373502047263	0.0	810.7760637868231	868.193307749809	0.0	540.3665409208205	598.5586575805722	0.0	484.59464267487573	752.3560253831654	0.0	499.3941668595224	755.3135338504956	0.0
115	3.843213058419244	634.7462790783366	864.5227923011591	0.0	690.1260843814991	869.1430104028711	0.0	672.4083991439799	1124.9765331071271	0.0	647.5774625498985	1351.2207358781022	0.0	634.6432478485074	1389.9823584194269	0.0	664.8709941183853	1395.6702385305055	0.0	643.4289304519217	1386.8617113493704	0.0	581.49067768764	870.3683574237482	0.0	584.1257037382177	1064.6378089084956	0.0	591.9081980956234	1288.732609825087	0.0	585.8016149210923	1351.3190704788665	0.0	559.7735749793947	1357.9943235962894	0.0	593.0056575346075	1324.5821259365352	0.0	636.5459689800587	584.5211993345007	0.0	638.2927190138619	494.07459010743196	0.0	641.4611410225475	545.9369529620463	0.0	736.3332702948122	603.0044863964241	0.0	798.6954721073602	740.6518131496017	0.0	808.9154297268167	867.2268307907889	0.0	540.9913086265904	600.1269994550878	0.0	486.27903080496986	751.0128451552682	0.0	498.44842779914524	759.7659002162916	0.0
116	3.8766323024054983	635.0676975328694	865.3978961225539	0.0	690.5915719056666	870.4094501213044	0.0	672.3612225515071	1126.2449550249385	0.0	647.6149045170562	1353.1901598854136	0.0	635.7360603572198	1389.0988354077242	0.0	666.4818506662226	1396.6547865812033	0.0	643.5269077777454	1388.346692133746	0.0	581.4679906171942	870.9266863266691	0.0	584.2115414580163	1063.6823489888134	0.0	595.340745718789	1275.7408974307534	0.0	587.967013922271	1332.8356292840342	0.0	560.8217701237368	1342.1661881287007	0.0	596.9455169230978	1307.9335220816122	0.0	636.5276765227111	584.9394683800962	0.0	637.9714724125773	494.97233861667746	0.0	640.1877543479837	547.026109237989	0.0	736.4943383334113	604.6284086838331	0.0	800.1233636433525	746.8619217412528	0.0	806.6833814603201	866.9364370074954	0.0	540.8588491862706	601.9124813667473	0.0	486.89010303451187	750.5863099451495	0.0	497.2920157033533	764.9652266687032	0.0
117	3.9100515463917525	635.5682123994535	866.7215349104449	0.0	691.0732065095434	871.0160751480789	0.0	672.434253713667	1127.3852087969726	0.0	647.6169197764252	1354.5314612309357	0.0	636.6206687415474	1387.5547910195748	0.0	668.1515947953961	1397.8611745450198	0.0	643.5123584871623	1388.273708211988	0.0	581.5076681556898	872.2474829862865	0.0	583.9621886843604	1059.954595180096	0.0	597.7518930372925	1259.7879258056828	0.0	593.8725026054584	1315.8169392487086	0.0	565.6910191942917	1324.9131672776823	0.0	600.1991220080514	1288.2665369813394	0.0	636.713036668847	585.2588627726714	0.0	637.0500920921125	495.1640467341948	0.0	638.4674477498035	547.6762802785759	0.0	736.0780188797609	607.2142145877685	0.0	801.0795593430446	751.8421228863883	0.0	804.7641234196078	867.8843850856454	0.0	540.7258348376495	603.12002411598	0.0	485.79474678952033	751.4908726670982	0.0	496.7777507078384	767.9101726669198	0.0
118	3.9434707903780066	635.8430063775136	867.5170143269311	0.0	691.2947706759948	870.6096293733743	0.0	672.8635723280353	1127.5509506887618	0.0	647.5145486643848	1354.6332335416134	0.0	636.848104044354	1385.7956321697002	0.0	670.3766774848757	1398.5920127840297	0.0	642.9135468447505	1387.3562102848111	0.0	581.6525280101096	872.8046217514313	0.0	583.9297062991659	1057.0663543955795	0.0	598.5947994638394	1246.8721130197728	0.0	599.2781291012413	1306.9530807104952	0.0	572.1469299092421	1313.2940788154358	0.0	602.1700886575661	1269.9848526664055	0.0	636.9516435901936	586.4675541720392	0.0	635.5253842025993	494.54699476056567	0.0	637.1549651072738	548.0714779946202	0.0	735.8952869352217	609.9142790558176	0.0	801.3935719953499	755.7031106970876	0.0	803.8038181426743	868.4194966148608	0.0	540.7869498497107	605.1667476629106	0.0	483.9122625990795	754.5023513563007	0.0	496.68940317265606	768.5347986827651	0.0
119	3.9768900343642613	635.7646332019958	867.7035352451192	0.0	691.4156039328176	870.5503344056247	0.0	673.7872894679848	1127.2441894063727	0.0	647.3707703613361	1354.540859765152	0.0	637.1744435465624	1384.380197852441	0.0	673.0425315523355	1398.2547000143052	0.0	641.4968280959736	1386.8674743413033	0.0	581.9535618540433	872.7306738901325	0.0	584.709391977806	1057.2794136143812	0.0	598.1053411147224	1241.2481129955609	0.0	601.3493001472874	1304.2164364755338	0.0	576.1875981827209	1307.9180555233634	0.0	603.2242863156627	1259.0261731218102	0.0	636.7255172897505	588.6096810725029	0.0	633.8087701852571	494.08846142197206	0.0	636.5645355101681	548.8638460832294	0.0	735.8970472642698	612.3448791627576	0.0	801.4487122159513	759.1302555485162	0.0	803.6002406905194	867.7748262902994	0.0	540.6779494791908	609.0613148321676	0.0	482.75318347786106	759.2593776954692	0.0	496.5323497266524	768.8725843659606	0.0
120	4.010309278350515	636.0172757766851	868.4976603985133	0.0	691.8628706227968	871.9879194922796	0.0	674.9139913903718	1127.0704653012356	0.0	647.4464263032207	1354.7446313875557	0.0	637.7723269486441	1383.6426589698528	0.0	674.1576293290935	1397.5231575614946	0.0	640.2506108283262	1386.3780095274872	0.0	582.7150790964014	873.7914192204573	0.0	586.2649002466812	1058.4550903591721	0.0	598.0353835221152	1242.6063014163333	0.0	601.5007082393482	1300.0963126395325	0.0	577.1730247923153	1303.4704803748712	0.0	603.6026268621238	1259.7001523035265	0.0	635.875725087183	590.5398369826597	0.0	632.2033898686689	495.55718345716394	0.0	635.8091128076896	550.8025554917275	0.0	735.362996480691	614.1400086777041	0.0	801.3656873026376	762.3203768301629	0.0	803.8262759210251	866.7226442644177	0.0	540.3058367068369	612.4434062678482	0.0	482.6322344773544	762.9789573944927	0.0	496.1304103083131	769.7098493096594	0.0
121	4.04372852233677	636.6919405087027	870.0663129597582	0.0	692.4724727766803	873.71100755012	0.0	675.8289885529493	1127.1536983689305	0.0	647.7657670787759	1354.7840772603206	0.0	638.6415108836408	1383.5735521942431	0.0	673.122648065413	1397.2779460749177	0.0	640.4101175879358	1385.4832917977674	0.0	583.8661998424421	875.6484378219609	0.0	588.2608701557989	1058.4453640902454	0.0	599.7063321395773	1245.8345554041862	0.0	601.7164399420025	1293.2798878521332	0.0	577.5624379984044	1299.0677263433822	0.0	603.6925691174782	1264.8238028962342	0.0	634.9741206892305	591.3926699390108	0.0	630.3147240339817	498.7950101342488	0.0	633.9577270648379	553.5081444406438	0.0	734.3674881500676	615.1349721873137	0.0	800.7806822592163	764.8920825381213	0.0	804.1893010030293	865.7539954837998	0.0	539.7190873976299	613.0147325866627	0.0	482.64125879719785	763.3601188456786	0.0	495.5929023605254	769.8807192171856	0.0
122	4.077147766323024	636.9336912371706	871.3342033383634	0.0	692.8266862813712	873.9110640594159	0.0	676.5260698978536	1127.3373299115783	0.0	648.074435741533	1354.558203078728	0.0	640.4906350482531	1383.8513697958106	0.0	672.2238588279571	1397.4821472131014	0.0	641.554812856655	1385.1604706482333	0.0	584.4880742783126	876.2243600631847	0.0	590.5035290286635	1058.8445220792992	0.0	602.5945518383244	1244.318811802436	0.0	601.6867503400908	1287.9812374020255	0.0	578.9848793250052	1298.6757510623015	0.0	604.6124819169647	1260.3767617157444	0.0	634.3515951031656	591.6922695288438	0.0	627.9635114491333	501.3545208810561	0.0	631.9993861717281	555.3617421180213	0.0	733.5192059240275	615.8604040482281	0.0	799.4674058110531	766.7273883527787	0.0	803.8501935581321	865.223573698857	0.0	538.726928367897	612.6611603400763	0.0	482.03419927699605	762.1991580237714	0.0	494.931973597937	769.153161692137	0.0
123	4.110567010309278	636.6410703345962	871.1948307073226	0.0	693.0756456094796	872.7944481137014	0.0	677.327021272964	1127.258374778603	0.0	648.6316969981881	1354.5901366857913	0.0	643.0994527087114	1383.83441489246	0.0	672.716244156587	1397.478096740394	0.0	642.465453786762	1386.2662517863257	0.0	584.453779534451	875.2737078092856	0.0	592.6636278022196	1060.8387360231668	0.0	605.6170961761668	1237.3786323901447	0.0	600.973627290238	1285.120312783263	0.0	581.0598142903232	1301.4009454142092	0.0	606.5779722468686	1245.1609285108486	0.0	633.8197177641413	592.7271803505295	0.0	625.7312742301104	502.0561324983621	0.0	631.1326803995887	555.9181317733903	0.0	733.1626317666254	616.8518757677646	0.0	797.8694542674738	768.239955678613	0.0	802.3992360864725	865.1416412903831	0.0	537.5448933375139	614.0711980497937	0.0	481.2361463723697	762.717674534275	0.0	494.1939925409605	769.4971731641988	0.0
124	4.143986254295532	636.9112560954269	869.630950663976	0.0	693.6593298900212	871.9572854673448	0.0	678.224273288871	1126.4568220256467	0.0	649.764855170829	1354.8630203924338	0.0	644.423896468361	1382.4097163222302	0.0	673.4657208881903	1396.3331779601801	0.0	642.9506145971498	1387.493892341448	0.0	585.1887743482771	874.307533271309	0.0	594.3993356371709	1062.5014256375166	0.0	608.4177650263771	1230.3909026131985	0.0	601.9335405969383	1282.4571092705082	0.0	583.3022648074374	1301.5078676206933	0.0	608.5643042839771	1227.9708597192046	0.0	633.3036599949154	594.6929819086396	0.0	623.7855032717202	501.9805866818467	0.0	630.2163717974063	556.6525459251756	0.0	732.8336109169699	617.8880105797067	0.0	796.3042677765668	769.8881606237247	0.0	800.7721025894153	864.514913561801	0.0	537.1187750340853	616.3795647194248	0.0	481.13822901969615	764.9899967418626	0.0	493.76974785107893	771.024564534301	0.0
125	4.177405498281787	638.1745374755492	868.129502744484	0.0	694.3720391524021	872.2935704347551	0.0	678.6708875508259	1124.6778101648583	0.0	650.7932093926084	1354.0532281577864	0.0	642.970002107565	1379.64434206133	0.0	673.6628642485352	1394.312528434532	0.0	643.3049319182658	1386.602466484045	0.0	587.0470746984347	874.2177505530611	0.0	595.4339337151457	1062.5164978287196	0.0	610.8604656053054	1227.0100553278205	0.0	605.9594472776861	1279.615657327365	0.0	585.0645948635106	1297.5753108119522	0.0	610.219409893342	1212.6891296288452	0.0	632.6409215618843	596.0336289636326	0.0	621.7183420634296	502.1863651955739	0.0	627.9643886438977	558.1533368063778	0.0	731.5725854051593	618.311448498715	0.0	794.141519982202	770.9676119862868	0.0	799.6957651217161	862.6029990404684	0.0	537.5255565723575	617.5456816895386	0.0	481.8614156878332	767.0618714327526	0.0	493.7748099095058	770.8631881364138	0.0
126	4.210824742268041	639.2801338669159	867.8859567840648	0.0	694.5851342061778	873.165443033432	0.0	678.3741693198579	1122.3188293477717	0.0	651.1687173394434	1351.353287967717	0.0	640.2965734734368	1377.6110783197128	0.0	673.7033532103471	1393.0982888952533	0.0	643.5160512183469	1383.8229124572972	0.0	588.226021837211	874.8056918180409	0.0	595.7952642420526	1062.3049351169307	0.0	612.3974255575072	1226.631256581914	0.0	609.8947477186899	1278.6010614511556	0.0	585.4496067444745	1293.649590591551	0.0	612.0823441347936	1204.9016603106568	0.0	631.4410723548949	595.8163748796163	0.0	619.5515120819938	502.58663489849437	0.0	625.559948522619	559.2937793050054	0.0	729.4416142808893	617.9107469768744	0.0	790.8356142171992	769.7923023181526	0.0	798.5936188802984	860.2847286595364	0.0	537.4020936948144	617.9964022603691	0.0	482.8516548564561	768.1127033355674	0.0	493.63155627615276	768.807466008611	0.0
127	4.244243986254295	639.1497448659775	868.5668562507865	0.0	694.2838958354973	873.694956182851	0.0	677.7639412794587	1120.2126348472966	0.0	651.6687598876015	1348.420514678029	0.0	639.0003884658365	1377.5622294382135	0.0	673.8776751805829	1393.1403376114993	0.0	643.6769939613455	1381.6164193677132	0.0	587.6707011899181	875.6807693048466	0.0	595.8578908836814	1063.028420370367	0.0	612.6530031072134	1227.2214541621138	0.0	610.6623028881703	1279.4857569000417	0.0	584.7433625403656	1292.4471731374422	0.0	613.9990952211788	1214.4213339256173	0.0	629.6823125368156	595.1927945541102	0.0	617.3533651868136	502.66796557969536	0.0	624.1609371637555	559.571122458358	0.0	727.546779864557	617.2599935590315	0.0	787.2026965552922	766.8370763277472	0.0	797.1922168070939	859.0800359597763	0.0	536.1217128732666	619.0746465806099	0.0	483.5415926759662	768.4459151853987	0.0	492.71880666840804	767.9991363394718	0.0
128	4.27766323024055	638.156383767231	869.3763775212291	0.0	693.7942971583819	874.0528097860862	0.0	677.4001853894678	1118.4488152892409	0.0	652.8985710828181	1347.4551032346287	0.0	639.2411710708179	1378.5314310506883	0.0	673.9673805302164	1393.4367058019925	0.0	644.2548299427646	1381.1626776953085	0.0	586.576805435752	876.663885656841	0.0	595.5363490694009	1063.5524860395947	0.0	612.1180605818894	1229.2232610552414	0.0	608.856246071695	1279.7315871634446	0.0	583.9436153934571	1293.3090995827947	0.0	614.8513904693777	1241.6623632311835	0.0	627.7041238878816	595.2147803325842	0.0	614.5893585840467	502.75424734562665	0.0	622.3646622393112	559.6342710053376	0.0	726.2378979159433	616.8594865796241	0.0	784.5294091771276	765.0840705293191	0.0	796.4274337141701	859.554843288554	0.0	534.6524528029053	620.2613703533888	0.0	483.67786113924194	768.3668743304582	0.0	491.42590786335563	769.3991931613464	0.0
129	4.311082474226804	637.2277197128356	869.371947030469	0.0	693.1231140322617	874.1563088631972	0.0	677.4983432062432	1116.5284116163753	0.0	654.0541552379755	1348.2492690627573	0.0	639.4419560133351	1379.4454516481019	0.0	673.949829807424	1393.6302613979967	0.0	645.4596922329413	1381.3772439128215	0.0	586.1417189193493	877.0424011476753	0.0	594.3983692135457	1062.2736139562685	0.0	611.6987524093131	1234.3103224275917	0.0	606.6304766713691	1279.5981135398215	0.0	583.6941095320585	1294.6994746342828	0.0	614.474738892316	1270.9085934610316	0.0	625.7093644429958	595.6436183651414	0.0	610.946231185114	503.54323600893684	0.0	618.6751544321464	559.9871287980717	0.0	724.9000009011252	616.493464470982	0.0	782.9696082594483	765.428032674777	0.0	796.7942367765506	861.2177041946228	0.0	533.6108513777285	620.8054269956071	0.0	483.6032265339864	768.0858379025088	0.0	491.0195750975354	771.4235323535167	0.0
130	4.344501718213058	636.8108526150286	867.4575147128417	0.0	692.3790955052046	872.9282570772803	0.0	678.0103050866093	1114.9752590260177	0.0	654.3640898860489	1348.3211582542458	0.0	639.2136248657672	1380.3834622247314	0.0	674.0807104750156	1393.7499293054914	0.0	646.7526782840386	1380.836880709651	0.0	585.9933508063673	875.528394592125	0.0	592.6650516885005	1059.3591542784798	0.0	611.6871751800156	1234.0627145466233	0.0	605.2798018782613	1281.7619842346826	0.0	583.9187188500113	1296.0261385530762	0.0	614.4257444990966	1273.4305609535443	0.0	623.7829580479224	596.1482878566519	0.0	606.9163406872468	504.60102900764616	0.0	613.7883656310961	560.700531097515	0.0	723.6203483692897	615.911743365071	0.0	781.7616413558111	765.4040202253811	0.0	797.3295706518212	863.1257345601539	0.0	532.4146137155079	621.7267411908133	0.0	483.8032489787174	768.3255927691667	0.0	491.87146666580065	773.2088150020271	0.0
131	4.377920962199313	636.8230764755855	863.9998424902046	0.0	691.9981298959616	870.3569798481146	0.0	678.8036876848882	1114.554201089296	0.0	654.398138233109	1345.6122102604938	0.0	639.4143593140614	1381.3769542178109	0.0	674.3427864879802	1393.0234634574122	0.0	647.5806481180016	1378.8712924987246	0.0	585.619820569306	872.313790261671	0.0	591.0907839077117	1056.7096950962955	0.0	611.3795709108002	1208.453879733214	0.0	604.714584338932	1284.893281567628	0.0	583.3666287995231	1296.4793718835483	0.0	615.2408300944066	1226.5408340342356	0.0	622.0411628909476	596.7194204915401	0.0	603.0710988360975	505.26467785041723	0.0	609.0645939265723	561.7613690416044	0.0	722.8260159467933	615.295439809348	0.0	780.5320642578945	763.4265862172942	0.0	797.0537746043958	864.4056564924364	0.0	530.8300983352851	623.8323986477972	0.0	484.14903996830634	769.994257478295	0.0	492.89074629033115	774.3420398838217	0.0
132	4.411340206185567	636.771485710104	861.3234861814143	0.0	692.1545063664531	868.1549756015852	0.0	679.6160599244137	1113.8668035874443	0.0	654.8903293561609	1341.207144215974	0.0	639.7505639977229	1381.292431994278	0.0	674.5022285699891	1390.8657513522287	0.0	647.9135572836623	1375.6862116349416	0.0	585.4549720620414	869.7576553508003	0.0	590.017075662003	1055.8814827346632	0.0	610.02125282162	1153.702154188453	0.0	604.3770259250891	1284.7792070239564	0.0	581.2898411949953	1292.6740221227	0.0	615.3660144427284	1146.7729903080299	0.0	620.290921755968	597.3430223111814	0.0	599.6803007401828	506.1215042045789	0.0	605.3747984850569	562.8752066944387	0.0	721.3958316986775	614.8529996680917	0.0	779.7161656990545	760.3472981841464	0.0	796.3240738397569	864.4346482230801	0.0	529.6290695527372	625.9999523158118	0.0	484.2854521174299	772.3381180194699	0.0	493.10658948138405	774.0958191228809	0.0
133	4.444759450171821	636.4294459220157	861.1432474933885	0.0	692.4576049993859	867.5497707755032	0.0	680.2247189009655	1111.1887299766254	0.0	655.5337703930052	1337.7377270241057	0.0	639.3715615993972	1379.1748059530844	0.0	674.5585436064117	1388.1586037955306	0.0	647.8821887890672	1372.2846829960893	0.0	585.6409994099325	869.5036922426399	0.0	589.0260679427345	1056.56229114836	0.0	607.9066029532754	1098.7890002953975	0.0	603.7319514907446	1282.299582153268	0.0	578.7904999461772	1284.0463580094379	0.0	613.9958916026807	1082.5170192688	0.0	618.0328136051762	598.1288375960468	0.0	596.8379778321539	507.5871085325799	0.0	602.981241292277	563.3696320485508	0.0	718.2135578252937	614.7068835591037	0.0	779.5730910703265	756.9671575418088	0.0	795.9692178394147	863.1065596257165	0.0	528.9035311388715	627.123865250212	0.0	484.1045543814342	773.8703290763633	0.0	492.8000846322821	772.4281084459923	0.0
134	4.478178694158076	636.1240473633458	862.3998803343409	0.0	692.35958672916	867.6165815283098	0.0	681.2047422316696	1107.6400555694954	0.0	656.0841131618739	1334.6161512172018	0.0	639.03046247663	1376.0997897519499	0.0	674.7310289942124	1385.5229951426552	0.0	647.8293716471662	1368.9404552024548	0.0	585.3889087701943	870.1281237793482	0.0	587.5664211738273	1056.943075827334	0.0	605.8366419893631	1071.9769254079986	0.0	602.0917162057546	1283.8687616392128	0.0	576.4684808784682	1278.0453736293684	0.0	612.069677578277	1059.4472596307623	0.0	615.6272095078739	599.3870430053719	0.0	594.1042444136815	508.62133335283204	0.0	600.8108675633799	563.2753886020396	0.0	714.6167492440774	614.9009024174816	0.0	779.3101511810225	753.679261425874	0.0	795.9305530303599	861.390118805315	0.0	527.4590384396844	628.0513044531788	0.0	483.64420812292127	774.9940121116963	0.0	492.7587287131669	770.2588012656356	0.0
135	4.511597938144329	635.9000787980634	862.9290634718093	0.0	691.6439288047563	866.803354153857	0.0	683.4062359791275	1104.6219732317509	0.0	657.2874379408158	1328.2552816574507	0.0	639.1142227339609	1373.7571628706621	0.0	675.0783114572731	1381.313186802166	0.0	648.5903094939158	1363.7728250628147	0.0	584.3724576163419	869.459032733763	0.0	585.7788332435817	1054.4767950037415	0.0	604.0011613470841	1070.4475351399005	0.0	599.5059550353034	1289.1165265681816	0.0	573.636175951381	1280.0920903861825	0.0	610.5010557778511	1062.5136368821331	0.0	614.1384665302494	601.0886602429388	0.0	590.8726625857593	508.8657485691063	0.0	597.3576478092522	563.5654959454505	0.0	712.1810409457413	614.9759310502747	0.0	778.0731222255905	751.3907120727179	0.0	795.6796612274906	860.4541533801728	0.0	525.0286379955678	629.85134727823	0.0	483.1076658734835	776.6438735469748	0.0	492.9948086107298	768.9499655167059	0.0
136	4.545017182130584	635.2766324829888	862.1210227610452	0.0	690.4350605878869	865.4282177076026	0.0	686.4805816713732	1101.086621824987	0.0	659.7947716273314	1316.732467235982	0.0	637.9614817368835	1371.7687261455821	0.0	675.3576384610492	1374.225456000112	0.0	650.857134946093	1353.646077611389	0.0	583.3834947461654	867.9387204819013	0.0	584.245993265374	1047.6014644218028	0.0	602.3641728927194	1075.8144657946495	0.0	597.2131168798895	1281.8342872027933	0.0	570.6122273235075	1283.3158592380462	0.0	609.1576740847202	1067.2954655109943	0.0	613.1671708403926	602.5599671172351	0.0	587.4079689408412	509.6751455303871	0.0	592.8443077825062	564.6215643441434	0.0	710.1119764032607	614.1649289350112	0.0	776.0783389899606	750.1422446839435	0.0	795.2494964358979	859.9409076690413	0.0	522.8994118141346	631.7185747530601	0.0	482.78871343694186	778.0718465435233	0.0	492.70081702683854	768.9055696132959	0.0
137	4.578436426116839	633.9986718657206	860.7818658309022	0.0	688.871523617536	864.3982218373029	0.0	689.5707335720372	1095.8998189365072	0.0	663.4944473506752	1301.1726345885238	0.0	635.0807934279554	1369.3113716389291	0.0	675.3418730996073	1366.9775099804258	0.0	654.1359556789838	1337.005621868157	0.0	582.9637945315155	867.192502390763	0.0	583.270272324355	1038.656929743905	0.0	601.4374573977215	1076.9507511344525	0.0	596.2021670636693	1247.803816105	0.0	568.7895279853824	1271.3990156612124	0.0	607.9706393725211	1064.8819824404022	0.0	611.4735978599211	603.2514020990393	0.0	584.2973819573874	511.55373177173493	0.0	588.8628985612382	565.9957777135875	0.0	707.5964833649871	612.7136642519687	0.0	774.1721653779529	748.8185391686985	0.0	795.0065806171685	858.9487695807916	0.0	521.7033071719135	632.3365111227212	0.0	482.7629593690914	777.9723966289583	0.0	491.47105362375146	769.1022879406379	0.0
138	4.611855670103092	632.4603522722869	859.7809044160132	0.0	687.1006830223527	863.2672166973949	0.0	692.659860644801	1089.7775446105502	0.0	668.0510271978234	1283.730607740375	0.0	633.4189138466169	1367.3989483876135	0.0	675.3526098673728	1362.7441956502664	0.0	657.1424417818029	1316.571577672096	0.0	582.5003468373125	867.3115467074325	0.0	583.1175729206209	1033.3360737380049	0.0	601.7268244833422	1074.1407389675073	0.0	596.4575801585532	1202.8824887680787	0.0	568.6476193529317	1234.1986781919284	0.0	608.0776341314931	1075.383047292673	0.0	609.418436687877	603.5163931273944	0.0	581.3447345468232	513.3133945366209	0.0	585.6205922494584	567.513896578353	0.0	705.9291628602438	611.9708215210579	0.0	773.2163396815577	747.0149053186294	0.0	795.0135447933031	857.825523232625	0.0	520.9331251743114	631.8710259096268	0.0	482.7992926623678	776.3701046869985	0.0	490.25100602072615	769.0455281031803	0.0
139	4.645274914089347	631.243582349618	859.4531720277846	0.0	685.4428818323131	861.8800227582083	0.0	695.7692280533225	1084.1620288575614	0.0	673.1423839669771	1266.3198756981053	0.0	635.5734224059375	1365.4363438088046	0.0	676.6007857373536	1359.2801735361822	0.0	659.7978802414216	1297.371592050452	0.0	581.4874506441811	867.595217315218	0.0	583.9292686227551	1034.4033170878945	0.0	602.9708880563248	1076.41949085706	0.0	597.5577826414703	1180.4831734754869	0.0	569.6502377402476	1195.436649284392	0.0	610.0660595019189	1133.052192614337	0.0	607.9244373765879	604.004872554706	0.0	578.2265100855577	514.0390317751367	0.0	581.7799905088655	569.2619293352484	0.0	705.8133996789793	612.3778850918387	0.0	773.4289380057612	744.8130440864568	0.0	794.9329334055855	856.707291252005	0.0	520.2988258745861	631.666155872568	0.0	482.7127345997065	774.750635131852	0.0	490.1402559663521	769.0387561457609	0.0
140	4.678694158075602	630.5290496978532	859.5135798624011	0.0	684.2904728260742	860.9959990004527	0.0	698.0878444160612	1079.6453786950622	0.0	678.3715175570152	1251.1332978221171	0.0	640.1562251880969	1359.9619294195045	0.0	680.7072681578137	1352.3908594039847	0.0	663.6871211150973	1282.2148275265097	0.0	580.6440158128605	867.6785814542482	0.0	584.7225048159636	1037.1975352641914	0.0	604.1285498904522	1097.977853391199	0.0	598.8446292258554	1188.5184490709325	0.0	571.3003733424225	1198.9220606956956	0.0	612.3739675628552	1227.4116627145556	0.0	606.7502962150489	604.4744035177696	0.0	575.238041198534	513.9491006843161	0.0	577.2223637622103	571.0737449880961	0.0	705.7563389187617	612.9339559562266	0.0	774.0160989798114	741.7500695759912	0.0	794.3404751183203	854.5072948926187	0.0	519.8675166105666	632.7286462531545	0.0	482.7114573020233	774.6417668373864	0.0	490.5229268405718	769.1398766784691	0.0
141	4.712113402061855	630.2415993277922	859.2294894061286	0.0	683.9744746128123	860.4864717023285	0.0	698.8795560258792	1076.1047809824574	0.0	683.3226779283297	1241.3428082204823	0.0	646.0050651260862	1350.5490762840384	0.0	688.3903069685302	1342.5279612348954	0.0	669.570999496973	1272.461083366058	0.0	580.8213591513274	867.1993989337838	0.0	584.4504771506811	1036.1478605685888	0.0	604.215399590587	1147.0547843398294	0.0	599.5723610153843	1206.6697825376336	0.0	572.8211553511471	1243.9085437767467	0.0	613.0368278970013	1298.8919806162592	0.0	605.4897606899967	604.2474744836611	0.0	572.5256833438142	513.6546560821713	0.0	573.380531084772	572.4658334532539	0.0	704.7187434799829	612.7054507366872	0.0	774.4215658123625	737.9281766003648	0.0	793.3464389188163	851.0207744379707	0.0	519.625710562462	634.5432316716324	0.0	483.23738453466757	775.9500233352306	0.0	490.19924676051784	770.1532013663467	0.0
142	4.74553264604811	630.7495722879743	858.0550428787252	0.0	684.6609300412792	859.4378586041686	0.0	698.408060735183	1073.6445682030742	0.0	687.8538185630367	1239.3788470722213	0.0	655.4117068284421	1340.4848975266182	0.0	698.4796943213317	1332.9879511459974	0.0	676.2933557640123	1270.4739394766807	0.0	581.9609907493973	865.9929060850269	0.0	583.9780071025845	1034.019604940245	0.0	603.4539459944318	1207.2987869447363	0.0	600.1066875415905	1226.808419925948	0.0	573.349963634024	1285.5253429317704	0.0	611.6399218945045	1317.0522720713475	0.0	604.571527172212	603.684779245821	0.0	569.6385183949848	513.4126716752911	0.0	571.0685970927568	572.4597369734472	0.0	703.636339860679	611.5357331069451	0.0	775.287769092734	734.1203493740661	0.0	792.6029450596532	847.2155082192583	0.0	519.4737924890671	635.5816985566411	0.0	484.50004502274487	777.0456553115612	0.0	489.7277663273522	774.1818136724789	0.0
143	4.778951890034364	632.6047344403448	856.5592280814059	0.0	686.2679649147541	857.7584621951031	0.0	697.5644522298867	1072.2557823786713	0.0	692.4018618479686	1244.0560884514896	0.0	668.2578319372677	1330.4566724657093	0.0	708.5901984650783	1324.6062116960402	0.0	683.2644931067023	1276.5666366362725	0.0	583.6814741419962	864.5682988534356	0.0	584.5994704721056	1037.2702003637814	0.0	602.9003836853158	1246.444018068249	0.0	602.6974190043087	1257.083114765742	0.0	573.6876306509033	1302.038856694093	0.0	609.2523447731361	1305.7453568527544	0.0	604.559537051617	603.658235204683	0.0	566.615473244314	513.0888369073595	0.0	569.7761877871357	570.4131170747628	0.0	703.6182350577278	609.9806966751133	0.0	777.4951575154362	730.198278480546	0.0	792.4531958163097	843.0288998874865	0.0	519.1961799695446	635.2626306673052	0.0	486.36656104245174	776.7902141832162	0.0	490.28007616215984	781.8587017950612	0.0
144	4.812371134020618	635.2713372977338	855.9045477075686	0.0	688.3382766489597	856.1117518626186	0.0	696.9969222419481	1071.5034497322126	0.0	697.6554780345352	1250.9200371724555	0.0	679.9226024227565	1319.0482118620212	0.0	717.2478509303736	1316.2339753291565	0.0	691.4057415210796	1285.8078632662282	0.0	585.7614512536625	863.4093139613367	0.0	586.1642660474878	1045.0138078574198	0.0	603.1491941801324	1255.424325636104	0.0	608.4240542780957	1288.8869955462394	0.0	575.7192847274124	1304.9214518486692	0.0	607.3776677542	1294.182706961722	0.0	605.3923291087383	603.9860493127011	0.0	564.4834904693621	512.651781131001	0.0	569.0008298103971	567.8941473457152	0.0	704.2498348442439	608.8170893399929	0.0	781.1065358308376	726.0706979732882	0.0	792.6627674909716	837.7359394186351	0.0	519.1148195449412	634.6194000729715	0.0	488.8050303039368	775.6671655834662	0.0	491.51809394532285	789.3465492198399	0.0
145	4.845790378006873	637.5549021702188	856.269657242135	0.0	690.2970362390308	855.1080877997862	0.0	696.7928683544701	1071.1425764718113	0.0	703.763491199869	1255.901132149548	0.0	688.0689368245863	1307.3878293200469	0.0	725.162126126723	1308.1054700974016	0.0	700.675167676948	1291.9628362918586	0.0	587.9989863075566	862.4905523762337	0.0	588.1820428397099	1050.6437502454214	0.0	604.1193465876138	1252.5374493473646	0.0	613.8850688910683	1304.2922731748038	0.0	579.1265265756127	1304.3077491397933	0.0	606.9281360014336	1290.5796541342256	0.0	606.7403857684703	603.9135517353777	0.0	563.2254329159847	512.5657868406696	0.0	568.5374998810462	568.0495637627251	0.0	704.6581729929884	608.1876753936759	0.0	785.4219233714665	723.0939868132266	0.0	792.9448245105049	831.9605164991536	0.0	520.3692220411357	634.5500126268477	0.0	492.1492906570698	774.6262080240269	0.0	492.8456287023871	792.1914755231358	0.0
146	4.879209621993127	639.242439007871	856.7805888461842	0.0	691.9784039445204	855.1560142125843	0.0	696.7893333319672	1071.168791613471	0.0	709.9642749167132	1257.945992467084	0.0	693.1751123302739	1297.4351695201494	0.0	732.7421227064121	1301.629305381506	0.0	709.1767339952347	1293.5102554501445	0.0	590.223956164931	861.6845073243061	0.0	590.4689534532321	1051.4475191628987	0.0	605.6244270442014	1251.5828743721197	0.0	615.0660524238717	1304.2680893137103	0.0	581.4184992042716	1302.5184766412517	0.0	608.0991735483158	1291.0704765595085	0.0	608.4023089712058	603.3982224925102	0.0	560.7341889205935	513.3945024207519	0.0	567.1439820053438	572.5349368850016	0.0	705.1422777529383	607.6478983461961	0.0	789.3374332101924	721.904486021945	0.0	792.9757795936677	826.7949406906561	0.0	523.3430004556709	634.299169408634	0.0	496.2404511132589	773.9483847242208	0.0	494.9516746340415	790.9580329107897	0.0
147	4.912628865979381	640.9720093053863	856.6703711801341	0.0	693.6092165950756	855.9268243056952	0.0	696.9866501821334	1071.347394678552	0.0	714.9145598356606	1258.2315517469754	0.0	693.2664031342797	1289.5681898611601	0.0	736.9224879717885	1296.9456158231055	0.0	715.2060951951128	1292.7079041843554	0.0	592.5317119813549	860.8255457315576	0.0	592.525812777552	1050.0843915432051	0.0	607.5809588084385	1252.5612335829724	0.0	612.6166273956208	1300.6334641137098	0.0	581.8434948583223	1300.9373158728456	0.0	610.521136493303	1291.11215699889	0.0	610.3498211385784	602.9530134582656	0.0	556.2928178476781	515.1397196318259	0.0	563.8526617108053	579.8934489640218	0.0	706.2885472364825	607.0697306794627	0.0	792.0146099826724	721.1311225661286	0.0	791.9406763321687	822.2240527931484	0.0	527.3469649468369	632.8233476436208	0.0	500.1768943312616	773.5787305651853	0.0	498.6152334229999	788.2257905981902	0.0
148	4.946048109965636	643.2780833017844	856.0355252473479	0.0	695.7384384035493	856.5269543487042	0.0	697.4803418768357	1071.3503783768517	0.0	717.5846897241228	1258.0653536663365	0.0	687.7150592317862	1284.027523046092	0.0	735.0282358410282	1292.324264299514	0.0	718.5814914173743	1291.06694445888	0.0	595.3945445938002	860.0406447747309	0.0	593.9215273555388	1049.202278440606	0.0	609.5684106299542	1252.8472653113527	0.0	610.2250471113584	1298.3072610044521	0.0	582.3062757838043	1300.0179047247998	0.0	613.0268210485611	1289.7629058123064	0.0	612.8603484393462	602.8603580659139	0.0	552.813284878891	517.3903644202213	0.0	560.6323542343705	586.5215650133348	0.0	708.0612573236835	607.0907363715188	0.0	793.6867233503119	720.0729986447063	0.0	789.0569197302221	818.460478909064	0.0	532.1955426385707	630.8109744393606	0.0	504.0223685285259	773.6001023088263	0.0	503.4762349323179	784.621270336158	0.0
149	4.97946735395189	646.351347401193	855.3395276408819	0.0	698.7940962387307	856.5693301898251	0.0	698.0630906813108	1071.14363203814	0.0	718.1677341077692	1257.909606037492	0.0	682.0849162098349	1280.984897825536	0.0	730.2312625197051	1287.1088592813983	0.0	719.9703503284076	1289.2383394155606	0.0	599.1585938411912	859.4964520167504	0.0	595.1838986723582	1049.3216726529997	0.0	610.9355201495674	1252.1613994285724	0.0	610.0076124675924	1296.3795459164712	0.0	583.9959648683604	1299.676300519797	0.0	614.6882174197351	1288.4945254971708	0.0	616.0866640253047	603.1272437293734	0.0	552.3076788123705	519.5826779139188	0.0	559.957501690789	590.0378250310985	0.0	710.9904833477839	608.2043975007829	0.0	795.077202653563	720.0804776877991	0.0	784.7013939966142	816.6819936374005	0.0	537.8466774963908	629.7728377667289	0.0	508.96847632118363	773.9878132201801	0.0	508.89324874446237	781.3365396939508	0.0
150	5.012886597938144	649.8681459803742	854.3350223363351	0.0	702.3541221186567	856.1322082586455	0.0	698.5483097440916	1070.883294959772	0.0	717.9173679535531	1257.6039606618626	0.0	681.2495052530637	1279.198537003515	0.0	727.6590836034242	1283.2022368930243	0.0	720.0786649617241	1288.4263109135857	0.0	603.5087749591919	858.4756931431007	0.0	597.3443215352514	1049.9743257373916	0.0	611.641103082572	1251.4362310269046	0.0	610.4635870019795	1294.2743717510662	0.0	585.5469792095433	1300.1179050137168	0.0	616.0124519506363	1287.9866210154257	0.0	619.7949542931532	603.9303683780188	0.0	552.5436702588524	521.1084867098746	0.0	560.9612534326925	591.3280398790451	0.0	715.7212779771515	609.7701533909138	0.0	796.19145876737	722.3893834826497	0.0	779.743864480874	817.0510638424852	0.0	543.4424173871469	629.880754299632	0.0	515.6872230813552	773.9228078259697	0.0	514.6464128884926	781.3919625296948	0.0
151	5.046305841924399	653.4473712637437	852.6059462158962	0.0	705.9261362826109	855.1172123928204	0.0	699.3462651111702	1070.7060626419761	0.0	718.0223150895408	1256.9776067294156	0.0	682.4680612713213	1277.068851596008	0.0	727.8302657330192	1281.4651327365139	0.0	719.7971202410702	1288.9041383185897	0.0	607.9115440886716	856.4666444964413	0.0	600.432049191167	1049.7320251146123	0.0	612.2034119201801	1250.8833939467145	0.0	609.276277855885	1292.2831227572694	0.0	585.8137814824735	1301.2167285824537	0.0	617.7624902323057	1286.6918981452925	0.0	623.8070834081169	604.9933382776871	0.0	551.3457427164565	521.7465904376663	0.0	561.648328228917	592.1802817711662	0.0	720.7484077664895	610.74710807683	0.0	796.3248910683262	726.6162517304786	0.0	773.8593469867551	817.861631730492	0.0	548.769968305472	629.6286008708782	0.0	524.0504397980051	772.1969373340559	0.0	521.0294736311988	784.5389714784345	0.0
152	5.079725085910653	657.6117284557359	850.6825340865591	0.0	709.9031240303776	853.1876245940491	0.0	701.0087661674416	1070.5524679070522	0.0	718.7774396274162	1256.2311789924472	0.0	680.1589275790761	1274.6608370335914	0.0	726.3888617791065	1280.5508090851258	0.0	720.1773387668009	1289.6180195389666	0.0	612.4429102800623	854.1410015191037	0.0	603.6792762091259	1046.9542893055095	0.0	613.1165202930965	1250.2991174437764	0.0	607.5675559396882	1290.4414395552672	0.0	586.326891177204	1301.880297691793	0.0	619.6468636961927	1284.4140368561955	0.0	627.9760935860212	604.7775518599474	0.0	549.8110538843307	521.7817255171713	0.0	562.3940222770754	593.7273693591289	0.0	723.9700352817397	610.8655824887481	0.0	794.6946151583222	731.8205177058757	0.0	765.9179231097204	816.9587346812272	0.0	555.0361589912475	627.0074761518234	0.0	533.4477433148529	768.796577639765	0.0	529.5499666730881	784.4973118655464	0.0
153	5.113144329896907	663.0679243957672	849.0155784556823	0.0	714.556591090077	850.3700812048318	0.0	703.5493641493764	1070.1021532847697	0.0	719.6143179722791	1255.726224594665	0.0	674.4712674974228	1273.1333513938616	0.0	718.7197445864858	1279.7994649704942	0.0	721.4360490036785	1290.0105276292466	0.0	617.6619919940484	851.9762321577064	0.0	607.1441407335457	1042.339773192952	0.0	614.5570752272113	1250.314969789672	0.0	608.2693362069119	1289.1307760798884	0.0	588.6838163355076	1300.6223831098036	0.0	620.9715707181138	1283.7051298582876	0.0	632.2326760475339	602.4832440802232	0.0	549.2514916625036	521.6601791990394	0.0	564.4425580106323	596.4762855176323	0.0	726.2223039092279	610.6115294075724	0.0	791.2048161110331	737.4654004816612	0.0	755.4877008881396	813.4267621980003	0.0	562.7839789410652	621.5066653704902	0.0	543.42701384387	764.0128543779763	0.0	540.8308729553802	777.4738598906517	0.0
154	5.146563573883161	669.4533249183878	847.2392716912341	0.0	719.5164330026091	847.6619489694792	0.0	706.5067334246436	1069.1537772404752	0.0	720.0038730436021	1255.5197721907498	0.0	670.1154031889063	1272.671095011067	0.0	706.2852098998028	1279.1359253244495	0.0	722.7623046791797	1289.6768166614818	0.0	623.6703002756814	849.911132504754	0.0	611.301342393004	1038.3219828123767	0.0	616.252497346391	1251.207593193059	0.0	611.3772290186176	1288.8028643618748	0.0	591.8303302938318	1297.2392036965298	0.0	621.8994663256294	1284.4884585872492	0.0	636.7366376981919	599.9051248729343	0.0	548.757861808693	521.5527270115879	0.0	567.105548790545	599.1809327279403	0.0	729.5565808911832	610.6316445231605	0.0	787.3080854218267	742.5143658389555	0.0	743.4449118345311	807.7696176561202	0.0	570.7198195378247	615.3837381730218	0.0	554.4524796407767	757.5917808824177	0.0	551.7143787827225	768.1109657711658	0.0
155	5.179982817869416	676.1176228326478	845.5820157579444	0.0	724.6822459487003	846.3697655008727	0.0	709.3083479406423	1068.0292411773785	0.0	720.342750195331	1255.4239120388756	0.0	668.8645516216203	1272.6179949082139	0.0	696.1876624567982	1278.072181689383	0.0	723.7628061404354	1288.1138829097488	0.0	629.8560310971271	848.314954841025	0.0	615.7062967892216	1036.5678259921876	0.0	618.1627591751014	1252.6409979468065	0.0	614.2828688430889	1288.4919160101294	0.0	594.1496009494539	1293.616405231953	0.0	623.6431311878738	1284.1054292380009	0.0	640.9120314900067	598.918369743248	0.0	547.1547340760786	521.552753122519	0.0	568.7059998921708	600.3326682412359	0.0	733.137222734123	611.1431528023603	0.0	784.9862470180002	745.1908690034152	0.0	731.5387481149693	799.7199854272313	0.0	577.6307855379927	611.3056149809044	0.0	566.5916119679692	751.329235390394	0.0	559.4677806661425	761.4131652612947	0.0
156	5.21340206185567	683.0712387879125	844.8431469981721	0.0	729.9188183464082	846.7774502653492	0.0	711.7398457615359	1067.4511916253869	0.0	721.3536041412654	1255.161419958828	0.0	668.9315913126983	1272.6109207130114	0.0	692.455995268662	1277.0669717785365	0.0	725.0620855152766	1286.3038121433626	0.0	635.9153307411714	847.5695102131259	0.0	619.6799024579329	1037.440925837404	0.0	621.0012365564206	1253.9215083187662	0.0	615.6966532360719	1286.4270936163189	0.0	596.1841849363651	1291.5264797298446	0.0	627.1956944606084	1282.7772501811244	0.0	643.4077784462909	599.0707815930986	0.0	545.2623210904343	522.3378128314895	0.0	569.2088906571714	600.8756165722391	0.0	734.1885023290963	611.74535885815	0.0	784.0336903360418	744.4400899824153	0.0	720.8693965717471	788.0391802920622	0.0	584.2031736393457	609.0118983661067	0.0	578.3264998668003	746.9682308164575	0.0	567.1192075550748	757.2377679470798	0.0
157	5.246821305841924	690.5870722580082	844.5521780093169	0.0	734.8461193866968	847.9541895850465	0.0	713.992762861983	1067.506113546181	0.0	722.8028038535818	1254.4128170254126	0.0	668.4818768043501	1272.4788107289705	0.0	692.5137220821421	1277.102217026284	0.0	726.9987911947961	1285.5100084708074	0.0	642.6834791843318	847.3244062472697	0.0	623.542923851534	1039.1113590457812	0.0	625.3454533749588	1252.8618694617173	0.0	616.3250109132924	1281.7791401250108	0.0	599.4027136953866	1289.2436012912522	0.0	632.5861649097758	1282.0969009583478	0.0	643.9531895377664	599.0780889454611	0.0	544.2597184527792	524.2822265909303	0.0	569.6392110349162	602.6018405183522	0.0	731.610399870463	612.0010378938949	0.0	780.7143225524087	739.9928366180151	0.0	710.7305123679013	775.2625399723477	0.0	591.6681019221427	606.2242562921219	0.0	588.6289678579262	741.1201265400395	0.0	578.6642372356168	754.1468773873452	0.0
158	5.280240549828179	698.6426938786993	843.4609719700295	0.0	739.5615157980667	848.4071596820985	0.0	716.0056021218858	1066.9707431623613	0.0	723.5694477868473	1253.4092766973204	0.0	666.1738828859792	1272.2607312075575	0.0	691.7902221950875	1277.9962085009531	0.0	728.7645433773058	1285.5029284014518	0.0	650.8005241211735	846.9103691591137	0.0	628.4820848860668	1038.3710147410693	0.0	630.8876021418866	1248.1576048368627	0.0	615.5626052737314	1274.9755134605562	0.0	603.1210726208375	1283.340982327178	0.0	639.2893531220187	1281.7198802183125	0.0	643.6405552028261	598.7337901623587	0.0	543.0298690779	526.730965079472	0.0	570.0354366480028	605.6778826643177	0.0	726.1441117275806	611.7150260733033	0.0	769.5178717799885	732.3510866336436	0.0	699.0325623265454	767.2640976965099	0.0	599.5787759934498	601.9835499816704	0.0	598.6869792014451	730.9843345147666	0.0	592.0737430078894	751.7430009587695	0.0
159	5.313659793814433	706.6053498731769	841.6562080482178	0.0	744.2904615105443	847.2624036355787	0.0	717.5082166349564	1064.790968000925	0.0	723.0508377016531	1253.006750378375	0.0	662.2312523021513	1272.1174719196547	0.0	687.5946165240028	1278.666526039822	0.0	729.5269180994068	1285.5574669988962	0.0	659.3833875214289	846.1810210613105	0.0	635.1395368091955	1034.704987308362	0.0	636.4489209919036	1242.8315856185616	0.0	610.2869584578694	1268.060058528125	0.0	604.1107970977662	1275.3770778519342	0.0	645.8663190936334	1280.97876533014	0.0	643.4116165087613	598.500701446675	0.0	539.6941566078791	529.7229509558583	0.0	570.0398293679934	609.297862487736	0.0	718.4483560556542	610.402229750956	0.0	749.4465215079309	724.0375948475388	0.0	684.8582663056358	767.2038177519015	0.0	606.8519705877839	597.3923438300446	0.0	609.9905571040279	721.6792792288708	0.0	602.5875939373703	749.3507366725958	0.0
160	5.347079037800687	713.7013155463882	840.1371163464315	0.0	749.1617223132831	845.280955276207	0.0	718.4812072170079	1061.5379866358599	0.0	722.0723519071764	1253.4240933232754	0.0	659.8814737919308	1271.966355257347	0.0	680.7433995434836	1277.7498987344527	0.0	729.7594014232557	1285.011402862958	0.0	667.7423665478303	845.5420731200423	0.0	642.0569886051354	1032.1563935001502	0.0	639.931757750642	1241.7474595880044	0.0	598.5874908973195	1264.545660178374	0.0	599.5420395596818	1271.9696069327235	0.0	650.1826661407438	1280.460876940255	0.0	643.487303481773	598.2285209718082	0.0	534.7079225064471	534.0794093787304	0.0	570.1183643482838	612.5727004864133	0.0	708.9958685340579	607.7145335753985	0.0	727.9718761989834	718.5508403361498	0.0	669.591558865333	776.892392263541	0.0	613.7587430820753	593.6638284257532	0.0	622.7449868195233	718.5435243580533	0.0	608.952178860206	749.5539747373754	0.0
161	5.380498281786942	719.6861155211468	839.2757677576985	0.0	754.0701522950851	843.781560502846	0.0	718.7701964342722	1058.4071879699688	0.0	721.8288646251344	1253.718425060476	0.0	661.6168562874226	1271.6286088362522	0.0	675.7445642101603	1274.5792249340695	0.0	730.5686767772745	1283.4456552617728	0.0	676.2358009769333	845.2242862514121	0.0	646.588912871503	1034.7440985868272	0.0	639.478740683132	1245.368395996863	0.0	583.0399475081406	1266.0972152889467	0.0	590.3488553172086	1275.5170000998803	0.0	651.3405862523831	1280.887243186087	0.0	643.5065386108547	597.4836747480167	0.0	530.2196052345869	538.9417053581576	0.0	570.5519731836051	614.874852284793	0.0	698.6035092594817	604.704601426579	0.0	712.6355040245476	718.6863418171681	0.0	653.4699026967794	795.3044706325742	0.0	620.8537122914818	591.2589033844417	0.0	636.6449373203264	719.35738213022	0.0	612.0685879137101	762.5362856223078	0.0
162	5.413917525773196	724.4675168480837	838.9752526541745	0.0	757.9757156379226	843.2144138416666	0.0	718.1458695422575	1055.7388907438399	0.0	722.2885188034977	1253.1654648858075	0.0	664.8197478969353	1271.0907332092904	0.0	676.5271796525119	1270.9932413196186	0.0	732.148754100338	1281.8169787504307	0.0	684.5094157821152	845.1324081873977	0.0	648.2223108294154	1040.3293474757459	0.0	635.7753680928057	1248.5096354640755	0.0	569.2354915059748	1269.759592984473	0.0	581.1241232117233	1280.2028594645692	0.0	650.0274855168893	1280.9166202245874	0.0	642.8513709041256	596.6839400756903	0.0	526.9652498992667	541.949101558072	0.0	570.4044533240972	616.1449717858998	0.0	688.1107613523833	603.1876239287076	0.0	702.2354990259759	725.4638920727022	0.0	635.2875804738162	811.9671669211078	0.0	627.8505908760751	590.2309770957687	0.0	650.7970493490374	720.7556854199895	0.0	612.6892737512019	789.4145014546308	0.0
163	5.44733676975945	727.8519459866621	838.9761676295565	0.0	759.6461363921646	843.1833969244642	0.0	716.917321421944	1053.2516853427865	0.0	722.608401715355	1251.986624244081	0.0	665.6310144908842	1270.594954941153	0.0	681.4884662378334	1269.4078666259209	0.0	733.7210348876964	1281.0354728844743	0.0	691.913299607614	845.0374228066933	0.0	649.0014490114272	1043.4660955568863	0.0	631.4522420322841	1247.3569771796429	0.0	560.540093507904	1271.055439390603	0.0	574.8661624763789	1280.2778494788556	0.0	647.1988463894265	1278.543176982727	0.0	641.4000707484971	596.2306006960107	0.0	523.7556141575702	542.2942748771072	0.0	568.8714468347139	616.0209125781782	0.0	678.4505325430446	604.0219420077897	0.0	692.216365004312	736.3872862018374	0.0	615.8199758925816	816.5201287925743	0.0	634.7597115691937	589.5038041875124	0.0	664.0121625677293	722.0293256873234	0.0	614.9691064264506	809.8335017937657	0.0
164	5.4807560137457045	729.6741114306975	838.6356470477718	0.0	758.663070975146	843.0063842220904	0.0	715.5092484055373	1051.1127964195723	0.0	722.4950193406388	1250.3303353763026	0.0	664.4528299193692	1270.3774414441596	0.0	684.6029668446774	1269.0831529179227	0.0	734.5784055271752	1279.375371480164	0.0	698.8892002656307	844.5945853772851	0.0	649.8879726041067	1042.9298728374108	0.0	627.6692869132382	1244.536235329511	0.0	554.3405255344449	1269.1978542057543	0.0	568.967312768246	1277.5705012473113	0.0	643.8479768350267	1275.136556613486	0.0	639.7952374746526	595.2545303557238	0.0	520.1187939766454	541.4346191444736	0.0	566.4345968536148	613.8526159559112	0.0	670.1668010288605	606.9158845936137	0.0	681.8184005840038	746.783700834688	0.0	596.9464814786162	810.969528741415	0.0	642.2040460403571	587.175075193293	0.0	677.1272853427294	719.7564704413209	0.0	627.1900277087937	807.4890096502476	0.0
165	5.514175257731958	729.4476307615287	837.9821423731216	0.0	754.7977942937248	842.8283726938059	0.0	714.0040641308186	1049.9257241377459	0.0	722.369970898405	1248.0013929453355	0.0	663.7034710514529	1270.660821260247	0.0	682.3123950800393	1268.1378182574397	0.0	734.6740547019051	1275.4125915264628	0.0	705.7339478841365	843.8587896394089	0.0	649.9377557834845	1041.4488720360762	0.0	623.7952814479263	1243.5438302743376	0.0	546.6448129276799	1266.9586801802025	0.0	560.3245950161845	1276.635343079243	0.0	640.6550710709705	1273.3760907470046	0.0	638.8266887266439	592.9596917226131	0.0	517.075037288199	540.336964883837	0.0	564.2359867974959	610.2853656289307	0.0	662.3863093853824	610.98410859333	0.0	671.740089280669	753.4014439436853	0.0	579.8284734552503	803.2757565387993	0.0	650.4479715705198	583.0105490257639	0.0	691.5446007485026	710.9461171986965	0.0	651.4169110851897	790.3609495204907	0.0
166	5.547594501718213	726.7134441721497	838.4083167893194	0.0	747.5623280105794	843.5562255061955	0.0	712.5338031335515	1049.7564781978076	0.0	722.709164112986	1245.3730893007444	0.0	663.9555961124428	1271.5148170823966	0.0	678.4892064567385	1266.9908182813522	0.0	734.4041066790965	1271.6870869979055	0.0	711.9975251085448	843.2832819123256	0.0	649.5515375548948	1040.6480594689626	0.0	620.1018142191848	1243.0035074970524	0.0	538.986997401621	1266.2479032815581	0.0	552.4493924876853	1277.1931642463978	0.0	637.1908234177669	1272.9220187644898	0.0	638.6308955543984	590.1143293024713	0.0	515.2238789409628	538.4088811479302	0.0	563.2639708905036	607.058176843491	0.0	654.1822601233946	615.3886242936667	0.0	661.3611142786369	755.8594853126757	0.0	565.1322068129223	797.50099414434	0.0	658.8281255270435	579.2491265512297	0.0	705.1540268366485	701.1716217512478	0.0	676.5467408877554	776.0080079944421	0.0
167	5.5810137457044675	722.0897561145621	840.2330534128037	0.0	736.7631610732158	845.0271624016286	0.0	711.205647702533	1050.190001271211	0.0	723.3637710139255	1243.3551514736478	0.0	663.9006550588709	1272.3987993572082	0.0	678.2630615099107	1266.9554544916011	0.0	734.1676407819037	1270.8915264237162	0.0	717.5929356509115	842.5972531844075	0.0	651.1565726171553	1039.3898208754167	0.0	617.675469019661	1240.793731279481	0.0	535.2938665151864	1266.4463085794664	0.0	550.8445272105387	1277.0047950302624	0.0	633.2355728014675	1272.341441369924	0.0	638.3355676132427	587.8880174877835	0.0	514.0553728102503	535.3601469320981	0.0	563.1330249341654	604.8958715233297	0.0	646.2591535897634	619.733836049593	0.0	650.3112852210961	755.8910617964534	0.0	552.7424851204403	793.7536145349385	0.0	666.0121809454376	577.5261170894827	0.0	715.0961445994953	697.2062020787462	0.0	691.9973516978661	770.7482030132569	0.0
168	5.614432989690721	716.8651007869144	841.632628719798	0.0	723.2651352712186	846.0152659733112	0.0	709.7260819714527	1050.6905905242893	0.0	723.7313094563551	1242.1072111719252	0.0	661.8029722427012	1272.7081912410476	0.0	680.4957742282329	1267.7434335116643	0.0	734.1192815207335	1271.4515929229551	0.0	722.1666717826485	840.9295918274569	0.0	656.0478719332184	1035.9974843660436	0.0	616.5271524285806	1238.2771441370326	0.0	534.9806572209535	1266.4208835350776	0.0	553.4747566350502	1276.400660654486	0.0	630.3225774128354	1271.351227537509	0.0	636.8210286776888	586.2027114573638	0.0	512.6879103999595	531.6382143591861	0.0	562.0706845451322	602.721152123146	0.0	639.8570143788597	623.2154053783738	0.0	639.7833881824199	755.2157505988619	0.0	542.1518302891122	791.4417540836347	0.0	671.456242162592	576.7097970198004	0.0	722.3325764145801	697.8493000103088	0.0	699.5632178130629	769.1609324886681	0.0
169	5.647852233676976	711.5887983999427	841.5838433022768	0.0	709.4601479873536	846.0652856238858	0.0	707.7606778820481	1050.1420778234535	0.0	723.6986741491996	1240.7053550292314	0.0	658.2224438087562	1272.2657104354867	0.0	681.9363055201419	1267.8403948412463	0.0	734.1364720790915	1270.4064450168369	0.0	724.0354052495848	838.6276439607817	0.0	661.6955257357185	1031.227030555119	0.0	616.4713664356564	1237.4674917944762	0.0	534.5789230706046	1266.1235538471215	0.0	553.8577858304735	1276.2238844554029	0.0	630.4877030061605	1270.2255643341464	0.0	634.3193267091528	584.2923393491217	0.0	510.8172852345987	527.578305912084	0.0	559.5822978899824	599.4687555868197	0.0	635.200889089975	624.8351115507418	0.0	631.0081009145612	753.9693936973815	0.0	532.9200964235779	790.3346730004478	0.0	676.1310036503143	575.4783483602481	0.0	729.2381174127333	700.5087686605332	0.0	703.6284162198389	770.6000122979583	0.0
170	5.6812714776632305	705.7859577201446	840.9155129751456	0.0	697.549802390291	846.0331417072604	0.0	705.3829789159653	1048.020363303652	0.0	723.65789901152	1238.7855805342253	0.0	656.9175876902685	1271.2113398531817	0.0	682.108686996356	1266.8714264698115	0.0	734.0467124829015	1267.9557785180273	0.0	721.5311642485374	837.574829756532	0.0	663.0898182325267	1027.8597940072889	0.0	618.505846065219	1238.183601784731	0.0	533.2364073232468	1266.6601447655705	0.0	551.3554401888504	1276.8951801663052	0.0	634.8065718863987	1269.6942163347628	0.0	632.3738729114586	582.3822577146344	0.0	509.2093533912519	523.5788817011043	0.0	557.2763198468347	595.8354101771121	0.0	631.282100882856	625.0418525202491	0.0	622.7018457705216	751.9488869314756	0.0	523.9540328941819	790.6245030230473	0.0	680.8817495130958	574.3187994806216	0.0	736.4790500988919	705.0476028204828	0.0	705.2115986269064	781.6714912173976	0.0
171	5.714690721649484	698.9636716540472	840.3993164309288	0.0	686.913262461889	846.6251379710382	0.0	702.9198296408931	1045.5615023866546	0.0	723.7787663142925	1237.119843208138	0.0	660.1859287631561	1269.9773276878568	0.0	681.629563310959	1266.001534222745	0.0	733.6783601263309	1266.0605769353358	0.0	715.6526216525084	838.4916688715973	0.0	658.2117299020913	1027.28311287885	0.0	622.8045184372427	1239.0659515545626	0.0	533.0261424491423	1269.056538204894	0.0	550.9527663197431	1279.1730302665485	0.0	641.9695109637344	1269.932419743447	0.0	631.3053740207401	581.3918328729341	0.0	508.44626201551677	519.8647079938137	0.0	556.1132224733022	592.8597029168548	0.0	626.4112308679852	624.9756709023617	0.0	612.7423047063512	750.0443560324694	0.0	514.5084735249592	792.5390366194569	0.0	685.2406643862236	573.8153688275628	0.0	743.4551768958361	709.4021571279784	0.0	707.4299581103235	800.633808379345	0.0
172	5.748109965635739	691.7607549592325	839.9087884763386	0.0	675.6925286029937	846.6478479185704	0.0	700.6375460628747	1043.4974428945306	0.0	723.920338022765	1235.7155839571462	0.0	666.0326633933965	1268.8035753485951	0.0	680.8546281215985	1265.7545385786204	0.0	732.9740301775308	1264.5940052251067	0.0	710.5968399104572	839.1548363885347	0.0	651.1137933368645	1027.7207330527258	0.0	627.2380998358519	1239.3443068696781	0.0	535.2999734431615	1272.5504480210964	0.0	554.6614318763396	1282.5866191818754	0.0	647.4020096240248	1270.1194105765344	0.0	629.187008674958	581.1124948513498	0.0	507.63438206073744	516.0098441020288	0.0	555.1187278244621	590.1817842347259	0.0	619.302991352481	624.3851728076946	0.0	601.8275311825147	748.502233160036	0.0	506.0093391548073	795.4806489010725	0.0	688.4927983374147	573.7394485044508	0.0	748.9900597880877	711.1259786115655	0.0	713.2603845663233	816.3080367356803	0.0
173	5.781529209621993	685.7024792475344	839.092484109584	0.0	664.6428315888608	844.7223206536373	0.0	698.4256592223558	1041.0260411415366	0.0	723.9872447755695	1233.8750392233712	0.0	671.7093408376711	1267.7940101522674	0.0	679.8454216407056	1265.5939199041698	0.0	732.4649399179319	1262.4857970610865	0.0	709.2778019449275	837.5273776530208	0.0	647.20957474878	1026.4805907096825	0.0	630.104299788289	1239.1133385455933	0.0	538.7557753644111	1275.3299234814572	0.0	559.1802894259855	1285.2226508557758	0.0	648.541059559421	1269.8665787801374	0.0	625.1865183652765	580.3906515814788	0.0	505.8206168363269	512.0505991964665	0.0	553.4270730745164	587.4572841945226	0.0	611.0779392423428	622.2934637046233	0.0	592.102172001602	746.3317046105464	0.0	499.89906498357374	798.7029524813374	0.0	690.450905212058	574.1520860493606	0.0	752.132273050448	711.3048317792269	0.0	720.26400258855	823.1858032156996	0.0
174	5.814948453608247	681.4220123908862	838.2293523065541	0.0	655.9572893834991	842.2209154043302	0.0	695.4317881951866	1038.3929368235765	0.0	724.0304851385374	1232.5108518498853	0.0	676.0760918994009	1267.6703987302988	0.0	678.7708879285536	1265.3442329821958	0.0	732.9184542148503	1260.7601706483838	0.0	709.4795594161042	834.9743378596689	0.0	647.2379694974986	1024.2332098190777	0.0	631.4377423196715	1238.9093728435416	0.0	541.1428467974263	1276.7861257379564	0.0	561.1300455829506	1286.146123898988	0.0	648.5830972357747	1269.458258510725	0.0	621.80265106675	579.0399660934357	0.0	503.87962144663294	509.0081871909853	0.0	551.8294707367718	585.5060250532233	0.0	605.0834166479514	619.6071026566573	0.0	584.2290331272843	744.0638681497956	0.0	495.1743847079845	802.3105173980701	0.0	690.9097938320608	575.4920491609577	0.0	753.0746050872392	712.5997869076089	0.0	723.7520663550068	824.5423338185611	0.0
175	5.848367697594502	677.8192660284116	837.8520170661901	0.0	649.5111228553585	841.1862953065663	0.0	690.4000798746073	1037.0404154992925	0.0	724.0905832384925	1232.6921559006296	0.0	677.1117274949627	1269.1287483948015	0.0	676.8484959824785	1265.1398831400015	0.0	734.3309390854196	1260.5768284067183	0.0	707.6873512038852	833.880178654631	0.0	648.4349524538499	1024.1423351794074	0.0	631.4712234768986	1239.1506477443677	0.0	541.663521272691	1277.4718294290826	0.0	560.6492824309963	1286.2851352290793	0.0	649.9084200620609	1269.0500917677577	0.0	620.9324624653576	578.0349890729901	0.0	503.0872804748439	507.0928303635289	0.0	551.1188101730065	584.8349269936732	0.0	602.2565766753432	618.5651582190238	0.0	577.9195131330434	743.4062094841407	0.0	490.9576376971197	806.2149908635341	0.0	689.9532386342493	577.4392206463286	0.0	752.4994498377029	715.2673629583136	0.0	722.9054550636866	823.4342137424564	0.0
176	5.8817869415807555	673.6087473597725	837.8419122293201	0.0	643.990120602183	841.502534773657	0.0	682.3929331981091	1037.0863654956838	0.0	724.1697874891137	1232.7581571009687	0.0	666.9397772077784	1271.663825107635	0.0	667.7005068033906	1264.8263299135417	0.0	736.002698884518	1260.483380191302	0.0	703.8082778474582	834.6618818987326	0.0	649.5256195395947	1026.3606170720864	0.0	631.1419381934604	1239.0929402510997	0.0	541.2815748399054	1277.9060143875865	0.0	560.7604126623473	1286.4163174494695	0.0	650.8409701110634	1268.025285404953	0.0	620.5840477222332	577.8155685296163	0.0	502.94762116472447	505.202744044969	0.0	550.0235232105761	584.874738508866	0.0	599.8391119038448	619.142122950467	0.0	572.892503489942	744.1471845202884	0.0	488.14294047051436	809.5059111123525	0.0	688.6459320158054	579.1575867422767	0.0	750.6115946543765	717.6751939373572	0.0	721.049850471839	819.9860175572476	0.0
177	5.91520618556701	668.7621603472802	838.2267670667596	0.0	639.1387921726313	842.5279911571041	0.0	671.0018520281152	1037.5289890818754	0.0	724.1699639523821	1230.992306624548	0.0	636.9129583625361	1274.3831264752328	0.0	643.9999509485247	1264.5513356885015	0.0	737.3122819996925	1259.12594440866	0.0	699.5924783548681	836.6853126978746	0.0	650.8469264892097	1028.597717228844	0.0	632.0140855367592	1237.4504183821314	0.0	541.5423507247	1278.4014605143807	0.0	563.9436620194103	1286.1176452633333	0.0	651.5738934944636	1265.550464679507	0.0	618.3922611830824	577.8175159352539	0.0	502.3644810056336	502.95901805800816	0.0	547.2785818280643	585.0484688824139	0.0	596.1088306942621	619.2427589638726	0.0	568.8744143684515	744.5580636309043	0.0	487.0879472630362	811.5350956107312	0.0	687.7040063352309	580.6265856521321	0.0	747.5657652389812	719.4663777954939	0.0	720.1502902373705	814.6224019962367	0.0
178	5.948625429553265	664.009582011747	839.876692556346	0.0	634.7260772387834	844.5149166642608	0.0	656.7699489165656	1037.878514783589	0.0	723.5612529941365	1228.6490822183912	0.0	595.180927477737	1276.9664319314027	0.0	610.9942042364884	1264.7556964930839	0.0	737.9883276351538	1257.7623889881295	0.0	695.6524455722425	839.653750571736	0.0	650.2327024030187	1030.409501242163	0.0	634.024537544242	1234.4064348812426	0.0	542.8642202744853	1278.8897983469112	0.0	568.558344809435	1285.3558920057321	0.0	654.0128428885839	1262.720056061998	0.0	615.2931065468027	577.7453874649858	0.0	501.42553681198746	501.0396204725815	0.0	544.3633384217216	585.1121617156945	0.0	592.019460999794	617.920269689339	0.0	566.051680297765	743.59864326762	0.0	487.01749535696314	812.3584147407232	0.0	686.2185505209346	582.3974393940159	0.0	743.8478954145876	721.6717245998027	0.0	717.5888073541337	811.7754789333728	0.0
179	5.9820446735395185	659.9379424582264	842.8913702749206	0.0	630.5978356578975	847.3031799477034	0.0	641.2313512239159	1037.7927683462228	0.0	721.4119903802452	1226.3292307845722	0.0	565.8128393452993	1278.3046260774565	0.0	584.1991155135181	1264.6443444451502	0.0	737.8754522042527	1256.2154890669235	0.0	691.5371992142005	843.2384369766025	0.0	643.7993028884634	1032.155171189974	0.0	635.7979051434855	1231.3000276764092	0.0	543.7740753534449	1278.907351869607	0.0	570.6527188788818	1284.8020679254153	0.0	656.687038742517	1261.4015071900967	0.0	613.1474524087369	577.8944895241522	0.0	500.33473283398723	499.6464658400808	0.0	542.760743507423	584.9857354294069	0.0	588.412661904622	615.7695689767686	0.0	564.6851353709633	741.1311240777445	0.0	487.2285046699139	812.371449502153	0.0	683.5157834225753	584.5376183510907	0.0	739.7111974424463	724.7993308051801	0.0	710.6013604078335	817.092650033976	0.0
180	6.015463917525773	656.6241737260268	845.5244061207649	0.0	627.2992608327681	849.4559562217627	0.0	625.283155298747	1036.198849127137	0.0	716.8083995638184	1220.901118691755	0.0	567.4320177232587	1276.2446724860165	0.0	575.9138985735476	1262.1714105103247	0.0	736.0200324183728	1249.8421651941494	0.0	687.2366473550815	846.1776438283431	0.0	632.6444256637448	1032.8880910581543	0.0	636.6672729157474	1229.4509510840967	0.0	543.1304985391855	1278.603195406475	0.0	568.5343387846178	1284.5383028261324	0.0	657.3804108485349	1261.0349015399865	0.0	611.2533713192281	578.090066387653	0.0	498.19322744775815	498.63402308308895	0.0	540.8806449882142	585.0199585956192	0.0	585.0372751364916	613.5659653415245	0.0	564.0939901898013	737.5085979446458	0.0	487.3314655436695	812.0801756363985	0.0	680.6893122286253	586.5186228636991	0.0	735.1960912611639	728.2335132401295	0.0	701.4064747732791	827.3535494779725	0.0
181	6.048883161512028	653.7418011230394	846.0597732670885	0.0	624.4856153306484	849.4756603024683	0.0	608.1538758706597	1032.0015445691859	0.0	709.1715902952589	1210.0450177367677	0.0	599.4915670047358	1270.5882935548407	0.0	589.5553601542987	1256.9548297337317	0.0	731.0038522748746	1235.7442313394713	0.0	683.4894474114952	847.0093191009523	0.0	623.9101647215964	1031.8028951290244	0.0	636.3404894230907	1229.7453201290116	0.0	541.9155307969329	1278.5965868902992	0.0	563.7970702547493	1284.2075164200364	0.0	656.2748526004266	1261.2164349578195	0.0	608.1444825926891	577.509481393052	0.0	494.7284413661865	497.96106223640055	0.0	537.267826135807	585.0131221008616	0.0	581.9440673792355	611.6536310561502	0.0	563.3413632619108	733.6271688255398	0.0	487.29424480660134	811.7579838475199	0.0	678.5270409703644	587.5452181076998	0.0	730.7327190146702	730.5295175474931	0.0	694.1369331809932	833.7703551798928	0.0
182	6.0823024054982815	650.9638851060408	844.7494336155651	0.0	620.8073682439925	847.5935246400804	0.0	589.7964047743442	1025.8046454687292	0.0	699.0914051021506	1196.3369220590978	0.0	640.5258882936967	1263.6532538506674	0.0	617.5647894381104	1250.9223943440059	0.0	723.5407061283561	1218.0020346556544	0.0	680.4827520356179	846.0568112768035	0.0	622.1001594460836	1029.3925002612984	0.0	634.353885296091	1231.2794666888108	0.0	541.3876722043707	1278.5889384257237	0.0	560.0346024175351	1283.6412956056633	0.0	654.4338536638378	1263.5300936635474	0.0	604.9481922688904	576.0472779827701	0.0	491.6535961390598	497.05138031712755	0.0	533.7176639724082	583.7391083058544	0.0	579.7956153616989	609.9118946184071	0.0	562.4384359877106	730.3081157159137	0.0	487.3355230922511	811.3895844277772	0.0	676.3208543296564	587.2418133823704	0.0	726.808842941507	730.6842729682553	0.0	689.540017827978	834.8646049093518	0.0
183	6.115721649484536	647.9562969713247	842.8554826510219	0.0	615.9142410018709	845.4749100784018	0.0	573.1701180727586	1019.9681833072946	0.0	688.5083822217897	1183.9164827802756	0.0	665.5753848441149	1257.0991379098864	0.0	643.1636418080022	1245.4388164874358	0.0	716.2017724609643	1202.6284710039026	0.0	677.5442073777407	844.8744144251237	0.0	624.892826336805	1026.669419191125	0.0	631.5159703939801	1232.1778766403793	0.0	541.6489557568889	1278.0661336667538	0.0	560.2366557994726	1282.979726616101	0.0	653.3739467525246	1267.037968308905	0.0	603.4272259895487	574.8442850561217	0.0	490.1024333355478	495.5718240341544	0.0	531.9767487438077	581.2702062513895	0.0	578.5049861476714	608.1874996755855	0.0	561.7435383994948	727.6272707521728	0.0	487.4939276293937	810.8939471385946	0.0	673.7029965993927	586.4134085894173	0.0	723.3575098536757	729.4309722476208	0.0	686.0833430740734	834.6776850965156	0.0
184	6.14914089347079	644.3616758078139	841.0107125735431	0.0	610.7728616779334	844.1941349800301	0.0	561.3827702945431	1016.2434475007165	0.0	678.6524928280182	1175.0773804026512	0.0	668.5239890194449	1251.939770086191	0.0	650.8089333278382	1241.4209374236182	0.0	709.3445108338101	1192.684828736375	0.0	674.2821062041122	843.968267445308	0.0	628.8755919566036	1024.3491856749063	0.0	629.4477748648293	1232.7353984528124	0.0	542.1353684977922	1277.5311354619416	0.0	563.6155738125615	1282.6353291794505	0.0	653.5248187170404	1268.477713854062	0.0	602.416195623012	574.550783053106	0.0	488.5700052717046	494.26328523787015	0.0	530.7341593465517	579.7218497473496	0.0	576.6963515700145	606.6622631194333	0.0	560.9661607366105	725.4199762837222	0.0	487.6528676315929	809.9994893693098	0.0	671.0510709436551	586.278012465704	0.0	719.8320545144645	728.250680251128	0.0	682.3939096709356	834.8807892871183	0.0
185	6.1825601374570445	640.269987925964	839.539114152007	0.0	606.2643389705105	843.6812907134789	0.0	554.2920644438492	1014.5744425177637	0.0	668.9302069829849	1171.2714888704397	0.0	653.8893862684421	1249.8384190748425	0.0	636.6369743622402	1240.187202278051	0.0	700.5694838966522	1189.3677351006834	0.0	670.9336476849328	843.1610402752447	0.0	631.8404754083242	1022.6708473500369	0.0	628.2985989252843	1233.3880890779146	0.0	541.9832587517449	1277.3084689970422	0.0	566.6542782428805	1282.4244797851673	0.0	653.3871229758379	1267.0219618374417	0.0	599.7909464532137	574.2857220073639	0.0	485.4936959913867	493.3930682375758	0.0	528.2084467414151	579.9881303987587	0.0	573.3891467118283	605.3008662441925	0.0	559.5782813342564	723.661406850477	0.0	487.74914927137496	808.4416917006401	0.0	668.4060498359411	586.8269967961003	0.0	715.8934896338416	728.0192718649607	0.0	676.8146850528132	834.975646310244	0.0
186	6.215979381443299	636.1384436882907	838.8740449829249	0.0	602.1079767055853	843.5822186768429	0.0	549.93907528527	1014.38309449819	0.0	658.2382231272727	1173.48832696275	0.0	623.162614746913	1251.0114103887483	0.0	609.6006963860749	1241.0581795247558	0.0	688.2954179019881	1192.8691977191752	0.0	667.9459836776496	842.8972613021405	0.0	631.7557042391552	1021.8751391964485	0.0	627.4938448229378	1231.4242355045687	0.0	540.8713247771525	1276.6487202947385	0.0	567.4437356251971	1281.1713858671728	0.0	651.8964456535173	1263.9535819760974	0.0	596.1598591633626	573.1850289680192	0.0	481.7293695235552	492.085275707497	0.0	524.7450990732267	580.0255101448388	0.0	569.4575640467771	603.5559401784113	0.0	557.599101439079	722.0419159151236	0.0	487.67757487953565	806.536428423687	0.0	665.7372892340701	586.8858194081984	0.0	712.2488750384583	728.7385631468322	0.0	669.0774948298294	834.6722073868278	0.0
187	6.249398625429553	632.2634082770994	838.8628073171541	0.0	597.5409570214647	843.6145138136444	0.0	547.3311347888701	1015.2733253888056	0.0	645.8060891799104	1180.569502034026	0.0	585.4485402083699	1253.5447396279633	0.0	582.8377226631641	1241.7954474415308	0.0	673.3538722240268	1201.7451765858798	0.0	665.7110749216755	843.1826843826581	0.0	629.8876013451494	1022.191212756445	0.0	627.6440290015144	1225.6866895725693	0.0	539.9493149076525	1274.926027205066	0.0	566.8204959189526	1278.3442022756979	0.0	649.2091572189987	1259.9868095974261	0.0	593.2729969882889	571.5598090850075	0.0	478.5970329179314	490.3214089477747	0.0	521.5270641794577	578.2053730522443	0.0	566.0496953097877	601.3648701021882	0.0	555.4529196051291	720.1884079226313	0.0	487.28145117378796	804.8970786678692	0.0	663.2711058923013	585.6322146834875	0.0	709.8957222576979	729.5928292195429	0.0	662.9290673702925	834.2036141025591	0.0
188	6.282817869415807	628.9084671898825	838.8139822382694	0.0	592.9627690694822	843.7224132764047	0.0	546.9294150459062	1016.8464173091851	0.0	631.5644157092017	1188.7910443765204	0.0	557.8508559488255	1255.2492130997907	0.0	563.0995926517744	1241.826742170454	0.0	657.6646435885807	1212.556365586008	0.0	664.4304202422074	842.9315404638234	0.0	630.6476360960927	1022.7623451939348	0.0	629.7935192177019	1220.2293792002113	0.0	541.4889956360867	1272.0312132460328	0.0	566.6533634896376	1274.9060935225834	0.0	646.5514038962032	1254.746229391441	0.0	590.7513317241062	570.1632927243717	0.0	475.8164931968548	489.4336501996254	0.0	518.7040623833398	576.0568988542454	0.0	562.5952844168456	599.3250235064345	0.0	553.3216792718524	718.3441108139618	0.0	486.7190773699919	803.773940065482	0.0	661.1884054451834	583.5163976621722	0.0	708.4231174693058	729.8677938864028	0.0	661.9145756885792	833.9152392820445	0.0
189	6.316237113402062	626.3644894856769	838.1615038371614	0.0	589.3873470549004	843.8007621231596	0.0	549.0714642448494	1018.9775794659355	0.0	617.1132466554855	1195.0375394527416	0.0	546.3918486829452	1255.5589455694248	0.0	549.9861870219725	1242.6677416660211	0.0	642.9665867040295	1221.5622287157873	0.0	663.9124193223334	841.6386968541246	0.0	635.7466422126976	1022.6523766962166	0.0	633.6966355802792	1218.655133882867	0.0	546.7521730676223	1268.0445871740803	0.0	568.5200674363568	1271.6864788749915	0.0	645.0496607993686	1248.7649841462858	0.0	587.5892504940388	569.3391327551462	0.0	473.2942946203569	489.4212882877388	0.0	516.0112517596948	575.2818053195365	0.0	558.0324389456354	597.7264004088896	0.0	551.098895866083	716.8819087382759	0.0	486.52415956342986	802.995739232752	0.0	659.621959889955	581.8265090520523	0.0	706.6938486601215	729.6634166893224	0.0	663.5024608974913	833.8326782246572	0.0
190	6.349656357388316	624.3743268585673	836.5935946368788	0.0	586.6034364766558	842.8920311567082	0.0	552.4488015507428	1021.175907065887	0.0	605.8708071744136	1199.4674384763157	0.0	544.1684318955328	1255.8499900514023	0.0	542.2925585366794	1245.7893146000647	0.0	631.5801864976022	1227.7058028571703	0.0	663.3677652663129	839.8290894202252	0.0	641.9518885486596	1022.4639882219985	0.0	637.4797956454479	1219.7804420733542	0.0	554.2196577317861	1264.3788936431263	0.0	572.1766186325586	1269.001481685994	0.0	644.3312581715535	1245.1607826172167	0.0	584.6640695252512	568.8853663432161	0.0	472.07650969296844	488.4465887354218	0.0	513.9513189270345	574.8305112038814	0.0	552.7540911571884	596.3820356281228	0.0	548.811151326586	715.2389988225344	0.0	486.98828666438277	802.0537154806979	0.0	658.4747891071938	581.3856446064665	0.0	704.8722206309022	729.4616893609654	0.0	663.4637632150594	833.6892063984014	0.0
191	6.38307560137457	622.2634532236715	834.4316192426021	0.0	583.6363132803501	840.2725166588501	0.0	555.1743267469604	1022.1770422240392	0.0	600.6297015725295	1202.6154933716555	0.0	544.351545119712	1256.8666799657904	0.0	539.3079498741921	1250.1700108862453	0.0	625.9360429056866	1231.4718766624492	0.0	661.851417489216	837.839709021525	0.0	645.2722703811312	1022.5204638928928	0.0	639.300298035802	1221.0399204715013	0.0	561.3748696914004	1262.8703387468972	0.0	575.6887284378391	1267.5596057325806	0.0	644.3356004705311	1245.6246888795306	0.0	582.8020202368261	568.2880674672145	0.0	471.96616497366745	485.953500250544	0.0	512.7173384778947	573.3154255633393	0.0	547.7493131561758	594.8939511746858	0.0	546.6227827050886	712.7191125191092	0.0	487.72891896796386	800.5429685454064	0.0	657.3300575476127	581.718684142304	0.0	703.9268582402225	729.6082163004866	0.0	662.4317211248615	833.5073422350588	0.0
192	6.416494845360825	619.7154367542342	833.1820581067636	0.0	580.337108737517	837.7339187253568	0.0	556.7955489516141	1022.034107539755	0.0	600.3915127537108	1203.4687735259433	0.0	544.478463109835	1257.6845819604962	0.0	539.0592185875845	1252.4437667821892	0.0	625.3430313334608	1232.2150779463161	0.0	659.2145609767091	836.2956850054537	0.0	645.3128912010487	1022.3917243549407	0.0	639.3378973899187	1221.844122955154	0.0	566.3430510006699	1262.8399182562857	0.0	577.974512286649	1267.6711846928151	0.0	645.462046897082	1247.2602683728637	0.0	581.071317288712	567.0619607360827	0.0	471.6091802797247	483.5424343554214	0.0	511.43955562521916	571.2013117484973	0.0	543.0240436767966	592.9663423704923	0.0	544.5257032051725	710.0022939037128	0.0	487.8911039606072	798.9246684067674	0.0	656.1953273203973	581.5094612721298	0.0	703.9845529229897	729.7102104972232	0.0	662.6638939157106	833.9641046725841	0.0
193	6.449914089347079	616.7753840337338	833.748777448122	0.0	577.0890208973951	837.510067764577	0.0	557.7322033650615	1022.2032607388594	0.0	601.4628744212151	1202.6507395334795	0.0	544.1664899039464	1257.547209462625	0.0	539.3321363931267	1250.8840877338444	0.0	626.4562332120147	1230.4291738936597	0.0	656.2641109528515	835.7966301200477	0.0	644.9361318120335	1022.1593067498306	0.0	639.272491646172	1222.1134864391577	0.0	568.1941182869899	1262.4094740199585	0.0	579.4019937013721	1268.0614210542292	0.0	646.6443226491526	1247.0625896736922	0.0	578.7936181281525	565.2045717412598	0.0	470.81190898823064	482.13775184110574	0.0	509.81129152349286	569.2323925124111	0.0	537.9124061746613	590.6421533658421	0.0	542.1681613472288	707.9373420847136	0.0	486.88720950636304	797.9008794355356	0.0	655.5772899708206	579.794827382477	0.0	704.7698554558237	728.263517861066	0.0	664.2712415033232	835.2156891612213	0.0
194	6.483333333333333	613.6102707231414	833.7910566801938	0.0	573.6925648946235	837.7855494817271	0.0	558.0636497851829	1022.2253377970266	0.0	601.601662632885	1202.6245860535946	0.0	543.7234906283904	1256.7986599434726	0.0	539.205217260568	1247.721586655292	0.0	627.1283537270771	1228.9817720912795	0.0	653.8048035944378	834.3978260126705	0.0	645.9589884683974	1020.342692714357	0.0	639.9026558968291	1220.1876720981363	0.0	568.6733022075763	1261.2708688685202	0.0	580.3465473742781	1266.0860510041127	0.0	646.5091663541189	1244.7898724906133	0.0	576.6524713595005	563.266063511193	0.0	470.1899928457232	480.50026751484614	0.0	508.9442629468331	567.305219405537	0.0	532.4151625684475	588.2272912863899	0.0	538.9330150174376	705.9492271641105	0.0	484.99913952939903	796.9427755676556	0.0	655.3709342584513	576.878657718789	0.0	706.12394858173	723.8432150118091	0.0	667.6657361213013	834.6220283161689	0.0
195	6.516752577319587	610.3525444287216	830.3991948404185	0.0	569.692298158712	835.0642494885798	0.0	558.1887263400112	1020.2880729638385	0.0	601.0752071838398	1203.8205769479066	0.0	543.9227142941063	1256.2828218515547	0.0	538.8793686996281	1245.8478372870527	0.0	627.2592023789316	1229.211858455876	0.0	651.6032353330255	829.5769665143227	0.0	645.8804853374941	1014.5612446422621	0.0	640.184488906462	1214.6801549554177	0.0	570.7002065281206	1259.6084906443932	0.0	581.0011069982577	1260.5179320780994	0.0	645.0726385638711	1240.4633470776769	0.0	575.6374259338869	561.7918219222203	0.0	470.4883906359675	477.7050239456507	0.0	510.18825059980423	565.3622683495423	0.0	527.6519882459665	586.4667419296953	0.0	534.6181357707795	703.5259353800907	0.0	482.68966461684016	794.6840062841305	0.0	654.961365903768	573.7770496223312	0.0	707.5038051601538	717.0030811998654	0.0	673.7970342434675	827.9594437436559	0.0
196	6.550171821305842	607.1383490274616	825.0649486868258	0.0	565.5367631444044	830.313516479123	0.0	558.7924541274533	1016.9244711631901	0.0	600.7001828191384	1204.2604407755557	0.0	545.232639723366	1256.3021914485248	0.0	538.6297031346182	1245.7005547656233	0.0	627.356088983202	1229.7351606044738	0.0	648.8833035784729	823.1613287332566	0.0	641.4722616437946	1006.7263543802004	0.0	638.8694369044254	1207.5528391415971	0.0	574.3425318491832	1256.8460495057889	0.0	581.6812329063868	1253.9369237780304	0.0	643.021895749899	1233.6828764960965	0.0	576.145976820939	560.9942122793739	0.0	472.5949795634907	475.0001467254396	0.0	513.3993118777427	563.5661751214261	0.0	524.5773864298919	585.7919777626119	0.0	530.3068603066532	701.580361919188	0.0	479.8962633803617	790.663095494304	0.0	654.4903247465683	570.9123831937508	0.0	708.8530371350631	710.2915630534397	0.0	681.4603257369674	815.9446441165893	0.0
197	6.583591065292096	604.4798870124963	821.675249455507	0.0	562.2676765589929	827.2500464123156	0.0	559.4249137798533	1014.1494321544095	0.0	600.7183036263588	1202.9857580714327	0.0	546.8422358641319	1256.8717326732228	0.0	538.5227671343108	1246.5144114392206	0.0	627.7890982627437	1229.436050115896	0.0	645.8587678252364	819.3004779109037	0.0	633.965807487395	1001.4778985130108	0.0	636.4721615668917	1202.2919758512805	0.0	578.2908407681582	1253.0633283752181	0.0	582.495570579423	1249.7100147165227	0.0	641.1796797801118	1226.207671933089	0.0	577.6363233481084	560.8128204306884	0.0	476.06567356188447	473.50108679596383	0.0	516.6382869640267	561.926229829655	0.0	523.0174778405828	585.5780814068102	0.0	527.334402935127	700.9214668710171	0.0	476.6030621139204	786.0137911626797	0.0	654.8028683605794	568.5362392207381	0.0	710.9925028852794	705.968504913534	0.0	687.9441123101819	806.2508663672625	0.0
198	6.61701030927835	602.5868039564305	821.0508486265721	0.0	560.0176702833661	826.342893920496	0.0	558.9451480691365	1012.4214900914062	0.0	600.9782789195972	1201.19343147798	0.0	547.7410998842869	1258.2922686228521	0.0	538.9231039691447	1247.9057541652462	0.0	628.5672442499778	1228.8371873438268	0.0	643.4721816883109	818.5274713664207	0.0	627.5604961757731	998.9579880721644	0.0	634.967621853281	1200.0800813883682	0.0	584.3278239812174	1250.1595864959677	0.0	583.5525394872323	1248.353450911762	0.0	640.8914641046268	1222.2214209762187	0.0	578.9278383010566	560.9310257213093	0.0	478.89786283707616	471.9825946266009	0.0	518.4119791117074	560.8952859696136	0.0	521.8407455325719	585.2217679123385	0.0	525.105022715697	701.0037225623566	0.0	473.1208300363079	782.4569922625261	0.0	656.2989203870287	567.353513045779	0.0	714.0726489783589	704.369664624423	0.0	691.3027685655055	805.1963154605884	0.0
199	6.650429553264605	600.9401324288891	821.1623829067628	0.0	558.09829054673	825.4379901644868	0.0	557.5313040383166	1011.2515314944972	0.0	601.1890839860592	1199.78021413519	0.0	548.3034873954155	1259.6873847540764	0.0	540.1885730598805	1249.1015647223762	0.0	628.8297675561726	1228.4848151458593	0.0	642.112657107249	818.145647281508	0.0	625.1222713915223	995.6322876166375	0.0	635.480401686886	1199.8977701514668	0.0	592.7334355189978	1250.37186238007	0.0	585.3677228155724	1249.3131740640918	0.0	642.749311868686	1224.0096026889637	0.0	579.0632759522149	560.9240669991452	0.0	480.1614429048215	469.0768135260042	0.0	519.3789399178021	560.7638469959173	0.0	519.5631977212122	584.5493463726356	0.0	521.9073993793883	700.967931038517	0.0	469.9728726201956	780.3908227708996	0.0	658.3681109457493	567.0614963615191	0.0	717.4211553656004	704.6711925274464	0.0	691.79971405408	811.3461406565139	0.0
200	6.683848797250859	599.4154762406762	820.6536112753219	0.0	556.279081787263	823.7590213426511	0.0	556.4000205830238	1010.6685924118289	0.0	601.1215358186868	1198.0707591253831	0.0	549.4541771699015	1258.8185762437029	0.0	541.9007218078774	1248.404767104443	0.0	627.417711841963	1227.4542164555462	0.0	641.6537756180628	816.5405285842605	0.0	625.7158642273222	990.2469623166925	0.0	637.0902058099649	1200.5434902476932	0.0	596.8554207542544	1254.0789911617933	0.0	589.0432829244244	1252.9236887899876	0.0	645.4648640896133	1228.9732256525963	0.0	578.4369367850375	560.7917388240512	0.0	481.5234583101209	466.34252410579586	0.0	520.9451420148465	560.5738601620652	0.0	516.2228370238906	583.2424423802028	0.0	517.5284209068246	700.2769786385826	0.0	467.8704675068677	778.8061723420589	0.0	660.1368925305594	566.2909055226488	0.0	720.5881879808728	705.6449939365352	0.0	692.3771871610729	819.1091186198255	0.0
201	6.717268041237113	598.497177824194	819.6597051225378	0.0	554.9306554995125	822.101981860001	0.0	555.9013769716396	1010.513895520606	0.0	600.8287187104844	1195.849044376499	0.0	551.36451687271	1255.546219478128	0.0	543.472464881909	1245.540395222499	0.0	624.8019548291267	1225.198115436772	0.0	641.8727447226203	813.9974039373091	0.0	626.4568627077161	983.053694688591	0.0	638.4250880620549	1201.4280267074173	0.0	594.6847371355188	1259.2102480838093	0.0	596.1374151538278	1257.8886123429727	0.0	647.2041848509775	1232.2689700508552	0.0	578.8475130166431	561.2777246711457	0.0	485.181795839827	465.6343330874392	0.0	523.7194674904783	559.7027812800468	0.0	513.5196110754755	581.1054501032424	0.0	512.8418681538225	698.2090234234544	0.0	466.8947555954611	777.4449135457386	0.0	661.6426840506467	564.8988957392146	0.0	723.3830489534856	705.6626271408634	0.0	695.619579919232	823.9342064506319	0.0
202	6.750687285223368	598.3115696228873	818.4999238968637	0.0	554.2481522674741	820.8843887474137	0.0	555.5549890462465	1009.9509447290425	0.0	600.4898316605058	1194.214544770405	0.0	553.4761749743948	1252.8469487462696	0.0	544.8224771500735	1242.9991390378204	0.0	622.7200933431129	1223.2371899203372	0.0	642.6403093710629	811.1151278466075	0.0	627.3247249734086	974.2923818888017	0.0	639.2767514732027	1201.917659157153	0.0	594.457626889671	1262.671805336842	0.0	606.3030629268396	1261.1194913797635	0.0	647.0775607767243	1232.0017795003093	0.0	581.0738087555372	563.37000988486	0.0	491.3866412987214	465.0059671138031	0.0	528.5268514710699	558.9344936299699	0.0	511.33929761099847	578.9043769995254	0.0	507.77551717175606	695.071724164511	0.0	466.13967511945975	777.3821343712183	0.0	663.2749107249066	563.8004923818396	0.0	725.6684631709292	703.2257138245426	0.0	700.9557623645999	822.8471332139248	0.0
203	6.784106529209621	598.5288727231945	816.8436455298195	0.0	553.9313679036488	819.3788807862348	0.0	555.1093921094557	1008.4624074946114	0.0	600.1749628742721	1193.5191837172924	0.0	555.1331629043614	1252.2823676049982	0.0	545.7166155999466	1242.4433105632584	0.0	621.7437288399635	1222.6359766738801	0.0	643.9792169537847	808.1244102647033	0.0	630.626118041696	966.6874161399264	0.0	640.037149685877	1200.8315525944413	0.0	600.2650956806334	1262.5978561676582	0.0	616.6235590031699	1261.6826858804136	0.0	645.46332417105	1229.210902615555	0.0	583.3422745437816	567.0333001650051	0.0	499.14510733897254	461.99894308813293	0.0	536.2400123775745	558.873755351596	0.0	507.22327861587314	578.2495170752597	0.0	501.78890379323724	693.330718823132	0.0	464.5710619041863	779.35914630435	0.0	664.7279442457186	562.9109762452101	0.0	727.3273162542455	697.8877860793708	0.0	706.951000747433	815.8741215342388	0.0
204	6.817525773195876	598.8218285728442	814.3197133361406	0.0	553.5325507861255	816.7092598380714	0.0	554.6731832327856	1006.5849400230633	0.0	599.8324923923643	1192.837524382315	0.0	556.4064558305981	1251.7086865378903	0.0	545.818640368224	1242.1494293276912	0.0	620.9747389275759	1221.9702373825382	0.0	645.5474638821337	805.1454972514715	0.0	636.1794034551898	963.2620690954149	0.0	640.6087188073079	1197.4030314619893	0.0	607.9502622742441	1259.4264292106675	0.0	625.4066057017299	1260.536622237395	0.0	643.6797482794814	1223.898048808831	0.0	583.8930351538888	570.2524149321811	0.0	507.8861645056899	458.2249356973018	0.0	544.952566735865	559.2015200629389	0.0	500.96494485995044	579.3952002876249	0.0	495.557762985132	694.4322114526133	0.0	461.9181636927034	782.4779536924775	0.0	665.8143085108954	561.6173596098711	0.0	728.3511126167341	691.497767677782	0.0	712.8790399795591	809.0104048593997	0.0
205	6.850945017182131	598.8934149274432	811.4972313176642	0.0	552.7421079602957	813.3521236556455	0.0	554.4168209874048	1005.1099618843083	0.0	599.3495426102699	1191.274766504477	0.0	557.569909277034	1249.5536781399674	0.0	545.4224826458171	1240.3990548008874	0.0	619.6582652859671	1219.5697066758405	0.0	646.6253868106727	802.7203647898793	0.0	641.1871767401902	963.1875439904447	0.0	640.7365728254753	1192.7119235427442	0.0	613.225388014903	1256.1458798678427	0.0	631.9285650480198	1258.4550171590442	0.0	642.9868505537011	1217.7276948852368	0.0	583.3174251919573	571.1494341606576	0.0	517.0499096216322	456.16777178502036	0.0	551.4881655200212	559.4723484763117	0.0	495.6142871298194	580.5504634064481	0.0	490.3902710816916	696.0941327494784	0.0	458.9593692809291	785.0426220363089	0.0	666.940027608154	560.2892251802042	0.0	728.8876377577244	687.1137582862286	0.0	717.5341580466592	808.0952222143569	0.0
206	6.884364261168384	598.6338501914744	809.195133295795	0.0	551.4807067358307	810.739991979487	0.0	554.341302336853	1004.2590575995645	0.0	598.7536704456476	1188.7077132865827	0.0	558.2859828598172	1247.8441898665749	0.0	544.9662705154027	1238.7977320867485	0.0	617.9253178342797	1216.296740493301	0.0	646.9839882751131	801.1962104282336	0.0	644.1926714147684	963.5383419337932	0.0	640.8689991833998	1189.392206589423	0.0	615.3409305862488	1255.971021712854	0.0	635.1642363042639	1256.4990832531037	0.0	643.3338474934677	1215.3021430018464	0.0	583.0863931747978	570.6837919334009	0.0	525.6740085153531	454.795239082651	0.0	555.8704681478735	559.6307191491221	0.0	492.9554109358823	580.6173214141179	0.0	486.4510879602323	695.7371740530077	0.0	456.65482014104134	786.6524368291866	0.0	668.1471296029747	559.7356480907978	0.0	728.8195476199907	685.4273672632054	0.0	720.3146847941175	808.9321685688894	0.0
207	6.917783505154639	598.3239662110999	807.3404482794061	0.0	550.0671828094821	809.2280150704674	0.0	554.4692548151771	1004.0449889841403	0.0	598.120130102039	1185.8328056452572	0.0	558.3682171332268	1248.1250659043096	0.0	544.2975810732523	1239.0000120079164	0.0	615.9787961472174	1213.9854070318283	0.0	647.0281663656634	799.8245383303026	0.0	646.1586494675735	963.1325650482132	0.0	641.7049101171682	1188.7293718407534	0.0	617.3939015477928	1258.2049641107492	0.0	637.7404553975236	1255.1425280688668	0.0	643.772503228028	1216.9694543954797	0.0	583.3104987384155	570.5777891993911	0.0	533.45856444242	451.9905982829501	0.0	560.2208646883147	559.780256273987	0.0	491.9698679198881	580.2041613730023	0.0	482.9532192162724	694.056763926663	0.0	455.3077081285524	787.9353189493697	0.0	669.0010958129569	559.7349265174462	0.0	727.7337684458148	683.3519169756821	0.0	722.4922443965197	798.0736951568326	0.0
208	6.951202749140894	598.2714727283969	805.4921819475371	0.0	549.1384658535602	807.7449486180194	0.0	555.0669275378175	1004.289775662334	0.0	597.2985402325403	1183.3283996364069	0.0	558.152025787827	1248.0080310202309	0.0	543.2225501199343	1238.7933796826787	0.0	613.6540760088429	1212.2421943684474	0.0	647.096200436158	797.8123779824084	0.0	647.9762880967153	962.6753988202016	0.0	643.2508240493333	1189.408211038849	0.0	621.6461832384417	1259.6972605607345	0.0	643.2903610301969	1254.1945858269196	0.0	644.25617668196	1218.6306555309975	0.0	582.6954603424759	570.7925887496958	0.0	541.2514196071023	448.5435271351412	0.0	565.424345714073	559.7245428615427	0.0	491.2129405793751	580.0216298249898	0.0	479.7717474908206	693.0956935724347	0.0	454.80635459030276	788.7162145416702	0.0	669.2815243064008	558.9569208217472	0.0	725.558678480645	676.9180139412206	0.0	725.4702798341825	765.5873509246572	0.0
209	6.984621993127147	598.4979761353155	803.6216217338642	0.0	549.1448026055539	805.6205697465136	0.0	556.1642929674811	1004.2128866441706	0.0	596.3149655295824	1181.3570228959993	0.0	557.990903170948	1245.442202609151	0.0	542.3934654573652	1236.1260259771639	0.0	611.5369925422233	1209.9623783322456	0.0	647.2119515192285	795.3986744010414	0.0	649.3085854195192	961.9283840311929	0.0	645.1370412976212	1189.5659641841264	0.0	626.3488883811823	1259.4728922988465	0.0	650.3286111672243	1253.799550341747	0.0	645.5353163425407	1218.3070496142618	0.0	580.8348338507085	570.9127650394724	0.0	549.6685463389452	446.60508291126155	0.0	570.746722887044	559.1719779067109	0.0	490.2584854855703	580.2241379868523	0.0	477.6887424033286	693.2741282551815	0.0	454.8322191053408	788.4386286383909	0.0	669.2837759408224	556.5917576559609	0.0	723.0700737522665	666.803987134292	0.0	728.7622729298921	721.4640315267472	0.0
210	7.018041237113402	598.9709838477393	802.0481169533132	0.0	549.9163376692087	803.5545212627491	0.0	557.1683869142036	1002.9850397312138	0.0	595.6699494570585	1179.8347502132742	0.0	558.0831448460324	1242.4984240388897	0.0	542.7045325230948	1233.2595806708912	0.0	610.7619373943757	1207.909440588145	0.0	647.4906272904345	793.4624512581942	0.0	650.2156317176955	960.1497799601336	0.0	647.3570309401479	1188.5910018567802	0.0	630.2054789536502	1259.1371404822626	0.0	656.0672451288787	1254.0810133318867	0.0	647.8449228911488	1217.6582223854305	0.0	579.5988982528085	571.3464596661627	0.0	557.9187129218602	446.0795097924442	0.0	575.2055350502225	558.1566193171727	0.0	489.7131006006902	580.4169164062001	0.0	477.11527965460056	693.7139242204629	0.0	454.96945294624237	787.6232270848369	0.0	670.0605291682563	553.4889854090529	0.0	721.5985516858017	658.6303245777206	0.0	730.4211260174524	689.1234964613685	0.0
211	7.051460481099657	599.7641867593929	801.2068537712512	0.0	550.761739025683	802.4610186957789	0.0	557.5738801595785	1000.8287721074503	0.0	595.4982411766788	1178.5395774647113	0.0	558.3854018353774	1241.4196689555997	0.0	543.8273367668403	1232.3993507937214	0.0	611.186996562794	1206.9502035830353	0.0	648.1281551013303	792.7256035841856	0.0	651.5660789503221	958.9378569271291	0.0	650.07114412987	1187.5087332291116	0.0	633.8278958166325	1260.3767482501805	0.0	660.6990062909731	1255.6256019791451	0.0	650.9413957122277	1219.2717815886242	0.0	580.6104399148796	572.0341267912253	0.0	564.9099664153492	445.31858298675536	0.0	579.1908881149781	556.5746236799039	0.0	490.4016445504397	579.877944587555	0.0	477.5487103494719	694.0397284942595	0.0	455.0435888003168	787.3163670437083	0.0	672.5305714686291	551.1819007021779	0.0	721.4915445215012	655.991655234345	0.0	729.4320850692628	677.4452295510329	0.0
212	7.08487972508591	600.6073614728962	801.0874090588713	0.0	551.1383331949869	802.2546677293022	0.0	557.9524999229602	999.1437769801922	0.0	595.23446916252	1177.5719200400847	0.0	558.5319205079004	1240.8515472513232	0.0	544.3993826467408	1231.9167088803117	0.0	611.6385390963634	1206.4618437679578	0.0	648.910467966661	792.9823243882803	0.0	653.3021618007887	959.4790770818014	0.0	653.0672237890716	1187.5052946351107	0.0	636.9622624962886	1262.4775207409784	0.0	664.8248599546396	1258.3073077175713	0.0	654.152977928341	1222.4755008603502	0.0	582.7928541318677	571.5491043601064	0.0	570.7108635890709	443.9416970067431	0.0	583.7781076794213	554.0407434420512	0.0	492.2728428461343	578.4865606913262	0.0	478.2480366287392	694.59490748862	0.0	455.09391960891224	787.3968979177479	0.0	675.5817040616067	550.2531637097429	0.0	721.1303689627721	656.4804182798534	0.0	727.1591685262993	677.711559018985	0.0
213	7.118298969072165	600.9380841925366	801.0179725555265	0.0	551.1487323173991	802.1633756508088	0.0	559.1284284816892	998.9039276870864	0.0	594.8674297349847	1177.330791319987	0.0	558.1625328291989	1239.205935746484	0.0	543.8950026056119	1230.1375146509367	0.0	611.5450139209446	1205.7195684246385	0.0	649.5506175838384	793.2710875781081	0.0	654.5816292336899	959.3988380139243	0.0	655.7124262498468	1188.4367620737873	0.0	639.2934873441252	1263.3146464985439	0.0	668.3879607805726	1260.1225120555737	0.0	656.5123552077922	1223.5981988945873	0.0	584.2559755391214	569.22142221486	0.0	576.1927729142789	442.75073255225175	0.0	588.5202415141677	551.3598327729044	0.0	494.3498759780999	577.0572963464962	0.0	478.7678684818794	695.4057087556763	0.0	455.054415537548	787.2299264603789	0.0	677.3106833035339	550.0518906914824	0.0	719.3174942446184	656.1395563933431	0.0	726.1536662211748	686.8385732441263	0.0
214	7.151718213058419	600.8343918065066	800.6978217296208	0.0	551.153372474458	801.5965995100081	0.0	560.4981857430996	999.0676945614058	0.0	595.1609205031814	1177.3274494738234	0.0	557.3936224491794	1237.7443940773562	0.0	543.2151604439343	1228.4102488413062	0.0	611.2024673505048	1204.8278339252258	0.0	650.1607461156478	793.1210699987773	0.0	655.351912662526	957.0693924244476	0.0	657.4982466606326	1189.4427518790899	0.0	642.0696690593537	1263.0316035542946	0.0	672.2236360760029	1260.0647488607128	0.0	657.7578754309785	1221.7421115598959	0.0	585.0757618251793	566.5101013569198	0.0	581.8874877752432	441.90875735342235	0.0	591.9619720592254	550.3082983698761	0.0	495.93603635735633	576.4272923031622	0.0	478.95636744656224	695.9688038455614	0.0	454.83888503457115	787.316733824517	0.0	678.0745555902822	549.8249531547219	0.0	717.832624058458	655.8968446588405	0.0	727.5803361104398	710.8981865784693	0.0
215	7.185137457044673	600.805453415142	800.5283202742155	0.0	551.1694748788628	800.6480420030051	0.0	561.0576754365808	998.0111563263483	0.0	596.0627320850634	1176.3926134100138	0.0	556.7028640547375	1237.5494206063224	0.0	543.0797874459548	1228.0544166605541	0.0	610.9955092587767	1203.9106797230315	0.0	650.7494108936593	792.895403101143	0.0	655.9721497411089	954.4643631350717	0.0	658.679438448859	1189.856656536638	0.0	645.8605295987487	1263.2845652310577	0.0	676.7139659847501	1259.334304410735	0.0	658.3743588420572	1219.498605768167	0.0	586.6448161634775	564.6564489952847	0.0	587.5624463876879	440.85687329062245	0.0	594.3067407731169	550.6796946895937	0.0	497.3231300873424	576.3680065765705	0.0	478.91420982039716	695.7934500669528	0.0	454.5866996125936	787.9124179165528	0.0	679.5719642966575	549.577800802722	0.0	718.7487988817919	658.600169602922	0.0	730.0916036839559	743.604479388881	0.0
216	7.218556701030928	600.8710704864106	800.4955956442631	0.0	550.9597360758376	799.8904489466827	0.0	561.3221166127518	996.2553738233294	0.0	596.4121170338677	1174.5881462305645	0.0	556.3984430800008	1237.5948300993687	0.0	543.1644456549818	1228.0915765197367	0.0	610.9334284980673	1202.7261117523635	0.0	651.1196593282613	792.7704610743539	0.0	656.3483867928486	953.1751703910917	0.0	660.0163433157222	1189.7723409312448	0.0	648.885834089629	1263.5890465760551	0.0	679.986312734585	1258.872266705427	0.0	658.9326587155273	1218.4207509841035	0.0	589.4957764877455	563.5250067392896	0.0	592.4203248013591	439.5994010211981	0.0	597.128107443722	550.4398090048082	0.0	499.215124979641	575.5023784982709	0.0	478.97430427100966	694.8540860183767	0.0	454.49829201997966	787.9620082528763	0.0	682.1953144755067	549.7601872660719	0.0	721.2352798500899	662.5857290504971	0.0	731.7454429663414	765.4370698760579	0.0
217	7.251975945017182	600.92848107698	800.1517000629374	0.0	550.6573096950218	799.5680380736842	0.0	562.1426390038639	995.367332429993	0.0	595.6309827318089	1173.23575281304	0.0	556.5356091236545	1236.8649905821906	0.0	543.0969465009276	1227.4094929304385	0.0	610.8220021801957	1201.5455044521236	0.0	651.478624752687	792.4684337232706	0.0	656.423001275517	952.3355344724347	0.0	661.6180899820002	1189.6234236510154	0.0	649.7541914675102	1262.1731574411947	0.0	680.5555548453243	1258.1330172787843	0.0	659.6829954945349	1218.0716295977113	0.0	592.7855483767194	562.8793900119197	0.0	596.1675257867614	438.6121683194405	0.0	600.3771007246664	548.840577196861	0.0	501.88546244449947	572.9628202667068	0.0	479.4500071385478	693.6527133976035	0.0	454.6664127590568	787.1985275625312	0.0	685.2372103378594	550.5742655408363	0.0	723.8362859557499	665.7955257795767	0.0	732.2654260394976	770.8893826280423	0.0
218	7.285395189003436	601.2625572849158	799.6276374502947	0.0	550.9141891775635	799.5086000699533	0.0	563.1063637490832	995.3717773561316	0.0	594.5703983954319	1172.9293386823072	0.0	557.0834523504897	1235.801592156215	0.0	542.9844118534451	1226.502193795367	0.0	610.5825831997605	1200.9952702484252	0.0	652.1805108138002	792.0038395616284	0.0	656.5526615868339	951.0783085319167	0.0	662.5247335955439	1189.1844587845596	0.0	649.4583688761983	1259.7233997042924	0.0	679.7871981759175	1256.9198382080458	0.0	660.1292989424928	1218.0696085400332	0.0	595.360026610389	562.712505930567	0.0	599.949617393121	437.4660933402115	0.0	602.4559941961869	546.6387902089325	0.0	504.8523848760529	569.7784376281254	0.0	480.45396294109577	692.3660571272553	0.0	454.95976785280016	786.614554522193	0.0	688.1090286425886	551.6600195335458	0.0	726.744388170448	669.2989479312464	0.0	732.6446914373257	771.82928336231	0.0
219	7.318814432989691	602.0208400152154	799.466398939636	0.0	552.0995589281858	799.6475794988794	0.0	563.6232249907704	995.6329862413396	0.0	594.1624690873193	1173.0884181319348	0.0	557.8738503746986	1235.5771529662438	0.0	542.9527667931342	1226.2505229170558	0.0	610.3295662465621	1200.8111619878296	0.0	652.9765077244556	791.7617106364995	0.0	657.0740609884655	949.9510871632745	0.0	662.1194249106012	1188.4467544889026	0.0	649.3517025607787	1259.066516492519	0.0	679.5146738559438	1256.65781273035	0.0	659.5872281288872	1218.417044453578	0.0	597.0454357874755	562.547662419811	0.0	604.6208908054888	435.2601129419	0.0	603.3259098016481	544.5394858324452	0.0	507.43193230195214	567.2915551886985	0.0	481.81788712640537	690.5924558815407	0.0	455.0600578919515	786.3805126907667	0.0	690.4393444465677	552.4306960797257	0.0	730.0451529104045	672.629902202955	0.0	733.6085347790047	774.4296035404466	0.0
220	7.352233676975945	602.8589016339112	799.7319722577953	0.0	553.7230340943328	799.7513746058956	0.0	564.0574115291549	995.9711794335252	0.0	594.3414880653901	1173.23671899995	0.0	558.6535038531941	1235.8381308436813	0.0	543.1169809733951	1226.020603382612	0.0	610.2083475772841	1200.2307147636998	0.0	653.4935967456773	791.9004554177881	0.0	657.9687274567804	949.5997034536942	0.0	661.4043558046874	1188.0313680982804	0.0	649.5318011362281	1260.9894601639242	0.0	679.8248633890621	1258.0726182224046	0.0	658.3693930659857	1218.5336222851759	0.0	598.7156572556548	561.3397061245491	0.0	609.1731363077247	432.5228150969448	0.0	605.1961626686399	542.8223939293423	0.0	509.34930969907674	565.5063708056747	0.0	482.9295971107084	688.7639498744462	0.0	455.09455199668366	785.8262116601178	0.0	692.0956523578378	552.463777603121	0.0	732.7794843845402	673.7660700993886	0.0	735.4429827830362	776.5973537403189	0.0
221	7.385652920962199	603.5805548465792	799.9841748395452	0.0	555.1052630406525	799.2559125275626	0.0	564.7707785463605	995.9426112753001	0.0	594.8388003471325	1173.1282970316995	0.0	559.1794015478895	1235.0193212935803	0.0	543.7184722154116	1224.7528963078835	0.0	610.4012913270918	1199.248972941257	0.0	654.0677744973734	792.1553849569555	0.0	659.1361549027877	949.5014475967935	0.0	661.515219481421	1187.8542146349948	0.0	649.6652694170457	1263.2119282181848	0.0	680.1182939509216	1259.8063864034564	0.0	657.4346729565269	1217.7538747737717	0.0	601.0013256612889	559.1154936339849	0.0	612.8087873593583	430.4396711625158	0.0	609.0214628071777	541.3823215408898	0.0	510.83344180798844	563.9952195533829	0.0	483.2811731499995	687.875058449278	0.0	455.47850419477845	785.0310053474225	0.0	693.6607320791413	551.8912981998976	0.0	734.5667453989353	673.2205685284807	0.0	738.3317583217023	778.9089377464854	0.0
222	7.419072164948453	604.6914155088463	800.0259323017743	0.0	556.2845996520806	798.2396814091726	0.0	565.3521845809252	995.1346401945167	0.0	595.5974715760631	1172.24796426248	0.0	559.2339418827454	1233.5479787775257	0.0	544.6454846029756	1223.4352424402957	0.0	610.9390112073748	1198.6005559558253	0.0	655.3633463745613	792.3589794308941	0.0	660.7841072415467	948.9720108948993	0.0	661.6448694005054	1187.4298472956586	0.0	649.7037005427082	1263.9131545367422	0.0	680.2320619653617	1260.589060450315	0.0	657.1596605227604	1216.6434920433608	0.0	603.5856604257391	557.7522930196227	0.0	616.5719129008837	428.5438888118469	0.0	612.7230558432414	539.9670035356951	0.0	512.2879715127224	562.8063606821481	0.0	483.40210164252454	687.3186952398212	0.0	455.97872955060524	784.5609962592805	0.0	696.1552097191649	551.6253369812163	0.0	736.1313652750043	673.137112204338	0.0	741.7916429616994	782.2601006962169	0.0
223	7.452491408934708	606.653216596391	800.0457115216042	0.0	557.7535921153361	797.4748896462154	0.0	565.7130499552813	993.9234868897826	0.0	596.2809575654736	1170.746419476595	0.0	558.9248953533164	1233.1736668297742	0.0	545.3338898160824	1223.5877536515598	0.0	611.2874828367271	1198.9405044869025	0.0	657.5813823384642	792.6419794775265	0.0	662.8998605885624	948.7313542782233	0.0	660.6190376835865	1186.8926101952056	0.0	649.6845926445184	1263.443282623371	0.0	680.2784343145132	1260.3778167780526	0.0	657.2669250605745	1216.2937996116768	0.0	606.0848183561786	558.0884503348054	0.0	621.2561700702986	425.7916844434698	0.0	614.7689893756313	538.3737174996648	0.0	513.7963641996957	562.0238944261798	0.0	484.171007428791	685.7733667860556	0.0	456.22486308517426	784.4902027645559	0.0	699.8113638941817	552.1398029544026	0.0	738.1819255240457	673.7718502378361	0.0	744.6483456119635	785.2300233491336	0.0
224	7.485910652920962	609.0311107118354	799.9798598565416	0.0	559.6881997762722	797.1312631654582	0.0	566.5531368827524	993.0343069790439	0.0	596.4160747843205	1169.6237946955123	0.0	558.8046417522228	1233.86555005075	0.0	545.4552657046222	1224.3014738172724	0.0	610.7791301835495	1199.8303569963598	0.0	660.1626771340132	792.8842168990204	0.0	664.5378546512062	950.2567395260932	0.0	659.3179141261595	1186.5545858780224	0.0	649.5711353694655	1262.728692678075	0.0	680.2890619318063	1259.665058668708	0.0	657.444980079576	1216.624071228977	0.0	608.6883678457152	557.9766149898711	0.0	625.6559725975029	423.0126530551121	0.0	616.3333140215542	536.3201785661681	0.0	515.481359591487	561.1138467594085	0.0	485.41915958447925	683.9686932214863	0.0	456.4299437118343	784.6217012376073	0.0	703.7350208322705	552.4311015097693	0.0	740.9248833891996	673.9162454595418	0.0	746.3533512929042	787.2492680177652	0.0
225	7.519329896907216	611.2176719617391	799.3506913736204	0.0	561.7777372886637	796.7073856239008	0.0	567.974171066099	992.7736880175403	0.0	595.9480250965906	1169.2808028539105	0.0	559.1582959454147	1234.345667118616	0.0	545.2462882699538	1223.7157687165802	0.0	609.4598292125459	1199.9236603285387	0.0	662.2869100141475	792.5662171781108	0.0	665.0782264123405	953.6553121744603	0.0	659.1266271090045	1186.4840146298025	0.0	649.3690893463976	1262.6154695061473	0.0	680.1908924415565	1259.2535026656185	0.0	657.3882603499126	1216.6447203231162	0.0	611.4992822266255	555.5237839625441	0.0	628.6279321852759	421.4312705067456	0.0	618.7960549278538	533.8267690730091	0.0	517.6978140921325	559.3991280146322	0.0	486.6102224739636	683.4701443095356	0.0	456.68363420050554	784.8968355458238	0.0	706.9813152489312	551.210994604699	0.0	744.0130519273999	673.5985363329737	0.0	747.4665679050038	786.8855484065241	0.0
226	7.552749140893471	613.2478987769986	797.9128482527594	0.0	563.4378219088696	796.0946537894919	0.0	569.2410946664578	992.889056000231	0.0	595.496718803091	1169.2510611984255	0.0	559.351800614639	1234.329224754935	0.0	545.2411716356472	1222.2640016816788	0.0	608.0422923919817	1199.0120492096394	0.0	663.905225195363	791.3893218727765	0.0	665.6896880702631	957.0846805908387	0.0	659.7716997235253	1186.5269542399808	0.0	649.222933533869	1263.8156574021687	0.0	680.0364881549966	1259.5784019240857	0.0	656.5279006374914	1216.0075113494736	0.0	614.3459300722237	552.2776776454574	0.0	630.9091677261777	419.83658036992415	0.0	622.0511526056619	531.5299807215639	0.0	520.1796817764529	557.2060769373262	0.0	488.04498277649566	683.5790663688754	0.0	456.8883904977899	785.1646646592048	0.0	709.6926876469713	548.8226980268154	0.0	746.6524344506707	673.110037539859	0.0	748.7400278110678	778.2023356104564	0.0
227	7.586168384879725	615.2987310426508	796.2047918890988	0.0	564.4618623669917	795.7031878326841	0.0	570.2230364584372	993.0571045789627	0.0	595.5748632278282	1169.0142444156459	0.0	558.777037081516	1234.3220192741712	0.0	545.6257548436399	1221.664889475697	0.0	607.1078381833507	1198.1520555424452	0.0	665.893602365688	789.9271685079702	0.0	667.6844297039016	958.9761798568768	0.0	660.2678112248879	1186.4836481513314	0.0	649.229298010488	1265.5992831669325	0.0	680.0299216661723	1259.866375978268	0.0	654.8237960351361	1215.1797051278004	0.0	617.3792847599059	550.3928116550542	0.0	633.4032752867503	416.49307257394435	0.0	625.3942180781114	529.7848266993902	0.0	522.3887732894958	555.4367295838512	0.0	490.0718286315276	682.5496322063211	0.0	457.46270807229695	785.0720756571284	0.0	712.9012083551511	547.0871747626145	0.0	748.5952848057889	671.5093845721016	0.0	750.553006699064	755.6122076615121	0.0
228	7.619587628865979	617.2747115591008	795.2205791630618	0.0	565.4045647260225	795.9047368873844	0.0	571.0836644521822	993.6305122264282	0.0	595.7955735612845	1168.4295412199383	0.0	558.3172901421369	1234.1018550406857	0.0	545.8534607173591	1221.7644467814519	0.0	606.8827742516728	1197.4495963217084	0.0	668.7686787181955	789.1639925769465	0.0	670.3513460229619	960.8679329881938	0.0	660.3785987892535	1186.618184011123	0.0	649.2470059042993	1266.0333893913269	0.0	680.1767660262801	1259.2819360462843	0.0	653.7548894151602	1214.5182684380636	0.0	620.8466842860763	548.8249691598701	0.0	635.9941651670111	412.6133884908207	0.0	628.1549557376695	528.0432005274591	0.0	524.7634313468204	554.1837221612817	0.0	492.0568182279633	680.5493540332471	0.0	458.7639295725246	784.5707203962949	0.0	716.9603344946149	546.9611845576344	0.0	750.5165561878359	668.8875768654626	0.0	752.8051751995856	727.1918971178095	0.0
229	7.653006872852234	619.0732089327447	795.3508545374524	0.0	566.6470501680183	796.3951675185147	0.0	570.6224279844746	995.4539978684724	0.0	595.58935925764	1167.5385870097211	0.0	559.0276580757117	1233.1643771166591	0.0	545.5423409180826	1221.1941340068897	0.0	607.0694413013972	1195.966758962526	0.0	671.8197766276252	789.2225604413633	0.0	672.2077760348344	966.1338486948318	0.0	660.194126265475	1187.061697683813	0.0	649.2153438834089	1264.7485874566678	0.0	680.1852530139578	1258.2036829210108	0.0	654.6534811582907	1213.7901939456349	0.0	624.3184056492485	545.8926762223265	0.0	638.4890778472652	410.5680232074517	0.0	630.3379908478353	526.0058460402578	0.0	527.9075303929629	552.9413181588362	0.0	493.22763485746503	678.8328792045374	0.0	460.4222259171528	783.9661503440819	0.0	720.8254638551995	547.5204150866002	0.0	752.8868750571324	666.8825676589832	0.0	755.1575621453163	712.4241698460575	0.0
230	7.686426116838488	620.906027664873	795.8821651214167	0.0	567.9795018356883	795.9480876151285	0.0	567.4528130073786	998.5382798009182	0.0	594.8139590534789	1165.677464862234	0.0	559.9731725126254	1232.0428961046548	0.0	545.0632587678278	1219.9279090338848	0.0	606.7522233057974	1192.934770008801	0.0	674.3005407982206	789.573706783473	0.0	673.2122424400841	974.3018653824543	0.0	659.538800351167	1186.7221530864515	0.0	649.317184325608	1263.4987726368986	0.0	679.8522071248202	1257.382205520827	0.0	656.2347673370678	1212.2456660607113	0.0	627.0247338984118	542.8435760166909	0.0	640.9430816426021	410.377214233915	0.0	633.3978136402591	524.3644276263916	0.0	531.1112850229064	551.7523218597288	0.0	494.0590616063311	677.7023793971265	0.0	461.77091773915333	783.5756310368334	0.0	723.549707918818	547.4956411023246	0.0	755.3620644317637	666.0185012615079	0.0	757.404380345966	717.1971028534684	0.0
231	7.719845360824742	623.0382939099314	796.2789030385508	0.0	569.2953119089445	794.6449723128737	0.0	562.3960063457683	1002.0766292940791	0.0	593.4224171811568	1161.8067155937883	0.0	559.4328837663265	1231.3513486039208	0.0	544.2675602931778	1218.4887439204433	0.0	605.7979436502044	1187.7334809591866	0.0	676.4376344381812	790.7124662935252	0.0	674.1350312156292	980.6951609477359	0.0	658.6267104525015	1184.7360393326499	0.0	649.6174277897693	1263.6416958148618	0.0	679.4096787490041	1257.1527359930806	0.0	655.8464671312463	1209.7404657315237	0.0	629.1021924732463	541.6741875007026	0.0	643.2929736224687	410.5602225828557	0.0	637.9679952443545	523.6400020189109	0.0	533.3714875342914	551.0159108685133	0.0	495.57911082562384	676.8709344704987	0.0	462.34309737977156	783.6237019430283	0.0	725.7416576765524	546.8379419644813	0.0	757.5691780211446	666.2311684004553	0.0	759.385962971822	726.3260308468556	0.0
232	7.7532646048109966	625.0741370320981	797.2833521455364	0.0	570.3596602679434	794.9930716552193	0.0	557.2498718769863	1005.6568331979349	0.0	591.2828223452184	1156.1695235750783	0.0	557.4101265892126	1230.5632261093128	0.0	542.3763883581839	1216.1342063017016	0.0	604.9488890829018	1180.007829003876	0.0	678.4178116659151	793.9584326677759	0.0	675.0756904697907	983.2298863076575	0.0	658.3838237526281	1182.9214805665451	0.0	650.1266245250896	1264.8767116675124	0.0	679.3193624159227	1257.5037544787385	0.0	653.7042756105732	1207.5202963829474	0.0	631.3871682441315	542.3667725217466	0.0	645.3264623788244	410.2344055262282	0.0	641.850997610086	523.298776973756	0.0	535.087053462813	550.800198312458	0.0	497.56289914952504	676.2167704036434	0.0	462.35120658306823	783.5989742993913	0.0	728.5302505294394	546.4016555559	0.0	759.6887289515579	668.4651000195067	0.0	761.2324502423493	728.9749699983424	0.0
233	7.78668384879725	626.3676512005296	799.207318674849	0.0	570.7816339311568	797.646943756796	0.0	552.5141783348873	1008.8666518920155	0.0	588.404108727343	1150.0627836052715	0.0	555.6700605845305	1229.3752596308568	0.0	539.8629592195873	1212.784968215263	0.0	603.9612477683567	1170.2298494605348	0.0	679.929904829531	798.659004468136	0.0	675.8051638042303	984.0957618163615	0.0	659.6463905389279	1184.1110371485672	0.0	650.7288736093749	1265.9567359246591	0.0	679.5688707220426	1258.0021227914376	0.0	653.2516457443161	1206.74249228217	0.0	633.9839206779473	543.5359994529128	0.0	646.8394289302807	408.9557753002404	0.0	643.3438318042062	522.5557713555241	0.0	537.1784429043043	551.0034533775154	0.0	499.07971031703823	675.5576875558139	0.0	462.3893285568917	782.7099606583664	0.0	731.9350007989611	546.4360538357761	0.0	762.2083103675748	671.957423778863	0.0	763.3746450687904	733.4337966120663	0.0
234	7.820103092783505	626.9287095246309	800.4936187179138	0.0	570.8255003349791	799.9008524324349	0.0	548.072587085601	1010.6865596108146	0.0	585.3309743087934	1144.5554532728377	0.0	555.4977898151933	1228.9256440721772	0.0	538.2226457680592	1211.0285006090205	0.0	602.1127337432312	1160.3305839273628	0.0	680.871915926733	802.0646946065008	0.0	676.3574836536854	985.3337196155157	0.0	661.8554533195271	1187.4489345057123	0.0	650.7953736723208	1266.1346312384924	0.0	679.6727070193143	1258.3810114317293	0.0	655.3316273316449	1207.2478083435635	0.0	636.2879390334139	543.6158494704977	0.0	647.6997058898432	406.5668557395844	0.0	643.655897493679	521.6752092766665	0.0	539.2772181621975	551.1073738465427	0.0	500.3578733539637	674.7222187780104	0.0	462.36981964102364	781.4078510322267	0.0	735.1063285558977	546.3934427547064	0.0	765.5867589891127	673.7782914957008	0.0	766.151438969149	747.1213226953445	0.0
235	7.8535223367697595	627.0707202587358	799.872334805321	0.0	570.8604636142062	800.2544552238207	0.0	544.3814134706239	1010.6950761194751	0.0	583.1691493564572	1140.942445657465	0.0	556.8381756166347	1230.6003434985812	0.0	538.1772948465621	1213.2103759730348	0.0	600.2861229869562	1153.795891933941	0.0	681.3154571758897	802.9314454498596	0.0	676.7010485086572	986.9532329391692	0.0	663.0961650494565	1189.1750572090734	0.0	649.8649308985671	1266.0896396291823	0.0	679.4273616843258	1259.01672778924	0.0	656.5096170524896	1208.0081004378453	0.0	638.2251723851109	541.8589736022458	0.0	647.9097438221778	403.913174657716	0.0	644.10578223436	521.3610205898435	0.0	540.5757668609019	550.1586138593655	0.0	502.1517103731031	673.8655424607559	0.0	461.9171319915707	780.6481417804656	0.0	737.4797444141441	546.1970106810928	0.0	769.6171697876867	673.9231383811054	0.0	769.5760960326754	761.6158560701837	0.0
236	7.886941580756013	627.0458758498689	798.2996739210904	0.0	570.7501702436743	799.6759811371904	0.0	541.9668392390521	1009.7921896843474	0.0	582.6953518156145	1141.2904255697897	0.0	559.5339763178652	1234.9682834164166	0.0	539.5735235838963	1218.7623712543352	0.0	600.0301551861344	1153.639638820885	0.0	681.414999810427	802.3774856596849	0.0	676.644215499149	988.2641895987563	0.0	662.2425115217828	1188.551536316595	0.0	648.4045512494569	1266.888763314531	0.0	678.8493513259842	1259.85956575197	0.0	654.8820484491969	1207.7463078700796	0.0	640.2244717778474	539.238972913066	0.0	647.8364278221934	402.23286576093386	0.0	644.6143690797313	521.0037234892184	0.0	541.5074854037787	548.1455771112763	0.0	503.9207674098004	673.2150733668085	0.0	461.26276807265435	780.475704255377	0.0	739.146096427034	546.1128765720271	0.0	772.872774155291	675.0678962411649	0.0	772.7783723015488	764.7139940056736	0.0
237	7.920360824742268	627.2865139831152	797.2098320624764	0.0	570.522748446484	799.0051587079937	0.0	540.9328043926956	1008.8184905564555	0.0	583.338254875829	1147.429880196243	0.0	563.3935779880911	1242.5109733653062	0.0	541.9125985971691	1226.7734094378816	0.0	600.8161692540306	1160.753814572081	0.0	681.6198448654623	801.7402722350139	0.0	676.2946629251755	989.0626663639299	0.0	659.8827242245472	1187.894543022946	0.0	647.2772684387944	1268.4367213529222	0.0	677.8756606251656	1259.97166083424	0.0	652.2093225017403	1206.1343181252435	0.0	642.0290308623696	537.4210361432304	0.0	648.1203228315278	401.28007175532855	0.0	645.1241180676961	519.603291378739	0.0	542.6498534916129	546.2478649340306	0.0	504.5970727041614	672.408480912309	0.0	460.7340638613793	780.3406083581405	0.0	740.2938071216327	545.4977372669895	0.0	774.1049107405123	677.3758428234131	0.0	774.8207906508808	750.8096871161879	0.0
238	7.9537800687285225	627.762109924731	796.5333310577008	0.0	570.3396519839093	798.3321425936556	0.0	541.5298892899881	1007.602692355703	0.0	583.324987229408	1159.7992798663674	0.0	567.0595042566912	1253.511814987158	0.0	543.9801124707993	1238.1008005991416	0.0	600.1106371826787	1175.0517319579885	0.0	682.0571255424074	801.741622556166	0.0	676.0598632846849	989.8837890963276	0.0	657.221356059834	1187.916541253573	0.0	646.9461859135806	1269.4390087570334	0.0	676.7908805210983	1259.1147271109596	0.0	650.2649732490079	1204.9313989350994	0.0	643.021342500917	536.8290163651803	0.0	648.8155922282483	399.3020397278151	0.0	645.6981816707822	517.2184093891171	0.0	543.5583076901177	545.0487197467463	0.0	504.3723794394039	670.4287084294326	0.0	460.3469676440542	779.8303900969088	0.0	741.105106802353	543.6439002890039	0.0	774.0711805234689	679.1758104476813	0.0	776.1709599761972	726.2982847329529	0.0
239	7.987199312714776	627.4821492796095	795.8799713951441	0.0	569.8666243284783	797.8028043718983	0.0	544.1757258639302	1006.3087437494146	0.0	581.1754007679464	1176.7572275138943	0.0	568.356228014208	1266.4740507828092	0.0	543.8965662600693	1252.5570823458295	0.0	595.9286063085949	1195.4566353810153	0.0	681.9959407447045	802.5515590386976	0.0	676.0181205129329	991.4766533120229	0.0	655.4904270802238	1187.768939540465	0.0	647.3418837301818	1268.6966185683457	0.0	676.118861956116	1258.2681359733747	0.0	649.3994285672927	1206.874713537	0.0	643.4031860689361	536.2240704407659	0.0	649.1175002904714	395.47171580173796	0.0	645.8716276409093	513.7749901302213	0.0	543.9383755288294	543.7878076313767	0.0	504.13486702824065	667.023967171512	0.0	460.12156792693173	779.0875715868815	0.0	741.8325611239808	541.4580113331485	0.0	774.6630015093023	679.7358752808199	0.0	777.8145451530612	707.0087401119438	0.0
240	8.02061855670103	625.9278851944911	795.9514048518233	0.0	568.622306959822	797.9582349069146	0.0	548.5787772267672	1006.4333748038158	0.0	577.3208941086725	1194.9624175691742	0.0	566.614056001704	1278.5968027874205	0.0	541.1586625629244	1266.970457411834	0.0	588.922945193821	1218.125973709677	0.0	680.9440780167558	803.8207134573767	0.0	675.8616296442328	992.9777211470383	0.0	655.4096209499875	1187.4482286499278	0.0	648.0235902980586	1266.1828710404482	0.0	675.8959555346796	1257.7475549673225	0.0	650.1613200525096	1212.1305726957423	0.0	643.8509181409461	533.7829029673633	0.0	648.61044835959	391.05628597775143	0.0	645.2512585818408	508.79746528991035	0.0	544.1169879301032	541.9176554236191	0.0	503.9906264571067	663.9366433564546	0.0	460.1358049670822	778.73862512782	0.0	742.3530932339762	540.7337891167032	0.0	776.7944327489116	679.1557249962252	0.0	780.0161398759494	698.950919552739	0.0
241	8.054037800687285	624.0742632999625	797.3387841153859	0.0	566.8496765795425	799.4224787841187	0.0	553.7351298905637	1009.1096487061171	0.0	573.5522657313303	1211.2887867214304	0.0	564.0046407430344	1287.778854375512	0.0	538.0666347032884	1278.1410766764805	0.0	581.9244318154259	1238.0507177714521	0.0	679.599847766292	805.1274839095147	0.0	675.5847886410875	992.8172836266934	0.0	656.2814779214581	1187.5811514416562	0.0	648.4994591117965	1263.159167890453	0.0	675.8338252021074	1256.8558942959246	0.0	652.8811324686666	1216.6987079147027	0.0	644.5681124560821	529.517425491904	0.0	647.948640756197	387.43659939153935	0.0	644.7931715095453	502.9505011968242	0.0	544.1359310688991	540.1655387880131	0.0	503.42878308151893	663.2513762555039	0.0	460.2911672175019	779.1102166331032	0.0	742.4786890587195	541.983733502779	0.0	779.4444189057687	678.6382646442022	0.0	782.524068609497	697.8396785022776	0.0
242	8.08745704467354	622.9397102240217	799.606362225008	0.0	565.3900690055217	801.8875439458936	0.0	558.5449330831901	1013.3772155979547	0.0	570.9908763547094	1223.947145469275	0.0	563.6631587395715	1293.5264467157601	0.0	537.4741452823264	1285.8632343024108	0.0	577.1823436860793	1252.4958455709473	0.0	678.7635050648371	806.4052943958965	0.0	675.3325145106226	992.0493313015269	0.0	656.7931805908081	1188.2799033415529	0.0	648.6423109497357	1261.7446382295443	0.0	675.9919537144758	1255.7305169913975	0.0	656.3452550164938	1216.9624051295477	0.0	644.9402278167416	525.8876878474125	0.0	647.8149716128468	384.44425307679666	0.0	646.1044439161087	498.0720159354237	0.0	543.5996374449268	539.4578764293012	0.0	502.371250834793	664.6220978640077	0.0	460.1574924383126	779.7464021309808	0.0	742.4376004205737	543.7916699494455	0.0	780.6782557254098	679.7005634076878	0.0	784.1799794357971	702.0968512987241	0.0
243	8.120876288659794	622.3159191261905	802.1902540622747	0.0	564.6653322808888	804.4022373573065	0.0	562.2260192032404	1017.5542399445806	0.0	569.866283335119	1232.4720423405242	0.0	567.0202337318399	1297.2428823893283	0.0	540.1391013133117	1292.019167340615	0.0	574.9888109815485	1261.5855493377142	0.0	678.161875281567	808.0534109900684	0.0	674.6636941508924	992.6227162660748	0.0	656.4904751268743	1188.804540211587	0.0	648.5950686409865	1262.844776988521	0.0	676.3298807254629	1254.8820508801298	0.0	658.6245469665041	1214.42603719479	0.0	644.1354370775199	524.1599703701179	0.0	647.9907162332223	381.7408514609658	0.0	648.6864065612673	495.09731543181056	0.0	542.0965983543391	539.8053445940606	0.0	501.2234785786517	665.8905304114929	0.0	459.4604464962711	780.0258404526979	0.0	742.4985645141734	544.842995459976	0.0	780.0696920934881	681.9787222750521	0.0	783.3215653779916	708.2978275333988	0.0
244	8.154295532646048	621.6555197468487	804.6353366678815	0.0	564.4095745924104	807.2235012920855	0.0	564.6915961622506	1021.2392133321313	0.0	570.3949302143744	1237.7280984674403	0.0	573.1364655420017	1301.2888579775156	0.0	544.8898330292305	1297.8966796381483	0.0	574.753317790218	1267.0186236641978	0.0	677.0113873487956	810.6534645581023	0.0	673.290822900185	994.3430778639704	0.0	655.5031741589871	1187.7572585348128	0.0	648.4236302222594	1264.1791090753031	0.0	676.0545081085847	1253.230201214754	0.0	657.9242635505054	1213.0860475342295	0.0	642.2351445640618	522.7374294580264	0.0	647.7792169754466	379.942067397606	0.0	650.4870987843648	492.6362561063553	0.0	539.5294462913818	540.6158076348348	0.0	500.03719616006185	666.3367291479772	0.0	458.5598531095002	779.7161320197173	0.0	742.6051201833006	545.6382547692895	0.0	778.8541862229188	684.0950488541885	0.0	780.692549130218	712.2664844895505	0.0
245	8.187714776632303	620.8803347079279	806.3777340088153	0.0	564.1554846453067	810.7405459722141	0.0	566.3337243232992	1024.5095796255534	0.0	572.3709201167571	1241.1924051103672	0.0	579.4637960230468	1307.2064494469782	0.0	549.6129476757097	1303.6582569791353	0.0	575.8190864804131	1270.5310792333876	0.0	675.3319600654306	813.7865608734758	0.0	672.0657912157325	995.7260204624198	0.0	654.1922120089146	1183.8138143257418	0.0	648.2415912301144	1263.343098600097	0.0	674.847574010083	1249.9145381779167	0.0	654.2422986718672	1212.8515299780736	0.0	640.0306101644123	520.7129777276272	0.0	646.8269280040392	379.034944374946	0.0	650.8804689414164	489.13540306828065	0.0	536.3358606908664	541.4974420688177	0.0	498.40922626881223	666.8343928964279	0.0	458.0083345841224	778.9018851137903	0.0	742.1525645374529	546.8154432424308	0.0	777.560941329799	685.4034420576638	0.0	779.1045952737065	715.1689472212225	0.0
246	8.221134020618557	619.7755009823899	807.2014214897494	0.0	563.4701716985652	813.1918102916482	0.0	567.4911373304919	1026.683098537332	0.0	574.5745034612061	1244.1537193052386	0.0	583.2763518900775	1314.9573430168907	0.0	551.9578431853289	1309.619947349119	0.0	577.1500822352737	1273.1343718958594	0.0	673.8514047638279	815.7650830907879	0.0	671.7834195897116	996.1675031017747	0.0	653.2694958737501	1176.9525726125892	0.0	648.6618630461969	1261.5183865075182	0.0	674.1182506649674	1247.1704142006452	0.0	650.3560740567249	1209.9678833943	0.0	637.6657180719964	519.5190763436854	0.0	645.0432792854616	377.4707599789076	0.0	649.967033277455	485.26870155979503	0.0	532.9993190340873	542.0582914112624	0.0	496.39233804971127	666.6418129389593	0.0	458.0616645308271	777.9292547615225	0.0	740.1117821867952	547.3266713026653	0.0	775.6506711158719	685.6722484744345	0.0	779.228363582511	716.7312021338439	0.0
247	8.25455326460481	618.0821513145532	807.2408370547886	0.0	562.0900470129133	813.2448320789773	0.0	567.9630247020194	1027.7062343595014	0.0	575.7126123783356	1247.3336004664873	0.0	583.6974433723691	1322.852364737441	0.0	550.9984827796408	1315.8180482630335	0.0	577.8421550535638	1275.472927488247	0.0	672.8428112703567	815.9298091568737	0.0	671.8102365722506	997.0004803512592	0.0	653.1372469878115	1169.6178189454195	0.0	650.2468514330258	1260.962608819021	0.0	675.4190017558235	1247.3371029070634	0.0	648.4012560865046	1204.623823438871	0.0	634.5854034140962	519.5629959941485	0.0	642.1910006420127	374.1016606475142	0.0	647.0150936332674	482.13622496831505	0.0	529.4548047514461	541.572018254418	0.0	494.5441597852768	664.0031259205778	0.0	458.23610421239425	777.1859372945344	0.0	736.401118900031	546.1990441342011	0.0	773.214196504341	685.505620780812	0.0	779.5400636567826	715.3429542140112	0.0
248	8.287972508591064	616.3779800473403	806.9529818952057	0.0	560.0690174193644	812.8666005562387	0.0	566.9225494120556	1028.8304966301882	0.0	575.688647881239	1250.3810734771453	0.0	582.5394332880924	1328.5349517898667	0.0	548.7029325965761	1320.9033324604068	0.0	578.1870867399255	1277.6164086186081	0.0	672.0495555640845	815.5697764021043	0.0	671.2480649074109	998.4495284619043	0.0	653.815684601197	1166.3886245853353	0.0	652.1177030744246	1261.8302116604445	0.0	678.0782359582953	1249.0974194690566	0.0	648.0615494159165	1200.9904049516113	0.0	630.8133591627716	518.9691978629563	0.0	638.0570066171896	370.07797412545887	0.0	641.8625076227194	479.4916598976698	0.0	525.5056046772225	540.5181778981894	0.0	492.74653763638696	660.415360854576	0.0	457.35866988365746	776.7825650785335	0.0	732.6506556716191	544.2199994690345	0.0	771.154501155	685.7279822893126	0.0	778.9669394369457	713.2692274720475	0.0
249	8.32139175257732	615.1024586711824	807.1764626875014	0.0	557.6454400519933	814.2406343747012	0.0	564.4169477381486	1030.244798922181	0.0	575.2518860580373	1252.2258331897463	0.0	582.2856206449311	1330.8915807503336	0.0	548.029532659587	1323.492223053367	0.0	578.5735461682591	1278.8880346096973	0.0	670.8979096346663	815.711295654164	0.0	670.1680794257832	998.6263977189525	0.0	654.8125311722976	1169.1997588340887	0.0	652.8882969669972	1263.1068804113143	0.0	679.8601583124313	1250.210683148382	0.0	648.537976308554	1199.462581694035	0.0	626.9757594770728	516.8724545982236	0.0	632.7267108472076	367.1534790385358	0.0	635.690914890302	476.93427141690995	0.0	521.2235962874154	540.5805479562157	0.0	490.38147018360195	658.8119039136506	0.0	455.21450561381704	776.4632076111053	0.0	730.0078598381659	542.2036956527257	0.0	769.7737984261313	685.5038095660308	0.0	777.1114958580966	710.6881217311197	0.0
250	8.354810996563574	613.2695425890366	808.0853523342735	0.0	554.9315399403055	816.4356900103148	0.0	562.0421393697148	1030.4926046107923	0.0	574.8821830652531	1252.6141707852275	0.0	583.1481206280732	1330.8439051443336	0.0	549.4841186393812	1323.9178414983028	0.0	578.4852846894804	1278.9302605478451	0.0	668.7278371405818	816.1009882415173	0.0	668.454119879485	998.252515114415	0.0	654.7223190641284	1173.7274829855899	0.0	652.6063868355697	1264.2498233329152	0.0	679.6421593433645	1250.4934229140072	0.0	648.8465830368696	1196.022868770252	0.0	623.1432412974374	514.3421127497753	0.0	626.752179832976	364.4378961102413	0.0	629.8950490866688	474.15092883432703	0.0	516.8376040295846	541.3731324285873	0.0	487.5852733569277	658.2938957625792	0.0	453.14312705689576	775.9576113216569	0.0	727.4219776352193	539.5701877408444	0.0	768.4043839391975	683.7773772590451	0.0	774.368565434084	703.809566391156	0.0
251	8.388230240549827	610.2435158971791	808.688191062628	0.0	552.0051161149431	817.4771019431458	0.0	560.8053250744856	1029.2219944271346	0.0	574.6342303991324	1252.5745027167798	0.0	583.5797039703936	1330.165030374781	0.0	551.315040421439	1323.5369330504493	0.0	577.8507399549402	1278.389764009379	0.0	666.0385274784855	816.3151268635131	0.0	665.8273434012992	999.9385237203378	0.0	652.9489017708163	1175.1533920273644	0.0	651.8711808650986	1265.446375013233	0.0	678.1533351314224	1250.5619837152267	0.0	647.9484192047045	1189.2759411549673	0.0	619.090861925005	511.8103448792055	0.0	620.7694293596591	359.88155765002665	0.0	624.7367358248418	470.3605559523064	0.0	512.7062460048633	540.5069276392168	0.0	484.9341587321747	656.488611973855	0.0	452.02628324906806	775.2335369745949	0.0	723.7361660001446	535.6197566746351	0.0	766.3684040255592	681.4242658200725	0.0	771.3565691093612	692.8334693435048	0.0
252	8.421649484536083	607.4137836183468	808.0284086855838	0.0	549.2456994481437	817.1172748592057	0.0	560.049581003275	1028.5196427677215	0.0	574.3477380287597	1252.61783921254	0.0	583.5476999851113	1329.7642366149125	0.0	552.2742725867054	1323.2074859147492	0.0	577.1964217824313	1277.9664495774277	0.0	664.0275719171443	815.9515972471502	0.0	663.6732706214065	1002.379956777667	0.0	650.8773559894811	1173.4177476368948	0.0	650.829397701047	1266.2018737324743	0.0	676.7944097956598	1250.5397682259754	0.0	646.4897052028388	1182.937978753066	0.0	615.2674031183516	508.37751371551906	0.0	614.7366599299559	354.26319580019083	0.0	618.6995500234085	465.522449238016	0.0	508.86985625590626	537.4815682846527	0.0	482.51481751815913	654.065618884017	0.0	451.20760418428927	774.1412046704636	0.0	719.5780760303505	530.7535639102231	0.0	763.440469478734	679.9801339703795	0.0	767.6225637928909	683.3882393580033	0.0
253	8.455068728522336	605.7168811830489	806.1545850661378	0.0	546.5664701059039	815.8712412782131	0.0	558.8721175271073	1029.6101263882256	0.0	573.9612070662603	1251.9265175425303	0.0	584.4400940159454	1329.6683478946352	0.0	552.5974685547811	1322.999817830061	0.0	576.9674646868897	1277.438661997451	0.0	662.3468265649143	814.082122690912	0.0	663.413489898178	1001.411953043774	0.0	650.1115480329628	1170.2893884858493	0.0	649.7715242821622	1265.156502961235	0.0	676.4846309530947	1250.1827080836715	0.0	646.2345254585794	1179.8948355980235	0.0	612.0300898557199	503.65211242103913	0.0	608.404944533246	349.4741489174964	0.0	610.8182791412873	460.6562595862598	0.0	504.9939693807659	533.9224736932523	0.0	479.93990992432833	652.5014391038259	0.0	449.64008780564757	772.7704617837522	0.0	716.0134397053381	526.0018806784285	0.0	759.8451201460603	679.6221861133351	0.0	763.0874459508225	679.7448877268912	0.0
254	8.48848797250859	603.7029357987595	803.994635894495	0.0	543.0201685336965	813.5294553890199	0.0	557.1231956204933	1030.2881904750554	0.0	574.0084914482794	1250.3537454734696	0.0	585.8583752743526	1330.1297638058352	0.0	552.8382165605841	1322.8336074125582	0.0	577.9198048667162	1276.4909963647208	0.0	659.7649254032515	810.24174421459	0.0	663.8848471626894	997.0242669915767	0.0	650.6470183129197	1166.867249329253	0.0	649.249131080687	1262.8214447825874	0.0	676.9880654155496	1249.508101248984	0.0	647.5320300582011	1177.7864349047627	0.0	608.6777637746973	498.6289766639972	0.0	602.016741786677	344.799250320763	0.0	602.8325030560579	455.9774004443082	0.0	501.1205235509992	530.7510730274771	0.0	476.8572154880617	651.4090643716168	0.0	447.0186231577806	771.9474566884184	0.0	713.0090780626482	522.229664769329	0.0	756.4163743499321	679.64327813853	0.0	758.5075978551573	679.1839170847126	0.0
255	8.521907216494846	600.4234380710864	802.2993457238518	0.0	538.8235891436437	810.4193295317993	0.0	555.3276881610285	1029.2672166157886	0.0	574.8322792277376	1249.0440406440966	0.0	586.0065890447396	1331.2745068859485	0.0	552.8242100282306	1322.8369082060078	0.0	580.0536837938116	1275.511535537192	0.0	656.6214440641652	805.6949332979348	0.0	663.3783030860251	993.6795511252226	0.0	651.2354881662526	1163.8198761890505	0.0	649.940830157595	1260.742106806313	0.0	677.5005704389587	1248.9428673207813	0.0	649.283264590249	1173.08938931293	0.0	604.5287758723765	494.13303871445663	0.0	596.0213202700148	339.21481546433614	0.0	596.4256910410425	450.599715213003	0.0	497.4510450528248	528.0596369032353	0.0	473.43367060951647	650.4710331585642	0.0	443.85624500984187	772.438973694116	0.0	709.9586196809996	519.7099536501792	0.0	753.7808228285776	679.5590947123966	0.0	753.4758490583116	675.1035990228696	0.0
256	8.5553264604811	597.1523722109594	800.5971854624464	0.0	535.7877004275591	808.3892265480938	0.0	554.1071724484804	1028.765572823479	0.0	575.819448737011	1248.4623463577475	0.0	585.0434057011063	1331.916819758571	0.0	552.3107479595556	1322.7822798968893	0.0	581.905463874291	1274.5091939373488	0.0	654.2182213373452	802.7474133073961	0.0	661.9557281288744	993.0111330588298	0.0	651.4016801405885	1160.9896601084222	0.0	651.8389520083902	1258.179832519334	0.0	677.7710107913566	1248.2193985801055	0.0	650.8054926996614	1166.7693887546507	0.0	600.096318070507	489.93438655214885	0.0	590.8887524821815	334.50799462747415	0.0	591.0849593331112	444.66734054278135	0.0	493.7404743003935	526.0940434534631	0.0	470.03177080617104	650.4192172887298	0.0	440.65349708938675	774.1926447772131	0.0	706.8654170279685	517.6646097790393	0.0	751.078891839481	678.4869856628532	0.0	747.4902724645126	666.6417775404116	0.0
257	8.588745704467353	594.7443718752813	798.5572863070055	0.0	534.5738062462757	808.8374132506851	0.0	553.5775839611143	1030.0632389945476	0.0	576.3463827084698	1248.0846912520742	0.0	584.6162727491289	1330.8662732032315	0.0	551.7920693347015	1322.2750912343001	0.0	582.5396257249068	1273.1352775076964	0.0	652.565758402409	802.8318030429136	0.0	660.3889586225973	993.5401795518251	0.0	651.7228590345927	1157.8416809527657	0.0	653.3901502103187	1255.7511717364857	0.0	678.0259442008489	1246.8600090057778	0.0	651.7451665369351	1162.526715285884	0.0	596.202306959768	485.94228476711453	0.0	586.478442881087	332.3025797610963	0.0	585.8997033790007	439.68319303144324	0.0	489.71899804761426	525.095574370448	0.0	466.358129328091	651.3883164822772	0.0	437.08123256998215	776.4793602825861	0.0	704.1827214588682	514.9899979666192	0.0	747.1895831304168	675.0471413627217	0.0	742.0874377728649	658.9068327651039	0.0
258	8.622164948453609	592.7493252261521	797.1100950062392	0.0	534.2200967812989	810.9498877002396	0.0	553.4601059544003	1031.4513557185817	0.0	576.2304858475765	1247.8640624452444	0.0	584.9234196343505	1329.0303931159472	0.0	551.6300507568385	1321.8031790207	0.0	582.3882840016004	1272.4216163731317	0.0	650.8541017598801	805.014805114664	0.0	659.4847382159734	994.5815392900712	0.0	652.0975187853238	1154.8199860126485	0.0	653.3212015551135	1257.248606653291	0.0	678.2874952690545	1245.8530427647947	0.0	651.1639378863173	1160.7895539866247	0.0	592.6865349841597	482.5676448547817	0.0	581.8857359198813	330.96051049704073	0.0	580.8028813420622	436.3744080329924	0.0	485.5692762747558	525.372678861772	0.0	461.9287759147629	652.717153761789	0.0	432.62684537271167	778.453375061598	0.0	701.7345452419819	511.9097473799738	0.0	742.8069884474667	669.5782013894941	0.0	739.0417033442719	655.5696762130112	0.0
259	8.655584192439862	591.2626624614481	796.269654182043	0.0	534.0849032728993	812.6094947435766	0.0	553.3749905794665	1031.2963018648477	0.0	575.4205044628412	1248.0326141660878	0.0	585.1571596382435	1327.7378707034754	0.0	551.5779127147487	1321.9145636009557	0.0	582.1352191012022	1273.5822773104285	0.0	649.2042581020544	806.4316079899738	0.0	659.9789023600692	994.1969635700232	0.0	651.9910661441877	1152.9932599782248	0.0	652.4859406161604	1261.9491488367933	0.0	678.3560728647365	1246.0824232228028	0.0	649.0411381086642	1159.060997414726	0.0	588.9755836795049	480.13061805764113	0.0	577.1529410235755	328.64270873634797	0.0	576.223191877345	434.48745954724166	0.0	481.7650435008278	526.2720145416015	0.0	457.2449400394815	653.8722910784412	0.0	428.1416233130301	779.6101789123711	0.0	698.892784507511	509.67186146138187	0.0	739.1906339656397	664.8739828650815	0.0	737.9862561463711	662.0518987198415	0.0
260	8.689003436426116	590.6084538942806	795.18056861022	0.0	533.8319154193343	812.7323195953079	0.0	553.0657128485905	1030.432801667963	0.0	574.2631925351116	1248.0623344640483	0.0	585.2176190794227	1327.0056720622756	0.0	551.5837573210933	1322.2178447819012	0.0	582.1059232932081	1275.5092787347369	0.0	648.0026453431173	805.1436497124157	0.0	661.2929240936089	990.7900568953463	0.0	651.7600823396621	1152.6207838446173	0.0	652.1806294115992	1264.2584040614336	0.0	678.2886843652574	1246.6985152260327	0.0	647.2398362046029	1157.387438819327	0.0	585.4351672455164	478.82691676892966	0.0	573.4398806416075	326.5088375208182	0.0	572.3592732901632	434.1113438883771	0.0	478.71630112057125	526.0582405734715	0.0	453.31077662096624	654.3655562259255	0.0	425.1597619373853	779.9390183727519	0.0	695.7325062934615	508.8560092601167	0.0	736.1924828486922	662.2263458544529	0.0	737.4394611391665	686.2877887273658	0.0
261	8.722422680412372	590.0329262058427	794.6395982023773	0.0	532.7850424729926	812.1943183316492	0.0	552.6507311896721	1030.4746259408555	0.0	573.2871801994571	1247.5209079437684	0.0	585.211282201085	1327.0388712535764	0.0	551.8473917771704	1322.3221936877826	0.0	582.0873543123546	1276.407590119109	0.0	646.992909370703	802.6602804259439	0.0	662.1020912368925	986.6437817929483	0.0	652.0350502034372	1153.188168771011	0.0	652.2804008866369	1262.7655607801096	0.0	678.4564163769357	1246.9179045059038	0.0	646.9058349574707	1158.6358519159867	0.0	582.7793423701638	478.7430781922982	0.0	570.9720428747655	326.17802182579476	0.0	568.9264055504598	435.14402474151024	0.0	476.34912936107884	524.666324372032	0.0	450.3743400610989	653.6653682499594	0.0	423.4009935923371	779.7221637317831	0.0	692.9204021175252	508.98506294306515	0.0	733.2579549505707	659.5292411887224	0.0	736.5842074200268	721.7870995130829	0.0
262	8.755841924398625	588.9057536526144	795.8375776235201	0.0	530.9738542207016	811.950379748796	0.0	551.9860959117893	1031.2684007879432	0.0	572.6897427581463	1246.890164397275	0.0	585.0294355655835	1328.076969738903	0.0	552.3039091221298	1322.3308560084765	0.0	581.7720516520428	1276.191016947258	0.0	646.2249290400159	802.4129930223783	0.0	662.2210781306001	984.7849301696757	0.0	652.5943979982327	1154.2407868846617	0.0	652.2836434007276	1261.4657973854146	0.0	678.952362516294	1247.320979965267	0.0	646.9807030696143	1163.359583304563	0.0	580.5836969696303	479.6623614210388	0.0	568.6472179839271	326.94908242186546	0.0	565.4984252737045	436.55085211518156	0.0	473.9353785186117	523.5952241674545	0.0	448.0533069141804	651.901923449117	0.0	421.48329549109565	779.0739797827797	0.0	690.8556312295432	509.25525068540213	0.0	730.9245660839356	656.0479730342697	0.0	735.3329861474612	746.9828548046992	0.0
263	8.78926116838488	587.8801343912612	798.1645306779074	0.0	529.4578380713945	812.3446178101532	0.0	550.4535923413579	1032.057010192758	0.0	572.5118726129577	1246.5588642630128	0.0	584.8318138674148	1329.4639735217854	0.0	552.5223550088825	1322.3670651477241	0.0	581.602683159998	1275.600495164946	0.0	646.1099276363263	805.6190062699789	0.0	662.2689975801437	987.1189142063339	0.0	652.888339278553	1155.7865490083796	0.0	652.371361081796	1263.1444822447459	0.0	679.2254260823298	1248.7749493878719	0.0	646.5785488437059	1168.2050717391244	0.0	578.1982410666091	480.7759167748394	0.0	565.6922411190657	327.57800605390133	0.0	562.0222984198504	437.2332118352737	0.0	471.03947904525387	523.1828302923064	0.0	446.3183911409826	650.0223547703717	0.0	419.5850616189966	778.1010969376288	0.0	689.6619268485709	509.1338264012861	0.0	729.9606495746286	653.8015354112587	0.0	733.9453537489226	754.1436297153814	0.0
264	8.822680412371135	587.5588833844622	800.08769620824	0.0	528.9222991671685	814.6527654814581	0.0	548.6320479558293	1033.1364952297702	0.0	572.736299735599	1246.623701183541	0.0	584.7008844859689	1330.7275292822987	0.0	552.0989589858337	1322.46037345992	0.0	582.2451789966266	1275.2347390138125	0.0	646.3241690101106	810.056348610379	0.0	662.5068866768953	994.1900914532599	0.0	653.0144501258202	1158.5724723311228	0.0	652.5108384130082	1266.4562922494388	0.0	678.6457796339866	1251.091006594767	0.0	646.5523580398473	1170.9208330373222	0.0	576.1882244130493	480.7777971768937	0.0	562.6764806826947	327.7827269527769	0.0	559.0089908398136	436.8311828629886	0.0	468.3631368913195	522.8373513873017	0.0	445.45827021522933	648.7722816030921	0.0	418.5353508160687	777.1991512277885	0.0	688.9484232124037	508.2790642834224	0.0	729.6989275246766	653.223728732356	0.0	732.5001553413312	758.1091248386102	0.0
265	8.856099656357388	587.5750795590405	800.6537945705041	0.0	529.0356101011854	818.9462664797303	0.0	548.0530248301219	1034.6606064126868	0.0	573.1847216098894	1247.4709405023787	0.0	584.3221533785521	1331.7954957980762	0.0	551.060506571852	1322.899370962177	0.0	583.410347208246	1275.5855755259877	0.0	646.190054245789	812.6451093430823	0.0	662.4648374191789	1002.9802531423262	0.0	653.1390589962996	1163.409734921248	0.0	652.1805911923112	1269.9646025120558	0.0	677.4466304026447	1254.0754185028577	0.0	647.8575485189062	1173.9550923065497	0.0	575.0765000909115	479.1707128192647	0.0	560.4453062063029	326.9249442794948	0.0	556.1086188182315	435.56289067796104	0.0	466.62717578458273	522.1768197295012	0.0	444.9548105056043	648.023978631788	0.0	417.5349753335952	776.523335920812	0.0	687.6620454713295	506.2657764331794	0.0	728.8836827835122	653.0185602123399	0.0	730.7378027471143	769.6633327526235	0.0
266	8.889518900343642	587.4849666119834	800.3149433881265	0.0	529.1037104464936	822.0855662677104	0.0	548.5801920886447	1036.3638551843346	0.0	573.7509973922824	1249.0318719311733	0.0	583.8530886793305	1333.0216719721059	0.0	549.7082902689009	1324.178039290424	0.0	584.375978913388	1276.3810753088383	0.0	645.8318870010685	811.9414229980069	0.0	661.3180862013761	1009.2537075611075	0.0	652.8214213329553	1170.8396118043581	0.0	651.4989632506213	1276.4303340283918	0.0	676.6097302526761	1260.37164288511	0.0	649.804502560872	1181.933619666654	0.0	574.15496380198	477.28411413766213	0.0	558.7551521598529	323.9727218444658	0.0	551.9725294185934	433.9940521605159	0.0	465.666026294726	520.9519669265125	0.0	443.6043202820572	647.4136524141364	0.0	415.1859819337986	775.9711443669506	0.0	685.7055089760497	503.2698418275636	0.0	728.1712329783522	652.7521027429015	0.0	729.0628133590299	781.3890360670919	0.0
267	8.922938144329896	587.3443266270888	800.3453465781776	0.0	528.7922361542393	822.2381295563945	0.0	548.9623747020938	1038.7689196613687	0.0	574.5098529027362	1250.4551703478528	0.0	584.0710983182205	1335.140421494297	0.0	548.6503405310655	1326.2965338252957	0.0	585.0206382965151	1276.8270770596928	0.0	645.8392686851003	809.1293867237379	0.0	659.3506858619218	1012.1728490567922	0.0	652.1551439120502	1182.165767859642	0.0	650.9767308741743	1289.6005631912642	0.0	676.4587320414186	1274.0485791332828	0.0	651.0215588871062	1197.50745040144	0.0	572.7998136120078	476.66911371449277	0.0	557.0217139514873	319.62662758754243	0.0	546.7902280177705	432.8337321212276	0.0	465.1434340480826	519.5442941643794	0.0	441.0049641712005	647.0471484672609	0.0	411.7297444187532	775.7150940442139	0.0	684.4685988905737	500.8712596907678	0.0	729.2489826772218	652.7258804428737	0.0	728.643576081541	784.0839264835839	0.0
268	8.956357388316151	587.55682387372	800.9295048513914	0.0	528.5803126256222	821.3505255839865	0.0	548.9352170726454	1041.72088420489	0.0	575.2705362667268	1251.3548611846056	0.0	584.8221810340531	1337.8330008771673	0.0	548.5856766653441	1328.6449797862354	0.0	585.3172332271197	1277.1700769624028	0.0	646.4479176547603	807.4912186179998	0.0	658.2016256622418	1013.406857133998	0.0	652.4569924719575	1198.3286052177766	0.0	650.125153460369	1307.661056092151	0.0	676.291419078083	1294.5396102508505	0.0	651.7676729908494	1219.1069775729231	0.0	571.3728913282752	476.9049449428479	0.0	555.4850571105904	316.64041998071644	0.0	542.6916058368986	432.37915671633556	0.0	464.77666151682	518.8374487109503	0.0	437.8924801497677	647.3702659458934	0.0	408.4176460942838	775.7997507455785	0.0	684.6175640555236	500.70364890207736	0.0	731.3525413329129	653.127580475324	0.0	729.7159692497859	780.4185085556412	0.0
269	8.989776632302405	588.3655944323174	801.6135892213739	0.0	529.102674245896	821.6759763879907	0.0	548.6901901144	1043.4881838734611	0.0	575.6227468868699	1252.2807858766535	0.0	584.8350002783588	1340.175384690232	0.0	549.0512161248258	1330.6928768962846	0.0	585.1813428647304	1278.2611024462392	0.0	647.5449540364392	809.4107544245651	0.0	658.3811573845953	1015.2666302054155	0.0	654.304318642654	1218.2781523248132	0.0	648.2216080705365	1325.5210706805337	0.0	675.845290673163	1316.4347929226308	0.0	653.3420215541387	1243.2279664770012	0.0	570.3643694873572	476.5798114155299	0.0	554.5684232642836	316.3509814605173	0.0	541.2039304040912	432.4569639886993	0.0	464.3314522473509	518.990983490593	0.0	435.39344936192794	648.6747290438228	0.0	405.71436654463196	775.7834317149162	0.0	685.1879374305846	502.0830845573409	0.0	732.0299359713546	653.591111584311	0.0	730.7898655330973	777.7095023436892	0.0
270	9.023195876288659	589.0961721459686	802.6866797813161	0.0	529.6606962321117	822.7661569145286	0.0	548.2428131094914	1043.4471391159987	0.0	575.5330241042125	1253.5378317644984	0.0	583.6609149964314	1342.1183983705976	0.0	548.6032246059266	1332.2229967641065	0.0	584.981819879146	1279.6884009407436	0.0	648.7609583153148	813.4142746853656	0.0	658.2808601311878	1018.9555213284378	0.0	656.4425317196907	1239.9140463452054	0.0	646.076559198142	1341.7006116806997	0.0	675.6354629126813	1335.842527745355	0.0	655.465339507312	1267.8776642047847	0.0	570.1009913760469	475.43550533266784	0.0	554.285181132851	316.477142827433	0.0	540.9567449678503	432.5743987885344	0.0	464.1926817481672	519.5178481932626	0.0	434.1897981655947	650.3915394820481	0.0	403.53361578462284	775.4110547684027	0.0	685.3516441098207	502.7749709159401	0.0	731.0847469971864	653.6171354787019	0.0	730.5235188360174	777.6910360011931	0.0
271	9.056615120274914	588.907654488287	803.9916366417513	0.0	529.0057891497254	822.5086586404188	0.0	547.7157579106566	1042.742254406757	0.0	575.2027717201855	1254.7192297946046	0.0	582.0096358098174	1343.182291971283	0.0	546.987218646741	1332.7489309461098	0.0	584.9150420918793	1280.6128998289373	0.0	649.6927467469968	816.0192864778402	0.0	657.054285034204	1021.7495025728643	0.0	657.7087328998336	1259.3863246263747	0.0	645.0594234732649	1354.847558263515	0.0	675.5839565793333	1350.0902622714784	0.0	656.750431234275	1289.112779195149	0.0	570.7833151790309	474.1184050307693	0.0	554.6135797318012	314.7854940945622	0.0	539.1872954953435	431.66797109925994	0.0	464.68842299272995	520.3354976957669	0.0	433.74625085882406	651.608971556478	0.0	402.012250534364	775.4441490575965	0.0	685.6628903094812	502.35526810485544	0.0	730.652362100957	653.2239196326238	0.0	729.7463826139614	777.8858545660213	0.0
272	9.090034364261168	588.1733279895113	804.7556373333643	0.0	527.5756801611602	821.1963130293832	0.0	547.1482827428893	1042.1501594993017	0.0	574.8577474578012	1255.701747907359	0.0	580.1947254565971	1341.6844880305177	0.0	545.4348127950079	1331.608807371204	0.0	584.5626494000254	1281.7612839531528	0.0	650.0212911091947	816.1534787464659	0.0	656.435120619262	1020.9604260610022	0.0	657.9823089068644	1270.706558069254	0.0	644.6962129197916	1358.852811925246	0.0	674.8731905003552	1354.487929234288	0.0	656.7278464737639	1299.622901600705	0.0	571.7459290986982	473.0504212646374	0.0	555.2709241589861	312.64783614511884	0.0	536.3600926949841	429.0930343735796	0.0	465.1648995082579	521.7704984711021	0.0	432.64556641600495	653.1745382444824	0.0	401.06661149762107	777.430751712468	0.0	686.7923241317402	502.5257029505963	0.0	732.1303406548001	652.464872493411	0.0	730.5571737246746	777.5754583232907	0.0
273	9.123453608247422	587.6085980054266	805.0219631885486	0.0	526.7633165012063	821.0352286690207	0.0	546.5437248614714	1041.6325074926874	0.0	574.6650559833702	1256.4640535210415	0.0	578.1143870748642	1337.7677212886176	0.0	544.683942084394	1329.1341615598858	0.0	583.4652017785593	1283.8559391371002	0.0	649.5218525843032	815.2456349240864	0.0	657.9715894952011	1018.0290848007347	0.0	657.0111208518664	1271.1156618196617	0.0	643.3250931150808	1351.8517533747574	0.0	673.0727392556379	1348.932588541591	0.0	655.0582336610428	1300.0269545252302	0.0	572.1660764105187	472.3242538963545	0.0	555.651857960134	312.1919066014072	0.0	535.2668943846548	425.8591387721861	0.0	465.45132659576086	523.6520292754489	0.0	430.30193587732884	656.8439351617062	0.0	399.9678023244944	781.7644698031331	0.0	688.2138789949502	503.8097732114173	0.0	734.68729752953	651.5017596969118	0.0	733.6018881394743	777.6247400190496	0.0
274	9.156872852233677	587.1962175337105	805.6388028497552	0.0	526.8491534538188	822.205566976089	0.0	546.1085823333194	1041.341134161818	0.0	574.5114819794201	1256.266874185863	0.0	576.2076387573446	1334.788994449914	0.0	544.2131509789513	1327.2097272718142	0.0	581.9153761993465	1285.4138331929844	0.0	648.6324218236833	814.4923984409762	0.0	660.0267119927166	1015.1042077446275	0.0	654.2520902860389	1265.0733017918892	0.0	641.2599911550792	1342.7440091939657	0.0	670.7454109220971	1341.7298389224547	0.0	651.0804334152256	1303.6963025260477	0.0	572.6837112075416	472.0996449762612	0.0	555.7686707704164	312.84583616857407	0.0	535.623318624773	423.3582956077594	0.0	466.50529429164453	525.2164898501067	0.0	427.77383628317386	662.2666076752183	0.0	398.03185168240043	786.8433637587716	0.0	689.4284304387202	504.7646239779572	0.0	736.3960574730033	650.8442158472186	0.0	737.4852529416422	772.4770073297282	0.0
275	9.190292096219931	586.8683757819824	807.60765133804	0.0	527.278192749072	824.2215896496042	0.0	546.0153833803626	1041.785120767209	0.0	574.3864499280074	1255.1821805951938	0.0	575.0262451184783	1334.8589800557486	0.0	543.427824909514	1327.4155086391672	0.0	580.9279207590564	1285.2415383534599	0.0	648.070686372333	815.1202840962159	0.0	660.1464316434945	1013.9170246938196	0.0	650.4319951952921	1260.7631191777791	0.0	640.2301166504567	1339.5650600574875	0.0	668.930158652609	1339.4701985704185	0.0	646.0607713550065	1314.4999666404567	0.0	574.3018172851378	472.4269152351129	0.0	556.282517181689	313.2299294143498	0.0	535.0526506918735	421.8590821447147	0.0	468.1688216451495	526.5050553096603	0.0	425.97876409370735	667.7579234979387	0.0	395.3900071601772	791.168862814217	0.0	691.0011971632135	504.83750725436954	0.0	736.8312318379501	650.6331048640864	0.0	740.8918194758722	751.0949205184602	0.0
276	9.223711340206185	586.7847356481705	810.9973397421509	0.0	527.81169443099	827.7135991904677	0.0	546.1470294850593	1043.0940948267307	0.0	574.4409179263756	1254.8050949630335	0.0	574.582409180333	1335.8214003975183	0.0	542.4722592251775	1328.6330427562646	0.0	580.8475730373193	1284.7958212424755	0.0	647.9441777143389	818.8954891124198	0.0	658.8512727059734	1016.681156398326	0.0	647.2837582162383	1264.560474124455	0.0	639.5867378627426	1339.9772665669761	0.0	667.345551761789	1340.9043229424578	0.0	642.2670100663139	1301.803638141365	0.0	576.5466273097079	472.806400537289	0.0	557.2669600641475	313.5501132971213	0.0	533.5949296881904	421.2936897232852	0.0	469.0706646354734	528.8341008697038	0.0	424.6379257675549	672.2548946970306	0.0	392.7891305870129	794.2753735809164	0.0	693.77214437802	504.97304941939564	0.0	737.6232241065167	649.9090136117557	0.0	743.5375472807638	716.7513359229639	0.0
277	9.25713058419244	587.1547598841549	814.3049140135553	0.0	528.5924462315348	831.9207200712838	0.0	546.217419350779	1044.6235840069282	0.0	574.5748917357357	1255.4072594246327	0.0	574.531626008034	1335.1874082566621	0.0	541.5558167482332	1328.814910612681	0.0	581.0061713932337	1285.388343689635	0.0	648.326492725359	825.1923429578038	0.0	657.8081838750013	1023.1092493767615	0.0	644.6290141706404	1272.8230352813337	0.0	637.1871426823317	1339.9038570199934	0.0	664.4670247467385	1343.7192366874303	0.0	639.1401502147183	1229.736515661328	0.0	578.6877550925499	472.8914634195803	0.0	558.2991189074896	314.61754003241157	0.0	533.1861038214538	421.85033904422875	0.0	469.4050291110763	532.279694070598	0.0	423.8052655177909	675.1627521648737	0.0	390.8092202998229	795.8124377940983	0.0	697.7005114254144	505.5170902968166	0.0	739.663723032399	647.1925431686536	0.0	745.681769307999	689.4243150974688	0.0
278	9.290549828178694	588.3526659697001	816.2905011835948	0.0	529.4368231006006	834.4952502119191	0.0	546.0637688305258	1045.7091106934986	0.0	574.6159284668132	1255.2548851412394	0.0	574.6192195553289	1333.6005903846312	0.0	540.7978090728361	1328.0017064515398	0.0	580.9745179838296	1285.9184642627395	0.0	649.4989770246154	830.5846812714452	0.0	656.7286487379429	1029.391046891176	0.0	640.474916264229	1261.1553770482794	0.0	633.1434176543441	1342.88877110836	0.0	659.9356502673597	1349.4789863987469	0.0	634.1355683419764	1122.533723625334	0.0	581.2105832283997	472.98355128053146	0.0	559.8922087504878	316.11725254804173	0.0	534.644032169577	422.8810761647808	0.0	471.0670320709496	534.5738999541504	0.0	424.10563690176303	676.3546786393994	0.0	389.3853082203527	796.0530870196548	0.0	701.4390358058391	505.83521686639335	0.0	742.0266483184051	642.5379473129176	0.0	748.1272425218784	679.5783611480157	0.0
279	9.323969072164948	590.1335957341793	817.479819796697	0.0	529.923376631023	835.018478584973	0.0	545.9595629041373	1046.7584592970977	0.0	574.5775462062754	1253.5826999501712	0.0	574.9463126703265	1332.901796043822	0.0	540.6720345237197	1327.2269533107892	0.0	580.8847166537408	1284.9108085727282	0.0	651.0825956262823	833.3156593124368	0.0	654.9486450333342	1031.8700600790344	0.0	634.4893568332028	1201.0904198649494	0.0	629.3440754673464	1350.2582046329862	0.0	654.7125339594372	1356.4969459762428	0.0	626.78927228552	1048.05948555817	0.0	584.5388608130268	473.2100554582092	0.0	562.9861888768204	316.7172329053006	0.0	537.3942403122346	423.10275200837617	0.0	474.65533422564476	534.5056370580525	0.0	425.440583552515	676.3194744093422	0.0	388.23194018775234	796.0065034774847	0.0	704.1743578498122	505.51628588867004	0.0	744.0513998162903	637.6579376360181	0.0	751.3849873101605	679.8512553388416	0.0
280	9.357388316151203	591.3045627381995	818.8426697984302	0.0	530.3618397636312	835.7554489041738	0.0	546.6361981982781	1048.6255537330458	0.0	574.60676441532	1251.3733011370666	0.0	575.5873040551128	1333.5028129533328	0.0	541.2154132285406	1326.7983890794985	0.0	580.9301712042724	1282.523522371525	0.0	652.1814577258989	834.7318833953564	0.0	653.4589007211573	1030.6730518360212	0.0	628.4864252287181	1109.8825700027808	0.0	627.0420915746025	1341.670580251157	0.0	649.9750612515544	1345.0104378672695	0.0	619.6118477118999	1030.4632450311924	0.0	588.0041261651414	473.38943832238124	0.0	567.2307498601285	315.89741475878935	0.0	541.3670787536299	422.578377186173	0.0	478.4815229011745	533.6128653655321	0.0	427.31304042197684	675.8714548420788	0.0	387.20639101390435	796.0666376258766	0.0	707.1027679968691	505.33534572499923	0.0	746.3111859774854	635.0585838925946	0.0	754.7899903373406	680.5300244801697	0.0
281	9.390807560137457	591.4681795591213	820.2468433589048	0.0	531.292727003466	837.9857390934733	0.0	548.4276818658669	1050.9931049754457	0.0	574.7909165367598	1249.9595363002522	0.0	576.0294922801195	1334.5323864478414	0.0	541.8017015517753	1326.7902780069007	0.0	581.1395843890544	1280.1330945760265	0.0	652.7089003637359	835.9205124464685	0.0	653.4524714794967	1029.1812079867145	0.0	624.0341145740973	1047.9981673151683	0.0	626.065131051336	1289.4660393606166	0.0	646.6536064858088	1288.0542046791877	0.0	615.3168026351939	1037.0043545214296	0.0	591.1921421122664	473.4927008284453	0.0	571.7969333621824	314.3002225458821	0.0	547.3224566833558	422.1116160445805	0.0	481.34055722197866	533.0984105228439	0.0	429.6884310211127	675.7922052214245	0.0	385.9903949425091	796.2335575588437	0.0	711.2790045397439	506.36567123328547	0.0	749.425767746431	636.7736907157458	0.0	757.6928079057426	678.6032703222734	0.0
282	9.42422680412371	591.7545409780561	821.0075043007892	0.0	532.4577656089323	840.180188971198	0.0	550.4795568777489	1053.1097922592878	0.0	574.915817827601	1249.9560077266708	0.0	575.7913668550138	1335.2603663764612	0.0	542.2510858321024	1327.0292164398195	0.0	581.2617984613327	1278.7994244231688	0.0	653.7062641886055	836.4078858644194	0.0	654.454244930542	1029.5809997671238	0.0	621.5657070626406	1041.4794485101431	0.0	625.3318860283895	1206.9618634344404	0.0	644.8790261787531	1198.1947085465297	0.0	614.1605058857851	1037.5145924413787	0.0	594.8270918962603	473.3039644988346	0.0	576.8335923436033	312.17568734394746	0.0	555.2638957221843	421.2457253751683	0.0	484.34470963705314	531.739625214666	0.0	432.4956742307774	676.4446171655219	0.0	384.21722348680703	797.0479181225206	0.0	715.985191047878	507.81207065977287	0.0	753.0678460063034	641.3541875686489	0.0	760.5647697211053	676.337585043083	0.0
283	9.457646048109966	592.9410628106061	821.3078851930032	0.0	533.4228643737914	841.0040904372663	0.0	551.5884893210218	1055.0358895745198	0.0	574.6795024411788	1250.353017974637	0.0	575.362246440553	1334.9647888762152	0.0	542.7797072749464	1326.3820989163883	0.0	580.9475483913571	1278.1858872311025	0.0	655.8170974888209	836.3724081589951	0.0	655.3665345553812	1030.8455438446185	0.0	621.7402907731866	1058.2386032773313	0.0	625.2240462641355	1144.6362589640416	0.0	645.3740753344262	1128.213263843519	0.0	615.352743326915	1033.2598707951727	0.0	599.4194100751916	472.43860535082825	0.0	582.383137704003	309.5109232419187	0.0	563.835223591035	419.447903979635	0.0	488.7327904736823	528.2700048022142	0.0	435.4775002819689	677.1835839090802	0.0	382.0224622038482	798.7151782989788	0.0	720.3093163095785	508.3141752432713	0.0	757.1653961731264	647.1981968279601	0.0	763.9000622392676	675.052296168294	0.0
284	9.49106529209622	594.4746561492673	821.7420409255773	0.0	534.2827897333306	841.1980852068136	0.0	551.6825581580625	1056.4599983026428	0.0	574.201382844387	1249.5330815491407	0.0	575.3127353231258	1333.0254682900118	0.0	543.1216506307087	1324.1392432182254	0.0	580.1122047997908	1277.029390301661	0.0	658.3773052714815	836.9601542157919	0.0	656.5784146307143	1031.3191603989087	0.0	626.1127842614707	1066.8929836308594	0.0	628.1336032837717	1126.4954767144613	0.0	649.9522545880928	1105.4054140980566	0.0	619.6452963837104	1034.6580137236044	0.0	604.3186546071043	471.1100967719715	0.0	587.8683331283962	307.009935409079	0.0	571.2819120788758	417.41073464962085	0.0	493.9949268135665	523.7898454945272	0.0	438.92322651397217	676.2394513577991	0.0	380.2374078911764	800.2051144026847	0.0	724.3925697906583	508.6203029675064	0.0	762.6078400725285	655.9840263103329	0.0	767.3336113635789	671.2527828047848	0.0
285	9.524484536082474	595.8133787139626	822.057512782632	0.0	535.2607901917008	841.332159736945	0.0	551.6053662019266	1056.7464067912942	0.0	574.032844639593	1247.7134976549492	0.0	575.3962162360178	1331.674062483029	0.0	542.9090622492799	1322.7083144495193	0.0	579.2327086149147	1275.02481533496	0.0	660.6689342229708	837.8861156687769	0.0	659.1217192527308	1030.8607798453459	0.0	633.6749605627016	1065.1908860599935	0.0	633.4163602260166	1133.0807639813509	0.0	657.1279567663692	1110.313477641734	0.0	626.4103328053181	1038.6795876084486	0.0	608.913933643054	469.96456298771557	0.0	593.6335837074598	304.67056865643303	0.0	577.3381700387814	415.44019819055677	0.0	498.95504170348767	520.1497987750756	0.0	442.7211903978544	672.8879737549613	0.0	379.6267306019422	800.447685435331	0.0	728.7824856277759	509.7248889825567	0.0	768.905931672005	665.5570278938925	0.0	770.7684137718899	663.8749760742063	0.0
286	9.557903780068727	597.3976238579132	821.9588278416777	0.0	536.1596759875466	840.9028371137064	0.0	551.6335277256059	1057.05300187772	0.0	574.6173805460487	1246.8039048576543	0.0	575.7201028227474	1335.9111270695603	0.0	542.5222338874199	1326.304437188074	0.0	579.4496391364038	1274.1544945811008	0.0	663.0086891661491	837.8331109851872	0.0	662.3946069364334	1031.3816572093813	0.0	639.0335771912343	1060.0463551929668	0.0	635.8387037324558	1140.4941346123026	0.0	661.7050815103688	1118.127054282713	0.0	631.1061912349307	1039.408418312939	0.0	613.5189470202174	469.25455039992966	0.0	600.6676455088134	300.87323101326746	0.0	583.8844742338098	412.80555188713987	0.0	502.6766015792657	517.7882050683428	0.0	445.36152403573453	668.9575489633654	0.0	379.74224043815997	799.8754933392054	0.0	733.5087524121358	510.47156806924835	0.0	773.7652608689631	669.2300243601813	0.0	775.0109067755159	662.08888354227	0.0
287	9.591323024054983	599.8400783128914	821.9793519132245	0.0	536.8816899882032	840.4291095970345	0.0	551.4859876667076	1059.4931515103854	0.0	575.6316397492935	1247.2294945730653	0.0	576.7964914047857	1346.5288963346645	0.0	542.4058266828621	1334.5385337609546	0.0	581.4127661309312	1274.9517313398749	0.0	665.8532869603603	837.3019046197069	0.0	664.9091777642932	1034.9894022940277	0.0	637.8441112145655	1054.816011800961	0.0	632.8101993872759	1141.6584446742602	0.0	661.5291904746905	1122.647635274364	0.0	630.0821512497282	1039.551584973649	0.0	618.1931651754875	468.5813654018347	0.0	608.55603953761	295.5008670894242	0.0	592.0297190615844	409.543722478227	0.0	504.70639718945984	516.0561817484333	0.0	446.145728693193	666.4690974561257	0.0	379.8483781396417	799.6821621179876	0.0	738.220014110092	509.4814312886893	0.0	776.1978743951074	665.5852386487361	0.0	780.3986386352384	674.5402496313156	0.0
288	9.624742268041237	602.8363278580448	822.4918374581652	0.0	538.0296072668516	841.1331701857468	0.0	551.1687602855426	1063.743715557367	0.0	575.9889490515549	1246.763213665234	0.0	577.7460269955365	1355.2934628707442	0.0	542.1951635997725	1339.8674986011993	0.0	583.8644695483749	1273.1595887765654	0.0	668.7613605160185	837.8269343980423	0.0	666.3821995496597	1039.975270806243	0.0	632.0249669965614	1049.1641507940642	0.0	628.8552411492465	1144.7530252041072	0.0	659.3406444546724	1132.439054829285	0.0	625.0158961282759	1040.1049944553074	0.0	622.1674495824542	467.18157874435207	0.0	615.6402959820757	291.30261420101505	0.0	600.5357177279715	406.4003429143843	0.0	505.64187847087794	514.1158359763724	0.0	446.5670123010871	665.4774893814882	0.0	380.28539818307246	800.0997573887506	0.0	742.9215803146101	507.50702054882515	0.0	777.7558234470397	660.2278269340512	0.0	785.7464005355117	692.0138615167565	0.0
289	9.65816151202749	605.3712642361759	823.1717424507383	0.0	539.6834120674337	842.7366756149956	0.0	550.3173526933814	1067.8300539219183	0.0	575.1478412955275	1244.2556184952048	0.0	577.4263010619388	1354.7585224726765	0.0	541.8086128607501	1336.8116555535003	0.0	584.9210186853612	1267.1660558001192	0.0	671.0816984579492	839.271610619065	0.0	667.7394406170757	1042.7466878914574	0.0	628.4767968373698	1039.8060619999405	0.0	629.3393033113769	1172.568066278994	0.0	658.0407100924807	1166.053129689996	0.0	620.9054599448589	1033.9446877421801	0.0	625.3099875173232	464.8616555049361	0.0	621.0847375790394	289.2814069361825	0.0	608.0045765917946	403.21453263421785	0.0	506.6283475665139	511.2218270168366	0.0	447.86472085114536	664.7775269127205	0.0	381.27481864496406	800.598787915663	0.0	747.7531933280125	506.2889547506253	0.0	780.3610918135996	658.7421941669719	0.0	789.6483039304321	697.865526816404	0.0
290	9.691580756013746	607.0035859557206	824.1071989527202	0.0	540.9445245028894	844.2819870120907	0.0	548.0062230357025	1072.3906459293953	0.0	574.1290934818778	1242.0457953632904	0.0	577.2328421800338	1351.616310577403	0.0	542.1656503351386	1330.8400513781003	0.0	584.6917056527534	1262.950398905656	0.0	673.0277060215857	840.6879422238486	0.0	669.9626157537687	1043.834655132416	0.0	630.762053508924	1032.285908198095	0.0	630.1197249755538	1245.2597500887166	0.0	657.407529694364	1238.5150307332792	0.0	620.4752705778769	1022.1530732311544	0.0	628.5619621508384	462.22757154386176	0.0	625.4882636402119	286.8458148616153	0.0	613.3628829219988	399.4107821823283	0.0	508.40591845509334	507.2259877164954	0.0	449.56787993892095	663.7640510128567	0.0	382.356727511582	801.0814415418406	0.0	752.3566313467982	506.2365099930951	0.0	783.9513897662972	661.4587051947892	0.0	792.0770143017562	695.0781409786302	0.0
291	9.725	608.4683737844975	825.8877236359602	0.0	541.721641764925	845.7973111322768	0.0	544.0357465512275	1079.9224109468103	0.0	574.21202833148	1241.7012922700733	0.0	579.4739661326965	1357.3765143902694	0.0	543.7743337214098	1330.5521912502516	0.0	584.6392458117051	1262.9415111932112	0.0	675.155090218637	842.4283078307025	0.0	672.7845329196341	1047.406547299297	0.0	633.9201714155654	1057.0807016360172	0.0	621.9711953227637	1342.686796515992	0.0	655.7552078781877	1332.2108206929724	0.0	622.093435927992	1038.9874739388695	0.0	632.4045193785149	459.6330353553524	0.0	629.538290438264	282.8850293786728	0.0	615.8106966195594	395.25452696731554	0.0	511.0819059860231	503.1428560060187	0.0	451.1735275759855	663.0420353153646	0.0	383.72883417569807	801.5918780933335	0.0	756.2703565598877	506.4060671164329	0.0	787.1067774551115	664.9062087797719	0.0	793.9477524495272	699.0071327415088	0.0
292	9.758419243986253	610.6583002094408	828.1268199843039	0.0	542.8191755532652	847.5864353790106	0.0	539.0979565862326	1090.215449048964	0.0	575.161138042556	1240.5417972676694	0.0	583.5675187882231	1368.769971748981	0.0	545.9043936086603	1335.848611558495	0.0	584.9159447991804	1259.522126951865	0.0	677.5102104764688	845.4540072756081	0.0	674.5713288091974	1056.164125151022	0.0	633.8739814629799	1142.8044882406823	0.0	608.7111781505905	1414.7618273409767	0.0	653.3439033813426	1403.8538248206428	0.0	623.5286605032534	1126.8631586115093	0.0	636.1657671444555	457.3512551576737	0.0	632.7755456656274	279.62960567718926	0.0	616.2927133910127	392.06914145555373	0.0	513.8496410242979	500.42753136445765	0.0	453.2184225725582	662.931899008537	0.0	385.89684875396455	801.7338478966999	0.0	759.700764826242	506.1529172485209	0.0	789.858272501258	666.8991300850811	0.0	796.4574968672468	708.6839989938477	0.0
293	9.791838487972509	613.3492421296104	829.9748408176981	0.0	544.0027392913266	849.2794210692841	0.0	533.7582460368498	1100.152142176281	0.0	575.7781111203624	1236.4565109024068	0.0	586.6464318489074	1374.1134754447708	0.0	547.5197814093775	1340.726552632955	0.0	584.921183529904	1248.4813162247265	0.0	679.9983464766664	849.1363147340649	0.0	674.7207988408246	1067.583233300363	0.0	633.7979096267982	1259.512145078832	0.0	603.2016397960205	1441.7146398388393	0.0	651.5145605234339	1434.483965266278	0.0	624.0352766431197	1260.265984120874	0.0	639.1758518034768	456.14563901263085	0.0	634.3601665745992	278.31625605184473	0.0	616.8905518538602	390.9066098276913	0.0	515.6346305098558	499.42549929771826	0.0	456.0224499513381	663.0584623211844	0.0	388.22656241548947	801.3804433187519	0.0	763.1975181021893	505.578909970574	0.0	793.7197598361058	667.1782735098038	0.0	800.6678411260746	713.0026862252021	0.0
294	9.825257731958763	615.3713207676238	831.5817729660442	0.0	544.1416326500288	850.1473064109064	0.0	528.1545210601303	1107.3113197869552	0.0	575.1734311342134	1231.903840479795	0.0	586.4162420623305	1371.352273166913	0.0	547.7141544848821	1341.4521874594152	0.0	584.826945347922	1237.3570031430038	0.0	682.5933742066925	851.2050383597026	0.0	674.1912660777268	1076.1567044865208	0.0	635.8348240667965	1339.253794052659	0.0	606.1610331704888	1443.7415116997493	0.0	650.4171174741633	1439.688138494549	0.0	623.6200965669725	1357.0675133413126	0.0	641.4155377705116	456.22948417513413	0.0	634.7689078140573	277.2956312223387	0.0	618.7479592844754	391.2925892777786	0.0	516.2909172953459	499.3192182142573	0.0	458.5562486098585	663.0573166317942	0.0	389.56090226839217	801.0462154432745	0.0	766.6952832780283	504.54050120167557	0.0	799.0662539862063	665.3195603458033	0.0	806.372788161066	712.059136388777	0.0
295	9.858676975945016	616.2289713929385	833.3190628404473	0.0	543.2786032297436	850.2793486092069	0.0	522.6976185627489	1111.6114238141993	0.0	573.0974141173316	1229.9669460824466	0.0	581.8016896520037	1366.201030989371	0.0	545.191828538783	1338.564671722295	0.0	584.7876742736922	1233.6765188775178	0.0	685.0315360531656	851.3558926086312	0.0	672.9493656030537	1081.4533791542901	0.0	637.7222517359411	1359.8363927240289	0.0	609.041639533989	1442.671067133588	0.0	649.9219628786932	1438.8525243012084	0.0	623.2118117305589	1384.8362538077567	0.0	642.8120984830482	456.876121517938	0.0	635.1100435967523	274.9416232107604	0.0	620.9288253769271	391.99101401538627	0.0	516.3800334649611	499.5130588707636	0.0	459.8636268568551	662.612975068629	0.0	389.77980586972524	801.4576924184847	0.0	769.9020000970943	502.83692776802326	0.0	805.0248448413753	662.0936498894106	0.0	812.2362394097737	711.5973023029213	0.0
296	9.892096219931272	616.8040075836105	834.9624455876237	0.0	542.617382391568	851.2562848702745	0.0	518.4510133704023	1113.7136741448867	0.0	570.6023121444822	1231.9886831346012	0.0	574.1881376828102	1365.2010505680937	0.0	539.5407346548678	1337.5043563847432	0.0	585.0730770432799	1237.2572243836214	0.0	686.7549395084372	852.9977865423342	0.0	670.6820048459102	1087.6413118112916	0.0	637.9435913999932	1352.9419498429609	0.0	608.5572043092867	1445.4166880783862	0.0	650.1378401324298	1440.2060560103819	0.0	623.3364272908749	1379.5235886861171	0.0	643.5585983464524	457.25272553305484	0.0	635.4204354017722	272.0607206311989	0.0	621.7463297028725	391.8126013710311	0.0	516.8312595110261	499.79942624147935	0.0	460.7434678453691	661.9055354794317	0.0	389.5321309048191	802.8774945710244	0.0	772.9555717158419	501.13713968373315	0.0	810.925784218501	660.0281061357914	0.0	817.1211947558563	712.1168218067394	0.0
297	9.925515463917526	617.8429990620893	836.042385842913	0.0	542.6751510397759	853.2956885633188	0.0	516.0733897469884	1113.808983014654	0.0	569.333953794793	1239.7545533250811	0.0	567.6883511221915	1374.2984623303112	0.0	533.1478561864033	1346.073258558164	0.0	586.435725227913	1246.4910803632656	0.0	687.2918035424993	857.1680740784614	0.0	669.1999376295121	1093.822372312626	0.0	637.1187754837027	1347.0286078173708	0.0	606.4885855500203	1450.0092543541632	0.0	650.4579074194513	1443.3181429131964	0.0	623.4421331540483	1373.8525306960703	0.0	644.4969606302822	456.8022603945757	0.0	635.6138795258763	270.01072145314555	0.0	621.5762713552642	390.6179767619887	0.0	518.4538007711899	499.57559642047363	0.0	462.27121807458195	661.121292398697	0.0	389.2043817569402	804.4613866516668	0.0	775.6635064894758	499.82074033499157	0.0	816.0708464163774	660.1415498605941	0.0	820.732102575738	710.6474173796224	0.0
298	9.95893470790378	618.7661537528568	835.9776915337202	0.0	542.978693466977	853.9570381494926	0.0	514.8950071210296	1112.586674519838	0.0	569.2525366404112	1254.8911033521724	0.0	564.3091148396322	1393.6248502617989	0.0	528.5284673806973	1366.2981957190138	0.0	588.9816202940026	1262.1526837192246	0.0	686.8834787687414	859.1011499737364	0.0	670.499790410474	1095.2762340188945	0.0	636.2916369385869	1346.3119269196159	0.0	605.3179636833287	1453.3221873541713	0.0	650.2446577745727	1445.44254043197	0.0	623.5677430743052	1370.0926716215165	0.0	645.7579346634554	455.4576067416862	0.0	636.1881509499133	268.3433990658173	0.0	621.9855224779837	390.4322182010367	0.0	520.536422552723	498.362806870101	0.0	464.0489777294317	659.9077037250964	0.0	388.94931036772545	805.2993445969363	0.0	777.4903867488855	497.79137885687834	0.0	819.6104117796715	660.8327952279789	0.0	823.5782980667261	704.750601900279	0.0
299	9.992353951890035	618.6248187825078	834.7854820610733	0.0	542.9396781396556	852.8847887086115	0.0	513.9644630805212	1111.4551678558748	0.0	568.8140368489588	1276.6764083689648	0.0	560.809981169643	1417.4111613761706	0.0	524.2037459056734	1392.418798875651	0.0	591.3075672447152	1284.8888909969985	0.0	686.2120582577207	856.6629464107734	0.0	673.5799170917871	1092.4126730165347	0.0	635.7512298465083	1345.1892945375384	0.0	606.9475675122403	1454.2990258918478	0.0	650.0425232312907	1444.3018801139067	0.0	623.978780533793	1362.040457802745	0.0	646.4914809350506	453.54397348522326	0.0	636.7554758315915	267.2396375411688	0.0	622.9172276251055	393.56085688550223	0.0	521.3247804323267	496.67155249202744	0.0	465.1160638235468	658.8016345487382	0.0	388.83432750189013	805.8145012806829	0.0	778.4449516487621	494.3760625245132	0.0	821.5766126518804	661.4644274700627	0.0	826.1775045423198	695.9326860082352	0.0
300	10.025773195876289	617.6581354765249	833.7611388737126	0.0	542.357581114887	852.4397322173065	0.0	513.4629904139705	1111.6920833051918	0.0	566.5915009036851	1302.9312134467539	0.0	553.5240751637641	1440.9610993483664	0.0	517.3246071766584	1417.719591266727	0.0	590.4240705392599	1313.835853110803	0.0	685.7354657561665	854.7118660081777	0.0	675.4228098685724	1089.7849991046253	0.0	634.5104174917047	1341.4184639873552	0.0	611.2983088164268	1454.2026604068556	0.0	650.9201208886498	1438.222826255817	0.0	624.5713669884092	1352.7917662055838	0.0	646.1627487937546	451.2441501320702	0.0	636.5305908661835	269.1263649142543	0.0	623.5451096598017	399.98400695468575	0.0	520.5798059499839	495.4124943336033	0.0	464.99974482513136	659.3317638680312	0.0	388.64345877349484	806.781702881785	0.0	779.0128547680829	491.19576337525893	0.0	823.1565738601355	664.1486424710612	0.0	828.3921840504967	689.7339238502396	0.0
301	10.059192439862542	616.9387773619269	834.2214792492035	0.0	541.4871463005971	853.1165823516161	0.0	514.347132570587	1114.2366917221857	0.0	561.5498272931355	1331.4693171099104	0.0	543.9832845440221	1462.8873310596778	0.0	508.55484661875033	1440.1897008912833	0.0	584.0175225994241	1346.9862402362867	0.0	685.6421592547066	856.5151930364079	0.0	675.1337817710289	1090.2672898792957	0.0	631.7307319881435	1339.0033878692761	0.0	616.5030047274228	1454.3541153558974	0.0	653.0588451059401	1429.2582278141965	0.0	625.4501712684918	1351.909098083162	0.0	645.1696328290575	448.99745383229344	0.0	635.8538046572137	274.53814305589196	0.0	624.1479825992323	407.6500981322193	0.0	519.8233728840022	494.9364081517579	0.0	463.92149016877664	661.6050021635974	0.0	388.1291902729635	807.678471361248	0.0	779.6048375456955	490.1464299595369	0.0	825.2704137963841	669.0053181726595	0.0	829.9304592230293	688.9064406437119	0.0
302	10.092611683848798	616.4048318793859	835.998946772467	0.0	540.3755748381124	853.183243821323	0.0	516.9169647784873	1118.5463072481757	0.0	553.4671528619389	1359.7171376977658	0.0	536.3694448926011	1482.5426607932507	0.0	500.6850445472252	1461.3050338973874	0.0	573.2357727965896	1380.943439825903	0.0	685.6538523116935	859.0532244743071	0.0	674.740265610786	1093.195442274748	0.0	628.9060148767331	1339.6379676538386	0.0	620.6765621710707	1453.1347224211047	0.0	655.5649149770762	1422.37290391653	0.0	626.6124183524614	1359.8469355692466	0.0	644.4453531218591	447.8675350987706	0.0	635.4685134905397	280.20541307470387	0.0	625.2983845843802	414.01954104171745	0.0	519.4474239660759	494.9670756129936	0.0	462.84153871828414	663.1892137379884	0.0	387.3868883245023	806.9912302911346	0.0	779.9172494270321	490.8176950276026	0.0	827.342009929393	672.6398016043613	0.0	830.8276211598439	687.8490153069139	0.0
303	10.126030927835052	615.0673629152827	837.9821613420029	0.0	538.7283730586853	852.3753375045457	0.0	520.2571544821666	1122.8190093383068	0.0	544.5412527189965	1383.9931668824768	0.0	532.4036745369791	1497.7545827319152	0.0	495.6927243935543	1480.1445451138243	0.0	562.0901690628481	1411.1126840491168	0.0	685.2030543785256	859.8619171635428	0.0	675.2528076396162	1096.1117335389877	0.0	628.5885751673881	1338.395723875609	0.0	622.8802769498562	1448.4429495621687	0.0	657.7053452220342	1419.6351689123944	0.0	627.8408785941966	1365.6198588669365	0.0	644.2045458245785	448.3474951133193	0.0	635.4939578616559	283.42023308578695	0.0	626.3926407431564	417.7771795640767	0.0	518.0025996025472	494.9676234076222	0.0	462.46364347558057	661.9588467745796	0.0	386.7615894475261	804.2539765686994	0.0	779.3356600868085	491.71013154526656	0.0	828.2703108735512	673.9104598698964	0.0	831.3628795981347	682.426076325994	0.0
304	10.159450171821305	613.2767831068893	839.7285767655083	0.0	536.9856803338957	853.9308898815232	0.0	523.1790121287924	1127.061647014002	0.0	538.7052686620374	1400.624777320258	0.0	531.7498341346881	1506.2120358622726	0.0	494.49435343896744	1492.6450645146165	0.0	554.4992859356718	1433.7524105845373	0.0	684.36932721252	861.3627839368883	0.0	675.417409341347	1097.4694426126478	0.0	631.0223496025571	1333.5064479186992	0.0	623.3727259755177	1440.857396546465	0.0	659.5133396239195	1419.4008590774633	0.0	628.4012385089671	1362.7949411506177	0.0	643.6012241500455	449.5169492754852	0.0	635.1244327350116	284.82137491126736	0.0	626.372447453734	420.25732374008027	0.0	515.1119893660364	494.7888210322169	0.0	462.4768461556919	659.110178168703	0.0	386.84629877346845	801.3837143885232	0.0	778.3003438622711	492.1084267714518	0.0	827.7127092172649	673.4143017412041	0.0	831.7738637177026	679.9311522558419	0.0
305	10.19286941580756	612.3149928715587	841.7493136833328	0.0	536.0431402827296	859.4374925174062	0.0	525.446348811271	1131.910569443944	0.0	537.4968952613611	1409.9459540280523	0.0	533.5991531363308	1510.959183300453	0.0	495.92813796353136	1499.4587325661237	0.0	551.6656002792372	1448.216766620204	0.0	683.7501447629354	865.0706860744164	0.0	674.4606522037742	1096.9195514167288	0.0	633.7716453740707	1329.3997099038488	0.0	623.2783507831846	1433.5343738214594	0.0	660.8397118819372	1419.6469223189786	0.0	626.9296248722256	1355.202252817013	0.0	642.1235855492355	449.98260523895306	0.0	633.0303410963219	286.0588779952586	0.0	625.4243873851397	423.61971038387435	0.0	512.0348796317223	494.7712198615797	0.0	462.3893002491663	656.9903912491305	0.0	387.791471441687	800.7070955107129	0.0	777.4195234919906	491.4829470276056	0.0	826.1710777844586	671.9686425062661	0.0	831.6479132720802	683.8609505870305	0.0
306	10.226288659793815	612.0741934934232	844.2708257065209	0.0	535.6838906468024	864.1202537185798	0.0	527.5466237348325	1135.5515681145807	0.0	538.9856801032217	1416.684599097971	0.0	536.2710256653376	1519.5692993161465	0.0	496.9569136400488	1507.8099201749737	0.0	552.4712913208722	1456.3676494440933	0.0	683.5669739991082	867.8003604768907	0.0	672.6952870851308	1095.8678231956292	0.0	634.4670070661995	1328.0203848272035	0.0	623.7822613782625	1431.4703306173424	0.0	661.1668832981401	1419.496168904911	0.0	623.5598327509014	1348.0986233389156	0.0	640.049490200991	449.5555029666703	0.0	629.0696325054786	287.18117704977874	0.0	624.1263350145082	427.2477478399978	0.0	509.22772232256665	494.84578133255957	0.0	461.91709329866734	655.860178990327	0.0	388.1491977653137	801.7820020876815	0.0	776.0163375024249	489.4876787247224	0.0	824.8799917991015	673.7702369233401	0.0	830.3868987123407	684.9727090756583	0.0
307	10.259707903780068	611.5197509431722	846.8566119071133	0.0	535.0259626381537	864.7887791262572	0.0	529.5027711487323	1137.059449961623	0.0	541.0231895384971	1423.3570805784418	0.0	538.1069441721663	1533.7050700640932	0.0	495.9734180887418	1520.8557468720555	0.0	555.2864401491107	1460.088091842021	0.0	683.7352341350391	868.013715872752	0.0	670.1078094116418	1097.179302362275	0.0	632.8010898473475	1327.466636771731	0.0	625.562475472139	1436.0052515961142	0.0	660.6663392208878	1419.398633742123	0.0	620.3511364084553	1343.9944185763754	0.0	637.4230219148036	449.45466365243607	0.0	624.5152786368744	287.1837913563664	0.0	621.6599390501855	428.72887693724095	0.0	506.24848275221973	494.76125682050497	0.0	460.59460666051984	654.9690838960995	0.0	386.5531084787838	802.258593715428	0.0	773.6760828939271	487.2158140490066	0.0	824.4622362541884	679.1562909100494	0.0	828.8381686469353	680.3789223154706	0.0
308	10.293127147766322	610.6265808923191	849.0277597773613	0.0	534.162464616914	866.5164918748376	0.0	530.6886519128361	1138.990064777425	0.0	542.6590155201641	1427.584172337603	0.0	538.8694734660711	1546.6133492887416	0.0	494.0990693407981	1532.8926597478926	0.0	558.0880997894992	1460.5708463500664	0.0	683.9632213741297	869.5780343836419	0.0	667.2029411738447	1100.5008265130393	0.0	630.0343653309213	1327.0676944884012	0.0	627.9790397353102	1440.2650396142371	0.0	660.2012882787701	1420.3466956184673	0.0	618.487184913777	1343.3015327416288	0.0	633.9188272647533	450.21214059617574	0.0	619.9102129539907	285.7872887023514	0.0	617.2811244580236	428.10952669585487	0.0	503.166962927543	494.6781652747604	0.0	458.0082411346225	654.2705577169243	0.0	384.0989638766895	801.2814252765622	0.0	771.3160896807146	485.9037977792261	0.0	823.4735924198441	681.6014035830921	0.0	828.2770679818245	678.868694389909	0.0
309	10.326546391752577	609.856911633629	850.2184812053652	0.0	533.4249802438443	872.5838072793688	0.0	530.7208976423144	1142.8882729059358	0.0	543.4871799123041	1428.0739165371292	0.0	539.0339046649885	1553.6664224342203	0.0	493.004393865282	1538.7269774710514	0.0	559.4601856198562	1459.2326804909244	0.0	683.4892827843337	874.0987708797799	0.0	665.4652370077462	1102.0383205999724	0.0	627.883138128213	1327.7297614243662	0.0	629.4221952063831	1438.6341702842233	0.0	660.0715761238417	1422.588469132749	0.0	618.004786577638	1344.8359313984415	0.0	629.8339690657668	450.76414752390144	0.0	614.7746816955146	283.15274704062335	0.0	612.2392756917935	427.3853053482546	0.0	500.05343301196	494.1303533029761	0.0	454.4725804946369	653.4222077119258	0.0	382.53612313430074	799.7796330812571	0.0	769.7476465773062	484.6989215466354	0.0	820.4725127813946	679.6353583376953	0.0	827.8752542064713	684.9136858393402	0.0
310	10.359965635738831	608.6932889341724	850.0499696840022	0.0	532.0798745111798	876.7575817966348	0.0	529.9305298117287	1146.546843915152	0.0	543.5479033753631	1428.4638792425733	0.0	538.8074246618226	1557.637168462987	0.0	492.993417432781	1540.2611954381425	0.0	559.8811298536017	1458.3619124269464	0.0	682.0112003535947	877.036591344384	0.0	664.7545309824958	1101.0069004140428	0.0	627.1241987947908	1328.9337797837213	0.0	629.2740721732828	1435.8002286121439	0.0	659.6219394585779	1424.3559760760577	0.0	618.6876781973593	1345.1679595424082	0.0	625.9337110898384	450.63073667946423	0.0	609.1034899886828	279.1752452089289	0.0	608.0224250052213	426.66509777884926	0.0	496.1278107334242	492.2322613675915	0.0	451.14805533989744	651.1450612132429	0.0	381.2822202447693	798.6964402402265	0.0	768.9586820707722	482.24856712733646	0.0	816.4928474985762	677.2931891857618	0.0	825.9436947291643	692.4539611836794	0.0
311	10.393384879725085	606.5057953108613	848.9938374786765	0.0	529.6057946506393	874.0611289421406	0.0	528.5382850481565	1147.9088920828488	0.0	543.2734197600586	1432.1748549710933	0.0	538.5058474005888	1561.422125165558	0.0	493.4528423086284	1541.4402598683357	0.0	560.3031454935358	1460.051806104217	0.0	680.4954481218845	875.6522223794238	0.0	663.6983449653717	1099.8577528888165	0.0	626.9705723185148	1328.0733451323447	0.0	628.2593338781578	1436.1761752477585	0.0	658.5639665069566	1421.8204610825308	0.0	619.7242156952404	1339.8263756584809	0.0	622.044155561077	450.3600355847228	0.0	603.4215892750342	274.8422791976884	0.0	604.3908994145112	424.9497394441179	0.0	490.8480305123471	489.64597012957665	0.0	448.6595779875621	647.4720040666678	0.0	378.5511375019944	798.2560192542373	0.0	768.0075990332749	478.8029578629418	0.0	813.3614481520578	675.2448014244618	0.0	822.3973251234032	692.9699043247867	0.0
312	10.42680412371134	604.0231652999498	848.1355128705634	0.0	526.7352781309178	869.4731024415138	0.0	526.1201593361118	1148.1639653576212	0.0	543.3009578316082	1437.0199212755454	0.0	538.6328779456028	1563.032670614573	0.0	494.44420053094075	1542.9322021726982	0.0	560.663247152357	1463.5186601482578	0.0	679.5021515573518	872.5838073850585	0.0	662.6528445322463	1099.8150632180998	0.0	626.7825242901403	1324.570075136791	0.0	627.3380810055036	1436.340398399682	0.0	658.079188611003	1415.4578921981597	0.0	621.1686209990224	1330.9808708962298	0.0	617.3622334222654	449.1428502814243	0.0	598.2315744191797	272.1864584734573	0.0	600.4131624670425	422.9560620683361	0.0	485.0720404561812	487.97188040401085	0.0	445.84407646308694	644.7353268492541	0.0	374.68529131647233	797.5071901108361	0.0	765.0904290144671	474.86639105943266	0.0	811.1648141105817	672.178388501442	0.0	818.2679284487003	685.9722106085528	0.0
313	10.460223367697594	601.9808139430858	848.0796430201146	0.0	524.0316667191564	868.6317877200485	0.0	522.6750473776218	1148.8440254959091	0.0	543.9357296336469	1439.2419122381061	0.0	539.0958804134984	1561.160947843864	0.0	496.111854720272	1543.5782844322707	0.0	560.4232837279737	1466.409452044202	0.0	677.9281767759177	869.8229767413462	0.0	661.9838138956126	1101.2741252354012	0.0	626.9505772451869	1322.3662821976836	0.0	627.0456083879144	1436.379813714037	0.0	659.2632508078458	1414.0464507658544	0.0	623.3964258992238	1327.1655103965916	0.0	612.2333721389988	446.2723054910262	0.0	593.807156268216	271.04344528610096	0.0	595.8152932297094	422.0114938925878	0.0	479.836705984516	487.0835185488837	0.0	441.1833511771431	643.9739877841606	0.0	371.62457587841317	795.4174448885839	0.0	759.957003378976	470.75236237350407	0.0	808.7422382970111	669.1094125000925	0.0	814.6546564392256	678.6190254591011	0.0
314	10.493642611683848	599.5838654253351	847.6269782329689	0.0	520.811250281562	868.6972704415883	0.0	519.4844986626217	1148.3839267706041	0.0	544.557999059513	1439.3044377955287	0.0	539.2161802775103	1558.755335790371	0.0	496.8869457424735	1543.464015364404	0.0	560.0285821735705	1468.5077137987175	0.0	674.97492875774	866.3195487279139	0.0	660.0476708963615	1103.7845633298548	0.0	627.7012595103698	1324.15010016461	0.0	627.1875473287425	1441.4588961414267	0.0	660.9997796936638	1422.402828776042	0.0	624.4239643591004	1330.6484944901244	0.0	608.012256730592	443.4937910623393	0.0	590.1627656806851	269.18467945992614	0.0	591.2135545502445	422.4781080985044	0.0	474.9006186828572	485.5370304750616	0.0	435.51308617747947	642.7052836337709	0.0	369.6621718925388	792.9221429263794	0.0	755.077962557976	467.5938619503585	0.0	805.2640879208242	667.2336225927527	0.0	812.3750980528696	675.3145846567396	0.0
315	10.527061855670103	596.171989888701	845.2529445114097	0.0	516.6263715758271	865.373416067266	0.0	518.0400578505711	1144.7566896005271	0.0	544.5441783861536	1439.3881849523482	0.0	538.9787252168684	1558.2759804872649	0.0	495.4625700727583	1544.0789245704807	0.0	560.7186974727904	1470.1844911059527	0.0	671.4309831874147	862.0466469288597	0.0	656.424837394933	1104.3141070770732	0.0	628.6530210479007	1327.3208793589922	0.0	627.3984790077424	1449.5069854583146	0.0	661.7577913405963	1432.400034664082	0.0	622.618829898372	1336.0325405088065	0.0	605.1784667057015	441.5644203668592	0.0	587.1338779190621	266.3611317276682	0.0	587.6234442791387	423.5214571313714	0.0	469.56213153162065	483.21935807173054	0.0	431.2126757111597	639.1429401405435	0.0	367.5184655916821	791.5202966781835	0.0	751.9915476857271	465.68745772388513	0.0	800.8649126167134	665.4521759370435	0.0	811.1678586283426	674.1698322082705	0.0
316	10.560481099656357	592.4952797484501	842.1027292028746	0.0	512.7734866168661	861.1930113932939	0.0	518.2249871865037	1139.6642574427362	0.0	544.203314301942	1439.6842857698084	0.0	539.6392333948714	1558.7196023623678	0.0	493.8143624600225	1545.8363616645956	0.0	562.0067723028634	1470.8000587573058	0.0	668.1038539959043	859.0884933529546	0.0	653.4756124834759	1100.5566722982778	0.0	629.586211317401	1328.491904671754	0.0	627.5184776873938	1451.541499522037	0.0	661.6388948280137	1433.3994784827878	0.0	619.7370620217375	1339.4871401732191	0.0	602.5075870144406	438.4530990698996	0.0	584.070350959306	263.9554543968284	0.0	584.7591060967272	422.64767664690663	0.0	463.9848871105965	481.25504867366607	0.0	428.3941307043108	635.6380348125067	0.0	364.53753932305017	791.1419136055104	0.0	749.2083537976447	463.4544082158007	0.0	796.9059204833006	662.9418733155227	0.0	809.8321256144295	672.9020505646488	0.0
317	10.593900343642611	589.435675239636	840.1257096666515	0.0	510.56906343434474	860.0651516132241	0.0	518.5266732586521	1136.421197861822	0.0	543.8836982243099	1439.7461668427188	0.0	541.8109258509171	1558.0858879108634	0.0	494.3838304821441	1546.9558719386453	0.0	561.9435752134463	1470.521505451174	0.0	665.1031690033509	858.1563353822944	0.0	652.6338563117263	1094.3030410674203	0.0	630.417979552579	1326.7405809208824	0.0	626.9871662541813	1443.2513730478856	0.0	660.5246808312485	1422.4767086206812	0.0	617.4648075085669	1339.5271164814249	0.0	598.5020627167955	433.139121780748	0.0	580.1391946069004	262.4883659731149	0.0	581.1213302700543	418.57510815070265	0.0	459.08444845330064	479.946525540522	0.0	425.1992261495029	634.7836402665947	0.0	361.2308919447567	791.2963897632188	0.0	745.060739224787	459.63613446808677	0.0	794.8376735022188	660.8063248323285	0.0	807.7961634562324	670.8572553464305	0.0
318	10.627319587628866	586.8545220044383	839.0108106377901	0.0	509.02906774447763	860.902330163119	0.0	517.7762900422779	1135.7737140757722	0.0	543.5374003911254	1439.3083205963367	0.0	543.6136080866133	1556.3209541128595	0.0	495.78523507033094	1546.1445345197085	0.0	561.1252664883315	1470.0030459386917	0.0	662.5184295052102	857.8303830879019	0.0	652.4744720418984	1089.015489899047	0.0	630.8409342032788	1322.911240664497	0.0	625.6885985151869	1431.6920979880692	0.0	658.6631753972244	1407.8632288952024	0.0	615.7311510775929	1335.2974570012939	0.0	593.1197175767022	427.72350936136445	0.0	575.3413739643055	262.0706295504107	0.0	576.499546875713	414.0967367036742	0.0	455.339810487199	478.22443719458107	0.0	421.4265620705637	635.8725314301691	0.0	358.201688442494	792.1628919648869	0.0	739.760274164836	454.75035561076396	0.0	793.7688880256502	659.8056806370242	0.0	805.4941632341555	667.4589104384769	0.0
319	10.66073883161512	584.0912804247288	837.9292367129924	0.0	506.6148878155127	861.7170358934964	0.0	515.9728683504129	1136.8708096055457	0.0	543.3949535883178	1438.0208595387987	0.0	543.3879889991963	1555.0762634424882	0.0	495.5787444466313	1544.596403586648	0.0	562.4500713405813	1469.4277447747265	0.0	660.2572731317043	857.3649785301227	0.0	651.5362684865235	1087.722488215026	0.0	630.9982235996509	1319.3915494907121	0.0	625.1807678747953	1428.644094030957	0.0	658.619568657485	1404.077600923274	0.0	615.0847615653757	1329.678786458062	0.0	587.6188797452486	424.91478140610286	0.0	570.5472356818606	262.44211905441534	0.0	572.0634091842907	412.42367317881786	0.0	452.0981509729602	475.52277317693114	0.0	418.1258304665617	637.2423585300405	0.0	355.34715141373715	793.6386174834432	0.0	734.577899738026	450.70885148236704	0.0	791.1726654081857	659.5575583288594	0.0	803.0447210239956	664.2710264274338	0.0
320	10.694158075601374	581.5504623652548	836.7866295663845	0.0	504.0837163815309	862.5581807213853	0.0	514.1083052998662	1139.2185657992557	0.0	543.7757779681672	1436.6080305642522	0.0	542.6503158210736	1554.9705201464108	0.0	494.79936060435597	1543.8836499748932	0.0	565.9675410068188	1469.0669396004605	0.0	658.0981016098519	856.86234085947	0.0	650.6318077991167	1091.6524306836252	0.0	631.3858268693941	1318.4323950984945	0.0	626.376880218821	1435.863497254494	0.0	661.4571052018097	1413.5518748733384	0.0	616.2590902079926	1327.900010073859	0.0	583.4176188751683	424.834591578436	0.0	566.5652671967317	262.2340327471346	0.0	568.9314720194973	413.45780051708584	0.0	448.4057098829686	473.0717691098009	0.0	414.9251292972987	638.4954873877602	0.0	352.2402587417989	795.1289548990759	0.0	730.4008202728537	448.9191696527689	0.0	786.8319133601681	659.603108225397	0.0	799.9378021649616	663.362860648588	0.0
321	10.72757731958763	580.2603421106006	834.9296527432073	0.0	502.6179388541257	861.7542701758928	0.0	512.9542726875659	1141.1823132584304	0.0	544.5512341410906	1436.1119222548657	0.0	543.1001453403454	1555.4409686233678	0.0	495.55385388765734	1544.0311250097081	0.0	568.6923762478751	1469.0800891012334	0.0	655.9964388605177	854.9784205809736	0.0	651.0754231010173	1097.1508767906223	0.0	631.7234577842702	1318.7653773571415	0.0	627.6807020050367	1443.9491679239782	0.0	664.4717813547586	1423.5274469304416	0.0	618.5771197642694	1329.494077981876	0.0	580.8300080738542	425.58056778373435	0.0	563.4411272106357	259.6454435709334	0.0	567.3350676817075	414.89018866445554	0.0	443.99183211562746	471.65247261234856	0.0	410.8002296004758	640.0184352553687	0.0	348.2888090188196	796.6084984974956	0.0	727.0080319931245	448.023974195957	0.0	783.2648988203728	659.4949813110652	0.0	796.1810903247925	661.8335656156066	0.0
322	10.760996563573883	579.4407864546749	832.3250338449054	0.0	501.2099641447854	857.2356873450361	0.0	511.96406732864324	1140.8702639859177	0.0	545.13889450873	1436.4956322720677	0.0	543.6975019776941	1557.0238259128319	0.0	497.2198534209317	1544.5041168579985	0.0	569.2404079715544	1469.1576398347588	0.0	653.7957818140331	850.7103047144275	0.0	652.2519946182991	1098.7688922059729	0.0	631.0918498811347	1316.9515744688147	0.0	628.2044150888927	1445.5238620291916	0.0	665.5976821860686	1425.881882303011	0.0	620.2718086995626	1327.769757024023	0.0	578.6431762669772	425.86808403981024	0.0	560.7387564288028	254.6498586491588	0.0	566.2189597535172	414.8424529521608	0.0	439.26273603108416	470.47815177571357	0.0	405.79874476639094	642.0309909653099	0.0	343.20275395893475	798.1967239861923	0.0	723.7619526483327	445.848945671012	0.0	781.882863348348	659.4116096817013	0.0	791.8410819924053	653.5761713447747	0.0
323	10.794415807560137	577.1745178902307	830.7362348656868	0.0	498.5570258131795	852.0208734492992	0.0	510.5099503007935	1139.7668046989968	0.0	544.8915011620768	1437.3716758198505	0.0	543.149351014053	1560.371275285218	0.0	497.9948455699806	1545.05869843537	0.0	568.7592261255617	1468.9740112198592	0.0	651.6900689682454	846.6310079869347	0.0	652.1959062922508	1096.899054763163	0.0	629.380250257343	1312.9810810706363	0.0	629.0739463607684	1441.823851304116	0.0	665.604843283352	1423.701330437757	0.0	620.004915098759	1321.616898347323	0.0	575.5703411387346	425.38642668763583	0.0	558.426217842756	249.9513420944655	0.0	565.0631932036865	413.8050005980211	0.0	434.7853809900167	469.15370360641975	0.0	400.33517174802756	643.959244947554	0.0	337.7577779078748	799.432346697647	0.0	720.176644297713	442.70546140728135	0.0	781.351698308855	659.2763219284691	0.0	786.0407390311599	638.5773277046138	0.0
324	10.827835051546392	573.4433837800658	831.1554469687868	0.0	495.10100130189494	851.605561706064	0.0	509.3503769987604	1140.330926070599	0.0	543.97788233414	1438.2324730936955	0.0	541.9041421507937	1563.5938397422758	0.0	497.5181606303682	1545.5894055091285	0.0	568.521768550434	1469.0303780728361	0.0	650.3062220679999	846.3798162351864	0.0	650.1458196946186	1095.7522743442769	0.0	627.6428683341202	1308.6271117749425	0.0	630.3831150877122	1437.6853878695392	0.0	665.5799242995681	1420.5372889326975	0.0	618.3569911057792	1316.8792689395323	0.0	571.5055689434788	423.9525940013656	0.0	556.7358870067576	248.14513810243443	0.0	564.3927116374354	413.2557992706443	0.0	430.6036459814837	468.0520928162306	0.0	394.2958727807756	645.1579903649674	0.0	332.72184701616203	800.6290553855993	0.0	715.9189386064321	440.0436212266461	0.0	779.3156513031224	656.022737285631	0.0	779.2423758621676	626.8083488813186	0.0
325	10.861254295532646	570.3218272695756	832.526767486611	0.0	492.34253970434304	856.6440504943622	0.0	509.2186545384715	1141.8564979724229	0.0	543.3213789737113	1438.6436177536555	0.0	540.7387129085705	1564.5890584827653	0.0	496.5505696798838	1546.3596042528043	0.0	568.2653875773597	1470.2445950295566	0.0	649.766902861986	849.8908881569596	0.0	648.3469841395171	1095.3668328820231	0.0	626.6200991569722	1302.3315325730368	0.0	631.1761733423434	1435.2055432833758	0.0	665.5277679004658	1416.3012238850436	0.0	617.1318268740865	1313.988923578967	0.0	567.1174536456759	421.6884133786409	0.0	555.3046415825253	249.11239621516862	0.0	563.4889712753007	413.05644035210696	0.0	426.26592408632536	467.49342925504305	0.0	387.5552281279389	645.6226082216497	0.0	327.9853437334874	802.9322981903401	0.0	711.3544874963047	438.11207379215784	0.0	774.7509012945592	648.0573314106143	0.0	773.5568652912856	625.8197593535031	0.0
326	10.8946735395189	569.1555939229256	833.6268801532515	0.0	491.22296815572	862.1900781817668	0.0	509.3175989386497	1143.4184431020133	0.0	543.3049598493208	1438.588459137599	0.0	539.9146357444276	1564.4421845648287	0.0	495.7633524163636	1547.863140672504	0.0	567.0695110286853	1471.8596074992834	0.0	649.6156581798795	853.0300952711066	0.0	649.926234205795	1093.2195122338553	0.0	626.4112241018424	1293.6337284770575	0.0	631.2146228076074	1434.213388669043	0.0	664.8484296901115	1410.4636388602585	0.0	617.2278452702175	1308.8339198656415	0.0	562.8637297831411	419.55890597228506	0.0	553.5642923783528	251.04315594593703	0.0	560.8866325387681	412.59982998034326	0.0	421.77974043127784	467.4305754749802	0.0	380.66155393699296	645.2903235430132	0.0	323.5017002941907	806.2817849868819	0.0	707.3923702975316	436.32343713471005	0.0	769.2863145535961	640.2730516114849	0.0	769.3361993060681	630.4066292209916	0.0
327	10.928092783505154	568.73784599697	834.1321818767783	0.0	490.5892477385727	863.6554369574967	0.0	508.95928055382257	1145.858107154028	0.0	543.5805594548742	1437.8464637942225	0.0	539.6127795874437	1564.25722699514	0.0	495.46999366005485	1549.1487212174368	0.0	565.3230762891005	1472.3009466522385	0.0	648.9828133086199	852.2980546268683	0.0	654.31156186463	1090.5106861217607	0.0	627.1118773791133	1286.7869498765715	0.0	630.675078137434	1434.6024377679166	0.0	663.7210784596297	1404.1131006381477	0.0	617.8839523445191	1301.5951061521207	0.0	558.7364316654458	418.85321951779275	0.0	551.1073123827854	252.2494970440564	0.0	556.8684156122334	412.3922563916401	0.0	417.67742412312356	467.39980795939107	0.0	374.3630489695187	644.7463227426595	0.0	319.41545257730894	809.5170883271901	0.0	704.5388885818188	434.31607051980905	0.0	765.2751656113263	637.3368371151703	0.0	766.2381947169035	633.7812613744327	0.0
328	10.961512027491409	567.2791035711613	834.4086220268072	0.0	488.77709398130787	861.423028262405	0.0	508.8637973963147	1148.6416743322864	0.0	543.7660175239384	1436.5971554709492	0.0	539.738378363375	1562.2418921700516	0.0	495.6086090892632	1547.4865052062519	0.0	564.3276235799749	1471.9156601114835	0.0	647.1560437155358	848.9353418801779	0.0	657.2462917571424	1091.3361160047673	0.0	628.0120390174116	1285.1229483720024	0.0	630.0795715797351	1436.2356635461736	0.0	663.7882050003981	1401.993966177756	0.0	618.061425431087	1296.5447998046768	0.0	555.0557882438213	419.33193300720586	0.0	547.2986093631108	252.03534737578966	0.0	553.559031795179	412.7879295220772	0.0	414.2055325624486	467.1093441968679	0.0	369.04199714110655	645.859416703572	0.0	315.48386056551584	812.1133586047304	0.0	702.5279766867936	432.57511409547806	0.0	762.6598121681841	637.3414359685083	0.0	765.2518163859538	637.5596854762986	0.0
329	10.994931271477663	565.2377073800349	834.898799529772	0.0	486.6411076524972	859.4099088711777	0.0	509.4962257552622	1150.282660342724	0.0	543.6193304203238	1435.9413762718773	0.0	539.7045539183182	1558.025411758324	0.0	495.6946881233526	1542.774174241965	0.0	564.740511941246	1471.9105369661845	0.0	644.7244132342431	846.8871319209748	0.0	656.1074764733444	1096.9718708203998	0.0	627.9434683187244	1289.5295897124543	0.0	630.0513814728158	1440.3219509250418	0.0	665.2347236074306	1409.2258538629078	0.0	618.1061572933315	1300.3258777958335	0.0	552.4640744593978	419.3313434768125	0.0	542.4032284463711	251.1278225400106	0.0	552.1532250757241	413.3246556515448	0.0	411.4176646651922	466.5462531342163	0.0	365.1966611998004	648.7153327267677	0.0	311.8853605657357	814.2523015014694	0.0	700.788768463544	431.81581135917173	0.0	760.0699663606099	636.2757370191197	0.0	765.8068742377995	642.6593978937666	0.0
330	11.028350515463917	564.2244402699939	835.4982387744276	0.0	485.79698384211287	859.9890832540503	0.0	509.7032363745125	1151.1926092570925	0.0	543.3621801407866	1436.4630647050371	0.0	539.1449504789505	1555.245306669767	0.0	495.3077775735085	1539.6833181003792	0.0	565.9543159266105	1472.2365718134354	0.0	642.9804059455968	847.6332270163662	0.0	652.7878155049148	1103.1773542841763	0.0	627.1888293612902	1301.3668433162832	0.0	630.2997360250647	1449.710930310542	0.0	665.7720373110551	1424.827795233974	0.0	618.8984236037912	1316.7918007008498	0.0	550.779070810063	418.40349032957994	0.0	538.2483750034095	250.51730830726166	0.0	551.0805888648194	413.5012725707773	0.0	409.21053746617036	465.5093193206235	0.0	363.1455427973241	650.8644925199087	0.0	309.6813180709247	816.2199422108763	0.0	699.1413200385849	431.4910520739812	0.0	757.8082233905166	633.7755662310576	0.0	765.1704181877978	642.5872217611563	0.0
331	11.061769759450172	564.2324351980543	835.8819362704693	0.0	485.92821835532555	861.6438962131915	0.0	508.27309375864525	1152.7459504452809	0.0	543.5363456638221	1437.5719818048099	0.0	538.4186022263044	1556.4846044217752	0.0	494.45758056857136	1541.3304463217996	0.0	566.6474772805103	1472.350222738279	0.0	642.4191162404531	849.1908102436789	0.0	650.4848348577481	1105.7942216953352	0.0	627.2107621053658	1320.007790663262	0.0	630.0252440827787	1466.0290022070546	0.0	664.3848321357794	1445.0574993813552	0.0	620.1938264815446	1341.1529701587926	0.0	549.1948289039194	417.6007051309932	0.0	536.1737385367416	249.7227442793879	0.0	549.0073991979057	412.8437913692324	0.0	406.8992918405173	463.93023003714626	0.0	362.12849265191016	651.559499736044	0.0	309.0786138348426	818.5462493195505	0.0	697.5939036806474	430.217023021408	0.0	756.3806062109824	630.2203986527202	0.0	762.6012095087113	634.3161852295593	0.0
332	11.095189003436426	564.2345756690305	836.2062462325476	0.0	486.09155239121253	862.3231541688428	0.0	506.1636905749107	1155.2114571140655	0.0	544.026125640895	1438.4664515461056	0.0	537.9907876796369	1560.111303250567	0.0	493.6158832979732	1545.101875849086	0.0	566.3435276767036	1472.434714909406	0.0	642.5368595238947	850.2583136781103	0.0	649.9352253763452	1106.550768062787	0.0	628.7236697667491	1341.9009839811652	0.0	629.2078833515411	1487.774320815585	0.0	662.3099246619795	1468.5463395581548	0.0	621.8667573759969	1366.9967652093324	0.0	547.6014079886543	417.38143993063557	0.0	535.5106504269535	247.46840478948909	0.0	547.0844110119828	411.1829212471619	0.0	404.2287116573392	462.47361358917686	0.0	361.1311021646805	652.2398081608769	0.0	308.74575065894004	820.9954493571538	0.0	695.8403518102757	427.7634055630157	0.0	754.6535303888119	625.1417882324314	0.0	760.1647679354795	625.696795276394	0.0
333	11.12860824742268	564.0372259028808	836.6507461548445	0.0	485.6431806769285	862.2693606768787	0.0	505.08719097311865	1157.5908937830395	0.0	544.3732105745271	1439.0638758192165	0.0	537.7595453449189	1564.0420908180186	0.0	493.7409739088799	1547.9566043966697	0.0	566.0038212146619	1472.6276337366198	0.0	642.6203940212027	851.579008449159	0.0	650.017708225112	1108.3520716779374	0.0	631.2853855531789	1365.2542138826386	0.0	628.5869031172645	1511.6506173606238	0.0	661.0578334263132	1494.1857949110938	0.0	624.8481689021272	1393.8724878748997	0.0	546.410695365731	417.06361658636666	0.0	534.8078218078883	244.11598113153556	0.0	546.2168634117658	409.39537821323177	0.0	401.9232993622607	461.9855394719181	0.0	360.08716516224104	653.0799737506866	0.0	307.61902508288244	822.3205374515953	0.0	693.690353181148	425.67967901603834	0.0	752.7446284208828	623.841900837347	0.0	759.0693590368319	623.6776695914075	0.0
334	11.162027491408935	563.6298754857158	837.1487693538045	0.0	483.95157859985	862.5491862933196	0.0	504.82898269532535	1158.9391627168584	0.0	544.6187395441812	1439.873718347448	0.0	537.5003780640304	1568.2760351784968	0.0	495.1244137444319	1550.4192117573941	0.0	566.6171258967584	1472.294865827811	0.0	642.4154596970026	853.0435032517255	0.0	650.029823159491	1111.8348820472602	0.0	634.0965680113411	1391.441449320248	0.0	628.3287560074418	1536.2946624157516	0.0	661.5978544639405	1521.0130065124322	0.0	628.6141100456546	1423.1369643179905	0.0	545.3160952655481	415.75808663762706	0.0	533.6963122045365	241.76619445623967	0.0	545.5591722938838	408.1954951864506	0.0	400.1217125074474	462.38962888663764	0.0	359.1459274958928	652.9609569720759	0.0	305.7055316222145	822.8963928717503	0.0	691.6610172210312	425.3804273128317	0.0	752.8327115839445	632.4931897487772	0.0	758.6584972776648	625.5730998149974	0.0
335	11.195446735395189	562.4764472445104	838.2990467622041	0.0	481.3518574981865	864.4097255478117	0.0	504.3132802394712	1160.3175725313345	0.0	544.8543557608565	1440.9173547066644	0.0	537.4238579223678	1572.5752606113847	0.0	496.4595179221403	1553.079060360985	0.0	567.9826997492983	1471.4672249017362	0.0	641.9352808279596	854.7614405766267	0.0	650.1683360535917	1119.0593836160695	0.0	636.478673669583	1420.4083318983153	0.0	627.4087352301312	1562.4572499164747	0.0	663.4934079852944	1549.222093899725	0.0	630.8883714467183	1452.7548122178644	0.0	543.5903356234968	412.8814944208237	0.0	532.6956209277106	241.37654284776156	0.0	544.0652401481174	406.9167993517656	0.0	398.2087040484664	463.04303457772744	0.0	357.85462927914296	651.7055319559892	0.0	303.6004127748769	824.6095231266557	0.0	690.494384161274	426.2222395426522	0.0	754.8657237611588	644.6790275511638	0.0	758.2736090310085	626.4696888736498	0.0
336	11.228865979381442	560.5129379530009	840.3493262805482	0.0	479.0038256522231	868.7882189347215	0.0	503.38438151640673	1163.5851091964028	0.0	545.064514633413	1441.6828971292528	0.0	537.5870779325833	1575.0576350192885	0.0	496.3117578968225	1554.6665129673129	0.0	569.0199132293633	1472.1254761879673	0.0	641.1845063739555	858.4534672610278	0.0	650.9345662251861	1129.745863574804	0.0	638.6109741897801	1447.904505107579	0.0	624.9104039018328	1587.64997819271	0.0	665.0305235864712	1575.9999776911827	0.0	631.6098391463962	1479.1047022785108	0.0	541.580001331681	408.891930776696	0.0	531.9204928624673	241.83760612542997	0.0	541.4263818138248	404.9885630200761	0.0	396.3438199153756	463.7216240335772	0.0	356.1952715864191	650.481237382052	0.0	302.10691988232514	827.4230016377255	0.0	690.1890201955861	426.7741682264702	0.0	755.9963243754678	648.6256174211376	0.0	757.694569581305	625.1606425199901	0.0
337	11.262285223367698	558.7197328114888	842.031871971721	0.0	477.3542138671478	873.5246056134547	0.0	502.25542558926605	1167.3596230917717	0.0	545.4218046558191	1442.0901274067683	0.0	537.4319740158737	1574.5919816246944	0.0	494.42535358187445	1554.8150968505656	0.0	568.8395570425084	1475.6308089099832	0.0	640.4035167036861	863.3284821867159	0.0	652.3758694343696	1138.9130576647358	0.0	641.1194940285505	1468.9260305871894	0.0	621.862399311753	1605.8417383307324	0.0	665.6785276408082	1595.1987108909545	0.0	632.8966389751422	1500.2525243931127	0.0	540.5806288964393	405.948002922332	0.0	531.0151778677862	241.7667339637181	0.0	538.1269075899119	402.97312643934777	0.0	395.30169752512484	464.18717081451433	0.0	354.97308535848106	650.1871051714819	0.0	301.4152960726643	829.5234857036794	0.0	690.1347653809197	426.658633628362	0.0	755.5593466407212	645.1547499800279	0.0	756.5118875704811	622.4743018845286	0.0
338	11.295704467353952	558.0666361572315	842.7251065542467	0.0	476.1673985988138	875.4402961465842	0.0	500.913879511026	1168.5994825191983	0.0	545.8745177765129	1442.7084893985566	0.0	536.6847762296024	1572.804463957444	0.0	491.54610993612033	1554.586777149481	0.0	567.8217259920411	1479.8647293329132	0.0	639.8020339381779	866.1903762396566	0.0	653.112700209926	1145.031012228161	0.0	642.7187621113324	1481.1364683643453	0.0	620.3904777972906	1613.9063619825254	0.0	666.3360036893536	1603.9265410468906	0.0	634.1127887182166	1515.2580115966862	0.0	540.983686804774	405.5458494987943	0.0	529.8923077240594	240.1645599143078	0.0	535.5373383566305	401.75927199947364	0.0	395.1757932375801	463.6117278237502	0.0	354.5448063111801	650.2713386804708	0.0	300.80370138940606	830.5413170594164	0.0	690.0893799619546	426.308798347912	0.0	755.6179171454346	644.3101666367343	0.0	754.3950655752695	620.5957152883124	0.0
339	11.329123711340205	558.2557584289877	843.3362204119825	0.0	475.34896816738893	875.4340446144146	0.0	499.51089697028226	1167.9218473490807	0.0	546.0477201136137	1444.1438231575883	0.0	536.099578535637	1572.0090449800705	0.0	489.20302578642423	1554.6634837587499	0.0	567.0268954450977	1482.4163908797204	0.0	639.3005543283704	866.513892483144	0.0	651.3719442445209	1150.1393996644908	0.0	641.0297867048347	1485.2091403517184	0.0	620.744624131337	1614.1713784120295	0.0	666.6270984227033	1604.8595571097824	0.0	632.3489309916654	1523.5110648715063	0.0	541.7551815241367	406.2266063437973	0.0	528.9123878720594	237.05409241007325	0.0	534.8975519239942	401.65144625703755	0.0	395.28230989420086	461.643794764792	0.0	354.67512663889346	650.1351922839838	0.0	299.64195019540443	831.505428125711	0.0	690.4980349270979	426.35141414442285	0.0	756.4325587308858	648.4167414014364	0.0	752.3877068340233	622.1865196852973	0.0
340	11.362542955326461	558.4368323391237	844.3300849547358	0.0	474.8038500657458	875.9403879610642	0.0	498.67307771117214	1168.479024889587	0.0	545.8531475574356	1445.9578740198283	0.0	536.3454788630452	1572.4103252579885	0.0	488.7268152977851	1555.0686468202052	0.0	566.7325683038496	1483.8614808376726	0.0	639.1198303692148	865.9688231934911	0.0	648.2885343612307	1152.4120827356994	0.0	636.8471212376874	1484.2479148827133	0.0	621.3669786630728	1611.6421453742032	0.0	665.7668744245425	1602.60727954682	0.0	628.1677097254303	1525.7989205348533	0.0	541.8998647472248	406.3140914588293	0.0	528.3952769440143	234.49254900524653	0.0	535.476887034951	401.7945723336619	0.0	395.00757460524073	459.50905285746126	0.0	355.17732524703695	650.6439077169823	0.0	298.011463162176	832.6438263547522	0.0	691.7449182102038	426.71075482527607	0.0	756.4703515472521	650.3943719154297	0.0	753.063040974437	626.8699357822379	0.0
341	11.395962199312715	558.3946608531204	845.1867334298931	0.0	474.36703829858885	876.2497358431948	0.0	498.97508832724213	1171.150191944016	0.0	545.6062361899849	1447.37819659785	0.0	536.9411238315571	1572.9635279287606	0.0	490.0327563657525	1555.70814032316	0.0	566.5648098242774	1485.3773522665228	0.0	639.6799479072021	865.0121577760074	0.0	647.1699287127193	1147.2883867036317	0.0	633.4315829746915	1481.8389236888984	0.0	621.4986957405679	1610.0078856651382	0.0	664.2933690107922	1600.4661032461922	0.0	625.187603145499	1524.7005792510008	0.0	541.4158272666717	406.36884524926944	0.0	528.4896838172797	233.71977737317926	0.0	535.8310520229902	400.8589644360227	0.0	394.39298090357323	458.59136049624027	0.0	355.75704107511564	652.4746121999934	0.0	296.23758717974545	833.4392702408292	0.0	693.5723061052212	426.1348449766146	0.0	755.8543525101669	646.1497692904528	0.0	757.171107106321	631.0025038457804	0.0
342	11.429381443298968	558.0487961643823	845.4703909110958	0.0	474.05880921183024	875.1915753831436	0.0	500.0211244894424	1173.8650932004805	0.0	545.4974329545503	1448.9055763189328	0.0	537.2654372598998	1573.3225479079103	0.0	492.07863090653234	1556.4269557135538	0.0	566.2439627121602	1486.9564947321692	0.0	640.5853448060577	863.344920849812	0.0	648.7188382853069	1136.115357207348	0.0	631.6058228244289	1479.8417143123181	0.0	621.6245062798391	1609.7299565905657	0.0	662.0877253722416	1599.6736918761253	0.0	624.207774376421	1523.5467596612873	0.0	540.9891838392311	406.88496724286654	0.0	529.4734317979692	233.39916201298053	0.0	536.62084619921	398.7714388220315	0.0	394.07115444012794	458.4776226601031	0.0	356.151060666693	654.2674114662439	0.0	294.7391734507021	832.7612649966771	0.0	695.6104184759739	424.13599929116714	0.0	756.104601402583	639.2297354849696	0.0	761.6005445626056	632.6281003170218	0.0
343	11.462800687285224	557.0436193388981	845.6344359913347	0.0	473.9694315899107	874.6063899968641	0.0	500.8079121372162	1174.784029500323	0.0	545.3517248483254	1450.8089848512598	0.0	537.3401780884977	1573.547117559262	0.0	493.77172801056486	1556.8632636623279	0.0	565.9182606721306	1488.5287383482446	0.0	641.0057901001677	862.2541733480502	0.0	650.7213271671664	1127.8477806474875	0.0	630.0838021436891	1478.5589946771117	0.0	621.7071695978898	1610.4307947491181	0.0	659.0190711304754	1600.3956593556932	0.0	623.1484772092538	1523.6643836536564	0.0	541.5740961867976	407.0770896746646	0.0	531.6570827261951	233.31605803463856	0.0	539.0839466408582	397.1231818992937	0.0	394.8794152577327	458.1366458254519	0.0	356.35155208188434	654.675601754426	0.0	293.99166681469745	829.5914055829187	0.0	697.7492538144753	422.29925762469276	0.0	758.0403913504342	635.8260355125752	0.0	763.8223221631267	634.4207220547556	0.0
344	11.496219931271478	555.6484718957704	846.8761434352259	0.0	474.22701527612423	876.431158719857	0.0	501.1860607179914	1174.3827717766455	0.0	545.0108632855868	1451.8429010011166	0.0	537.1683287592032	1573.6031988386562	0.0	494.21119554654314	1556.6330910203449	0.0	566.6267107090948	1490.0182666528046	0.0	641.2512785843235	864.0834367984284	0.0	651.5890523399039	1128.6344509670168	0.0	628.2838721008245	1479.01580674414	0.0	620.092052468035	1613.2869011492044	0.0	656.3494746944082	1602.9130797586556	0.0	621.2773055683181	1524.2282261187695	0.0	543.668525789547	406.8799713828902	0.0	535.1216571122314	234.19727248216432	0.0	542.4930641833176	397.0936944311902	0.0	397.17209451319115	457.64985078468993	0.0	356.23921510330723	654.4445543589565	0.0	293.7759293076059	825.7969328328826	0.0	699.7748038015485	422.36024014779184	0.0	761.5015333749249	640.0608284782771	0.0	765.2069970068976	639.2076820574848	0.0
345	11.529639175257731	554.963346168341	849.6146024717705	0.0	474.8509778699358	879.7689871983246	0.0	501.48336791989726	1174.1840356655741	0.0	545.0810786411371	1451.3577932342096	0.0	536.6569718398412	1574.2033261507984	0.0	493.172462084301	1556.155916952053	0.0	569.6477343809603	1490.6948237834497	0.0	642.1265792191864	869.0543024307117	0.0	651.4406315952994	1135.9894763931204	0.0	625.5296527472556	1483.4370934068886	0.0	615.2469338759811	1619.651206644045	0.0	654.0620514109311	1608.1528589743798	0.0	618.7096521530234	1526.086791437072	0.0	546.5017699619572	406.7968272859283	0.0	539.4254149657098	234.97476313405394	0.0	545.3874064576813	397.7856264159247	0.0	400.1647884588767	457.0689285527326	0.0	355.6605602982685	654.5291050713884	0.0	293.1471325396348	824.7757945267216	0.0	701.5767408971684	424.13740755219726	0.0	765.5628505271533	649.3649553727536	0.0	767.7072336738817	644.6576620455625	0.0
346	11.563058419243985	555.4591553959957	852.7555081519334	0.0	475.1748065369363	883.5165680866586	0.0	501.23930984050065	1175.3828788757655	0.0	546.6307305297884	1450.6113815843344	0.0	536.1124798735399	1576.7902456312336	0.0	491.3897002778397	1556.9791766206242	0.0	574.2752553505438	1489.9990243971286	0.0	643.0815522434115	875.3340516834797	0.0	650.1827590975123	1145.8259640188862	0.0	621.3298915120056	1493.6681288058983	0.0	608.4818631842327	1630.3051441230218	0.0	650.913047903624	1618.0321644378164	0.0	614.4334900672922	1533.6801002394197	0.0	549.2476868121518	405.7718318221024	0.0	543.82945868358	235.5564182924403	0.0	547.0510127266324	398.2175245629223	0.0	402.6504404103641	455.695373603891	0.0	354.9325895442429	654.6000845276595	0.0	291.3306921543051	826.7490338116849	0.0	703.5935607451456	425.83334861724546	0.0	768.715251397896	655.2236198561443	0.0	770.7698160732845	645.9115742429958	0.0
347	11.59647766323024	556.3068401331442	855.8990682728783	0.0	474.25469399883576	888.220670075747	0.0	500.3489404198403	1178.1618187032093	0.0	549.1994780688667	1450.6058359621054	0.0	536.0213358069785	1581.7078705050467	0.0	489.7258567367464	1559.930747942452	0.0	578.0384328304197	1488.4823247078689	0.0	643.0844221237146	882.2052326959999	0.0	646.1272956702245	1158.10626114838	0.0	616.8883140488405	1509.866197915744	0.0	602.3752161390516	1645.9349017013074	0.0	647.0831291610028	1633.8633912970386	0.0	608.2203799127591	1550.5802365750485	0.0	552.4909145529934	402.6061633591383	0.0	548.2205775509949	237.33721674449635	0.0	547.6341758104696	399.0609010212005	0.0	404.00575224414035	453.8549681492973	0.0	354.54904422709757	654.4501543980103	0.0	288.31590260035495	829.0397718854801	0.0	706.3453229030906	426.52524444876457	0.0	770.3376316309912	653.5296589871957	0.0	772.9422590009851	642.2070111640124	0.0
348	11.629896907216494	556.6133083614261	859.849715997859	0.0	472.264671029817	893.5335173075747	0.0	500.0309976174103	1180.8715961684857	0.0	551.191098821528	1450.7322692484988	0.0	537.5838265396891	1588.2645137264544	0.0	489.12663473693266	1564.6866810389674	0.0	579.7736681816807	1487.6826245076095	0.0	642.1158295388659	889.3894691910352	0.0	638.8462801045924	1171.6382870334367	0.0	612.7999998495297	1527.001039257594	0.0	596.6840389239701	1662.9676835765185	0.0	642.7539332059531	1651.1828276423971	0.0	601.0635872742389	1570.6820247865787	0.0	556.8460558590435	398.777729741691	0.0	552.8220763552266	239.5504504530977	0.0	548.3711874327812	400.54509827168266	0.0	404.47998821254635	452.9575149513011	0.0	354.5178201419585	654.666462466366	0.0	285.27748809278023	830.0121728635246	0.0	709.9898430188409	427.5661601369874	0.0	771.6840414871765	649.8862815673974	0.0	774.7429400391904	639.3305787208012	0.0
349	11.663316151202748	556.3702674207155	864.0171999082045	0.0	470.5249194477256	897.5891252058126	0.0	501.0667455318351	1182.0282965792408	0.0	552.9090226299359	1451.4417318959372	0.0	542.9716674732274	1596.6074080062644	0.0	491.52343394199823	1572.0374857473744	0.0	580.1422231335529	1489.413561280337	0.0	640.7281439843624	895.0342815740754	0.0	631.6269045577046	1180.4748972734394	0.0	607.7977941522803	1536.594300029031	0.0	589.9364577125168	1673.5196201356657	0.0	636.9605625018347	1661.882306317695	0.0	593.2454017169266	1581.0153054594982	0.0	561.7747102150228	396.8592168661836	0.0	557.1844391640199	240.33719084149732	0.0	550.7294208932292	401.4177672424433	0.0	405.63232905614785	453.002390278983	0.0	354.57262135964453	655.466774941117	0.0	283.43870162555504	830.101283964841	0.0	714.7196987113797	430.2764461135852	0.0	773.8241673246237	650.0523193399966	0.0	778.0308362261219	644.4205978961327	0.0
350	11.696735395189004	556.1042657199195	866.8146906586542	0.0	469.9318492661429	899.4096735158403	0.0	502.59936356796686	1182.2661358117198	0.0	555.4383980130312	1453.941016671063	0.0	550.7786958063357	1604.960560222262	0.0	497.03952555041894	1580.3836322306036	0.0	579.7796623945422	1493.4254008229818	0.0	639.7541304144133	897.8887837094611	0.0	627.7678421194204	1181.8773144584009	0.0	602.6796077197212	1538.149373109574	0.0	583.7749731461478	1675.8068247348044	0.0	630.6190563468903	1665.2693907592693	0.0	586.308427543783	1579.376214697536	0.0	566.462636106309	397.8568507592075	0.0	560.7288510104718	239.49659098513618	0.0	554.7862739039501	401.2510930833345	0.0	409.15364162733607	452.65218712569833	0.0	354.6257527003513	655.8794467494419	0.0	281.90816308765164	830.4007900875093	0.0	720.8006642789779	433.9449071587021	0.0	776.2396430564669	652.3152843264961	0.0	782.7327223408748	657.4216307626989	0.0
351	11.730154639175257	556.2457061774555	867.8063290700007	0.0	470.21243076302846	899.7082054610019	0.0	503.6187902399916	1182.2732099670525	0.0	557.7743893878348	1456.9469052477284	0.0	555.3396944155412	1609.2311694356247	0.0	501.76365713688267	1584.4597601867267	0.0	579.1117722899487	1496.374445181614	0.0	640.2246472172793	898.6560032383449	0.0	627.6670489988232	1179.4783525495548	0.0	600.1923420523597	1538.550709613066	0.0	580.6142436585976	1675.853043299243	0.0	626.4090766463435	1666.5380173069736	0.0	582.8710511400984	1576.3584745407215	0.0	570.4901322100667	401.0524476712585	0.0	563.9846160201897	237.7563241329114	0.0	559.7253974760368	401.417519377057	0.0	414.3326062426834	451.57059198008	0.0	354.6616111864746	654.878213438204	0.0	279.4025062975635	831.6733862288337	0.0	727.8469532021411	437.0253148529953	0.0	778.6984805445876	653.7028751354067	0.0	786.8186228866153	671.1218963837927	0.0
352	11.763573883161511	557.0367829081299	867.907205762833	0.0	470.99900600425156	900.2750232891162	0.0	504.4159617816952	1182.6560802189936	0.0	559.124032562044	1459.5685739294931	0.0	557.3877125844456	1611.3186945199975	0.0	503.7927038263731	1587.7747169120541	0.0	579.705253700971	1496.806507112213	0.0	642.174180367264	898.6898477076913	0.0	630.2568403292793	1176.2030820605703	0.0	599.2282875833707	1537.5726569538915	0.0	579.255027873436	1676.638830161062	0.0	624.2007593039953	1665.4819068071708	0.0	580.8204834756953	1577.487473315718	0.0	574.2535855133082	404.1049210253831	0.0	568.5183764718029	235.9152002378305	0.0	565.3312572478409	402.9436190845931	0.0	418.5414411354343	450.30056218339234	0.0	354.6121441701446	653.8208620823791	0.0	277.037851276416	833.8264687767473	0.0	734.9060167239447	438.72244616174794	0.0	781.9483986354338	653.2224405952223	0.0	789.7687793244211	679.2456884229794	0.0
353	11.796993127147767	558.7187566600346	868.7552772558751	0.0	472.3916110322767	902.5685644377942	0.0	505.6609130670737	1186.0483041415168	0.0	560.4867608819878	1462.5773275224892	0.0	564.6733579213458	1617.1396752673554	0.0	505.55556941913807	1601.122410131558	0.0	583.8763839246812	1497.2064970998254	0.0	644.3447952508386	899.6414281269313	0.0	633.6015613932874	1172.4734112009478	0.0	596.9293383280445	1531.2790219689625	0.0	577.3470577868944	1676.3507854485201	0.0	621.8752617595437	1660.403868810072	0.0	575.5355812001297	1579.240006125134	0.0	578.4843284736144	404.194456040451	0.0	575.1595487769109	234.79662105362144	0.0	571.2341933452601	404.613365267929	0.0	420.55645581642926	449.25675797910276	0.0	354.4590855061599	655.3232296024838	0.0	275.7654517690482	836.7563514628278	0.0	740.8164675333952	439.0918249262159	0.0	786.1955419711231	648.5578622891044	0.0	793.3908032369537	680.8694003157761	0.0
354	11.83041237113402	561.1191581404881	870.9243141672814	0.0	474.047329873217	906.0491748347474	0.0	506.9465462185496	1193.372109599098	0.0	561.4740162044159	1464.095956491568	0.0	575.4666168803786	1625.3261479016162	0.0	506.8436059267608	1619.244584150084	0.0	590.0352622748858	1498.2477023045476	0.0	646.009552087093	902.3340601048394	0.0	635.4995754578996	1169.3622303144011	0.0	595.2118391395699	1526.8421420675927	0.0	575.2263825790799	1675.3399117902018	0.0	620.4765812243344	1657.6240314872284	0.0	568.2157924871498	1579.935515797734	0.0	582.9177592825329	401.3144919945821	0.0	582.6138311908367	234.36720957061135	0.0	576.6950932788383	404.60294942133413	0.0	421.68830900476456	448.7418802303945	0.0	354.3022856472573	658.7689411309359	0.0	274.4838782957422	840.6659570998505	0.0	744.6737959650684	438.7105954917256	0.0	790.7390364803798	642.3310694059738	0.0	798.8502370442078	679.1256586493982	0.0
355	11.863831615120274	563.3689957445271	872.7633695684666	0.0	475.2931693604131	908.7135839658032	0.0	507.49672517412404	1199.8294063237338	0.0	560.8554794363617	1462.3660227712692	0.0	577.8533433779623	1630.7289092064193	0.0	505.78842705411597	1623.6507323771953	0.0	592.073503918751	1498.4090873522928	0.0	647.8563164127999	904.7983666644242	0.0	635.7314282873347	1168.1479866972784	0.0	596.7104084689406	1532.1073992687109	0.0	574.3529284334187	1675.3309008779106	0.0	621.8692209863636	1662.2087382990599	0.0	564.4431928860408	1580.776826049786	0.0	586.8912148664087	398.935975230534	0.0	589.1016792554898	232.96329573427957	0.0	581.9463827443926	403.0018692162255	0.0	423.68627601439994	448.20210042716803	0.0	354.3413074093257	660.9425244152009	0.0	273.16386254538116	844.0159346925994	0.0	747.4011257450267	438.33293725675327	0.0	795.2164501309985	644.2226081568386	0.0	804.9128411669255	677.6701282697682	0.0
356	11.89725085910653	564.9942086651887	872.760521855244	0.0	476.2192247324071	909.1162742826472	0.0	507.51315307051755	1201.7311099368446	0.0	560.1926496789863	1459.9014770398883	0.0	569.5674695927144	1633.0520514538969	0.0	504.40463808045075	1613.0805305032325	0.0	589.2062412936402	1497.7261191230891	0.0	650.407698138189	904.1228402649807	0.0	637.2002681232476	1167.449274037032	0.0	599.67561853249	1540.173567368476	0.0	575.2092756789966	1675.8140324894894	0.0	623.955031000705	1667.4070177512676	0.0	566.9653898120205	1580.4338104397607	0.0	590.5881529302621	399.11950818302796	0.0	594.6333862710725	228.8204631602544	0.0	587.2289536193982	400.5615287309252	0.0	426.82821462012447	446.48667725920626	0.0	354.44107252050736	661.0880846655722	0.0	272.93979451929107	845.5732615760586	0.0	751.0987744963206	438.0643143199319	0.0	800.3592616902562	655.6976566475587	0.0	809.8669639409127	677.4593561174851	0.0
357	11.930670103092783	566.6510255910439	872.1297126677445	0.0	477.2975394961154	907.9207011388332	0.0	507.39765781533924	1202.9521268297099	0.0	560.9277652470626	1458.1451919531562	0.0	559.2268908799261	1632.2872238981424	0.0	503.3586103599553	1601.5468009276988	0.0	587.0286110629955	1494.9739080063976	0.0	653.2128318083119	901.519534919785	0.0	642.5391885366664	1165.8516825906574	0.0	602.7207751138577	1543.753722705457	0.0	577.8022780862628	1677.0537733907672	0.0	624.8616313819772	1667.593402901932	0.0	574.4537164943322	1578.5856937298527	0.0	594.6480741030035	399.0656280911958	0.0	599.8712824280459	223.298378559525	0.0	591.6690275744525	397.4332411175737	0.0	430.0461573749738	443.7434539223387	0.0	353.9997254105118	661.0282757508326	0.0	273.4944131980467	847.6972588502765	0.0	756.1896110961638	437.2108227942962	0.0	806.5922268584745	666.5417831434695	0.0	813.7778823331761	676.9384256969248	0.0
358	11.964089347079037	568.9096102772988	873.2081561137009	0.0	478.20533643041404	907.642554254264	0.0	506.6392434660004	1207.5563334858712	0.0	560.4570892256932	1454.3819950830361	0.0	549.2106959816334	1624.22230884622	0.0	498.5797894982604	1590.9046634841293	0.0	585.4927421711859	1486.9280613640465	0.0	655.9521137973709	901.7532362177823	0.0	649.5096998709408	1169.0916519430652	0.0	607.1429011029874	1547.6963227763754	0.0	581.4699832628908	1682.0140078808129	0.0	626.6063798399747	1669.6682179930071	0.0	584.5773586870199	1580.398200511888	0.0	599.0033974791221	395.1845334666435	0.0	604.3806541801749	219.76650791587528	0.0	594.9271819838568	394.5231135290949	0.0	432.4087731985705	441.1505748616818	0.0	353.12762422324084	661.2297720500936	0.0	274.2397849016504	851.5600809006129	0.0	760.9234045964886	435.2833985501292	0.0	812.3487481884258	671.2771458084618	0.0	817.2950862080743	674.5365499371749	0.0
359	11.997508591065293	571.4177209127012	876.1371621329935	0.0	478.7382978646936	909.7989873172138	0.0	504.6782603796951	1213.1585396825087	0.0	556.2789535435227	1447.5632378946061	0.0	537.0552314005137	1608.1106595774424	0.0	489.31454427350945	1575.2797283797245	0.0	580.3769036027985	1474.5206856907555	0.0	658.8732807079143	905.9598343991552	0.0	653.6933874244329	1183.3891505319	0.0	612.9162361005361	1556.171959603092	0.0	584.3225789867157	1691.736650675594	0.0	630.4801943291965	1679.7791344610478	0.0	594.4071823842918	1589.4027363850028	0.0	602.7394984488673	388.29184264165224	0.0	607.9207871139197	218.61051139056983	0.0	598.0953563842837	392.8769251554739	0.0	433.90763593229474	438.95151221597575	0.0	353.0316279626222	660.3054604161002	0.0	275.5180054690363	853.7880717866092	0.0	764.0629995656384	432.84808551795436	0.0	815.8812576602453	673.8897113322795	0.0	820.0035971893791	670.3552864553416	0.0
360	12.030927835051546	573.8819409590657	878.8828571400628	0.0	479.98869493116797	913.0856618447772	0.0	501.79133672462314	1217.004740243859	0.0	550.1494752961863	1440.4286010543576	0.0	526.8906711421256	1591.8112325519494	0.0	481.18765946706543	1559.260491292045	0.0	573.626697704485	1463.077618829261	0.0	662.3487350433091	910.0735300284429	0.0	654.4634327102855	1200.4949720297932	0.0	618.099151612017	1565.4984456995896	0.0	585.3668971788458	1702.5719950237544	0.0	634.7256140524969	1692.8283730007884	0.0	599.9634428343584	1601.2985203078565	0.0	605.6537749090742	382.25704583409555	0.0	611.2962120910845	217.7225579503719	0.0	601.7061080861	392.47540356145396	0.0	434.9473907119397	436.69954636090597	0.0	354.6357858330923	657.2913918573718	0.0	277.6421272439297	851.5633186620931	0.0	767.254033145146	431.00272305882686	0.0	818.088250288119	675.3324972849772	0.0	821.9358312226208	667.091142422547	0.0
361	12.0643470790378	576.2579760689686	879.6595930569033	0.0	482.30888985762056	914.8135986354002	0.0	497.850401403894	1220.7696811087756	0.0	545.1801643877519	1434.7140126997904	0.0	524.3684025228935	1583.2202902917581	0.0	478.330006196237	1550.7336075699616	0.0	569.9002268663684	1455.425246972774	0.0	666.1618527726289	910.8351393944423	0.0	654.5170954036433	1206.6190558080928	0.0	621.0637244862933	1572.1326970094935	0.0	585.8598748400956	1710.3883062215655	0.0	637.5622150916032	1701.7157772085022	0.0	600.1997957119767	1609.959736540134	0.0	608.5171482536197	379.33897957683473	0.0	614.6863888530241	216.44250873630008	0.0	604.735266161554	392.7655453906603	0.0	436.16936734426486	434.4158164764197	0.0	357.59046374073716	653.0419093556383	0.0	280.5075275562941	846.3758936016474	0.0	772.3999742808068	429.99880134507725	0.0	820.7974139267701	671.0164588511554	0.0	824.3724658556315	668.0237468496542	0.0
362	12.097766323024056	577.8228045027472	878.2506455273225	0.0	484.20796744011943	913.2163002591924	0.0	491.43602783090586	1226.1470714174675	0.0	542.3170105157175	1429.5754389798922	0.0	527.552840234885	1581.2498471125068	0.0	479.1871398331222	1548.9832775863424	0.0	569.3335721313875	1449.4840756411459	0.0	668.9450830414686	908.9913956819087	0.0	655.3453480381877	1203.1052793448546	0.0	621.9375053151999	1575.3194976467557	0.0	586.4756658326238	1714.040874047345	0.0	638.7534533379094	1704.7867631965835	0.0	599.4208336561996	1613.5496740751685	0.0	611.0634761851799	378.76862575532124	0.0	617.1928151648577	214.90865921118882	0.0	606.120299238055	392.3790639849823	0.0	438.1706056994924	432.22205560397026	0.0	360.3370694831426	649.8940824330156	0.0	283.0247967693079	842.4539568122087	0.0	777.615838607796	428.8626639656596	0.0	823.8481298164207	663.3816866396389	0.0	827.9784547470668	672.5603669872853	0.0
363	12.13118556701031	578.1703662648506	876.043418607891	0.0	484.7909078920143	909.4900580626995	0.0	482.00458117734274	1232.3703134988377	0.0	540.9493114772744	1424.146534210431	0.0	530.7601729586904	1579.9808626394763	0.0	480.8696493543906	1548.395520744572	0.0	569.7047464629183	1442.3150407083735	0.0	669.8927957036929	907.0353909128127	0.0	656.3071278297446	1200.4022415434247	0.0	622.8244336228854	1575.1972438376524	0.0	586.433586073623	1714.4261458960366	0.0	639.2553209716523	1703.8160663700535	0.0	601.0775203674752	1613.9651385723373	0.0	612.0632518148689	378.6925090512679	0.0	618.2421747067692	212.54288316101173	0.0	605.4836590226605	389.9640429092745	0.0	440.68311816297313	430.4455695015228	0.0	361.4816785399302	649.164175339355	0.0	283.5603504797055	842.5938092765616	0.0	780.1184034932099	426.7767238648156	0.0	826.4898844554566	661.1670567306467	0.0	831.8179093457583	676.7026426278758	0.0
364	12.164604810996563	578.4556228037062	874.8766979486238	0.0	484.6924018312818	906.9577209320695	0.0	471.5790621879206	1239.283135988681	0.0	540.7837193618388	1418.640029690072	0.0	531.8838328422394	1577.936935251118	0.0	482.4018562702365	1546.162037795871	0.0	570.1301859290145	1433.8535711160735	0.0	670.2856193284406	906.4626281833893	0.0	656.9832501321096	1200.4190894803241	0.0	624.5329159876433	1574.2194899777417	0.0	585.8346674105406	1713.456159608029	0.0	639.9869887534842	1702.1343158205918	0.0	601.7399884437956	1614.1158206207608	0.0	611.8729560044037	378.1137739260455	0.0	618.1936804495609	209.57690131879247	0.0	603.1900847750674	386.69103074698944	0.0	442.76071222394046	429.9263268885191	0.0	361.58473027692446	649.9707395347278	0.0	282.2261502154865	845.1233195991106	0.0	781.6636263121977	424.6175949408346	0.0	829.3443250911056	665.249670306485	0.0	834.7583417099561	678.1147942154788	0.0
365	12.198024054982817	579.5802673615435	875.2678994563175	0.0	484.5839194910071	907.3971894780489	0.0	462.63567927456603	1247.3881005769342	0.0	541.5008904290416	1413.689094373161	0.0	531.412017450559	1577.4822850511748	0.0	482.9632787442379	1543.2934584400655	0.0	570.5423550842356	1426.0169226076785	0.0	671.3557069768409	907.5441352413825	0.0	657.5312715132144	1201.9534642809163	0.0	624.999091972047	1574.5884866942906	0.0	585.4705786894668	1712.9722141860157	0.0	640.5709347111467	1701.9166558099325	0.0	597.2912472525547	1614.1175279499419	0.0	612.0847388130746	377.1693145366581	0.0	617.8953416664536	207.37529335428675	0.0	600.649777117702	385.0406730288737	0.0	443.5495910287559	430.6129677942235	0.0	362.220294156061	651.1122174606951	0.0	281.0012740619564	846.6935919677238	0.0	785.3125804756297	423.5080841005002	0.0	833.2088589578883	670.305691904981	0.0	837.187400854027	677.7116801839745	0.0
366	12.231443298969072	580.824141184365	876.4525520959489	0.0	484.6088638381103	909.9132747450817	0.0	455.742603036621	1255.280214294168	0.0	541.8003596827036	1410.3845931630854	0.0	528.2707632845181	1579.8919248492632	0.0	480.4830745419184	1542.4720301210812	0.0	570.5877175304443	1420.9658023090303	0.0	672.637433614862	910.1717011171608	0.0	657.6413022433323	1209.9979834232506	0.0	623.4468704973988	1574.796928441928	0.0	585.4789706430767	1713.4499562918375	0.0	640.0876033864241	1702.2003006772136	0.0	591.8181496153943	1611.8104415469338	0.0	612.9008166762281	376.1018993963687	0.0	617.8569886840837	206.38664171777472	0.0	599.2703995458925	385.1823632186377	0.0	442.6961871774025	431.0509542049488	0.0	363.46974647555425	651.9686856459903	0.0	280.96808504504753	846.8836895260595	0.0	789.3626872713091	422.9390418301546	0.0	837.7208262678158	675.1356910685689	0.0	840.1016483028691	676.4825936361024	0.0
367	12.264862542955326	581.4040869054841	877.8791485307705	0.0	484.71305274850226	912.5531848783215	0.0	450.3446955338384	1260.9270032042791	0.0	540.4828896693055	1411.0356838122261	0.0	521.2104697578468	1586.376852665742	0.0	473.8165290653129	1546.9741668453078	0.0	569.962915136084	1421.097170863565	0.0	673.3979263989625	913.5921053377127	0.0	657.2378977706519	1223.7147040004686	0.0	621.8936538598058	1573.6064691539284	0.0	585.6234363760368	1714.199613270872	0.0	638.45983752574	1702.1675223165732	0.0	591.7480928679676	1608.2012475061365	0.0	613.5209094489176	374.8578218566731	0.0	617.6752100253877	205.5095488664963	0.0	599.1602434046207	385.19188694052013	0.0	440.710942647009	430.34012191445606	0.0	364.26730257913493	651.9275591098581	0.0	281.3291592284175	846.9082070569658	0.0	790.6537917136744	422.3364813798479	0.0	841.6376873521988	681.2905717386174	0.0	843.0210873622773	673.3496901935131	0.0
368	12.29828178694158	581.2314839014404	879.4564242083123	0.0	484.44243459346615	913.9196181590079	0.0	446.56224399756144	1264.3808604822802	0.0	536.9545971299917	1417.8348131546225	0.0	512.3023151115102	1598.3297099934662	0.0	465.2127143781098	1558.4409041786664	0.0	568.586294421726	1427.6835124158977	0.0	673.418142693306	916.0936172836875	0.0	657.0079769570077	1230.3706933479132	0.0	621.4119380732894	1572.1985455711408	0.0	585.7044024504625	1714.2931337293269	0.0	636.6946067567477	1702.7097920638723	0.0	595.3347045225948	1606.5836901536707	0.0	613.7655469491327	373.661331542977	0.0	616.6910090081213	203.66800196177613	0.0	599.6238749940085	383.71572056257367	0.0	438.8269938816535	429.1228765777671	0.0	364.38040157400894	650.8653744051529	0.0	281.27338730315716	846.1525766977725	0.0	789.8892995675643	421.9764011044034	0.0	843.3676824905054	687.0571335064212	0.0	844.7686966567503	668.2969655131315	0.0
369	12.331701030927835	580.1565782478501	880.7891693852616	0.0	482.8299961747985	914.0349498744217	0.0	445.020982526493	1267.6547663660642	0.0	530.7165630857131	1430.4696562299566	0.0	504.7086083180028	1614.2000212491453	0.0	457.9587435463842	1574.9702234560602	0.0	565.6197057119463	1439.9840027454807	0.0	672.4208458672933	916.3613887744416	0.0	656.9180550699233	1223.1249005930727	0.0	621.078624588814	1571.0361314513848	0.0	585.407109656668	1713.5109037433492	0.0	636.3021768901768	1703.6269260746265	0.0	597.1964286589103	1607.3986066144987	0.0	613.543827003721	372.5809638204874	0.0	615.1121389700926	201.2236443918317	0.0	600.070956400695	380.9966258358928	0.0	437.92794267965496	427.939541275215	0.0	364.31234967989815	650.0177640774833	0.0	280.9503051624926	844.007662202562	0.0	789.4153714738962	421.7794098686497	0.0	841.9777361980221	686.0382608683423	0.0	845.2434599896272	666.658029443099	0.0
370	12.365120274914089	577.9300771104463	881.4875357060168	0.0	479.4574020349195	913.7796228847272	0.0	445.12365953649	1271.9223674283148	0.0	521.9610903937181	1446.847126624932	0.0	498.78484917916813	1630.6627799462378	0.0	451.8904813014711	1593.3331945605023	0.0	559.1971803638081	1456.5345391285148	0.0	670.2510749527506	915.4089168828989	0.0	656.0807738063965	1213.1920465222747	0.0	620.6422298956653	1569.7858538588275	0.0	584.6214728730478	1712.6265368354234	0.0	638.294110569876	1703.8086122107466	0.0	597.4308081234823	1608.183309282662	0.0	612.245049107069	371.2323973268384	0.0	613.4360780725972	199.25152661363464	0.0	599.6463643733268	378.3108314325467	0.0	437.6981715941078	426.5589808941103	0.0	364.01469992135486	650.6559555812731	0.0	280.71524449547786	842.444375771808	0.0	789.292778879434	421.3362288443709	0.0	838.6619651266403	676.5589525021522	0.0	844.3979920857664	672.539507708385	0.0
371	12.398539518900343	574.4515994006724	881.8337502183632	0.0	475.2653966317699	913.8742477026691	0.0	445.22497754442884	1275.074582567358	0.0	511.1372984983915	1464.8703977336045	0.0	492.96231169218237	1645.408820678551	0.0	444.73469640984973	1611.0774368129578	0.0	547.4325473073729	1476.0634001023946	0.0	667.3130192688922	915.6983915186523	0.0	654.667499645826	1215.0385692220193	0.0	620.9398747689454	1568.7388869612387	0.0	583.8918526435992	1712.4046403572959	0.0	641.7215799903386	1703.5984707354714	0.0	598.6240403825183	1607.0745236230737	0.0	609.6882630009552	369.72889840775593	0.0	611.3946702343195	197.6361227242897	0.0	597.315005696295	376.76646575591093	0.0	437.0208270559258	425.3598937634117	0.0	362.5233543193732	652.1887103052667	0.0	280.28348130145446	843.4165940487809	0.0	787.7187233848649	420.5577743126601	0.0	835.6330069424869	668.9219650859137	0.0	841.8664224471588	679.2279151740313	0.0
372	12.431958762886598	570.0466727619885	882.2250422989514	0.0	471.4144870351777	914.7145635438119	0.0	445.2610056977435	1274.2393076216097	0.0	498.0453272452927	1483.0341097740452	0.0	486.44934899171903	1655.86503127643	0.0	436.2647792310565	1625.6971028716064	0.0	529.6943887448	1498.1275644083566	0.0	664.3379447518464	917.717472018043	0.0	653.8756756763846	1226.969883671246	0.0	622.09230488269	1568.4618653965258	0.0	583.7801429113515	1712.743624861298	0.0	643.6861327746219	1703.8952293520827	0.0	600.5305367903444	1605.9484798214835	0.0	606.4909694909369	368.5166382070697	0.0	608.8402301495325	195.45382577246548	0.0	593.5893524627155	376.09286118519117	0.0	434.78174327963893	425.1442327385717	0.0	358.97778775323957	653.3680645823906	0.0	278.81584163392745	846.0216905580081	0.0	783.7465314062365	419.59273977810943	0.0	833.184189797007	670.1407400964828	0.0	838.9888371112692	678.4077597807676	0.0
373	12.465378006872852	565.7280931045652	882.6126248599712	0.0	468.08753497358305	916.396830028943	0.0	446.6581729207164	1270.088213926317	0.0	483.1244839623826	1501.862097173837	0.0	481.18556590834487	1660.6956480854806	0.0	428.6160347862651	1636.4670314013335	0.0	508.0607502562445	1523.5393620254195	0.0	661.5142477751106	919.6511558601649	0.0	653.9264206368695	1236.8190092715038	0.0	623.2869513458714	1569.3785950664173	0.0	584.3279102022811	1712.9173365256713	0.0	642.6746964344336	1704.0621324229946	0.0	601.9182934039961	1607.795735473375	0.0	602.7968596345643	367.6493382489114	0.0	606.0208075935262	193.18439272434966	0.0	590.5520507415062	375.34703927910726	0.0	430.2615155161469	425.72347020451934	0.0	354.0399527473748	654.015985741827	0.0	276.24791122092427	847.8760595156896	0.0	778.2002373941009	418.71693233431023	0.0	829.7491776063608	673.842940372019	0.0	837.3000666672029	673.0097877651098	0.0
374	12.498797250859106	562.5201651135133	882.9330976777934	0.0	465.20954280264596	918.3863504019907	0.0	449.38989685953834	1265.7730321264173	0.0	468.74210773380287	1522.6797754050297	0.0	480.7630536339393	1663.7191535946495	0.0	424.54019915064293	1646.838807187355	0.0	486.882494513795	1552.1377016650256	0.0	658.4142399718938	920.432373576269	0.0	653.3650713949398	1239.582846180514	0.0	624.1158710824717	1570.4506763830616	0.0	585.2573872870942	1712.2276348720911	0.0	640.4676174220365	1702.0751133018437	0.0	602.8435130576239	1611.0348666779753	0.0	597.971408409391	366.9145391028126	0.0	602.8651801180547	192.22332984709567	0.0	588.9784846119353	374.9169873134809	0.0	423.7889599873848	426.2386714391735	0.0	349.5808175598266	654.0887709778401	0.0	273.9531971306958	847.9077910557788	0.0	772.1007898195871	418.07062090082655	0.0	824.3067771333692	673.68172808577	0.0	834.9804681188737	671.3253655186528	0.0
375	12.532216494845361	560.3005845103754	883.3636766605041	0.0	462.8771440379797	919.8775912281604	0.0	452.0567910896162	1262.6149593822624	0.0	458.3977519762794	1542.890002600095	0.0	485.15478764525636	1668.9636442007509	0.0	424.8894791919946	1658.6607094953838	0.0	470.6955525544101	1578.887918203933	0.0	655.0940956321392	920.6543168298708	0.0	651.0197653585568	1238.938191476439	0.0	624.8005487744705	1569.4922838712744	0.0	586.2463382909966	1710.7195163547967	0.0	639.4372053531546	1697.5447467480797	0.0	603.6344326986443	1611.387171074419	0.0	592.1222932526396	366.04080287539404	0.0	599.5093873376926	192.3248843903531	0.0	587.1663891731608	375.2316930582662	0.0	416.6204904410243	426.6542061745507	0.0	346.41481451827394	653.2428796074042	0.0	273.24812878873723	847.106033432469	0.0	765.5057676673904	417.22277901347553	0.0	817.4138198727239	671.0218379855353	0.0	829.2705056466357	675.6476983825237	0.0
376	12.565635738831615	557.6329254429463	883.8878373938059	0.0	460.33691303945557	920.6750979011686	0.0	454.1017454914317	1259.1987974319613	0.0	454.46908696728696	1557.1201570213198	0.0	489.4946032126052	1674.0783616065078	0.0	427.27848638569225	1667.0044645824948	0.0	462.6506327272727	1596.5482128491087	0.0	651.5657651611698	920.9067804971378	0.0	647.8331665148971	1238.2011755948827	0.0	624.7222253653789	1566.5307995055214	0.0	586.8924821724182	1709.1735103396425	0.0	640.036788158517	1693.789460337194	0.0	603.6023442271835	1606.8267213641216	0.0	586.2116779549383	365.18457957927865	0.0	595.6357564971647	192.1053031673288	0.0	582.9634152011756	374.9960707345599	0.0	409.1533070010522	427.63897652961265	0.0	343.0950556885327	652.2290308762123	0.0	273.6018780231716	846.9069044430489	0.0	758.6981703708115	415.7995916783748	0.0	810.4136978929049	668.5007376436972	0.0	821.7574160409093	681.3451353688241	0.0
377	12.599054982817869	553.3806626802641	883.9414570667659	0.0	456.4085039109305	920.8262478904908	0.0	455.5369558426279	1254.5952787930853	0.0	455.8223482773161	1563.6703032079795	0.0	490.51413349279306	1675.7830571092077	0.0	428.91297067614494	1668.3561698731648	0.0	461.991032659741	1603.9423731611735	0.0	647.0550338323449	920.5313133734751	0.0	645.0759990023654	1236.4917157786297	0.0	622.8182702508952	1563.640765496237	0.0	586.4843046242272	1707.5837978905945	0.0	641.0850206640362	1693.039334992884	0.0	602.2907527411512	1599.0850205852903	0.0	580.1172719279693	364.95261876925167	0.0	590.2050293343407	191.29409547991185	0.0	576.2978109676565	373.7197298617239	0.0	400.8952674196851	428.85934858966107	0.0	337.97389361105024	651.9004241484905	0.0	273.2887544189128	847.0250852224452	0.0	752.7214226532695	414.5471587211312	0.0	804.3717700688192	666.2903148491665	0.0	816.8215928532376	684.3066257059148	0.0
378	12.632474226804124	547.7223945448266	882.8060832896739	0.0	451.0096662651598	919.8388514778962	0.0	455.51687260605803	1249.830516366486	0.0	458.0175597256225	1564.5526221434977	0.0	489.6457274050113	1676.1775415869552	0.0	429.1325699157833	1667.2762580880803	0.0	463.71894366802053	1604.9168600729324	0.0	641.4917478190886	918.2751533974488	0.0	642.0545172011817	1231.4750554988823	0.0	619.8632370881992	1561.992444884694	0.0	585.041214328182	1704.5352053550832	0.0	641.4215455241796	1692.4746809634332	0.0	601.1482877262305	1594.3105148777413	0.0	572.7711749785323	365.4344214796418	0.0	584.107400397396	190.40379927119764	0.0	570.3957623850687	372.5035621850286	0.0	392.3258386691464	429.37718780320597	0.0	331.3177449751905	650.719786544078	0.0	271.52110070979916	845.6335381580782	0.0	747.0441063839475	414.6313407705291	0.0	798.9387592327788	663.5292217140261	0.0	814.3279981987386	684.897619343246	0.0
379	12.665893470790378	541.3427410238015	880.6755519089587	0.0	445.0591712921878	917.3781861943104	0.0	453.0928255067065	1245.5830487534606	0.0	457.5620842525443	1561.6789268178616	0.0	488.74549322864544	1677.8491251280198	0.0	428.5197093999779	1668.568232021695	0.0	463.6506121321991	1601.8788204278699	0.0	635.6908467189659	914.5209153522438	0.0	637.3569668560722	1225.193144532772	0.0	617.9752723666757	1561.750152193661	0.0	583.7382824918808	1700.2368079910896	0.0	641.1804281250411	1690.1129838821255	0.0	601.4585585737477	1597.8082999251387	0.0	564.4809605070164	366.09535282133635	0.0	579.6490660463966	189.61154586752522	0.0	568.6614000761243	371.6575156801195	0.0	384.53162418437984	429.06054529202197	0.0	324.3930879083279	646.7436648865478	0.0	268.70874143888153	842.2695989445356	0.0	739.0860023481379	415.46596797770917	0.0	792.0622724335121	658.7939358860698	0.0	808.9749219071218	684.6653948550048	0.0
380	12.699312714776632	534.9359352410437	878.7032413170967	0.0	439.4056600882898	914.4202962082876	0.0	448.8917791933558	1241.5568754872186	0.0	455.3535874772298	1557.585898165429	0.0	487.8814489356388	1679.4043718448709	0.0	427.99269980148205	1671.0082354720132	0.0	461.7143084281413	1597.437239759486	0.0	629.5986238666769	911.394234228873	0.0	631.2567127381977	1223.3949290795472	0.0	617.8819288731763	1562.0486371915545	0.0	583.3135557879509	1697.9896182313637	0.0	641.0680272941653	1688.7267790361363	0.0	601.7553713455918	1605.4669281088163	0.0	557.0428369349409	366.54672513194834	0.0	576.9071046838719	188.9026213623821	0.0	569.4225912892061	370.8278986652105	0.0	377.5928942320552	427.97928329457704	0.0	317.7589004176647	641.430388004579	0.0	265.22802251915573	838.9691962095347	0.0	728.077144318873	415.0932866009222	0.0	783.2140187899404	654.062123599588	0.0	799.1147136451207	682.6298286471631	0.0
381	12.732731958762887	528.7754020832432	876.9323421348358	0.0	434.18879117355425	912.3393160642639	0.0	444.7568442511143	1238.0399976460394	0.0	454.05704118224196	1555.1108619242395	0.0	487.1892307450865	1679.0705777215576	0.0	428.2644248612169	1671.8160927867584	0.0	459.81774966693524	1595.0909306136364	0.0	622.6580559724202	909.2759257636319	0.0	625.7169454946776	1225.255666689723	0.0	617.9668595748229	1561.051915467105	0.0	583.561550275738	1699.558597421372	0.0	640.9750655242335	1690.3648897101896	0.0	599.4826152853213	1608.6523458806903	0.0	551.4452491270437	366.69160470516596	0.0	574.4024780287489	188.45188298351292	0.0	568.0649297717537	370.3595908841835	0.0	370.76440103373244	426.1498359727304	0.0	310.64932986547024	637.939582596347	0.0	261.0157755355302	837.3146869114315	0.0	716.7282959587559	413.2557244565826	0.0	774.6633147825263	655.3809671238422	0.0	788.9024856968541	675.3903359343386	0.0
382	12.76615120274914	522.8803469521351	873.848529181813	0.0	429.2369980274246	910.7313639559495	0.0	442.16834402678694	1235.745848480924	0.0	454.18473402472097	1554.3465151032647	0.0	487.8330861930783	1677.6418398029791	0.0	429.3682947634637	1671.2390929767764	0.0	459.36557899306234	1595.3811955512092	0.0	615.7768536738257	905.9186217531266	0.0	621.9901150815051	1222.3133266898303	0.0	616.3307543713481	1559.1494251536787	0.0	584.1421992634298	1702.2042924753628	0.0	640.6746633628229	1692.8670229461052	0.0	594.577587287609	1606.703188480907	0.0	546.5012768586096	366.62596341845585	0.0	571.8461416307392	188.87609643482637	0.0	564.0710194436097	371.1748334238136	0.0	363.62451565390563	424.1179870315466	0.0	301.8276909625266	636.8116295178118	0.0	256.0331085840089	836.7240025463743	0.0	706.9851421718306	410.96119482974916	0.0	766.7002397868222	660.3926088954189	0.0	779.7350002154765	663.0529019361683	0.0
383	12.799570446735395	517.8989528731055	869.4307878300152	0.0	424.81542067365586	908.2983428631571	0.0	441.3026944829915	1234.9641519970355	0.0	454.9815548650119	1553.63591319311	0.0	490.3622317836246	1676.785971861067	0.0	431.1650065775195	1670.9220133902645	0.0	460.60184238383573	1597.3412491578754	0.0	610.5539558948826	900.7044200420529	0.0	619.3971465563037	1212.19235872662	0.0	613.4066040880622	1559.0099270841856	0.0	584.946444767826	1702.424861737804	0.0	641.1073943871752	1693.4405989489894	0.0	590.1392461635153	1605.1704412031288	0.0	540.6983000494643	366.6783666976899	0.0	569.5346048049228	190.62770001857427	0.0	560.897609808514	373.3160058583598	0.0	356.3435190414352	422.3911073279682	0.0	291.7604902339169	636.3846434435202	0.0	250.7707088591272	836.8117690859917	0.0	697.8868216078723	408.2398315889395	0.0	757.2377345999364	660.0661610290005	0.0	768.5499329261637	651.5588207619444	0.0
384	12.83298969072165	514.1007079301802	865.905844001932	0.0	421.27556834426764	905.6037220696426	0.0	440.6751063877226	1235.026255816443	0.0	456.32710165923066	1552.2983191430123	0.0	492.46732261038613	1676.9168661537594	0.0	432.8851114618565	1670.9149193197732	0.0	462.74066363667345	1600.3045195918548	0.0	606.7298810748763	896.2798758239375	0.0	616.8635878479963	1203.0487525918222	0.0	610.9830334297152	1560.6816767860457	0.0	585.935085869379	1700.7208820743595	0.0	642.913004231858	1692.7159393751053	0.0	588.7833072087095	1605.8967388279673	0.0	534.5770102502278	366.96071332332934	0.0	567.291990273755	192.8619415751943	0.0	560.3936250701175	375.5168994951712	0.0	349.1984208036379	420.87071032577114	0.0	282.5860066684903	636.3009402710913	0.0	246.09341217953414	838.297303668391	0.0	689.0393057964407	405.30578543797844	0.0	746.9793820376132	656.719343045136	0.0	754.8473368228812	644.072059909453	0.0
385	12.866408934707904	510.44139710016236	864.9245718259688	0.0	418.3439035898198	904.5254980894875	0.0	438.49044698312605	1234.6161698295077	0.0	458.0617459919682	1551.0622244209187	0.0	491.4149441164016	1677.1095255802195	0.0	432.9667640432332	1670.3473321721046	0.0	464.99925578275673	1602.6006426376969	0.0	602.6842160717208	894.9538902664767	0.0	613.7900313259356	1202.6478970334208	0.0	609.2290463349648	1561.8555934263932	0.0	587.2608214792479	1700.7822796231717	0.0	645.0710770714006	1693.4080316416955	0.0	589.2867837227687	1607.3326579865693	0.0	529.2831263308957	366.6305346658256	0.0	565.4786515637292	194.39282984972988	0.0	561.189897801926	377.15775375096763	0.0	342.37881584304586	419.5115136158977	0.0	274.7985734708092	637.6395980097864	0.0	242.2833518150457	840.9589194797157	0.0	681.3062795036757	402.939137251502	0.0	737.8885116964494	655.999613354794	0.0	742.3322579360745	638.4935473102195	0.0
386	12.899828178694158	506.3257587653841	865.6649547126486	0.0	415.66246171326554	905.0498021231757	0.0	434.76810825014957	1233.4916708272024	0.0	459.3774823147686	1550.9862747431578	0.0	489.3277888100312	1676.741657303755	0.0	431.6195756198803	1669.4828497799713	0.0	467.3498169181965	1603.3098627433228	0.0	598.2726062794029	895.7414663468008	0.0	609.6104903799279	1208.1630500069775	0.0	606.5447507768936	1561.660794029261	0.0	589.3306852705999	1703.4052007369125	0.0	646.1477426715614	1695.5225024627891	0.0	588.1463781034555	1608.2908705527616	0.0	524.5376008414623	365.08681998279934	0.0	564.9146326343794	195.56678161378903	0.0	561.578136429234	378.63340049372846	0.0	336.27432352950717	418.5920356281083	0.0	267.02303392238554	640.1147869614817	0.0	238.6292727656206	843.5853587839174	0.0	674.6683897586036	401.182293289651	0.0	728.9913840064457	651.162565956073	0.0	733.6718440131746	634.0122104148107	0.0
387	12.933247422680411	502.8431945173769	865.1720538824458	0.0	413.5030353727102	903.9559296252696	0.0	430.49700958459533	1232.2065376997898	0.0	459.5420781655986	1551.9197285272692	0.0	491.9633870105921	1677.0248839362441	0.0	431.8962926933843	1670.4301798127003	0.0	469.9439372091142	1603.5868356458461	0.0	595.1998880066243	894.7386732802415	0.0	604.3645559875994	1205.8244576459772	0.0	601.4335393890983	1558.9950645266777	0.0	591.8503361571719	1704.6688094419096	0.0	644.7943881616867	1695.8552270765226	0.0	583.2565529034199	1606.197411653045	0.0	519.6953147008271	364.5471492011439	0.0	565.3942383422144	197.15182897550366	0.0	561.4808305053891	379.96855263847516	0.0	331.48869263131803	418.25406679975913	0.0	259.50308059879126	641.9507986160871	0.0	234.4648367301749	845.7948262522543	0.0	668.9388846150586	400.0495334011753	0.0	719.5903848286218	637.1340245786877	0.0	727.158993490056	629.7805862811006	0.0
388	12.966666666666667	500.71818785050186	861.9462184410819	0.0	412.0040737696287	899.2988214998915	0.0	426.01137775651637	1230.8111119249443	0.0	458.69630269055284	1552.9843850387851	0.0	500.7205072430658	1679.056016434917	0.0	435.35192304471184	1674.3877317684096	0.0	472.7042316188518	1604.3449806935175	0.0	594.1023342757934	889.9610020777436	0.0	598.7705629848441	1188.791006182303	0.0	594.1054914988495	1552.9878852267066	0.0	594.1048638111067	1702.4004797829953	0.0	640.7967363549419	1693.0622342941674	0.0	575.4285759400582	1599.685200223656	0.0	514.7254402969292	367.01307496553125	0.0	566.0892438313696	198.9218433817457	0.0	561.4224723878482	381.02006048499595	0.0	327.9583673552549	418.3734540065088	0.0	253.25132192985865	642.4918638001054	0.0	229.906383445127	847.9378436807159	0.0	664.1363644013412	399.6966181247578	0.0	710.8293230500452	619.1449210778056	0.0	720.1660171161548	623.8179729511758	0.0
