PathFileType	4	(X/Y/Z)	/Users/visionmauri/1_9_1_f_Sports2D/1_9_1_f_Sports2D_px_person00.trc
DataRate	CameraRate	NumFrames	NumMarkers	Units	OrigDataRate	OrigDataStartFrame	OrigNumFrames
30.0	30.0	349	22	m	30.0	0	349
Frame#	Time	Hip			RHip			RKnee			RAnkle			RBigToe			RSmallToe			RHeel			LHip			LKnee			LAnkle			LBigToe			LSmallToe			LHeel			Neck			Head			Nose			RShoulder			RElbow			RWrist			LShoulder			LElbow			LWrist			
		X1	Y1	Z1	X2	Y2	Z2	X3	Y3	Z3	X4	Y4	Z4	X5	Y5	Z5	X6	Y6	Z6	X7	Y7	Z7	X8	Y8	Z8	X9	Y9	Z9	X10	Y10	Z10	X11	Y11	Z11	X12	Y12	Z12	X13	Y13	Z13	X14	Y14	Z14	X15	Y15	Z15	X16	Y16	Z16	X17	Y17	Z17	X18	Y18	Z18	X19	Y19	Z19	X20	Y20	Z20	X21	Y21	Z21	X22	Y22	Z22
0	0.0	681.9377947914974	818.0689323376054	0.0	771.5674195673566	822.5483792200979	0.0	780.5301313358694	1243.8082807457708	0.0	713.3079921921521	1606.8081116367482	0.0	825.3449363694757	1629.217514366836	0.0	834.308180176022	1656.105861393098	0.0	686.4188151294297	1656.1040301169157	0.0	601.2711519630686	822.5512844058148	0.0	605.7531891540033	1127.2888632994127	0.0	596.7899254193154	1467.8774168874238	0.0	587.8271393307622	1512.7126771711953	0.0	551.9748015904319	1508.2000602504443	0.0	596.7898301229119	1521.661745522813	0.0	686.4189612529547	351.9981368367182	0.0	672.9746295584325	195.143867319782	0.0	681.9378026984413	289.2553329861636	0.0	843.2702658297569	387.84805166638563	0.0	914.9742704314677	652.2542817635522	0.0	910.4927602893872	818.0688396243098	0.0	534.0493709736339	392.32949424257674	0.0	457.8647501822041	661.2170409230937	0.0	475.7905017809162	652.2540326080632	0.0
1	0.03342911877394636	680.9834542944557	815.5214591533444	0.0	770.4607835733161	822.9913224010168	0.0	780.4854170536862	1242.8210836309495	0.0	713.0395114148573	1605.0019897911307	0.0	826.1981259017123	1629.392379748884	0.0	833.6754453590784	1655.2720987287962	0.0	685.9841439424633	1656.1033559675716	0.0	598.7807766755218	822.6185968911224	0.0	604.2572800210999	1129.1964811458574	0.0	598.3833089507434	1481.7134431894724	0.0	585.4877597211627	1521.1692116273755	0.0	552.1942873342355	1520.1605516363134	0.0	596.234803100308	1378.1048844149682	0.0	683.7181658370519	352.4365369944577	0.0	670.1776590999879	196.7207471647455	0.0	678.9298144410575	288.9720379736459	0.0	842.9917189063965	390.3652793164932	0.0	912.1604156306845	652.9974251821233	0.0	911.53836217803	818.3595019536326	0.0	532.9526511213047	393.64244186624234	0.0	456.7260097006662	661.8246997394182	0.0	472.3923364264962	653.7067628732894	0.0
2	0.06685823754789272	678.230543534022	812.5251751198879	0.0	767.4285329673539	823.7790200338745	0.0	780.6513270951382	1237.7528119553479	0.0	714.7248853442268	1597.2020853780834	0.0	829.256273933267	1629.133193307827	0.0	833.9665310854543	1653.0198179621777	0.0	686.9102037792642	1649.1764710330906	0.0	594.5192485182248	822.5281002846032	0.0	601.2648578785557	1129.6342772690869	0.0	599.6056642010126	1494.8409914315844	0.0	582.9574233219428	1523.4414854325494	0.0	552.5505984485866	1527.6024756878255	0.0	595.5063249549928	1201.0702942039077	0.0	678.7041795660418	352.49056814805493	0.0	665.0537887438005	198.5749382035578	0.0	672.7456839728154	288.4562456131605	0.0	838.417403063571	392.6568193317792	0.0	907.8897394468281	652.3777114892181	0.0	912.1467913358491	818.2826446700735	0.0	528.6794102867375	397.64758187095754	0.0	452.06607082041245	662.0975542513813	0.0	465.4922687164372	653.6446950968709	0.0
3	0.10028735632183908	673.0344400747948	809.3085453226012	0.0	761.8494104003087	823.8071440867614	0.0	780.8746701954633	1226.1579255658057	0.0	719.1143659485539	1580.8766912952792	0.0	835.2704120846685	1628.2739576433285	0.0	836.1857189467257	1648.4037401355247	0.0	690.183306668285	1631.7114965812239	0.0	588.8651210033872	821.8801372217638	0.0	597.3368511928787	1129.4685025175368	0.0	599.9735176658828	1499.9037526880113	0.0	580.9378195040264	1517.8039704420482	0.0	553.0729417698929	1527.0825313542766	0.0	593.8634219657415	1039.3215051340055	0.0	671.354905591012	352.8198144923815	0.0	658.0165247012142	199.90096826161277	0.0	664.139116952171	287.83054972836703	0.0	829.2757011507846	393.60321892379164	0.0	902.298424929077	649.6824516965273	0.0	912.0953316811781	817.5789282544208	0.0	521.1629527478143	403.27183142010097	0.0	443.76329046991196	661.9361178243686	0.0	454.93965743757485	648.8981821509475	0.0
4	0.13371647509578544	666.6242351487864	805.6063231196923	0.0	754.9553252571876	821.1974813408731	0.0	780.9328116553387	1208.4497195458164	0.0	725.2499142263549	1556.6133110116302	0.0	842.9750957227556	1626.5360921480928	0.0	840.2850256072775	1640.9687977090925	0.0	695.2738049539157	1605.6888819254793	0.0	583.7837898308142	819.643973045709	0.0	593.7486073701918	1130.8960049258458	0.0	599.7903042921866	1471.7981941372284	0.0	581.69603134461	1510.4375531599028	0.0	553.8596173383316	1523.0104509791188	0.0	591.7384961284847	945.7101129297369	0.0	662.6989646677539	354.0216626165849	0.0	650.6168120668548	200.95395297725867	0.0	655.3727442508834	288.04122430878135	0.0	818.6803746672157	393.0893058610492	0.0	896.5462093353287	646.0130955708388	0.0	911.8067783204966	816.5863232978651	0.0	512.813629740614	407.39538894489766	0.0	434.0983120390966	662.3636565162445	0.0	443.8585691716032	638.8578655858395	0.0
5	0.1671455938697318	661.297942114201	801.4769218316463	0.0	748.9176497986932	816.7017567310374	0.0	780.7414296533715	1188.4838843773061	0.0	731.3246436351455	1528.4704857741722	0.0	847.7648604185541	1623.2250049924949	0.0	844.2336987520139	1631.3933266300537	0.0	700.7686647935162	1578.4104519145267	0.0	580.909364076649	816.5082621603639	0.0	590.9248445410567	1132.6160278568677	0.0	599.6580543924907	1380.4294818258834	0.0	587.4880924339618	1505.0124757746064	0.0	554.9200040474798	1521.9701998669582	0.0	591.1956012490583	922.3388112752222	0.0	654.1074389971187	355.5258653716127	0.0	643.5572616742517	203.17406690786157	0.0	646.6935682159802	290.3335407674013	0.0	808.8328645184193	392.5509331454119	0.0	891.4571398463452	643.0277596552809	0.0	911.3603902766337	815.9790902578244	0.0	505.3239605024642	409.16850149448896	0.0	425.35186951529755	663.5801544240571	0.0	435.7972232278895	630.466559899804	0.0
6	0.20057471264367815	658.2077182816763	798.7691491081277	0.0	745.1185640234943	814.2175854371964	0.0	779.6556601850078	1171.3309497678986	0.0	735.8972069455407	1503.2153901602715	0.0	841.1021812725367	1617.0230222020793	0.0	843.7592388016523	1620.4869611902614	0.0	706.4647689718164	1557.5752792964101	0.0	580.1600771761266	816.1378940423591	0.0	588.9513614110195	1131.4885638699882	0.0	599.1626211195467	1250.5100381275126	0.0	595.9926025450484	1498.1863827217094	0.0	555.4510978685414	1525.352068586036	0.0	593.1651207255155	939.1472213756341	0.0	646.870579793002	356.80788712234704	0.0	636.7946874229415	206.41714363157826	0.0	637.1840373762444	295.2640891328963	0.0	799.9710213267621	393.082562777662	0.0	886.869994777354	640.5065211202065	0.0	910.159023989805	815.8314577387649	0.0	498.5827127581763	410.55284003123427	0.0	419.01395589175854	663.3779811404104	0.0	430.78102025542734	632.73780709284	0.0
7	0.2340038314176245	656.8194638157123	798.6645071077802	0.0	743.923707652107	815.7430742526993	0.0	776.600889445455	1160.16768812609	0.0	738.8377855914622	1483.8800573849267	0.0	816.9463042318395	1605.413617399508	0.0	834.1891933915055	1606.0973647853234	0.0	713.4452542826394	1543.835085735581	0.0	580.356335547025	819.6067907490435	0.0	587.9476228830424	1127.7276482572593	0.0	597.5928620682181	1151.2618536953066	0.0	602.0492576303448	1490.0415319200172	0.0	554.9066264794943	1531.9962165159407	0.0	596.2112580987301	956.3170044950328	0.0	640.504962440655	357.29320052807043	0.0	630.1685805362762	210.20670381236098	0.0	627.6159789018548	302.0682468193094	0.0	792.2827588367084	394.20249806487993	0.0	882.6060174913486	637.3380811918005	0.0	908.2925414718093	815.3030339823338	0.0	492.0160861397546	413.56740790504716	0.0	415.1865570637481	661.6067121598535	0.0	426.4227562974039	648.2116619437281	0.0
8	0.2674329501915709	656.2461216385022	798.358648747141	0.0	744.7824244211444	819.076611636589	0.0	771.3822761730979	1154.9691219550814	0.0	741.0052382263689	1468.0021445011214	0.0	781.459362632749	1585.7386879981837	0.0	815.5617869670208	1584.961618277752	0.0	721.8515903680429	1530.9195826125515	0.0	580.643149951458	822.0514584588389	0.0	587.5815046437389	1123.2209475659745	0.0	595.9174570999915	1106.6557922503073	0.0	605.6855814439676	1469.2156756386269	0.0	555.7511557840702	1532.8308827018514	0.0	598.6233831159155	955.4546646563361	0.0	634.0309417766663	355.69879921747815	0.0	624.0829294625188	216.2847919453065	0.0	621.1569860238486	308.0558590910743	0.0	786.355486608361	394.8195074570106	0.0	879.1899386428605	634.1904638966168	0.0	906.4135081119551	813.4705219330465	0.0	485.7906808279294	418.07346749330867	0.0	412.89762108541487	661.9196962486262	0.0	422.441920753813	670.4609338685	0.0
9	0.30086206896551726	655.8433174065411	794.4059001347928	0.0	745.7204648515257	820.7612476279797	0.0	764.7600120515572	1151.7555512466442	0.0	742.3078129864391	1455.206985845005	0.0	749.6674948447	1559.6399670708695	0.0	794.7282679221902	1560.0550479346882	0.0	729.20008386639	1516.0931981618469	0.0	580.5185515387823	819.2307477199249	0.0	587.0304684633267	1118.4401665095793	0.0	595.716357366965	1096.3675165712004	0.0	610.8263457295672	1407.443608133848	0.0	560.5117224256487	1501.6729798381052	0.0	600.0101491042785	949.4883209738028	0.0	628.1911745978933	352.93054248871823	0.0	619.3578885972493	225.27135774507298	0.0	619.6692741835078	311.6322727608805	0.0	782.2800748719884	395.34492104657284	0.0	876.6959860821809	632.5800370331965	0.0	904.9303989206261	810.7942026485794	0.0	481.02219290688066	422.38834001521855	0.0	411.4199739143283	664.5569627452727	0.0	419.84514396385737	688.2456094932634	0.0
10	0.3342911877394636	654.9992492735453	788.3848596266175	0.0	745.066696777969	817.928415260683	0.0	757.3853751431045	1145.979272406704	0.0	741.2528624031039	1449.0421584078338	0.0	730.2737036399428	1536.1580132824395	0.0	778.9959553503753	1540.8123346412492	0.0	731.9223854323167	1504.7885399064426	0.0	579.5874046403484	813.2998871470238	0.0	585.9539705385595	1112.7756791825634	0.0	596.5356079658509	1104.9389647018718	0.0	617.5319561605572	1315.5773750748374	0.0	566.3297838258201	1418.3597251502679	0.0	600.55964226646	958.2399756276324	0.0	623.8174511588819	353.52641490525866	0.0	616.0644742251577	233.57980142131433	0.0	620.6938735954136	315.81061327778554	0.0	778.9495578743313	397.22775619829855	0.0	874.4609869781605	632.0466867316269	0.0	904.2118398512521	808.8147705087517	0.0	478.46616982694036	425.64856193932417	0.0	410.56219452884545	665.1549933007425	0.0	418.31087344425777	696.0988564897378	0.0
11	0.3677203065134099	653.3971450319356	784.4592302492186	0.0	743.4030192622541	810.8161151822982	0.0	749.422226698672	1138.3400707464407	0.0	736.7694822194043	1449.0662645713876	0.0	719.7983086262291	1523.699818083261	0.0	768.7285873813689	1531.7305575214532	0.0	728.9816502594124	1500.9112042772485	0.0	578.1519104775917	808.9938719228187	0.0	585.0128281644153	1106.792014623311	0.0	597.014110087649	1114.361170841154	0.0	622.9819401355443	1249.663362124653	0.0	568.7331480921347	1312.9901776473919	0.0	600.7316140733369	981.1269619703344	0.0	620.7750992823896	359.80353320033083	0.0	613.5182083243739	238.02435696341246	0.0	620.7998078515006	323.45765007744046	0.0	775.3325154193534	400.12156220317394	0.0	872.1935938956	630.8144055549192	0.0	904.0268352682085	808.1158360138974	0.0	477.3898261998102	428.273075499202	0.0	410.1120804433689	663.3114467867615	0.0	417.06105280867763	697.0506764179046	0.0
12	0.4011494252873563	651.7967686870367	783.5362085049342	0.0	742.0651657825408	804.5467930927099	0.0	741.3136092938258	1132.4302727153208	0.0	729.5181535541257	1448.9672750823127	0.0	710.3295343976313	1518.2023509745716	0.0	759.3793052180238	1526.5384906246543	0.0	722.8740229947134	1499.8779904972093	0.0	577.13910440254	807.625915537915	0.0	584.7851079351	1102.9219853826778	0.0	597.0498317799913	1113.1292184173378	0.0	626.4342891697411	1230.968778222815	0.0	568.0951752574124	1243.5995807699371	0.0	601.6108771714778	1001.3837809245211	0.0	619.2387331712819	367.2574329833318	0.0	611.5375605978991	240.5536976227713	0.0	619.3842114526149	330.99236794611386	0.0	772.0501180171387	402.2513431169048	0.0	869.6284713032092	628.2199174068759	0.0	903.544101332723	808.2112202933098	0.0	476.70591987564484	430.92364886665547	0.0	409.7673884059077	662.9648422775687	0.0	416.2822256136275	695.4221761319138	0.0
13	0.4345785440613027	651.2774523977687	783.5623224563897	0.0	741.0335336824535	802.7681072662892	0.0	734.2870296993236	1128.891628990876	0.0	721.1596874915206	1444.5595377422937	0.0	697.8082898726581	1509.114323804483	0.0	748.9813219416345	1517.8656107047377	0.0	716.1856487404257	1495.4461210287811	0.0	576.9206646748685	807.3851924490559	0.0	584.9261100162438	1102.2396503177122	0.0	597.2333800467742	1115.6383827887983	0.0	628.6249283464572	1232.3190378169515	0.0	568.1418865530502	1223.9708955656984	0.0	603.5355138881955	1019.0605104926018	0.0	619.087256026697	371.2489531228418	0.0	610.830381472587	244.25335745237265	0.0	618.2496446241983	333.1878679875826	0.0	770.1317921377283	403.2592820146677	0.0	866.6219165833123	625.0662074086728	0.0	902.7585482094742	808.7167167512052	0.0	476.21039881358956	433.7055133490749	0.0	409.6526674646271	665.2809305792254	0.0	416.6023122884746	694.3231251279676	0.0
14	0.468007662835249	651.572410639986	783.7266199555846	0.0	739.2999376790708	802.9240685268561	0.0	728.9438259349864	1126.9998025301636	0.0	712.6130369930133	1437.4265020735725	0.0	683.6797618404747	1494.6634620946265	0.0	739.1857764865716	1505.1684859966979	0.0	708.4708048864231	1487.4794776766419	0.0	576.9373938262538	806.9541199847049	0.0	584.5900174323734	1103.2647842495478	0.0	597.4698057559096	1131.492405079361	0.0	628.9434803669526	1236.3786845834068	0.0	570.1387184810974	1227.142309573928	0.0	605.2142207953285	1045.173297819056	0.0	619.5106741026941	373.29310572604174	0.0	611.8331479194952	248.26189416587073	0.0	618.9825136597669	332.33595349607066	0.0	769.4569994548166	404.2679210603277	0.0	864.7659955768897	623.4102821679354	0.0	902.4270850274431	809.41727435238	0.0	476.3415619660921	435.7298942367407	0.0	409.85833415107373	667.2091922760087	0.0	417.5092742301945	696.8757565359651	0.0
15	0.5014367816091954	651.8738189399317	785.1152561031346	0.0	736.7626893610039	802.4895901982035	0.0	724.1260066496293	1127.657088609801	0.0	703.6980585669991	1430.756255166778	0.0	671.1691460923136	1480.6894275530553	0.0	730.7536078545224	1491.1979155982667	0.0	698.1236077985461	1480.023227356675	0.0	576.5882459700505	806.4265087869923	0.0	583.448033738009	1103.8617459877846	0.0	596.9032366817509	1147.2085416185084	0.0	625.6647727361761	1244.1941326546398	0.0	571.0365431984961	1234.1889222766767	0.0	605.2751209030407	1070.6218569910038	0.0	620.642444691975	376.2479122800852	0.0	613.8302609917051	250.9122986943995	0.0	620.6922654297936	334.8139900552883	0.0	769.5561774558444	406.20747656792577	0.0	865.9654347888846	624.8343544956759	0.0	902.8372567323823	810.3336213870302	0.0	477.8127176720308	435.85027953672903	0.0	410.24425569767504	665.1060564253735	0.0	418.05228745256375	704.0241539903171	0.0
16	0.5348659003831417	652.290190908683	787.4037348913732	0.0	735.0062002959737	803.1131712887046	0.0	718.952873716776	1130.690838202761	0.0	694.5916364051998	1425.8809620479958	0.0	662.6081759744377	1468.7843679023142	0.0	723.2566815675341	1477.4926286231514	0.0	686.5734591129808	1474.937381623449	0.0	575.8568646337825	805.8158669005602	0.0	582.36294440193	1101.1993855576743	0.0	595.541319997341	1152.403652261759	0.0	619.7070098665025	1247.0003710994586	0.0	568.9218559093001	1236.6674635516836	0.0	603.9164754370948	1086.9098151326207	0.0	623.1127863301053	379.90543522811896	0.0	616.0612571363134	253.63088665644537	0.0	622.2777956743013	341.0560321424594	0.0	770.5467343395329	409.30437347111797	0.0	869.3036262989151	627.1641132083062	0.0	903.5313612058177	811.5608757427218	0.0	481.0317821959737	434.1344733535239	0.0	411.3485948439102	659.7754580905915	0.0	418.8904330545316	712.6092116245004	0.0
17	0.5682950191570881	653.0739680092713	788.4584451543569	0.0	735.1667993336089	805.4490793483411	0.0	714.6048242978122	1133.1705137382335	0.0	687.1997734484866	1421.7706202563077	0.0	659.5286179898278	1455.3458965611085	0.0	718.2634172065792	1464.7474749436421	0.0	678.7271341907314	1470.2257565553227	0.0	574.8983051621334	804.7890851139715	0.0	582.2351249090552	1093.7557318308416	0.0	594.7885663836437	1150.4209772359377	0.0	615.5966746210734	1231.940357552759	0.0	566.3894260070821	1227.1084947534316	0.0	602.4719964066174	1105.760925607169	0.0	626.4835048383061	383.12458233182326	0.0	618.6853135797618	257.73371057797743	0.0	625.1061504294627	346.00375213439287	0.0	772.6996597165955	413.18029954128355	0.0	871.9227741596641	626.7147705347185	0.0	903.915146879226	812.4007791575577	0.0	485.2847630791749	432.20876984641325	0.0	413.32787765342016	656.3151900740908	0.0	420.7732082675939	718.3233480645767	0.0
18	0.6017241379310345	653.9102420645577	787.8164743530235	0.0	736.1562713529448	806.8530587704548	0.0	712.1858791713186	1134.1378225392534	0.0	683.6132859021232	1417.5204677548872	0.0	660.9591073793255	1441.4161812092805	0.0	717.3486124155004	1455.1924439474446	0.0	677.2471424525229	1465.0139116222203	0.0	573.7186160189474	803.6110579807884	0.0	582.5496574843747	1085.4378306792448	0.0	595.2727850476462	1145.8720616746118	0.0	615.6194196762356	1213.117640063712	0.0	565.0605009881364	1211.4613750978	0.0	601.928366593307	1130.8418834232198	0.0	630.0267551762573	385.4360178757774	0.0	621.9744572382677	261.61945830751233	0.0	630.0875444713898	347.25283474805246	0.0	775.9906542544251	417.19349533238636	0.0	872.7179958988576	623.4898947725362	0.0	904.3126404584341	812.4122712784044	0.0	489.46052185352477	431.49793497875424	0.0	415.10347024505097	656.3103931795989	0.0	422.35101354921284	716.9091368344556	0.0
19	0.6351532567049808	654.5978011986635	787.034331672015	0.0	736.6191153130628	805.8467886072456	0.0	711.055735429045	1136.1995324415484	0.0	683.1691958243125	1414.5506114334737	0.0	663.2475642200752	1433.771407269293	0.0	717.9518028888	1451.1148947844201	0.0	678.720424466739	1461.7669265805878	0.0	573.133697408126	802.5702626756032	0.0	582.4594922070085	1080.7223971425228	0.0	595.9037394364533	1142.4729115833868	0.0	617.0098449558113	1225.3066152945323	0.0	563.5797085157511	1210.4098541575913	0.0	602.6427047534838	1148.8732777165615	0.0	633.6637811570843	386.64331751952085	0.0	625.9292645712478	264.1577863974109	0.0	636.0956627312074	348.3295169649381	0.0	780.0298903219103	420.85615549541984	0.0	873.0078718223043	620.1684530204967	0.0	905.6540127072527	812.6369466917859	0.0	493.6015468548463	431.6221186695347	0.0	416.66131708868784	656.6305771890993	0.0	423.7011969091582	704.8538895093404	0.0
20	0.6685823754789272	655.2188401574906	786.336062254818	0.0	736.8604405056594	803.8110501441217	0.0	710.4551655074193	1138.95652282855	0.0	683.668381750218	1413.4400927947388	0.0	664.2921157240291	1433.8520476937024	0.0	717.1226869302969	1451.0811910741477	0.0	679.2032553555943	1460.9393143191726	0.0	574.5481980265374	801.1423674152777	0.0	582.2752424929164	1078.1454758260652	0.0	595.9651886786743	1142.57981660756	0.0	617.3963290753616	1260.975281846508	0.0	563.1806412625925	1226.453798844666	0.0	604.3187719745212	1151.635247425816	0.0	637.4812766269799	387.17779943445333	0.0	630.5434280531418	266.3999191713787	0.0	641.826288773043	351.0310914133338	0.0	784.0806683370661	423.56887727091066	0.0	873.6811873962325	617.9492866640518	0.0	907.4720444312024	813.1295475125246	0.0	498.2825580039423	431.4611813626692	0.0	419.9404597625039	656.2325413627567	0.0	428.46437541629757	686.7108011360269	0.0
21	0.7020114942528736	655.7635975009631	784.4771306811705	0.0	737.6674963422857	802.3507928276671	0.0	710.3222616822625	1138.8142331562194	0.0	684.3034032646665	1412.328361168694	0.0	664.8681296986362	1435.300210044677	0.0	716.3032940487844	1451.676933547689	0.0	679.2302220981394	1459.6338214874029	0.0	577.4641625861092	799.1615946772268	0.0	582.7196843613466	1075.3764493077383	0.0	596.6294830915888	1142.475399803307	0.0	617.2280592654156	1262.8985413669718	0.0	566.4095363554818	1230.3027867156063	0.0	605.8785294789677	1143.1824433708612	0.0	641.3036531725387	387.8266058926008	0.0	635.2838160542998	268.72816628236785	0.0	645.9327785372838	350.6618936785981	0.0	787.2289484129293	424.7494633004228	0.0	874.2685837615816	615.7670288863238	0.0	908.4927221168523	812.1682847814465	0.0	502.98413674797786	430.8601136457872	0.0	426.0972248176408	655.626427016054	0.0	436.66812250406196	674.3112213389506	0.0
22	0.7354406130268198	656.3892489934502	782.0241607541385	0.0	738.8373345196632	801.9029331994062	0.0	710.4651718844951	1136.3999959915857	0.0	684.9115260089445	1411.0379603049744	0.0	665.05030633798	1435.0750625559929	0.0	716.2764160496889	1452.0542918575018	0.0	680.069379160644	1457.5547283443238	0.0	579.7181564690312	797.8032760296182	0.0	584.0154459433807	1073.3687967561236	0.0	599.1990669675379	1138.6231622473404	0.0	615.079410194869	1212.1358355717628	0.0	571.0228839180056	1205.1592599724124	0.0	606.5760037027316	1132.2303376536593	0.0	644.7816067555682	388.510444174337	0.0	639.1483369806369	270.3963296510273	0.0	647.7396952743463	346.0207562018119	0.0	788.728285431293	424.67382113790705	0.0	874.8736791314545	612.5443728861126	0.0	909.1830402636143	809.7192960496997	0.0	506.8408349721114	430.21928181438756	0.0	433.69143861310164	653.1988241448297	0.0	442.18719628120164	672.3922310935147	0.0
23	0.7688697318007662	657.646673149001	781.5519428911009	0.0	739.8261154356577	802.3626162907357	0.0	710.6766966061024	1134.8963748885292	0.0	684.7246729396247	1411.5704121438084	0.0	662.7377069462275	1437.4132035338737	0.0	713.774597699764	1453.7720453711124	0.0	680.5005963624037	1457.2646123547063	0.0	580.8512873270976	798.0407781206925	0.0	585.6786800480974	1072.5338339395503	0.0	602.2841945123886	1133.0503351349603	0.0	608.6480291751243	1151.2171108792909	0.0	572.6703640253044	1169.500520298548	0.0	606.2316663448308	1122.8834464468066	0.0	647.4900874612176	388.89727221764633	0.0	641.7112687131826	271.29748397857816	0.0	648.3186524199295	342.83931915496095	0.0	788.8687323450669	424.22006192815286	0.0	876.1869347857047	608.6817791142477	0.0	910.6250377308485	807.6538340686684	0.0	509.89375196324517	429.46457157415557	0.0	440.3338704057851	648.3130492499013	0.0	442.7950384938783	674.089869461311	0.0
24	0.8022988505747126	659.8017170152859	783.9663269680217	0.0	740.8931511292338	803.5701891158628	0.0	711.3235349780696	1134.180915818338	0.0	683.5986700957811	1413.782313359488	0.0	657.6519615599104	1443.9439001457815	0.0	709.0736322484254	1457.2406931632922	0.0	679.7699292918834	1458.778775651015	0.0	582.5135201435595	798.8867137270679	0.0	586.2039809299812	1071.0259330163206	0.0	602.5108994513322	1123.999545163708	0.0	601.7017501528418	1117.4892301580069	0.0	570.3550868411143	1146.394632471884	0.0	604.2929663919759	1106.2748588725156	0.0	648.9808103105937	389.1382111530055	0.0	643.381078706206	271.9873813075638	0.0	649.0482706190907	343.2276772484136	0.0	789.0656017683633	423.8781950683036	0.0	877.6354471546067	605.1208816417164	0.0	912.1002123846098	806.4761827785655	0.0	512.3798958582765	428.5253432519514	0.0	444.94246307507444	643.8112628096637	0.0	444.6030199997082	671.7244337706418	0.0
25	0.835727969348659	662.3979416505063	787.0078237068134	0.0	742.3302112225364	805.2214029493705	0.0	712.6364437037219	1133.121470376433	0.0	682.5056536179192	1414.976702301106	0.0	653.4972843258278	1449.8776608461637	0.0	707.6631676718671	1460.9772512477796	0.0	679.1546237244901	1459.893069128822	0.0	585.6316656318653	799.2578478229042	0.0	584.299503142748	1068.227459774541	0.0	598.8754968048477	1103.0779123796128	0.0	598.3496232246902	1134.5939932635247	0.0	565.457666239629	1160.590211967809	0.0	601.0460043734547	1072.8936278843655	0.0	649.5460012006912	389.11502402590895	0.0	644.8591407923753	272.8943935013003	0.0	650.3429989648608	344.20470802333557	0.0	790.2065273676218	423.6536393629838	0.0	878.384237770779	602.4648258233387	0.0	912.6753354435324	805.1315302826604	0.0	514.3972596406356	427.74878664214833	0.0	448.2059555339209	642.4969673272609	0.0	451.9467682896066	665.0962500908677	0.0
26	0.8691570881226054	665.0299818621373	788.5923596739697	0.0	743.5099788031433	806.7911018933709	0.0	713.8233462878394	1132.3653450608595	0.0	682.1143059867238	1413.8873047663694	0.0	652.6439273650792	1452.2290608025007	0.0	710.728630134323	1463.4910660539342	0.0	679.0741043580393	1459.7059842968613	0.0	589.2368460728462	800.4803112733856	0.0	580.595297471996	1067.6851427799982	0.0	594.4610691522946	1076.5807529385936	0.0	594.2221273344678	1231.0670738333363	0.0	559.1144028192386	1243.4364249216553	0.0	599.0918733624115	1057.9089459799977	0.0	650.4479948415067	388.77204596283417	0.0	646.2756525877558	274.1126826157756	0.0	651.7468005794641	345.4106734317263	0.0	791.8477390305445	423.67810441997125	0.0	879.7414600137508	601.0490807467091	0.0	913.097536007581	803.2847495492409	0.0	516.8460673211807	427.350127552778	0.0	451.1256777690651	643.675160026314	0.0	459.912262280564	659.4112626200341	0.0
27	0.9025862068965517	667.5438787655992	789.4117107704715	0.0	743.7506190109334	807.7641912466125	0.0	714.149956530931	1132.332762334907	0.0	682.1142781378278	1412.1460845925658	0.0	653.2294132723279	1452.7160051387923	0.0	713.94006326438	1463.7765664403364	0.0	678.1791035173237	1458.5574304547042	0.0	592.0964751195033	803.6442672809288	0.0	576.9332939403724	1071.030505472979	0.0	592.019148271505	1086.2801622651411	0.0	585.7767941580115	1378.7933044569522	0.0	552.3615419280966	1373.0480149592368	0.0	600.0551221629665	1133.7045813407517	0.0	652.1506368390246	388.32572315652925	0.0	646.9947279473948	275.74176430774133	0.0	652.5317995972586	349.1287644953181	0.0	793.3794068953481	424.3344982153941	0.0	883.4590664912631	601.0024459372758	0.0	913.6564750368769	801.5987884057906	0.0	520.5099069298458	427.1945879882275	0.0	453.6385388880018	645.129612868344	0.0	462.5601955795388	658.3575218592263	0.0
28	0.936015325670498	669.3326559639988	790.7598519477283	0.0	743.1387402029045	808.5599949705385	0.0	714.1874823795328	1132.3984711083733	0.0	682.0695723345508	1411.2015023536994	0.0	653.5291648145921	1453.000141064721	0.0	715.3591391749719	1461.7847959715639	0.0	676.7048191119443	1456.8780716998153	0.0	594.1826611114764	806.8406314086311	0.0	574.6596121232072	1071.1044342141824	0.0	590.4464932458383	1172.2010973283361	0.0	577.9623319652843	1483.4908932726332	0.0	547.3825638042277	1467.4190122270822	0.0	601.049797050615	1292.1830753394163	0.0	653.679317551749	387.2231052753812	0.0	647.1239939835658	278.0950371903941	0.0	653.0303665787396	354.7702025176897	0.0	794.6547466689547	425.55882840415444	0.0	887.8982115904932	602.0282239269501	0.0	912.5322252698967	800.6530650516497	0.0	523.9252030819501	426.99753798416634	0.0	455.6788329671089	646.1381503974145	0.0	461.9266552667416	661.2807326018965	0.0
29	0.9694444444444444	669.8886850135194	792.215956774879	0.0	742.2716663331196	810.2898466790244	0.0	714.5934533928734	1132.1965358758491	0.0	682.2928873412782	1410.7522992570669	0.0	653.8923321789814	1453.1056968858911	0.0	716.6941085270615	1459.6909257953241	0.0	677.081454903569	1455.8317523119197	0.0	595.5854733700211	808.2087040883162	0.0	573.8178385843479	1061.9413863634038	0.0	588.2156117729704	1296.3072922937827	0.0	574.757355313282	1503.2336238347195	0.0	545.8425631054973	1492.6167536077521	0.0	599.299391632621	1417.7104117010547	0.0	654.4178072360892	385.2649993245137	0.0	647.6796080078678	281.04488770549455	0.0	654.2875110113489	358.5564513617838	0.0	795.657644857718	426.5940660843006	0.0	889.4655447594115	603.3849302725424	0.0	908.743712387571	800.3697764733365	0.0	525.1584183735623	426.6108600897288	0.0	457.8287269916291	646.8522180591735	0.0	462.7433434838527	665.0733526712897	0.0
30	1.0028735632183907	669.5624548568076	792.8006121917697	0.0	741.6311022037208	812.417059629199	0.0	714.9047043521192	1131.837272360394	0.0	683.2969180754139	1410.889866639355	0.0	654.5720515579162	1452.7818080272682	0.0	718.3879718470331	1460.3746862726787	0.0	679.3226146993211	1457.1492055401034	0.0	595.2621483516093	808.1566183290272	0.0	573.6077371424561	1049.9374781057822	0.0	586.4298198932034	1353.405841195749	0.0	573.5930327968888	1486.9266150753815	0.0	546.2179050058492	1485.56241911309	0.0	596.9974967786095	1420.2239201322172	0.0	654.8622844519506	384.9439053883655	0.0	648.5067390423637	283.50021991598595	0.0	655.8370988072751	358.7653760059648	0.0	796.5232835051936	426.83143671697115	0.0	888.0481108832248	604.9949106639523	0.0	904.3127424391147	799.6764215172414	0.0	525.2290739896905	426.238906707562	0.0	460.1031526196066	646.6987964892134	0.0	465.10199375193	666.6464533445587	0.0
31	1.036302681992337	668.8381368376926	792.5821835975595	0.0	741.3096833137083	813.2242564428636	0.0	714.7453699213718	1131.4054292743049	0.0	684.5079494042899	1411.981210671242	0.0	654.9592278566065	1451.706575419206	0.0	718.5847889608931	1463.5955713565477	0.0	680.5431792006442	1459.9530224433956	0.0	593.1000511903676	807.2694803213274	0.0	573.5077091036464	1042.8972227725483	0.0	585.9014935659097	1284.8102631444804	0.0	572.7904781629564	1475.4006475259455	0.0	546.3198018485102	1446.6607982696466	0.0	596.1398346612124	1301.6014352336638	0.0	655.4825126608871	388.50569775094044	0.0	648.6917090266867	284.5187881300497	0.0	656.4788458174502	357.6956852112651	0.0	796.9575910314046	426.3964762027075	0.0	886.5805855607412	606.6748102227733	0.0	900.9745229193517	797.6589600992461	0.0	526.3300612512161	426.16507111045007	0.0	461.92656333161915	644.0532014620009	0.0	466.91553137334097	664.8474608930858	0.0
32	1.0697318007662835	667.9198790281097	792.2699729804838	0.0	741.2349599658914	813.1560031317397	0.0	714.48255100889	1130.9328097809985	0.0	684.7962533762184	1412.9774621165818	0.0	654.514413098331	1449.825909181427	0.0	716.6749147222141	1466.0725971083311	0.0	679.940170358659	1460.524453048719	0.0	591.2440688607832	805.8409112589388	0.0	573.3693580491497	1037.63861858553	0.0	585.5116565197163	1148.200685711372	0.0	574.1886416010097	1437.8172157868826	0.0	546.1184940583752	1328.4165269427463	0.0	594.4340650701035	1137.6437985058267	0.0	656.040436994894	393.0375278653616	0.0	648.4710131889996	284.5235712121297	0.0	656.3889241986841	356.9471708869474	0.0	796.021698429024	425.8748880796304	0.0	885.9862040642537	606.7462356918957	0.0	897.4798255115636	795.2426487929326	0.0	528.2605212814659	426.2765440604242	0.0	463.22256272672917	638.3549715982857	0.0	468.10553334548365	661.1403152533122	0.0
33	1.1031609195402299	666.944299372165	792.1788055208019	0.0	741.0397292891183	813.7266244803074	0.0	714.3067935343987	1130.105506230305	0.0	684.3161832500816	1412.977596864114	0.0	653.5169455471429	1448.102303337071	0.0	714.2599151366568	1466.3588097192226	0.0	679.2193366912036	1457.6722379051623	0.0	590.8257249792032	804.6625853579482	0.0	573.0845096799286	1029.7661738617232	0.0	584.6942025874442	1049.4036719558867	0.0	576.692432562097	1328.059522473756	0.0	546.1165126476409	1158.0435493163782	0.0	590.5811143973084	1028.6863720441777	0.0	656.2338884727167	394.8158316331372	0.0	648.00880846821	284.6217739100548	0.0	656.0125613811575	355.62094720474096	0.0	794.0443329301432	426.3348646905677	0.0	885.6548294788666	605.8375006533958	0.0	892.7865522082345	794.0286146353247	0.0	529.5654759193873	426.2313677995802	0.0	464.40527606173856	632.6863584964731	0.0	469.51004202163745	658.3409690548802	0.0
34	1.1365900383141763	665.8979569136944	792.054579038486	0.0	740.3425713419899	813.938985642568	0.0	714.1872760834066	1128.4679963089286	0.0	684.0874545062647	1412.7929499474724	0.0	652.5708202307457	1447.1361604952153	0.0	712.5559152473379	1466.531524449112	0.0	679.1499669461265	1454.150961492503	0.0	590.670666325169	803.618573782853	0.0	572.8815925101811	1023.0491465284562	0.0	584.0357296153906	1026.2510983876948	0.0	577.2889205101629	1177.7590477795175	0.0	546.3793888106214	1040.7073786611465	0.0	587.0506352162231	1004.0231489927022	0.0	656.3186617970559	395.5137673188483	0.0	646.561513287945	285.4063228149789	0.0	655.0030945498675	354.31220882328057	0.0	792.7836311138607	429.0716404574215	0.0	886.2995152523735	608.3306762929568	0.0	889.0821492004578	794.0837304776982	0.0	530.0422366846461	425.93673304991916	0.0	465.52866332822003	630.5117724285409	0.0	470.88400569923186	657.0530984311499	0.0
35	1.1700191570881227	664.9519860260808	791.7631677438533	0.0	739.3402022725198	813.1103515397632	0.0	714.0481301534091	1126.9810818587016	0.0	684.2694432975638	1413.5365590668903	0.0	651.7945737821638	1446.3699128366839	0.0	711.5759130423792	1468.239714053396	0.0	679.4613684147863	1452.4087036452709	0.0	590.4751913590969	802.5168061210449	0.0	573.398906165641	1021.3915809163825	0.0	583.620575784229	1040.502421179506	0.0	577.4182108064416	1071.9447493499933	0.0	547.0282655823374	1014.4213495222008	0.0	585.7502357118082	1015.9387149203202	0.0	656.6562471915787	397.0474031304291	0.0	644.7556170402809	287.1246811418442	0.0	653.49198102533	354.9739477310966	0.0	792.6737066905973	433.6113373932043	0.0	887.8632675967053	615.5619422182792	0.0	888.4160957609365	794.1885801304186	0.0	530.2742432034569	425.79303968935636	0.0	466.43266623235	630.8524202085383	0.0	471.57438806419486	655.9445681672373	0.0
36	1.203448275862069	664.4877914905314	791.9912657665841	0.0	738.2892060191823	814.0744117345276	0.0	713.6990081353205	1127.2224023623537	0.0	684.6512075334224	1414.6795120447305	0.0	651.4368204655759	1445.692666443434	0.0	711.0855546663641	1469.7256879762729	0.0	680.0552771733776	1452.5247720294265	0.0	591.0489383910401	803.2551099709984	0.0	575.4480067979351	1024.3831365482413	0.0	583.0909139249712	1052.6089008908157	0.0	579.7011705287075	1042.704179402051	0.0	547.9471822396195	1028.5107940624216	0.0	585.6839860572259	1025.5779458766906	0.0	657.153465245288	397.306021016583	0.0	644.1897789972403	289.8585061983316	0.0	652.315239278205	357.06932320177185	0.0	792.75716311022	437.43665301595394	0.0	888.2081997023373	623.2226885093743	0.0	888.7672712449171	793.6008845383558	0.0	530.543624138572	426.87098618705255	0.0	466.69182589388356	631.3293715032248	0.0	471.6829311936874	656.1470669885477	0.0
37	1.2368773946360152	664.4790326495931	793.2214981589315	0.0	737.4558459611981	817.4550282413093	0.0	713.4750261347253	1128.6166465187082	0.0	685.3291432978543	1414.9997778917302	0.0	652.0700057997669	1445.2376419281732	0.0	710.9656268519232	1468.5785018111824	0.0	680.3802533160947	1453.2382146142797	0.0	592.1309288005133	806.2854820998189	0.0	579.0719306364357	1029.6693407792984	0.0	582.6029128226536	1056.0312923957574	0.0	582.5442593591538	1055.8279577405392	0.0	548.8871554025177	1045.7777727207485	0.0	585.3531095934404	1033.606323850343	0.0	657.5731330901531	396.77553403753484	0.0	643.9765426567224	292.66800336623743	0.0	651.5236771130236	358.62936817159084	0.0	792.8973417316577	439.55997025163674	0.0	886.7321001122186	628.2353569461583	0.0	887.3236540235273	792.7657440517821	0.0	530.8012672487035	429.79581906504586	0.0	465.5128845992592	632.7075118101914	0.0	471.70729419136717	658.9316607668521	0.0
38	1.2703065134099616	664.5863773595602	793.8981386036342	0.0	737.3040637935538	819.4014774464935	0.0	713.866566684084	1129.3562411239213	0.0	686.0031412094236	1415.1069290177954	0.0	653.338799584673	1444.8923959719014	0.0	711.6154067664734	1466.0799714091488	0.0	679.8667665161435	1453.7579905984442	0.0	592.9528258625415	808.280068237141	0.0	582.491873620419	1032.5887778284323	0.0	582.488803384278	1061.9537223440861	0.0	583.8164686297768	1074.9225353764602	0.0	549.8711772030277	1065.735628791208	0.0	584.8997663610398	1053.0742233124042	0.0	657.716669416934	399.87549505745096	0.0	641.6944955117272	294.651537793236	0.0	650.613424727205	360.2862255830437	0.0	793.1615012989724	441.4910091926125	0.0	885.664481033744	632.3426974114124	0.0	884.9903386337589	792.4121429128365	0.0	530.7163484051049	432.9864772512713	0.0	463.4009778881028	636.3010848490601	0.0	471.46388679203534	661.2957262553712	0.0
39	1.303735632183908	664.6519470271995	792.4982454408931	0.0	737.6507760305321	818.7419563173224	0.0	714.5184549059288	1128.3615461090208	0.0	686.290477017223	1415.6459811956202	0.0	654.4933149763864	1444.7063099519723	0.0	713.4543442473022	1465.0753488117484	0.0	679.2255474089802	1454.0989229479164	0.0	593.3714951483005	807.6258579954842	0.0	583.8854010603493	1030.4234969548822	0.0	582.6660503433279	1076.6022334473757	0.0	584.1270614325432	1089.356016213861	0.0	550.6346733657991	1086.5336604550605	0.0	584.8183004279725	1085.4761939267098	0.0	657.0656341849325	406.39788559592716	0.0	637.7811506926186	296.7624894050497	0.0	649.6216192350124	364.02204874746053	0.0	792.30708991428	443.7241498056316	0.0	885.6809837631371	636.9542186104321	0.0	883.2515715532928	793.1635270144483	0.0	530.2070234661982	434.2683341443107	0.0	462.0111077111119	640.5801518497731	0.0	469.9673267898638	660.9355192636048	0.0
40	1.3371647509578544	664.5952601004175	791.5899416434997	0.0	737.6376773330469	818.2498492189935	0.0	714.8632922455213	1125.3144797569125	0.0	686.3483842119007	1415.018617489263	0.0	654.9867138024142	1443.8463869398001	0.0	715.3977526275294	1465.5924034842328	0.0	679.5366609472565	1454.194856260345	0.0	593.5226704919497	807.1914978699555	0.0	583.734734326575	1025.9992762299821	0.0	582.7338679910334	1092.731925908654	0.0	584.0692537251842	1099.5051227481304	0.0	550.2282838753755	1100.6929654772562	0.0	584.384073166983	1117.1028323999217	0.0	655.2185729707163	411.06405989636147	0.0	634.8796142419291	299.8338975162491	0.0	648.055856529276	368.07248243505927	0.0	789.2553581110993	445.0988121527609	0.0	884.1638251918598	640.3907966739707	0.0	880.4065578814888	795.5435174477416	0.0	529.7157413780167	434.4764850873883	0.0	461.74885550091363	643.1462802551972	0.0	466.7766623220783	661.0965657454834	0.0
41	1.3705938697318008	664.0394419193851	794.5267506506219	0.0	736.5069275398203	819.422353542415	0.0	714.8887443176333	1121.7524486417208	0.0	686.4305764802964	1412.662559178688	0.0	653.8402953412653	1441.9773786283538	0.0	716.1268119686594	1466.1575724027646	0.0	680.5165979486109	1454.21146066838	0.0	593.3361101565963	809.1399519401363	0.0	583.4970615733574	1023.3217488768091	0.0	582.4657237044842	1099.898218347516	0.0	583.1018981425643	1104.022978151663	0.0	548.231272463083	1107.4613721037977	0.0	583.0826327170209	1133.8724949545551	0.0	652.6531509815842	412.0290382384825	0.0	633.2693709094142	302.70511431541735	0.0	645.1594961647639	369.1290847381564	0.0	784.9915581909676	445.69841656141426	0.0	880.0358932558565	642.4429125126946	0.0	875.1329783614423	798.386885019599	0.0	529.2218143338466	436.52880091776376	0.0	461.5809644971423	643.8332099548592	0.0	462.8447284050719	664.7396205609643	0.0
42	1.4040229885057471	662.5081665414168	799.3562478779005	0.0	734.3404048665758	821.4572315268273	0.0	714.8269423161416	1120.727882616707	0.0	686.5167966265664	1410.6326708048894	0.0	651.8483431176185	1441.5336266904426	0.0	716.3052387099435	1466.444528101128	0.0	680.3771504996721	1454.345045780855	0.0	592.4030814491566	811.5250069370975	0.0	583.6432467841145	1024.3933935500436	0.0	582.2004027600227	1096.8898512804192	0.0	580.7417491484276	1103.919789341909	0.0	546.2437372219558	1109.4917094972852	0.0	581.7639044408087	1135.5671446357865	0.0	649.9877643059883	411.9876748579454	0.0	630.9333929629003	304.5158697589199	0.0	641.795223013574	369.1327474232826	0.0	781.0853813147577	446.92254093740223	0.0	875.4357144425828	645.9623939645211	0.0	869.1843422466383	799.5256200292273	0.0	528.0081010722619	440.8986943337165	0.0	460.8437087042969	644.5569371982664	0.0	459.58032708110494	669.6176613711878	0.0
43	1.4374521072796935	660.0609158596196	802.3056782142397	0.0	732.2301028145566	823.5570196381143	0.0	714.8995122161857	1123.0585689817565	0.0	686.3271172390248	1410.3053541194433	0.0	651.7493663790844	1444.2498087298275	0.0	716.7907969560082	1466.7143804409511	0.0	678.1260645246894	1454.4787198808208	0.0	590.507579489281	812.6754913955932	0.0	584.0116935486002	1029.4660623006885	0.0	582.2820988171619	1090.9563097784132	0.0	578.0511772850726	1104.7751423888799	0.0	546.3547596463936	1108.1462047126727	0.0	581.6242451016492	1131.5071543935044	0.0	647.1804451635323	412.4804292712542	0.0	627.5839043759921	306.2145483597981	0.0	639.0863440323847	371.97159238235577	0.0	777.5091482259793	449.13258228297815	0.0	871.4616206449325	651.8219652920119	0.0	864.1488924356801	799.3643545095273	0.0	525.7353173983057	445.2288635522805	0.0	459.9419106798257	646.778008261228	0.0	457.9077035314966	672.2048799868714	0.0
44	1.4708812260536397	657.4810662536484	803.265294414012	0.0	730.858467992638	825.8371005438516	0.0	715.1411819683184	1126.0514922542477	0.0	685.5077112660903	1411.4386165989308	0.0	653.7069706961726	1447.5240508849047	0.0	717.0570592668196	1466.6913176191176	0.0	675.6010943499266	1455.0616330142707	0.0	588.8008185917771	814.7940126817441	0.0	584.3777432301326	1036.292560435815	0.0	582.7661233088423	1087.8650703665835	0.0	579.070918937762	1107.308674577717	0.0	548.5739530238399	1104.652389688521	0.0	583.4970478707577	1125.6309205701905	0.0	644.3121939941425	413.0026736441737	0.0	625.1544119701035	308.75870600476054	0.0	636.6567575770811	376.04110621525	0.0	773.8510867811251	451.6133721334115	0.0	867.0282071073206	657.1202824856522	0.0	859.6392758369391	799.7131958048186	0.0	522.9235497373149	448.29015126159726	0.0	459.0817857821636	649.7465644541662	0.0	457.95361765273543	671.692385182425	0.0
45	1.504310344827586	655.372304885285	803.6055181189674	0.0	729.5763188268684	827.8946368312446	0.0	715.1409578054174	1127.004727145822	0.0	684.1637596660071	1413.6203200793873	0.0	655.4271112706567	1448.2145985693303	0.0	716.9247839687938	1466.3906627082008	0.0	674.833230508671	1456.522305170937	0.0	588.60103770041	819.1449071762911	0.0	584.4915924917441	1041.4269681625362	0.0	583.993725025497	1086.1951521243393	0.0	586.1136378997296	1104.6730354645144	0.0	551.6113209116821	1099.3968817092968	0.0	587.2745381888375	1111.6343737209077	0.0	641.7959427641024	413.71188719740246	0.0	624.1048259791278	311.7334189661237	0.0	633.629415532046	378.348073940696	0.0	770.8385311116081	453.9637893332739	0.0	861.5223150532241	659.9954288198397	0.0	854.9070649850137	800.093273915357	0.0	520.3187305804666	450.90926955747483	0.0	457.37893883047747	652.1408164156813	0.0	459.02048742752487	669.7035463821069	0.0
46	1.5377394636015325	653.2916954679997	803.6121502019585	0.0	727.5541733398503	828.3239877416504	0.0	714.4280069222814	1125.6395190420417	0.0	683.0401576529899	1416.289093265798	0.0	656.1011147007649	1446.8577475553582	0.0	717.060718197633	1466.3351112351422	0.0	675.2038024470336	1458.0100067236965	0.0	588.5166222850249	822.8593219725684	0.0	584.4363107636644	1043.775832024779	0.0	585.6709537303958	1082.4862517658232	0.0	594.1992288617389	1098.3413523588429	0.0	553.9335994228195	1093.676834112419	0.0	591.2046259394624	1088.6493880252694	0.0	639.566796499199	415.4918390073701	0.0	622.2764885969067	314.3474816235135	0.0	629.732990782905	381.20454921007627	0.0	768.9365291597508	455.9568743652708	0.0	855.666829526465	662.1235095860352	0.0	849.8515395853249	799.5529077325388	0.0	518.1253344789573	453.6326031345839	0.0	454.3376810253267	654.4676499622905	0.0	459.9765850228789	668.4967152093615	0.0
47	1.5711685823754789	650.7816652749664	803.3446681098047	0.0	724.976368564886	826.4854536314315	0.0	713.1486633567899	1123.379022954343	0.0	682.6901433629953	1418.5939047056718	0.0	656.1345535900473	1445.275662911567	0.0	717.7641350438399	1466.2472030609465	0.0	675.4408872049416	1458.6317585398392	0.0	586.3410883226552	823.3891557319789	0.0	584.4635909606039	1044.3907299262255	0.0	586.3394541721304	1077.952755428109	0.0	597.7332262989061	1114.7593497329149	0.0	554.1434254579905	1092.2142581267296	0.0	593.0678153665244	1071.0795838332274	0.0	637.183239929929	418.3911545732331	0.0	618.548378470266	316.52233302491413	0.0	625.6503132586213	387.0823428851602	0.0	767.255759391094	457.0363123576911	0.0	850.0809105237939	664.8096112568107	0.0	845.0027238477078	799.0362192596393	0.0	515.9987032648854	456.6132541558267	0.0	451.2060281565307	657.7269341848397	0.0	459.8506581682881	669.7541155925845	0.0
48	1.6045977011494252	648.4420489221433	802.9490384433971	0.0	722.6695218354153	823.3822514167152	0.0	711.9554609389886	1121.9045381084848	0.0	682.824460312741	1419.5627391885191	0.0	655.3347575186323	1444.0965482612185	0.0	718.4754848279737	1465.8523027789497	0.0	675.5012475080607	1458.844812403085	0.0	583.0998360118964	821.1124084132637	0.0	584.0204782028609	1044.1233689259723	0.0	585.5988087417132	1074.5079436365825	0.0	598.5669716460545	1182.3940687860984	0.0	552.6630733893695	1095.661170034758	0.0	592.3200434884501	1067.5459695214247	0.0	634.4973133163712	421.2790465895465	0.0	614.4917475340447	318.36910703835446	0.0	622.4106309142236	392.6688933162909	0.0	764.6522346362221	457.13848767939993	0.0	844.5237976436208	666.5840024513873	0.0	840.9252254478461	799.3305953509697	0.0	513.7521138435969	460.1905085471826	0.0	449.4132439276562	661.258839648808	0.0	458.9125990311224	673.0608218656675	0.0
49	1.6380268199233716	646.9858959980576	802.5047243917583	0.0	721.1020407143228	820.6176926390054	0.0	710.9858552985069	1121.4899452516786	0.0	682.8646985432564	1419.2085451356081	0.0	653.6328250648173	1443.8019799899703	0.0	718.3397170371046	1465.7686097267228	0.0	675.8185331894953	1459.475272847421	0.0	581.298294596125	818.2298387741492	0.0	582.2435239719799	1043.8115597251387	0.0	584.7240578939512	1071.8463202210644	0.0	599.9470133743224	1278.8653110332552	0.0	550.8867414647011	1097.742779035761	0.0	590.166424193647	1068.6507616610481	0.0	631.8415655636433	423.30224507588593	0.0	611.3773574691854	319.99726019107726	0.0	619.9693965431394	394.61123325278925	0.0	760.8900163927262	457.32553248684286	0.0	838.6718364718531	666.5099287783092	0.0	837.2662881165182	799.9740243362608	0.0	511.6684736284486	463.51490773489235	0.0	448.8786337892952	663.8461438836958	0.0	458.58705429849624	675.6729753093508	0.0
50	1.671455938697318	646.0073409073511	802.3724234908482	0.0	719.8675489015617	818.9059674237338	0.0	709.3184889324298	1121.230190427318	0.0	682.613038181605	1419.1909907783925	0.0	651.9963782977185	1444.6956778689416	0.0	717.7193475137343	1466.0890697858927	0.0	676.5529043268134	1460.2999501735587	0.0	580.6046202120804	817.1709599350979	0.0	579.9088202496479	1044.66906902888	0.0	584.3956068475554	1073.3823565920559	0.0	600.1347821453701	1346.6698936814669	0.0	548.9929116301108	1096.9277290069697	0.0	587.7812110763546	1066.5609992939899	0.0	629.3395786120051	425.4930707091447	0.0	608.4720446655158	321.8399844313222	0.0	617.6242864558322	395.10323698028566	0.0	756.5640449216435	458.82852709290853	0.0	832.3276733701496	665.9853392169035	0.0	833.0580574632828	800.406280780449	0.0	509.5947086896928	465.3998840176189	0.0	449.01892644167987	665.6568195623202	0.0	458.9883540102472	676.9520210358197	0.0
51	1.7048850574712644	644.0627091586958	802.7498268931903	0.0	717.5306871905376	818.3301886221486	0.0	706.4957241639821	1120.842770256432	0.0	682.2632501677696	1419.8785738047497	0.0	651.6931461598016	1445.7394068434048	0.0	717.5943568205271	1466.2587550117812	0.0	677.3602090844049	1460.1289128349856	0.0	578.4606998879428	818.2802694008011	0.0	578.6403301992625	1046.4314251004105	0.0	583.7768300150085	1079.115438085069	0.0	597.7446904843317	1365.6626999475825	0.0	547.0301918977113	1095.0595257182954	0.0	585.7107577083577	1061.921726664701	0.0	626.2415086758537	429.005126344075	0.0	605.0945782153816	324.2262699233338	0.0	615.5874691260224	397.0815316190226	0.0	752.1396932048528	461.5987097121377	0.0	825.4102157256625	666.0152464604362	0.0	828.2523095455841	800.407358024816	0.0	506.94627827875206	467.01630154531387	0.0	449.4665893272674	667.9410852978208	0.0	458.2361860584888	679.5822757496674	0.0
52	1.7383141762452108	640.3883089423377	803.3407479045685	0.0	713.1426496506189	819.580744191259	0.0	703.724739568827	1120.3964862484754	0.0	682.1595400563392	1419.3010432277329	0.0	653.2048265199371	1445.2213806481152	0.0	717.2029236693751	1465.997310156995	0.0	677.7862240046062	1458.567460146998	0.0	574.1544416875098	819.9602253651198	0.0	577.9663656545084	1047.187690369395	0.0	582.0369720150343	1077.1603969909459	0.0	594.8411148289805	1355.486176414186	0.0	545.7822020834163	1089.6367467585956	0.0	584.0861612065653	1054.6196821409462	0.0	622.0036175405517	432.1516521147516	0.0	601.9619722832634	327.1418940769584	0.0	613.9886343564125	399.5782747438588	0.0	747.526783405469	464.2502509484836	0.0	818.6977746554755	665.9657263092711	0.0	824.2001363483901	800.0225558796812	0.0	504.16275275230055	470.16741766113137	0.0	448.99530776552496	670.7364325762652	0.0	455.4420110722774	683.4602438156503	0.0
53	1.771743295019157	636.1336989680409	803.9693985395609	0.0	708.2281201233884	822.5745122514538	0.0	701.8237878901232	1119.4565841206265	0.0	682.2543317600667	1416.8490124246157	0.0	656.3179062521715	1442.6352770897188	0.0	715.6409664081718	1464.8830331740191	0.0	677.6926902754176	1456.69289958792	0.0	569.6125566006693	821.0236113498913	0.0	576.1093857933831	1046.2866089164145	0.0	579.7033765664264	1063.8524821906478	0.0	592.7242155896851	1337.1335356128734	0.0	545.0667493498644	1083.5348318725112	0.0	582.439299961961	1047.3730695393695	0.0	617.4201667753367	433.24105891203953	0.0	599.3980935616017	330.13413424543114	0.0	611.0378637523652	400.6355284324077	0.0	742.6168116339062	465.9260983258918	0.0	813.3660327898233	665.1317057348556	0.0	822.0582564405229	799.1745098426852	0.0	501.96195756971264	474.09029948656075	0.0	446.2715651409033	671.9653758174868	0.0	451.496114373837	685.1721793012161	0.0
54	1.8051724137931033	632.685986941205	804.4645099791455	0.0	704.9108785967435	825.3042704920106	0.0	699.7622933006057	1117.812470297431	0.0	681.9004248461597	1414.592922075874	0.0	659.7056719270199	1440.4900844681888	0.0	714.359002747725	1463.3355828403342	0.0	676.9325587863565	1455.7240601438214	0.0	566.3731419951209	821.6742429771236	0.0	573.2985874778664	1044.921786426493	0.0	577.6186064101413	1053.8972056492685	0.0	590.967500017203	1328.6025102988588	0.0	543.3254244054903	1085.350268354365	0.0	580.579360126456	1046.39075685434	0.0	613.3024036687674	434.0391772561543	0.0	596.5110268589347	332.4224544010677	0.0	604.8914733212866	400.4112415746954	0.0	737.5546203166003	467.4435264560106	0.0	809.5522033592957	663.6228022682272	0.0	821.4451831071398	797.5921330899419	0.0	499.59784047155887	477.15019652335246	0.0	442.04560232627915	670.8988167793874	0.0	447.093661022262	684.6934055577358	0.0
55	1.8386015325670497	629.7950729244392	804.6750143833693	0.0	702.7293036191634	826.4210912540108	0.0	696.9394487397468	1115.7688239920662	0.0	680.828585280065	1413.9375452246281	0.0	660.5262091937271	1442.6899839225036	0.0	714.4720748053143	1463.6783872413635	0.0	675.3621028338258	1455.9837199359627	0.0	564.0827065628832	822.7222430449721	0.0	571.1792874753154	1043.8703272719595	0.0	575.7104750549427	1056.455147911928	0.0	589.3247998341628	1337.9340977696972	0.0	540.0665534121711	1096.0702534026534	0.0	579.0988803522487	1053.7534284660169	0.0	609.2924717810371	436.1448732594218	0.0	593.2154919253594	333.58499448117436	0.0	597.3581429035501	399.932074939387	0.0	732.7091717865371	469.56209987966656	0.0	806.4231834591748	661.8280027894609	0.0	821.4597473696703	795.7874170689944	0.0	495.855038001664	479.68690826025005	0.0	438.2463317021685	670.8200881422672	0.0	443.1014557111381	684.9313071675205	0.0
56	1.872030651340996	626.5759093857605	804.9107090234724	0.0	699.6458049472054	826.3355944015887	0.0	694.5748357253624	1113.378448375756	0.0	679.9081564252933	1412.210499302416	0.0	657.8767922726488	1447.4384251974006	0.0	713.7940244387903	1465.566435842111	0.0	673.5050042207816	1455.1201682493697	0.0	561.9286837591733	823.965270017876	0.0	569.676065091516	1042.823273242566	0.0	573.9578517089889	1064.1848406086392	0.0	587.6378912390517	1350.5895479698472	0.0	537.49199779989	1111.2692430123266	0.0	578.0986442704652	1064.894527068773	0.0	605.1817921798945	438.44948068623154	0.0	590.5681002480931	333.73832408248006	0.0	592.9212056292802	399.72694082949334	0.0	728.2672533451482	471.4327633888824	0.0	803.0028134486591	659.3988899692469	0.0	821.7678867201347	794.896828590572	0.0	490.8797774474471	482.90804340553996	0.0	435.5455986577464	674.3479293775202	0.0	440.6015743933981	685.9843909298083	0.0
57	1.9054597701149425	623.3161785980699	804.7095773335864	0.0	695.1963806383351	824.5267449081933	0.0	693.6908842760259	1110.114694149864	0.0	680.318117062652	1404.4913370692736	0.0	654.775282752802	1447.396049541012	0.0	710.121849466125	1463.7155447033056	0.0	672.4255064876194	1448.6664910066982	0.0	559.7459841200034	824.5314638517393	0.0	567.5202157025328	1041.3775882305488	0.0	572.7364141225711	1067.7218862971135	0.0	585.8745593118351	1340.6315003749335	0.0	537.9300578968079	1129.5716061943963	0.0	576.9954764915523	1070.7521808124613	0.0	601.4076434773251	440.0859598667131	0.0	588.4769254134598	333.28815281609434	0.0	592.4721326558728	400.0655710024561	0.0	723.6415611922428	472.0393431727219	0.0	798.814652703966	656.0690110423255	0.0	821.8390458325922	795.1721579790935	0.0	485.9939931902827	486.370437125758	0.0	433.5352764161229	678.9807838619107	0.0	439.7124584805334	685.9754348293676	0.0
58	1.9388888888888889	620.7075240724189	803.1104951763662	0.0	690.7688868809323	819.6044759247923	0.0	693.7152842850193	1105.3126148174313	0.0	681.6513645683284	1389.7960137258774	0.0	653.7752879026775	1441.1022632481586	0.0	705.3412594780086	1456.3788295272689	0.0	671.9263640706254	1435.7983647395727	0.0	557.4805202205681	824.3965891516528	0.0	564.9063176351547	1039.8473368064224	0.0	571.970499876347	1066.9903009609125	0.0	584.8585045123458	1294.8434171310664	0.0	540.7355713246043	1148.796915038408	0.0	576.0899561632942	1067.9446300428037	0.0	597.8436231320961	441.5437234443454	0.0	585.6609327436172	332.7265752513068	0.0	591.5338673885007	400.67952060880026	0.0	718.5728898642584	471.7285242024432	0.0	794.6457967186096	653.255292103086	0.0	820.8221661035113	795.8218468504855	0.0	482.0639602212835	488.65953349779517	0.0	431.6215307166686	681.1967486620192	0.0	440.5234374666107	684.3439739790477	0.0
59	1.9723180076628353	618.2357407669839	800.9612256825109	0.0	687.4468864004631	813.3009368378808	0.0	693.7226222125489	1098.9483438530299	0.0	681.9238116888203	1371.4210197397297	0.0	654.4067532686805	1434.8833200379327	0.0	702.5449972439509	1448.2441443699017	0.0	670.4755296541524	1419.0025177005778	0.0	555.0042224591333	823.1395291926134	0.0	562.9837455934826	1039.1254873282733	0.0	571.5926863963856	1066.3981246634773	0.0	585.1244611891294	1232.2481419229111	0.0	543.5438571252217	1160.4013369861304	0.0	576.3444386166309	1059.1500915387587	0.0	594.2719935601219	442.96802255734235	0.0	582.2615561036796	332.44644114694427	0.0	587.4232295095794	400.73361052478396	0.0	713.9410693546622	471.4114943550704	0.0	791.6098383304176	652.3602538871345	0.0	818.9584580870923	796.0982789147981	0.0	479.15263563377584	489.8894133719349	0.0	429.0238338322203	681.0480646526531	0.0	443.03045490652374	680.5769858976997	0.0
60	2.0057471264367814	615.2858129626198	799.443021791337	0.0	685.123998506731	809.5042622768025	0.0	693.6774390084656	1092.1030119981376	0.0	680.5660815606416	1351.1631197407426	0.0	655.3929149840674	1432.443379060793	0.0	701.8434369027161	1440.7637752636251	0.0	668.1978678714219	1397.5104494358757	0.0	552.6673229794004	819.6053431830896	0.0	561.9182561953658	1038.8023973414913	0.0	572.0743073017023	1064.3510288486686	0.0	585.5325031317204	1189.7267991436925	0.0	545.0362656446636	1151.5830080804187	0.0	577.3773987419308	1036.77633818678	0.0	591.3642509156693	443.97532164030963	0.0	580.0616014420576	332.7275534308577	0.0	583.3409849245662	400.0145957950155	0.0	710.2702605276384	471.7037566626288	0.0	789.3350358096003	652.6730067436959	0.0	817.4996419345912	796.1986595671316	0.0	477.3191572116324	491.3159658148751	0.0	425.7764766840215	680.3716743533189	0.0	445.7898492841623	674.225889946222	0.0
61	2.039176245210728	612.4691919489193	798.591413712087	0.0	683.1772469613386	809.0111946424331	0.0	693.5692580528688	1085.8799349688707	0.0	678.8724037125073	1329.4228029026683	0.0	655.6737681886954	1430.7117958804631	0.0	701.7951093810425	1430.4386654914315	0.0	666.548784117693	1371.636853725468	0.0	550.7273532779636	815.1040229657827	0.0	561.0601932864678	1037.525365011683	0.0	573.3662391164427	1057.3623101482972	0.0	584.6571954608684	1178.441337533331	0.0	545.283517242736	1118.931355676958	0.0	578.016898413101	993.7054337994308	0.0	589.7888049063255	444.8921627149541	0.0	579.6899565587506	333.5489101185343	0.0	582.5820229448776	399.6079384170537	0.0	707.6326866945469	473.1438524197098	0.0	786.7567720630637	652.7211549145171	0.0	817.0023914553079	796.7926298316866	0.0	476.1330825614292	493.2831819281304	0.0	423.2352835089033	680.0318245761437	0.0	446.46717079480686	669.7520502234922	0.0
62	2.072605363984674	610.445426191705	798.9769702189338	0.0	680.9731836106287	809.786014510174	0.0	692.4882860753169	1079.761547877668	0.0	677.4200917988783	1309.07434025519	0.0	654.1750608065413	1425.0245449823574	0.0	701.5968337445644	1416.7021740870975	0.0	665.3984289997876	1349.144442159655	0.0	548.7280866744157	812.7396067313373	0.0	560.1506890344539	1035.682262085995	0.0	574.2064297287336	1050.5848954714504	0.0	582.1499217426443	1178.0616445669873	0.0	545.1266656532486	1087.0769813065306	0.0	578.8071151284464	957.3369347262494	0.0	589.1844976095654	446.7241366237745	0.0	579.9183814382192	334.23697220698983	0.0	583.6834966792316	400.87559674205835	0.0	706.368749108966	475.85666027682834	0.0	784.0347947592385	652.0366010944933	0.0	817.0594190988585	797.6211378372439	0.0	474.6849896255655	495.0887028106015	0.0	422.2323889534017	679.8946605334822	0.0	443.1005246970909	674.59262218014	0.0
63	2.106034482758621	608.8017765710073	799.8620934827443	0.0	678.2033294465144	810.6498748193868	0.0	690.0024814325236	1072.4317490357473	0.0	675.9695837307574	1293.8840338504265	0.0	650.653515472015	1413.5155016464098	0.0	700.3899922024736	1402.335156521029	0.0	663.9984352748214	1336.5309471308296	0.0	546.5492854425228	812.8956739524967	0.0	559.3987759478756	1032.99151866036	0.0	573.3836912579551	1052.3279913974877	0.0	578.7968059913063	1171.1986699324104	0.0	545.5636385892799	1087.3461865397232	0.0	580.6251746295699	969.8954897966522	0.0	588.585118452493	449.47292510179403	0.0	579.8670851825781	334.0733956494296	0.0	583.5140440268702	403.9157409144848	0.0	705.8757837398348	478.8103097957324	0.0	781.8392850240159	650.9601513825336	0.0	817.2600139835956	798.0986554647669	0.0	473.19589546242	495.99183465967286	0.0	421.7032924221285	679.6124227638165	0.0	435.78498012613744	689.3641500989219	0.0
64	2.139463601532567	606.9004579154797	797.6517366643279	0.0	675.425807272871	811.2368509572847	0.0	686.9282714494275	1063.7210611395835	0.0	674.6726292409659	1285.2165561513036	0.0	646.2649961210354	1395.3556907323452	0.0	697.3839579690966	1387.406606146584	0.0	662.9030276089993	1331.4631525699187	0.0	544.9054219908534	813.3373986842796	0.0	558.6153956744674	1026.8356994329652	0.0	571.331458563914	1061.305314324169	0.0	577.8361228606936	1157.1052884633068	0.0	546.5954458787753	1112.7680751828877	0.0	581.7027073855699	1023.6961489540188	0.0	587.618459176024	451.4630394587194	0.0	579.6708812889913	333.4393427605538	0.0	581.5531351085953	407.0900574558636	0.0	705.030044958501	480.56561586763763	0.0	779.7771394042995	649.8176663253516	0.0	817.4658927462334	798.3017296419631	0.0	472.69778542078274	495.8161080358428	0.0	420.11580672171567	679.0124783142974	0.0	427.384555920753	708.631298093481	0.0
65	2.172892720306513	605.1130808443331	791.240860584573	0.0	673.7261484622846	809.3364222319395	0.0	683.5518480504879	1054.930630763906	0.0	673.6767677195253	1282.0974002135024	0.0	642.7001399024093	1372.212423752631	0.0	693.3063829602373	1371.0512988807093	0.0	662.7316400040909	1328.795244427988	0.0	544.203613560704	811.5259670821009	0.0	557.3510741665433	1019.0506139478257	0.0	569.6452124498595	1069.070605730358	0.0	582.7538636056812	1141.696433546596	0.0	547.3585316794437	1131.6743105953826	0.0	580.1517196766456	1067.7319970747349	0.0	586.7076546022911	451.562354931093	0.0	579.6307426507785	333.349051755941	0.0	579.7382348717566	408.5108085991071	0.0	704.1335523534191	481.08694321140877	0.0	777.4306086892949	648.436907867517	0.0	817.534027545738	798.1084796782795	0.0	472.796490619787	495.3362989573007	0.0	417.69006329508073	678.1449771803921	0.0	420.95487071028964	727.1953827628859	0.0
66	2.2063218390804598	604.0846474743652	785.4705281334009	0.0	673.0851624068622	802.4041225072923	0.0	679.4355536183717	1048.4059344514608	0.0	672.1600690269141	1282.877883947589	0.0	640.8593050013855	1353.1280281537856	0.0	689.9128309927139	1357.9670757768833	0.0	662.4144272014031	1326.850408013548	0.0	544.0796879003078	805.8323272206223	0.0	555.8925794256636	1016.5921410427953	0.0	569.1030560452981	1071.004586856686	0.0	591.9110251373268	1132.602825926338	0.0	547.4859828951178	1132.7341020740157	0.0	577.2867792801379	1078.1596274339631	0.0	586.0339069636451	450.90132973720824	0.0	580.307572389998	334.59708698880456	0.0	580.102689398849	408.5770308484692	0.0	704.0464072940518	481.6668826803869	0.0	775.4408061177559	646.2931346710637	0.0	817.2486467973572	797.0921011193593	0.0	472.16366741532204	496.25591087365564	0.0	415.9433116269192	677.4550032676212	0.0	417.5133301656515	738.4062446179689	0.0
67	2.239750957854406	603.6040199241012	784.6222627789837	0.0	672.495054485629	792.9647684110558	0.0	675.2970036616057	1045.6721743745038	0.0	669.0483851284449	1285.7755518517563	0.0	639.5312969392728	1345.3722662146456	0.0	687.4739035981438	1352.642031663315	0.0	660.5773665988708	1326.155139043451	0.0	544.1524475977308	798.1729861693076	0.0	554.9324234801749	1020.059212711448	0.0	569.2462897838335	1068.7100816988684	0.0	599.918430249697	1134.1866159139952	0.0	547.3950727402427	1127.2304852317086	0.0	575.474167870661	1071.4879400404147	0.0	585.3021531291646	451.1817240060264	0.0	581.9376190121089	337.37701159894567	0.0	582.8439462038394	409.3010951049961	0.0	704.4664944524935	482.9256378572088	0.0	774.2863444815422	643.6977595428882	0.0	816.6063996268058	795.4297760325405	0.0	470.94683440396454	499.3058172251683	0.0	415.4511308566903	677.5469228374228	0.0	416.3892080121536	740.3802632655585	0.0
68	2.2731800766283525	603.5772592835143	786.3873803267418	0.0	671.9214106886301	787.039083293952	0.0	672.3609088272312	1045.3647086623555	0.0	664.9678708950236	1288.3042305043905	0.0	636.067452014981	1343.4490019068232	0.0	684.1356126835265	1350.914336038118	0.0	657.8244153692084	1326.28706470356	0.0	544.4048293355225	793.0240597395938	0.0	554.6763054073306	1022.2750838757731	0.0	569.2855940426025	1067.6444904545833	0.0	602.3557654598287	1137.787891875775	0.0	547.3926982694043	1124.9875012208486	0.0	575.0016240684811	1066.596943034633	0.0	584.8395768058131	452.93270083079807	0.0	583.4479819931826	340.1834321450291	0.0	585.8274325132427	410.91240695884625	0.0	704.7037696268468	484.44418662302957	0.0	773.6053630269755	642.4273919437729	0.0	815.9788230918442	794.3963520302816	0.0	470.0975312019155	502.57997916994657	0.0	415.7467942341301	677.8867650060342	0.0	416.3570218309098	740.633387542378	0.0
69	2.3066091954022987	604.2842016997165	787.1351239864563	0.0	671.793655573392	786.4951238307566	0.0	670.3424993373554	1045.709392232138	0.0	661.2672645094586	1288.2523697215465	0.0	630.2257717363269	1338.253524261437	0.0	678.8918883035013	1346.1850098385999	0.0	655.1078713921265	1325.75143556881	0.0	544.9263252046862	792.0185356606245	0.0	554.9522629599896	1020.7045333088058	0.0	568.6091472645176	1071.6329243354933	0.0	597.8003103092182	1130.9740360821604	0.0	546.964749149049	1124.6332337601302	0.0	574.727618660427	1069.5273025006531	0.0	585.575151617307	455.58781613802404	0.0	584.0708168351105	341.5035694935369	0.0	587.0812088386632	412.28297040043776	0.0	704.7875753497484	486.1798356830899	0.0	773.0172231862343	643.4671814783039	0.0	815.7295406241444	795.1314842316566	0.0	469.71310270056944	504.1898818151443	0.0	416.58921352551204	677.3995329966776	0.0	416.9876334751048	740.6373909149901	0.0
70	2.3400383141762453	605.1490089383935	787.3001965111687	0.0	671.6959688430961	788.0662652383212	0.0	668.0431686505189	1046.9442985901642	0.0	657.5669371428444	1285.679286517869	0.0	624.9320147351425	1329.6256507730984	0.0	673.1475326416419	1338.299632527076	0.0	651.3577421063211	1323.831945903603	0.0	545.6588017504517	793.0671140569332	0.0	555.417295881515	1019.8987062283511	0.0	567.448836436945	1077.2179233556794	0.0	589.0783839517429	1117.835618629808	0.0	545.374638777133	1122.6983346643092	0.0	574.3342553395321	1077.8483898411353	0.0	587.3232520763669	458.17655306279374	0.0	584.7533694584758	342.81905359695077	0.0	587.339892033478	414.16858169605285	0.0	704.9388844706914	488.39629559475486	0.0	772.6695063184469	645.0986132239649	0.0	815.7819412950341	796.5672655187833	0.0	469.9929215917691	505.09696295416	0.0	417.86621531460764	676.7954347021795	0.0	418.268725282048	736.0401632112952	0.0
71	2.3734674329501915	605.280520351487	788.0055487333169	0.0	671.4242652857349	788.8631988231217	0.0	665.1886734922356	1048.8245366955555	0.0	653.1904095468004	1282.3281494939308	0.0	622.1233491510454	1322.6499684451408	0.0	668.5094771064347	1331.31936282409	0.0	645.7671136281405	1321.085822782278	0.0	546.2622134973162	793.9988871690889	0.0	555.7926166308889	1021.4594739516875	0.0	566.5847989254089	1078.605688997273	0.0	581.3387062765103	1111.6703062458178	0.0	542.9692190714213	1120.6927046163535	0.0	574.1810679387853	1084.6850805063775	0.0	588.8383275106795	460.45286714805655	0.0	586.54866944935	346.04487533772544	0.0	588.4705291132376	417.94476256935593	0.0	705.0534051469663	490.6536338397216	0.0	772.8278963526153	645.206388267069	0.0	815.7745898223653	796.6861574102662	0.0	471.41880902637246	506.9335295782374	0.0	419.50432088621415	677.3429928854372	0.0	419.94785392560465	731.4785758680108	0.0
72	2.406896551724138	605.0350207766012	788.5151623362483	0.0	671.3569281762584	789.0436135891401	0.0	662.6313357553728	1050.6365733515847	0.0	649.3932138474014	1279.5390087896296	0.0	620.6121022068968	1318.6905957189501	0.0	664.9077068083026	1326.9441670777016	0.0	640.6991539790522	1318.0812380206978	0.0	546.5593286286284	794.1958079419442	0.0	555.9434259207978	1021.8460899177221	0.0	565.9853428630202	1075.0476506544196	0.0	577.5346612388815	1114.1426336586394	0.0	541.0248961221592	1119.652771992577	0.0	574.0600818933264	1084.0113245517164	0.0	589.9131974537917	463.0482247791503	0.0	589.5543030292638	349.86659285371695	0.0	590.9867063046655	421.8348709519188	0.0	705.10002914666	492.4378499417536	0.0	773.2408146494588	643.8636022871239	0.0	815.6005161731214	795.3344356403695	0.0	473.525274572792	509.1351601056016	0.0	422.05451231662465	678.2385788550415	0.0	422.82580744604445	730.4344654014756	0.0
73	2.4403256704980842	605.5560263933442	788.1721112472637	0.0	671.4320528517314	789.4757823548453	0.0	661.0962858707104	1053.090895849759	0.0	647.469749018503	1277.9865240143267	0.0	618.2862658528117	1316.2597659209032	0.0	661.3264969717931	1324.4249879946847	0.0	638.9506527121448	1315.3362668886393	0.0	546.967024670711	793.6588115952326	0.0	555.7022311380052	1019.5794714509351	0.0	565.3226396882255	1070.7969520458423	0.0	576.3915223596035	1116.903794606046	0.0	539.7395742005019	1117.8499885958372	0.0	573.815807807927	1076.3359462585515	0.0	591.4050348003913	466.0872539117861	0.0	593.3669750641055	352.0098189323498	0.0	594.2447819835878	423.2287881040111	0.0	705.2546655389741	494.1884094893088	0.0	773.527280156029	642.5602831420674	0.0	815.7106628510089	794.0003598622004	0.0	475.8579401534445	510.03719158883536	0.0	425.8599800809083	677.910847059812	0.0	427.07311468126153	727.1117896462172	0.0
74	2.4737547892720304	606.6933971044124	787.5309819425642	0.0	671.1812214663212	789.7318449492926	0.0	660.5990115444765	1055.6502714227247	0.0	646.5029412584549	1278.0065960690727	0.0	614.7804932654273	1315.0684233498564	0.0	657.5736721329556	1323.5491846470388	0.0	639.6805974912215	1313.7397820062372	0.0	547.403778268037	792.5373538483178	0.0	555.4461002569955	1016.4447834243533	0.0	565.0527945788073	1070.6658691576738	0.0	574.9170333460986	1116.0782230198065	0.0	538.16954051895	1115.3846128546961	0.0	573.8476856449148	1070.0674995386644	0.0	593.4041198106211	468.7018216148218	0.0	597.3210438588358	352.9305330898341	0.0	597.6227168197544	423.2716832887089	0.0	705.4835474652705	496.5682213609661	0.0	773.9779896927279	642.3150589872395	0.0	816.5865575316495	793.5647286182	0.0	478.959087284437	509.44861232030894	0.0	429.67939119067347	676.4923090418115	0.0	429.7891398848589	720.75219855187	0.0
75	2.507183908045977	607.1695492271549	787.2977639830243	0.0	670.6119624594671	789.464049708982	0.0	660.7659562764502	1056.2455890925628	0.0	645.1294750431406	1279.2418656219227	0.0	611.9774138813082	1314.3754531363768	0.0	655.1635873706509	1323.8487366555653	0.0	640.170383275594	1313.4646659797702	0.0	547.05413761257	791.319052375924	0.0	555.9699072233008	1013.5710517819897	0.0	565.4697172962188	1073.8886715098113	0.0	573.065303156547	1115.228128423935	0.0	536.9846386590143	1112.9001010125442	0.0	574.223868872847	1070.2406375603812	0.0	595.3707459258013	470.390094785567	0.0	601.0348323686142	354.79824515771793	0.0	600.75518504027	424.44949840052703	0.0	705.8178366278919	499.19626380505196	0.0	774.9234293327089	642.4135763756357	0.0	817.7496386890167	793.559282869046	0.0	483.0231641535973	508.5527870128469	0.0	431.70870065569653	675.1223106877219	0.0	429.4782673457086	718.0457465127959	0.0
76	2.540613026819923	607.1938308282545	787.1411915096388	0.0	670.627469829737	789.1297650563207	0.0	660.9087920693272	1055.2549177212243	0.0	643.79377323537	1280.5590922371416	0.0	612.514532450921	1312.7977925516943	0.0	656.1416323077347	1324.1379854757818	0.0	639.49771854339	1313.781048084917	0.0	546.698807601674	790.0520504762309	0.0	557.1481218537166	1011.0073353609876	0.0	566.1155400314312	1073.556775252797	0.0	573.3991530458853	1114.3540922329541	0.0	538.0132457432895	1106.6988289277017	0.0	574.4885355631508	1067.9755386492384	0.0	597.5832115349108	471.69428201204704	0.0	604.7859100383913	358.1490345788585	0.0	603.6422677741023	426.3504107293963	0.0	706.8885487869172	501.08190674148483	0.0	775.7275439869903	641.0769386800991	0.0	818.1140331092724	793.3598131423402	0.0	487.1342856189399	508.0713902059521	0.0	432.21207048180054	673.903134846416	0.0	430.12875953094436	720.9093954430209	0.0
77	2.57404214559387	608.200827761687	786.406610939072	0.0	671.8688850870852	788.4841015548883	0.0	660.546505262029	1054.886809191019	0.0	643.4090098100886	1280.6008083769161	0.0	616.0471425933051	1311.393677348303	0.0	659.6356436219232	1323.9853836784553	0.0	638.2448678330506	1313.942424592291	0.0	548.1711647327437	788.3566828022103	0.0	558.124834881127	1008.748665704159	0.0	566.5813427628383	1066.0938343311082	0.0	575.5466585232106	1106.3428041509674	0.0	540.3146448186415	1097.2886583902034	0.0	574.2345587391269	1054.6564022458556	0.0	600.5675078073061	472.982648392695	0.0	608.6390122150199	361.23020776415376	0.0	606.8832482603017	427.2548623042634	0.0	708.96353358823	501.8627301926508	0.0	775.8005576791589	638.2786029996645	0.0	817.6116225952534	792.4597883961932	0.0	490.24493557802555	507.84955212623106	0.0	433.47915798144527	672.4745915541056	0.0	435.22908666234036	724.2549891276299	0.0
78	2.607471264367816	610.0049410376722	785.6306306584972	0.0	673.3932944440298	787.2952359557802	0.0	659.9424424181559	1055.5165504463153	0.0	643.4740487516956	1279.2004584902804	0.0	617.9532560719455	1312.6633399834109	0.0	661.5257670562756	1323.6503407750722	0.0	636.9982039505477	1313.7111835649362	0.0	550.7820821195526	787.1923968452057	0.0	558.6683702008186	1006.667946178129	0.0	566.8143792919083	1056.7457155023894	0.0	575.2141975789808	1095.213039942514	0.0	540.072560861011	1109.6187093221272	0.0	573.595619067049	1037.500523997611	0.0	603.5035840122291	473.98222561665	0.0	611.9116134967777	362.4304894644349	0.0	610.6208933729246	427.07119802998164	0.0	710.8060511938293	501.87902722461	0.0	775.8590607450412	635.5633737437672	0.0	817.2685966697519	790.2194518304302	0.0	492.29224305418313	507.49237031712204	0.0	436.8627510401555	670.8798778779726	0.0	441.79839098788847	721.313828092252	0.0
79	2.6409003831417626	611.2583635305622	785.9248052683479	0.0	673.928596631483	787.1263656717406	0.0	659.4861062672709	1055.8415323589506	0.0	642.9244686193298	1278.0413755264008	0.0	615.5420911429414	1316.7600597367807	0.0	659.5940652133152	1323.3826592431362	0.0	636.2360171676876	1313.6933788638287	0.0	552.5011483065416	788.2232797663713	0.0	558.9684826388228	1004.9820196961297	0.0	566.6202817696202	1052.0203719569581	0.0	570.1526743200695	1108.9430729163	0.0	535.5236339223742	1172.928602413469	0.0	572.8808577418698	1026.9250353313967	0.0	605.1371883655871	474.3412362817218	0.0	614.2305186597167	362.4628631608076	0.0	613.7175401772591	426.5133649694836	0.0	711.1131602376092	501.3962914095635	0.0	777.139291251627	632.9420029494606	0.0	817.6233448696374	786.959181488922	0.0	494.21929469390216	506.69155579467713	0.0	441.5359200909166	669.0868654088912	0.0	445.9134449507845	709.4706703417078	0.0
80	2.6743295019157087	612.0524158587431	786.9646549362501	0.0	673.702832980147	789.097057074005	0.0	659.2251975038388	1055.4894461913018	0.0	641.6793958676852	1278.5580885195932	0.0	612.0958227583442	1320.942593566941	0.0	655.5293083445694	1323.6023584984734	0.0	636.1511645840033	1314.3594598822694	0.0	553.767155516386	790.843728297936	0.0	558.7597860171933	1004.4608944454656	0.0	565.3747791077315	1052.2320122080564	0.0	563.346752464044	1170.794303251387	0.0	529.4671996947238	1260.9765112992784	0.0	571.401776575827	1021.1003207922695	0.0	606.1104197519724	473.63516871261595	0.0	615.9577528142291	363.27070556333155	0.0	615.1343550772717	425.7303350437291	0.0	710.8766906726139	500.224862478188	0.0	779.9643343437413	629.5123317147421	0.0	818.1936645455722	784.2750387197013	0.0	496.9991062290467	505.1960268591596	0.0	445.8926244042399	667.8859451606157	0.0	449.13443421206995	695.0766234572823	0.0
81	2.707758620689655	613.6392206515973	787.5346983511563	0.0	673.9323054431067	791.3279738415791	0.0	659.2616530197199	1055.5202393365219	0.0	640.5336982309381	1279.627435623507	0.0	611.2073304890584	1323.2072459547157	0.0	651.9215242679234	1324.770680695469	0.0	636.4075156820605	1314.8083977581414	0.0	556.317364596704	792.7490530931335	0.0	557.5036899006021	1004.7632936817918	0.0	563.1908320218272	1052.4667101593866	0.0	558.3273044792982	1256.9376375697566	0.0	525.3042436305569	1312.071844763779	0.0	568.6455463195281	1011.2813251093538	0.0	608.1516195704685	472.1750870622765	0.0	617.420072237368	365.1863119892286	0.0	615.2531414664629	425.10889238746176	0.0	712.2189288553055	498.59301318737045	0.0	783.2714583787797	625.6643540837773	0.0	818.3395870846083	783.3832739067415	0.0	500.76472802984165	502.9622389942593	0.0	449.2842987598232	667.8934171525882	0.0	454.1073890157347	686.9089758455743	0.0
82	2.7411877394636015	616.2240616120804	787.5522059542873	0.0	675.2670476924965	791.5424914359807	0.0	659.804414031217	1056.239960647134	0.0	639.9262152989139	1279.4660920091126	0.0	612.1831102850982	1323.7369107717295	0.0	650.8409179360931	1326.259401683559	0.0	636.3100234852825	1314.1661467685499	0.0	559.7608478680701	793.0734602216666	0.0	555.2032557394931	1004.1543636975224	0.0	561.6462498374937	1047.9040713227491	0.0	555.4920876467716	1317.0801092582828	0.0	523.9276175806746	1313.953868575626	0.0	566.0376727490955	998.7951301849884	0.0	611.2831121739641	471.2256596837038	0.0	618.6398969794117	366.6624603972786	0.0	615.1689616951763	425.45748730016453	0.0	715.112545521288	497.68821739785756	0.0	785.9730220031106	622.8912353479157	0.0	817.9882477903348	784.0106690611148	0.0	504.8328915709075	500.6499554784842	0.0	452.324239749062	667.536929039719	0.0	459.224753398878	686.0601654503125	0.0
83	2.7746168582375477	618.5708122188764	787.5268589846087	0.0	677.1743337602799	790.3749977204612	0.0	660.7116179912028	1056.7514637324925	0.0	639.7026192631047	1278.6986450888878	0.0	613.0136541467226	1322.045603685947	0.0	652.6440626588515	1326.6905587408307	0.0	635.4523450698	1313.2523983793778	0.0	562.2875416117461	792.3823083762323	0.0	552.783248553747	1000.7879654206713	0.0	561.5494332276011	1037.4411471404221	0.0	554.2192855460349	1333.3281818949988	0.0	525.0781225091874	1299.686284895599	0.0	564.8191947160187	1011.6819178010788	0.0	614.3107020064972	471.1402539863484	0.0	619.4140359789797	366.8544276393483	0.0	615.2826488518311	426.6929395271493	0.0	717.8515732402644	498.23339240120157	0.0	788.329460189875	622.5792128221751	0.0	817.1957030781707	785.1025782620205	0.0	508.6258619843715	499.22262398962306	0.0	455.4197563221171	665.2728905843944	0.0	462.1163585403594	687.4172201233055	0.0
84	2.8080459770114943	619.6849453023189	787.3280914155046	0.0	678.6464966843955	789.8478130246458	0.0	661.5341000836403	1057.1713285162525	0.0	639.9174273189954	1278.647370277599	0.0	613.2737574924521	1317.745303631573	0.0	654.8995665335271	1325.8488919306783	0.0	634.783172629261	1313.1980035804306	0.0	563.5475098650745	790.9794143523118	0.0	551.1531451110687	992.9619819581416	0.0	561.4799522505276	1026.1257937407236	0.0	554.0101644927519	1319.8618584849057	0.0	527.6013289339842	1287.3471880645016	0.0	564.3487909604002	1079.2313143174945	0.0	616.9270363851855	471.1404264411857	0.0	619.6037055911581	367.04829250771303	0.0	615.4277560362874	427.77566059996735	0.0	719.8006603470268	499.64115750963066	0.0	790.6236480426041	624.3593591711633	0.0	815.396437960613	785.9835386968091	0.0	512.0669677299404	498.79458062816417	0.0	458.4021784120099	661.7496600497791	0.0	463.5366725069998	686.7737517485672	0.0
85	2.8414750957854404	619.8336305354974	786.6566902247625	0.0	679.0557211559388	790.351557889186	0.0	661.8735611475565	1057.8582601225435	0.0	640.5574225759668	1278.8950731196896	0.0	613.3760496287205	1313.235761361658	0.0	655.8778597745974	1324.4380810962123	0.0	635.5381065798693	1313.6671582598726	0.0	564.2596358522437	789.4273385162472	0.0	550.3259952832768	982.0942108252137	0.0	560.2518537545274	1030.7660783070673	0.0	554.1061109034013	1292.7757285850034	0.0	529.620218412779	1275.1603921849503	0.0	563.8732317658139	1174.9555203756101	0.0	619.1362050042511	471.0186767550219	0.0	619.4629638886357	368.5688741069307	0.0	616.1011591734987	428.167028797234	0.0	721.3989694644094	501.1129588903784	0.0	792.2682116131464	627.0560540378855	0.0	812.3341429537619	786.6338473065886	0.0	514.9661667178111	498.78932184443903	0.0	461.42163389676676	658.9650168799793	0.0	465.2198426790052	684.0716929177808	0.0
86	2.874904214559387	619.7759794588035	785.8280716408055	0.0	678.4127455205196	790.8708022788461	0.0	661.4185022525912	1057.7772068132736	0.0	640.8526054245069	1278.7199496996825	0.0	613.5395058622265	1310.9174624573652	0.0	656.3525476006513	1322.9131417452008	0.0	636.6781236665158	1313.3731251623728	0.0	564.3407578018221	788.9049895066072	0.0	550.0225114681415	974.7373419822078	0.0	558.7348699713916	1061.4120450870985	0.0	554.3736871860896	1268.4690530481714	0.0	530.1980322018242	1264.3226028014274	0.0	563.6189683175529	1239.3425883323728	0.0	620.4953469644042	471.23627064848415	0.0	619.3417584190656	370.55403138691815	0.0	617.6613799363623	428.40281026122386	0.0	722.9894098639086	502.311270006482	0.0	793.3891594114701	631.0972445265601	0.0	809.1618353281924	786.7385278918644	0.0	516.9641418931636	498.81455096836436	0.0	464.46669909328	658.138302698329	0.0	467.2776614029724	681.411548077393	0.0
87	2.908333333333333	619.8333824618388	785.3042924623356	0.0	677.3835861861442	790.6455822047191	0.0	660.2218567526313	1056.7677411372838	0.0	640.1847420864226	1278.3212890790853	0.0	613.5588294408984	1310.3650639371504	0.0	656.2213347773838	1321.8901380201432	0.0	636.2626123798009	1311.7303882189203	0.0	563.5119114606707	789.1803867643362	0.0	550.1039268791835	974.2078138160729	0.0	558.104397662892	1097.3647553174396	0.0	555.2072149786575	1257.9168589113497	0.0	529.6167731707816	1259.193460314742	0.0	563.8555624023212	1256.1295482748767	0.0	621.2517757653833	471.62080485588586	0.0	619.2199295125979	371.49571741522107	0.0	619.0063046259676	428.8419399349961	0.0	724.5604423345974	503.1005078031111	0.0	794.7572821434886	636.9093155232378	0.0	807.1639417120438	785.4817858113938	0.0	518.2702230750805	498.55374900491165	0.0	466.99691377702004	658.2848272884671	0.0	468.80857567832913	679.8995402593487	0.0
88	2.9417624521072794	619.7410114910151	784.5980930334766	0.0	676.3244874963631	789.8441805143542	0.0	659.1357436603181	1056.2340506289186	0.0	639.1947110498003	1278.01979507618	0.0	613.2142029555336	1310.4247377417016	0.0	654.6011003137667	1321.785323791879	0.0	634.8384160908989	1309.679464801511	0.0	562.4051369771306	788.4517448467359	0.0	550.2635142758835	974.2364070537222	0.0	558.3978596867787	1124.0553375377747	0.0	556.0787057602885	1256.9095100595503	0.0	529.1937441867635	1258.0852642048148	0.0	563.9275442776976	1249.9111548005226	0.0	622.3379770789841	471.5107692871858	0.0	618.9602430559577	371.40599132885905	0.0	619.2229966738314	428.9078449705369	0.0	725.7860234359752	503.84765264837006	0.0	796.0965950799956	642.9474613078187	0.0	806.1971293957386	783.112787834921	0.0	519.6833499752627	497.92881552028615	0.0	468.6070115121997	658.2916699575547	0.0	469.6007071203078	679.0742681553112	0.0
89	2.975191570881226	619.0215515921163	783.5080285390363	0.0	674.836442708743	789.8545870264772	0.0	659.0293365244866	1056.8991234703985	0.0	638.9304907884602	1277.9304462517325	0.0	613.1462143606292	1310.934078826112	0.0	653.1202068784361	1322.0365395828508	0.0	634.3107436946678	1308.7043070323462	0.0	561.7537520319416	786.7068576560973	0.0	550.5614843190169	969.9351758787597	0.0	558.949157640601	1154.6522502289345	0.0	555.499743246038	1257.2783981225912	0.0	529.793139186664	1257.341507014108	0.0	563.1894479515832	1240.6281788645158	0.0	623.8445041832323	471.2309744442939	0.0	618.865009844445	371.1980370219469	0.0	619.0047060243592	428.4519626536891	0.0	726.419612354592	505.22019384187854	0.0	796.728934228285	647.7141841149657	0.0	805.2292131634197	781.1714576930449	0.0	521.2965985903897	497.7451642385654	0.0	469.3791545544872	658.5335598189656	0.0	470.267219000819	678.311154851428	0.0
90	3.008620689655172	617.9949324782814	783.6852652257359	0.0	673.5620609901412	792.0790909739962	0.0	659.589989164244	1058.2714380060468	0.0	639.3957892497374	1278.1676859053384	0.0	614.4352588242984	1311.6452158663203	0.0	654.5050631519955	1321.8917433000865	0.0	634.9700297608252	1309.1672883827384	0.0	561.5370951007828	786.5693720641273	0.0	551.9428074791806	966.4060457742944	0.0	558.9083518153093	1185.8391930967302	0.0	553.3604365172265	1257.4215574169991	0.0	529.9250447373347	1258.8058072620686	0.0	562.2877711381922	1234.463178994762	0.0	624.8828430212122	471.9605666497449	0.0	619.2598226281092	371.39795485765325	0.0	619.196848521258	428.19182342581604	0.0	726.5042327077668	506.79942603395745	0.0	796.8107525181282	651.6080581111212	0.0	803.7851272079581	780.8516302809064	0.0	522.2428731482571	498.73408510065116	0.0	469.9495068843085	658.8579455126919	0.0	471.06404803133887	677.7458740891162	0.0
91	3.0420498084291188	617.8365248785848	786.2027022038263	0.0	673.9257611049412	795.6413489411285	0.0	659.9510606271493	1059.3474815051643	0.0	639.7926330512229	1278.6708753080213	0.0	616.8742097275832	1311.7561901121383	0.0	658.3998825793886	1321.0757474133457	0.0	635.8208065286184	1310.1578137711222	0.0	561.7174436565895	789.4075403993311	0.0	554.949265092365	968.5570842706429	0.0	557.908203372128	1197.701200255166	0.0	551.7186238722883	1257.5541223843459	0.0	528.1962470833979	1263.5760418738384	0.0	561.7004235405028	1228.9275003016328	0.0	625.0061712129747	473.9077317961876	0.0	619.8309468950944	371.95755009755686	0.0	619.6572262340247	428.3158275960525	0.0	726.3813847239246	507.5522779105992	0.0	796.4617556271318	655.3771062241043	0.0	802.2608418685888	782.1091054841809	0.0	522.614512778447	500.05880933873556	0.0	470.88264365633785	658.0083730016061	0.0	471.66113880503633	677.7720817213966	0.0
92	3.075478927203065	618.8323338265693	789.2256779161669	0.0	675.2458624853505	797.9379657435549	0.0	660.0319096237932	1059.601565150424	0.0	639.6806944915365	1279.0850676775017	0.0	618.7494253340661	1310.7282416036328	0.0	661.5391308028239	1319.9075455847767	0.0	636.1907193516132	1311.0005586981622	0.0	562.62897328479	792.7965477794961	0.0	558.5873476398612	973.5352940549864	0.0	556.4962119323812	1189.279242802645	0.0	552.1249591934213	1255.6650192366105	0.0	525.8574345256117	1265.4387176927053	0.0	560.4076428196747	1218.4068819830945	0.0	624.89129153221	475.6038905274798	0.0	619.9517641194527	372.86717540947484	0.0	619.9900739508664	428.45203532118285	0.0	726.6645727612266	507.95364134644365	0.0	795.2478451254293	658.89042936146	0.0	800.6359090200888	784.0473353623595	0.0	523.5973112919422	500.4040097640942	0.0	471.80417281630787	655.8894636373436	0.0	471.91161708203464	678.5863016693213	0.0
93	3.1089080459770115	620.0595323316204	790.420916933026	0.0	675.6158772046186	797.6382012633886	0.0	660.143160586444	1059.3928749559777	0.0	639.2512942840211	1279.078508042693	0.0	619.0560078229671	1308.7860738834495	0.0	662.203282945088	1319.0966817674778	0.0	635.9468867709757	1311.615204327506	0.0	563.964317984995	793.61262049231	0.0	561.2885847109216	976.8293341762889	0.0	555.3338356591811	1174.3031160660757	0.0	553.7773819008644	1250.7515609288446	0.0	524.5807579606432	1259.9132717071009	0.0	557.8496034877818	1203.8728976212512	0.0	625.2113493546715	476.13640205012894	0.0	619.3172266230654	374.38365992908615	0.0	620.164195883732	428.8329928953218	0.0	727.2805018104428	509.429919691686	0.0	793.2555080332563	662.555987676845	0.0	798.0726078043455	785.984766441268	0.0	525.1890300019943	500.4012814830842	0.0	471.9322725843442	654.5215626865299	0.0	471.9742941355381	680.004102522296	0.0
94	3.1423371647509577	620.7188401086497	789.9094558148757	0.0	675.0624829551251	796.1653153951115	0.0	659.956978572492	1058.9695725098443	0.0	638.8287798860828	1278.734971461241	0.0	619.0795246947121	1306.8932766792823	0.0	661.862250163586	1318.8394695087125	0.0	635.1672730843297	1311.4371711224976	0.0	564.7215104857926	792.4884905034758	0.0	562.2653014654345	977.3945721905183	0.0	554.4981471098433	1163.276142729755	0.0	554.8032882016802	1243.5267783489592	0.0	524.3953763748559	1251.4829782329393	0.0	555.910600325223	1191.8554763913767	0.0	625.6311548895471	477.10290496275843	0.0	618.0962972214056	376.35365433126213	0.0	620.0770800715508	430.33586671244905	0.0	727.2955887117323	512.1208295674373	0.0	791.3097446272235	667.5699861491457	0.0	794.5640522848418	787.8565224083368	0.0	526.2359866031364	501.87126155379013	0.0	471.37751218389906	655.9321399523941	0.0	471.87038023408195	681.4220287270365	0.0
95	3.1757662835249043	620.6141216188677	789.2353021698759	0.0	675.0598543251334	796.0926386878344	0.0	659.2998042018702	1058.3685999375782	0.0	638.4840426375519	1278.3405784006907	0.0	620.5685997685193	1305.9499576742094	0.0	661.860062262271	1318.7125198052809	0.0	634.1841359270619	1310.0244591821522	0.0	564.9159449331363	792.4124067668607	0.0	562.0533435486399	976.5916551916446	0.0	554.0432701754357	1158.4532870729824	0.0	554.5238396089173	1234.28667725643	0.0	524.7371536983674	1245.4249167964576	0.0	556.598962423758	1185.2066891410584	0.0	625.7102688989518	479.9277069748027	0.0	616.5424779322806	378.38813442183135	0.0	619.3332946639857	433.15728036031254	0.0	726.5775885920834	515.0208330921663	0.0	789.7234528043839	673.4578555381817	0.0	790.8993354573649	789.7661140908353	0.0	526.36982890273	504.73226093375877	0.0	470.6070441633917	659.6883824031755	0.0	471.5737000152748	682.428028712328	0.0
96	3.2091954022988505	620.4220071417451	789.0421150033246	0.0	676.3450985947095	797.8648413393497	0.0	659.2246192626567	1057.8428862679696	0.0	638.2795995185304	1277.802965939026	0.0	623.0893485236342	1305.488976326834	0.0	661.8301594829331	1318.4156527596315	0.0	633.4877039038946	1308.1829364992313	0.0	565.8376069855111	793.692408911729	0.0	561.9032224422065	975.6341459544677	0.0	554.0580548445745	1156.5008444052548	0.0	553.6638909659423	1223.517868423819	0.0	525.5473760375821	1240.4037441857236	0.0	558.1744548622975	1180.3907213854457	0.0	625.5354748010029	483.2438971249739	0.0	614.6710853154248	380.77580236311206	0.0	617.9446515062933	436.3036655269425	0.0	725.8267420345986	517.2253787527967	0.0	787.8709405174561	677.462477595002	0.0	786.7070265603554	791.6290051338847	0.0	526.1375701741447	507.1637583526327	0.0	469.251985298917	663.4875181728611	0.0	471.39371009417727	682.7071412803514	0.0
97	3.2426245210727966	621.1358801823845	789.03065520759	0.0	678.3639580003884	799.1905591588753	0.0	660.5138456923289	1057.1816936123432	0.0	638.5979774051896	1277.0922546028642	0.0	624.6783000752899	1304.633795371704	0.0	661.7803203130628	1318.2539238359827	0.0	633.3840064833544	1307.2381404641753	0.0	567.7563416972192	794.09997209965	0.0	562.2153481756803	974.6401233565242	0.0	554.048932803151	1152.3766182432948	0.0	552.7008359970218	1212.9655717962207	0.0	526.8032291518068	1234.4638397624842	0.0	557.6883765333143	1171.9965299184519	0.0	625.0291366626436	485.4242265671402	0.0	612.6720354204922	383.82702848435815	0.0	616.6539652908336	439.1498353714604	0.0	724.9521968126613	518.3394826354088	0.0	785.3312046190383	678.5252889970842	0.0	781.3242623551924	792.7746780886571	0.0	525.9107991129798	508.4575677836527	0.0	467.4733976192916	665.927602037778	0.0	471.67156337208957	681.672401747143	0.0
98	3.2760536398467432	622.336677116159	789.0823340265773	0.0	679.8169805455753	798.9483238333353	0.0	662.1152218936857	1055.5199714435084	0.0	639.6413164650114	1276.9297232102663	0.0	624.2523251436355	1304.4812294442545	0.0	662.8305614807164	1318.995427859847	0.0	633.7321582751138	1308.4527619446515	0.0	569.130375674142	793.646833334558	0.0	562.6370608659792	974.7786604840072	0.0	553.6955390958344	1145.941444008023	0.0	552.2978910009227	1206.8451271029423	0.0	527.9924824814917	1232.6259371530782	0.0	556.1292466314903	1162.0649730318737	0.0	624.2131456792275	487.0473685413254	0.0	611.3266543752978	386.74049810052134	0.0	616.081085173315	442.1510030174741	0.0	723.586226545115	518.8618108705047	0.0	782.3966638174198	679.4736615461659	0.0	776.0019312156264	792.4753033548807	0.0	525.6097557640843	509.42195771768434	0.0	466.65971146530376	667.4803027736123	0.0	472.08144064605654	680.1298102412989	0.0
99	3.3094827586206894	622.5492804799371	789.5084723849528	0.0	679.5057311790503	799.3828489133276	0.0	662.6961940988633	1052.4207542319593	0.0	640.9732804937262	1277.774338083437	0.0	622.2783917866693	1306.5107406071063	0.0	665.3949890951727	1320.7206226995534	0.0	634.1437841173641	1312.1666843130236	0.0	568.5676656935536	795.0880393629313	0.0	563.386975297365	978.5181026575962	0.0	553.5349355879243	1146.6779069187028	0.0	554.488348386797	1212.1415539468135	0.0	528.9399378104081	1239.2210302624546	0.0	555.760261950073	1163.9749720674663	0.0	623.6019775989959	489.2560392417928	0.0	611.2363608210586	388.3756711179347	0.0	616.061125707114	445.2720180839644	0.0	722.3719714351835	519.8719059289728	0.0	779.3475680883485	682.6145546580731	0.0	772.0941460485122	791.2042108274889	0.0	525.1456115405429	510.8366877532149	0.0	467.214171855754	668.7903270679866	0.0	471.83250831168044	680.5917689530214	0.0
100	3.342911877394636	621.3696389577477	790.7089848465334	0.0	677.33793466301	802.2773880210318	0.0	662.5806154946954	1049.1266859883863	0.0	641.9232297827365	1278.8957976748866	0.0	620.0582757412805	1309.4119828951273	0.0	667.8894754530318	1322.3619195412707	0.0	634.6892599185103	1315.964193679652	0.0	566.4097718956025	798.974905232437	0.0	564.5312450820393	984.9684072688069	0.0	553.9562846982396	1159.7203032271968	0.0	560.3720130118445	1229.4243774064737	0.0	530.7464183281344	1248.9105037956895	0.0	556.1185721529877	1182.7951063658404	0.0	623.250240835089	491.8416417199856	0.0	611.6864900878248	388.71838015819685	0.0	616.0568040027732	447.5288304090714	0.0	722.0306344802772	521.7920184223467	0.0	776.2876143802324	686.289640062497	0.0	768.6108208801334	790.3462684380236	0.0	524.4143461298912	513.0218637961893	0.0	467.770635333601	670.1388887213669	0.0	470.8847268193791	683.2857870937619	0.0
101	3.376340996168582	619.5324031365599	792.9911199320037	0.0	674.5760192641079	805.7280714403203	0.0	662.7967241183229	1047.6298369657507	0.0	642.2106732701733	1279.4796864343868	0.0	619.0001845461597	1310.7669943315798	0.0	668.4708881183702	1323.0798698189437	0.0	635.5612598067275	1316.8214604609468	0.0	564.3031684430001	802.2884815669114	0.0	565.304276960445	990.2854648565948	0.0	554.6147064951894	1174.4858693480967	0.0	567.6319381386553	1246.3344862949884	0.0	534.1937607409152	1254.2902935838827	0.0	556.237235531241	1202.6089966296577	0.0	622.4372789693507	493.9485318477541	0.0	611.4137873494885	388.787627545601	0.0	615.783563458885	448.7360479493344	0.0	722.0586840290862	524.0943572060597	0.0	773.2714450057098	688.1361140261723	0.0	764.5831333721671	790.6306929733804	0.0	523.0317862770497	515.8468653745842	0.0	467.0956660568418	672.565062789975	0.0	470.0406913536774	685.0802734837778	0.0
102	3.409770114942529	617.5862374353776	795.9094124487323	0.0	672.6106714624392	806.8724050451876	0.0	663.230914963961	1048.0168808290175	0.0	642.1634744859194	1279.650196508354	0.0	619.8770647245393	1310.4233157374258	0.0	667.5906856552259	1323.35757463686	0.0	636.2130199159621	1315.3147280588473	0.0	563.2937714589265	802.7587113591738	0.0	565.4448070757511	993.106219666914	0.0	555.0834876705777	1180.2409203143045	0.0	572.0570663291386	1252.0475288268485	0.0	537.4984440551801	1254.2436506188308	0.0	556.1773536693821	1210.0002924572216	0.0	620.6106801690804	495.4118965906663	0.0	610.3798109362899	389.3826233786879	0.0	615.4397067576183	450.0934940287646	0.0	721.0635753928494	525.9268276282304	0.0	769.965977116453	688.4205599631069	0.0	761.2170561132284	791.6154082721031	0.0	520.7406695147207	518.5636712248888	0.0	465.7797270612664	676.3276393359972	0.0	469.1002943799644	684.7912515250292	0.0
103	3.443199233716475	615.8699623220681	797.9388091120594	0.0	671.7449452946497	805.3949299172773	0.0	662.9965088975073	1048.5997293821836	0.0	642.2046554549485	1279.8428777294178	0.0	622.1755808014898	1310.0892759722537	0.0	666.9260846826438	1324.1002438199296	0.0	635.9752158050844	1314.0235086632633	0.0	562.9625786938271	801.1785362706873	0.0	565.2388299292218	994.0508358512805	0.0	555.2258267494128	1178.8135017319507	0.0	571.3769419274687	1249.4470677720294	0.0	538.0979132806011	1251.887109788768	0.0	556.1008881824256	1209.2429612856088	0.0	618.0570147461971	496.6118191211252	0.0	609.2746079353618	390.6940558594075	0.0	615.2913456247865	452.2606815675894	0.0	718.1583076814936	526.5682653940547	0.0	766.1901770353081	688.2442757224371	0.0	759.6606813996957	792.6103423031306	0.0	517.9572343911664	520.5177546692144	0.0	465.15938801944543	679.1474741838756	0.0	466.80009204109444	684.9826869410987	0.0
104	3.4766283524904216	614.4990496935513	798.086606101774	0.0	671.1841980443421	803.3343596266565	0.0	661.8116936325099	1048.4687110921807	0.0	642.2837466794703	1280.2225869607505	0.0	624.3520243225693	1310.6538393940564	0.0	666.6379752215478	1324.9733379458405	0.0	634.9751219526639	1313.773871561927	0.0	562.5428048773779	799.6997321089804	0.0	564.5551466998884	993.8332476494987	0.0	554.9593837468233	1177.26917885581	0.0	567.8933452761434	1246.0079425504205	0.0	536.2332167251307	1250.13230116617	0.0	556.1984650761334	1209.1868245546018	0.0	615.3522159246322	497.63562231229565	0.0	607.8506992787478	392.7103116427178	0.0	614.753874728849	454.00673133505995	0.0	714.1011382236953	526.3389578977221	0.0	762.7500002872581	687.4224187651804	0.0	759.3111706367876	793.3322496966225	0.0	515.4475567306049	521.9073377682562	0.0	464.7787560092935	679.327122475876	0.0	463.642826026129	686.9086320414582	0.0
105	3.5100574712643677	613.0789120362596	797.1553946524698	0.0	670.0195284775031	802.7946029333765	0.0	660.1713597205365	1047.9263698147236	0.0	642.1021475805105	1280.7948193798745	0.0	625.291035607251	1311.4613174120093	0.0	665.8118263403067	1325.3052870990657	0.0	633.8359255892884	1314.035221145028	0.0	561.6352971372977	799.5222174614833	0.0	563.4448935480865	993.9909688185736	0.0	554.2787446960751	1178.7855181293069	0.0	565.994046934582	1244.240209680383	0.0	534.3455872009963	1249.5219043127563	0.0	556.387906311268	1212.487288448964	0.0	612.6326742266666	498.5778810142385	0.0	605.3980163667886	395.1272940004899	0.0	612.603180513799	454.3965383701682	0.0	710.611515026221	526.7798498062472	0.0	760.2867223303207	685.747558354556	0.0	758.914839660263	793.6943927647188	0.0	513.498822201978	523.3580898080149	0.0	463.3801565443781	678.3337645407739	0.0	461.85131220752595	688.7741560711899	0.0
106	3.543486590038314	611.6572279130196	796.4645274586367	0.0	668.4395997949497	803.8315279138545	0.0	658.6782651483546	1046.8276334283303	0.0	641.6099466519961	1281.2013426097649	0.0	625.1918768976195	1312.002200536931	0.0	664.4709361358622	1325.7936030881765	0.0	632.9142924671496	1314.3728722924689	0.0	560.1398722319353	800.0666180598578	0.0	562.3336156792053	994.941575977528	0.0	553.5863056516589	1181.159892401146	0.0	565.8387161177434	1243.4781980635769	0.0	533.6131412692527	1249.2451208374075	0.0	556.4262352259115	1216.2142317146627	0.0	609.9256353216163	500.2681434200432	0.0	602.193698211279	397.3949627085364	0.0	608.6541617048368	454.9504300738825	0.0	708.340430484476	528.6107667965618	0.0	758.1720680580543	684.456518247343	0.0	757.9312825338732	793.373253051328	0.0	511.769104151544	525.299364933279	0.0	461.53311480705645	678.1619032393821	0.0	461.4139723679723	689.5216263143993	0.0
107	3.5769157088122605	610.61569779283	796.230805819643	0.0	667.1344514050119	804.7460547831129	0.0	657.5464751031071	1044.787598576759	0.0	641.1571305134842	1281.1083367673407	0.0	625.0983632462751	1312.1614316597222	0.0	663.462541926176	1326.5582444720885	0.0	632.3272414472764	1314.3466027047325	0.0	558.3109362381696	800.4038694168947	0.0	561.1115497503453	994.7390466274668	0.0	553.5904471622205	1181.7164698981487	0.0	563.7738091799241	1243.0745256790406	0.0	533.214062876643	1248.7243587738574	0.0	556.6880370430488	1217.3534396219372	0.0	607.2698034658646	503.08579303962813	0.0	599.1587540392501	399.41861276416364	0.0	604.1426772727355	457.2465989890281	0.0	706.2146499008348	530.7614017612096	0.0	756.0345206549763	684.5760450181673	0.0	756.9028342432836	792.0503083357248	0.0	509.85789371474044	527.8420054490299	0.0	460.1392580419175	679.2369879593224	0.0	459.96991876858533	690.1082297677661	0.0
108	3.6103448275862067	609.4318897645568	795.9370826316147	0.0	665.7860101183189	804.3966624423863	0.0	656.6367363020985	1042.5700200571166	0.0	641.0275098753342	1280.8632333042915	0.0	626.0917979208073	1311.4348209749435	0.0	663.1756322423266	1325.9054214432826	0.0	632.2061505807001	1313.5510533757363	0.0	556.672648420343	800.5219304260373	0.0	559.4361018603547	992.1708890186086	0.0	554.3884163152186	1181.9774456876428	0.0	559.5932062079254	1242.1871308983564	0.0	531.9320423582644	1247.4884977694269	0.0	557.4061785692752	1217.4576817620937	0.0	604.661615279832	505.775741941312	0.0	596.4742230959127	401.8356673460307	0.0	600.1638410305006	460.55894957084666	0.0	703.2902893586505	532.3789421267375	0.0	754.6858907751606	685.1239542976598	0.0	756.6261357718626	790.5185733444155	0.0	507.7120536249614	530.5666390803111	0.0	458.20873451101113	681.2983221151954	0.0	457.1863322847228	691.2596476545962	0.0
109	3.6437739463601533	607.8111792089979	795.4082891687298	0.0	664.0489140554664	803.1454306726747	0.0	655.6638302184753	1041.325234865885	0.0	640.9360670980103	1280.6291644054772	0.0	627.806097976115	1310.1290960624265	0.0	663.212668510729	1323.5220774006016	0.0	632.2892045906659	1312.34598726164	0.0	555.5916744686638	800.5581368682901	0.0	557.6643288767967	989.0743187404595	0.0	554.6845177453666	1185.4077729605372	0.0	556.5053508554541	1240.5546449507628	0.0	529.2161573246693	1245.9770659389383	0.0	557.5615747957296	1220.6634975622978	0.0	602.4163376048583	507.3933808623797	0.0	593.5305890427551	405.1241469507819	0.0	596.8564040738614	463.70509727312145	0.0	700.2655751920164	533.8772232095756	0.0	754.3855190315294	684.9447143538355	0.0	757.0950342435061	789.9688193970552	0.0	505.4666958057829	532.7745784050634	0.0	454.79895560448995	683.8233021706731	0.0	454.8751273083543	692.7603187923145	0.0
110	3.6772030651340994	606.5329534738449	794.739781738717	0.0	662.5464646463092	801.8914728970801	0.0	654.3375136019183	1041.1353559730144	0.0	640.6055574719983	1279.9809912987012	0.0	628.3740910994595	1309.5497382628987	0.0	663.2338638464038	1321.9778295664207	0.0	632.0969946080908	1312.0466527729154	0.0	554.5703018992667	800.3319133211253	0.0	556.413381974948	988.0595374619787	0.0	553.2283611963782	1190.9848386282654	0.0	555.4518747946427	1239.741873399258	0.0	525.7455769194789	1245.7624903887845	0.0	556.343869657032	1227.108416069384	0.0	600.6260044661723	508.63025174903646	0.0	590.0567434079138	408.63677135625244	0.0	594.1322118101382	466.66978759962393	0.0	697.9296780106826	535.428308124284	0.0	753.9745831966343	684.2237468702598	0.0	757.799517953191	789.8738250902542	0.0	503.17439139607814	534.3858561122095	0.0	451.35334382452527	686.2661190775312	0.0	453.5434361882096	694.3026361992296	0.0
111	3.710632183908046	605.5012911346724	794.0602523498472	0.0	661.2585023336217	801.1542212196775	0.0	652.7282392809756	1040.6807849389572	0.0	640.2650732245544	1278.7820603933858	0.0	627.0716367119778	1309.8926964831164	0.0	663.2523374870062	1323.0381902908161	0.0	631.7217223306632	1313.1685217418453	0.0	552.7887470962946	800.0829401823665	0.0	555.5822614589412	988.8109082754614	0.0	551.1213279884176	1193.7888315125906	0.0	554.8597917649848	1240.786160462722	0.0	522.8553571467073	1247.0560074481732	0.0	554.9123649549622	1232.1901566539223	0.0	598.5670162296867	509.9088252654563	0.0	586.4842376840103	411.18861912265015	0.0	592.2054606874922	469.36074442607276	0.0	695.5650081089715	536.4752000060026	0.0	752.327026918203	683.3329169159159	0.0	758.2804476366111	789.2465213569712	0.0	500.8119664502246	535.8942865289519	0.0	449.58064291938575	688.460231520018	0.0	452.5998623945929	695.5660779143451	0.0
112	3.744061302681992	603.5508927959506	793.6629869593257	0.0	659.2162093132155	800.888425928301	0.0	651.5208898822982	1038.5528022268336	0.0	639.9872259973448	1276.7417360315178	0.0	624.9702243416854	1309.9264027400452	0.0	662.7621458323041	1324.365178768121	0.0	631.7084247133224	1313.4459889747875	0.0	550.6052846924656	800.213547982272	0.0	554.6743686709239	989.0016459017766	0.0	550.740285354488	1192.7733650518858	0.0	554.0222568238421	1242.3743208161393	0.0	521.7729024798301	1248.343133536984	0.0	554.7100691395141	1233.3379550720485	0.0	595.4940362570193	510.6637063104087	0.0	583.31566479534	412.61086086377134	0.0	590.5010361717502	470.8948188236123	0.0	692.1781119028864	536.7697554971729	0.0	749.4144590989006	682.4613076461933	0.0	757.7438903994811	788.6664287003495	0.0	498.3481232656983	537.3723325355858	0.0	448.5293643680849	689.8219123099018	0.0	451.79134243611577	696.4200328112504	0.0
113	3.7774904214559384	600.5970458877804	793.5336262954135	0.0	656.2545235091327	800.5157529145947	0.0	651.1867661281439	1035.059058632044	0.0	639.5639829589956	1272.7635068746056	0.0	623.2844369116002	1309.1028142188336	0.0	661.2779201633335	1322.1225836152423	0.0	632.2930954700386	1310.0275561829105	0.0	548.9035445608806	800.237221339858	0.0	553.6437533042009	988.4882603022721	0.0	552.2374067319575	1191.1722664587185	0.0	554.2589249656706	1243.059501287597	0.0	523.2944248314035	1248.8806145964413	0.0	555.2789075702447	1232.4886678665928	0.0	591.8703272218243	510.57579652534804	0.0	580.4994985323892	413.74945345312983	0.0	587.2809250917309	470.85681394404014	0.0	688.0688721320399	536.5683635746085	0.0	746.1176168753008	681.950918656315	0.0	755.9389780885715	788.6723170977848	0.0	495.8609444632497	538.3290295354178	0.0	446.7192517941792	689.6207720343117	0.0	450.5707683078661	696.9804062936845	0.0
114	3.810919540229885	598.1248296395097	792.9442809527937	0.0	653.5638427041987	799.2708990357742	0.0	651.1982404353508	1031.6533645620398	0.0	639.1631503042516	1266.2194338416873	0.0	623.0138264715273	1308.2143723808176	0.0	659.7462654969241	1316.260760828072	0.0	632.8911942822095	1303.3245503847565	0.0	547.8585289222231	799.4101664741243	0.0	552.7298776897101	988.8890225077547	0.0	553.3680362527142	1190.6885125346212	0.0	555.510933203057	1243.0833308044412	0.0	526.0930784419795	1249.3599258406537	0.0	555.3801902792857	1232.6666488167932	0.0	588.925151935901	510.1218870741127	0.0	577.6276270905782	414.88149751122313	0.0	582.296909852529	469.98015946047576	0.0	684.4095920461177	536.2884175508847	0.0	743.2952045842659	681.8388921782989	0.0	754.1931686954441	788.7940756516577	0.0	493.4835224153543	538.6447761289329	0.0	444.8927435166394	688.7835729922491	0.0	448.36139691178107	697.1657566148053	0.0
115	3.844348659003831	597.2480505451025	791.3065650558791	0.0	652.199625314116	797.0902714564755	0.0	651.2520765889251	1029.2962070428107	0.0	639.1795683894198	1257.6407772501375	0.0	624.3554319961713	1307.0130361352205	0.0	659.5075741406622	1310.4134606245566	0.0	632.6092268454242	1295.1726743508757	0.0	547.2303343103034	798.0181810887943	0.0	551.8433085787617	989.4105521839153	0.0	553.1426271760729	1191.0969800767045	0.0	555.4449627340537	1243.3769245102603	0.0	527.5049084297723	1249.7692073760381	0.0	554.8308358895066	1235.3721641893674	0.0	586.7394557511017	510.2929020642075	0.0	574.5769249778664	415.59955758243933	0.0	577.5606162336568	469.3518925360713	0.0	681.8195634460384	536.1992594487871	0.0	740.8711737774436	681.486833358132	0.0	753.5181554094565	788.9223382233146	0.0	491.30168942276106	538.9074684299202	0.0	443.9865583450387	688.580190383279	0.0	445.8013632091003	697.3254315962851	0.0
116	3.8777777777777778	596.9031514188065	789.3224849597723	0.0	651.345147455592	794.9588764751363	0.0	652.1207840090061	1028.076930549347	0.0	639.6845516856145	1247.2121386713072	0.0	625.3710505452802	1304.0651391976999	0.0	659.9644440543215	1306.6469914523218	0.0	631.6094529675089	1284.58255325823	0.0	546.3653947822951	796.9183612538947	0.0	550.6643958225969	987.5861151800002	0.0	552.8182394575275	1192.2541336038432	0.0	554.3119229434959	1244.1863522815293	0.0	527.1487865858506	1249.0451806209078	0.0	554.1657947554176	1239.4842450377575	0.0	584.3097413152	511.4167399216247	0.0	571.3772092219671	416.03375277822596	0.0	574.2145172790749	469.4129083162029	0.0	680.0585648247404	536.223766642355	0.0	738.5413634205098	680.0838309590549	0.0	753.3825704786884	789.2487904463948	0.0	489.49401741657607	539.6725554731881	0.0	443.3528654742259	687.7988729860817	0.0	444.2019594314978	698.4873010991407	0.0
117	3.911206896551724	595.4131646398407	788.4148979859527	0.0	649.5326850180066	794.0117153257174	0.0	654.0521810926343	1027.131226785212	0.0	640.3694724997532	1234.4941874606002	0.0	624.04715851068	1300.9681957493056	0.0	659.3637676132117	1304.0644953814817	0.0	630.7383875361699	1270.0228340619612	0.0	544.6715434716125	796.6735969649465	0.0	549.3960905874081	984.4310666251754	0.0	552.9202875171475	1193.9153678481725	0.0	554.0797177185648	1244.8226076012895	0.0	526.4152424809735	1248.6364328464088	0.0	553.7089760727148	1242.6537106886674	0.0	581.4598154757838	512.777963994371	0.0	568.1953660182519	416.8562051195791	0.0	571.5069787235909	469.8669572570631	0.0	678.3569075489144	536.2285906841853	0.0	736.6522089769825	677.7933414986417	0.0	753.176796306241	789.327520374401	0.0	487.9022659685975	541.0444414751571	0.0	442.1178387632215	685.4359099307195	0.0	443.7784202679474	700.716953343317	0.0
118	3.9446360153256705	592.88870807836	788.7605741914276	0.0	647.0043145610913	794.0903491488948	0.0	655.9524938284105	1024.599665984552	0.0	640.86431572986	1220.2132718388216	0.0	621.9324317478362	1300.9769203329458	0.0	658.0443155908144	1301.4691298367297	0.0	629.8317912420247	1253.9583151042557	0.0	542.4138594850909	797.1909422531575	0.0	548.6841421611338	983.4790707907571	0.0	552.5476648439397	1195.4958018210323	0.0	553.8384559889314	1243.4756730913623	0.0	525.8867817314424	1250.4158832556827	0.0	553.6995104631882	1243.4921686431148	0.0	578.9657431902986	514.1513727898346	0.0	565.5307737494377	418.28345254054983	0.0	568.5255435999078	470.5467944694505	0.0	675.8208267859246	536.2126578252712	0.0	735.3513997739772	675.7318689103666	0.0	752.775664127463	788.6265200899938	0.0	485.78891932689896	542.804801890054	0.0	440.1459551624421	683.3472231994257	0.0	443.6036783816834	702.6462682717664	0.0
119	3.9780651340996167	590.2786260973926	788.8174433050262	0.0	644.8354709215079	793.6483710723273	0.0	656.870051136635	1019.3158423524036	0.0	641.0821383058836	1206.0370115653693	0.0	621.9616075411747	1302.1918492360628	0.0	657.9859729819167	1297.5803028471562	0.0	628.4930229047679	1240.0932391473764	0.0	540.2107198974585	797.2936108540802	0.0	548.5240748131314	984.564473907596	0.0	552.0786696893606	1196.1022777942082	0.0	552.3653289574762	1238.4030963164198	0.0	525.7966335787363	1249.7421272142358	0.0	554.6667774353356	1242.083881246309	0.0	577.2448010686087	515.7020954827643	0.0	563.4891365325058	419.66493245988454	0.0	565.2688739835226	471.3913075783946	0.0	672.9592998440809	536.1788562762255	0.0	733.8219539169777	674.081114053735	0.0	752.1189855463948	787.5930690502947	0.0	483.2126593201091	544.2928857244258	0.0	438.03380637102316	682.3886885037045	0.0	443.07380670817344	703.4879544421518	0.0
120	4.011494252873563	588.0795799698205	787.4707642494113	0.0	643.2039958061727	791.8543942316211	0.0	656.8773703071922	1012.8102192657724	0.0	641.1123002264927	1193.0598426395677	0.0	624.2077068925955	1299.5174394432672	0.0	659.6273812198625	1290.7948208945363	0.0	627.4738237941934	1228.5259853692369	0.0	538.6461913591085	795.7004514750234	0.0	548.2164645744803	984.8760728752234	0.0	553.013189178499	1195.2613681240016	0.0	551.2850875444065	1230.991983067095	0.0	526.4506311601666	1241.0298500523254	0.0	557.1758255019221	1240.3183844716875	0.0	576.2002363815227	516.5993085411006	0.0	561.6840441108684	420.3041716141211	0.0	562.4262034817724	472.0040684615177	0.0	671.302916768173	536.2175339244011	0.0	731.4954708692239	671.7638403011211	0.0	751.4122803389115	787.0272403325465	0.0	481.6980850710887	544.8377465210289	0.0	436.68069546428	681.2823557226837	0.0	442.02104017924387	703.9258121609629	0.0
121	4.044923371647509	586.6154328747646	785.7800629792652	0.0	641.5863558487459	789.7879894000265	0.0	656.1849115393742	1007.6562611980341	0.0	641.0199965226107	1182.7435387259675	0.0	627.4234727174043	1291.5186510192395	0.0	661.9077081620682	1280.8169730745826	0.0	627.3340434555703	1218.5652943816658	0.0	538.008149926384	793.036855315427	0.0	547.5043459780354	984.1750852298675	0.0	554.5500585989577	1193.8122868232124	0.0	551.6706888541318	1224.4922721881985	0.0	527.3684100524733	1229.5163333450255	0.0	560.8024405090212	1239.9943325286547	0.0	575.6827740515567	516.3633564517287	0.0	559.859289279162	420.4277910391623	0.0	560.1639397427879	472.6278589635467	0.0	670.6837983501507	536.4963067803749	0.0	729.4936543283198	669.0641903396738	0.0	751.0301798803541	786.6045939443991	0.0	482.1444082434989	544.7323743152936	0.0	436.37362559470836	680.0402874884599	0.0	440.26368192788493	704.4945347175717	0.0
122	4.078352490421456	585.8788669408494	785.4065117975275	0.0	639.7361902056872	788.666894452651	0.0	654.7208409734142	1004.311805487478	0.0	640.9169900873017	1177.7330651901764	0.0	631.0330969540863	1280.3745041252905	0.0	663.7707341967807	1269.8726920599552	0.0	627.5010529265567	1213.3489753404654	0.0	537.9918758517176	791.4675197286012	0.0	546.8366884332409	983.9177477330007	0.0	554.3976764766713	1192.5063692826066	0.0	552.1648960512111	1220.7740246708465	0.0	527.8323000066382	1226.460981498876	0.0	563.2152604262532	1240.4256736831298	0.0	575.4403566709357	515.9454250907608	0.0	558.0547674674762	420.75129147910104	0.0	558.238979194192	474.0441958660565	0.0	669.6673961277411	536.7833489263269	0.0	729.3706824549914	667.9733253833882	0.0	751.0127831340927	785.836823758529	0.0	483.3348553300651	544.8560120619388	0.0	436.8789194382841	680.155414190132	0.0	438.49731137917905	704.5212669142943	0.0
123	4.111781609195402	585.5979666694267	785.8591942282944	0.0	638.4334512650502	787.8476235996586	0.0	652.7857088621881	1001.8375977570425	0.0	640.8776029431175	1179.2182659947525	0.0	633.1796724158957	1268.6111111958292	0.0	664.0904574140309	1261.0199228483832	0.0	627.812209198681	1215.654291402286	0.0	538.3530278224616	791.736673507666	0.0	546.530164002726	984.6434860817112	0.0	552.6108668522512	1190.8194853085529	0.0	552.540215118588	1221.3130945264145	0.0	527.7063868260194	1233.7724564292535	0.0	562.1111024055735	1239.8960152392672	0.0	575.2136241867883	515.9056877807642	0.0	556.7990709443724	421.3209978562521	0.0	557.0339407220085	475.7766632662134	0.0	668.2077251996503	536.5746787194947	0.0	730.6683530240065	668.5638878051684	0.0	751.1095639845096	785.4492918367781	0.0	483.71879752234787	545.6012476510388	0.0	437.9458829280164	682.23800052742	0.0	438.2981064479911	703.9483925000707	0.0
124	4.145210727969348	585.7949623837359	785.0266100867829	0.0	638.8066965896046	785.6926599451627	0.0	650.7719106799742	1000.2638431821479	0.0	640.8290838656264	1184.533706344492	0.0	631.0435520684795	1257.900448856368	0.0	661.8537273615442	1254.6484280650445	0.0	629.1303478028153	1221.748783612856	0.0	539.2756123368283	792.3318946202144	0.0	546.4624499561218	985.9502271997069	0.0	551.3218574484689	1189.7608073592437	0.0	554.0369623923365	1224.5832369399332	0.0	527.195109647136	1242.084809742503	0.0	558.6498816051237	1238.7604905462326	0.0	574.9623678164554	515.8825480144989	0.0	556.3887449849269	421.52960052346634	0.0	556.802513998404	476.5126545555777	0.0	667.811538078793	536.0642356596263	0.0	731.4456566374856	668.6601776314628	0.0	751.140705187856	785.8473987769579	0.0	483.2437592396744	546.6441985085933	0.0	438.9982224624477	684.8372528003173	0.0	440.3625805815213	704.2175563839446	0.0
125	4.178639846743295	586.5665044484247	782.400404168473	0.0	640.7454727087339	782.2408360843104	0.0	648.5972634392306	1000.0064369764488	0.0	640.6924270010559	1189.5238665236006	0.0	625.0391897203342	1249.404758304622	0.0	657.8075660779485	1249.2824152498845	0.0	631.4389924516433	1225.8159912545198	0.0	540.6371336016235	792.2132553833413	0.0	546.4732661435593	986.9143791183242	0.0	551.8589526699217	1193.0930108019909	0.0	556.0248057548242	1225.51074302871	0.0	526.5593625647305	1243.715760365136	0.0	556.1841356794021	1240.67877686311	0.0	574.7840797171219	516.0097414837353	0.0	556.0849074420635	421.15399626083735	0.0	557.0590778951663	476.0859989694099	0.0	669.3775291209333	536.0861063194285	0.0	731.0819605641354	667.7687313848209	0.0	751.1255203150553	786.1751965339246	0.0	482.69490796594783	547.3041448923288	0.0	439.7722591122067	685.9440482163998	0.0	443.32531808763866	705.5594072321472	0.0
126	4.212068965517242	587.52263301862	780.3486304954744	0.0	642.6036687024699	780.081398901085	0.0	646.1818685266903	1000.4649503885186	0.0	640.5460421514716	1192.4124208079654	0.0	619.5768630150314	1243.669860996785	0.0	654.8370677388535	1244.8276574192053	0.0	633.1021934533755	1227.5232400446125	0.0	541.7100932608888	792.0309217349152	0.0	546.4494081215017	987.5849423058656	0.0	553.3612205777418	1199.3827899627777	0.0	556.5460749629824	1226.0342162481477	0.0	525.8508128363691	1241.7837516602672	0.0	555.6653372065197	1244.9798717726644	0.0	574.7576221309896	517.0275662716467	0.0	555.272556928339	420.7257601432071	0.0	557.0727191464396	475.4340463120448	0.0	671.5433017246194	536.9562307973913	0.0	730.8310856017791	667.2446933357795	0.0	751.1593212489175	785.6958951079375	0.0	482.58031777687984	547.6121559784214	0.0	440.9023999461031	685.3112980901582	0.0	444.55151194700363	707.0503175081578	0.0
127	4.245498084291188	588.2099461212682	781.2672285560772	0.0	642.911378606072	781.7062981050059	0.0	643.6744855958948	1000.942342588982	0.0	640.4898197644267	1193.7651862718185	0.0	617.9837345620683	1239.6820182449374	0.0	654.2660679239174	1241.5503062519713	0.0	633.1470793555264	1229.4477417859437	0.0	542.0765934662022	792.201358898025	0.0	546.3482966308607	988.5628069845004	0.0	554.1367830924282	1189.5660604567404	0.0	554.975733370256	1232.8891056551124	0.0	525.0629911978725	1244.613172002223	0.0	555.4668122137834	1229.3597271460023	0.0	574.8907246447892	519.0083742147018	0.0	554.2709658111626	420.9730057210397	0.0	556.1627867362348	475.4888119683927	0.0	672.2445086172588	538.1743466069086	0.0	731.9289420654648	667.5081840343506	0.0	751.1332075492342	784.9625090961138	0.0	483.02819208122935	548.3412809175943	0.0	442.5759128425889	684.2257006187166	0.0	443.0904037459708	708.6768929130794	0.0
128	4.278927203065134	589.0878817999568	783.6825495645269	0.0	642.4316222345765	785.8583357742283	0.0	641.432819740469	1001.8933000108129	0.0	640.2117422154182	1194.4390365911943	0.0	618.571019800245	1234.9136837343508	0.0	653.5326478539765	1237.9640524522986	0.0	632.5907037691087	1231.3018706131068	0.0	542.1863194619684	791.6535913825488	0.0	546.3545435484588	987.2624958916507	0.0	554.050726146436	1139.014653528489	0.0	552.6800586108839	1241.7804625378271	0.0	524.4850284572609	1252.2915045426491	0.0	555.1119083507368	1163.035992030133	0.0	575.1826980398173	520.8940737543381	0.0	553.5439268572503	422.02379822935114	0.0	554.2023135517873	476.48355871355557	0.0	671.5070648429345	539.21629770618	0.0	734.2831773576031	667.747927816097	0.0	750.7832566675096	785.3709166216956	0.0	484.10383569937966	549.3314790072692	0.0	444.5297355607353	683.8426783836038	0.0	441.3734769543381	709.3370251935158	0.0
129	4.31235632183908	590.7389460994524	784.0529479069938	0.0	643.058289590591	788.8759579980623	0.0	639.7541760458724	1003.7658473897881	0.0	639.0478959688953	1194.972882272077	0.0	616.7606926384119	1228.6473133363227	0.0	650.6719459719466	1233.3433486844667	0.0	632.2618931095468	1231.5173636629331	0.0	542.7137314647176	789.4651138199629	0.0	546.3895115394091	980.9319937348356	0.0	554.127326366136	1060.805212278312	0.0	551.5868552504451	1242.5276597843156	0.0	524.2759485049859	1252.788510830046	0.0	555.7136077075024	1063.0502823260977	0.0	575.8327462627899	521.859288235936	0.0	553.0684120332422	423.12758668372294	0.0	551.782837701385	477.7816658430416	0.0	670.9728740520646	539.9972266686777	0.0	736.7543034749725	666.8545029191596	0.0	750.2896451968458	786.7129178459161	0.0	485.94087942858346	549.9385910002645	0.0	446.9250658581569	684.8786670868578	0.0	442.2495179992676	707.8532029418687	0.0
130	4.345785440613026	592.4856967726116	782.5155647406827	0.0	644.803947069382	789.6173815363297	0.0	638.1571481288357	1005.7087082990881	0.0	636.912753394412	1195.6441287750222	0.0	611.4218062461714	1224.4944341797614	0.0	647.5613626787645	1230.1128128426399	0.0	631.3901197522849	1230.4519623946032	0.0	543.8263386981497	787.1643330042841	0.0	546.1388189637405	973.6732629857385	0.0	554.388153729113	1003.7597768991637	0.0	550.8201562075365	1235.2999090874855	0.0	524.2498985496327	1228.0835193506948	0.0	557.2686581521712	990.7952662307454	0.0	577.2144625421876	522.339672746742	0.0	552.4191389614228	423.6111362509671	0.0	549.6925028074369	478.8753861934523	0.0	671.5622795967781	540.5514063273157	0.0	738.7484231520367	664.2761422275911	0.0	750.4189194493665	786.7472312699234	0.0	488.4731638510616	550.5026371143668	0.0	449.49501816639	687.2451160898735	0.0	445.6250179703874	707.5632205319529	0.0
131	4.379214559386973	593.6114600265778	781.9835767736174	0.0	646.4695782379089	789.5016082671712	0.0	636.2377112895081	1007.0144087692432	0.0	634.6902259373679	1196.585175112842	0.0	607.2239859654386	1224.7506663115591	0.0	646.0412208242412	1229.867282153589	0.0	629.7072947501179	1229.1922038297275	0.0	545.3282195346839	786.9474738603365	0.0	546.092245504684	970.941818500701	0.0	554.096349987651	987.1562916827496	0.0	547.6762650824139	1225.5728701594094	0.0	524.3139065520359	1167.1559404855946	0.0	558.6126792297079	968.4766651642917	0.0	579.4068272470541	522.8860650252309	0.0	551.7025341073797	423.808149433925	0.0	548.5100889145165	479.9671408345942	0.0	673.0792339077564	541.027050527259	0.0	741.2113497663586	660.7056530383568	0.0	751.4679377828536	785.0929090074704	0.0	491.6539649461056	551.2390463022541	0.0	452.03067281201317	689.3302891139298	0.0	449.6504811667033	711.8106613401648	0.0
132	4.4126436781609195	594.7383898399617	782.5710624461008	0.0	648.218432571457	789.0637556388491	0.0	634.9704701561343	1008.057803211806	0.0	633.2658680142961	1197.7142984536517	0.0	607.699539261063	1226.3937359408217	0.0	645.320967873668	1230.7540712730251	0.0	628.4426137774245	1227.9245292911564	0.0	547.2248960283152	787.8269398020778	0.0	546.9086725532889	970.6895210186818	0.0	553.4926046418954	983.171796145447	0.0	543.9084475494932	1214.0402333200718	0.0	524.5277196958765	1088.3079014766465	0.0	559.3088346316958	960.6673487519049	0.0	582.1414528432464	523.276578994572	0.0	551.9982475772393	424.30681345516916	0.0	548.3187169258791	481.08045768419424	0.0	675.1416250165116	541.934154966197	0.0	745.1865721635365	657.4010302260338	0.0	752.7396810559169	784.1632497506974	0.0	495.82665836991066	551.366814843287	0.0	455.3488733669857	689.7249196044397	0.0	453.57531513618966	716.2218116909306	0.0
133	4.446072796934866	596.5896335970187	782.3435578193502	0.0	650.6928087455766	787.9554055372347	0.0	635.3729539952024	1008.9248755372403	0.0	632.7777280697499	1198.4552691675235	0.0	610.4425818335167	1226.9297659915915	0.0	644.5141704659155	1231.259867874703	0.0	628.3618784792909	1226.5796977197415	0.0	549.3874375123869	787.2517216063308	0.0	548.1644819774913	968.862559870344	0.0	553.5695068212406	969.2887662475193	0.0	543.808206134089	1203.0989406813771	0.0	524.9782595824175	1033.7652956189272	0.0	559.9217092279329	941.0545364994911	0.0	585.0776577996036	523.338809372416	0.0	553.6383525908361	424.8647940988349	0.0	548.579239708275	481.84810787270493	0.0	677.3333207759896	543.4251661338149	0.0	750.245957668362	654.8867474133988	0.0	753.799810755119	784.820059319983	0.0	500.8199163337049	550.3534066112561	0.0	460.0117189483384	688.6689837927203	0.0	457.8204075667915	714.3254414459318	0.0
134	4.479501915708812	598.8160004337007	781.6107802645187	0.0	653.1962550041806	787.0556246960346	0.0	636.7622458848575	1009.2652381119781	0.0	632.9514023260705	1198.4962024019535	0.0	612.1291638199988	1227.153951789177	0.0	644.024704829973	1231.7925005869204	0.0	628.7857011730858	1225.5918225338041	0.0	551.2080037961327	785.6572889920452	0.0	549.1742398488827	966.9745761048293	0.0	554.4985926428569	954.7891133359107	0.0	546.0060076777519	1198.4425655711636	0.0	525.7981973066262	1035.9523209165106	0.0	561.0925156726539	922.1689078040592	0.0	587.8462183690672	523.3448606961424	0.0	554.8126411059388	424.9257572123049	0.0	548.2215335811289	482.61814504006924	0.0	679.1491765985197	544.5991196222947	0.0	755.2721889860942	652.5398888548203	0.0	755.2256047347624	784.9590238354298	0.0	505.63021938605107	548.849872090909	0.0	465.7265790036558	686.3365030754896	0.0	462.53655227598927	707.8107929671628	0.0
135	4.512931034482759	600.8021339053372	782.0110026956786	0.0	654.6876008590817	787.8431338870016	0.0	637.9582417433712	1009.0248130145073	0.0	633.4709907210244	1198.4389439261495	0.0	612.6833923790159	1227.619664070099	0.0	644.3761859333008	1232.5210028873862	0.0	629.0651329467671	1225.4369964512682	0.0	552.6562751972781	785.4102549962511	0.0	549.8271955588298	967.8696475553902	0.0	555.3754274744994	954.1771334131846	0.0	545.9756039925692	1199.1609223487724	0.0	526.8024982900702	1096.203600124424	0.0	562.5333130071111	921.2900626378072	0.0	590.3643332265888	523.4459677915514	0.0	553.6087444867305	424.7877643043309	0.0	546.4843134000002	484.46727508076197	0.0	680.5912647923636	544.5698730747821	0.0	759.6938621447501	649.0021537779911	0.0	757.6159384168761	782.6507265799979	0.0	509.858954301714	547.8413069197273	0.0	471.9983557519264	682.4827353375266	0.0	467.4538768008181	703.0909935536697	0.0
136	4.546360153256705	602.5767273802676	783.505434707115	0.0	655.1319437968924	789.9307745684885	0.0	639.0213788760625	1008.3657422100688	0.0	634.1120130105955	1198.7782630830454	0.0	613.090724400406	1227.8866662844837	0.0	645.1209708863285	1233.018019527693	0.0	629.7552239175109	1225.7382428405456	0.0	554.7358849298286	786.521401540847	0.0	550.1067969730607	969.0667877617038	0.0	555.7139575270947	964.0240284011734	0.0	544.2875533405751	1199.5851040903467	0.0	527.5271250326119	1171.8377226358912	0.0	563.2879197214752	933.0699728232488	0.0	592.7059860019234	523.3206004818554	0.0	550.80956669459	425.0584382254846	0.0	544.308054639611	487.2310031927961	0.0	682.1658269068786	543.7350475013612	0.0	763.4827804914901	643.678466143894	0.0	760.7612109389141	777.940389745766	0.0	514.1191210073863	547.3098738588404	0.0	478.1142686458402	679.0463887506434	0.0	472.3401781213978	701.7654937336418	0.0
137	4.579789272030651	604.6312423127378	784.716302597145	0.0	655.3451729673816	791.4589578993517	0.0	640.3784469541442	1007.8251151944194	0.0	634.8808344260451	1199.0127531570545	0.0	612.4817726430292	1227.8560518355787	0.0	644.3455009973326	1232.9639385296123	0.0	631.4504825362674	1225.5539495492083	0.0	558.1422312158118	787.0317890869459	0.0	549.4902927831477	965.5855858663879	0.0	555.8503869399972	972.6234778333263	0.0	544.2521251093482	1198.73347503234	0.0	528.0183245770555	1209.2040560087346	0.0	562.9964881212003	941.6132182344197	0.0	594.6724328198038	522.5814367450404	0.0	548.4557538853462	425.3612112883393	0.0	543.6150115678763	489.1500326687755	0.0	684.0255377461425	542.8708379158752	0.0	767.0491672870452	638.1246916094912	0.0	764.0755186812333	772.3406737542493	0.0	518.7420898453787	546.3475864753367	0.0	483.69145902394047	678.4195570671349	0.0	477.30981803216855	700.4246985666246	0.0
138	4.613218390804597	607.3053511543924	784.6150946153074	0.0	656.3607423952274	791.9367818884949	0.0	641.7013703854109	1007.7121159544484	0.0	635.7406253163389	1198.5959392974175	0.0	609.1760678929659	1227.8713105801164	0.0	640.9297121745772	1232.3030313243928	0.0	633.5498948499466	1225.1992951984355	0.0	562.3052604655957	786.5123942558749	0.0	547.3021595638313	957.7535304071216	0.0	555.6561385057187	975.2502458734069	0.0	545.108004985322	1202.6942747196663	0.0	528.6154048789526	1209.7432144845236	0.0	561.9752632498329	940.577410862147	0.0	596.4228577177906	521.6979964372949	0.0	546.464592684722	425.5846329826602	0.0	544.8181227150551	489.7847519350992	0.0	685.8983320749672	542.1619078685138	0.0	771.1306604310153	634.3988902940994	0.0	767.058771887943	767.6056935752529	0.0	523.3932072056625	544.3568345005763	0.0	489.4445041179673	678.557160604832	0.0	482.8443286003362	696.703347537545	0.0
139	4.6466475095785436	610.2886980329847	783.4208874241746	0.0	658.4883428484446	792.4825237736725	0.0	642.8083757311207	1007.3934575328559	0.0	636.4057957748579	1198.147272236371	0.0	604.2770678435197	1228.6136159877697	0.0	637.0902550557153	1231.9277218986326	0.0	635.2619798247346	1226.1510875958306	0.0	566.270306029285	786.0580314707121	0.0	543.7422133723346	950.5143703394851	0.0	554.7455567800812	971.8667329338168	0.0	544.6097112607415	1217.7163133183624	0.0	529.6577192866678	1211.665044777031	0.0	560.7685448773804	933.7625187306412	0.0	598.5043580479877	521.5384234506138	0.0	543.5773785890493	426.8554199233009	0.0	546.6825029580334	490.6209421488513	0.0	687.7606596840241	541.9400697727077	0.0	775.8786288993372	632.7541569606192	0.0	768.8447941717596	764.091338413295	0.0	528.0402814833114	541.6479769326681	0.0	495.77368690554954	675.9286654854197	0.0	488.9264707592713	692.1282157747502	0.0
140	4.680076628352491	613.0235816942273	782.2053264280381	0.0	660.9561177267412	793.6438843835366	0.0	644.210413278846	1006.5276288502389	0.0	636.7030362488388	1198.653451748065	0.0	600.8202584839142	1230.5564611810562	0.0	634.3440294920715	1233.247627513294	0.0	636.65887795177	1228.0589932785983	0.0	569.8099707764023	785.7557476866681	0.0	539.6069466033255	946.3164724702619	0.0	552.9883218067607	961.232016124044	0.0	544.4969498317475	1232.6038887474465	0.0	532.7655741666955	1219.846583693412	0.0	559.7501197139804	925.5938469544226	0.0	600.8629109133318	521.7349918348732	0.0	540.4242470698969	429.18644305407986	0.0	548.2317897433908	492.13247175553437	0.0	689.8096121131346	542.5447923693763	0.0	780.2816246162802	632.3003514552594	0.0	768.321142301319	760.5072946886481	0.0	532.8752857681528	538.8558123900026	0.0	501.87658873754316	671.5292966418097	0.0	494.87193524156265	689.1260302271068	0.0
141	4.713505747126437	615.2700406133303	781.2807753803744	0.0	662.8277581110849	794.6266817099546	0.0	646.0208717472084	1005.8171359269315	0.0	636.5978306373347	1199.9610645122739	0.0	599.0584945906227	1232.778694959872	0.0	630.5404007090091	1235.907909464141	0.0	637.6633618729652	1228.7083869287867	0.0	572.6791159399472	784.546943491262	0.0	535.6210167522858	944.2033200819334	0.0	550.0862016222735	946.62790777533	0.0	547.8806926975058	1213.7922407137107	0.0	539.4111847105884	1203.5880834820439	0.0	558.3693574497457	920.7733266599896	0.0	603.1418311624626	521.2687702892133	0.0	538.4340758226467	430.9274759443117	0.0	548.8137421233815	493.7482593587369	0.0	691.7983354577583	543.5002205191945	0.0	783.0885727355802	632.6444057347662	0.0	765.0486795747322	755.9715954214286	0.0	537.3774805743265	536.4426432544852	0.0	507.5000456821879	668.3913795320335	0.0	500.3675910607251	687.8356366713458	0.0
142	4.746934865900383	616.7711978288924	779.8979903566543	0.0	663.7570194824301	794.0618677838929	0.0	647.5859080194259	1005.758749766963	0.0	635.9423222722338	1200.9709713767504	0.0	597.3626258627642	1233.808604247202	0.0	625.3565612814444	1237.9449173960272	0.0	637.6839370838657	1227.477017287174	0.0	573.8598787192303	782.04850566526	0.0	532.8412191498455	943.4242713118448	0.0	546.5766119724303	937.4920056890253	0.0	553.4644535705991	1142.0036397807676	0.0	546.937558635091	1154.3156758279135	0.0	555.8626487879372	924.5469416573952	0.0	605.3459190843408	520.2662106461247	0.0	537.1016563243584	431.26507645352945	0.0	547.4661643225918	495.9313750029988	0.0	693.1087949232527	544.1285115536174	0.0	783.8163622402557	634.2110498115958	0.0	759.2350874623785	751.6338610349756	0.0	540.9427022551497	534.8294169731125	0.0	513.2548321020562	666.1976574926139	0.0	505.56231277457783	687.1991877646866	0.0
143	4.780363984674329	617.2847189067676	778.0364096272441	0.0	663.9072178437333	791.7118038316398	0.0	648.4431109225956	1005.9195620640636	0.0	634.8465004805776	1201.0106498272955	0.0	596.8756010226327	1233.1868670167844	0.0	622.1245308195724	1238.0495546370312	0.0	636.9452636434996	1225.808731641919	0.0	573.1706703099538	779.381818031413	0.0	532.0735158713188	943.6947574759441	0.0	544.0984531277571	937.0820975530391	0.0	556.8823226231702	1050.0658793037026	0.0	551.1558776958096	1102.9212175221614	0.0	553.0805756711509	934.0644374733074	0.0	607.2329503393141	519.485732300774	0.0	535.1968969367437	430.9884799309593	0.0	544.5839620900933	499.01695280045897	0.0	693.7367735938858	544.2583500289629	0.0	782.5421465535444	637.2139617782649	0.0	751.1431511064063	749.1306556659903	0.0	543.9064323307128	534.0781018427899	0.0	519.0303272264697	663.01805774569	0.0	510.55908866944145	686.5458671420482	0.0
144	4.813793103448276	617.0683099727594	776.7856933461501	0.0	663.6459611260082	789.3605114683936	0.0	648.6989945398552	1005.674648284794	0.0	633.9012079819893	1200.3865294930742	0.0	599.8179436564438	1230.7163719304197	0.0	622.4764254241151	1235.918591755211	0.0	636.3115301333353	1224.6915435714911	0.0	572.3068713073038	777.9124172281088	0.0	533.2269625202285	943.8244620920133	0.0	543.4631155041607	939.445655547721	0.0	556.860497442211	991.1533153458546	0.0	552.2846774516494	1062.4035313014529	0.0	551.9521631536304	941.7707739735904	0.0	608.0534428036018	518.9924967917817	0.0	533.0295490200419	431.10437319526267	0.0	542.332507840474	501.579767592945	0.0	694.3120738542895	544.0178010131945	0.0	779.4875079166997	640.9452478570762	0.0	740.8606459346939	748.5107687966635	0.0	546.807923212189	533.5210225306328	0.0	524.044352524766	659.973251214088	0.0	515.7376126355971	685.7499672852184	0.0
145	4.847222222222222	616.8352855368777	776.3414679747607	0.0	663.2980959678688	788.3192875542456	0.0	648.6413438005366	1004.9441911104187	0.0	633.5507533916059	1199.5824423069505	0.0	604.7981882590875	1226.669268156853	0.0	624.7544488286838	1232.5117236709823	0.0	636.1035712665074	1223.9466613499096	0.0	572.779887552325	777.4531521224314	0.0	536.2574279480591	943.080990364715	0.0	544.3474571296015	940.4410247615091	0.0	555.2939669407668	979.061969786968	0.0	552.123697267753	1022.3662021717693	0.0	553.0026462518613	946.837360581838	0.0	607.5931220873664	518.5532321358409	0.0	531.170072156724	431.77781255211687	0.0	541.6586621460483	502.6962709838044	0.0	694.7880643077588	543.6986397328131	0.0	775.0506382563735	645.0333970980262	0.0	728.4458346745588	748.6847934316031	0.0	549.4807009991044	532.4759547530648	0.0	528.1829644078439	659.0429105929283	0.0	521.0306908665757	686.0407173874756	0.0
146	4.8806513409961685	617.2084929526214	775.6192449752613	0.0	663.0075645236886	787.5780798128656	0.0	648.3451883591845	1004.2073914059508	0.0	633.7460486617038	1198.749561022378	0.0	608.5015962397116	1222.805215632963	0.0	626.9579546876411	1229.9630323738008	0.0	636.1572767299006	1223.5696065710426	0.0	573.9598008967223	776.8352961751903	0.0	540.97455497241	943.0433275511424	0.0	546.5450005337425	940.1809035446096	0.0	553.0821459362887	991.104984640244	0.0	548.1969912100028	1006.5656533317575	0.0	554.7819435817742	949.2606810695544	0.0	606.5552782317234	518.4676902317404	0.0	528.8712142047134	432.6217804097812	0.0	541.200492999097	503.82350850188624	0.0	694.1756128807771	543.9111786230575	0.0	769.6954237815889	650.265250617416	0.0	714.5683081304443	748.2066070909351	0.0	551.4199148133594	531.2426822431655	0.0	532.1636763748506	659.096187696565	0.0	524.9020014572542	689.8331464216526	0.0
147	4.914080459770115	618.2209593256005	774.1952215880922	0.0	662.8237798214111	786.0824196070191	0.0	647.7047152385129	1004.0128478543671	0.0	634.2166063376798	1198.1808205162263	0.0	609.9032729255186	1220.7694298591682	0.0	628.360634106432	1229.4840275848185	0.0	636.3008591564778	1223.9232814115705	0.0	574.5225239368801	775.8200722694615	0.0	545.9849057789388	945.5040068840249	0.0	549.6134238839122	938.2303288675495	0.0	550.6091794312748	1007.5497770660094	0.0	538.9927490759283	1037.1332483951005	0.0	556.1927802106287	942.2770206416668	0.0	605.5297413882032	519.0053417574496	0.0	525.723790751273	433.5470548953552	0.0	539.7576123782733	506.5453811285162	0.0	691.944935111912	545.1160396581947	0.0	763.5350422273056	657.0177471540495	0.0	700.6271884346319	745.4123461188113	0.0	552.4357113444325	530.6690355762603	0.0	536.27412122452	659.1056095148567	0.0	526.8110308685847	697.8448791483798	0.0
148	4.947509578544061	619.7727571808575	773.1317883984152	0.0	663.0370355369505	784.6388202471728	0.0	647.0193331257911	1004.4103930458964	0.0	634.6335871000246	1198.3874974098248	0.0	609.9295502019507	1220.8518485193165	0.0	629.1810806895712	1230.8270874371701	0.0	636.38325568351	1224.6545265741936	0.0	574.9892934912683	775.1744793957843	0.0	549.3459665098375	949.3898101017743	0.0	552.1227559414201	936.2902948408472	0.0	548.9222459612477	1029.8527819414442	0.0	531.1561217787058	1078.5365827184337	0.0	558.0796981092574	923.7225817382159	0.0	604.4459572075572	519.7157421416094	0.0	522.89175020474	434.826823809124	0.0	538.0743594439366	510.50833353817376	0.0	689.0873200959384	546.8629037147452	0.0	756.0275613809957	664.5096036493711	0.0	687.2091438781421	739.890580866391	0.0	553.0298036552477	530.9767666876003	0.0	540.0614458405062	660.3914709939775	0.0	528.8182988251924	708.544040184917	0.0
149	4.980938697318008	622.2380087884833	773.6933371055156	0.0	664.2368691691256	784.5742309133392	0.0	646.7635601312436	1004.9567316044568	0.0	634.8053273749177	1199.265684512032	0.0	609.5568507060551	1222.7120548398643	0.0	630.0425627966357	1233.0919663797358	0.0	636.087657185241	1225.2168101327154	0.0	576.9060650390417	775.5706983901682	0.0	550.0135799360488	952.2932382466703	0.0	551.8593678640497	947.6472464755582	0.0	546.3593127046348	1070.9521319513658	0.0	529.2019708589005	1100.4783566836782	0.0	559.7538919731836	919.2748855183852	0.0	603.3160472337067	520.2558990646924	0.0	520.9236868229885	436.44569852900366	0.0	537.405717979912	514.3436734534343	0.0	687.2998543774396	548.4488980809776	0.0	746.5838093214178	671.9959256446382	0.0	673.6553737683829	733.8917668199208	0.0	554.101966857247	531.7473832649806	0.0	543.5420424609111	662.9027341943258	0.0	532.5459699156015	719.4272515251604	0.0
150	5.014367816091954	625.8258668856378	775.4880884721539	0.0	666.560396904623	785.889230887274	0.0	646.5290399369266	1005.2677673409515	0.0	634.8112616758983	1200.031844513573	0.0	609.241443255278	1225.454878741106	0.0	631.576070002359	1234.860518681742	0.0	635.1226527481322	1225.912097696732	0.0	580.1526830896116	776.8332755782366	0.0	548.8085647061222	953.40130347049	0.0	547.0744218459079	986.4283251724371	0.0	538.3894603011463	1124.596888677843	0.0	526.0808283396053	1123.1394458274867	0.0	557.6258406986537	972.5953719577279	0.0	602.4430096716634	521.1014144781503	0.0	518.2242770655388	438.10863371542223	0.0	537.0722686387737	517.3939417368804	0.0	686.4506185721087	549.7085014161821	0.0	736.0991274256577	678.5426459803991	0.0	661.3823401118589	730.5139000804589	0.0	555.7514082231787	532.6506898864286	0.0	547.1884747052067	664.8946567880475	0.0	537.6912445006384	725.0188677596378	0.0
151	5.0477969348659	629.6503637427797	776.7853698497968	0.0	668.916800810221	787.5462067286791	0.0	645.5435141984743	1005.0947893621878	0.0	634.7141036990079	1200.301876255834	0.0	608.2034756052441	1227.0842279766837	0.0	633.5441367675832	1234.916498300363	0.0	633.8598428738403	1226.9064621389643	0.0	583.2995073920572	778.1135994122958	0.0	547.7756721241478	953.4207114159478	0.0	538.943788516003	1039.8823730576466	0.0	524.4503618780159	1162.9384736117063	0.0	516.9039039463647	1157.5752610440752	0.0	552.3161639670174	1076.1676518444194	0.0	601.2041212712022	522.4863510162944	0.0	513.4288816590117	439.7954788269489	0.0	535.3090612286875	519.8656883352053	0.0	683.8542961549189	550.213153197766	0.0	726.4937682328374	682.2997063346089	0.0	654.9237270681506	731.4360432444639	0.0	556.8915608134474	533.8817471626356	0.0	550.9173058851972	665.9338188435106	0.0	542.7206100572325	723.5965632224742	0.0
152	5.081226053639846	632.2408682471029	777.1112361503278	0.0	669.6923224009976	789.0938470158953	0.0	644.2179436243883	1004.3714058272968	0.0	634.3048963931302	1200.086901422723	0.0	604.5553209639345	1225.8580320052076	0.0	633.3640190608816	1233.13646321051	0.0	633.3235203272147	1227.6133505663877	0.0	585.9212101914395	779.1852654661602	0.0	547.8113026936115	954.2382793623779	0.0	531.3052375161293	1087.5446141029659	0.0	510.88991631521486	1176.1660816523745	0.0	507.7329417777247	1183.2214003685833	0.0	549.2221319292717	1159.9807309022528	0.0	598.363278854833	523.4933762601681	0.0	507.66772241683617	441.374228296371	0.0	531.9798908243343	522.0157564683294	0.0	677.7379789489997	549.340272359508	0.0	717.3578207071541	682.5596715223297	0.0	654.4833934098971	736.4341631641058	0.0	556.8703846791942	535.613618401165	0.0	554.4953843579598	666.3177118480414	0.0	545.0580722463587	726.2832000708177	0.0
153	5.1146551724137925	633.3851047491287	777.3674042023534	0.0	668.9579064381074	790.6696868471041	0.0	643.5639765566752	1003.7386543387032	0.0	633.3793899100199	1199.3078098393128	0.0	598.6073313077319	1223.0711390559218	0.0	628.550218459312	1230.8221754267508	0.0	633.8888007716812	1227.785303619895	0.0	588.7886497184842	780.0014555527265	0.0	548.0721786503598	957.0362375987759	0.0	527.4748664676454	1128.3320901069917	0.0	504.51455993734504	1179.4377557707817	0.0	503.77839580672276	1189.4985001731588	0.0	549.7109337031187	1183.0283944350072	0.0	594.3568477830956	523.3494415511841	0.0	502.87305191553304	442.2441505434948	0.0	528.2199064043705	523.814533918204	0.0	669.348714529479	547.5274666926923	0.0	704.5189057237992	681.2547367965747	0.0	649.0070473006734	742.2209824250348	0.0	556.8242321995137	536.7875116563793	0.0	558.1784881213504	665.5006743019111	0.0	543.9198076261512	739.8594407692335	0.0
154	5.14808429118774	634.365614016586	778.2119410723158	0.0	668.5548594843824	792.1362906964264	0.0	643.4655942399463	1003.892784344509	0.0	632.356511483515	1198.3328554829247	0.0	594.5914504131258	1222.0486504083685	0.0	622.2703323084215	1229.6788111270328	0.0	634.6746843028321	1227.766195665715	0.0	592.0328021249065	780.2265270317339	0.0	548.2272039779892	959.9270466564835	0.0	528.3646296663994	1157.5946420224163	0.0	504.76614660914566	1183.1756113777553	0.0	502.9603936273232	1185.3497681527208	0.0	550.8805831183089	1170.850634541979	0.0	591.1139936469168	522.8069661786581	0.0	499.2774954497363	442.0575593039011	0.0	524.6270527122164	525.035810280602	0.0	660.7736670209471	546.1163945582535	0.0	684.6768439049057	680.6294174572948	0.0	625.3265846356468	744.676799447446	0.0	558.4437565930858	536.3117790943905	0.0	562.5089419261651	663.49267753158	0.0	541.8901493022425	752.3096128705718	0.0
155	5.181513409961686	635.6567389692827	780.418736968371	0.0	668.7593243305049	793.6974361291659	0.0	643.0063704927879	1004.6285650512402	0.0	632.0650820804908	1197.965692499774	0.0	594.3571116833481	1223.7387884251254	0.0	619.2617826757856	1229.8396880910072	0.0	635.2363396121717	1227.8356315811855	0.0	594.377110603038	781.4632350321275	0.0	549.2001106327909	962.0840797582945	0.0	532.24933845801	1168.218015439264	0.0	505.1437849559102	1187.7680031253026	0.0	501.98795647310277	1182.411393576467	0.0	551.3472101008216	1162.6430689096442	0.0	589.2977426732593	522.900214468506	0.0	496.22600454786294	440.9537502682577	0.0	521.2262656281462	525.7994830975963	0.0	652.9340548597434	545.8291859776087	0.0	661.255117183709	681.146512546303	0.0	586.191469390894	744.1357382466721	0.0	561.7762176948694	535.7261872014433	0.0	567.8930027137447	662.8158911810852	0.0	540.7863649029058	753.4282142499927	0.0
156	5.214942528735632	636.1430556813966	783.9411668311654	0.0	667.9032848019741	795.5955313599849	0.0	641.7617384473632	1005.3534332100394	0.0	632.5535324468024	1198.5781509183746	0.0	593.5431877025468	1226.3323822208824	0.0	617.4930873396914	1230.4219339444724	0.0	636.2944551934961	1228.3339345116588	0.0	595.1826861698045	785.4377954621929	0.0	551.1538905967917	965.9093909570541	0.0	536.537121036531	1169.517891654703	0.0	503.2810790337453	1193.8944397822925	0.0	501.50821228268205	1186.7082184417898	0.0	552.2262574367593	1170.3063372682188	0.0	587.5576570067421	523.3729382475575	0.0	493.8940157692337	439.2682150560366	0.0	517.7149433967426	526.4208012046147	0.0	645.2293122993257	545.8047587010403	0.0	641.1111276564961	682.3735736112142	0.0	549.3031898021925	743.5976746084827	0.0	565.0338699747593	537.6407539186248	0.0	573.603001271692	666.5462059942004	0.0	538.0681547420617	748.5246516543926	0.0
157	5.248371647509578	635.2389767466263	786.8693320599424	0.0	665.8160450605332	797.0326115493426	0.0	639.8737763640318	1005.5790119923993	0.0	633.0468816493501	1199.8011638160674	0.0	589.7847430970722	1228.3166468146148	0.0	613.8185387646474	1231.0616914182779	0.0	637.8788168043557	1229.7595419591712	0.0	595.6778894281607	790.0896852945885	0.0	552.9367767434505	971.6453751493614	0.0	539.9394339996595	1171.4990366674558	0.0	502.7923355602722	1201.1523405270918	0.0	503.92501915124524	1195.8516898784296	0.0	555.158755052182	1183.236270719237	0.0	584.8484921139304	523.8190626728388	0.0	492.52243592589826	437.465357707772	0.0	513.6644581169086	526.4550793129243	0.0	637.1821830944343	545.3568388834582	0.0	627.6373994657505	684.3337380605943	0.0	527.3064370575747	743.9091254162038	0.0	566.652212249494	542.0547009683384	0.0	577.6874227672243	674.7651137402465	0.0	528.8658158210369	745.3533310149144	0.0
158	5.281800766283525	633.9271258593137	788.2628933612147	0.0	663.9282772432313	797.4489782955309	0.0	637.7612075885665	1004.9578938485553	0.0	633.1397502280425	1200.7571773316893	0.0	586.5550613136776	1229.2054717843928	0.0	610.9641262204146	1230.9600833907614	0.0	638.8421403311825	1231.6494130487179	0.0	596.9030016126414	792.6750186154386	0.0	553.5760562540655	976.8460589226878	0.0	541.3518996813535	1174.4776362777654	0.0	504.6964936484853	1205.9815561541388	0.0	507.87168218297626	1203.1937430003195	0.0	559.5954153894916	1192.0295223253897	0.0	581.6129347837506	524.7518978909025	0.0	491.593911934397	435.5572725450211	0.0	508.913640743614	524.7331097036401	0.0	630.04238528983	545.722046467932	0.0	621.2223645396438	687.2314861782753	0.0	519.0485974088961	744.6883353699578	0.0	566.7108885596433	546.9254161376338	0.0	578.7553262210799	685.0072260209214	0.0	512.714062169217	745.0076626718853	0.0
159	5.315229885057471	633.1054350818004	789.4129089956425	0.0	662.7067676710072	797.7744301283437	0.0	636.0258025186404	1003.7528140127393	0.0	632.9351719363677	1200.4209339345653	0.0	585.5209931789501	1228.8460437176216	0.0	610.6242437922039	1229.1459973871868	0.0	638.6219504404808	1232.1363213642735	0.0	598.6744973357279	793.9665791688989	0.0	553.1090997404237	980.0038303213561	0.0	540.3345447877912	1176.2214274334333	0.0	506.23585215023303	1206.5813289723146	0.0	509.4636694931608	1206.159785116761	0.0	563.6692240289141	1196.3594952397334	0.0	577.8297753275658	526.2545371671802	0.0	490.8318648558163	432.86937579060026	0.0	503.4213457683786	520.4409532770352	0.0	624.3154034131121	547.6537402153658	0.0	620.8370502127169	690.1144395053365	0.0	522.6545828720256	745.5924768114712	0.0	566.0588770648675	550.8123018843459	0.0	576.6888624439214	693.9765855930509	0.0	495.4114966659992	745.5593974072453	0.0
160	5.3486590038314175	632.264679066581	790.8896784456164	0.0	661.4621644116868	798.9733649627171	0.0	634.980146265604	1002.8094173058217	0.0	632.4486210605927	1198.7272135633516	0.0	584.5198708448517	1227.614135467593	0.0	609.5389236424829	1226.6496891008899	0.0	637.9341359740233	1230.2059348415414	0.0	600.6470209764415	795.8292811345596	0.0	552.4469209126833	980.4005303551462	0.0	540.4023968949782	1176.1556517116949	0.0	505.96823813206214	1205.820480674511	0.0	507.5101190133533	1207.2362928696066	0.0	567.8537367229741	1197.1416339354344	0.0	572.4086776066016	527.492701993067	0.0	490.5491339823636	429.1464649474299	0.0	497.5623319949453	514.0624347176406	0.0	618.166890635856	549.6704770817566	0.0	622.7799790150336	691.13296995807	0.0	541.9532814804193	746.1906259041963	0.0	565.2587894136152	553.268542178774	0.0	571.8070857692052	698.7373090391959	0.0	480.2798137191676	746.6274276355597	0.0
161	5.382088122605364	630.5731601957854	791.5209351705579	0.0	659.5581857022437	800.2919681782794	0.0	634.3068634093868	1002.2569439101829	0.0	631.6563363763463	1197.0647039547775	0.0	581.5932923907875	1226.4514129975798	0.0	605.9136942206652	1225.2972116730589	0.0	637.4973513268883	1227.468230881946	0.0	602.4133035546157	797.6813915748995	0.0	552.1747442676601	978.5284666583361	0.0	544.8430467274987	1175.7819615247533	0.0	504.1289296658592	1207.161107443524	0.0	503.7923755379182	1209.235956693825	0.0	573.4426128983408	1195.9272090584238	0.0	565.5510883877968	527.9611767614949	0.0	490.72164404489047	425.11019492071557	0.0	492.11610510235766	507.12122047545085	0.0	610.1384715854367	550.4382074077827	0.0	619.275817572904	690.1020635789372	0.0	561.2114511523964	747.3603152925333	0.0	564.6162450849095	554.350085733881	0.0	565.4115766490659	699.0075641490547	0.0	465.0555174417233	749.153560050109	0.0
162	5.41551724137931	628.3347811410066	790.8782479959888	0.0	656.8013473209107	800.2201071574477	0.0	633.3248556248598	1001.3385906338486	0.0	630.7824598535775	1196.5174899917652	0.0	577.3018158090375	1225.9594767675098	0.0	602.8323595988337	1225.2099746551098	0.0	636.981977883403	1226.0154712276649	0.0	603.1651860801709	797.8582554402395	0.0	552.0187565092378	976.4383001956431	0.0	550.5005341925482	1176.677464905273	0.0	500.1735519700024	1210.089731966628	0.0	500.09026572258966	1212.5839676463231	0.0	577.1906847644559	1196.7025147772586	0.0	559.3108068283894	527.879564545969	0.0	490.5551609412198	421.7363069253728	0.0	487.5920429291734	501.406967666129	0.0	600.759773607423	550.1880896425263	0.0	604.170990081202	688.9184939157198	0.0	544.6454643905336	750.6513745193131	0.0	564.1076334053681	554.8892226056585	0.0	559.7079643433742	697.0766744989338	0.0	448.89163337507136	753.4572224021928	0.0
163	5.448946360153257	626.0467826740983	790.0899313088602	0.0	653.1698501119669	798.7692315175161	0.0	631.4490449321254	1000.1250920363633	0.0	630.2217658672829	1196.693849235516	0.0	575.6206843271817	1225.8872340687597	0.0	603.4544185702575	1225.5402510615918	0.0	636.0525944745991	1225.9422104156058	0.0	602.6690097121625	796.5148285660164	0.0	551.6633191760824	975.0872173420287	0.0	551.4046596391239	1178.453456693015	0.0	492.16986715353966	1211.7492954064162	0.0	495.30019714519915	1215.4263688021733	0.0	572.5735445871738	1200.8754994196454	0.0	555.0953876262157	527.6604129293656	0.0	489.07403285450613	419.59734307590463	0.0	483.94409311288365	498.1964677569196	0.0	590.4711463452871	549.951356428618	0.0	581.9934710609384	688.9513641690232	0.0	492.2810202663633	755.9865361364681	0.0	563.7010850560893	555.6230155093016	0.0	557.1533723961354	694.241744966552	0.0	436.5147028755348	759.2792807740174	0.0
164	5.482375478927203	622.9282599912917	790.1307274193981	0.0	648.4077317205015	797.654984630215	0.0	628.5743534393473	999.4184905738559	0.0	630.1373836315345	1196.8312113282018	0.0	578.4317706066564	1225.9023995143168	0.0	605.3325531372609	1225.7831340050793	0.0	635.797362848974	1226.203547235156	0.0	601.8295606562583	795.3273303160307	0.0	550.25457998262	973.9196585311755	0.0	546.3919667094203	1179.2877978445977	0.0	480.75741221627817	1211.647700062971	0.0	487.86824440778344	1216.5618554677005	0.0	561.3447022212217	1205.555787186955	0.0	552.2267931987079	527.4769921196806	0.0	486.22793989462394	418.29577011446594	0.0	480.0872143762548	496.94071669214304	0.0	577.6590453567477	551.1445511022349	0.0	558.8929410902982	690.2464597277857	0.0	445.68003994408326	761.8066728930337	0.0	564.2560199225107	555.2148752395261	0.0	562.0142299774955	688.5316006457035	0.0	442.88518392826387	765.6250863984611	0.0
165	5.515804597701149	618.1694128783308	791.0489962550279	0.0	642.3197193849505	798.1474296461327	0.0	624.9784036991724	999.2805392887049	0.0	630.3641381126668	1196.6685621136949	0.0	582.3394641542526	1226.0877174363623	0.0	604.5057646947552	1225.802237259904	0.0	637.2845551076654	1226.2110018763117	0.0	601.1056689377053	795.1457772399202	0.0	546.9236082750333	972.7091761234028	0.0	540.113375234824	1178.0931818833537	0.0	470.07814239456377	1211.6215579309992	0.0	479.7107538085415	1217.235596623323	0.0	553.7592978063703	1208.2961783867124	0.0	549.3531213223816	527.2191917287398	0.0	482.9234036583377	416.94085776102435	0.0	475.1873792780487	496.03228531502924	0.0	562.3361647817285	554.0879113035671	0.0	535.1095327114386	692.1228672634776	0.0	427.00614179606924	766.7149927528664	0.0	565.9934393407543	552.1282500866846	0.0	574.6723418909145	679.0181196635446	0.0	483.62076000014395	770.5182678291194	0.0
166	5.549233716475095	612.427534669754	792.3800066110706	0.0	635.2239626253734	799.3955986877368	0.0	620.7716990608351	999.2067455308134	0.0	630.6738276618581	1196.2314123846943	0.0	585.0610625723994	1226.422255562068	0.0	602.0394584109399	1225.8502571570586	0.0	639.4068604890734	1225.9059698257963	0.0	599.8395250944509	795.3549443824661	0.0	542.9805714030887	971.7544558848984	0.0	535.9374041949272	1175.8460855058775	0.0	462.2648170429796	1212.3518023366976	0.0	473.5303492893229	1218.5051199375848	0.0	552.3449245553205	1209.5749731062913	0.0	546.1850661890603	526.8366417389913	0.0	479.56825777359194	415.54206012429387	0.0	470.5135666498566	495.12690542523944	0.0	549.112663543617	557.1599022600218	0.0	515.7377705721284	693.0058414860046	0.0	424.7783487140366	770.1180546964782	0.0	567.119251559092	548.3778894569424	0.0	586.0539239471408	670.8751866778003	0.0	543.63552887196	772.825295389249	0.0
167	5.582662835249042	606.6661836352444	793.9461483417357	0.0	627.9166743672314	800.1392482822738	0.0	615.8690816911136	998.8141792633505	0.0	630.80283591918	1195.6410365887336	0.0	586.8257626147064	1226.605977994812	0.0	600.4682218445549	1226.2216687411578	0.0	640.3391279409789	1225.4090867930834	0.0	597.0230480231746	795.95262900085	0.0	540.4041640999575	971.6986053741131	0.0	532.9707917999588	1174.7206781428902	0.0	457.2646162301413	1213.3073752798482	0.0	470.4750534845707	1219.9139966064552	0.0	551.1346011867714	1210.6538026457686	0.0	543.2162649881943	526.509948469728	0.0	475.8763786675299	414.6842308977973	0.0	467.3343197425697	494.5530623724712	0.0	541.307287145776	559.2118049927125	0.0	506.7464946916988	691.8290931728694	0.0	425.2076705172939	772.1164081995099	0.0	566.6107392926659	547.2136220261099	0.0	590.1835789076099	669.4264636828414	0.0	584.688736722198	773.2736675321248	0.0
168	5.6160919540229886	600.9171625125591	796.2766031246151	0.0	621.5867087114727	801.0510517729681	0.0	610.1553985508078	998.0658522509668	0.0	630.5503586510065	1194.823777253897	0.0	586.6745290372381	1226.5351063399946	0.0	599.7409594759498	1226.2202948701492	0.0	640.0090485779562	1224.6335453079503	0.0	591.483627663612	798.2493149511453	0.0	538.8062816064796	973.6418493130171	0.0	530.998917835741	1175.8247080409394	0.0	455.37567794364435	1214.3411080102137	0.0	469.9967039469246	1221.379125465101	0.0	548.0315587793708	1211.8919461162243	0.0	540.2059664533344	526.3845913703583	0.0	472.34413546433683	414.38398657356333	0.0	464.74237938279936	493.8655399970665	0.0	537.2396744263237	560.4065595418624	0.0	503.9202886299196	689.8893373375305	0.0	424.2302852896182	773.3032036747849	0.0	565.141071954778	548.5767143866669	0.0	591.3918639953612	672.0608269753039	0.0	594.2825479370016	773.521267944243	0.0
169	5.649521072796935	594.4754028360406	799.1825602964303	0.0	615.3480077843783	802.7785747992986	0.0	603.1972925134417	997.3946608436229	0.0	630.1269314065186	1193.2845643647422	0.0	584.7222611119695	1226.428680967793	0.0	600.3776732474064	1224.7184867437993	0.0	639.5169062309251	1223.156498753867	0.0	583.8883612959231	802.0056277148352	0.0	536.9636616305589	977.4691642626069	0.0	530.911199883036	1177.9992905634135	0.0	455.6672130274758	1215.2339276838777	0.0	469.8635367662028	1222.8406322670303	0.0	545.1227112518313	1212.9811311266064	0.0	536.1352487376923	526.3909300734995	0.0	469.8789938843694	413.97072411550363	0.0	461.1856849949012	492.70717200234657	0.0	533.8576460954042	560.9821378655543	0.0	500.564831156217	689.5693934048023	0.0	422.3937141834626	774.0875925128064	0.0	562.8112729303199	550.065556710624	0.0	592.9013252261576	672.9145487028909	0.0	590.9861138873604	774.5351277226324	0.0
170	5.682950191570881	586.9478180610042	801.0732867979993	0.0	605.4846643462328	804.0409195738979	0.0	594.6423889741064	996.968841483827	0.0	629.7330562749784	1190.4547144973374	0.0	584.4665083926284	1226.363186586335	0.0	604.2849611940997	1222.1575437949173	0.0	639.2845457001333	1220.6131523350675	0.0	577.698648271257	804.7448593535735	0.0	535.3913582925421	980.5318887749955	0.0	531.522449835198	1179.262935788401	0.0	456.03712237872935	1215.4012853231495	0.0	468.72179526269207	1222.9879175399567	0.0	543.3578992082558	1213.6765878033339	0.0	530.9612795054137	526.3608724754273	0.0	467.8157105820814	412.7986308265241	0.0	456.45772131766364	491.6055100789898	0.0	529.4725368201879	561.5731051249682	0.0	495.8916579720806	691.5511006494733	0.0	421.04825304755053	774.3030554796991	0.0	559.5856604207553	550.3723974443137	0.0	592.9205144593179	671.5370448845339	0.0	589.586945670842	776.0001891925294	0.0
171	5.716379310344827	579.6412691523361	801.3070121470253	0.0	592.5559155962064	804.2230276888021	0.0	585.3147065560414	996.0309946229149	0.0	628.8017216494359	1185.7703787284227	0.0	588.1797988396412	1226.1751749754255	0.0	609.6193998625503	1219.8086434573918	0.0	638.9449709117101	1216.208127793978	0.0	574.6811388246884	805.3398150651848	0.0	534.5658436231877	980.7837771400872	0.0	530.67477978173	1178.9736352913897	0.0	455.06188972625046	1214.5629922893918	0.0	466.8722972904257	1221.1804241594298	0.0	542.04325767078	1214.245227228179	0.0	526.1032299882027	526.1738525498155	0.0	464.6026798701317	411.36291607803105	0.0	451.7963250934853	491.39544400035857	0.0	525.0368808224356	562.5386265867886	0.0	492.2273409792724	694.2293118781015	0.0	421.13891410933894	773.6911642089841	0.0	555.8416133327614	550.0375108660768	0.0	589.545809935659	671.4955203566336	0.0	587.4516897247477	778.8027947632165	0.0
172	5.749808429118774	574.2494486038705	801.1313431862771	0.0	582.6098106687888	804.3730150168916	0.0	576.4273743388195	994.2129069310488	0.0	626.7697374293298	1179.000097232159	0.0	593.6331454017609	1225.926929252487	0.0	611.9053941713814	1217.791442264424	0.0	638.4847562516841	1208.7340171092262	0.0	572.6950425084837	805.0540809988397	0.0	533.4328179515887	979.896996204808	0.0	527.2805707800106	1178.0999644694318	0.0	452.18701642471433	1213.3389500338828	0.0	464.61775697702626	1219.0224730247476	0.0	539.782335287787	1214.4687356712532	0.0	522.8462554081403	525.9640590966678	0.0	460.3532815962929	411.16196725577106	0.0	448.3854854199939	492.60262535142834	0.0	522.6714153990043	562.8828484951678	0.0	490.5669003657654	696.0216537933715	0.0	422.2705372382393	772.4320365409014	0.0	551.2722098379289	549.8893558965054	0.0	581.9922588711371	673.2444564802212	0.0	576.2432321534294	784.4267003715128	0.0
173	5.78323754789272	570.2488064127377	801.3594924511093	0.0	575.3781382893852	804.4497074226773	0.0	567.066659946062	992.1723182727638	0.0	623.9684486782461	1171.2068757180698	0.0	595.0856672109222	1225.38773048217	0.0	609.3088216909382	1215.3401763928907	0.0	638.05303536685	1199.0957636026303	0.0	570.1633071434745	804.5285780521393	0.0	531.7544036039226	980.20236833156	0.0	523.6157754607264	1177.1150974916502	0.0	448.5260359520219	1212.8308179426253	0.0	462.9121261875173	1217.9513051199722	0.0	537.6965066569596	1212.8600521284422	0.0	521.0759692930282	526.2022924740162	0.0	456.3933827710196	412.6849930896183	0.0	445.920004866191	494.97599556588	0.0	521.5108261075634	562.2978595887128	0.0	489.8922031895287	697.1071640612898	0.0	422.90753268213405	771.1505621477985	0.0	546.1582839005529	550.0035774432296	0.0	572.4236336890202	673.7964699208721	0.0	557.9045134476353	790.1124365897539	0.0
174	5.816666666666666	566.2932470018247	801.5176378230866	0.0	564.1469597856633	802.7721247841646	0.0	554.9371279597356	989.4264382338622	0.0	620.1809531234024	1164.066518362378	0.0	581.0105105210888	1223.2715055871986	0.0	595.3020567752898	1211.4643833988512	0.0	636.5732436392882	1190.6794996897618	0.0	568.3069858658296	802.6007525567078	0.0	530.070068675802	980.8871872054399	0.0	529.1655438337248	1173.5548745402791	0.0	448.7252680017796	1212.8846075202807	0.0	465.01295891263663	1216.5637904729851	0.0	545.118084246626	1206.8003498020655	0.0	519.5260015293873	527.0823204382419	0.0	452.77597513779637	414.4749584377679	0.0	442.93628124623575	497.36033350729946	0.0	518.7881543689347	562.3965800967221	0.0	488.9850346309858	698.0390877944296	0.0	422.4632225447002	770.5331402614015	0.0	542.1899695735007	550.1693207958458	0.0	565.2665750960975	672.5692305007166	0.0	543.622518556456	790.2938583195244	0.0
175	5.850095785440613	562.539180335493	801.2651404522351	0.0	549.8013334671076	799.0455737657468	0.0	540.1315925052131	984.513459666852	0.0	614.0234185512064	1158.153894376558	0.0	543.7600518403572	1218.8511503303614	0.0	560.696225246889	1205.9360536399818	0.0	632.6767454894903	1185.243177314743	0.0	568.0959272632172	799.0859575235045	0.0	527.1697648693698	980.1581239019034	0.0	552.8399618040538	1164.932784792164	0.0	458.2777267031322	1212.0253414236615	0.0	474.2320150172959	1212.9108735894783	0.0	571.454607945238	1194.9723258807826	0.0	517.1388991172428	527.9877888006125	0.0	448.8413216647024	415.1491197580319	0.0	438.9211082874285	498.543235498845	0.0	514.4840667395969	563.9398230628553	0.0	487.4822346516877	698.5576074796543	0.0	421.5311423304128	770.9228634714038	0.0	540.1571014758568	550.2090943515176	0.0	561.6232711964979	671.8185322276154	0.0	537.7635614241557	784.0223164585268	0.0
176	5.883524904214559	559.529037942789	800.6712421241249	0.0	539.552336959524	795.8026015093996	0.0	525.1366964051645	978.5166108030538	0.0	605.5819969179394	1153.3209894700194	0.0	501.0572006261947	1213.4070421213953	0.0	518.0773744367856	1200.2888439276182	0.0	627.1097476713368	1181.2597729248962	0.0	568.7710146783533	796.4188837668216	0.0	521.7885572249071	978.7289404668517	0.0	584.0884609432629	1154.912676122448	0.0	474.5326880457742	1209.7412881444557	0.0	487.61761922026255	1208.5144270978128	0.0	605.3460730670579	1182.0028022626168	0.0	514.0304211062817	528.1760921947858	0.0	445.35376538248096	414.9095475797583	0.0	435.4506516820162	498.2897525422446	0.0	510.83332240002085	565.2242859920547	0.0	485.6461700150572	698.4078730067258	0.0	420.3532942833751	771.926809719498	0.0	538.9851128186565	549.7218558828989	0.0	559.3393566090825	672.0286125028717	0.0	535.6571451137669	777.0869700958532	0.0
177	5.916954022988506	556.9984364724185	799.5596816542759	0.0	535.1959935474102	794.7719732801819	0.0	511.7445747763361	974.2230556217758	0.0	596.274711618917	1149.9477356154937	0.0	480.31508866558477	1208.3694712316535	0.0	493.8703935276662	1196.326255814098	0.0	621.1605995683088	1177.5266661339042	0.0	569.0194289153723	795.9855447322265	0.0	515.1043107272062	977.9463711376552	0.0	598.8254717237635	1150.006509061145	0.0	485.0107657587716	1207.3560636548564	0.0	495.40936306064617	1206.4690720497138	0.0	621.4359639300304	1175.191005105821	0.0	510.7794140074575	527.5043646619338	0.0	443.24810379830717	414.3095825704406	0.0	433.5892238524202	497.36045488528276	0.0	508.46573548942877	564.6884444984125	0.0	484.43402079268	697.5898394256978	0.0	419.3237521390942	772.5140381846132	0.0	537.3962322310196	548.3042691831095	0.0	557.3979929734614	671.7684111447776	0.0	533.812757608492	774.1421763568698	0.0
178	5.950383141762452	554.1544301718702	798.094796188375	0.0	533.1246646072486	794.583214822003	0.0	500.85811367491334	972.0888838994422	0.0	585.6756106819124	1148.4738196371477	0.0	481.3077336569692	1204.2508016129013	0.0	490.6523986948828	1194.3851211344625	0.0	613.5958990476631	1175.5819457639006	0.0	567.6197746926608	796.0095875376873	0.0	508.775126430747	976.9169258328642	0.0	589.3827252737929	1150.5878945584984	0.0	482.82517168179254	1206.3443559750024	0.0	492.8369343368268	1206.8517120574381	0.0	612.2945510690404	1176.1336697620031	0.0	507.48930380152257	526.3073158629472	0.0	441.85799917189075	413.49707814181414	0.0	431.6853591203173	496.47721679753687	0.0	506.04184657321485	563.2316634102206	0.0	484.7088581988112	696.0425780169418	0.0	419.18940000393223	772.0242857227071	0.0	535.1823704043311	546.342501887446	0.0	555.964766242486	670.9951819232638	0.0	532.7997780887273	773.0192745254797	0.0
179	5.983812260536398	550.3331324218848	797.3521429944352	0.0	530.3765193242922	794.5318632805069	0.0	493.251365320913	970.8793509426287	0.0	573.2371357397815	1148.5839002130829	0.0	485.3350971808733	1201.878367577385	0.0	491.4155603666104	1193.656231475366	0.0	602.6638499920729	1176.7378598622752	0.0	564.2689395838277	795.5325764182079	0.0	503.5189439002341	974.8419630493044	0.0	569.1920999492012	1152.456854681085	0.0	475.32326294517185	1206.7601821560243	0.0	486.73461753753213	1207.6192039299274	0.0	592.1139720937831	1181.1008942198619	0.0	504.1670719332524	525.2199906824562	0.0	440.34672055280413	412.83147732354524	0.0	428.21704524537813	495.79793691310743	0.0	502.94987292133277	562.6770526897536	0.0	485.22568996602314	694.1548737945035	0.0	419.5389441081022	770.9361793910407	0.0	532.8185133688168	545.1544175500214	0.0	554.9697074496268	670.5607578071391	0.0	534.6462697975599	770.7577365231576	0.0
180	6.017241379310344	545.8590556256174	797.9040025426237	0.0	526.6939666174014	795.9168606874356	0.0	488.1939264370058	970.3198026538278	0.0	560.4955991601079	1149.7652869293706	0.0	484.4540560787084	1201.7497303326581	0.0	488.48383962349305	1193.475673427669	0.0	589.0541890065853	1179.2417417619183	0.0	560.0388957317421	795.9762990484146	0.0	500.15050754998714	973.2940704730868	0.0	551.685174652404	1154.2618118822745	0.0	470.3412762706625	1207.8472502745403	0.0	484.1418629845013	1208.0685622811245	0.0	574.3000171555029	1186.0066530570296	0.0	501.4599483128629	524.672217926619	0.0	438.65268379686	412.62690903147194	0.0	424.4377177520974	495.3502470450123	0.0	500.47118610880847	562.9462782999392	0.0	483.3070653538582	692.8968551005931	0.0	419.1421530908776	770.4485839779707	0.0	530.7858934671216	545.4154353158492	0.0	554.6078649405641	670.5199337250776	0.0	539.9596376644644	768.3961527915444	0.0
181	6.050670498084291	541.0110344439844	798.8507407999923	0.0	522.7712622933794	798.4912713515911	0.0	484.21984243004863	971.2542615902832	0.0	547.9194757235539	1152.356226479929	0.0	478.2467899404812	1203.2387477500072	0.0	482.44820601317707	1194.290157822956	0.0	574.272015783876	1181.8556702271642	0.0	555.2927309862665	797.7982471217302	0.0	498.1343691499651	974.0505220133474	0.0	540.27612790805	1157.7241733123421	0.0	466.8937297032976	1209.3988726678458	0.0	483.2759767604222	1209.066471869184	0.0	562.197541004705	1189.7308161346339	0.0	500.0827540447408	524.4297190887847	0.0	436.66893906866574	412.75996933913717	0.0	421.95374034560706	495.24697470700477	0.0	499.773940961937	562.6298704698659	0.0	479.22152787593586	692.8508649818435	0.0	417.27143652855216	771.2395929809933	0.0	529.4412825791171	546.2199797082153	0.0	555.3579984195349	671.981618647423	0.0	545.6238767108767	767.9647606199323	0.0
182	6.0840996168582375	535.3951540826051	799.2414087096085	0.0	518.5720990149554	800.4140588325091	0.0	481.5358565799805	974.3236253180263	0.0	534.8404209302884	1156.6414563098415	0.0	465.1056819414269	1205.1730734446844	0.0	471.83893776366506	1196.136729630337	0.0	559.6725670628153	1186.145052625955	0.0	549.1176362424346	799.3192482267352	0.0	494.85677792974485	976.9562321242684	0.0	532.6706667114305	1163.2199055638205	0.0	461.54503362517903	1211.2190596010307	0.0	479.2215522708593	1211.2785630036237	0.0	554.3845623578152	1194.39325753527	0.0	499.5027738291067	524.3270545425192	0.0	434.20767793401495	413.10204910769215	0.0	420.4296028674988	495.77096462877194	0.0	499.43722952555163	562.0898247805151	0.0	476.68353103529773	693.6712602341731	0.0	414.1512047831725	772.6122084042831	0.0	528.9467554839715	546.5121159513897	0.0	556.8551537730141	675.9354091616901	0.0	548.0533435491174	769.550784322939	0.0
183	6.117528735632184	529.9408277228489	799.0968075603932	0.0	514.2424579528791	801.0426598757396	0.0	480.61524123035383	978.45020195495	0.0	523.4356628649634	1160.9796441104281	0.0	449.6836530191947	1205.8349280432683	0.0	458.8182922077085	1197.429021849606	0.0	548.3911976476611	1191.5957762786384	0.0	542.4648306748009	799.211720351539	0.0	489.6532782757141	980.4276992528336	0.0	525.9201866655256	1168.428105241975	0.0	453.7445030477511	1212.2282824349395	0.0	470.95119153242956	1214.08652394953	0.0	548.82829200147	1200.21281055736	0.0	498.5617616950338	524.8028729811026	0.0	431.5552649750457	413.6887755658556	0.0	419.2270820963273	497.2568165612152	0.0	496.9367184390932	562.9919331385876	0.0	476.8623895334503	694.7550405812669	0.0	411.1487442531776	773.4586103960701	0.0	529.6332702614018	546.0366908919926	0.0	557.9703480815633	679.093343897771	0.0	548.1896597901341	771.1171428896014	0.0
184	6.15095785440613	526.1257721343271	798.8596113472294	0.0	510.1784055854583	800.9877450537948	0.0	480.2319966655425	981.5085349404809	0.0	516.8652909440247	1163.4345145323132	0.0	440.61605699093246	1204.9677377807243	0.0	450.4666128545781	1197.7377094546036	0.0	543.0032964539467	1194.5777429645877	0.0	537.7076766919283	798.4925675993953	0.0	485.2277027531514	983.0501444652153	0.0	519.0735647086025	1170.8445133429545	0.0	445.6789318190151	1211.8327487127963	0.0	461.46945653819176	1215.877481982536	0.0	543.4946674753444	1203.398406994635	0.0	497.33028171854573	526.0345433507727	0.0	429.449848370574	414.69706246566113	0.0	418.66259299346183	499.5399071662023	0.0	492.60734778690755	564.9460660220047	0.0	476.86120429869925	695.8243380662202	0.0	409.79406699361414	773.7060128017114	0.0	531.6566112102871	545.0680542505133	0.0	558.6863244103404	677.279881589007	0.0	548.8722627237904	771.120947529771	0.0
185	6.184386973180076	523.4838929426318	798.7351992141874	0.0	506.11194496808747	800.9039780747129	0.0	479.0119066705028	982.4729042183116	0.0	514.5906906382652	1163.991289382354	0.0	438.7610372648663	1204.6140573380478	0.0	448.5477873684814	1198.037123178728	0.0	541.4919226695697	1193.7292748597956	0.0	534.9341052640109	798.663087759918	0.0	483.4867450634016	984.1277216060519	0.0	513.4639940334213	1170.1736543052596	0.0	439.828173763819	1210.7168358828314	0.0	454.2327140328049	1215.4104231825672	0.0	537.6875485420403	1201.5947893288737	0.0	496.61915198676974	527.39599556332	0.0	428.3650619152384	416.24025138907655	0.0	418.90496513134366	501.711205977503	0.0	489.0898256976351	566.2946670742333	0.0	474.85128988604714	696.4906426920822	0.0	410.0117243548565	773.9548563465642	0.0	533.7298961012622	544.673492850069	0.0	560.6233275920524	672.52015411988	0.0	550.8372245156472	771.0952764748433	0.0
186	6.217816091954023	520.8828422382943	798.1853616607862	0.0	502.1943026917743	800.9988771163419	0.0	477.03432505288765	981.4708934808002	0.0	513.9333601151601	1163.3167644457508	0.0	438.886662687614	1205.4519242162112	0.0	448.018065665336	1197.6482455818639	0.0	540.0278029348622	1191.7829700297941	0.0	532.8458663881008	798.609671963266	0.0	483.3736413871138	983.106121016023	0.0	510.4457920500772	1168.1519585400783	0.0	436.7325223511796	1209.4044926766985	0.0	450.60803224510465	1213.2375323523877	0.0	532.9148272389991	1197.178850934781	0.0	496.1718258452939	528.4605715438898	0.0	427.9187991765901	417.6275141814765	0.0	419.3761757374647	502.4792500535491	0.0	486.80863288177136	567.3043109349018	0.0	471.96249063625527	696.2874367823107	0.0	410.1289623541732	774.4447213151066	0.0	534.4659543290335	546.0368620120979	0.0	565.0473349014379	670.4378551721342	0.0	554.395561557533	773.9008233672255	0.0
187	6.251245210727969	518.2337404637937	796.6774441749202	0.0	499.1907663943492	801.047434139447	0.0	475.1882402019664	979.2260776585125	0.0	513.5757360680958	1161.9637022985783	0.0	438.3624978693056	1206.2162868846292	0.0	445.88106709472305	1196.154226838402	0.0	537.5703810098764	1191.6886397608812	0.0	531.394693592018	796.8166744211248	0.0	483.1243224956081	980.3520719673398	0.0	509.59642709678855	1166.604743029177	0.0	436.0955571650173	1208.1090215473214	0.0	450.1012870318783	1211.1769347159866	0.0	530.8215108806528	1193.7722023232968	0.0	495.048138000788	529.651437594978	0.0	427.3114952560398	417.9113342618705	0.0	419.51666943825984	501.4700927033184	0.0	483.57395943105126	569.2515193855696	0.0	469.55572896058305	695.3855031197002	0.0	408.94472803129617	774.7576629076409	0.0	535.0147024058625	548.7854627117661	0.0	571.5030972453703	671.9783032879496	0.0	559.6486071726882	779.7965839453251	0.0
188	6.284674329501915	515.7962449224573	795.0563232724329	0.0	496.7518835701987	800.6285304621534	0.0	473.6991693417672	977.3673870864991	0.0	513.4123330167859	1160.8405692144377	0.0	437.8868785565866	1206.473100381283	0.0	444.0862476513439	1195.8495192173762	0.0	535.4047244866805	1192.7520836418605	0.0	530.9872634253569	794.9030983926625	0.0	482.2183181300034	977.6198005097738	0.0	509.78271292812633	1165.6778461388512	0.0	438.30231012629804	1207.3161399865767	0.0	451.58500187529796	1210.158805757702	0.0	531.449511593201	1192.3077541210969	0.0	493.2783527452767	531.1402335017972	0.0	426.3933743477703	417.53688089396644	0.0	419.4399706664814	499.9527817573166	0.0	478.5502854921345	571.821481530507	0.0	467.1348944748031	694.161676569693	0.0	407.00996088795597	774.0010860152627	0.0	537.4926674295607	551.5010764225884	0.0	578.575456322106	673.7737590243411	0.0	564.9222014981613	785.9756237220098	0.0
189	6.318103448275862	513.4652642989938	794.046965992395	0.0	493.3613660262319	799.2211542939149	0.0	471.94130448786717	977.082952660734	0.0	513.4991871423498	1160.7636610122802	0.0	438.00561606072637	1206.7886556348867	0.0	444.2436750075036	1198.11864677976	0.0	534.5378232960935	1192.9398261669205	0.0	531.0983941984111	794.239848867314	0.0	481.2976535339196	975.5958393916966	0.0	510.46038386162263	1164.5373612298401	0.0	442.5110962046886	1207.0647367805834	0.0	453.94338282849685	1209.8139010894083	0.0	533.5128707300694	1191.7694628653699	0.0	491.554414434996	532.1449220269018	0.0	425.73036257416663	417.4265003104641	0.0	419.56580424272295	498.87531908207177	0.0	472.8413382024321	573.4388061833932	0.0	463.6233039614973	692.6162036264649	0.0	405.41373358803656	771.7293959469744	0.0	541.5006381359543	553.2932416908346	0.0	585.0714709936217	674.2427320220743	0.0	568.7869355436846	789.751617345933	0.0
190	6.351532567049809	511.17083927783943	792.7796568862033	0.0	488.0847809289226	797.1014014751343	0.0	469.9444298046059	977.704084885744	0.0	513.2438189551398	1161.9181800787749	0.0	438.1644090453383	1207.756005897138	0.0	445.04616581109565	1201.1029293779832	0.0	534.8589468211933	1193.2782422928885	0.0	530.6713209063262	793.2031279613094	0.0	481.5271101182955	973.2205489641408	0.0	510.86874071338315	1163.2940716515652	0.0	445.4411575865937	1207.082698616296	0.0	456.39089913774757	1209.7856875512196	0.0	535.1557864499799	1191.6337768900669	0.0	489.8020525716902	532.0201870304127	0.0	425.60452588345424	417.1791515220081	0.0	419.95701524782044	497.8016811179697	0.0	466.5918611110741	572.9345677054853	0.0	459.5652871684815	690.5131777348752	0.0	404.1637271414385	768.7403063191416	0.0	545.0111287048486	554.0567912768108	0.0	590.4106840941378	674.6074683698046	0.0	571.4180530763655	791.099956129291	0.0
191	6.384961685823755	509.52498669364394	791.1264786599194	0.0	481.96129096929167	795.825799023241	0.0	468.59290097120584	978.0974874942707	0.0	511.8330675721467	1163.704438764221	0.0	438.14591770426745	1209.6797532621401	0.0	445.57811946130875	1203.030443058314	0.0	535.7414590498547	1195.3388038317999	0.0	529.4738202908736	791.3043149205728	0.0	483.8644340143391	970.2450962327322	0.0	509.6640093299339	1162.676842143358	0.0	445.08494148094763	1207.5743239504918	0.0	459.28785903289355	1210.1837746243057	0.0	534.881705522368	1191.91810026218	0.0	487.7941216496141	531.1198781692327	0.0	425.68800588998914	416.48003093566007	0.0	420.4931859089196	496.7467348243471	0.0	459.4449207236926	570.5295346197446	0.0	455.9284202777091	687.2331296289984	0.0	402.69759855507806	766.3528682006802	0.0	547.5560356842235	554.5342778109052	0.0	594.8252484778475	676.1363381135145	0.0	573.7404444292353	792.518296481008	0.0
192	6.418390804597701	509.0746272472519	790.4183936281814	0.0	477.6001239809549	796.2194943365163	0.0	468.288766174117	978.0496460799343	0.0	510.4507833292689	1165.2525353021279	0.0	439.3161145418859	1212.179506500641	0.0	446.77744516474644	1204.3689108995382	0.0	536.5922564322939	1197.5198145622046	0.0	528.9113050064863	790.4086849639268	0.0	488.0054853416111	967.7466867884158	0.0	506.7496882003151	1162.6901876020372	0.0	442.7317319261002	1208.8018444989582	0.0	463.3287245372067	1211.246157936561	0.0	532.3398109521207	1192.5498226123477	0.0	486.24746996903167	530.1970730748282	0.0	425.64099906714625	416.21667322647977	0.0	421.4341688280005	496.3611728676969	0.0	452.5818753256776	567.8111844202696	0.0	452.0306172585516	682.580109608927	0.0	401.1389962860953	765.3810521454662	0.0	550.1322808132885	555.9080894195657	0.0	599.2964860079852	678.5702354512114	0.0	577.5970985201359	795.5338069424058	0.0
193	6.451819923371647	509.10557303102945	790.6882029533745	0.0	476.13441935056323	797.1893917985518	0.0	468.63413880436315	977.793325299097	0.0	510.6993394930648	1166.3544983714705	0.0	442.2065569067541	1214.22393799976	0.0	448.38540269182033	1205.8300981885839	0.0	536.9251557611901	1198.0542778821355	0.0	530.5523672373101	790.8920906984633	0.0	492.5582530937998	966.318662503372	0.0	504.83864303936105	1162.7041899295518	0.0	441.46290685094095	1210.2531750132785	0.0	468.7270721782394	1212.6974089610255	0.0	529.4253268565041	1193.5018468324372	0.0	485.60197655768025	529.598634282798	0.0	425.57345012392096	416.7978658542721	0.0	423.03192940907485	496.72129621435846	0.0	447.2227930379418	566.1878534587244	0.0	446.9748068647917	678.2036081111586	0.0	399.99561524796076	765.8841899428885	0.0	553.1951241060235	558.1310919198199	0.0	604.2218101477974	680.4682173314392	0.0	584.352061080784	797.7567591087229	0.0
194	6.485249042145593	508.480698718139	790.3684643642091	0.0	475.5298074607247	797.6354294633184	0.0	468.84788543788903	977.6042517368337	0.0	511.1812881296457	1167.33078578003	0.0	444.7368773116014	1215.3877626433655	0.0	448.6955764296965	1207.0872669344915	0.0	536.2636810776823	1198.0806853336853	0.0	534.0464214421421	790.8646610291654	0.0	496.7852264075001	964.8740523166674	0.0	507.3721354028924	1162.231455425125	0.0	447.30985095767005	1211.2746388892822	0.0	477.7809920584738	1213.5807131939266	0.0	529.8979277627953	1194.5409837517475	0.0	485.1804508612666	529.1953222765314	0.0	425.51854266244817	417.5323134797506	0.0	424.85084144703933	497.4532967321971	0.0	443.03502585631827	565.6589787651075	0.0	441.5022207943003	676.1873735600628	0.0	399.4328164970346	767.2140037440347	0.0	556.2178242336149	559.529617645897	0.0	608.5055519862934	680.9311687900565	0.0	592.266948308712	796.6310883836902	0.0
195	6.51867816091954	507.36594441947443	788.9832386672672	0.0	473.9635751351737	797.7248346821303	0.0	468.6440940921294	978.1320608744137	0.0	510.38158867576686	1168.5102455641731	0.0	446.3518716536063	1216.9552376902361	0.0	448.5635366789872	1208.3685963084722	0.0	535.035523974499	1199.1418078470613	0.0	537.7208687158127	789.2117478577779	0.0	500.31406141933707	962.2112537498408	0.0	513.9831366270757	1161.0602447494218	0.0	464.946602974912	1211.8580851362108	0.0	492.0682550252488	1213.0545634132418	0.0	534.6366605408567	1195.0728793979813	0.0	484.5636254036321	528.831835496134	0.0	425.26102822380966	417.9760982598949	0.0	426.5167800745894	498.185417334262	0.0	438.82800524439256	565.5453869580764	0.0	436.6753968398189	676.331953496974	0.0	399.4575788735447	768.4595004707172	0.0	558.5484214505119	559.0443199669306	0.0	611.1034555909874	680.9813316870801	0.0	598.2419687879517	794.3924624808077	0.0
196	6.5521072796934865	506.92224476359434	787.6908987073342	0.0	472.0344346301715	797.9135006256164	0.0	468.70131757966806	979.9976475328057	0.0	509.9869248968724	1170.3089566207373	0.0	449.84241872713284	1220.3854362574823	0.0	451.0844930213011	1211.1828759678274	0.0	535.1470073738378	1200.6616334487112	0.0	540.4450434021024	787.2467786279386	0.0	502.704892766347	959.3998890871925	0.0	520.5438828896212	1159.3949283870127	0.0	487.72573154833856	1211.870689292838	0.0	506.57679354565636	1210.9256340511122	0.0	539.6392639291723	1194.4284215387493	0.0	484.06430613027493	528.6567420181772	0.0	425.33608487814337	418.5763534359095	0.0	428.7804679073112	498.9829963215592	0.0	433.78111455607353	565.4905483770967	0.0	432.3137485866565	676.7722849680495	0.0	400.250043192479	769.3142429464109	0.0	560.515799502535	557.615782188825	0.0	612.8007328370483	682.1359907772533	0.0	602.1413340506801	794.5925599976947	0.0
197	6.585536398467433	507.26498156088417	786.849579400866	0.0	470.1949558102746	798.0266156262278	0.0	469.33819203002565	982.3636687397164	0.0	511.94774721317475	1172.8108141331627	0.0	457.05033340371733	1225.1060985987765	0.0	456.96910052235154	1216.0355393354448	0.0	538.1837477424219	1201.9312601887461	0.0	542.1735140207797	786.2640838087158	0.0	505.57330747028055	956.5717185768641	0.0	523.9200701401235	1158.2229748297746	0.0	503.2567971122914	1211.6534204575296	0.0	515.1893497405661	1208.2835463249285	0.0	540.8712521774473	1192.6833443609264	0.0	483.85010702763856	528.751470171979	0.0	426.43101358830233	419.59914684624425	0.0	432.15756887967405	499.85397295826397	0.0	428.44824984370445	565.4771737980672	0.0	427.9286686399585	676.4389099182665	0.0	401.6561159314362	770.3260458216284	0.0	563.0238175489227	556.6818034609774	0.0	615.1690655057675	683.8472968048512	0.0	606.4222355966086	796.2231672007754	0.0
198	6.618965517241379	507.2807657321434	785.6508931371634	0.0	467.9436883235298	797.6830762332121	0.0	469.76010409060973	983.4415528609072	0.0	515.5843516333316	1175.090201645892	0.0	466.53676673999195	1229.628133381036	0.0	463.9364459062067	1221.2433334832674	0.0	543.0487004466848	1203.6208015100997	0.0	543.5034024479544	785.6625136989732	0.0	511.4873335838495	949.9993986642502	0.0	524.3414850573596	1157.9679933760222	0.0	509.64026266112916	1212.2818011856064	0.0	519.2382215341956	1206.991253529809	0.0	538.0418175758201	1190.747141436909	0.0	483.77308372865593	528.6824274421409	0.0	428.2044667012276	420.3492186915566	0.0	434.9262950900184	499.94918648899704	0.0	423.9764161856683	565.6564714648335	0.0	424.028504679721	675.9968088093237	0.0	402.4840620375354	772.1855699846172	0.0	565.7187247225256	556.3150443775809	0.0	618.1154534402316	683.6831797105489	0.0	611.899566303133	795.665882053385	0.0
199	6.652394636015326	506.679537365219	784.4023261263491	0.0	465.7764185858666	797.1261084441516	0.0	469.44820757022535	982.9898021560961	0.0	518.0017174403679	1175.239833556617	0.0	474.62067330614246	1232.2015717413435	0.0	468.92720575867924	1223.7633153932507	0.0	545.3585162000423	1204.6634146835954	0.0	544.9122581631793	784.9235164547515	0.0	519.9587643564954	939.0695596143595	0.0	524.883272610914	1157.711895425025	0.0	513.5906430977897	1213.8402174681905	0.0	524.2042861567836	1208.0853605414225	0.0	535.0502061659727	1189.3634960626757	0.0	483.44298843107043	527.9808988156107	0.0	430.5104252315708	420.21695671620824	0.0	435.16355120395644	498.4927499300907	0.0	420.3772995620254	566.3422224059798	0.0	421.38993372092256	676.9105479653089	0.0	401.7488045605478	774.7556390278278	0.0	567.4197206781641	555.4261275411333	0.0	620.0813624957057	680.1425252900727	0.0	617.0083046498116	791.9913444467456	0.0
200	6.685823754789272	506.2969877549182	784.2900457129302	0.0	464.69862996505344	796.7727718029764	0.0	468.8728523923914	982.3356363617958	0.0	516.6518466297814	1171.926670873941	0.0	478.1205699806996	1229.90974284662	0.0	470.1468694328976	1220.56046409046	0.0	541.3639317554074	1201.8761726518226	0.0	546.3067917653952	784.4019707586524	0.0	527.9798981933767	931.0353372269058	0.0	529.1674515174111	1157.2522361710473	0.0	517.0426922069043	1215.683059960557	0.0	531.1109054473894	1211.1773532782477	0.0	537.2095759787047	1189.2022134448118	0.0	482.64015370027994	526.9772561664903	0.0	433.82991289662755	419.55028875809677	0.0	434.4430002293264	495.93300195545606	0.0	416.7715041804894	567.4303153341257	0.0	419.6315328512769	679.2584703030061	0.0	400.35972720546744	776.8507504979899	0.0	568.2457420976996	553.7520017196537	0.0	620.747285528951	675.0601420680072	0.0	620.889977696157	787.3467375686333	0.0
201	6.719252873563218	506.5342195112036	785.2004163140426	0.0	464.4503013782083	796.4878810131664	0.0	468.30366730594585	982.3210157570611	0.0	512.5217173553551	1166.5331999924904	0.0	477.866576737589	1222.939226454995	0.0	469.0932901592671	1212.7158758980352	0.0	533.1710662473163	1195.4112264728635	0.0	547.5895614065593	784.2393367955092	0.0	534.141837395213	932.2934494428466	0.0	537.597117440186	1157.6719858415827	0.0	518.6602510584145	1217.265299066241	0.0	537.3752941897379	1214.3061161320154	0.0	545.1456220323809	1190.5575412937815	0.0	482.2795503139254	526.824657492202	0.0	437.5226250800482	419.1043298126838	0.0	436.4965731916555	494.40620632373333	0.0	413.23628027420546	568.1107278734322	0.0	417.71770189974893	681.2794430898501	0.0	399.52680193292275	777.8157622270608	0.0	569.3894714358922	552.562630544022	0.0	621.6246661854412	671.8517018761637	0.0	624.3799792193507	783.3870476998347	0.0
202	6.752681992337164	507.1550893358289	786.1472358141204	0.0	464.23086591938943	796.2016171809591	0.0	467.5523323765387	982.7237679418907	0.0	508.5524559137587	1161.7219296699184	0.0	476.2257897121884	1216.6163123767049	0.0	467.9293945567127	1205.8239066056963	0.0	526.030258209972	1189.316691790887	0.0	549.0599013710441	784.5208415878551	0.0	539.353701111285	939.9326112855077	0.0	546.6163433907227	1159.470761519261	0.0	520.3178020965645	1218.5245785003738	0.0	542.2586473651111	1216.1553663242962	0.0	553.9128382906628	1192.51918827127	0.0	483.59457271279814	528.3939877067453	0.0	440.23703977526515	419.15391914822663	0.0	442.21053923528933	496.5361374061309	0.0	411.2151595903883	567.821022766778	0.0	415.4064827743194	681.6803826245579	0.0	399.03153659056716	778.439537729227	0.0	571.1611159559102	552.7195188713916	0.0	623.6601482950409	671.3963830442356	0.0	627.8054862544122	780.4772491757622	0.0
203	6.7861111111111105	507.76270995633223	786.8029671685116	0.0	463.9017187654815	796.0298783044456	0.0	466.86978953813485	983.0333025707295	0.0	505.83587663419706	1158.4446447834123	0.0	473.2980186672808	1214.0859473870744	0.0	466.0594053977149	1202.9869203577923	0.0	521.9661862392207	1185.9464316532165	0.0	550.5927213705737	785.0591889609049	0.0	544.0760939893365	945.9260946503754	0.0	552.8863588988155	1161.8005445289632	0.0	524.0180422721538	1219.8651270294731	0.0	546.6402542430421	1217.6339389644418	0.0	559.5363228322634	1193.9275606881088	0.0	486.1650198634158	531.0128016367435	0.0	442.16837769900815	419.42099311570763	0.0	448.26527662489804	501.60785950952794	0.0	411.3754890230766	566.781998555768	0.0	413.1298521865653	680.908266144774	0.0	398.5505755482472	779.237044033221	0.0	572.8609970271916	553.4304902530681	0.0	626.067484968006	672.0725944209303	0.0	630.3659531468381	779.9484284923324	0.0
204	6.819540229885058	507.6929775144996	787.2045199071432	0.0	463.1621352118988	795.7077253884938	0.0	466.57841373630816	983.443609919985	0.0	504.1843933887453	1156.4455071362383	0.0	469.93503791887036	1212.8020865909782	0.0	463.1501937638266	1201.8888969133216	0.0	519.7182928423126	1184.3864648323142	0.0	551.5157492521625	785.2167412453197	0.0	548.1010430617978	946.239266336449	0.0	557.2737851382075	1163.065981480767	0.0	530.320227704892	1220.6433678222356	0.0	552.5260083004653	1219.0726610439203	0.0	563.0529297736348	1194.3580917284417	0.0	488.4027787037519	533.1272354737001	0.0	444.92544232370113	419.7551719846914	0.0	451.4474284157549	505.23448310218464	0.0	412.2930936968666	565.6487282861798	0.0	411.2695561938752	679.9392125967331	0.0	398.2834932974733	779.6506545079428	0.0	574.4936730845842	554.1860305765849	0.0	627.8732277122393	672.8303886548988	0.0	632.2012465030905	782.6570810402447	0.0
205	6.852969348659004	506.7967323741085	787.2940292630318	0.0	461.6398476087025	795.1179428851638	0.0	466.511788902949	984.3321796701398	0.0	503.45073674712404	1155.661486159605	0.0	468.46970945105465	1210.354281600819	0.0	461.27068269368743	1199.981306896184	0.0	518.0867375794088	1183.414910611594	0.0	551.9037855126326	784.935052956353	0.0	551.9563157709092	943.1214166045971	0.0	562.5041377928868	1162.11894765038	0.0	539.1660796115762	1220.0299570163843	0.0	561.6296347138662	1219.4970291975606	0.0	567.1097991626598	1193.791005585487	0.0	489.8186062601207	534.4575119288077	0.0	449.51821067583427	420.08603612581373	0.0	453.1153972961033	505.6241713221132	0.0	412.4397366260638	565.0135187118326	0.0	410.23720210903684	679.265954224602	0.0	398.2244689939434	779.4855809222846	0.0	576.8078871769594	555.8555053328131	0.0	628.9796972490179	673.7108154181946	0.0	634.1714885992403	786.4821798748397	0.0
206	6.88639846743295	506.13593081531945	787.1769795972502	0.0	460.4959984946923	794.5751318427998	0.0	466.5163129370677	984.9846467828936	0.0	503.087395118098	1155.9052989347142	0.0	468.9542397675775	1208.0824794892546	0.0	461.404139032113	1198.2477956109758	0.0	517.012290832093	1183.060555800117	0.0	552.5735011881122	784.6300302153154	0.0	555.8249338361769	940.772677550578	0.0	568.3998486592575	1160.018385477811	0.0	548.5400897284538	1219.700530673179	0.0	572.2972233964649	1219.4162483020532	0.0	571.4770295216885	1192.6112017021185	0.0	491.4313833453479	535.9820436790349	0.0	455.5417486167845	420.22346065790634	0.0	457.3009718392951	506.151850058408	0.0	412.29554141901536	564.8359814264638	0.0	410.19744155445426	679.1533742784051	0.0	398.3117307254249	779.319582733514	0.0	579.7786754238535	558.3335155125121	0.0	629.397812247844	674.5839581507071	0.0	635.4765140438636	789.0925978006186	0.0
207	6.919827586206896	506.5835850875888	787.1647867889781	0.0	461.05188143911136	794.2619069650322	0.0	466.720670364677	984.7753483413576	0.0	502.61787883594445	1156.3375626139452	0.0	469.66536822268824	1207.4334598640985	0.0	461.71611910362867	1198.2294717860784	0.0	516.5225350700538	1183.419247567195	0.0	553.6456933273068	784.5077394789909	0.0	559.0463827157802	941.3555155206828	0.0	572.9677084491774	1159.3752265769792	0.0	556.4632640665359	1222.0740104487172	0.0	582.1077825641637	1220.6633621524868	0.0	574.2975233764091	1191.8585364500748	0.0	493.884151062545	537.937329330533	0.0	462.266181067257	420.5907049898235	0.0	465.3152784691141	509.4234544174269	0.0	413.2166070122738	564.8751741427625	0.0	410.425945780832	679.8160317383932	0.0	398.58556583527695	779.4330204473284	0.0	582.7416456209136	560.1553322495694	0.0	629.2016790952053	675.5062259161931	0.0	635.1460579848646	790.9083649456326	0.0
208	6.953256704980843	507.4472563539723	787.5737555937118	0.0	462.30063638087137	794.2943956966407	0.0	467.1995510400446	984.3337582226661	0.0	502.2206216982197	1156.1545541562048	0.0	469.82129745493467	1207.4979547760163	0.0	461.0136993317278	1199.1115859032457	0.0	515.913834538965	1183.7957818308992	0.0	554.5601407623046	784.6924626982145	0.0	561.4042407583175	943.9917525690067	0.0	575.65994503602	1160.7846829019957	0.0	563.1930687414521	1226.2168470614113	0.0	590.7717219872363	1223.4026924638376	0.0	575.1440204504772	1192.2003474084106	0.0	496.5592535699485	539.7481491088515	0.0	469.60090073847465	421.9208553294083	0.0	475.27551644022407	513.6001564744417	0.0	415.140127228927	565.4847752044856	0.0	409.7654610515932	681.6112429146468	0.0	398.952293391571	779.5948358029207	0.0	585.3356156517747	560.7442105186853	0.0	629.2733336932456	676.8580476363486	0.0	635.0674507055455	792.9937014193742	0.0
209	6.986685823754789	507.7375537297222	788.284723299669	0.0	462.8279858144591	794.780506563814	0.0	467.63304284012287	984.5296864706838	0.0	502.07829575876974	1155.6873599797325	0.0	469.01576998746197	1207.3962162076848	0.0	460.52488754007214	1199.5284489555747	0.0	514.6531898328365	1183.725255981949	0.0	555.2734186999211	784.9740209733676	0.0	563.0585588943346	946.4385595588534	0.0	576.9175462642405	1162.4265629260944	0.0	569.0392283617055	1229.0696062767645	0.0	598.0230917612472	1225.8412776162727	0.0	574.3849776610463	1192.9231746117325	0.0	499.14901943124244	541.1699621550447	0.0	477.39420217977414	423.7247879963312	0.0	484.9335982724236	515.9254515392806	0.0	417.04251979996667	566.7894690393844	0.0	407.7938263545744	684.5854949496176	0.0	399.1798706124337	779.3712037186873	0.0	587.7364452136404	560.5551974881541	0.0	630.3630123141438	678.0479275734297	0.0	637.2650186468851	793.3162004389185	0.0
210	7.0201149425287355	507.9272541502314	788.6844772475761	0.0	463.2043586282481	795.1122694370398	0.0	467.5360791891715	985.4588554469603	0.0	501.92790519336904	1155.7638725334418	0.0	466.6554679047192	1207.3701878053616	0.0	460.27677201876327	1199.347729151311	0.0	513.4998163548427	1183.703159882761	0.0	556.1420776542269	784.6748092947346	0.0	564.125825837843	947.4157663300784	0.0	577.2483992698038	1163.182376018426	0.0	573.0055173291092	1229.6118342016885	0.0	602.5561183239623	1226.5848362066881	0.0	572.4005012559377	1192.9028387259266	0.0	502.38629011779267	542.1127137179669	0.0	484.9306519636287	424.59813704745454	0.0	492.8806649149491	516.1205990193104	0.0	418.94043471907236	567.8045919328172	0.0	405.3630229174357	687.2263019748168	0.0	398.9181819703334	778.277438482903	0.0	590.5659497170117	560.0953137665821	0.0	631.9494057847432	678.1276778922534	0.0	640.1523913753596	788.2380006693398	0.0
211	7.053544061302682	509.10843339138734	788.6771277857366	0.0	464.2908465820328	794.74954507004	0.0	467.1233276791101	986.440785930415	0.0	501.76694048318075	1156.4233520700027	0.0	464.183025840963	1207.5924360131578	0.0	458.9164372248688	1199.2953349006789	0.0	513.536618189304	1184.2863050226804	0.0	557.1791553549399	783.9202523745311	0.0	565.2005175620129	947.3442883987643	0.0	577.5353425998659	1163.6095015835913	0.0	574.4076935943216	1229.3078504715547	0.0	603.8527889137187	1226.3134469281233	0.0	570.7251294932618	1192.3373716057306	0.0	506.51917107482336	542.3978098416769	0.0	491.7617496904913	424.23100259803715	0.0	499.2730028654343	515.5857502013555	0.0	421.52292186878003	567.4868824777147	0.0	403.7442453751094	687.820073236674	0.0	397.9665758381565	776.6359453041065	0.0	594.3115796569299	559.9110244951906	0.0	633.3829174860513	677.719126992348	0.0	641.3800523331707	779.8668420877052	0.0
212	7.086973180076628	511.3529151658502	789.173799135939	0.0	465.87399456789586	794.783483533233	0.0	467.3319580650248	987.0660580433346	0.0	501.99254261047696	1157.0585575227249	0.0	464.67202605951724	1208.0611615360197	0.0	457.9198461968458	1200.0295210211434	0.0	514.5430083613096	1184.9690107386114	0.0	558.4654220220671	784.4162018060717	0.0	566.9663783121902	947.379315110981	0.0	578.2537933359483	1164.5419637262992	0.0	574.166376369832	1230.044367231987	0.0	603.2232510563821	1227.13231365606	0.0	571.332739250678	1192.5627493979782	0.0	510.7603833917252	542.195913471819	0.0	498.17212486690005	423.6862772388528	0.0	505.2569268248684	515.322423354338	0.0	424.4534203832826	566.2413947540285	0.0	403.16566002632493	686.7732421784073	0.0	396.7170241995571	775.818567063617	0.0	599.0078937967861	560.8539629894823	0.0	635.0399399256066	679.0848125411821	0.0	641.6991286512016	777.3061472739552	0.0
213	7.120402298850575	513.9373638257558	790.8172496712122	0.0	467.61039602936796	796.1287765011871	0.0	468.5113160361665	987.6567059413806	0.0	502.4660059303688	1157.2857902811454	0.0	468.44719595182517	1209.231556301748	0.0	459.43530502803395	1201.7485540457424	0.0	515.4211498059482	1185.1127074609992	0.0	560.3844433929324	787.092866810004	0.0	569.0548005285218	947.8564794697625	0.0	578.764420671084	1165.9105552476447	0.0	573.9813606400315	1232.1982135832973	0.0	602.6188692518616	1229.408181539455	0.0	573.448836151183	1194.0779864776105	0.0	514.5829559135717	542.2583043011687	0.0	504.66850631689385	423.68779786350115	0.0	511.22802625865734	515.401969970578	0.0	426.8951760162872	565.5834138508707	0.0	403.07967116541727	685.4791241772538	0.0	395.7524180818714	776.3521172005383	0.0	604.2456861838496	563.3796554887043	0.0	637.3120108331572	683.4130857620208	0.0	643.3437439517197	785.8931471350203	0.0
214	7.153831417624521	516.2721334413252	792.9741489055441	0.0	469.27292805810094	797.6244561389159	0.0	469.9705760810919	988.098021510505	0.0	502.5787033354191	1157.2329545538303	0.0	472.00347128810165	1211.6398822740362	0.0	462.1125812993741	1204.399891450578	0.0	515.57044516261	1185.1331202922497	0.0	562.9405355162389	789.8897632756548	0.0	570.3870257817036	948.3011342343783	0.0	578.4092940086674	1166.9080077384197	0.0	574.4020087511284	1234.3861912844282	0.0	602.7412746356538	1231.041118451281	0.0	573.8219658937444	1195.8496862141103	0.0	518.3083904717382	543.6101869168858	0.0	511.2454368912601	423.92148120621323	0.0	517.0236168092079	515.4934741907498	0.0	429.2965784226646	566.1390814453109	0.0	403.58658946496615	684.3053312686212	0.0	395.19896033091754	777.0444393146192	0.0	609.2043566644132	566.4637456398635	0.0	639.9650149312325	688.3619857354925	0.0	646.3413280580106	798.5201441095803	0.0
215	7.187260536398467	518.1000634278347	794.5191155961971	0.0	470.5833539225427	798.1191793153231	0.0	470.9584791284572	987.6924851100684	0.0	502.14072328312983	1157.1321720676408	0.0	472.33396991193797	1214.691148971187	0.0	463.6587330545512	1207.1623203968393	0.0	515.0990468134632	1185.3469354592517	0.0	565.6531792105593	790.4491461660709	0.0	570.6136500875261	948.4513092082536	0.0	577.5584768707619	1167.129796828813	0.0	574.7344451443819	1235.6258027453466	0.0	603.0064494845323	1231.180646614636	0.0	571.8645107696219	1196.657451345347	0.0	522.2229545733961	546.0648655205359	0.0	517.3437865068878	424.01206564184326	0.0	522.6257261770917	515.0524552447507	0.0	432.59773055682257	567.0423342891327	0.0	405.16466738619164	683.1038769315987	0.0	395.0782839915758	777.2467202782459	0.0	613.3354236213022	568.804487756718	0.0	642.8795650550637	690.7082185284785	0.0	648.5640075045089	802.8787846331869	0.0
216	7.220689655172413	519.6183361190247	795.0878893594099	0.0	471.8867089016294	797.9369257977687	0.0	471.26479156299587	987.0612281949014	0.0	501.7187011369926	1157.0486717583055	0.0	469.53831598166494	1216.5505760768885	0.0	463.6851521715173	1208.2162044062036	0.0	514.5403065920941	1185.351232823221	0.0	568.054402675049	789.7163080591067	0.0	570.5229601028828	948.6216968078195	0.0	577.156166551526	1166.8865921715892	0.0	574.8477057080406	1236.348138712947	0.0	603.3183827183694	1231.469619162528	0.0	570.556923703612	1196.393006128193	0.0	525.897266853395	547.3921472713465	0.0	522.9875351393268	423.99838501486465	0.0	528.0740758211159	513.7804535835581	0.0	436.17854730526466	567.4844893432178	0.0	407.55607308403887	682.487366402707	0.0	395.61284121143274	777.6984610497344	0.0	616.6277946334986	570.4498359551852	0.0	645.9389237679646	690.1687405978519	0.0	649.6528603839395	792.0471071856126	0.0
217	7.2541187739463595	521.4772439958488	795.15418961909	0.0	474.01075141641843	797.7549786949979	0.0	471.0263596378264	987.9557068752882	0.0	502.0125189531258	1157.002675436331	0.0	464.75573839279474	1216.1807377465082	0.0	462.1289709826772	1206.7081687451243	0.0	514.5463334224976	1185.026721396222	0.0	569.9875572012713	790.1509022401905	0.0	571.3395191336198	949.5172191800125	0.0	577.656432142372	1166.5776677603599	0.0	575.2455989938293	1237.1328909731112	0.0	604.0939543772298	1232.901109340708	0.0	571.3474383692392	1195.7733361664384	0.0	528.9277210306861	546.2555130284483	0.0	529.0855815096575	423.9006506998292	0.0	533.5168489906731	512.6246350459562	0.0	439.17175935858086	567.5217507833049	0.0	410.1577821426023	682.7483561731799	0.0	396.6507606620471	778.6050994327342	0.0	619.170246285492	571.752462748929	0.0	648.8892377949845	688.5552632119606	0.0	651.9868606061419	764.549307281313	0.0
218	7.287547892720307	524.0404634084797	795.1574137948675	0.0	477.0250779443556	797.8779300232429	0.0	470.39472261402983	990.3983350148749	0.0	502.67216075549555	1157.0543295796842	0.0	458.7865431289579	1214.790643439301	0.0	458.2564611579209	1204.1960731969477	0.0	515.1363807441122	1184.858367721723	0.0	571.754529315127	791.845822511263	0.0	573.7426792848757	951.2672221986755	0.0	578.5528520190888	1166.5510801592886	0.0	575.6716323390722	1237.808866101902	0.0	604.9175439478656	1234.314655916546	0.0	572.6398835302185	1195.2313982508103	0.0	531.8342408655407	544.6122758364194	0.0	535.9452903458516	423.67054412674895	0.0	538.879470458269	512.9970830291454	0.0	442.5467157018267	567.4687570261502	0.0	412.8034843971851	682.1931868216152	0.0	397.6704925335945	779.068296588607	0.0	621.3976678298758	572.5373368604688	0.0	652.084805459896	687.2286520048614	0.0	656.7260136993339	728.3391813353269	0.0
219	7.320977011494253	527.0348475794218	795.1395747429675	0.0	480.0915895273933	798.30468036183	0.0	469.3773526518389	993.0188159834429	0.0	502.86609559257295	1157.107739815993	0.0	453.05702423608426	1214.1017582950612	0.0	453.12492802798823	1202.776688946086	0.0	515.9250637027885	1185.1790024203674	0.0	574.0803555192505	793.0951566498574	0.0	577.2017995018678	953.130305877112	0.0	579.0759946052611	1167.3097231256338	0.0	575.8219491738414	1237.7745363149022	0.0	605.4338140630882	1234.6307318468478	0.0	573.2870436212309	1195.1815555434557	0.0	535.3818146039009	544.6149459233576	0.0	542.7167881870893	423.3842863913294	0.0	543.3680370069072	514.6764323886263	0.0	447.09458276558445	567.405639654078	0.0	415.43187760997716	679.6856167225287	0.0	398.59708026515125	778.548931708665	0.0	624.3264443592678	572.7493021220747	0.0	656.0309346156553	686.6954753498549	0.0	661.9537997287543	700.9363103657388	0.0
220	7.354406130268199	530.1416409040505	795.0623791134826	0.0	482.5476225851535	798.9144318770539	0.0	467.9409169685235	995.7147535241102	0.0	502.7162676024799	1156.6780031867252	0.0	449.3819110671667	1214.2238386147328	0.0	449.99770735650645	1202.7227896953655	0.0	516.7682676232711	1185.287792178168	0.0	577.5822360812979	793.3974131462331	0.0	580.4597452682683	955.2445843987348	0.0	579.1501850618482	1169.0805840256792	0.0	576.6254421404393	1237.2367644014726	0.0	606.1803181224885	1234.4849422334182	0.0	573.6811800823401	1196.3148722392975	0.0	539.5748778802468	545.7012697218096	0.0	548.3063854473918	423.113106155159	0.0	545.8141584518272	516.1440743542082	0.0	451.50802893764705	567.0812508989975	0.0	417.79909193788103	677.34404260531	0.0	399.5890447949046	777.8959413127263	0.0	628.6420790680573	572.3750273821165	0.0	660.3300321551624	687.7462651805893	0.0	665.4464815708939	691.1401121181748	0.0
221	7.387835249042145	533.2312685352932	795.0501994509244	0.0	484.7084923438116	799.606267881426	0.0	466.0260787490478	998.5379682309532	0.0	502.5755077931695	1155.2110266693203	0.0	448.2710836828535	1214.0217462178043	0.0	450.0742032926548	1202.693328643142	0.0	517.1018776491295	1183.8987173492058	0.0	581.866383200892	793.6044029396528	0.0	582.9165796444798	958.5673871635843	0.0	579.3304693726027	1171.317725881595	0.0	578.5759835744695	1237.3110760838517	0.0	607.2437210485485	1234.7521972192574	0.0	573.9154508257999	1198.28185897652	0.0	544.0664938051198	546.5991295310564	0.0	552.2253902755365	422.8223990312984	0.0	546.4992470695571	516.860498573042	0.0	454.9168225767613	565.9880607712225	0.0	419.84845707895556	676.8404384561201	0.0	400.3350065621889	778.1472934246833	0.0	633.837668839939	571.3276064909428	0.0	664.2270946202485	690.8171333534339	0.0	667.5043129439536	692.2857702238886	0.0
222	7.421264367816092	536.044695529781	795.2987121321124	0.0	487.23235823789173	800.2348441362054	0.0	463.53357990223094	1000.0191229241293	0.0	502.0688536414863	1152.4641389915691	0.0	449.0916716475357	1212.9138555464883	0.0	451.12766194276384	1201.7138288512083	0.0	516.1799244904024	1180.2600491913042	0.0	585.5631410873581	793.9729863153692	0.0	585.0005709763559	962.1594629708995	0.0	579.8323690126996	1173.1702504294963	0.0	580.3383311377771	1238.423278893059	0.0	607.9493564524577	1235.2554899219206	0.0	573.4327736924815	1199.717130187556	0.0	548.6391697155926	547.5461061064757	0.0	555.0848517621455	422.47788312579576	0.0	548.0796617114213	517.9065764180672	0.0	458.425725670552	563.9046661950176	0.0	421.6438800530462	676.2506668463554	0.0	400.7031297793628	778.7925685261732	0.0	638.7100494313711	569.9055860236541	0.0	667.786011779596	693.4195929243268	0.0	670.6043112889188	695.2160650010359	0.0
223	7.454693486590038	538.2453905801674	795.7564899434957	0.0	489.67702218465234	800.6208688518357	0.0	460.94186107676137	999.4160892092228	0.0	500.54539627728735	1148.683939321716	0.0	451.673044626305	1212.2020297975253	0.0	451.0291953350858	1200.8265925440994	0.0	514.3468690925816	1174.9047152426458	0.0	587.828086357082	794.287801223865	0.0	586.7468966657572	964.746123452715	0.0	580.0841961039414	1174.152621926255	0.0	580.8469142900249	1240.1950057809074	0.0	608.0724704456729	1235.9373479473595	0.0	571.7992215813753	1199.97016783849	0.0	552.7633801631224	548.7607035220502	0.0	557.8538082966174	422.057300634871	0.0	552.270032213691	519.6191318287173	0.0	462.37049470196644	561.586050048805	0.0	423.0935630219572	673.912478636307	0.0	401.19188015966387	778.6083841601416	0.0	642.3267338858317	568.4927110001897	0.0	671.7803327914615	691.758413310003	0.0	676.4185380178296	696.1553645276883	0.0
224	7.488122605363984	539.666017827283	796.1156417367531	0.0	490.882387292542	800.6096692936927	0.0	459.6210784830005	997.8844633553921	0.0	497.74806358210975	1145.2979703382011	0.0	456.0831788418124	1214.0462137603458	0.0	449.81442258003403	1202.2070607981896	0.0	512.36842148508	1170.1228150837642	0.0	589.0824822206562	795.346650682561	0.0	587.4482675553927	967.9032633177194	0.0	579.8922255310855	1174.32439185955	0.0	580.6471031008999	1242.3803790001036	0.0	608.0552674412644	1237.3695598776446	0.0	569.5174279342353	1199.5292292573924	0.0	555.7047274781163	548.5142414732306	0.0	560.6440001125438	421.3991702503719	0.0	556.8940943186221	519.6574369666165	0.0	465.27391861505197	560.3146564063552	0.0	424.278146589231	671.4598156751439	0.0	401.8966084898859	777.4972766262598	0.0	644.4365856410875	567.0716441120964	0.0	676.3306455993797	686.1143196733132	0.0	683.2864367889583	695.7281270804579	0.0
225	7.521551724137931	540.2841389681631	796.1381910771369	0.0	490.6955532753069	800.0569018663974	0.0	460.61478405430285	996.6526629408885	0.0	494.5468606009155	1144.6354920723568	0.0	461.7874985800019	1219.1022776230193	0.0	449.02737568927887	1206.8968228712106	0.0	510.15554019230933	1168.5111460243627	0.0	589.9563019403337	797.5748032130796	0.0	587.1804553201421	972.3937240651724	0.0	579.9431081021457	1174.1952947311413	0.0	580.310271183634	1244.508562867757	0.0	607.980382396257	1239.1382582202164	0.0	567.9262261585709	1199.1724213526954	0.0	557.4283344058597	545.5260505447834	0.0	563.2244979554982	420.21995005381643	0.0	559.1945833486504	516.4639935000168	0.0	466.588136434051	560.2905728371559	0.0	425.41705224573093	670.8355067727562	0.0	402.2499329055224	776.3080678557424	0.0	645.7538340768184	565.6369880679792	0.0	680.4074548935673	680.3879650747265	0.0	688.3635742480022	696.511695994735	0.0
226	7.554980842911877	540.237871426357	795.671246281629	0.0	490.0406074021033	799.1142724173636	0.0	463.6428896806652	995.9929308710568	0.0	492.47869677473614	1148.077607133936	0.0	468.3043099759545	1226.3657161463668	0.0	450.1900863081916	1214.5965616648275	0.0	507.324561099301	1171.1055483970827	0.0	590.5831805238089	799.6284807639415	0.0	586.794437159944	975.3425830806558	0.0	580.3858867783968	1174.122176504117	0.0	579.627313795395	1245.951669901918	0.0	607.2071551605028	1240.0554262633705	0.0	567.318152807897	1199.3295595226668	0.0	558.8803260675878	541.7113660864862	0.0	565.8585945214447	418.44918079342733	0.0	560.0635924726465	512.5403059551082	0.0	467.57839416545374	560.3550695822998	0.0	426.3285446416778	671.5078772754762	0.0	402.08694432792834	775.6819753131064	0.0	647.5191469925973	564.5573228136265	0.0	683.2418102609629	677.1521306408118	0.0	691.5724192077087	699.5453923275456	0.0
227	7.588409961685824	539.9771342872951	794.8304951521999	0.0	489.7095914213492	798.3891387607446	0.0	467.9067307995546	995.3912985440007	0.0	491.9733381024103	1155.2934178650212	0.0	475.26737085696686	1234.237443241164	0.0	453.3423551064502	1223.9087221574557	0.0	504.31663232083395	1177.8322430485618	0.0	591.0344467361929	800.3589920207767	0.0	586.69365851909	974.8598087160591	0.0	580.5438377666085	1174.3482534145876	0.0	578.716242643019	1246.6395530823754	0.0	605.6428114497147	1240.131172305345	0.0	566.9044201447078	1200.287971937711	0.0	560.8991519653098	539.702778683971	0.0	568.4964824379223	416.52850318319713	0.0	561.9547822930392	510.57126845155966	0.0	469.16166938806737	559.8263951393848	0.0	426.71772769576916	672.0638628331046	0.0	401.8033581796207	775.7782412924355	0.0	649.9707289962009	564.0950255231663	0.0	685.2706954785381	676.6594670559047	0.0	694.2960089064893	701.6052236552069	0.0
228	7.62183908045977	540.1846941880133	794.4992379693949	0.0	489.96396116787844	798.4005695509483	0.0	472.9733533735723	994.5758607991713	0.0	492.30580960273477	1164.883660610737	0.0	481.6780547095164	1240.9755831056082	0.0	457.45847410453194	1232.256407190449	0.0	502.4532095951562	1187.964092578954	0.0	591.4536904376619	800.0527537014821	0.0	586.7579698415059	973.4546702680888	0.0	579.8939912451759	1175.9036483540904	0.0	578.3772667844669	1246.7929316400107	0.0	604.4816722777351	1240.127567614125	0.0	566.6818574422102	1202.6494726955762	0.0	563.0284668514739	539.6477497952347	0.0	570.2581500071229	415.26492465984325	0.0	564.576214518397	509.9518640753568	0.0	471.0398013265406	559.2991486971735	0.0	426.8699511619486	672.3588633644171	0.0	401.5430824752445	776.4376932144553	0.0	652.1497441992875	563.896879421769	0.0	687.1567012270419	677.9121303036057	0.0	696.8117686654505	700.0305683002799	0.0
229	7.655268199233716	541.1945660506831	795.3872329835159	0.0	490.78144304642177	798.9574996412329	0.0	478.4340537557648	994.2064595519298	0.0	493.1236513275825	1175.2366340798733	0.0	487.13860805904	1246.6025160127733	0.0	461.9450778885197	1238.7954625720802	0.0	502.74660229557514	1199.789048549624	0.0	591.8792711001865	799.5362475796059	0.0	586.7672573197709	974.7284795043248	0.0	578.3464407511065	1179.0802649070638	0.0	578.9971806310575	1246.709800951233	0.0	604.4535006289493	1240.1989798611626	0.0	566.9888729045273	1206.1537840765995	0.0	564.2604831328489	540.0651362946287	0.0	570.8101937166209	415.0007476393295	0.0	566.0101403082015	509.30544841309666	0.0	472.52931638963906	559.4050282801526	0.0	427.3634906378192	672.8529154502148	0.0	401.2040770361646	777.1501688543456	0.0	653.3907076695584	563.5095810203176	0.0	688.9045131920682	679.1449338137559	0.0	699.3067998419731	698.8911133859688	0.0
230	7.688697318007662	542.5106838826713	796.6695084953866	0.0	491.76167781070865	799.030533979785	0.0	483.447940841638	994.9225699435437	0.0	494.77913016937066	1185.5509176675912	0.0	492.64254407583746	1253.5697758423757	0.0	466.8841591604378	1246.093079322136	0.0	504.7752119414945	1211.5045947141239	0.0	592.2559265039588	799.146584673942	0.0	586.7052614286962	978.275120395921	0.0	576.5039008630738	1181.412347530095	0.0	579.9691673450983	1246.7845598770518	0.0	604.6269152924085	1240.355629854824	0.0	567.3729754434072	1208.7094702303018	0.0	564.5307131396328	540.1054112299332	0.0	570.920184281281	415.075878489739	0.0	566.1809779032134	509.3538795317331	0.0	473.1255031199177	559.7082061637623	0.0	428.14243725623834	673.0724443598159	0.0	401.0023455398551	777.38179678721	0.0	653.9261779511422	563.0717662392001	0.0	690.299318311053	679.2792163836572	0.0	702.3916797055056	707.5456324385914	0.0
231	7.722126436781609	543.3558183037223	797.4263955178694	0.0	492.20604968986794	798.2943043018272	0.0	487.27809477214015	997.2103127985882	0.0	497.58101001931135	1195.6603717101632	0.0	498.71404684154464	1262.627661914916	0.0	472.47668711248787	1255.5759679701473	0.0	507.2785378347217	1222.0937616440137	0.0	592.3711463882718	799.1208226481529	0.0	586.6180688480266	981.2907333479208	0.0	575.4039588004524	1180.4799788261232	0.0	580.2620967851379	1247.1518990440436	0.0	604.0943215105707	1240.469644579543	0.0	567.2559741224151	1208.3586462659598	0.0	564.5214619310033	539.8943409827613	0.0	570.9694117638209	414.7443270286629	0.0	566.0062381472957	511.47545650361394	0.0	473.10935282462833	558.9282993487159	0.0	428.5077469772896	672.0661937851144	0.0	401.191620707617	777.4043847851592	0.0	654.3664282335947	562.7373752088573	0.0	691.257719383785	678.9659742551531	0.0	705.9828300673012	732.9804759740018	0.0
232	7.7555555555555555	543.6251530496452	798.4176165611649	0.0	491.93072328137714	798.7813150048337	0.0	490.110243720546	1001.4868511062909	0.0	501.3162394808557	1204.442218934942	0.0	504.8785720997425	1270.6984746966918	0.0	478.4741487974851	1264.443022742473	0.0	509.46929553423104	1230.8336909329778	0.0	592.3616200794056	800.6487381236817	0.0	586.3814628566946	983.5427744312424	0.0	575.1331407603359	1177.1309319159657	0.0	579.5999714844943	1247.5677654337348	0.0	603.0642793256279	1239.5146228236717	0.0	566.6986637807564	1205.3902403301774	0.0	564.6448409426731	539.6510838536884	0.0	570.7168239690798	414.08336868008223	0.0	565.5762670238169	514.2327497657794	0.0	473.3532745714415	556.7620089218939	0.0	427.99740737017186	670.0559911844445	0.0	401.4392785457318	778.1219326080411	0.0	654.9656381616041	562.1009875895967	0.0	691.7365954717518	679.4674263499497	0.0	708.8984341282489	768.2533126818856	0.0
233	7.788984674329502	543.845543568504	800.4072261347694	0.0	491.5886471527218	802.0032988317992	0.0	492.65333583733724	1006.1524241082845	0.0	505.1874123771721	1210.1284136558384	0.0	510.64807894258576	1275.0707846660598	0.0	483.96952728779115	1269.8462364279	0.0	511.24171262348284	1237.2386582783156	0.0	592.8659655414368	803.9634090588902	0.0	586.1530201347578	985.664291785555	0.0	574.7834928510325	1173.648856097806	0.0	578.8535241511341	1247.4817182113325	0.0	602.0366226079178	1237.0557726663972	0.0	566.1379947553474	1202.2683284567102	0.0	564.8394228191706	539.595861168416	0.0	570.3349254409079	413.49060366280247	0.0	564.849328655794	514.8635001432032	0.0	473.78022134672767	554.9260960032002	0.0	426.6799216866204	668.4292785993971	0.0	401.2099595356457	779.4555516191671	0.0	655.2486414244423	560.8799071010458	0.0	691.8291934066054	680.5621308085414	0.0	709.8914727759964	794.2868670873397	0.0
234	7.822413793103448	544.289722426344	802.3554699102397	0.0	491.7546665761688	805.9083682784793	0.0	495.3186216743166	1008.0654036800695	0.0	508.3998329973966	1212.827176987861	0.0	515.6834114548419	1276.815345045778	0.0	488.20059717816235	1272.7173426635998	0.0	512.8887950761184	1241.608955622493	0.0	593.9687756023254	806.8391052375982	0.0	586.3132424251274	986.9238475985867	0.0	573.9088714387268	1170.959895543935	0.0	578.8803334477135	1246.7471825661332	0.0	601.4788020985229	1234.648887984158	0.0	565.807960329014	1201.208469535987	0.0	564.8766050024991	539.9301754833087	0.0	570.1114220818416	412.87597343552835	0.0	564.2091181302957	513.6520617553043	0.0	473.41159587752344	554.6490275063209	0.0	424.95573958476007	668.031810837613	0.0	400.6624634266961	780.1233015450615	0.0	654.9485894544076	559.4195334815361	0.0	691.6575422992659	680.7159817752378	0.0	708.9605717711387	798.8635006373834	0.0
235	7.855842911877394	544.6852810385911	802.9746798823841	0.0	492.21503229837134	808.0620092735927	0.0	497.97689041230007	1007.2830941165795	0.0	510.786605082753	1214.618521346996	0.0	519.8299033259761	1279.147566787361	0.0	491.1060731461085	1275.5946442839233	0.0	514.8859992888823	1244.6079185429542	0.0	595.2423187057915	807.6711299906235	0.0	586.880348737465	987.4562128828373	0.0	572.9142162594162	1168.9476182451542	0.0	579.9308894905101	1246.5713988680832	0.0	601.829416941757	1234.0208097585173	0.0	565.8083152665821	1201.43628538624	0.0	564.4876184459347	540.2122586682366	0.0	569.741786612668	411.7775398132382	0.0	563.9980820634005	512.634078224786	0.0	472.0029385901698	554.7200650195997	0.0	423.21581494891547	668.191534857992	0.0	400.32511906265694	779.6114670473878	0.0	654.66562880571	558.3337959919696	0.0	691.2872231753772	680.2572603161196	0.0	707.1387226205138	787.9933085180464	0.0
236	7.889272030651341	544.7699074545594	802.9469255660288	0.0	492.47383419786706	808.8842521709774	0.0	499.8858873658122	1007.7844523141648	0.0	512.4351670425297	1217.0738388620764	0.0	522.7819481805578	1284.0415836785232	0.0	492.797785067596	1279.4847783388811	0.0	517.0888337593484	1246.837095147923	0.0	596.5040820470123	807.6278456973447	0.0	587.465363247136	987.7386067766447	0.0	572.3466996672843	1167.863884270273	0.0	581.6855948156581	1247.9402461713717	0.0	602.9976699303903	1235.0592045009716	0.0	566.0428950360853	1200.7727984041496	0.0	563.2237321539673	539.8164217257967	0.0	568.5143652738395	410.0837906866946	0.0	563.656976107744	512.3746135866643	0.0	469.8727687202077	554.0726483425567	0.0	421.3651285610483	667.6426103382688	0.0	400.19300680472986	778.5901448027739	0.0	654.5502619352027	557.9044322212721	0.0	690.9073886514296	681.6856187062106	0.0	705.5999541395813	779.8295915036274	0.0
237	7.922701149425287	544.5938789556341	803.9394267639129	0.0	492.47484068368357	809.7633119382185	0.0	500.5758082704026	1011.1409200062564	0.0	513.4359075729524	1220.1871156211191	0.0	524.1392688241928	1290.264931087032	0.0	493.3278705418168	1283.8718708188246	0.0	518.7286094179153	1248.8286734996582	0.0	597.4045196820219	808.4199824162351	0.0	587.5385455597852	987.3761793756956	0.0	572.1326867188089	1167.5943953851179	0.0	583.3316977044906	1249.4955967259216	0.0	604.4236108291269	1236.1353503897585	0.0	565.7800211199212	1198.5654206366075	0.0	560.830769854122	539.1210491255102	0.0	566.3232016610946	408.1969118394655	0.0	562.2687429916797	512.8469969121675	0.0	466.96965911080656	553.4332619503635	0.0	419.33202907168493	666.174338201012	0.0	400.10912727799405	777.4137069514331	0.0	653.8143890511942	557.6440153105112	0.0	690.694790309074	685.0508976269587	0.0	705.1789792673537	784.3751398232524	0.0
238	7.956130268199233	544.2352698707119	805.7958785762843	0.0	492.2693551192039	810.6542559426291	0.0	500.6165993297979	1014.3228305495466	0.0	514.00902795747	1222.9216513163635	0.0	524.3933616829772	1294.8141708540875	0.0	492.99981155051944	1287.90014540986	0.0	519.5229784556956	1250.512740699551	0.0	597.363209828315	809.5478452223532	0.0	586.9940345027143	986.8901876410919	0.0	571.6029347113854	1166.699849388387	0.0	584.2887004826953	1249.3207672434391	0.0	605.5174329438053	1236.0578629905879	0.0	564.6302219764667	1195.1980140363928	0.0	557.9204271560593	539.1499347983322	0.0	564.2227183465103	406.58778057744325	0.0	560.1486338803511	514.6987865329176	0.0	463.4210249716482	552.9557852720135	0.0	417.80619468287165	664.5104814022257	0.0	400.01234677680276	776.1989312453885	0.0	652.1695874594408	556.695782533265	0.0	690.4048593705022	687.4182949318798	0.0	705.5277874798018	791.5207087084539	0.0
239	7.98955938697318	543.6455171674911	806.9654471444334	0.0	491.64490216249294	810.8946580895655	0.0	500.7313806249224	1015.3338993015589	0.0	514.2570643274166	1224.3181666165763	0.0	524.5632327630501	1296.602650573694	0.0	492.5132986159983	1290.8815346708602	0.0	519.7485498340394	1251.4291485132987	0.0	596.4422034689062	809.5433358323961	0.0	586.1063885110833	987.7222305732146	0.0	570.5849692954205	1164.3225606770227	0.0	584.2487674307824	1247.5505003035494	0.0	605.7937121416627	1235.1293078519286	0.0	563.3452197830403	1191.4089598047524	0.0	555.3631361634368	539.5822286952936	0.0	562.8854694064696	405.3284722230366	0.0	558.0842099261836	517.1837551317504	0.0	459.97800252525343	551.5542153415263	0.0	417.41586527461794	662.7562498507419	0.0	399.5960887692423	775.4246119871356	0.0	650.1236102369039	554.6503705345829	0.0	689.3740286019963	687.8168153510031	0.0	705.2464005076367	791.7928897767138	0.0
240	8.022988505747126	542.9092288560713	807.0930151517965	0.0	490.7972376067011	810.8122206045988	0.0	501.0569831095917	1015.2891796472977	0.0	514.2425427155229	1224.5034259092286	0.0	524.8895104232015	1297.069119284737	0.0	492.6940663709278	1292.2331065669875	0.0	519.7085121234164	1251.6363549229386	0.0	595.3476825407662	809.0100388787904	0.0	585.0462631697847	989.43887551372	0.0	569.8494061997214	1161.7749179165205	0.0	583.2530702894301	1245.8344246674853	0.0	605.3574907226264	1234.122837007239	0.0	562.4652283727712	1188.5084361111726	0.0	553.3099995672382	538.2179696510107	0.0	561.5475323868799	403.84892566833184	0.0	556.0489286628404	516.6950631136294	0.0	457.3382483350777	549.0989009162096	0.0	417.44837433088145	660.6217521318247	0.0	399.00240662632774	774.9841397114538	0.0	648.1537109419892	551.7415722269998	0.0	687.3843006659417	687.4952378846513	0.0	703.8381858731423	792.707437567375	0.0
241	8.056417624521073	542.2576608793593	806.5116732145475	0.0	490.17189955350307	810.660913472436	0.0	501.19640610686696	1014.7997116781834	0.0	514.1635997643642	1224.2872092933692	0.0	525.1926043011864	1297.4540620787097	0.0	493.78003768322503	1292.0053162800912	0.0	519.623019232329	1251.5782777646061	0.0	594.487422724789	808.7821971913542	0.0	584.4853972601348	989.3689269048296	0.0	570.0654414984132	1160.6909398257753	0.0	582.2347440854994	1245.3255947753373	0.0	604.8575142070916	1233.5196808947076	0.0	561.6680075984109	1187.4932371453203	0.0	551.5223609540432	534.3009596000766	0.0	559.7182349159565	401.4346928502053	0.0	554.032495052451	511.5244860739169	0.0	455.38051575462384	546.7410499093451	0.0	416.47732994459193	658.5738246471473	0.0	398.6364436683871	774.1964713412085	0.0	646.6112550621253	548.584106296572	0.0	685.0793583738213	686.121091334827	0.0	702.1259139212445	800.2445192315557	0.0
242	8.089846743295018	541.8458365686937	804.5756552482277	0.0	489.6046336916117	809.0217561583798	0.0	500.5782710587537	1012.9650494458515	0.0	514.1483908318427	1224.239264050035	0.0	525.686999294407	1297.7727487975137	0.0	495.0141248954505	1291.6043159911203	0.0	519.5533975752796	1251.572905875872	0.0	593.6509089068051	806.7780435548107	0.0	585.5288318487327	986.2933477616399	0.0	570.8712980185469	1160.7381295074429	0.0	582.0425686624288	1245.693088681476	0.0	604.6263545774056	1233.5919754954807	0.0	560.8255698655436	1187.7118065756704	0.0	549.8328180853819	530.5031329209983	0.0	558.3310639766546	397.9048586113567	0.0	552.7567237852182	505.6780118864702	0.0	453.3338670023875	545.0310105787119	0.0	414.27340820032293	657.1021432883317	0.0	397.95457488173656	773.2216820331535	0.0	645.7123175361033	545.7656779441146	0.0	682.9253693772082	682.0753625298232	0.0	700.2655192912171	807.0970886819529	0.0
243	8.123275862068965	541.6850619286485	800.9938135847528	0.0	488.8738933619397	804.9009632863743	0.0	499.3402010029084	1010.0400218135679	0.0	514.1475378015493	1224.5046059023957	0.0	526.2142828483445	1298.0029562318132	0.0	495.53846437138225	1292.3560828794512	0.0	519.4638852449082	1251.791395400511	0.0	592.5886740504257	801.226321255356	0.0	588.27161923791	981.6678445527276	0.0	571.4637229664744	1160.515022251041	0.0	582.4246180015869	1246.029348840853	0.0	604.6271657452735	1234.3027525040195	0.0	560.423927380981	1187.1255014354826	0.0	548.1515194525533	528.7373426236076	0.0	558.3374451545346	393.84493197344716	0.0	552.8542460897386	502.9590971771708	0.0	450.8915283033397	543.2698530677932	0.0	411.8299057863125	655.8685752281327	0.0	396.26371956386583	772.7208665873492	0.0	645.2438376225499	543.4596968245277	0.0	680.9954984153583	675.8072306825012	0.0	697.3442311413315	806.0578927814759	0.0
244	8.156704980842912	541.3663578821362	797.3281783608767	0.0	488.27793245669983	800.4742744473938	0.0	498.4849224286084	1007.8198156044562	0.0	513.9773817033124	1224.7695978306938	0.0	526.3932068588975	1298.6145916525395	0.0	495.7738143271516	1293.855709792309	0.0	519.4088907716866	1252.1313821928252	0.0	591.5052579264501	794.8734190380464	0.0	591.6904473601458	976.9254826286733	0.0	571.7348381329035	1159.5224438368	0.0	582.7264788305861	1246.109971219038	0.0	604.7188855928867	1235.2079539934562	0.0	560.9084228589526	1184.3452122044105	0.0	546.8328981140737	527.106638058233	0.0	559.3241405307872	390.4953119135026	0.0	553.8798301005352	501.39216489435375	0.0	448.63793553401086	540.8800423352739	0.0	409.64110903167074	654.2914451003504	0.0	393.9582540254644	772.2212619570199	0.0	644.7406002655803	541.4336121383778	0.0	679.7429137808255	670.6090469195676	0.0	693.558490613268	797.2489831810326	0.0
245	8.190134099616857	540.2481611122121	795.3652371273024	0.0	487.92260458347215	798.6592889127862	0.0	498.4919866451208	1007.0079729620464	0.0	513.6249674414894	1224.533891315266	0.0	526.7858124745761	1299.7605213767708	0.0	496.6658397193533	1295.0666718116458	0.0	519.6101966113699	1252.1576398031045	0.0	590.5895478255918	791.826984114717	0.0	595.1124918474668	972.2750048601495	0.0	572.3625155273406	1157.304227897686	0.0	582.6797641067357	1246.0761164221394	0.0	604.6819865792125	1235.526322467219	0.0	562.0683918403595	1178.7252306551313	0.0	546.2070524641149	523.9961551609541	0.0	560.0963774114454	388.57367090174415	0.0	554.626193166505	498.1716633509021	0.0	447.0127852583799	538.5748228698034	0.0	407.08898412055663	652.1426218949886	0.0	391.6924766986619	770.8345239708971	0.0	643.852165900734	539.6982496256373	0.0	679.0407736759593	669.0199114989593	0.0	690.7703308896346	779.7265690229444	0.0
246	8.223563218390805	538.5581447378504	795.1606108289387	0.0	487.46939131031286	799.5119375939181	0.0	498.6324994084815	1007.3941764251224	0.0	513.4462644934243	1224.030993596313	0.0	527.8059388031248	1300.849160670541	0.0	497.8077368440622	1295.6603407852203	0.0	520.4052002144218	1251.758473692658	0.0	589.6234306174781	792.291669098947	0.0	598.7086470144169	967.0995298017727	0.0	573.9846747140443	1152.2177015415702	0.0	582.3988373621415	1245.7150933174446	0.0	604.629502274639	1234.6164151988005	0.0	563.4561018476514	1169.184354207422	0.0	545.555895025844	521.1020416162261	0.0	560.1890763690684	387.4755778686086	0.0	554.418110671653	495.03346313115003	0.0	445.56415092316564	537.5647542937988	0.0	403.60616799807815	649.9691701373386	0.0	389.51369527475174	769.0337648873698	0.0	642.5483579468171	538.8913747700951	0.0	677.6453447959207	669.9967307123904	0.0	690.2154573555903	749.0283879961412	0.0
247	8.256992337164752	537.4244634784767	795.540941009557	0.0	486.9644584858957	801.1304949227975	0.0	498.23298138228677	1009.6945863388775	0.0	513.7094374619787	1224.1367568802777	0.0	528.7096053524941	1301.4301756822645	0.0	498.15170201410984	1295.6452896043006	0.0	521.9203523301618	1251.4382071301893	0.0	588.7403521699305	793.4482404906772	0.0	602.2085590063006	961.4840065357978	0.0	576.3716502853416	1144.6535180789897	0.0	582.0317282552522	1245.1473163878757	0.0	604.9292252490375	1232.9736996490062	0.0	565.0542974692254	1157.4713312756576	0.0	544.2196145010294	519.91097702267	0.0	560.0981185053719	386.41687800348376	0.0	553.7376803938043	494.3839319032657	0.0	443.9028518046904	537.577918907972	0.0	399.7498420939645	648.7131763547509	0.0	387.4334613077798	767.6633480159443	0.0	641.3517134071923	539.1269279569289	0.0	675.352558874125	671.463212156043	0.0	690.7419067632501	711.3898260293391	0.0
248	8.290421455938697	537.4008556680628	795.3207364051096	0.0	486.9029232458449	801.669352230706	0.0	497.5479050250128	1013.927718729588	0.0	514.3478736308015	1224.8525233273806	0.0	529.016346742338	1301.7061815504255	0.0	497.8283768536521	1295.0052791882824	0.0	523.5763839032819	1251.4191908958342	0.0	588.3959553027523	792.8797445795175	0.0	604.3965647596443	957.1906376235463	0.0	578.5691829595714	1139.8544608695015	0.0	581.5804898147428	1245.3201844826233	0.0	605.4934665635717	1232.3176088385906	0.0	567.0081179285713	1151.049779603169	0.0	543.1056842026398	519.5261004085423	0.0	560.1771975623591	385.2105463926196	0.0	553.5213291552709	495.15334561308475	0.0	442.7651563928091	536.8453042220093	0.0	396.28068332349727	648.3868799539597	0.0	385.642760662167	766.7968289710144	0.0	640.7911775185944	539.2131100612565	0.0	673.7005811191483	673.1830894346897	0.0	689.750302840937	683.8296558638514	0.0
249	8.323850574712644	537.8721654777332	794.0038748786598	0.0	487.06291163410845	800.4556759731502	0.0	497.19496568940895	1018.0921749938686	0.0	515.0458335805098	1225.238597055554	0.0	529.1425586876006	1301.8476512337409	0.0	497.6864596731326	1293.9561607701974	0.0	524.4991317409341	1251.1780447064477	0.0	588.4159620903532	789.9153138606149	0.0	604.712236820161	954.8792683685535	0.0	580.2765027032481	1142.5304984704605	0.0	581.4040223735645	1247.0879787969404	0.0	606.1736414302848	1233.937959071744	0.0	569.5222322284757	1156.3365997264327	0.0	543.0856104567309	519.139892393486	0.0	560.4823542686637	383.9670028602023	0.0	554.0970613705729	495.4482953170063	0.0	442.6564075589978	534.8041881682423	0.0	393.13465727927763	648.2729188294253	0.0	383.89122493907865	766.6993074662258	0.0	640.4828241173938	538.1940815184828	0.0	673.6540669055055	674.707573928424	0.0	686.0593824423682	672.5208364560422	0.0
250	8.35727969348659	538.0323989794553	792.3879969064826	0.0	486.62720353203184	798.8317521194367	0.0	497.3777597723678	1020.7562736929272	0.0	515.420652703249	1225.1374757011235	0.0	529.4963089660274	1301.5927994786653	0.0	497.73839076137153	1292.974686057617	0.0	524.6416638751175	1250.5092620061403	0.0	588.4158127007388	786.0202009636719	0.0	604.1166199562703	953.8346151963149	0.0	582.3349021336735	1150.9422765667305	0.0	582.425724778412	1250.76542217512	0.0	607.7411977698342	1237.95164560315	0.0	572.8275935065979	1171.0310807763524	0.0	543.0765519875712	519.2586108704454	0.0	561.5558348110285	382.91614439279033	0.0	555.2161010209717	495.3270548987292	0.0	442.1606092205962	532.94208304419	0.0	390.2206054898926	648.1112189491364	0.0	381.72540048627343	767.6393368975567	0.0	639.7679827332961	536.4700850325091	0.0	674.2221644336068	673.160581777218	0.0	681.6675625782968	670.0630153287366	0.0
251	8.390708812260536	537.7659478958983	791.4245924803123	0.0	485.85724272269096	798.1971043777293	0.0	497.77099050195517	1022.2324604260392	0.0	515.7021721108596	1225.163733088639	0.0	530.0403693368042	1300.8774639968478	0.0	497.4683982285604	1292.6267638808897	0.0	524.677968207938	1250.156173667586	0.0	588.6152279250391	783.1911345762269	0.0	603.7975920006487	954.3519662826492	0.0	585.2692396541433	1160.9467968694269	0.0	584.9197913030588	1256.9953473151527	0.0	610.8918618698153	1244.882328615936	0.0	576.7767707708839	1188.3466685399026	0.0	541.831780601865	519.8318239448103	0.0	563.6894734684937	382.0091957699624	0.0	556.9925374562791	495.42948154527835	0.0	439.89880614215446	532.2554457430418	0.0	387.91029801463327	647.9425891031497	0.0	379.37517442530674	768.9388940647235	0.0	638.6403541825559	534.6442489591424	0.0	673.910667757688	667.6569528707054	0.0	679.3690398496641	669.0891268463188	0.0
252	8.424137931034483	537.3504772930414	790.7628907999633	0.0	485.66741805170136	798.2488652409506	0.0	498.1059213389985	1022.8307974779832	0.0	516.4634582232962	1225.270318337594	0.0	530.1533451189059	1300.2769358379135	0.0	497.0884967860699	1293.230855109515	0.0	524.9285981334688	1250.405508541706	0.0	589.2276064194712	782.028524591208	0.0	603.7373349533186	955.5581491706733	0.0	588.682523944668	1172.1633395523259	0.0	587.6308655143121	1267.0555937647566	0.0	614.5144939111062	1256.1236780825502	0.0	581.140866156194	1205.0074954117495	0.0	540.0756917248788	519.2635439822434	0.0	565.5757185654967	380.99343076737506	0.0	559.8110290770364	495.0745784898878	0.0	437.1843970740156	532.2266744618548	0.0	386.4094409764319	647.6170331047327	0.0	377.62264324855624	769.7185622208397	0.0	637.2431516768805	532.6733483017534	0.0	672.86368538118	662.5095805934842	0.0	679.0505350365778	666.5022314895238	0.0
253	8.457567049808429	537.0360970511754	790.4882100785386	0.0	485.8316662698784	798.902281948454	0.0	498.46235339875386	1022.7566981746065	0.0	517.4331807108158	1225.2613859879564	0.0	529.0902823167536	1300.3206594930589	0.0	496.75759549929217	1294.5574901525233	0.0	525.1013151147188	1250.867247878806	0.0	589.9317587691376	782.7791109879489	0.0	603.1034014270398	956.2186370558471	0.0	592.0043091406382	1185.7381777717267	0.0	589.9815093065504	1280.2430860532347	0.0	617.691939279776	1270.699105813167	0.0	585.2734477405165	1221.002049924326	0.0	539.0193215708613	516.9031952857379	0.0	565.7858762237457	380.0242188078302	0.0	563.0155486099516	493.06172506019186	0.0	436.19856688243533	532.2490936380071	0.0	385.24230498744873	647.0833617168169	0.0	376.72844683171814	769.7847403844236	0.0	635.8415490455934	530.6596600984644	0.0	672.5191704089691	661.0541238269989	0.0	678.9273357369646	663.1026581519113	0.0
254	8.490996168582376	537.1351191620712	791.7381925112855	0.0	485.6894122134869	800.661007146942	0.0	498.87890270442557	1022.609690470381	0.0	517.8979771317353	1225.684018337709	0.0	527.1721257910075	1300.7558732276216	0.0	495.77623764380786	1296.0291432905387	0.0	525.0128008328936	1251.974264055217	0.0	590.4727348898343	785.763613804126	0.0	602.1938571155285	959.1521904246299	0.0	594.8097383556292	1199.7169297519683	0.0	593.8443328927744	1291.9887853728471	0.0	622.3235326167696	1283.5723220625741	0.0	587.9732414249	1235.6829250844103	0.0	538.5679496994935	514.5650674685394	0.0	564.9640572116191	379.21890848848943	0.0	564.6299825803219	489.77214538818356	0.0	436.7091978218598	532.2278905410865	0.0	383.4889396873456	646.6211454628714	0.0	375.93288253782316	769.6210703174528	0.0	635.2298517419014	529.405207905887	0.0	673.3564080769664	662.2187665757568	0.0	678.5290331541529	661.4526352361786	0.0
255	8.52442528735632	537.5357382470884	794.1263452132534	0.0	485.4188661798567	802.8641696341235	0.0	499.2184120926599	1022.7071220051889	0.0	517.9115223847818	1226.8432191742932	0.0	525.6479485075516	1300.7997120726054	0.0	494.12347448396986	1296.8829971538423	0.0	524.9621782338061	1254.0517464552047	0.0	590.7776389942154	790.1177977722133	0.0	602.0727864171306	966.5512655865541	0.0	597.38334164313	1211.0233662532537	0.0	600.2268037772197	1297.3630812580786	0.0	629.6353912959032	1290.430901151965	0.0	589.9399697099643	1247.694245542522	0.0	538.2967142239696	513.8046453581161	0.0	564.3584404556399	378.2172712194097	0.0	563.5061238543207	487.1243129087059	0.0	436.8326952342457	532.4455369272877	0.0	380.9442074263501	646.7894692431521	0.0	374.3025135426422	770.1783070529218	0.0	635.8346890289398	529.7773893821785	0.0	674.6409039906216	664.792741727433	0.0	678.4045122663526	662.3367873320406	0.0
256	8.557854406130268	537.5568365427746	796.0278068749633	0.0	485.3401159311889	804.3757378952597	0.0	499.4319717935814	1022.950926678686	0.0	517.9001548433904	1228.2633720071951	0.0	525.1479897969988	1299.9660234799505	0.0	492.86140220611577	1296.6047920863105	0.0	525.0780519544359	1256.1703899189822	0.0	590.7026192946197	794.2015716455194	0.0	602.0312739433565	974.1217116151967	0.0	600.8549220281385	1219.3223154819914	0.0	607.449817291444	1295.5184059949486	0.0	636.9795325207906	1291.8393128344144	0.0	593.8322040200741	1256.7844332535024	0.0	538.5466116989517	514.0427327540635	0.0	563.6974838490162	376.9346024166784	0.0	561.1844908450254	486.08477310103467	0.0	435.8905609831956	533.1455232366832	0.0	378.65827375439403	648.0673438210184	0.0	371.9868986698101	772.0394393028604	0.0	637.2403167495833	531.9672276694199	0.0	676.0972325407968	668.5288487236019	0.0	679.8032952779355	664.8057986670309	0.0
257	8.591283524904215	537.0786429822197	796.9428891323246	0.0	485.309056094433	805.1312649000531	0.0	499.4681955853955	1023.0748335655321	0.0	517.8217623551103	1229.311872149663	0.0	525.08163773117	1298.7660659293244	0.0	492.39068645392365	1295.7344846285082	0.0	525.0943309281032	1257.4321368696246	0.0	590.4519231529987	796.9438915697601	0.0	600.8369517260214	977.442692792146	0.0	605.4577544844622	1225.4714996435234	0.0	614.4921201610526	1290.5232537071543	0.0	642.2743834622955	1290.899852226648	0.0	599.7456817222637	1263.9805603457798	0.0	539.6756898115254	514.0779530910775	0.0	562.6208749459227	375.8305875869655	0.0	559.9260194524954	485.72080057038863	0.0	435.08025535362754	533.9302649653731	0.0	377.6337592710565	650.2196550071228	0.0	370.12839757041445	774.4384795361615	0.0	638.8241505184296	534.9162377708783	0.0	677.6372713841911	671.8312173718534	0.0	683.6574701255203	667.7867707590335	0.0
258	8.62471264367816	536.644841312529	797.3265255634633	0.0	485.25609913531326	805.6879993910312	0.0	499.15562104846475	1022.9268184803298	0.0	517.6106902989923	1229.6824207823383	0.0	524.5940336927372	1298.3708880681886	0.0	492.18083337684465	1295.3791315634505	0.0	525.0419219495004	1257.9872258029736	0.0	590.4267913493775	798.065379598906	0.0	599.4442470175599	978.2195512923174	0.0	609.4493861262033	1228.9004684158779	0.0	621.1506807125921	1287.8810790281714	0.0	647.0079590787235	1289.8756377431757	0.0	604.3660935133353	1270.1854722153328	0.0	541.1668214117396	513.8648045796942	0.0	562.3923437660984	375.30430256878884	0.0	559.8774811662272	485.34004506180077	0.0	435.78703450764493	534.380943526928	0.0	377.6432638222255	652.5599122977985	0.0	369.23671439517204	776.0917691445669	0.0	639.8682406710146	536.4513930934	0.0	678.2505174801162	672.0834405558311	0.0	688.0440126944869	670.5258038949534	0.0
259	8.658141762452107	536.3243569502206	797.4956512404331	0.0	485.3675048964693	806.1156745749392	0.0	498.5080381593538	1022.7937792912838	0.0	517.5306486800496	1229.59187134968	0.0	523.4497519412733	1298.9882648018765	0.0	491.7736630009849	1295.7362850805023	0.0	525.165274933787	1258.6314526817691	0.0	590.2992658311997	797.7493616666234	0.0	599.0753573047712	979.5314859219492	0.0	611.2796613413001	1229.805682210931	0.0	625.9294153199879	1289.0701648604845	0.0	651.9690078010808	1289.8774754334024	0.0	605.9299126896733	1275.1254808952378	0.0	542.268812878543	514.3186828385218	0.0	564.06660389446	375.47046326813876	0.0	560.0433906703113	485.77047803635253	0.0	437.7631827346384	534.6046021406104	0.0	377.8173099202004	654.7895425872136	0.0	368.5228989437023	776.8043100150579	0.0	640.0523903123125	535.5948763067186	0.0	677.8119624164505	668.5304798648983	0.0	690.7510197455158	673.3675194401116	0.0
260	8.691570881226053	535.92974415473	797.5604666741192	0.0	485.6077665428549	806.3605445184577	0.0	497.84895207348427	1022.7896429653775	0.0	517.4857557168301	1229.3924497574699	0.0	522.2413284542104	1299.4957033198	0.0	491.22619678283536	1296.084364854883	0.0	525.2694690271488	1259.537915820109	0.0	589.4907979448659	797.1326751282796	0.0	599.0782411945833	981.4686004586836	0.0	611.4754504736801	1230.8829265114796	0.0	628.0023164134058	1291.4455938701155	0.0	655.099757628002	1291.3318683056618	0.0	605.9267892797236	1278.0515998178134	0.0	543.1770945672662	515.4326105187969	0.0	566.5063739072845	376.1513042022599	0.0	560.6524427538998	487.52865920455446	0.0	439.56567811607823	534.797646433503	0.0	377.70819444718705	657.1971061651032	0.0	367.39383715940056	777.2602794645895	0.0	640.4355871655436	534.0321927542332	0.0	678.3265812885036	663.7960397433087	0.0	692.7659589417735	677.0986486845106	0.0
261	8.725	535.9118283102601	797.850281567372	0.0	485.8649630825507	807.0484998961012	0.0	497.4916445763701	1022.5794247422526	0.0	517.1040822116037	1229.180405780744	0.0	521.9268591728825	1299.511210754975	0.0	491.1002347059698	1296.1359820173739	0.0	525.1377850141017	1259.8379339901924	0.0	588.7959649321328	798.0023319196334	0.0	598.678472069158	983.3615948709571	0.0	610.6187459419637	1233.563181655465	0.0	627.7552343886899	1293.636649179546	0.0	654.5787604026572	1294.1515432301933	0.0	604.9310351002802	1279.0653851854552	0.0	544.3232105493872	516.0168952134921	0.0	568.2054616929283	376.85498122100336	0.0	562.5327340074414	489.28732275820374	0.0	440.3806026523106	535.2461407268349	0.0	377.539550801857	660.1457610561572	0.0	366.50194386676736	777.8813672164788	0.0	642.0580004351375	533.4721632744956	0.0	680.6018382763675	660.7038992632988	0.0	694.563912372636	679.468358346379	0.0
262	8.758429118773947	536.8504652363862	798.9741686805484	0.0	486.3631366144987	809.025196801689	0.0	497.4475887248425	1022.6049857709197	0.0	516.7676546659455	1228.8781189224346	0.0	522.4025621232522	1299.9632985479643	0.0	491.41726391260437	1296.186442375549	0.0	525.1980738561405	1258.7014959574576	0.0	589.6020940431258	800.727503357725	0.0	598.1200882088006	986.1278221580895	0.0	607.9034205523044	1236.3325714898249	0.0	624.2267150527709	1297.8712166872258	0.0	650.3476859920016	1298.544286787372	0.0	601.0288241649205	1279.498290500739	0.0	545.2489582160678	515.8663031035451	0.0	569.48935978503	377.15297452785137	0.0	565.1427925778007	489.8799217700433	0.0	440.55885726219606	536.098296291437	0.0	377.7885107795233	663.2296469845635	0.0	366.73342436434365	778.4426223893171	0.0	643.9880579944404	533.4137960341427	0.0	682.2882313726438	659.4246613508503	0.0	694.9617345166527	677.4917693829332	0.0
263	8.791858237547892	538.4849391827164	801.0376398128595	0.0	487.16512655210676	812.0743327774042	0.0	497.5454525977407	1023.7889016565686	0.0	517.0807259576599	1228.2956870952075	0.0	522.4528112884335	1301.0227078745897	0.0	491.4354016925198	1296.244494230731	0.0	525.7368059795278	1256.4352718550203	0.0	591.515871961025	803.8373742727509	0.0	597.4710639577672	990.9559499758537	0.0	603.5722618240178	1238.7264783555731	0.0	617.0215034136581	1305.6725706609775	0.0	643.9524026078036	1304.6106482586442	0.0	594.31965529632	1280.8664210526665	0.0	546.0226834697368	515.6858351695458	0.0	571.3039395596729	376.69398997049115	0.0	567.2386339685263	489.6867101053553	0.0	440.9910447144756	536.9755156241307	0.0	378.866265885141	665.4804264660542	0.0	368.0511659411894	778.5048819075356	0.0	645.3397680395358	533.0775499873746	0.0	682.1864846734014	659.8314990646543	0.0	695.6191243398454	676.0307767282411	0.0
264	8.825287356321839	539.9684806511268	803.1681866368027	0.0	487.9643742786107	814.5583790330639	0.0	497.66308437497946	1025.5295908162946	0.0	517.5579658074635	1227.4749431895434	0.0	521.7339016017546	1301.7676953951507	0.0	491.2374364498439	1296.1331177742657	0.0	526.0250111128239	1254.6375983704947	0.0	593.0837549318912	806.0178092506981	0.0	596.5370687688379	996.5997949480629	0.0	599.9952764755762	1241.9770199674701	0.0	610.1784237295909	1313.8946341289093	0.0	638.9202623133505	1310.9034616086492	0.0	588.7141652630526	1283.1984803747903	0.0	547.973542528569	514.869049419639	0.0	573.3931579885603	375.03195177423686	0.0	568.9463483066495	488.1365201328541	0.0	442.5204838474419	537.3833710518999	0.0	381.1453288001369	666.5246799065468	0.0	369.8017829956781	778.2480206009228	0.0	647.4993580433212	533.284360311644	0.0	683.0925766754838	662.2763376134491	0.0	699.3043978116746	688.1474696134476	0.0
265	8.858716475095784	541.0380574349898	804.3921250607335	0.0	488.60231681472584	815.2648587898855	0.0	497.8039053155701	1026.3812944912318	0.0	517.3521447885296	1226.8938232456978	0.0	521.1204278097691	1301.9048138536657	0.0	491.54114772544085	1296.0069574328552	0.0	525.4782799890189	1254.4961959325544	0.0	594.1175439183784	807.2671947214674	0.0	596.0335591489029	1000.445722439424	0.0	598.8370060766717	1245.5362427931302	0.0	608.7142907117461	1318.782045115697	0.0	638.3002798879555	1315.495221244077	0.0	586.3540343681824	1285.1771099513019	0.0	551.3901412137567	512.7170821200084	0.0	575.1209103140195	372.533970699233	0.0	571.2670242031902	483.9756297702143	0.0	445.3615287227726	536.9739033743147	0.0	384.6529980701425	666.7265650868876	0.0	371.73082781468	778.5464554097534	0.0	651.5045948395815	534.6878770471803	0.0	686.9317799269215	664.7204624901706	0.0	704.9674090373045	718.9218952866695	0.0
266	8.892145593869731	542.1554852880514	804.764959856845	0.0	489.10360493102553	814.7788168530943	0.0	498.1258830551633	1026.6093707663715	0.0	516.5785361552865	1226.8290259558503	0.0	521.1285831830036	1301.9699237399411	0.0	492.2118559150974	1296.1213683762655	0.0	524.7646977076198	1255.2996660211343	0.0	595.2844906838093	808.0044014597503	0.0	597.1661661556506	1001.8502768317	0.0	599.7367558447298	1248.0634839892411	0.0	611.9777593716649	1321.4064384960686	0.0	641.1990125879944	1318.3880486329458	0.0	585.4810304373166	1286.34278411401	0.0	554.845376519535	510.79733427902426	0.0	577.0716474368045	370.52579910257214	0.0	573.937140348234	478.7656006077002	0.0	448.5166081079171	535.6551669956314	0.0	388.8185413199038	666.6866501317128	0.0	374.1015887862497	779.6390041907799	0.0	655.7902434001832	536.1745297625195	0.0	690.916872775906	664.5783013310494	0.0	709.34329296546	752.5411923153997	0.0
267	8.925574712643678	543.5942962137799	804.9589590343228	0.0	489.84869479385446	814.2617878627831	0.0	498.78253612632295	1027.58554657068	0.0	515.6856245686143	1226.964752153676	0.0	521.4169496285524	1302.2596365671122	0.0	492.6072904312055	1296.4289595974865	0.0	524.5772410176542	1255.8257962944197	0.0	596.9421529654248	808.2315503533616	0.0	599.8908937692314	1001.5493377071482	0.0	601.8488531662349	1250.188787817047	0.0	614.9097786506246	1324.5938550998735	0.0	644.280237039103	1321.0793842066535	0.0	585.1923352907155	1287.601719831307	0.0	557.5103610611644	510.36767902633187	0.0	580.2897724284587	369.62234420772575	0.0	576.1211647792203	475.27885322415017	0.0	450.8049751995505	533.9770921232297	0.0	393.1101799655742	666.9285280954706	0.0	376.79007691524623	780.5766418368493	0.0	658.7270199773161	536.698980335478	0.0	692.4378845902264	663.3458544837379	0.0	711.4209004836275	772.6358591318211	0.0
268	8.959003831417624	545.4901260265292	805.0184348779969	0.0	491.69800982991796	814.4076040651777	0.0	499.71953870937745	1029.2218957323612	0.0	514.6118683595852	1227.0006044035676	0.0	521.6007864363493	1302.6312708603216	0.0	492.579157740344	1296.7207426502785	0.0	524.6128391603675	1255.9231869709922	0.0	599.5026325468583	808.1529881744008	0.0	602.8390767993604	999.7007378518207	0.0	604.1835360969476	1252.3913748313219	0.0	614.8113354425429	1327.6725514187324	0.0	645.6212731414934	1323.697698325016	0.0	586.1193446963175	1289.31676004612	0.0	559.9424018820442	509.73723035496164	0.0	584.516169600687	369.2733203776826	0.0	578.681788979269	473.9043452141912	0.0	452.5074263330896	532.9589782778875	0.0	397.53808986405875	667.4856846742822	0.0	379.1033403808012	780.9463324840663	0.0	660.7648303625806	536.5398288608556	0.0	693.6788489182496	663.7129319309795	0.0	712.9285583705616	781.2690766565122	0.0
269	8.99243295019157	547.9579527065349	804.5276184297629	0.0	494.7435865682145	815.3014618623396	0.0	500.7532767303953	1030.5258868862375	0.0	513.6171153466694	1227.1983372770183	0.0	521.5876049782464	1302.9718988728687	0.0	492.34916750597364	1297.0186177149321	0.0	524.4763501975024	1256.0518361486136	0.0	602.944787250536	808.4572873446692	0.0	605.0373749907037	997.1638387096359	0.0	605.8407934743366	1253.6954359397316	0.0	613.16160400606	1328.9571029882088	0.0	645.7978137668755	1325.0957848751734	0.0	587.7367845718852	1290.6624730654844	0.0	562.5917894316437	507.55027567402743	0.0	588.5758008355017	368.9289379421046	0.0	582.6141432243226	474.03437311671274	0.0	454.33418033570456	532.7609015538443	0.0	402.0135760739139	668.1485255999075	0.0	380.6634942268947	781.5756709387404	0.0	663.20521149432	536.0833009684432	0.0	697.2983139777659	664.5425918425211	0.0	715.125366833066	778.3337453757988	0.0
270	9.025862068965518	550.3536689023036	803.6648372772053	0.0	497.5572220520531	815.9731531725022	0.0	501.75696707300403	1031.4022934580414	0.0	513.530086999265	1227.7359494098803	0.0	521.2672590792619	1303.3971722090344	0.0	491.99636239624334	1297.6821249468767	0.0	524.5842661081743	1256.4419859104892	0.0	606.1545470474687	809.3847838374784	0.0	606.4126186209255	995.8495228778507	0.0	606.7603003259658	1254.1408963340184	0.0	611.9860686504865	1330.375972671957	0.0	645.9229010615139	1325.983646086939	0.0	588.6462568591207	1290.9648348902601	0.0	565.296404060614	505.3675581104792	0.0	592.1673094509598	368.484463190022	0.0	586.7676714218533	476.051461984698	0.0	456.00601148480087	531.8283287766095	0.0	405.95312600650544	668.7429229616332	0.0	381.67290691345016	782.8802029741022	0.0	666.4528411565484	535.5472323186059	0.0	701.6240372527359	664.3202195839552	0.0	717.1961667113412	755.5870869760236	0.0
271	9.059291187739463	551.9910038431902	803.2745018523457	0.0	499.0183259459466	815.8238184187879	0.0	502.64519512357936	1032.4220501890343	0.0	514.4359166395562	1228.2211311294666	0.0	520.7659123007354	1304.1041693959473	0.0	491.6302571004168	1298.9404080356223	0.0	525.5670076550161	1256.998493711027	0.0	608.4095761944808	810.4916301566099	0.0	607.1499132739503	996.2320707140933	0.0	606.9400662077671	1254.7107845329303	0.0	611.8353795343855	1334.38091387353	0.0	645.946871926218	1328.370521109717	0.0	588.0495195231683	1290.664216975371	0.0	568.0811592118355	504.56875629983125	0.0	595.9015745919719	367.9611562940103	0.0	590.0756888979316	479.4623766906951	0.0	457.271099977666	529.0971855929616	0.0	408.8005107902664	668.9621352193162	0.0	382.33238380904595	784.434516237864	0.0	669.7249428740766	535.4525955705155	0.0	703.8165734423936	664.53027751701	0.0	718.0778987268508	721.3609911292924	0.0
272	9.09272030651341	553.5215874578828	803.8221559577861	0.0	499.924172648389	816.2229241193564	0.0	503.41825945059014	1034.357752294722	0.0	515.5279293818732	1228.6887523714627	0.0	520.6824129122115	1305.1947839953857	0.0	491.6951564656072	1300.4132790670774	0.0	526.8979726234401	1257.4763316276708	0.0	610.2896544684484	811.232379368701	0.0	607.9639315854065	997.1876273604523	0.0	606.5603775367601	1255.541097853018	0.0	612.4927628585182	1339.1688808264864	0.0	645.7445195427656	1332.2557167988905	0.0	587.1548340714103	1290.549079374732	0.0	571.0873069956995	504.162458989198	0.0	599.6759589052897	367.2602050259197	0.0	593.0872102003808	481.687531686776	0.0	458.6241730305679	526.2797957316336	0.0	410.3054548353029	668.9888132267577	0.0	382.6892518208573	785.94538639734	0.0	672.5934021178981	535.8134110372292	0.0	704.280539361443	666.0526447074865	0.0	717.7303746362311	696.2528926207005	0.0
273	9.126149425287355	555.9922300982162	805.0233655919357	0.0	501.4735230876177	818.028724837833	0.0	504.29604841431654	1037.161953979956	0.0	516.4179585232034	1229.377668797127	0.0	521.2488153399806	1306.4449094486642	0.0	492.40721917413464	1301.4651506405646	0.0	527.3747339580705	1257.473771171883	0.0	612.456848249762	811.3455481240019	0.0	609.8226966993003	998.4735296942137	0.0	606.5924256803687	1256.5487542862713	0.0	613.3744273662327	1342.1733252778847	0.0	645.7761573356057	1336.0741239891263	0.0	587.8366937075191	1290.5677547998134	0.0	573.904963917174	503.10137316541625	0.0	603.0619502866662	366.2010456476576	0.0	595.772963865386	481.6328214162505	0.0	460.7055816622039	525.0408522592512	0.0	410.9136718648714	669.1624597668601	0.0	383.02087611803563	787.1863496794977	0.0	675.6907308757358	535.5415532420752	0.0	705.2725496735585	667.6873506840765	0.0	716.8511163156461	688.6749478519253	0.0
274	9.159578544061302	559.2815773619947	806.8862327407572	0.0	503.53838039296505	820.3654724284924	0.0	505.11050043724964	1039.5600203568497	0.0	517.1049957529307	1229.3285549321845	0.0	521.8695555468798	1307.242284308297	0.0	492.8142615593835	1301.5577802412192	0.0	526.9386798055909	1256.439807774538	0.0	615.1373528907554	811.7534717910626	0.0	612.624978689856	1001.7030831853052	0.0	607.0803764812586	1258.0967220044593	0.0	613.8925507192587	1344.6036126908207	0.0	646.0760692632147	1339.0223105530408	0.0	588.8054480429539	1290.3818407482015	0.0	576.177800718162	501.8380728075154	0.0	606.7104815442365	364.68659267429746	0.0	597.2791463618503	481.34427400952666	0.0	463.8491296697378	524.127509812035	0.0	411.86820235585935	668.6365118821358	0.0	383.74549968175216	787.832763745477	0.0	679.2293522105255	533.7894401155411	0.0	707.607393113852	668.608984834011	0.0	716.9671860003381	693.5629862446508	0.0
275	9.19300766283525	562.4178441608826	809.483479430375	0.0	505.36853235240767	823.0627449239308	0.0	505.01163667313153	1041.5772053428552	0.0	517.0954117039071	1227.5620941929	0.0	522.1997610332055	1307.4516727823736	0.0	491.6895074807723	1300.4591472237385	0.0	526.4231134651934	1254.071434333697	0.0	618.4330990069237	814.2859215359216	0.0	615.3190171102395	1008.4902507124807	0.0	606.8843744191493	1259.9922940592348	0.0	614.4329787089318	1347.9314183771355	0.0	646.4695394662192	1341.0229401984714	0.0	587.1787612046702	1290.4541555180692	0.0	578.6447098007053	500.53511983163634	0.0	610.930534792709	362.85410456731915	0.0	598.4928328507802	481.2304640603323	0.0	467.4495472946389	522.4106096485636	0.0	413.83025533139494	666.7590084367662	0.0	384.81193396370713	788.0372778761343	0.0	682.8519726000836	531.4256489642686	0.0	710.4139026740124	668.8073204003141	0.0	719.4453475724749	699.424610091527	0.0
276	9.226436781609195	564.5675982890683	811.6955525634853	0.0	506.4736813831056	826.0460397654155	0.0	503.64384018247733	1044.5764267330167	0.0	516.1045969108148	1224.6147952669849	0.0	522.6397070542964	1307.6015964523406	0.0	489.81270142897074	1298.7116153460656	0.0	526.2445410013756	1250.6743984184245	0.0	621.5641326351148	818.9742081085476	0.0	617.4129800061039	1017.0590141078933	0.0	606.0138594669285	1261.3595352484822	0.0	615.8226665488132	1350.2230519727204	0.0	647.1728851027204	1342.048004741194	0.0	583.9973786523294	1291.3313629763595	0.0	582.2133816978404	498.3917205591728	0.0	614.584000709152	361.15725831142134	0.0	601.6239905712075	478.78203556296535	0.0	470.39092041722336	521.0299304202598	0.0	415.9804027805015	664.8797091575557	0.0	385.7983790943231	788.3396098792042	0.0	686.4725571718285	529.9964603792511	0.0	712.9772393275405	667.927459830003	0.0	723.411808198302	695.1556561223287	0.0
277	9.259865900383142	565.6417152998349	812.3484203629392	0.0	506.72835009775054	827.6329519633788	0.0	501.60121577430493	1047.9931699019548	0.0	514.7607441149363	1221.0860647791937	0.0	523.3103833990579	1307.6300682679125	0.0	489.0179145860232	1297.1407196894247	0.0	526.1754571693654	1246.2533363540413	0.0	623.3264147792343	823.1484587761543	0.0	619.3626918892556	1022.9085786001832	0.0	605.5446495029602	1262.2348992268373	0.0	617.5206566054778	1350.0554907373858	0.0	648.1936963706669	1342.261901558599	0.0	583.287861208088	1292.8062707454649	0.0	586.113722910162	495.59883664971085	0.0	617.1327779094569	359.3171676645677	0.0	606.9287168946183	473.34124980952953	0.0	472.63371634185575	520.6918694222866	0.0	417.36524579619686	664.1586046834733	0.0	386.5082167439179	788.9878085924998	0.0	689.7785449760122	529.8098991407759	0.0	715.5755858434862	664.8274324978263	0.0	726.6725849346592	683.0121494077649	0.0
278	9.293295019157087	566.5062557057049	811.7876429547717	0.0	506.80837109512686	826.970424187567	0.0	499.58236099784017	1050.5798997050733	0.0	513.7982598963541	1216.3434496800166	0.0	523.706195798619	1307.7239712959051	0.0	489.4357054236596	1296.1321309261168	0.0	525.7633457437938	1239.4525328537218	0.0	624.3035336684536	824.509169775721	0.0	621.2481025524764	1024.8653236991768	0.0	605.8435944257545	1263.597892470143	0.0	618.4748858399614	1349.9308864393977	0.0	649.077905461931	1342.3032276562217	0.0	585.9024088316854	1294.6588137027563	0.0	588.6709326326003	493.57549259389947	0.0	619.3804202838782	355.8084798174115	0.0	612.4987870022967	467.3385444010733	0.0	474.7185940137995	520.3182003092542	0.0	418.2647718863539	663.7033255102816	0.0	386.9389547460417	789.7092265907462	0.0	692.3819749754279	530.1083253103794	0.0	718.6164449291964	659.8194711893221	0.0	728.9071316886478	674.4966867363614	0.0
279	9.326724137931034	568.0107863578751	811.0330146481388	0.0	507.66907666029914	825.7351026552603	0.0	498.0499557808356	1053.3398970549317	0.0	513.5683200773514	1210.0311390683985	0.0	523.548444774052	1309.1822773574365	0.0	490.11744710382646	1295.5656102832413	0.0	525.2140075925181	1229.624481225762	0.0	626.0594675373343	823.7830922948056	0.0	622.3613422401477	1026.305796572096	0.0	606.3897867779882	1265.4857098808961	0.0	619.0390406827095	1352.1709088699145	0.0	649.7524638770328	1343.0287540718816	0.0	588.6703223905291	1296.849337120289	0.0	589.79827823277	492.8577262868513	0.0	621.6155596200605	350.5572473452223	0.0	616.5011827507054	462.9717858642067	0.0	476.4881554162029	518.9383949699885	0.0	419.44423079096543	662.7146703418294	0.0	387.25362796954226	789.9175254241924	0.0	694.7030028177563	530.2167974938503	0.0	722.1159985880226	656.9946295964951	0.0	731.764306567967	673.368621407573	0.0
280	9.360153256704981	569.6015287835552	810.6072372900011	0.0	509.01453810144295	825.5251072413126	0.0	497.2197245720261	1056.6950531454079	0.0	514.1324811583889	1204.1537455259854	0.0	523.2775681857579	1311.6345026473725	0.0	490.28565513107327	1295.1641480870903	0.0	525.4631227384299	1220.2328217508978	0.0	628.1711343741713	823.2646434278807	0.0	622.5397523137099	1029.6198767429705	0.0	606.2609304732113	1267.177567418945	0.0	619.837859707586	1355.3622923442126	0.0	650.5868234353959	1344.7458405578966	0.0	589.3387176237636	1298.863524709673	0.0	590.7657987683575	492.3037417910098	0.0	623.2691211817349	346.34009377072823	0.0	618.4580479793323	460.43786523937524	0.0	477.66316128628534	517.0861459172045	0.0	420.971328530318	661.898908139094	0.0	387.5918851425535	789.4156927796441	0.0	697.2530611504642	529.7666827185229	0.0	726.0220487225143	659.6363471711783	0.0	736.0207782030557	674.8362431217014	0.0
281	9.393582375478926	569.9744138707671	810.6363148023615	0.0	509.76054141547064	826.3076653892821	0.0	496.95723749359684	1058.3771737199968	0.0	515.0071586102565	1202.4249475651777	0.0	523.0712688981804	1313.5762838144976	0.0	489.08043691935774	1296.0361085601448	0.0	526.6365104395716	1217.064495558136	0.0	629.0768579137732	824.274566241068	0.0	622.533865267638	1033.6869147819514	0.0	604.9327084987996	1268.3283348008304	0.0	620.5302376610161	1357.5331440149068	0.0	651.1835975940243	1347.1050027044062	0.0	588.521911138974	1299.9257085831448	0.0	591.9510605041983	490.5025923071539	0.0	624.0601696315064	345.0957552204214	0.0	619.3359288540714	459.4885012899228	0.0	478.3587028055478	516.0279951276116	0.0	422.30901996592087	662.0301889631623	0.0	387.5688480779174	788.721459306326	0.0	699.5621792544936	528.4080655689278	0.0	730.0251719648562	664.693637913185	0.0	740.5918656379552	675.6228296566576	0.0
282	9.427011494252874	569.2644847679802	811.2193230536728	0.0	509.73160284733564	827.36742277746	0.0	497.04387752628537	1056.9512617059968	0.0	515.5140103574465	1207.2091394586491	0.0	522.0980059595314	1317.1558028826823	0.0	486.50560399313866	1301.1496629896535	0.0	527.7644445240642	1222.7996768124212	0.0	629.1196523812465	826.4311927225335	0.0	622.7651601740681	1036.4226265597897	0.0	603.0755815322522	1268.8868182031558	0.0	620.779128527856	1359.085519249942	0.0	650.5067868550204	1349.5678122653512	0.0	587.5353381386379	1299.8079214329357	0.0	592.8813319341441	487.36947534305847	0.0	624.0678310613754	344.9155116905904	0.0	619.8418407276387	459.99440355342944	0.0	478.68542883660876	516.0372717241727	0.0	423.0833837610597	662.8040307236092	0.0	386.94351540653	788.3151444112355	0.0	701.2312931929566	525.9114211603079	0.0	733.3453745588696	666.8692380207083	0.0	744.3906404262003	676.8755659670476	0.0
283	9.460440613026819	569.0812287411354	812.1176757517637	0.0	509.5041655978634	827.6409691580769	0.0	497.4835380178609	1053.8496052803791	0.0	515.7628376519314	1218.4215951489625	0.0	520.1971930572239	1326.6419781882894	0.0	483.9620304173452	1312.4452899719408	0.0	528.5212752812562	1236.3828212403853	0.0	629.7525869734917	828.0839927125857	0.0	623.0193091549228	1037.5458405061252	0.0	601.8961377367837	1269.4271492118778	0.0	620.8786917915057	1361.0692434806115	0.0	648.790167912628	1351.5671887619005	0.0	587.129015360751	1299.3948010177262	0.0	593.7036194384235	484.2559928890613	0.0	623.2505155976756	342.4947270241979	0.0	619.4595747972849	460.268958218699	0.0	478.6533858690575	515.8299663476683	0.0	423.474910520324	663.1537254957481	0.0	386.15801465123366	788.4547853219738	0.0	702.9991940654487	522.7478048187528	0.0	735.5869161214537	665.7524982520426	0.0	747.6505082151045	679.4451925094057	0.0
284	9.493869731800766	570.1495880571828	812.4885284988987	0.0	509.3873195527726	826.7103664667566	0.0	498.45117884188664	1051.6460997201782	0.0	516.6035950891728	1234.932897132411	0.0	519.1710085186772	1342.5345839291654	0.0	482.8703153391955	1328.9703152874947	0.0	529.6573838428801	1256.0671566992885	0.0	630.953735102838	828.179211237277	0.0	623.5442785317762	1038.588150203766	0.0	601.9125740453842	1270.7551936451496	0.0	621.2618111742507	1363.1937469832674	0.0	647.6984644725167	1352.5385190467468	0.0	587.3408490544043	1299.9283604328264	0.0	594.7013324053927	482.50549977769373	0.0	621.6700676114369	337.3033388135308	0.0	617.8234035614665	458.2476426292147	0.0	478.3381577510421	514.2579433656058	0.0	423.7577216970992	662.3340158202401	0.0	385.5352569727102	789.2953793092229	0.0	705.2248226077039	519.8690204990178	0.0	737.5494608007541	664.8970273616529	0.0	751.1756384131157	680.8836715905553	0.0
285	9.527298850574713	571.5044073059568	811.9076911195465	0.0	509.22654425793087	825.4829331451422	0.0	500.2584970000783	1052.140013493212	0.0	518.5605553585625	1255.1028285834398	0.0	520.7269521237288	1361.6706664882927	0.0	483.80047298554837	1348.7114645699785	0.0	531.7128460532931	1279.9248012835776	0.0	631.8419682589595	827.3815600792741	0.0	624.65543047708	1041.183943113956	0.0	602.6596117460938	1272.5644720182445	0.0	622.0491685455384	1364.4589257352686	0.0	648.0250004478955	1352.5195896622627	0.0	587.5912369326643	1301.4251810667927	0.0	595.3150461366838	482.13571852048995	0.0	619.7595258039747	331.87244887402034	0.0	615.0023069049735	454.3636852107593	0.0	477.99262689183723	512.0249275799946	0.0	423.91622607736673	660.7045148551471	0.0	385.1389378313079	790.3197848251143	0.0	706.9378455541064	517.8628456309509	0.0	740.0368091025293	666.4078414176754	0.0	754.9943293873838	678.8956514349728	0.0
286	9.560727969348658	572.0144938339187	811.3605633062183	0.0	508.616947036615	824.4995983335685	0.0	503.155647964646	1055.2676463892694	0.0	521.3137447429965	1276.633579896319	0.0	524.3912114639735	1381.0287756705102	0.0	486.70474242529144	1369.462885758676	0.0	534.1670312266291	1305.0830214193047	0.0	632.2063782328777	826.6151618752141	0.0	625.35758645537	1045.6966076633423	0.0	603.3027655617823	1273.0286658948303	0.0	622.9276489680468	1364.6382541465773	0.0	649.0360546858138	1352.0926904278951	0.0	587.4420262135175	1302.641701397816	0.0	595.1652968776889	482.15700165098696	0.0	617.9237239805233	328.2701846031605	0.0	611.622994728271	450.6651053118206	0.0	477.9082446403048	510.57582267023923	0.0	423.9451849819487	659.2252213614859	0.0	385.04754961983986	790.6223805759013	0.0	707.3711508791492	516.9375075430829	0.0	742.2346084051542	669.8052972000659	0.0	757.4314772120869	675.8805684298691	0.0
287	9.594157088122605	571.5121283491575	812.2015313074683	0.0	507.326903787695	823.9960727302142	0.0	506.7509708714222	1059.564560206219	0.0	524.0906121406953	1297.232971522453	0.0	529.0036553468761	1398.442247270174	0.0	491.4513289130547	1388.2585380466392	0.0	535.6498672127917	1328.6466466782038	0.0	632.2249762439452	826.3706837482231	0.0	624.5567481504473	1050.6028169984831	0.0	603.5230910133898	1270.4180632910964	0.0	623.0686430086599	1364.391202883239	0.0	649.6365470814385	1351.0730563927998	0.0	587.0607254436956	1302.4959412776332	0.0	594.8003773050808	481.57036907980796	0.0	616.1833520371457	326.11452916850686	0.0	608.6738758639676	448.05605470331915	0.0	477.95589402504703	510.0912565400259	0.0	423.90736862592854	658.5610012303977	0.0	385.16530037635306	789.9830844072479	0.0	706.9395479773864	516.8728713681783	0.0	743.2113916917687	673.6486303996653	0.0	756.7219483272728	675.1908323409829	0.0
288	9.627586206896552	570.7022767786428	814.5097810616337	0.0	505.86989634825125	825.5362143811509	0.0	510.1352046449823	1063.9889909092058	0.0	526.234735943267	1315.2555619595585	0.0	534.4217022955768	1411.660457969138	0.0	497.62566691619185	1402.6336765400747	0.0	535.3972986624058	1348.808138168315	0.0	632.0706556699771	827.6640017521714	0.0	623.1682722201	1053.9188103711388	0.0	603.6359852045737	1266.367448790242	0.0	621.8068309718067	1364.3098830989868	0.0	648.8443632664989	1349.2802238562015	0.0	586.8781668082173	1301.2242798124337	0.0	594.5414608271151	479.93450817277477	0.0	613.993653860713	324.1765975126541	0.0	604.9289679522996	445.6108185783807	0.0	477.6981203272804	509.7284861815286	0.0	423.7302488988133	658.6324773025982	0.0	385.53056387529983	789.1272787327842	0.0	706.6240406660476	516.7802081640292	0.0	743.7897809624444	676.3043948641927	0.0	754.735447125363	676.0190266982172	0.0
289	9.661015325670498	570.4628766303757	817.0830332522629	0.0	505.18469888186564	829.6968913679239	0.0	512.64905834576	1068.562683410573	0.0	527.7069657886699	1329.4184267691837	0.0	540.0612086590747	1419.803801353974	0.0	503.4597313660028	1412.3216516631903	0.0	534.7118609889557	1364.2872565365055	0.0	631.9880978510311	831.1290298077789	0.0	622.8457360909069	1055.2655209620395	0.0	603.7813404376136	1264.409553926936	0.0	619.8545287299979	1364.3599013766534	0.0	646.8988636134186	1347.780075942592	0.0	586.9661703139897	1299.4958235611098	0.0	593.9820848250699	477.6919530268034	0.0	610.8098830055889	322.2256536724638	0.0	599.0797703281037	442.860223755951	0.0	476.9267166453551	508.9405498330592	0.0	423.35272508938095	658.5263521641176	0.0	386.240782798692	788.8672391055661	0.0	706.9010849339342	515.6012443152082	0.0	744.6301472311027	677.1192152019307	0.0	754.918252198397	679.8280580111538	0.0
290	9.694444444444445	570.6844547458306	818.958452476308	0.0	505.1525959500553	833.9820342199042	0.0	514.0257438449266	1073.3438437666414	0.0	529.1293847223573	1338.7145269080183	0.0	544.2804733539504	1425.1887369155393	0.0	506.8725455413975	1419.3026493282364	0.0	536.1652073192637	1373.9888740987856	0.0	632.1085948618223	835.1653717861238	0.0	623.2781234063353	1055.482828421644	0.0	603.2304073603323	1264.7035380123764	0.0	618.422883976957	1364.1040724116576	0.0	645.412099718563	1347.0290143799716	0.0	586.6609245185374	1296.6232945039037	0.0	592.6730077198679	475.77277846736416	0.0	607.1980748948571	321.06818893120857	0.0	594.0794063626322	442.19171383927255	0.0	475.6511659322523	507.8265763192792	0.0	422.89799670777813	657.3181792070692	0.0	386.72426427907186	789.1882628032643	0.0	706.9450611560583	513.0229771147808	0.0	744.7108663604699	676.8828881886171	0.0	755.9017978666722	689.5614491953435	0.0
291	9.72787356321839	570.2085771340417	820.5339882087771	0.0	504.6403279971959	836.5419794891527	0.0	514.2842481267052	1078.002430893115	0.0	531.0257810341521	1343.2579662070684	0.0	546.2659983010676	1430.897286836599	0.0	507.87285598751805	1425.5990518302765	0.0	540.6369261755289	1378.1107834392667	0.0	632.1277858156108	837.5956418385996	0.0	622.7960841831806	1055.8355302184955	0.0	601.1753139718954	1265.2291297778481	0.0	617.5313641368165	1363.830146255465	0.0	645.1719699110776	1346.6844559864867	0.0	585.1375542178168	1292.467852605786	0.0	590.4918136501954	474.72204479097746	0.0	604.0762462375675	321.3217266101072	0.0	592.4885234589527	446.02336562152436	0.0	473.8040740584214	506.62017293684994	0.0	422.3932595382047	655.2671160055621	0.0	386.06577331692876	789.3577312552861	0.0	705.5876456098401	510.38592669337083	0.0	743.2832244940338	676.6385896324078	0.0	753.9335353395452	698.0153085506431	0.0
292	9.761302681992337	568.8885426455961	822.4890090149052	0.0	503.6358695257853	838.7671827130313	0.0	514.1267334660062	1082.3676283585337	0.0	532.9939625840977	1344.6682371137122	0.0	546.7684573073002	1437.3941731503112	0.0	508.00978062279125	1431.4992090449769	0.0	545.4163278476007	1378.8302100265628	0.0	631.6239030433215	838.8600534835052	0.0	620.8741831766787	1057.7229805520376	0.0	598.4589375375397	1265.526794285154	0.0	616.8680325583108	1365.0122115130855	0.0	645.6004936915538	1347.5086775903446	0.0	582.6604025078532	1289.350167355629	0.0	587.744320115252	473.92331412649156	0.0	601.3306616567307	322.7620141506182	0.0	591.8412330429074	451.86259026845227	0.0	471.0219286631049	505.33819096224056	0.0	421.4400451485801	653.6706651194322	0.0	384.37671263202253	788.7116219101608	0.0	703.1862280578579	509.6796083169499	0.0	741.2827850503257	676.2975807577144	0.0	750.0671905070553	696.4918575619907	0.0
293	9.794731800766284	568.1052815546627	824.263020543244	0.0	503.28312465906896	841.9539833479407	0.0	514.4777995190067	1085.9030077849125	0.0	533.9544262733122	1345.292502983487	0.0	547.4807692901082	1443.269383947998	0.0	508.47074740153766	1436.5234170334845	0.0	547.1638608649674	1379.139528696911	0.0	630.8966098267387	840.7415393851294	0.0	618.5677524965284	1060.8915140643014	0.0	596.9075967935735	1265.4902518410463	0.0	616.8376027332787	1367.9556255303028	0.0	646.1413200478054	1349.8024661699437	0.0	580.4653993198575	1288.4480864973598	0.0	585.0589250003044	471.961562340241	0.0	598.5473984704151	324.64162168016026	0.0	589.6089095613764	454.3684877664627	0.0	467.1384959594784	504.1731002383383	0.0	419.74282426586194	653.294707659549	0.0	382.88181701526435	787.5228487980926	0.0	700.792117046676	510.3404033641615	0.0	739.875126389776	674.8001621507711	0.0	747.752312911746	689.3500896972381	0.0
294	9.82816091954023	568.1657685885822	824.7950488156109	0.0	503.6520251717658	844.4792052474189	0.0	515.0467895218312	1086.7446278022983	0.0	533.4735692776026	1346.9353370761783	0.0	549.5522872624492	1447.5569044447277	0.0	509.44989812767113	1440.4511274530341	0.0	546.0612215829706	1380.5223687159935	0.0	630.5904574513744	842.3660988666405	0.0	617.0471376489528	1063.068530043263	0.0	596.8714147745915	1264.6771103153635	0.0	617.7462061289074	1370.5890754253826	0.0	646.8546283825891	1351.996082180572	0.0	579.3524952633214	1288.0312468238174	0.0	582.7749105345333	469.5399802016342	0.0	596.0544982048342	325.13197154902025	0.0	586.8596399384633	452.4256730824959	0.0	462.8082810751399	503.66282150190176	0.0	417.6347800015765	653.2745922922746	0.0	382.0774989676182	786.8280379106483	0.0	698.4675241279331	509.5577565762403	0.0	738.7598259193373	672.764957815361	0.0	746.6557190156994	684.4556626641231	0.0
295	9.861590038314176	567.6374232740891	823.8666463457644	0.0	503.37055320974804	844.2948488178848	0.0	514.9845516953338	1083.815161314572	0.0	532.4515672198474	1349.6061981837408	0.0	552.2797240904661	1450.3124876161885	0.0	510.34484121597836	1443.4464708919643	0.0	544.5968025091975	1382.33027291159	0.0	630.4337081282398	841.5254974078076	0.0	616.4289367144137	1062.885575208891	0.0	597.4028470001789	1263.672178067144	0.0	619.3021855449208	1371.703208667612	0.0	648.0604746040326	1353.2378817367403	0.0	579.2104391936016	1286.9486837143852	0.0	580.6430440239868	468.7567500308898	0.0	594.0799627573117	322.3037276590024	0.0	584.961733736884	449.41073052030447	0.0	458.776242990916	503.41601309789684	0.0	415.48347962260186	651.7607914044514	0.0	381.36841017340237	786.4712249989459	0.0	696.33629821527	506.4537139993629	0.0	736.9613455295689	672.2510314133256	0.0	744.4428323581043	681.3810547901219	0.0
296	9.895019157088122	565.9042439274564	821.8881307522214	0.0	501.49680730077733	842.3293345658018	0.0	514.5588137627992	1079.4934748066662	0.0	532.1837779029211	1351.5928217208511	0.0	554.2664433976023	1451.7480209985554	0.0	510.8159428314708	1445.578610759182	0.0	544.273356703835	1383.433803582303	0.0	629.6661376430501	839.2004181245518	0.0	616.212879940423	1060.997218764715	0.0	598.1186078509851	1263.2077349327678	0.0	621.1407017680469	1372.3647018986267	0.0	649.9290028604717	1354.270877658809	0.0	579.5268061334162	1285.9619820850062	0.0	578.6744627611545	467.5750941211052	0.0	591.9594191323433	317.45117807843053	0.0	583.6607448472333	446.7579446820408	0.0	455.38279936226235	501.40813673883866	0.0	413.35067539975427	647.9075493044128	0.0	380.7552763351737	785.039767469799	0.0	695.0208213484112	502.4402536858339	0.0	734.3992072979082	672.2088865791494	0.0	741.358083475548	676.6785245658541	0.0
297	9.928448275862069	564.1039420946136	819.4994130414321	0.0	498.93182841495525	840.8261720944444	0.0	514.2330627700032	1076.7167184669036	0.0	532.8614706980711	1351.8871089167376	0.0	555.0229953290404	1452.0348834428294	0.0	511.1170341230087	1446.4515736615292	0.0	545.15691145891	1383.6659920830255	0.0	628.676555381473	837.6477317221093	0.0	616.5041263494794	1058.1565677738738	0.0	598.9658854750442	1262.5979904190333	0.0	623.1282268058652	1373.2053388190354	0.0	651.9789305233791	1355.2079356657566	0.0	579.8586316679151	1285.199370568914	0.0	577.0757831035836	462.460492834494	0.0	589.5522161074896	314.0662943828027	0.0	582.6578083652586	443.5250150735212	0.0	452.75029631722583	496.82641191353304	0.0	411.44289332062306	643.433536496323	0.0	380.80458775658536	782.6862930367165	0.0	694.1903475361321	498.2571826812818	0.0	731.6336037260459	668.5624900161863	0.0	739.7005445026751	671.4641333651119	0.0
298	9.961877394636016	563.3003633331309	817.1198450956155	0.0	497.4445661228381	840.1460303122732	0.0	513.7414465534868	1075.4010706974402	0.0	533.4493414679278	1351.3758232481339	0.0	555.1675263740024	1451.8893420763457	0.0	511.21255786811446	1446.2796811708718	0.0	546.8066950747323	1383.9345019804928	0.0	628.5121090346155	836.0221740406478	0.0	618.1509207710764	1055.1251711123618	0.0	599.412824305414	1260.1499469073185	0.0	625.0069736543971	1373.3980610353926	0.0	653.0382316686658	1355.320215562172	0.0	579.8948321272966	1282.290489702299	0.0	575.2089577554008	455.1414621913615	0.0	588.090955951068	313.35893535330257	0.0	582.0771278989208	440.52391551919027	0.0	450.5183244267234	491.9711127294441	0.0	410.0516096646398	640.7650626907358	0.0	381.074142856786	780.8434657476637	0.0	692.80473930195	493.40471628162857	0.0	728.7907658009068	659.2663130914423	0.0	740.400930097188	670.5614966254775	0.0
299	9.995306513409961	563.3108746861292	814.5225196104923	0.0	497.65007770391475	839.8270684142842	0.0	513.2373308987518	1075.1164437316668	0.0	533.4558848674601	1350.7700767180256	0.0	555.4933713492261	1451.876368512657	0.0	510.88888538650394	1445.636233391051	0.0	548.814489858475	1384.4724149236433	0.0	629.0519398032208	833.0142591554371	0.0	622.288303367382	1053.402924453536	0.0	599.5496375894423	1255.439551201021	0.0	626.3133815971299	1372.2197305160742	0.0	653.0365626082578	1354.5052575512325	0.0	579.7940360678889	1275.3513440850884	0.0	572.5851296086145	449.13309037504536	0.0	588.1351489579674	313.9288659171019	0.0	582.0553681515545	438.997532673076	0.0	448.14910935440764	488.693009981553	0.0	408.9096891434309	639.4646114263151	0.0	380.36855064172073	779.6197939723796	0.0	690.4042838248838	487.7370859590122	0.0	725.7781772830064	646.8578301334035	0.0	741.6595305664375	674.9221486191136	0.0
300	10.028735632183908	563.5180481912862	812.1944033412507	0.0	498.70767653681406	840.0128803819185	0.0	513.2595614245337	1077.0886406280104	0.0	533.7643427063039	1349.881559488946	0.0	556.0151089831812	1451.6376484177351	0.0	510.6316655365317	1444.192468158922	0.0	550.6707795780907	1383.638173051173	0.0	629.4389064240694	830.4300238488205	0.0	629.5287938104176	1053.0694212270528	0.0	600.9946122317675	1250.3696743907421	0.0	626.5873716923558	1370.4634031798819	0.0	653.4204234749433	1353.2669987709696	0.0	581.0378383169973	1266.9546607471839	0.0	569.9017846637223	444.94117448383787	0.0	588.590228130281	314.14502359949296	0.0	582.7239821158807	438.3235796000586	0.0	445.4117428574454	486.0581268868197	0.0	407.2044714745387	637.2361099332502	0.0	378.4313584441974	778.1802768221763	0.0	687.5238417350652	482.5803838835728	0.0	723.3667825057516	637.4843257721808	0.0	741.3671871066629	677.1687645566378	0.0
301	10.062164750957853	563.6691083000038	811.3106820701539	0.0	499.2717274928724	840.1091474078715	0.0	513.5595151836005	1080.8812446446302	0.0	534.8188768679657	1349.0044152800551	0.0	556.4881821672849	1450.6548152551838	0.0	511.2284864154181	1442.089910075816	0.0	551.7415428148806	1380.8843862355945	0.0	629.2356733735455	829.3408491659942	0.0	638.0714856023903	1051.411381540917	0.0	605.1640399837524	1245.6969100305985	0.0	625.542316437474	1369.2675902047818	0.0	654.3834755972506	1351.662357149551	0.0	585.1498303713864	1260.376275511279	0.0	567.9976194992155	442.49935328882424	0.0	588.799062948019	312.8165968452608	0.0	583.7987764544557	437.71947659505497	0.0	442.6371117162528	483.38676754968924	0.0	404.7040152466553	633.8415261734699	0.0	376.0787212178865	776.0687192620959	0.0	685.406642177991	479.3821854892931	0.0	722.5202257303702	635.4708819378197	0.0	739.8060692202313	670.9589335256595	0.0
302	10.0955938697318	563.4831558454312	811.3286725025785	0.0	498.4964225078849	838.3900570280347	0.0	513.4449657866879	1083.5766867088535	0.0	535.5946105328696	1348.6610139909646	0.0	556.8396886491589	1449.3504595715	0.0	512.3568961033459	1440.509756792282	0.0	552.0973048788895	1378.4386148594078	0.0	628.2967216268555	827.1488359608124	0.0	644.561692160882	1046.3187147357587	0.0	610.9260135494286	1239.7960656676632	0.0	623.7873689056423	1368.042741344412	0.0	654.6480321491664	1349.4204512166066	0.0	590.6619074444504	1254.1421906309495	0.0	566.8940273111085	442.32514780320196	0.0	589.1589135070957	309.2436483834152	0.0	584.5386722002991	436.79890270549686	0.0	440.79022621624057	481.91458094418323	0.0	402.0818005628835	631.0354659960182	0.0	373.92735110074324	773.7530681997024	0.0	684.74323491094	477.79935949947475	0.0	722.7288639600557	637.1695415026575	0.0	738.6766211839064	661.0765076160743	0.0
303	10.129022988505747	562.7561699104689	810.4929879329984	0.0	497.1043510297541	833.9883720078802	0.0	512.8156820566281	1083.4137062644422	0.0	535.4891073074275	1348.5914780050039	0.0	556.8862066116052	1448.7064778192735	0.0	512.8641264599468	1439.754972716218	0.0	552.3409308831571	1377.884944525219	0.0	627.209023261929	822.453092922982	0.0	647.7413155711394	1038.9272072373374	0.0	615.7232176725315	1233.864869790041	0.0	622.5078611314051	1366.8387428311535	0.0	654.0688822612227	1347.8539054735245	0.0	594.3761750793091	1246.9730882202527	0.0	566.1536746592973	443.1404803840742	0.0	589.3970642553842	304.0569026133608	0.0	584.5164282082741	434.5659214604537	0.0	440.22776068552696	481.58309934720864	0.0	399.63602488931826	629.5375764769293	0.0	372.07296094133807	772.4980179795213	0.0	684.9749943900736	476.6540022166581	0.0	722.7092360455536	636.6285004090809	0.0	738.6270236427118	655.6666858044748	0.0
304	10.162452107279693	562.1580471691161	808.3116065393123	0.0	496.88138826428576	828.7975459923375	0.0	512.4053514569836	1081.4138769961646	0.0	535.3757111020531	1348.3237267978602	0.0	556.3890293661439	1448.7802025515514	0.0	512.5442117429568	1439.3696368854307	0.0	552.4514883726309	1378.480038447294	0.0	627.2902185173982	817.716211927105	0.0	648.4741246137648	1030.5728546891114	0.0	618.4469403457379	1232.5247145052424	0.0	622.0775984853134	1368.058210912856	0.0	653.5975643044228	1349.700321384695	0.0	596.1211062819707	1245.2723139065783	0.0	565.8437521487679	442.35214491770205	0.0	588.7078574133819	299.59147022389897	0.0	583.8660909410096	431.1380869426522	0.0	439.9760701418626	479.7533110400389	0.0	396.9875418586418	628.3072288455543	0.0	370.6596721112094	772.7062179875925	0.0	685.1391531151339	475.30130752294826	0.0	722.1709072805975	634.7216766903889	0.0	738.9804697271212	654.6611348995146	0.0
305	10.19588122605364	562.3926894859125	805.4777066666392	0.0	498.21021181408037	825.7735365222827	0.0	512.8245285436708	1079.826271738962	0.0	535.9084919407377	1348.1185233376011	0.0	555.2234211575195	1449.3713611991736	0.0	511.9663294690693	1439.6163567686153	0.0	552.1910855911098	1379.042271910877	0.0	628.8601590758348	814.91299406959	0.0	647.8213848531267	1021.7039088056347	0.0	619.6316962549919	1238.0786083784378	0.0	622.4169193703601	1373.1611685078865	0.0	653.9385143693751	1355.8929662108626	0.0	598.0003165862086	1255.9809429213485	0.0	566.1577449041881	439.6026975947841	0.0	587.3351934099829	297.7952649721055	0.0	583.0755668841853	428.6057248268378	0.0	439.0630618401319	475.5130108098071	0.0	394.19778738926277	626.5959597294681	0.0	369.69017848036873	773.5591807686325	0.0	684.6112554250013	473.14563240696083	0.0	721.5575500263479	633.506641417577	0.0	739.1751314274014	653.6229110861401	0.0
306	10.229310344827585	562.8937349325824	802.8111195550216	0.0	499.3388901760901	825.1829439479336	0.0	513.4900098636847	1080.0466803142442	0.0	536.769301373963	1348.760698114363	0.0	553.6361241936148	1451.0210722452478	0.0	511.15294864993433	1441.1727253474521	0.0	552.0273608051665	1379.7071075944546	0.0	630.74648097707	813.3626298959877	0.0	646.9596832025655	1015.5061597797597	0.0	619.9146073195967	1249.3317738086992	0.0	624.0563577748953	1382.2739431974992	0.0	655.6493956878809	1365.773703350196	0.0	599.706536896149	1275.5288474504157	0.0	566.2263116974561	437.1100388007336	0.0	586.517571584885	297.52288911613255	0.0	583.1186326435352	427.90276913284623	0.0	437.5268337217135	471.6295915496464	0.0	391.77478950058435	624.9938702807453	0.0	368.5112318136773	774.1602043337942	0.0	683.6797586417421	469.7858680545608	0.0	720.8554158101831	630.8355126322297	0.0	739.2307896342837	651.3030701152964	0.0
307	10.262739463601532	562.8053461515154	801.2605232841488	0.0	498.98496138129195	825.0457919110545	0.0	513.6075642354892	1081.2463806026385	0.0	537.6198593398063	1350.4871653586295	0.0	552.0560439383778	1453.1485443269833	0.0	509.9238075727906	1443.6742661937792	0.0	552.7239066399309	1381.515341919302	0.0	631.6666064215755	812.1791874771629	0.0	646.5501031340748	1015.709781962081	0.0	619.782079822771	1265.1628689368692	0.0	627.1575783963764	1396.0032674596885	0.0	658.6754937568242	1380.1238006630447	0.0	599.9259182797966	1297.36238551745	0.0	565.0973331084896	436.13439349552056	0.0	586.9168346698359	295.76611563141927	0.0	584.3511723632879	427.3213360738409	0.0	435.9597656077671	470.2613315394743	0.0	389.7455675321996	623.9737628294922	0.0	366.7270989928906	773.6820224625826	0.0	683.3612096580142	466.1450916951041	0.0	719.951492339939	626.9984609041751	0.0	738.792697571897	648.276058796011	0.0
308	10.29616858237548	562.4159948830669	801.3255217222653	0.0	497.90313308291303	824.4931086372123	0.0	513.4066604063124	1081.4140672125454	0.0	538.1863667091635	1352.3091925529482	0.0	550.6053385470472	1454.0609508394987	0.0	508.6450816465053	1445.5629300772257	0.0	554.2621903572737	1384.006127379512	0.0	631.3915931720007	811.3968827537898	0.0	646.1284818659984	1020.903730044093	0.0	620.3460669386484	1285.0756649749346	0.0	630.5805544274668	1413.1684754101502	0.0	661.7828562556085	1399.0947885461708	0.0	600.4096742604456	1321.4012825032692	0.0	563.4447554329809	435.6519877310737	0.0	587.6573673707142	291.4789113366375	0.0	585.2044751722888	424.75458199548456	0.0	434.70035981668985	470.24490587886186	0.0	387.84005300587455	623.1019569838408	0.0	365.04454297708963	772.1866476120293	0.0	683.7646385266696	463.84561917114036	0.0	719.2662648203942	623.8537684119543	0.0	736.9839528418929	645.0474558266845	0.0
309	10.329597701149424	562.6053851264553	802.3791534362105	0.0	497.1039807874786	824.466760331103	0.0	513.1670127747699	1080.5401415475037	0.0	538.1344613740467	1353.1018345149228	0.0	549.4765358536871	1453.6030582683782	0.0	507.9287416497288	1446.0198652102622	0.0	555.2240222196675	1385.8733505428233	0.0	630.9218624782538	811.587812422034	0.0	645.1420357579376	1027.0637596700335	0.0	622.5607645151849	1305.9322792739501	0.0	634.0270180176439	1428.9058355644472	0.0	664.8234431193761	1417.6042246041336	0.0	603.7747674853384	1346.4264547572427	0.0	562.558597881436	434.6800444618986	0.0	587.6430389895683	286.5802605037822	0.0	584.3697593060409	420.37676535087996	0.0	433.61935007430196	470.2645441559979	0.0	386.0221220780735	622.4267234817327	0.0	363.9454385728651	771.1135442472884	0.0	683.9216292154499	463.240817665322	0.0	718.7848141056373	619.1591976809398	0.0	734.2281697068464	645.03898611829	0.0
310	10.363026819923371	563.650913818096	803.5265463439032	0.0	496.629140525429	826.019638258678	0.0	512.3423521121325	1080.9339108570211	0.0	537.5855780847461	1353.0917271117928	0.0	549.0942293205819	1452.6708026848569	0.0	507.85618848071437	1445.6799442412557	0.0	553.9687524106516	1387.6636007445584	0.0	631.3094813151747	813.6021042129067	0.0	643.7703028774439	1032.2804304189308	0.0	626.3593655498147	1322.5890968839394	0.0	639.4398541453883	1438.2031191390745	0.0	670.2035883017882	1428.3735214075302	0.0	609.840033408768	1366.8988377560645	0.0	562.5110718315011	433.71318741775684	0.0	587.2382988106369	283.10224584286505	0.0	582.9376410245758	416.7466708522487	0.0	432.7161014328855	471.1196053028761	0.0	384.09783671835004	622.8772510711433	0.0	362.78370291248825	771.3811912263762	0.0	683.5439507618083	463.3303553926021	0.0	718.2041250321	612.7339906315939	0.0	732.7671499530829	651.8890806501871	0.0
311	10.396455938697319	564.7190589134138	804.5129503578169	0.0	496.1906632304425	828.7452924916582	0.0	510.6166051359447	1083.4600618237791	0.0	537.076243851986	1353.1934060975414	0.0	549.3484240460332	1451.1675898659698	0.0	507.95682293892105	1445.102140513387	0.0	551.0691077881306	1389.8506910245274	0.0	632.0987892416697	817.2693545676435	0.0	642.358760080974	1036.3302843343133	0.0	631.4050977255827	1333.3926056967366	0.0	647.9987207468057	1440.425343163489	0.0	678.9951719122862	1430.3984276456622	0.0	616.896180902759	1380.9579709159393	0.0	562.6879597066492	433.1712023922619	0.0	587.3238664282514	281.28539063614943	0.0	582.31607536759	415.6114831329961	0.0	432.1312739282228	473.1052527576401	0.0	381.8480545005967	624.7125363629552	0.0	361.05963930123477	772.3505778176316	0.0	683.3920883973873	463.3467836153163	0.0	718.1601106272385	609.9423353211259	0.0	733.802193050001	659.9137548162994	0.0
312	10.429885057471264	564.3546490568831	805.4832168140966	0.0	495.5771104561361	831.0982439333714	0.0	508.94723378709824	1086.6412703980873	0.0	536.9594133586586	1353.5397331387453	0.0	549.6504638254083	1448.8700357822563	0.0	508.1073569000585	1444.2518747665554	0.0	549.2553372042099	1391.1316125180756	0.0	631.6879123986574	820.7269647770968	0.0	640.5963289124003	1039.972134969356	0.0	637.0584070502359	1341.2028882765414	0.0	657.5922394066247	1438.4048276303868	0.0	687.9061530985373	1429.4754773343118	0.0	623.7240379574049	1390.705246828342	0.0	563.011284361547	432.2947235586945	0.0	587.6039558347851	281.0419854956458	0.0	582.3272053488815	416.1347637504755	0.0	431.79552836278697	474.827548434471	0.0	380.0318423176005	627.0048150100845	0.0	359.48945328406796	772.9490278734087	0.0	683.9249503530639	463.47307894108127	0.0	719.0952542250043	613.4199446904618	0.0	736.0808963504553	659.942403945937	0.0
313	10.46331417624521	562.3230973953075	806.3891254060015	0.0	494.81933045956197	832.3518582033475	0.0	508.4557320511703	1089.6118671213062	0.0	537.2235768235189	1353.645167932044	0.0	549.6294502267086	1446.6661873034411	0.0	508.3213879176006	1443.1723500050207	0.0	549.8796601908938	1391.3276369763585	0.0	629.4382325215728	822.4500080401556	0.0	638.5276540749123	1044.0827734352383	0.0	642.437771640228	1348.5124571519702	0.0	665.355157786711	1435.0031995300678	0.0	693.6976040252359	1430.6013984765157	0.0	629.2111008426981	1398.1327808405133	0.0	563.8976533834473	430.7595672878063	0.0	587.442633990748	282.2872553073542	0.0	582.0670480460857	417.4282972861329	0.0	432.1497571564962	475.38953152410676	0.0	379.7794549922478	628.6239855549085	0.0	359.15348987937597	772.8915687905096	0.0	684.6952093998718	464.33063117302174	0.0	720.3853096234467	619.8901559783642	0.0	737.8736479516347	654.1425455409817	0.0
314	10.496743295019156	560.2077675701072	807.0166874876126	0.0	493.9652770487401	832.9951421803066	0.0	508.56007650366377	1092.1597937368622	0.0	537.5807625048852	1353.634667250721	0.0	549.198192291605	1445.8191544142082	0.0	507.8978787142944	1442.1778652475095	0.0	551.1427886201108	1392.222489230773	0.0	626.6614881977831	822.7564146447762	0.0	637.6426189965432	1047.858832127589	0.0	647.0263080679916	1354.0632451035794	0.0	670.7024746781846	1431.681977557949	0.0	697.387065721796	1433.9564762796872	0.0	632.5210315089482	1404.3912599264343	0.0	565.5246086824527	430.00365437265606	0.0	587.3366493703965	283.87832481124514	0.0	581.3375269909204	419.46170920955524	0.0	433.64270487581405	474.8499846712017	0.0	380.7763581994619	629.2627845764135	0.0	359.6891618594972	773.0483695386545	0.0	685.2846202935573	465.7019468074792	0.0	721.5696613751503	625.6432851448448	0.0	738.389820422816	649.9428552463199	0.0
315	10.530172413793103	559.1624101569545	807.437774974282	0.0	492.8197961874404	833.3207434972095	0.0	507.92543939591627	1093.2701525503442	0.0	537.5577024301849	1354.1424136643307	0.0	548.4480265824375	1446.7275767104209	0.0	506.4545259824733	1441.6193354839731	0.0	551.0403475226042	1394.4217977301967	0.0	625.1161346612342	822.172005993409	0.0	638.7045532371623	1048.7037280699615	0.0	649.6081125056916	1354.4533755955033	0.0	671.922594344806	1427.4103867820106	0.0	698.9486635667798	1435.4665899557888	0.0	633.6535184490906	1407.428311691385	0.0	566.9667266102731	431.2783523949232	0.0	588.2586471580578	284.65135643151086	0.0	581.6770983780931	420.4355533340595	0.0	435.31579406373356	473.22809825335344	0.0	381.7300969668593	629.7834212333514	0.0	359.41512385018615	774.5118583490848	0.0	685.7467972559549	466.19141657419317	0.0	722.6622261699017	628.9485400663598	0.0	737.8008741793132	647.9040467960497	0.0
316	10.56360153256705	558.5994914897594	807.4632400950251	0.0	491.4304705071344	833.0300071621315	0.0	506.9477886550512	1092.5530784373768	0.0	536.976683471557	1354.7744221880923	0.0	547.5461378254956	1448.2389660146775	0.0	505.0544385453445	1441.639882910796	0.0	550.033619312936	1395.5614684464938	0.0	624.9027068810855	820.4879822353572	0.0	639.7963270894754	1044.7457342778125	0.0	648.3280884190785	1348.8573289579062	0.0	663.5389903495205	1419.704337517258	0.0	693.0096581817664	1429.509350073221	0.0	632.6355784323692	1403.5075337617156	0.0	567.0873786759297	433.2240588371406	0.0	590.5668195046184	284.21161186455856	0.0	585.2637051822285	418.62514730965773	0.0	435.90664310608867	471.1404714514248	0.0	382.2277753539388	631.042128619237	0.0	357.90111424540424	776.9027205922936	0.0	686.1032514625754	465.8245774295329	0.0	724.0069344706133	629.5841306145339	0.0	737.7129558520936	646.4844813750852	0.0
317	10.597030651340996	557.7079266204075	806.6346948855604	0.0	490.3251679362722	832.0779243074213	0.0	506.87761678662434	1091.09433550987	0.0	536.0953497013561	1354.5852898202436	0.0	546.7069180170928	1449.093285764401	0.0	504.6698686167539	1442.2385898434457	0.0	549.4048270739496	1393.6109674719305	0.0	624.8094434002064	818.4005066643774	0.0	638.8503780253305	1039.8550236538497	0.0	643.8865745242587	1342.741457138888	0.0	646.9315006849986	1411.3842737415664	0.0	679.9981987206033	1418.4983982413262	0.0	629.9221356788262	1397.6855820421847	0.0	566.671183746317	433.5577533262611	0.0	593.990392604272	282.54785248980414	0.0	591.8254685268774	416.0637113273338	0.0	435.51868984623405	469.9016845324529	0.0	382.6459761270409	632.5771185534369	0.0	356.74384240208127	778.3765755124101	0.0	686.4352531265056	466.60311045964903	0.0	725.9260606034378	629.0344812281754	0.0	740.5179063332185	648.2378942953193	0.0
318	10.630459770114943	556.8220849309321	806.3238406822907	0.0	490.07507128178696	831.2163621331292	0.0	507.25164892007604	1090.2636017315997	0.0	535.1914868938477	1354.287496853114	0.0	546.4052670181651	1449.7013301649345	0.0	504.7896663754577	1443.3527258478687	0.0	549.2072425460605	1391.2214205607484	0.0	624.7314888337837	817.9222214333618	0.0	636.8446153537324	1042.5680061997211	0.0	640.3625332466833	1344.690721986364	0.0	636.9788159070442	1414.0165750478438	0.0	673.4093104596103	1417.042281857091	0.0	627.541026981731	1403.194847827286	0.0	567.3292254074091	432.0537143234966	0.0	598.0391336905718	279.89278417132164	0.0	598.4424934608852	415.26257512271684	0.0	435.28660541753425	469.84562056599117	0.0	383.0985831361811	633.7601430030085	0.0	356.87833501635185	778.4127356508105	0.0	687.0585003160306	468.6965035339982	0.0	727.4679808895293	628.122537427305	0.0	745.6111544382512	654.2428448821511	0.0
319	10.663888888888888	556.7228979074303	809.0441121390444	0.0	490.52385594797767	831.8394232358596	0.0	506.7435688744531	1091.3187243553218	0.0	534.5500542592898	1355.109491963319	0.0	546.7311339868141	1450.6835281431647	0.0	504.6559306139613	1444.7351586104394	0.0	549.1877297771382	1392.47680507594	0.0	625.6752009062741	820.6414868660191	0.0	635.9207702579071	1055.689402387882	0.0	640.5126374100295	1357.819643419315	0.0	644.5160231860003	1434.530188453088	0.0	681.8956078757723	1434.236418668629	0.0	627.2233039185279	1421.4596150526518	0.0	568.9419982086166	430.2851325254706	0.0	601.9331431055156	276.3009460777699	0.0	602.7760099195559	415.1524650900358	0.0	436.0622453651497	470.26809841249525	0.0	383.36948732215876	635.494251786135	0.0	357.330184822278	779.090358914976	0.0	688.6071796762653	470.1797412706906	0.0	727.9586922653457	627.2221198602654	0.0	748.9462230978493	660.2904941939355	0.0
320	10.697318007662835	557.3951618400521	814.0907541923768	0.0	490.8241616978305	835.007365646845	0.0	505.752845272774	1094.6387437351336	0.0	534.5887920179289	1355.8878962085007	0.0	546.6550264017666	1451.4269581268052	0.0	504.26297224735225	1445.712293907829	0.0	549.8538961595505	1395.8083834067581	0.0	627.3857677578944	826.4823327409608	0.0	635.5029826258557	1072.385698983521	0.0	641.9158789050787	1375.5628242075109	0.0	660.3757212567775	1461.736621569041	0.0	695.370775609098	1459.414431430476	0.0	627.3055518960076	1437.6342906178616	0.0	570.6045703926301	429.47415894092165	0.0	604.3879008626394	272.46691512751795	0.0	604.809047238965	413.1799250468368	0.0	437.43246599747744	470.59814801647144	0.0	383.56756876376664	638.9639861116094	0.0	357.5971304284771	781.5274149094298	0.0	691.7410857849262	470.33974379025784	0.0	729.0463352766773	629.5358923167805	0.0	748.9172543191717	663.1059470434162	0.0
321	10.730747126436782	558.1426999356961	817.5066340350678	0.0	490.61155633823415	839.2089129299766	0.0	505.6698097716844	1098.157574489967	0.0	535.5724397180912	1355.032569457546	0.0	545.5546389595282	1451.5277145095565	0.0	504.02492919092793	1445.6393811195278	0.0	551.8191954101163	1396.2761601610418	0.0	628.5939623307248	832.7751060132821	0.0	633.6910676241718	1084.1251475796232	0.0	640.6012800867072	1387.5234352059772	0.0	667.8387341038158	1480.2648746306081	0.0	700.2149642538651	1477.3475642322828	0.0	624.2284528436456	1441.8007774505834	0.0	572.5410513808731	429.41809507553853	0.0	605.3849300372141	270.0999161399725	0.0	606.3673831803419	409.6169511993151	0.0	438.5691595127013	470.32970209426685	0.0	384.5532139480872	643.4154049642636	0.0	358.41577831282535	784.0996222452072	0.0	695.6149144463343	469.99223324868285	0.0	731.7546845076839	637.496937806705	0.0	747.7702833110471	662.6118463957395	0.0
322	10.764176245210727	558.4848520076325	817.5211914674927	0.0	490.31561049816554	840.851544661657	0.0	506.27390691777623	1099.4554220738482	0.0	537.1815981665392	1353.5565604204983	0.0	544.2250451336035	1451.8364332397448	0.0	504.1929171414109	1444.9911114974202	0.0	554.6533649919918	1393.9528141341032	0.0	629.1264335080239	835.4220472873767	0.0	631.4409326418464	1088.0953129932072	0.0	636.9316252142696	1391.3807982328422	0.0	663.5014203492007	1489.8336349733067	0.0	696.2096595394165	1486.1923867684175	0.0	618.0085306277292	1440.1148372702455	0.0	575.2599102134653	429.7641891803074	0.0	607.2706804739375	269.24298164899864	0.0	609.6025144910944	407.1986571225949	0.0	439.935897977092	469.0901434136608	0.0	386.95891708920317	646.6351488325018	0.0	359.4816976877664	785.7766545443105	0.0	698.359656354094	469.9680398096738	0.0	734.2522246550989	647.9549148092713	0.0	746.8421869105903	658.822289314649	0.0
323	10.797605363984674	558.5335086176598	816.8659079267998	0.0	490.281892063395	839.8989466793437	0.0	506.4386582645341	1099.7448580134492	0.0	538.6212134819951	1353.1873052812869	0.0	542.9632296060538	1453.3413995937783	0.0	504.20075005377976	1444.7807221878013	0.0	556.9825525555074	1393.0769894288296	0.0	629.572298395747	834.4479252955666	0.0	631.2190095257276	1088.2428910694332	0.0	634.232193450511	1394.0241344508443	0.0	656.8254467834812	1497.6884497850492	0.0	691.6976337939851	1491.8631031144937	0.0	612.878266628285	1442.2949273289962	0.0	578.125016741383	430.06576620106654	0.0	611.4389261052951	267.8944054886976	0.0	614.684504011366	406.33762512406275	0.0	442.33132507367685	467.4862199778581	0.0	389.8496912754714	647.247658103872	0.0	359.6261833068966	786.9726327378478	0.0	700.1491104401795	470.51624201763013	0.0	735.0083801854463	654.7103315639207	0.0	745.820499458594	653.8898453760313	0.0
324	10.83103448275862	558.7952306954759	818.4471719698238	0.0	490.40766818849227	841.1052465797	0.0	506.2506928723843	1102.1696216887165	0.0	539.3205976037558	1354.5323047592717	0.0	541.1779915195548	1455.8751021387075	0.0	503.4097943694983	1445.0718364402828	0.0	558.0332576328484	1394.8186371025608	0.0	629.9930771277275	835.0318500246885	0.0	632.272434743761	1090.1404884688745	0.0	633.8928817760354	1399.049694855247	0.0	655.4069204534037	1504.8259413512085	0.0	691.5168888666489	1496.826650602959	0.0	611.7392220787439	1447.9263040762792	0.0	580.2425818217895	428.14321872060077	0.0	616.2127726842953	265.3483600575599	0.0	620.1792140313946	404.45382299359824	0.0	444.85671519063834	466.7010618095828	0.0	391.5522212606882	646.1768268501088	0.0	359.0048746008334	788.0562035395268	0.0	703.0093855538225	471.3615982038855	0.0	735.7353411652153	654.9197521700626	0.0	746.1216272692141	652.8175515443064	0.0
325	10.864463601532567	559.8697034952903	821.4380664771337	0.0	490.6081201409849	846.3703835786796	0.0	506.57599103343745	1106.9376549764786	0.0	539.347649426259	1357.0688680068297	0.0	539.2838387038082	1458.2776182523744	0.0	502.15221076611294	1445.1020591347392	0.0	558.1857058659756	1396.6773697133794	0.0	630.6180374623362	839.8053670399589	0.0	631.9952107678664	1095.0226501343952	0.0	634.8809524077567	1403.3701393736542	0.0	658.9593989091544	1509.3789429607414	0.0	694.3154316581617	1500.6176613769778	0.0	612.8407230932545	1451.1422869751682	0.0	582.0997255339663	423.1931900376955	0.0	619.8981476884393	262.53110370785504	0.0	625.8456743160647	400.1217863613071	0.0	446.3768502054018	466.74363691566174	0.0	391.86469612521466	645.521859298779	0.0	358.3685999476127	789.6627891534836	0.0	707.4485717411081	471.7336328002944	0.0	738.8459146137479	651.6058207762326	0.0	751.1423438148444	657.96906583992	0.0
326	10.897892720306514	561.9196209813406	823.4996104079345	0.0	490.9289427825037	851.5425051314814	0.0	507.74346001919776	1111.3493899082907	0.0	539.2680640242186	1358.67576549874	0.0	537.9423516949357	1459.6374533879	0.0	500.7429168971802	1444.505524359567	0.0	558.2053031866267	1396.3790610834608	0.0	632.1051045792572	845.3925657381598	0.0	630.7605039259937	1100.7555063416648	0.0	635.8023300036045	1405.7012626535313	0.0	662.8633690576246	1513.3389689721305	0.0	696.877574435855	1503.7650402447675	0.0	612.792474469649	1451.9229985940508	0.0	584.9802245875121	418.5256425453094	0.0	622.938414517969	260.362610098214	0.0	632.3405978585371	395.3299811783532	0.0	447.941344974105	466.5634712272317	0.0	392.13802221769663	645.9850476413696	0.0	357.6876510546568	791.8885931279195	0.0	711.7941339120256	470.5001788964279	0.0	743.1755808764415	648.0696582454157	0.0	761.3299171033624	665.5608937575347	0.0
327	10.931321839080459	564.2244840890143	824.0271434331955	0.0	491.631541441917	852.9915407844355	0.0	509.25469518422085	1113.740906038717	0.0	539.5917398344444	1357.4820315479706	0.0	536.4431307437625	1460.3461125433205	0.0	499.0280574494657	1443.9448525750727	0.0	558.6833596400064	1393.4306707310582	0.0	634.4686822849916	847.6713419085739	0.0	631.0776787642458	1104.517355996414	0.0	636.2133360778821	1408.276178242225	0.0	663.5845861808344	1519.58493121411	0.0	697.8332072611196	1507.793876650074	0.0	611.2433694953429	1454.0742685339692	0.0	589.0208325475834	416.78223716712137	0.0	626.375075140251	259.7011883769604	0.0	639.1567795747641	393.15578881894385	0.0	450.67258851264324	466.2899293544738	0.0	393.01758841669545	647.1590132147481	0.0	356.9299222418827	793.8062629626196	0.0	714.7715367541667	467.51361307411634	0.0	746.205672291132	644.4107000455621	0.0	771.671294008553	671.715813382807	0.0
328	10.964750957854406	566.3343185499882	823.5367126575451	0.0	493.74741071484453	851.7700482475334	0.0	510.3308332113784	1115.4683170581634	0.0	540.0940236448639	1354.5262200444847	0.0	534.8181507860977	1461.5316543168376	0.0	497.6958802000252	1444.3597053642695	0.0	559.6438118644536	1389.257162491674	0.0	637.6050917272547	846.242243737921	0.0	633.8715676866647	1104.1803904141213	0.0	636.4144423987768	1411.4931262350262	0.0	661.7027773900894	1526.5227553251757	0.0	697.6609920202385	1512.7192305210538	0.0	610.114598248079	1457.338792906649	0.0	593.1264315739952	416.94007959281373	0.0	630.4547113041342	260.02673301373613	0.0	644.989163695202	393.434988930026	0.0	453.2765369025615	466.81879179582	0.0	393.8415547215445	649.0550984290029	0.0	356.32856801260493	795.414683861802	0.0	717.2998114575046	464.54111044298566	0.0	748.4995904061454	640.9175967743396	0.0	777.4900395223337	676.3987161340491	0.0
329	10.998180076628351	569.1017819185515	822.681301506837	0.0	497.717952927733	850.6786247423589	0.0	510.62595982995794	1118.46697468846	0.0	540.0288471210891	1352.554689227903	0.0	534.5912105620367	1463.4881172631824	0.0	497.5806046389067	1445.9357317515037	0.0	560.4491183427249	1386.5931086026428	0.0	641.8197613027708	844.2167883843807	0.0	637.3718962730387	1102.544761245967	0.0	636.4587074311121	1413.9097028072713	0.0	659.7112414182263	1530.8952903886382	0.0	697.2218204426156	1517.277180783146	0.0	609.8060421650104	1458.9522864183132	0.0	596.8050704535133	417.26034833348723	0.0	634.8115891199926	259.43775445957294	0.0	648.7991250326425	393.2580371729351	0.0	454.9504319612719	467.14716551618716	0.0	394.2970803428616	651.1002641266731	0.0	355.74022981582726	797.7907044438851	0.0	720.8096219184363	463.45700164059565	0.0	751.521577483976	638.8848841936784	0.0	779.1549694520082	676.6273694394018	0.0
330	11.031609195402298	573.0900050371567	822.7214637735277	0.0	501.6205755184268	850.9185773545051	0.0	510.4522145168037	1121.8820170911927	0.0	539.2088737219872	1352.5349131773453	0.0	535.5824429682416	1465.5345493978232	0.0	497.93200127326486	1447.8684026574024	0.0	560.4790102380454	1386.4341295174113	0.0	646.7427815574499	844.7453466046056	0.0	638.9525035626368	1105.648446175169	0.0	636.6683049070049	1416.2088307611104	0.0	659.1986774173387	1533.4599588176618	0.0	697.2638783352842	1522.3551521959555	0.0	609.290597211448	1459.7787413747626	0.0	600.5052723707848	417.1027082089185	0.0	639.1371276327435	257.311951412766	0.0	650.3890071461494	391.52711815364074	0.0	457.1289607018527	465.28696669664583	0.0	394.8453138344871	651.8180011432131	0.0	354.6990956493279	800.7153774455937	0.0	724.8507197840651	464.28763129324966	0.0	755.2094895111493	638.367450634783	0.0	779.8971803862572	675.9823474261741	0.0
331	11.065038314176245	577.324370121326	824.5022910722046	0.0	503.5696536361838	852.2314890532359	0.0	510.7032240123594	1123.1115071530608	0.0	538.3717949352509	1352.963573293233	0.0	536.0714515613131	1466.9376637095193	0.0	497.8165842103129	1449.0183303111123	0.0	559.9467218466117	1386.5147708657744	0.0	651.3698186570103	847.6904064649575	0.0	639.1248130488074	1112.877283271987	0.0	637.7079103456113	1419.645451162643	0.0	660.3778049257344	1536.7185408946596	0.0	698.1551722108359	1529.0659836543769	0.0	607.8936528899409	1462.774612701267	0.0	604.1966309924132	416.2782381912482	0.0	643.4638567235219	254.267364861364	0.0	651.3327675790092	389.1057801329845	0.0	460.35318868875595	461.37468844816647	0.0	395.61512742613144	650.3757667619242	0.0	353.10573889299366	802.5092450142848	0.0	728.3858862534008	465.5753014250021	0.0	759.8477013506678	638.8471899369486	0.0	782.7280868534033	694.1222559422193	0.0
332	11.09846743295019	580.6140813620642	826.8987973277542	0.0	504.5335934462193	854.3262857670177	0.0	512.3495209254384	1121.9633729757913	0.0	538.4358317700863	1352.4103302962155	0.0	535.8702893383673	1467.5654846357877	0.0	497.5828679503785	1449.1104578160428	0.0	559.4279401696097	1384.8068977298585	0.0	655.170109767044	850.8658255015116	0.0	641.2480928505903	1117.4528940338507	0.0	638.890896004223	1422.487072637039	0.0	662.0353583381133	1540.6318096736532	0.0	699.6272687318954	1534.2668032426975	0.0	605.8894254279512	1467.3130980853596	0.0	607.4259216512409	414.4844821156106	0.0	647.8101142456335	250.80124168153614	0.0	654.2792263170286	386.22603394533866	0.0	463.41141604364304	457.3179519278517	0.0	396.2663718106995	647.6033531171437	0.0	351.6365698300698	802.6154861043224	0.0	731.6956480987277	466.13244255136834	0.0	765.6544639805977	641.0827894125981	0.0	788.0663128246362	736.7153653673555	0.0
333	11.131896551724138	582.850547606162	828.4651147164342	0.0	506.27273160310415	857.0275294841073	0.0	514.911664566988	1122.1344590007777	0.0	539.2879389123457	1350.5167166565282	0.0	536.0073108131677	1467.8812068305417	0.0	497.6853392386151	1448.7663676928375	0.0	558.5813786746869	1381.256203645262	0.0	658.2669171251068	853.7174825376546	0.0	645.6907860438905	1118.816846423723	0.0	639.0574120645515	1422.9541935836949	0.0	662.6061505207857	1543.7024655846565	0.0	700.8038942748233	1534.7028835324527	0.0	604.9789842383087	1470.274406603866	0.0	610.322977442974	411.6033965923556	0.0	651.861153857583	247.72775971398264	0.0	659.8782947413891	383.092492042217	0.0	465.64279299763075	454.0373450967922	0.0	396.84175081981766	645.4498357840565	0.0	350.96562289546233	802.1742554235169	0.0	735.4663401641268	466.3254840260727	0.0	771.2762062457256	645.9948428290518	0.0	793.5574419114087	781.2570556223478	0.0
334	11.165325670498085	584.8409432253271	829.3649158607097	0.0	508.79190656809897	859.6012183504023	0.0	515.8687155499473	1127.1468080740913	0.0	539.2922657230586	1347.3854358134006	0.0	536.6378435011628	1468.2144165870911	0.0	497.88901338212185	1448.4711140239722	0.0	556.4802252080782	1376.1035631297334	0.0	661.0478224090098	856.7538014325704	0.0	649.6225027131478	1122.7171411675263	0.0	638.8147327431358	1423.0903641171985	0.0	662.0091847523374	1545.332923718024	0.0	700.9718614726239	1532.5767629534596	0.0	606.5413155081493	1470.9273351802117	0.0	613.4532332280304	408.1667024243122	0.0	655.4532472126158	245.9609904556539	0.0	665.8143222191474	380.7445461302567	0.0	467.7641640123493	450.9374247664221	0.0	397.56088259744064	644.5258489023663	0.0	350.9470504869701	802.1476981587056	0.0	739.9427390723874	466.6413680590643	0.0	775.3753217037768	652.3028424052653	0.0	797.2510292496543	810.67003631751	0.0
335	11.19875478927203	587.3407635548442	830.0813277911354	0.0	511.37534574371585	860.9857691612862	0.0	513.2022307914698	1136.442451049825	0.0	537.347516510071	1344.0674475884855	0.0	537.1261482409374	1468.5386064165177	0.0	497.6432615567187	1448.5067882378316	0.0	553.3644944425604	1370.2831921830148	0.0	663.9751231196038	858.9629496162805	0.0	652.4970643723067	1129.901043461503	0.0	639.1288424815369	1425.463567071611	0.0	661.4782308267723	1546.2602738000064	0.0	700.4999095673772	1531.5436313775938	0.0	609.0393468817308	1470.6368718126887	0.0	617.1349852220018	404.7989335538255	0.0	658.7974087057127	245.2424411890373	0.0	669.7200390027209	380.03576451746903	0.0	470.5418504835807	447.96551283923037	0.0	398.3285573886721	643.6730191704032	0.0	351.0752352914134	802.5252316305347	0.0	744.693036803901	465.8997011370988	0.0	778.0659227397468	656.7892531019496	0.0	799.3575049191836	824.6500397895547	0.0
336	11.232183908045977	589.8469083553864	830.5528418324183	0.0	513.5539843372514	861.4676366186643	0.0	507.7055038655923	1146.9776322230357	0.0	534.6750944889064	1342.1035020531024	0.0	537.3130863138804	1468.8107720584626	0.0	496.6647515844046	1449.1306951042345	0.0	550.8812423116896	1365.652834110745	0.0	667.1731754887217	859.537560984967	0.0	655.8595964980628	1135.7997207460523	0.0	639.4792633395273	1428.6737781298293	0.0	661.537391559263	1547.4432667101262	0.0	700.0692112298946	1532.107614431472	0.0	610.2739695354717	1469.6500767752352	0.0	621.2190152043864	401.61040114609415	0.0	661.8172475742291	244.14926254277174	0.0	671.4497076258548	380.7515046720708	0.0	473.5493399220767	445.8502192684668	0.0	399.4122359221248	642.4225107197482	0.0	351.18939177507906	802.998655619097	0.0	748.5923366694792	463.4271374467912	0.0	780.5384788628786	657.4787611411945	0.0	801.2919476057058	816.8179805941795	0.0
337	11.265613026819922	591.3028571071246	830.8707214149758	0.0	514.6823241048169	862.5228139957162	0.0	501.51873273432693	1155.6846558409663	0.0	532.6887087379049	1341.578805508224	0.0	537.5806386880254	1469.2407692846923	0.0	495.4896024022079	1449.855079652341	0.0	550.1515941163241	1362.1710611278663	0.0	670.0563658969111	859.3787232002243	0.0	659.469778145266	1138.4188613934402	0.0	639.1060141030405	1429.5481443372832	0.0	661.5472697945444	1549.1321492170928	0.0	699.8907536070774	1533.4662211352493	0.0	610.5555131968603	1467.6904858765722	0.0	625.588838630437	398.8600873181162	0.0	664.3280554110991	241.45092883545718	0.0	672.06598688057	381.3344937015293	0.0	476.19946212076337	444.0095000694814	0.0	401.1889251167318	640.8522086823949	0.0	351.4085094207505	803.5554549475565	0.0	751.7015214950596	461.00940661037	0.0	783.8135292809993	655.9054741292961	0.0	803.9349886207605	778.1697253949776	0.0
338	11.29904214559387	592.1866161564526	831.1123763961369	0.0	514.5322655114311	864.3067135773822	0.0	495.9456792835647	1161.6105384235095	0.0	531.3157996259014	1340.9938729993353	0.0	537.8560543900077	1470.522231267826	0.0	494.97633922307705	1449.8989558627359	0.0	550.7397399639062	1356.162278897817	0.0	671.9992284549352	859.2313170062447	0.0	661.9611699434669	1139.634847534522	0.0	638.4510142352774	1427.8920802132436	0.0	661.5744124590067	1551.9006551267148	0.0	700.1249939543961	1535.6325694939494	0.0	610.7346144038439	1465.8531677624067	0.0	630.0278043483308	397.19373922047106	0.0	666.3807776350131	237.27810472896562	0.0	672.2011128543201	380.1895398962521	0.0	478.6876738626709	441.4808128388042	0.0	403.0533968746847	638.6428930948346	0.0	351.700494140514	804.2203359448487	0.0	755.4726536143576	459.9776803764076	0.0	787.530390950468	654.5472891741983	0.0	806.8264936999815	724.7528286224959	0.0
339	11.332471264367816	593.6370140632466	831.0530553582452	0.0	513.8553326926676	865.0368275953117	0.0	491.6016872435115	1166.6648351719557	0.0	530.2943391207126	1339.1890006144943	0.0	537.0243268451712	1473.424858449186	0.0	494.6904046955661	1449.8967843205273	0.0	551.6782561337344	1345.470840896696	0.0	673.0059058522062	858.8009382634779	0.0	663.1897305734585	1139.5855551243744	0.0	638.9068834964905	1426.2003974077352	0.0	662.069639984347	1556.6545104117183	0.0	700.500548300264	1538.8656641816826	0.0	610.9672952114975	1465.334219283002	0.0	633.3445844220711	396.5476264768551	0.0	668.2509794996313	232.52012640697887	0.0	672.6286357141707	377.42497968614083	0.0	480.80838317686107	438.8980201819576	0.0	404.0541885525992	636.1096049182942	0.0	351.7484584481249	804.6018212089641	0.0	759.6920953464398	459.0949281702008	0.0	790.7752450323406	652.5815156726852	0.0	809.3326488153238	688.7360469157983	0.0
340	11.365900383141762	595.2421522806825	830.5894789776244	0.0	513.4762081513264	863.3063586922015	0.0	489.1025987822604	1171.6816818913933	0.0	529.3803593988157	1336.571528234039	0.0	533.9117229808146	1478.0147183801716	0.0	492.31435541768406	1451.639897337371	0.0	552.0077975313188	1336.0575623012824	0.0	673.3226099155241	857.8348844364326	0.0	663.9214297497786	1136.1441342793162	0.0	641.1182242061254	1425.6586888660427	0.0	662.0598670502758	1561.7781739611614	0.0	700.3783477298217	1541.9877276509105	0.0	612.0953087294856	1465.8301736407927	0.0	634.3199972937008	395.6295840862039	0.0	670.6056500602344	227.56848250879142	0.0	674.277744057041	374.04957467702525	0.0	481.7680365613258	436.710052088507	0.0	404.1097456511975	633.9088102326239	0.0	351.2977944237692	804.5531413892155	0.0	762.7797711257608	457.3306221086351	0.0	793.8891235310937	648.4173939788695	0.0	811.7151005190997	681.1674630774916	0.0
341	11.399329501915709	595.9784937172744	829.9341224965011	0.0	513.520968831758	860.2074445017702	0.0	488.48340951947404	1175.0256228775634	0.0	527.6918454956591	1336.0407971237269	0.0	528.4154837665602	1484.377511320245	0.0	486.02617495670097	1456.9588631876352	0.0	550.6940807025028	1336.836334455923	0.0	673.2900760716291	856.8688202564034	0.0	664.8844299263383	1131.3269453604348	0.0	643.4420216215458	1425.2063283937325	0.0	661.2350310242659	1564.109554525648	0.0	700.2027112914408	1543.1456725474525	0.0	613.943978770055	1465.67800923197	0.0	633.7641668809692	393.30834363212443	0.0	673.417948469147	222.5183330973607	0.0	676.4615180223199	370.36205189771806	0.0	481.5486308209841	434.25237832445674	0.0	403.84990974214276	631.947053093731	0.0	350.5524332479479	804.6245911912318	0.0	764.9874348131189	455.62561208891367	0.0	797.622084190069	644.5261597033584	0.0	814.2227694032739	689.6857679094036	0.0
342	11.432758620689654	596.0054161205121	829.2875997154274	0.0	513.9432616835854	858.0296839595322	0.0	488.7503642377139	1175.8308214496421	0.0	524.2430176498433	1342.4912116102985	0.0	521.3853694424158	1494.2716428908639	0.0	477.0859356252505	1468.141129624269	0.0	547.071170240922	1350.1330794378046	0.0	673.6260869945846	856.099404975459	0.0	666.1149158066154	1130.1694941114897	0.0	643.4713603225291	1424.1909085204902	0.0	661.1094182876337	1563.3656333377082	0.0	701.0285823806345	1542.515505657802	0.0	614.6837240532573	1463.3576342321917	0.0	633.9515540231429	390.579908298898	0.0	675.7171279187245	217.40540572040697	0.0	677.6097882572959	366.65184117046135	0.0	481.03500678358995	431.53628356011643	0.0	403.7623859965527	629.5844312484288	0.0	349.98553643778524	805.1200908456467	0.0	767.6405740584468	454.5750648276497	0.0	801.2779722381086	643.690478136023	0.0	816.0935491807028	699.4855021030273	0.0
343	11.466187739463601	595.9812750351831	828.9209736618698	0.0	514.7843764619264	857.7344927729554	0.0	489.04230952598294	1175.0342018091785	0.0	518.646242913934	1358.673180191866	0.0	514.8645011427457	1509.1535832868833	0.0	468.7386765850668	1486.3407482807563	0.0	540.9592665694842	1373.5125160689977	0.0	674.8078502646493	855.5820217777742	0.0	666.8768779049495	1133.7863619452921	0.0	641.2036689023074	1423.5959054287882	0.0	662.1814917125536	1561.3976732473523	0.0	702.7415041055152	1541.6182777256445	0.0	614.1514259878167	1460.109833775152	0.0	635.6727122085582	388.99216766537444	0.0	677.0279144558729	212.94684225316507	0.0	677.4267662826993	364.3402103110897	0.0	480.89722799761535	429.3581638227021	0.0	403.74292019625886	626.783567844271	0.0	349.8319768827125	805.5728926373099	0.0	770.6720741258064	453.4809722271247	0.0	803.6290080366718	644.6605112064274	0.0	817.1231902219205	703.4049811544484	0.0
344	11.499616858237548	595.9868826072676	829.5104779473468	0.0	515.3432706421984	859.090261369425	0.0	489.6957851194007	1173.8977429220702	0.0	511.4464434666924	1382.7919898768453	0.0	511.7998529525265	1527.2192700298779	0.0	463.669874211942	1508.8799462261354	0.0	532.3803363027789	1404.9951716410108	0.0	676.1354231738549	857.2492303367841	0.0	667.0137947692261	1139.7764521079064	0.0	639.1247365673338	1424.6366596046964	0.0	663.9989721842618	1559.5886718679842	0.0	704.303274126552	1541.404440836897	0.0	614.1363634900082	1459.7348992079044	0.0	637.4392055120597	387.24049274183477	0.0	677.3119581333553	211.5533267878049	0.0	676.8148199766955	364.5540170010105	0.0	481.05636347217927	427.9621539216342	0.0	403.2600740413051	624.8035562101812	0.0	349.9742316030888	804.8830742605256	0.0	773.2220653230812	451.857298220608	0.0	804.3593797216557	645.2158949778021	0.0	818.6916602345029	709.5698153711052	0.0
345	11.533045977011493	595.9172474876908	831.2806672822763	0.0	514.5847796300154	861.3811937078452	0.0	491.59096298737313	1172.864241288502	0.0	503.82230007483645	1410.8172045731505	0.0	513.9027041191941	1546.3824581979231	0.0	462.6820179531658	1532.1943054415233	0.0	521.1689675084396	1441.5196565724716	0.0	676.5594355294438	862.0563426688273	0.0	667.215994468896	1146.5409462784457	0.0	639.1098701745675	1427.285110168794	0.0	666.3217914890706	1559.13607398129	0.0	705.0298110224229	1542.3678857097777	0.0	615.405752912362	1463.5977340427019	0.0	637.948545951878	383.69580805579557	0.0	676.7345718280893	213.69319072235905	0.0	676.5803138424615	366.1790114304022	0.0	481.1508456712908	426.8958185369114	0.0	401.6948726345984	624.5284022158372	0.0	350.15211587716954	802.2115719195136	0.0	774.8714328666708	449.65548534669426	0.0	803.7593170879319	644.9554545101471	0.0	821.2077441636728	729.9924300058445	0.0
346	11.56647509578544	595.7535284696492	833.3850540484298	0.0	512.9530817642795	862.7398304706998	0.0	494.92219001759554	1172.1147620600034	0.0	496.475349391425	1439.136848318408	0.0	519.5213818515919	1566.9067870363574	0.0	464.526717797498	1555.8636659582055	0.0	507.56302413406814	1477.408315093927	0.0	676.4100296271238	866.2613130929743	0.0	667.7418292638567	1153.3652506443864	0.0	640.2700264870281	1429.5109511425894	0.0	667.8973066053517	1560.5545539494105	0.0	705.1575091088158	1544.2941481456216	0.0	616.1863051085693	1466.6413165395738	0.0	637.6592603358605	380.6307308756937	0.0	676.237111701964	214.4965848115564	0.0	676.2132049946181	366.18097107709445	0.0	481.1097969762251	425.77911557159	0.0	398.4894261891703	624.6682917329722	0.0	349.69170241536074	799.2714400961501	0.0	775.2473848160971	447.3277393202605	0.0	802.5463468239878	645.0378834404747	0.0	822.3000090087387	753.6496341036066	0.0
347	11.599904214559386	595.5583404726207	835.2515896417631	0.0	512.1073794787969	860.7997279126522	0.0	499.0509751972731	1172.2741498478342	0.0	488.8411351962102	1465.8930324564344	0.0	524.3770307412062	1588.7990811619336	0.0	467.57121409559085	1580.730131565431	0.0	493.4190030674973	1507.7576331146965	0.0	676.9313181610739	865.4890644404433	0.0	668.418250362515	1158.1224363188371	0.0	639.8966835147337	1428.0208095101596	0.0	667.2260470969378	1562.865569670941	0.0	705.4140331104256	1545.9413507421434	0.0	612.9179123391485	1460.8643445154696	0.0	637.3365309730461	381.3621848712967	0.0	676.8182976238924	208.65035971207826	0.0	673.9237529280612	361.79574059688844	0.0	480.8842336691256	424.358127723032	0.0	393.70693579695796	623.3736154014482	0.0	347.14093395503795	799.8771654037193	0.0	773.7465763764509	445.88532038879396	0.0	802.0342598973872	647.5065450112776	0.0	819.1302627139876	758.7404295615871	0.0
348	11.633333333333333	595.4994881862872	837.1124293601423	0.0	512.5737300139662	855.5388473331142	0.0	503.3591947564592	1173.4217230873066	0.0	480.3250636591418	1491.2957351803325	0.0	526.392512797939	1611.0801145191494	0.0	471.1101892177815	1606.4717887202496	0.0	480.3254021381585	1532.754266270266	0.0	678.4233190099897	860.1467061583182	0.0	669.2095902214455	1159.595125482437	0.0	636.9627020358005	1422.1938380763172	0.0	664.6025234108691	1565.0114455418536	0.0	706.0645798727534	1546.5824068568575	0.0	604.7131209758226	1445.2287113288462	0.0	636.9605702112839	385.6330897846656	0.0	678.4244648541784	196.746866290627	0.0	669.2107791943679	353.3833004111942	0.0	480.3252612939591	422.4882773705741	0.0	388.1861883790545	620.5861497719619	0.0	342.1168148320075	804.8639105438483	0.0	770.5627235294966	445.52200882460056	0.0	802.8115696897361	652.8321153469903	0.0	812.0252538938431	744.9812396949274	0.0
