PathFileType	4	(X/Y/Z)	/Users/visionmauri/2_8_1_f_Sports2D/2_8_1_f_Sports2D_px_person00.trc
DataRate	CameraRate	NumFrames	NumMarkers	Units	OrigDataRate	OrigDataStartFrame	OrigNumFrames
30.0	30.0	350	22	m	30.0	0	350
Frame#	Time	Hip			RHip			RKnee			RAnkle			RBigToe			RSmallToe			RHeel			LHip			LKnee			LAnkle			LBigToe			LSmallToe			LHeel			Neck			Head			Nose			RShoulder			RElbow			RWrist			LShoulder			LElbow			LWrist			
		X1	Y1	Z1	X2	Y2	Z2	X3	Y3	Z3	X4	Y4	Z4	X5	Y5	Z5	X6	Y6	Z6	X7	Y7	Z7	X8	Y8	Z8	X9	Y9	Z9	X10	Y10	Z10	X11	Y11	Z11	X12	Y12	Z12	X13	Y13	Z13	X14	Y14	Z14	X15	Y15	Z15	X16	Y16	Z16	X17	Y17	Z17	X18	Y18	Z18	X19	Y19	Z19	X20	Y20	Z20	X21	Y21	Z21	X22	Y22	Z22
0	0.0	586.940723128629	763.0543195649324	0.0	678.3411963749903	817.896331859269	0.0	705.7616113929091	1137.7944909839632	0.0	605.2213221365374	1471.404450569778	0.0	664.6311548119191	1549.0957075247684	0.0	678.3418141686499	1558.2343688051335	0.0	568.6616920679571	1535.3842974371619	0.0	490.97034002940643	808.7553280476635	0.0	500.1108264585601	1133.2242891989856	0.0	481.8305662410923	1471.4063927481473	0.0	477.26191477483457	1631.3562456189838	0.0	417.8512913641761	1613.0751590530992	0.0	468.1204914441832	1539.9555891162913	0.0	628.071987787802	242.07053422970856	0.0	664.6310252380524	114.11219389509989	0.0	664.6320221553394	191.80216702201278	0.0	788.0217824159373	287.7711956439678	0.0	874.8520550304779	539.1217754401906	0.0	906.842280082821	767.6231476161556	0.0	454.4105501405799	296.9110397120544	0.0	312.740517462832	539.1225153218501	0.0	280.75056125610797	744.7724628872489	0.0
1	0.033428844317096466	589.4885909141224	764.8726326461257	0.0	681.437063471222	815.8449960644381	0.0	701.9840698038971	1136.3738388504999	0.0	608.595229601323	1473.1844068609591	0.0	669.7972511098856	1535.6399258106749	0.0	686.9721384503891	1547.4271972252159	0.0	577.0217497186873	1539.0353073851213	0.0	491.48736142945614	806.3491644766739	0.0	497.2838837341716	1137.3974207967715	0.0	480.9808330957393	1473.6681467687974	0.0	477.03343821005717	1631.4802246945073	0.0	420.866906762002	1613.6005274432316	0.0	469.5836497811765	1544.4942223744645	0.0	627.5044902956128	245.95080821812192	0.0	664.9479606434163	112.8553825889675	0.0	664.260828145417	192.1283454010922	0.0	788.2946216168501	288.4172438581556	0.0	874.0268989163567	540.7755100772689	0.0	909.5730325464168	769.8138091009903	0.0	454.5188022380601	297.11810603729435	0.0	313.4650211064879	539.6328250564943	0.0	280.0574593318193	745.8705919621887	0.0
2	0.06685768863419293	592.1898095424286	766.2653765899028	0.0	684.8034177498454	813.9527746327763	0.0	694.6049034855414	1136.277750232524	0.0	615.7303752222131	1473.7617423208549	0.0	672.9670087332269	1510.2298148564366	0.0	698.8384737626211	1526.4802999256785	0.0	591.5579796695152	1541.8050823971055	0.0	493.80446712668015	803.6496843983628	0.0	495.5742956523002	1138.693023952831	0.0	479.85766194753086	1475.7689112863616	0.0	478.52495934041315	1621.7848409710552	0.0	421.87637008988384	1609.1783743941285	0.0	472.21827621730426	1548.0109288166902	0.0	627.3419074046597	250.92116296977616	0.0	665.0592436600972	112.29385977586762	0.0	663.4492512903006	192.33068739269333	0.0	788.1829659046009	289.0795341557523	0.0	872.5071975916098	540.2764785302843	0.0	911.7318105811202	770.5003650802761	0.0	455.5996332483085	298.8017213587138	0.0	314.77680734342243	539.2020214516646	0.0	281.14934513964914	745.2697498870641	0.0
3	0.10028653295128939	594.0229340416262	765.3422665776935	0.0	686.568522986916	810.9591960867276	0.0	685.7886447404244	1137.2109621634634	0.0	626.3062356096536	1470.787718734394	0.0	672.5504099674813	1476.2318203451243	0.0	708.6755309154802	1498.3714133658775	0.0	609.4202193982529	1540.424137254699	0.0	497.51528394957455	799.8582380950207	0.0	495.7802541412563	1131.4520445297837	0.0	478.2078856027051	1473.8985718547965	0.0	482.8093443865674	1590.92549225282	0.0	416.7035740761944	1590.2544598935417	0.0	476.53547201630846	1545.299008009358	0.0	627.6774538073605	257.38834203814145	0.0	665.9274136377179	112.27817664128105	0.0	661.6923916033603	191.6721418467577	0.0	787.4472717652227	289.70278064294746	0.0	870.1651430216158	536.8226029329971	0.0	911.1772507388405	769.3929447246098	0.0	457.82873624667354	302.46636685677555	0.0	317.2442597140398	537.0748806343339	0.0	284.2057971356726	742.3139181132382	0.0
4	0.13371537726838587	595.1024277426646	762.1055035592511	0.0	685.6887615127812	806.2089695816969	0.0	680.0872756707209	1137.8831040351365	0.0	636.543195987483	1462.7046359963792	0.0	669.2279567273725	1445.559456577113	0.0	710.9411175834975	1472.532228805165	0.0	623.7231513638757	1532.4753961883146	0.0	501.00646596349213	794.6507799480937	0.0	496.3682161919127	1117.690630846395	0.0	476.5291095691415	1463.7552844349268	0.0	488.5328841616757	1540.6758983910631	0.0	404.8324867331475	1555.5539401492476	0.0	482.56720165205667	1533.0285046094111	0.0	628.0058455133254	264.9888689632065	0.0	667.9583551948953	112.34364833637234	0.0	657.8440605567994	189.75011682488483	0.0	786.8619962201007	291.2165909956052	0.0	867.5130450567267	531.8047645085327	0.0	907.1384928559647	767.4644398331653	0.0	460.68798843009574	307.1586607199781	0.0	321.2489660043059	534.1903754712287	0.0	286.88194176091827	738.4564707422007	0.0
5	0.16714422158548234	596.4332264900657	760.1415082059016	0.0	683.946201995061	801.8202838027662	0.0	677.7529336742045	1138.5756898478567	0.0	643.1915791538253	1450.6747258723633	0.0	665.6772583514719	1424.9842373087174	0.0	707.9256849161209	1453.2628202825902	0.0	631.7978267048894	1519.6943850953364	0.0	503.7776746671555	789.7910388058368	0.0	495.989863485078	1108.543392731647	0.0	476.0143201797995	1448.354091808863	0.0	491.99649810192636	1494.1314157450963	0.0	394.07721653889774	1519.6406925693811	0.0	488.5584475344544	1517.2800580780454	0.0	628.0069000315832	272.0520355756399	0.0	669.9122940879026	112.57726743604431	0.0	652.1962746773571	188.47610453847247	0.0	787.5141833672352	294.6884271995608	0.0	865.2783494932135	527.0166093156195	0.0	901.9051324244349	765.3717977609643	0.0	463.4397069440615	311.8837729293011	0.0	326.13877005109265	532.5307795435506	0.0	286.9626434297246	736.0057613044801	0.0
6	0.20057306590257878	597.5742747223213	762.760885480357	0.0	683.0358076546671	800.2306225675572	0.0	675.4878462196646	1140.1080210057266	0.0	646.1234727772322	1438.5050540879065	0.0	663.845348229219	1413.2118923201756	0.0	704.6741371612814	1438.7246591789153	0.0	635.3314251690969	1506.4604221647153	0.0	505.8338037839072	787.5982973774011	0.0	495.9409268045371	1112.3148440655718	0.0	476.5601750374577	1440.9326661993473	0.0	491.2348259508715	1480.6586949714692	0.0	393.3312151221119	1500.6306619753998	0.0	491.49953952701793	1511.5036956014299	0.0	628.6091644509255	276.7407072675728	0.0	670.9132291083911	114.14291862845978	0.0	649.9066103484836	191.75462737270317	0.0	788.9728069642274	299.50020867532544	0.0	863.8510389705467	523.6986117812437	0.0	898.2585818964274	763.8306890292376	0.0	465.42650085025485	316.40386583378523	0.0	330.39373972459	532.162404897485	0.0	285.23543502310656	736.0563158815356	0.0
7	0.23400191021967526	597.8446466703497	769.9455971454327	0.0	682.6585256027538	803.0897603612074	0.0	671.8432957449827	1141.7280854594885	0.0	646.3909747206699	1431.123924590883	0.0	661.8258201820054	1406.7605595682646	0.0	702.1350167605985	1426.3397951572379	0.0	636.1090142376461	1496.6269428470532	0.0	506.8132419735224	789.7238384982812	0.0	496.9501845346939	1128.357836823818	0.0	476.79859131759866	1452.8299071748531	0.0	487.79248544659845	1513.1099585817474	0.0	402.2768952250645	1513.7636250108562	0.0	490.4184399921805	1523.643060879295	0.0	631.3121231822289	278.60981830913664	0.0	671.1570446933507	119.05695034358091	0.0	655.8451821919715	200.4795704369999	0.0	790.3618681296285	304.4022586271937	0.0	863.2356076306767	522.7604713387431	0.0	897.0559604511441	763.6301285597272	0.0	467.50495706277496	320.06404105618253	0.0	333.69322200504405	530.8879906412976	0.0	284.01359168098645	737.5503855938804	0.0
8	0.26743075453677173	598.0558236453759	777.8275424006583	0.0	682.7807494581332	810.0480777269945	0.0	668.1926507643242	1142.6086062437082	0.0	644.0636628275943	1431.0078156446557	0.0	656.5646226953779	1403.9293620478245	0.0	698.3247693779576	1416.7331974081817	0.0	634.1007598208038	1492.2222966262696	0.0	507.28185397289	795.8173078642562	0.0	497.70302562515053	1145.7770036843342	0.0	476.4450976302251	1476.1551373357067	0.0	483.3474771122574	1568.846906153071	0.0	412.2924788622426	1555.6181682478295	0.0	486.97418812161936	1544.1556747413526	0.0	636.0337865229876	279.23237453786163	0.0	671.4068488988046	126.12427391196735	0.0	665.0579054462546	208.63410160609965	0.0	792.3458139471808	309.3282596560002	0.0	863.1049760846461	523.6333593181076	0.0	897.427499474662	763.8348626472078	0.0	472.0674231190064	322.53093294272696	0.0	337.60509259360947	527.3676683918299	0.0	284.0033404986997	737.7923264076335	0.0
9	0.3008595988538682	599.1429653150925	781.2513755798129	0.0	684.2993016127695	816.2189387056777	0.0	665.988324825644	1142.8761132784396	0.0	639.6241443593451	1434.5624221687901	0.0	648.7920823082015	1403.3054551659789	0.0	692.9353339496091	1412.1079032293865	0.0	629.3276735842524	1491.826567362344	0.0	508.0676177823026	801.4117294690716	0.0	497.1253952841242	1152.0028606888213	0.0	476.1012480032594	1491.1441885919905	0.0	478.7881437672841	1607.4681577326699	0.0	416.7417767843865	1593.890093839972	0.0	483.82894148594175	1555.714619611262	0.0	641.046313607393	280.9863359906947	0.0	673.0562552011991	130.77412807968753	0.0	668.9700621387577	211.07065914703657	0.0	795.3495092899988	314.51839395371957	0.0	862.8225491453765	524.5090802435624	0.0	898.294244759301	762.8181899558166	0.0	479.616775581582	324.6409553600567	0.0	343.29041255244647	522.7999029547262	0.0	284.11056958899377	735.3758337211391	0.0
10	0.3342884431709647	600.4901851190874	780.0415576929304	0.0	686.6045128968761	818.5427111150832	0.0	665.2152027833434	1143.0565616834376	0.0	634.6789612230566	1435.0428402077496	0.0	640.9418672359534	1403.268119194472	0.0	688.0406008106182	1411.5066584958904	0.0	623.6234178330121	1490.7841683404145	0.0	508.8086125171319	802.7219347616996	0.0	496.00774503661006	1146.2047472151864	0.0	475.50760148452355	1491.4046624003597	0.0	476.0912869537564	1617.970087608113	0.0	417.10540967128065	1606.0304140588166	0.0	482.11215444859437	1554.2114841137118	0.0	645.5495327257386	284.1293151089067	0.0	676.5545235175636	132.65124041429416	0.0	668.5887756034441	212.37630976726444	0.0	798.2784614184658	319.0686480814377	0.0	862.101700683222	524.3053915414845	0.0	899.0550311269344	760.6864336754364	0.0	487.98144873138403	326.599858101533	0.0	350.3229870096567	518.8411537929313	0.0	284.0042121152774	731.7711236500548	0.0
11	0.36771728748806115	601.2421069470678	778.7048362068205	0.0	687.841174681686	820.113555826194	0.0	664.9554563490807	1143.633426917145	0.0	630.831914517594	1430.6732136928622	0.0	634.6321999092006	1403.795505560868	0.0	685.5356732316632	1411.7922549496718	0.0	619.521687265104	1487.3060812219953	0.0	509.98739349527773	800.583816511915	0.0	496.8182251987587	1135.3457678381878	0.0	474.3531574730348	1485.3601194351481	0.0	476.9020449058027	1616.9770140681358	0.0	417.61522456732206	1599.5673388540906	0.0	480.32184908163015	1547.364922622866	0.0	650.202800072574	287.03855499967074	0.0	680.507783294166	135.58746754328612	0.0	670.4260280451612	218.83211902297472	0.0	800.8275424730768	322.1194082458963	0.0	861.6813410484651	523.7747064407534	0.0	899.1723177115415	758.8759145347451	0.0	495.69806035927655	328.2676384664701	0.0	358.2869378161055	515.8280104471291	0.0	285.2693589550333	728.5854578601295	0.0
12	0.40114613180515757	602.4930832641313	778.8052920985243	0.0	687.6165361377737	821.8500825741471	0.0	664.9364866403372	1143.9142178506586	0.0	629.9643938096905	1425.4631374841788	0.0	631.6588879048026	1406.5924428654057	0.0	685.2466737672487	1413.5521565218273	0.0	619.3101386982526	1484.1733662133254	0.0	513.5239813667672	796.5801678464846	0.0	500.535267351332	1125.2340531386706	0.0	474.1052410739252	1477.0319000514116	0.0	481.2307173601707	1604.6659963719167	0.0	418.78115508950276	1581.4363508478807	0.0	479.3727978267274	1537.2044635145676	0.0	655.0294382477721	289.0421084468151	0.0	683.8874862978516	140.14313145426232	0.0	675.6124025434141	227.41512920620997	0.0	803.4217396487967	324.6494088361978	0.0	862.7106617422036	524.1049735180467	0.0	898.7425419907355	757.8517439871687	0.0	502.74182967914254	330.3791817595932	0.0	367.2865721869267	513.6692672150788	0.0	289.48805855821513	725.1278023395444	0.0
13	0.43457497612225404	605.410284193706	777.7136995350781	0.0	687.2929841758681	820.007536866721	0.0	665.9340401960391	1142.263042874619	0.0	633.1162554460666	1422.4642049649838	0.0	632.7472925348166	1412.7254519124153	0.0	685.4601117633196	1420.0768170795743	0.0	623.270353355464	1482.8357012718284	0.0	518.8159421091308	792.2187294632747	0.0	505.24760397937354	1116.4316173167329	0.0	476.5719326413975	1462.519573950281	0.0	488.5622891219319	1551.1026071460506	0.0	420.2421847182035	1546.8754946981508	0.0	483.42594825865405	1518.3073259063021	0.0	658.8773332624725	292.0399693145961	0.0	687.4650925550321	143.87894432517237	0.0	680.2890822220721	230.93263183369655	0.0	805.7564189215817	328.54682264310816	0.0	865.5040870903756	524.2546035660456	0.0	898.866191305015	756.6999525538441	0.0	508.7688864887601	332.96972130375116	0.0	376.57286631286235	512.4263824878437	0.0	295.81167453891146	720.3166125662308	0.0
14	0.4680038204393505	608.3553473733893	773.9922397729267	0.0	687.8762477636428	814.5443388770037	0.0	668.3325688690295	1137.9449416478728	0.0	637.5626611242458	1421.4769842950445	0.0	635.646222573267	1419.7694028705698	0.0	684.9664030155915	1430.657768282453	0.0	627.050502809484	1482.2232323925891	0.0	522.2473856718815	789.9545833351855	0.0	509.7717089232785	1103.0413093150632	0.0	480.7559870672805	1443.2306686808506	0.0	496.24589628360025	1437.7039645586517	0.0	423.8935133840018	1504.3370281639088	0.0	491.01134496911266	1493.612919114798	0.0	661.422026817103	298.59969344167945	0.0	691.7185424643908	147.18828999872738	0.0	682.4483426664566	230.5152112500375	0.0	808.1091167497218	333.96695014976393	0.0	869.1485352716968	522.7778749722542	0.0	899.8592956760236	755.0400380932045	0.0	514.004967416489	335.3591526983203	0.0	384.8773839108445	511.3632213347011	0.0	301.6608804070206	715.530867276382	0.0
15	0.501432664756447	609.499846402063	768.5564793163386	0.0	689.0216923822018	809.8295621872086	0.0	671.5141574250619	1131.2987438872437	0.0	639.2101520451665	1421.0138330564607	0.0	637.1994238078163	1423.6460560431462	0.0	683.7781228027002	1440.4615302696463	0.0	626.4281424050172	1481.6363726608838	0.0	522.5821027086769	789.8614811423123	0.0	514.5443211991449	1082.7003582085072	0.0	484.404605489363	1429.1919867249649	0.0	500.8626461704145	1307.316091483029	0.0	429.66701096630806	1473.4795179147386	0.0	496.05076486161937	1476.7674013781104	0.0	664.015182452297	307.7894396451737	0.0	695.814414063302	152.97508808107423	0.0	683.9740546310669	233.5300795135175	0.0	811.2171607539791	338.63051638196197	0.0	872.1155710175485	521.2904848417983	0.0	901.0316132353385	753.2686530818452	0.0	519.7271866251592	337.61624226568364	0.0	392.3583472693563	509.5360768959213	0.0	306.13799863588156	712.6114076258045	0.0
16	0.5348615090735435	610.332208237208	762.8080656218972	0.0	690.3143968621796	807.4761291867851	0.0	674.6084354037542	1123.7652629860395	0.0	637.8756230755439	1419.1356241224794	0.0	636.6794640855071	1424.3811651730068	0.0	682.7531651723119	1446.366172724644	0.0	623.8850603083139	1481.0439782812698	0.0	523.0982151104503	789.1746988341152	0.0	518.7824119576089	1064.2140190819766	0.0	488.3848058248067	1426.0854127870173	0.0	504.84919683105295	1224.8649124758895	0.0	433.737128180946	1437.3144581547092	0.0	499.6285158281057	1472.8930637651467	0.0	667.8086300737294	315.373486346583	0.0	699.5302767985406	161.28906752175013	0.0	686.1811098342749	239.20092511530058	0.0	815.0602021802082	341.18137456544883	0.0	873.6613116738458	521.8067121500337	0.0	902.4089882016954	751.3583343999311	0.0	525.8744225278542	339.9062727049219	0.0	400.00937614651485	507.6591874398999	0.0	310.4418853783692	710.8077158780607	0.0
17	0.5682903533906399	612.8279415631166	759.2341039514147	0.0	691.9970465069316	806.4203232492217	0.0	676.6675455428497	1118.5371948572738	0.0	636.4082041867919	1415.332716840238	0.0	635.1474171218182	1425.521422688089	0.0	683.0325653996713	1448.8346210914287	0.0	623.8921248902037	1480.1324976171695	0.0	526.515381568977	786.863098968578	0.0	520.9085520572827	1058.9613899771914	0.0	493.43713834447465	1424.1877276068963	0.0	512.0593722364828	1196.0024164136887	0.0	433.36909098018265	1359.154745621951	0.0	505.78288717197796	1470.908701510643	0.0	672.5336393518146	318.40320776797336	0.0	702.8472510720177	169.44456370432854	0.0	688.3935016626408	241.54351790910252	0.0	819.0710035778563	343.55958558351443	0.0	874.3095388064086	523.4347794825394	0.0	904.1857866233933	749.5724243856077	0.0	531.2064699292154	341.98253243957345	0.0	407.50599654588586	506.8448318635338	0.0	315.3691323019628	708.5986156625019	0.0
18	0.6017191977077364	616.2044072093245	759.472783127884	0.0	694.4027004289806	806.7889699297427	0.0	677.1225647905982	1117.614998821023	0.0	636.2020132849118	1411.9332205560445	0.0	633.2765139020048	1428.197046137061	0.0	684.7964183398431	1449.3789392990896	0.0	625.5607464401124	1478.1035587815875	0.0	531.4907745962092	784.6463256344441	0.0	521.2527811608909	1066.8744910382586	0.0	495.66163867273065	1392.8571056935814	0.0	518.9039655885325	1185.6114597157803	0.0	430.8696495425321	1261.3545734058391	0.0	509.4407136500374	1441.376697578805	0.0	677.0994894749878	318.71482012452594	0.0	705.4334139962227	176.18396758489934	0.0	691.4907264024966	244.3641624619693	0.0	822.1029206378425	347.7089616996843	0.0	874.6488981301563	524.4221583526066	0.0	905.6256376317344	748.5827363758227	0.0	535.7954981582859	343.6102012780269	0.0	413.75690236204923	506.4452520518924	0.0	320.5846268455711	705.9361605917177	0.0
19	0.6351480420248329	619.2975433074026	761.4511549550678	0.0	697.6140239936657	808.2404721092438	0.0	676.7972842594519	1119.2972995387686	0.0	636.5034961149174	1411.2031062499832	0.0	631.196962215236	1430.807055154969	0.0	686.3625869921915	1449.173573795552	0.0	625.7604701465832	1474.8895603132937	0.0	535.8958999805731	783.2286964796087	0.0	521.931366649938	1071.548520083836	0.0	494.6436671746703	1302.1337996543518	0.0	522.0528549631025	1172.589976851464	0.0	433.3362233437077	1192.903085969536	0.0	506.4661330319034	1348.2004236391895	0.0	680.6449227893874	320.9863576468485	0.0	708.3416304275565	181.82645642242684	0.0	696.8117509614715	254.30733372577242	0.0	823.4112392257972	352.84360199997667	0.0	874.8002747246109	524.5586142512672	0.0	906.1859172511981	747.3906408364954	0.0	540.4187869995126	345.0558006416736	0.0	418.3385873200412	505.7788827434326	0.0	325.3210113143926	703.3271882749062	0.0
20	0.6685768863419294	622.0928563779819	762.422695154525	0.0	700.6692357263207	808.8622799428172	0.0	677.2755385486207	1122.0685602532128	0.0	636.5740312821121	1412.1222679537925	0.0	628.9665781197284	1432.0226798362112	0.0	685.6473353491344	1448.8807862912258	0.0	624.6661362087079	1471.755911856287	0.0	539.2195594918898	781.9004993856305	0.0	524.6017393483538	1051.9430180074805	0.0	497.6779949134458	1179.704657330829	0.0	525.5281934357782	1149.6406770117526	0.0	445.89520627462605	1152.540341607262	0.0	504.866888341242	1213.3791155077354	0.0	683.4221162372539	325.96373157129767	0.0	712.1573890443698	187.07880880893802	0.0	701.9242361184989	265.9729212052559	0.0	823.6467506200499	357.3414916936426	0.0	875.036792254651	524.7913686339979	0.0	906.79163632236	743.8628390773946	0.0	544.7742325115632	347.06634666267945	0.0	421.5448695840218	505.63331189752967	0.0	329.4673126301142	700.3080967460704	0.0
21	0.7020057306590258	624.2711314605281	762.1679168359585	0.0	701.8804562953063	808.66743928006	0.0	678.8480677289209	1125.8483000737244	0.0	636.4636476423477	1411.7280258822645	0.0	627.5079962872529	1430.5604465478787	0.0	683.5325360251479	1448.7124291305856	0.0	623.9766186849512	1469.8293172158797	0.0	541.2758779031755	781.3071544414419	0.0	528.8879527617245	1006.4401028122027	0.0	506.9632160265872	1096.7523543094662	0.0	529.9953165583983	1119.9738023698783	0.0	462.7009612979934	1121.990534607615	0.0	510.18406148700006	1120.874919365761	0.0	686.4511778547113	329.36343382940066	0.0	715.0224256362764	192.73174024220367	0.0	703.682370947472	271.2258363653137	0.0	823.7371292437455	360.21909953623225	0.0	876.0979632420228	525.6356012143123	0.0	908.6952742830593	738.055387304789	0.0	548.4978440153261	349.1062806186759	0.0	424.54856943182807	506.196676392744	0.0	333.80563035456834	695.7381927956337	0.0
22	0.7354345749761223	625.3759155590902	761.9104350405336	0.0	701.2814607879002	809.4118714678159	0.0	680.2762128821367	1127.726980638887	0.0	636.3445520657184	1409.282054330323	0.0	627.9378951281923	1426.4712760548634	0.0	683.4061523920109	1448.8966915030337	0.0	623.8564678002651	1469.0419353878754	0.0	542.0713459262822	782.5683305393765	0.0	532.6516538319361	959.5036120080013	0.0	514.8463371196057	1076.0436065823774	0.0	529.0031681475266	1094.8120068702926	0.0	472.20063488424205	1102.2948179095617	0.0	516.1570850092388	1106.0753817542457	0.0	689.8337137239339	329.39529026974435	0.0	715.7402493171371	197.97581036115147	0.0	703.3353798354707	271.4943416225064	0.0	823.8640268212595	360.91264174554146	0.0	878.6432643067889	526.3547855060294	0.0	911.3549940985444	732.4701871132111	0.0	552.1881116803821	349.6704015648	0.0	428.33820091268905	506.5549252171515	0.0	338.64095375493434	689.8676295665311	0.0
23	0.7688634192932188	625.4224803756908	762.0506749334891	0.0	700.4142511973188	810.5079095840742	0.0	680.8107213090339	1124.8817494399516	0.0	636.1525291687257	1406.7042432757637	0.0	629.3754919755141	1422.9797508703234	0.0	686.1911010824415	1449.5535865064642	0.0	623.8305989442833	1468.675804562764	0.0	542.2344803648161	784.1750790313499	0.0	534.4056772780262	929.4569473223319	0.0	516.4204926174384	1081.6671749228267	0.0	522.4040475477183	1074.4397570064814	0.0	472.408154579272	1089.431934334034	0.0	517.4777681655875	1123.3564501822439	0.0	692.0678369163404	329.29152646930083	0.0	715.6724936526745	200.74346375795088	0.0	703.6334083983947	270.62514483421717	0.0	823.6895837740599	359.7493257389814	0.0	882.3399840039315	525.8911910338911	0.0	913.3065377350357	728.5799232804528	0.0	555.8591800403447	349.3979490576477	0.0	432.0020980780079	506.63253207822555	0.0	343.75817771393946	684.7602456001082	0.0
24	0.8022922636103151	624.7225939748358	761.2689722086294	0.0	699.6573936287283	809.7363098446746	0.0	680.9169282820113	1120.5782577559874	0.0	635.8573749317619	1404.9113914072339	0.0	630.0537853857397	1422.6765076010815	0.0	688.9544127333962	1450.3565215384408	0.0	623.9277946499548	1468.1256404048956	0.0	542.1321498483393	782.3944921772211	0.0	534.804591590131	910.682286080456	0.0	514.8222703468219	1083.4169934460904	0.0	517.9239205039756	1054.979433697837	0.0	470.3267279688138	1077.6839383035904	0.0	514.8739306645517	1129.6651617029815	0.0	691.952034380469	331.3901713139761	0.0	716.3714436753824	200.84345115004112	0.0	704.6671833814265	268.92979493363686	0.0	823.0817882456167	358.0360242583956	0.0	886.0031367435539	523.1962826060668	0.0	914.4288494147597	725.4402467060214	0.0	558.2817469516766	350.2122907296028	0.0	434.1833495706185	506.97382493888296	0.0	349.4101252488262	682.2217079714561	0.0
25	0.8357211079274116	623.8917574309975	758.94368741624	0.0	698.647910157303	806.8129470290702	0.0	681.0077888686136	1118.7703566959613	0.0	635.6814073659493	1403.543554530818	0.0	630.093942766526	1424.7358370434538	0.0	689.5689021586084	1450.7963886527343	0.0	624.1268739747446	1467.409316306792	0.0	541.3056595942984	776.5077551499816	0.0	535.0736910280986	899.8344021395517	0.0	513.4013350485831	1077.6625223603648	0.0	518.565696954058	1064.2626752655374	0.0	469.67543651349314	1092.7355113146466	0.0	510.28427859663765	1124.1955530342902	0.0	690.4560796792532	334.47128572397446	0.0	717.6694180161095	200.35364580610747	0.0	704.9784826526754	266.4418471018546	0.0	823.077168690115	357.36986394565497	0.0	889.2945031032185	517.7928752649486	0.0	915.40379631726	722.6295348809039	0.0	558.9313731316226	352.06406973925846	0.0	435.11572625148267	507.3687110222035	0.0	355.7831720812125	682.1718438266098	0.0
26	0.8691499522445081	623.3616855301391	757.0096673021108	0.0	697.6397921140507	804.3557416721909	0.0	680.6329197981911	1117.379710410354	0.0	635.7536965104006	1403.3502565498873	0.0	631.4543467314036	1427.0033577898193	0.0	689.7157318648946	1450.630980459927	0.0	623.8375143605952	1467.0072778953208	0.0	539.6676179480338	771.8254697916336	0.0	535.4076535533442	901.150083964619	0.0	512.3499783320717	1070.2258739487138	0.0	521.0443218608902	1146.0888732365902	0.0	470.30315661746124	1172.8575839156895	0.0	507.8158841569267	1119.3276260482608	0.0	689.8544274347183	336.36822245326056	0.0	718.5908171243063	201.32469909998673	0.0	704.3008780248064	264.93138331227885	0.0	825.6217149088026	358.88818114495234	0.0	893.5031322269964	511.8303502049935	0.0	916.1245563206837	721.2910646510251	0.0	558.7645537452167	353.57213116859424	0.0	435.5151048196866	507.12298759147126	0.0	362.69577112473445	682.6510087659915	0.0
27	0.9025787965616046	623.3378329517674	757.0368368899959	0.0	696.4902569582534	805.0507401987148	0.0	679.1486895658043	1113.5268218199244	0.0	635.7424004962556	1405.1484028659954	0.0	635.030713062746	1427.8750490792418	0.0	691.2327476428338	1450.0815427762614	0.0	622.6502881704776	1467.1308115304034	0.0	538.7370757598738	773.5759443845778	0.0	535.3863701138825	913.2642693810487	0.0	512.425130761006	1065.641828365131	0.0	523.0528006298979	1277.729053824937	0.0	472.7863572050243	1295.2128945101902	0.0	511.0935023581438	1117.9820014585541	0.0	691.3303095522165	336.09172432495893	0.0	718.8447468851797	204.43010089244112	0.0	704.0056597451872	266.9889015525293	0.0	830.3630556189763	361.86757719887794	0.0	899.3137569358199	507.9844659269439	0.0	915.8721460239701	721.0161652013275	0.0	558.7704062955283	354.2640252307673	0.0	435.0300732888218	506.6197498124331	0.0	370.39601243631563	681.8561880837962	0.0
28	0.936007640878701	624.419106036186	757.846489811951	0.0	694.6799615677321	807.6975235126348	0.0	676.9456206657183	1109.0069927577003	0.0	635.0567245409426	1407.6476440552365	0.0	638.6242137594808	1427.253206646182	0.0	692.532338239892	1449.5385399874046	0.0	621.2622533202521	1467.8487180807344	0.0	539.92727029412	779.73633888556	0.0	534.9138125063304	937.8561287510787	0.0	514.6969805319782	1067.6501086023982	0.0	525.9679709657364	1377.0901005301967	0.0	476.666566449047	1385.3501273874854	0.0	517.58828450401	1122.098566082163	0.0	693.5750863748975	334.59283987998793	0.0	718.821065462007	208.57810939297272	0.0	704.9827604599794	272.45451875012844	0.0	833.2744442766698	363.93144080799146	0.0	905.2648043856886	505.68926625323456	0.0	914.5247034857073	719.6336621082744	0.0	559.0706256503813	354.72618470764615	0.0	433.0223300361464	508.17957616923684	0.0	379.074721018023	680.1589308059639	0.0
29	0.9694364851957975	626.6689758398102	757.3638889960969	0.0	692.9550810549364	808.9757714926723	0.0	675.1501441066104	1106.926712196116	0.0	633.5893920252347	1408.5853426201445	0.0	639.6380034445289	1426.1447394156232	0.0	691.1331229901137	1448.9917692589709	0.0	620.4972623452959	1469.0404077986775	0.0	542.345413075305	783.6296329876284	0.0	534.4383195670185	971.0318149915674	0.0	517.5215770550607	1082.3460581429915	0.0	530.877300100522	1411.0210953941973	0.0	479.7888225954912	1417.9597176258003	0.0	522.3292987372894	1142.6916795591162	0.0	694.4337573394466	333.7290797754059	0.0	718.9577976580728	211.6452893215481	0.0	706.5729107625962	277.5157934134553	0.0	831.7375436175108	364.3928261766818	0.0	910.1952332086728	503.36692881463046	0.0	912.4311001875423	716.1685949439528	0.0	559.4265072535711	355.3898457726267	0.0	430.3940440917862	513.2148120539428	0.0	387.5278467959842	678.8878580334231	0.0
30	1.002865329512894	628.6029238054854	755.0463040080667	0.0	693.0143675823683	808.0417091838561	0.0	674.1387233215186	1107.541075031757	0.0	632.2572674225718	1407.6128718488803	0.0	638.6626756715822	1425.187702203202	0.0	688.0112911575474	1448.318499618178	0.0	620.2398097643238	1469.740368209294	0.0	544.1557959480268	781.0877839246759	0.0	534.3532270805243	993.1225297811635	0.0	518.4469439017204	1107.5479437839322	0.0	534.4131700083217	1405.6855823394044	0.0	481.3130890329614	1420.401512405272	0.0	523.7919669356986	1177.6621874567913	0.0	694.0938322100019	334.2304958109149	0.0	719.2616097857609	212.35093795399263	0.0	707.742456055702	279.74245565965606	0.0	828.1473777498686	365.7932351793223	0.0	915.0273167736142	501.8159655920391	0.0	909.1536558258988	711.4678834144916	0.0	560.1169804530911	356.09161905968955	0.0	429.4207653023035	519.3335172021782	0.0	393.8645852028446	678.6883022524514	0.0
31	1.0362941738299905	629.0533150062311	751.9247287777089	0.0	695.053322003236	805.3431392447648	0.0	673.4414616639601	1108.733928812424	0.0	632.001886315718	1406.5615915674914	0.0	637.9337693673137	1424.7458221056381	0.0	686.2894047571698	1448.1739107138503	0.0	620.2376782192822	1468.802574645753	0.0	545.1041544500449	772.9560706155744	0.0	534.2880632100027	996.739368723878	0.0	517.5487924342884	1119.4861322680015	0.0	533.4988628327719	1365.2854295977936	0.0	483.4540087863311	1383.633719290537	0.0	523.2610671542488	1191.4827085311763	0.0	694.6261737962034	336.19979803124636	0.0	719.4992122992743	211.30748743393295	0.0	708.3570976867959	279.76099471007103	0.0	825.9821352416183	370.1004999285205	0.0	920.1225471350849	503.49190142227684	0.0	904.0182553398779	707.0426551256033	0.0	561.4921179287192	356.86120597640166	0.0	430.8387115919962	524.0634403317154	0.0	398.11237000148816	679.692882462819	0.0
32	1.069723018147087	628.8588209081113	749.1485867368285	0.0	697.1376544277585	800.644878161615	0.0	672.734001026102	1109.0343213118392	0.0	632.3543381382151	1406.7357086542465	0.0	638.4534669319563	1425.3389652600529	0.0	685.7918917250803	1449.350751093678	0.0	620.3648666319865	1465.9791638915945	0.0	546.3067356056915	764.2490145521836	0.0	533.7339264875081	995.8816993283618	0.0	516.531184659189	1100.6915067201028	0.0	530.2529914913337	1265.5559686809347	0.0	488.1399814642842	1270.922238109434	0.0	522.278128313879	1162.3247049389433	0.0	696.5393708731692	339.93792906283943	0.0	720.2005483896422	210.34710364814651	0.0	708.9970881513258	277.36352612582857	0.0	825.8584043503016	375.12081855671795	0.0	923.4199395388658	510.35546281879493	0.0	897.3498410091672	703.6944094707533	0.0	563.1249325790318	357.99189936941707	0.0	432.6376591981522	528.6585158144297	0.0	402.3148376676308	680.9480191414077	0.0
33	1.1031518624641834	629.1554057818825	747.9127814308315	0.0	698.0614689540442	795.3135207481205	0.0	671.9696100995617	1108.9665164785113	0.0	631.9785876423882	1407.9212249206741	0.0	640.2144170759748	1426.6545567303315	0.0	684.5562641257989	1451.2736348341734	0.0	619.9884808450544	1462.3889576774648	0.0	548.1780914466965	760.3225047851308	0.0	533.0544622554571	998.2023909245256	0.0	516.2543798252829	1070.6393104637223	0.0	527.6171283749615	1130.370028291702	0.0	492.8075586015211	1124.2319710596016	0.0	521.819333297148	1127.4072060663436	0.0	698.1395209905531	344.64619234190053	0.0	722.0182926333383	210.49551823989424	0.0	709.4815857626618	272.8746006110445	0.0	826.8353547153172	378.10880859625416	0.0	923.295028988635	522.8807974260444	0.0	889.8952766160445	701.0783788198167	0.0	564.5565441652786	359.49800020713235	0.0	432.93127298160346	534.5713264025018	0.0	406.99199313094135	681.1483506392208	0.0
34	1.1365807067812799	629.6882599346376	749.7177847442929	0.0	698.4831411855678	792.2263102256304	0.0	670.8634814181509	1109.2859602492003	0.0	630.4411880734774	1409.3983019493373	0.0	642.556672521307	1426.8058805311039	0.0	684.0590287671168	1452.287337785353	0.0	618.7099479389245	1459.948166356086	0.0	549.814090253732	762.0409611108472	0.0	532.8350255487962	994.214982846893	0.0	516.5410976326052	1055.4756360091394	0.0	526.1321405716451	1037.6250445604235	0.0	494.30978044721917	1045.4257998468067	0.0	522.5855335715763	1127.5063745373793	0.0	697.9120557300307	348.6102694263522	0.0	723.7003575546871	210.98853339706702	0.0	709.2454849275334	270.8827432074364	0.0	828.4672387738988	380.86420821025575	0.0	920.4687570922192	540.5571761928503	0.0	882.1118790522711	698.7806036437373	0.0	565.5004753917744	361.3827302256203	0.0	432.1093503889033	540.7026787330806	0.0	410.024286917259	681.1470148760102	0.0
35	1.1700095510983763	630.1121952782553	754.3898000049375	0.0	698.5541690235746	793.5468621024019	0.0	669.3745763673281	1109.7391128392976	0.0	628.6201243949243	1410.0932405389972	0.0	644.1857988805091	1424.3226324876348	0.0	685.9596890280347	1451.2910799790307	0.0	617.4306568668568	1459.2395499632466	0.0	550.527548088611	767.5305105097932	0.0	533.0955273804365	976.6328633663137	0.0	517.1823725965576	1061.517747049225	0.0	526.6368249432163	1030.956971323014	0.0	493.95595857469004	1058.8657376512456	0.0	524.7156311269023	1151.7308718093013	0.0	696.3117709277986	350.9062361172631	0.0	722.7712699386703	211.47971456495128	0.0	709.1986986439176	275.3766904319561	0.0	830.0122667741207	386.6987865584994	0.0	915.8311612688011	561.4544479655028	0.0	874.6243481730446	696.8469431348012	0.0	565.2108267242294	364.20722619128014	0.0	431.4187028467165	546.3431832512781	0.0	410.40048844446625	682.8679277708619	0.0
36	1.2034383954154728	631.4229399306952	759.4120141482539	0.0	697.8688272247999	799.8164809004712	0.0	668.335071343225	1109.8755227841484	0.0	627.3898470564989	1409.2589806536696	0.0	644.4422180706315	1421.010604203255	0.0	688.1665016577367	1448.8452656771321	0.0	617.140998667002	1459.1378800289572	0.0	551.2455572696563	775.3195430510466	0.0	533.8817602856104	957.8244038996814	0.0	518.0413178689931	1089.1682590465512	0.0	530.2165643244927	1094.8236130899932	0.0	494.1261578057763	1117.2590812554636	0.0	526.8162830410117	1172.3040903808226	0.0	695.1605323108486	351.46912596439483	0.0	718.3441006419814	213.61273487567078	0.0	710.7588384923856	284.27189748886997	0.0	829.6536165037883	395.2189909173378	0.0	909.5231799403721	582.0354679731661	0.0	868.1846413529049	696.0304337464532	0.0	563.6248676518309	368.55339482514887	0.0	431.03809983875783	552.9498418008361	0.0	410.48084163424465	686.5021632995386	0.0
37	1.2368672397325693	634.0249942537852	762.7416025668609	0.0	697.1029438037505	807.8923419704679	0.0	668.339663365738	1110.042456360791	0.0	626.9239220939227	1407.3918265993252	0.0	643.6048264832151	1419.8671087351067	0.0	688.450809417327	1446.6848329496243	0.0	617.2571072980405	1458.7016644271116	0.0	553.5416990538835	782.7075633920316	0.0	535.1831498486243	953.3415912992522	0.0	518.9099766008142	1127.3081471438038	0.0	534.4888484174186	1184.6398856350063	0.0	494.8000665143185	1186.5474175291556	0.0	527.2086917569827	1181.3692033930622	0.0	695.1680221341653	351.0108412168267	0.0	712.0074225521305	217.9613329207169	0.0	712.7176599790481	292.7165195995411	0.0	826.5037738802979	403.8791182712879	0.0	902.0308325422158	600.8732441093746	0.0	862.0210396030743	698.0757003632377	0.0	562.2842444193218	373.66919111059076	0.0	430.7220808832199	561.4704089522938	0.0	411.92510889267083	690.6441783436928	0.0
38	1.2702960840496658	635.5346604895175	764.8506442092056	0.0	697.0413535080467	812.4111534612188	0.0	668.6402036779706	1111.3073230775651	0.0	627.063342143542	1406.098623811344	0.0	642.2242241977759	1420.575412410674	0.0	687.2726667769518	1445.7574647048725	0.0	616.4369901223446	1458.0068279318725	0.0	557.0186613871575	786.5587275248101	0.0	536.0935747098896	959.2785167176653	0.0	519.7342024992162	1147.5819720302763	0.0	535.4385278065031	1248.7113060363008	0.0	494.9938947993154	1243.032929269838	0.0	526.1981448808297	1181.4898198772253	0.0	694.6408682491291	352.25075611945505	0.0	706.3649350272652	221.93904862929756	0.0	711.252749555603	298.72200140122527	0.0	822.1630418751583	411.41195236153317	0.0	893.5108363096696	619.6343664436995	0.0	853.3751517897981	703.6872948770169	0.0	562.3835359070588	378.17802004867866	0.0	431.04553091584586	569.9852061829831	0.0	412.0456422770683	693.8783810495551	0.0
39	1.3037249283667622	633.8745099589812	767.3076801932996	0.0	697.5575347709955	812.1559980323564	0.0	668.0325055768792	1113.703368397407	0.0	627.3063966611065	1407.0900808595404	0.0	641.1165579560391	1420.481611679938	0.0	686.2908597131416	1445.2898240575298	0.0	614.371614466376	1457.8942195455074	0.0	559.3506988140718	786.8616446854808	0.0	536.1962602191644	963.8495648950997	0.0	520.6635803700393	1136.2206766067359	0.0	533.5108374170501	1268.0359952628903	0.0	494.20195052997366	1271.8807825708639	0.0	525.944472763694	1173.9537635289244	0.0	691.9942736831093	357.45363551133835	0.0	702.5862283665722	223.3340571721451	0.0	704.4718749826936	303.7807716742179	0.0	818.639051796966	417.8262507234142	0.0	883.5733994665859	637.7639279444624	0.0	841.7093943050611	710.329450822254	0.0	563.1137425155987	381.85602795668586	0.0	432.08842344721546	576.2909058879109	0.0	408.6285116294663	696.0726349291548	0.0
40	1.3371537726838587	631.2959822619343	770.2029245444088	0.0	698.2585736048065	810.7270926478199	0.0	666.5336007181868	1115.4393931172049	0.0	627.1882016367241	1409.8362720478451	0.0	640.874829219996	1418.772742077307	0.0	686.4810028370814	1444.6868347163847	0.0	612.53351810455	1458.878899150399	0.0	559.5947228277538	785.9042078882985	0.0	537.0062291438403	963.5775833342295	0.0	521.92163144014	1111.6118755259781	0.0	532.4543911533974	1253.9337128162097	0.0	492.89055258889636	1271.8696651850635	0.0	528.0967154740371	1162.1314946455238	0.0	688.8515085207739	363.7631014055987	0.0	699.0952554184424	223.1271734760073	0.0	695.0535228673428	309.4072034063418	0.0	816.3549063317975	423.5966371210962	0.0	873.0573027906948	651.6468262942967	0.0	831.5621961701121	714.9713986656051	0.0	563.11753511104	385.3801972630979	0.0	432.56816353420294	581.2036056664672	0.0	404.7681365505137	698.3110187519516	0.0
41	1.3705826170009552	630.9746297788122	772.5691684637891	0.0	698.8468631080756	810.6898154058263	0.0	665.2897311807662	1115.0908263745764	0.0	626.6912817075789	1411.853969822008	0.0	641.9424360245973	1417.043098554337	0.0	687.3510435995327	1444.8123442288822	0.0	612.4642384371964	1460.2566861594273	0.0	559.1105194368403	785.3415038244009	0.0	539.7505674858384	962.0501651754523	0.0	524.1878858086244	1099.3478148906809	0.0	533.8580502815498	1216.684623535253	0.0	491.9173186817332	1244.250138381014	0.0	532.153312483805	1155.0957573309363	0.0	687.1146942774893	367.0591552336601	0.0	693.9166174990647	223.24021369325942	0.0	687.0468469724024	314.70948416081774	0.0	814.4927602493432	428.42865736481974	0.0	863.3017742255737	659.7366920179011	0.0	826.190695618263	718.2131362702096	0.0	561.8752670307357	389.3789326153816	0.0	431.9538950115872	586.8295441733848	0.0	404.12246703328896	701.5084160767625	0.0
42	1.4040114613180517	631.7316676724259	774.7465550251499	0.0	699.0919373346062	811.0816921950952	0.0	664.8374202540346	1113.2090121444803	0.0	625.7479137198691	1412.1532473782931	0.0	645.4436757193255	1416.6806524039346	0.0	687.8522999978546	1445.7541747827654	0.0	613.0683823173916	1461.2229302931128	0.0	558.8674557070048	785.7154472371751	0.0	543.1458774965635	966.286414091891	0.0	528.3257090332119	1109.033336542464	0.0	536.4732171503373	1183.9121214883276	0.0	491.81865027159364	1207.8880435021592	0.0	536.893137926735	1161.7837784461403	0.0	684.3790354500348	368.71991289668193	0.0	687.4586723416768	223.52515834158078	0.0	681.8400624609518	317.7492133324235	0.0	811.3824961384472	430.7509677523226	0.0	853.9898971628066	663.1718208439829	0.0	822.3643596427146	722.8032562951325	0.0	558.9695301761129	394.01102453198797	0.0	431.6218226265523	593.1710603482629	0.0	405.6374766949203	705.3797119123786	0.0
43	1.4374403056351481	630.8302984410444	777.9357625855077	0.0	698.8307577897725	811.2494114852456	0.0	664.7832521620112	1111.1720179295412	0.0	624.5709757618376	1411.3400553272688	0.0	650.8962031829597	1417.7120837863272	0.0	687.7905949454395	1446.2554883135706	0.0	612.2849691774177	1461.476844397472	0.0	558.2943392515288	787.911065211325	0.0	545.2972864672084	979.8966750659444	0.0	533.2596201755229	1137.4406913196456	0.0	538.6762275359583	1195.1983418464174	0.0	494.0718862953166	1193.18039361685	0.0	541.2692864986964	1182.4526055847582	0.0	678.126450616949	371.78398360059134	0.0	681.231868988084	223.44247843488563	0.0	678.0045230086542	318.31282404938077	0.0	806.2012424917053	430.8330737717714	0.0	844.5295446232778	663.1715273805804	0.0	816.8250019930829	729.3836391689567	0.0	554.0823222280249	399.2720463551616	0.0	432.5807430172258	598.537457281264	0.0	406.33358100114674	708.500508198299	0.0
44	1.4708691499522446	628.7733306859354	782.4134917307659	0.0	697.9470632163817	813.0773237085194	0.0	664.8117796642058	1109.8589373672912	0.0	624.0678053293591	1410.0957409324567	0.0	654.3756329985172	1419.665662040615	0.0	687.5821231779297	1446.4410571201965	0.0	610.6344490133632	1460.9538935691617	0.0	557.1049167466201	793.2542180422641	0.0	546.5896114336342	996.3634215245917	0.0	536.4255742636844	1172.344624034716	0.0	541.1676979446765	1241.0274042910926	0.0	500.8769299898779	1207.4618947598424	0.0	543.9608497129913	1207.5741371964957	0.0	671.1834749597627	375.42913435423526	0.0	675.5861750089414	224.89947984987018	0.0	673.785879134901	318.0977245182852	0.0	800.6481972581296	431.5371794107736	0.0	836.0073707343306	661.8625682928787	0.0	811.6748688195584	736.1306379825327	0.0	548.1958733138523	405.39133446241635	0.0	433.4743417377214	602.5306670817889	0.0	405.2058886785124	710.359126840075	0.0
45	1.504297994269341	627.3057068297509	786.9238637717157	0.0	696.6786565113865	816.6221831893391	0.0	664.8585690535847	1109.351167668879	0.0	624.5562552322633	1409.2739501063115	0.0	653.3179752871082	1421.6119628532858	0.0	687.4605668154437	1447.3048607880614	0.0	609.8434295989401	1460.532975337183	0.0	556.1590162026574	799.7728877406396	0.0	548.4093181738884	1005.1473231112317	0.0	537.3278675647102	1194.6025113328183	0.0	545.3194177327105	1271.3653734359557	0.0	510.94910951882747	1227.6443559363047	0.0	544.8748484840246	1221.9156696963853	0.0	666.9397594659683	377.9026738897535	0.0	670.3243868402662	228.90274202484005	0.0	669.1022620556909	318.9516011193096	0.0	796.3201726476865	433.82794140776394	0.0	829.7213077009645	661.6589753502359	0.0	809.247111873738	741.366520821529	0.0	542.9898452987245	411.65155696221484	0.0	432.6303877321832	606.2442029576724	0.0	402.93468828333397	712.24197454448	0.0
46	1.5377268385864375	626.2004829900474	788.9422898501988	0.0	695.5566586279209	818.0271217377028	0.0	664.8541714949184	1108.3261563528883	0.0	625.2221038497328	1408.3618074590922	0.0	650.3742893573366	1421.7007867431125	0.0	687.5443183393979	1448.0987584755403	0.0	609.8804984061462	1460.6596409227866	0.0	555.9456123752217	801.9264407855561	0.0	550.4612781232878	1003.5251803062578	0.0	537.5425341551119	1190.7334137213734	0.0	549.2220384932637	1269.7294335428858	0.0	518.5769674165346	1229.7251832019542	0.0	545.2985744067661	1213.1233831295765	0.0	664.0102552797744	379.0473636912584	0.0	665.8089520434796	232.42913993621548	0.0	664.7684927284486	321.76588985733514	0.0	792.4209071934363	435.74728725618843	0.0	825.1983474786903	661.7652829972819	0.0	808.3650791449483	744.4596493710313	0.0	538.9111778070551	416.3491967045823	0.0	431.0148152265533	609.6872285620033	0.0	400.5618972285348	714.5628735362585	0.0
47	1.571155682903534	624.6457221153406	787.4701241442218	0.0	694.5028354280396	815.7054155376106	0.0	664.8638398673991	1104.5157556914537	0.0	625.7283642153948	1405.4894585637542	0.0	648.9404949989498	1418.8488168500878	0.0	687.8485186730039	1447.4153180828212	0.0	610.1018057344545	1459.6035952560871	0.0	555.9009453003916	798.6152530672954	0.0	551.5802704968349	997.796948128586	0.0	538.0099589766287	1162.261702740213	0.0	550.9571048939265	1259.2761462960732	0.0	520.3265365576771	1217.3919625704857	0.0	545.616704200281	1189.068650170719	0.0	660.067676125323	378.90349655981174	0.0	661.7480486435131	233.60405428075944	0.0	660.099620848736	325.50259517956226	0.0	788.1244142337608	436.3885842269194	0.0	821.1719567836826	659.9625277266716	0.0	807.7042302016308	746.4936515369852	0.0	535.2003184439583	419.2168237774994	0.0	430.6126645861848	611.8719573094883	0.0	398.43215249292155	716.5829668167263	0.0
48	1.6045845272206303	622.8505647262638	784.6811555491201	0.0	692.8633901840575	813.1109444126994	0.0	665.1531785249731	1097.7641502862432	0.0	626.7025281162133	1401.292876667821	0.0	648.3967082291844	1415.5085053108428	0.0	687.7125144991409	1445.7787042486157	0.0	611.010016821238	1456.2439855266136	0.0	555.6338716884408	795.4909683307242	0.0	551.3224104841747	993.7127754543377	0.0	538.4622220205321	1127.9893585109733	0.0	551.7349609311802	1255.8219541570909	0.0	518.5651866800598	1209.286053390309	0.0	545.0310577147878	1176.8982032651763	0.0	655.7769395397748	378.5335224729708	0.0	656.6158859870734	235.67326671109103	0.0	653.947096197052	327.6604570351417	0.0	784.0505176965333	436.7502972063343	0.0	817.5963397190998	656.7022955269947	0.0	807.2271971786032	749.8618312453223	0.0	531.7972963860907	421.4898424870553	0.0	430.90817518320944	613.0191720825842	0.0	395.73623655761463	718.7879881578431	0.0
49	1.6380133715377267	620.9201264976941	782.2030425355065	0.0	690.5285440454513	811.2675517348798	0.0	665.7489761226359	1091.101439356126	0.0	628.1222890687701	1398.575516770383	0.0	646.6082535974531	1415.2039972129787	0.0	686.000163372323	1444.7262509302766	0.0	612.6996457943053	1452.3410183591866	0.0	555.0598230785803	794.9850029265527	0.0	549.9981146544162	991.7075165532575	0.0	538.2036281100459	1108.6634970377008	0.0	552.0346978264186	1256.6891598640823	0.0	516.5237473585543	1211.6969555644612	0.0	543.4554861195766	1185.2351505617028	0.0	652.0727008842805	380.8257131175371	0.0	650.2390016897491	240.86247260039292	0.0	647.6753652904185	327.48150711032645	0.0	780.4479349963796	436.95731596142065	0.0	815.1306297582224	653.5367420433715	0.0	806.5591604151368	754.2311712735268	0.0	529.337623988613	423.92930940730383	0.0	429.97269949511184	614.0335749338606	0.0	391.6420259011706	721.9954213371486	0.0
50	1.6714422158548232	618.0884388575845	779.2591921493091	0.0	687.4803136241109	807.3007811477278	0.0	666.1515017011793	1087.0107886100002	0.0	629.0836773906941	1397.5263865374234	0.0	644.0305065155238	1416.4253340013847	0.0	682.8021018181173	1443.7310497403496	0.0	613.9528894808304	1449.929469162476	0.0	553.1796096919912	793.5154406465498	0.0	548.2496583139259	991.6087477645184	0.0	536.9047517625972	1105.3684375778143	0.0	551.1506411746136	1256.76074358063	0.0	515.0890140519627	1223.3462203382785	0.0	541.961054426598	1193.5074525585705	0.0	648.0212601923843	386.6872819567272	0.0	644.4743587854225	246.12693470599964	0.0	643.2640019790434	327.3977394260242	0.0	776.7477997187381	436.41170216241636	0.0	813.6132496230201	651.1304658815084	0.0	805.4935030876401	757.3113475888251	0.0	526.7877749961274	426.8697917538852	0.0	427.7455660299918	614.9098809841785	0.0	386.55775394288924	725.6827193698048	0.0
51	1.7048710601719197	613.9230741959433	775.57020791966	0.0	683.0930105608203	802.2978435868064	0.0	665.9447961317436	1084.4603878838188	0.0	629.4146442304393	1395.6832336725377	0.0	642.1634490137461	1414.3705286512436	0.0	680.1647241654271	1440.8582656935844	0.0	614.4800901961701	1448.6254350796698	0.0	549.1637917970723	790.1544263754257	0.0	546.5083748949487	992.3116059693137	0.0	535.2522251311748	1106.3841868104928	0.0	550.0891722792978	1242.2554806734192	0.0	513.9857433031108	1233.7287551272318	0.0	541.0270221200576	1187.6579164956752	0.0	643.3969398610535	392.83034478763363	0.0	640.1073240128337	249.49334025202796	0.0	639.8188769345617	329.9973183482909	0.0	773.1636246056877	436.3151964429936	0.0	812.5225613833136	650.1714925388482	0.0	804.7298709604951	759.643662650607	0.0	522.543751507005	430.5897788951146	0.0	425.45635791910684	615.3608755605935	0.0	381.9422821610078	729.0534860084878	0.0
52	1.7382999044890162	609.5372815970716	772.02530733067	0.0	677.9143923006916	799.8776630910561	0.0	665.4674239339332	1080.6815262400282	0.0	630.022090729776	1392.0036888651061	0.0	640.8993325980008	1408.288932955703	0.0	680.063760427783	1436.2950925835626	0.0	615.6908485390527	1446.4962108901013	0.0	544.4640923736413	787.0664725093746	0.0	544.8541578214181	986.4117687257154	0.0	534.5393847158871	1100.192440695084	0.0	549.1904950806763	1188.9588226247204	0.0	512.4074089895603	1209.2304698760993	0.0	540.2759509437483	1169.3299466527446	0.0	639.9031364724544	396.23911952794083	0.0	636.0667701348596	253.28222043756153	0.0	635.3759344503542	334.7492385078939	0.0	770.7558329423433	438.6186627428687	0.0	811.9581962459691	650.172618031535	0.0	804.4779352982018	762.6548289454443	0.0	517.9424115643804	434.4795225533035	0.0	423.2678443923542	615.8461642763441	0.0	378.9411380325412	732.3767561405924	0.0
53	1.7717287488061126	606.6593478841593	768.7253310857366	0.0	674.2566515428175	798.8471168072869	0.0	665.3647269769745	1074.848031905835	0.0	631.2811291886533	1387.5229195193492	0.0	639.9144778785022	1402.0124855083193	0.0	681.8351334436658	1432.1152096604183	0.0	617.9850205040877	1442.3608884072705	0.0	541.1711134999832	784.0087901795581	0.0	543.4405945674754	969.2018736832537	0.0	535.2125932246121	1081.4555840539206	0.0	545.3290190051515	1106.3153365221565	0.0	509.81074345237	1139.5178803448455	0.0	539.9114322762607	1140.9353692176176	0.0	638.0846550538134	397.98974669115273	0.0	631.7631469444042	258.522538918518	0.0	630.1518976060354	339.21947556167146	0.0	769.5675006519199	442.9171026648691	0.0	812.0718732442102	649.088699431273	0.0	804.3293273062626	764.764339567525	0.0	515.0896529174834	437.40271690972287	0.0	420.6484318642429	617.030806114278	0.0	377.5562316508879	736.6735653306754	0.0
54	1.8051575931232091	605.5361776246059	765.0808637602826	0.0	673.1575645671634	795.480779773783	0.0	665.7174619608097	1069.0050018790034	0.0	632.5216384970466	1382.4178086670695	0.0	639.9842414450321	1398.6253432478538	0.0	682.5542779028871	1428.7563509893128	0.0	619.9736106275586	1436.278454799288	0.0	539.219481178691	780.3365349781342	0.0	542.2368307454176	953.5459762839716	0.0	535.6129456344204	1059.7058644506849	0.0	536.0298024076087	1043.7842315660469	0.0	506.78956457202264	1071.3649545078906	0.0	539.6891384889358	1107.8712108719103	0.0	635.7939089084638	400.78989117039896	0.0	627.9404241425024	262.893865519828	0.0	625.8189168607543	342.5294437906326	0.0	767.4952058863657	446.6990544726407	0.0	812.1709924854143	645.874193197982	0.0	804.873561101583	763.7573294835908	0.0	512.8009823582349	439.2546397892478	0.0	417.88227384181795	618.6236198927214	0.0	377.041569664932	742.0254351266011	0.0
55	1.8385864374403056	604.6531895714714	761.6635582799612	0.0	672.770605485208	790.1277639967898	0.0	666.3620163773345	1065.3317118052942	0.0	633.5145383741096	1374.929261362554	0.0	641.806085580201	1397.9521192854966	0.0	680.8066919674209	1425.1895659306374	0.0	620.9583707003667	1428.0141373617992	0.0	537.3481003037849	777.5579981784141	0.0	540.7365190749824	956.046053142378	0.0	533.4867493545587	1048.5526707886424	0.0	524.7955864003358	1024.1448660367978	0.0	504.0006703374528	1042.860828688716	0.0	537.7942517271727	1079.6295850273466	0.0	631.3822794530603	404.6952214789244	0.0	624.8838539651449	265.3264385653185	0.0	622.9263963510061	345.5832639791404	0.0	762.5081629192962	448.230050012903	0.0	811.3474871032977	640.9669541479294	0.0	806.550050935544	760.5727169769649	0.0	508.89732476198463	440.80615331067906	0.0	415.87378174653503	619.2901856321181	0.0	376.67641004960296	746.9226900538242	0.0
56	1.872015281757402	602.5954454213804	759.8322696821705	0.0	671.0398524784239	786.5399067753146	0.0	668.0664847943323	1063.5519053657727	0.0	634.6816846271465	1362.4345776269784	0.0	644.4823033303096	1398.919775013688	0.0	678.5142790925435	1422.7648428615435	0.0	621.3140661231289	1414.5935586664289	0.0	535.1993218691614	776.3904137664978	0.0	539.024516189844	971.1390821101048	0.0	530.078673827256	1048.214259811242	0.0	517.6083112349413	1024.437858342351	0.0	501.44828632165456	1039.9762133896118	0.0	534.3579548665022	1066.1324018748644	0.0	626.0552485279062	407.10874850340883	0.0	621.3404379806325	268.05463777175646	0.0	620.3889365279234	349.11103139098105	0.0	755.7767086492213	447.99090041102346	0.0	809.410141827961	635.3504237008746	0.0	807.876965164744	757.6540251155424	0.0	504.01844189474957	442.040249959069	0.0	415.2348399404897	617.8157024955593	0.0	376.3973771797536	749.9517368252008	0.0
57	1.9054441260744985	599.2849978401379	759.5769941715048	0.0	667.8914262799351	785.4504274727706	0.0	671.9145697744495	1061.2813236701859	0.0	636.0845803810399	1342.217449389249	0.0	646.2444279380176	1402.8167354711604	0.0	677.7718936481217	1423.7849093803743	0.0	620.7093180596735	1391.1337281374722	0.0	532.9100818663269	775.5672980004185	0.0	537.6904135118759	981.3778301863791	0.0	529.3883759961443	1051.8671601010258	0.0	515.6806234080931	1026.04458479198	0.0	499.1974435400469	1037.7869214275001	0.0	533.0086178051284	1088.0139408839275	0.0	621.614852102032	407.5386327790054	0.0	616.6412757540356	272.2571938510332	0.0	617.5728889641823	352.8222075270858	0.0	749.6060925902494	447.2671734154956	0.0	806.5533166429224	630.0587081552297	0.0	807.4618254538117	755.9209986425027	0.0	500.21389223683286	442.2562129533108	0.0	415.52555218481996	614.2832342226887	0.0	376.43858086355596	751.2030255123311	0.0
58	1.938872970391595	595.3426568272118	759.3210016272819	0.0	663.909746832912	784.3002816550595	0.0	677.0960137681394	1056.6376756112331	0.0	637.2391939621072	1314.3424702368284	0.0	646.2383723108153	1411.2490740433163	0.0	678.3237585955853	1425.6331433898729	0.0	617.9842912095022	1358.0235286664306	0.0	530.6754080721402	774.3767314406746	0.0	536.669108217025	982.484313694547	0.0	532.1354552966313	1056.535708571685	0.0	516.4582545854287	1031.8818645645456	0.0	497.24083364863645	1031.9614026299191	0.0	534.9735345525322	1163.765993016624	0.0	617.8762091650572	408.85337113977437	0.0	611.8396463726348	275.38658512932784	0.0	614.9884803504037	356.28082884340307	0.0	744.1392691844031	446.6404956110436	0.0	803.1223576974443	625.7092011459855	0.0	806.125221916226	755.3219855065568	0.0	497.91928066226114	441.78998602946234	0.0	415.2707013273921	610.1131896483067	0.0	376.5314263000531	751.5439720145757	0.0
59	1.9723018147086915	591.7112846379198	758.1165076228788	0.0	659.4756104580542	783.8144162524428	0.0	681.3039648217338	1050.5700131318856	0.0	637.3107954297245	1285.1018360232665	0.0	644.3354079112297	1419.3410337133519	0.0	678.6910417151296	1422.1211315518701	0.0	613.2768966934303	1324.574325935109	0.0	529.3469742276902	773.473896043161	0.0	535.8086550248357	981.0148112122765	0.0	535.505713916809	1060.1631715687345	0.0	518.2044473455913	1044.5071116077072	0.0	496.05253718772286	1033.777800825055	0.0	536.8194015779382	1263.9767295305658	0.0	613.9784780079892	411.24193641768056	0.0	607.6217477815784	276.4395476631368	0.0	611.9809202033019	359.95632573929134	0.0	739.320071720919	446.1708666839032	0.0	799.7348923608379	622.4880060258447	0.0	805.4306329957495	755.1451628230442	0.0	496.16006834818467	441.75620644778746	0.0	413.8478819667737	606.8616776074684	0.0	376.36856039193697	751.3864089818451	0.0
60	2.005730659025788	589.7356109850929	757.2091462647453	0.0	655.6285976187037	786.1305928445255	0.0	683.2930883209539	1045.5214150214038	0.0	635.9070144528348	1263.4315281622362	0.0	641.8163986048327	1417.900544471654	0.0	678.0430782780203	1410.6840523853407	0.0	609.0600427658896	1301.8388980591644	0.0	529.2579514253212	772.8334682143575	0.0	535.3766072444165	980.7606628846835	0.0	538.0548745492029	1059.7371338858131	0.0	519.884888079345	1059.2800167589614	0.0	496.7654794810072	1062.138889266879	0.0	537.1974376173338	1328.8915248812702	0.0	610.5179500476435	411.30453905199	0.0	603.6213035176046	278.95446291762295	0.0	606.8875359313196	363.5944191171773	0.0	736.1855454825162	445.88953412237623	0.0	796.7761726405131	620.2984030641967	0.0	805.2755321234574	754.2506962912638	0.0	494.4108694109393	442.44621234791924	0.0	412.3114979692735	604.8994956252965	0.0	376.2891900310055	750.695716302171	0.0
61	2.0391595033428844	589.6769877676376	757.6130645662696	0.0	653.3523269517116	788.3875123168931	0.0	683.2808161512647	1041.690173782839	0.0	633.8618736875235	1252.6368915017915	0.0	642.0070832518937	1405.101622411659	0.0	677.3555225246862	1394.4851304170536	0.0	607.3633832606364	1293.4449250640987	0.0	529.249550707145	771.039308843408	0.0	535.4121774454647	980.3570542410812	0.0	539.4533468312133	1058.078278087266	0.0	520.1456095853155	1067.0572909017294	0.0	498.45989115238257	1110.8497298580278	0.0	538.1316712368186	1340.3576907236748	0.0	608.4271715641883	409.6148704818774	0.0	599.9518147163875	284.4963793822284	0.0	600.7297570947649	365.23914562039226	0.0	734.4923469007318	445.9673006019944	0.0	793.9646505621403	619.1463293224932	0.0	804.5340180574407	753.0754384956772	0.0	493.05892239576315	443.2619213072809	0.0	411.5296223911891	603.5808415901273	0.0	376.45043950005976	749.596902060784	0.0
62	2.072588347659981	589.9955408678439	758.1296573745013	0.0	652.4100350824764	786.737339802157	0.0	681.6295605194589	1037.3402828149942	0.0	632.568495018167	1249.4806254442076	0.0	646.9259276805454	1387.0623051488014	0.0	678.4081371504645	1377.99699177736	0.0	607.8515493139072	1294.5189462811882	0.0	528.3596286248064	767.5249308805647	0.0	535.6428231118629	977.9668652117559	0.0	538.6084270214644	1067.5709943901	0.0	518.618227213472	1066.2298854054839	0.0	498.5620195796243	1128.1957642534005	0.0	538.4133233140149	1323.4805105405485	0.0	607.3340784500044	410.5081445092696	0.0	597.3358327701904	289.44696493525305	0.0	596.6981814633275	364.2297826435455	0.0	732.5783430288191	446.4751254129074	0.0	790.6599952342835	618.8251086267297	0.0	803.2108439238012	752.5954854015756	0.0	492.45875910962206	443.38772450012186	0.0	411.363703596021	602.5827738213857	0.0	376.14276397080374	748.8712225722531	0.0
63	2.1060171919770774	589.5964290891803	757.777154766619	0.0	652.0375816320792	781.2806830549234	0.0	678.7367090387198	1032.4640465590985	0.0	632.6564137881219	1250.7312529166604	0.0	655.0906305670984	1367.0435570875234	0.0	681.2454770475142	1362.0487411104418	0.0	609.86017478081	1298.4730775685625	0.0	527.0465714661776	763.7412976934041	0.0	535.8770360023119	974.6679307973606	0.0	535.7132561329174	1092.2827302728633	0.0	517.8185920518936	1084.490225289301	0.0	497.2883268593776	1106.140722854613	0.0	534.9314775146659	1300.9702849984583	0.0	606.3173811372371	414.0763869884802	0.0	595.7934790755808	290.6806066631774	0.0	595.3683918735576	362.6194042296298	0.0	729.6520619573151	447.0717052813374	0.0	786.6518073383598	618.0264470171899	0.0	801.833011024424	751.606031621122	0.0	492.35156536137583	442.9139220133225	0.0	411.7901502695768	602.0327799859698	0.0	375.2575641838454	749.503817431679	0.0
64	2.139446036294174	589.0633631568975	756.3433848825673	0.0	652.0259404475646	774.2580758028562	0.0	675.6431361001615	1028.8872846211407	0.0	633.5727684224711	1255.4657767135934	0.0	663.1887703911348	1343.3543661757383	0.0	683.9388949103487	1344.2312457957692	0.0	613.3839050145782	1302.0860539583705	0.0	526.5657511037246	761.0833361318587	0.0	535.7885139840607	973.8843339303995	0.0	532.2874856827142	1116.8285126382564	0.0	521.9956181669583	1152.5791588151756	0.0	498.2154587032517	1124.2293453877219	0.0	529.0884091329802	1282.7994342435345	0.0	605.0580824645834	416.58952947702466	0.0	594.7222969591701	289.0416652782646	0.0	594.7995278899485	362.2633245033673	0.0	726.5632262676729	447.38539596947913	0.0	782.570524824843	615.285332112054	0.0	800.2241444493178	748.802600025439	0.0	492.2609523011367	443.3845015992174	0.0	413.19840675665336	601.6122299365607	0.0	374.99436519072407	751.0615769886614	0.0
65	2.1728748806112703	588.9996125253873	753.5032907071809	0.0	652.6624914753381	768.3304797570413	0.0	672.9505182673821	1027.3934216357443	0.0	634.7057165298969	1261.6931296864955	0.0	668.3648019656571	1316.6881524748023	0.0	685.241882370332	1323.9725371744973	0.0	617.9086901172619	1304.683114967456	0.0	527.7390449103439	759.4135337176061	0.0	534.8473440700596	977.9891116063164	0.0	529.11985458791	1141.4191538473428	0.0	531.4769788582876	1246.0404645828103	0.0	503.0777608388349	1210.4042659375327	0.0	524.5583667274029	1272.6355856851915	0.0	603.8675253558915	416.6929475237822	0.0	593.9390711781124	287.2639903559123	0.0	594.3193948460589	362.99191885099157	0.0	724.4314202425135	447.45174659715695	0.0	779.416405899509	611.068010788113	0.0	798.6313456976001	745.679382365577	0.0	492.0251157287762	445.74521020490454	0.0	415.3142461872993	600.9204395141419	0.0	375.60687887127887	751.7842697622933	0.0
66	2.206303724928367	589.223175723618	750.8753693548944	0.0	653.6855331177613	765.1885147697881	0.0	669.8727017984858	1026.6362301884658	0.0	636.587140944601	1265.4282018915471	0.0	669.929461515595	1291.003769763769	0.0	686.4368994145321	1303.9552914734718	0.0	622.790481145634	1306.54702182619	0.0	529.9177598770293	758.5474152741915	0.0	533.4778432483319	984.0779828890235	0.0	526.7710165802177	1181.6124846395155	0.0	541.2091237016186	1306.7409501529287	0.0	508.9317671865863	1290.5188426151738	0.0	522.806775583951	1270.040693155782	0.0	603.0603836994594	415.7613134350188	0.0	593.4867695703259	287.11675710424277	0.0	594.5166548887161	364.6508557288592	0.0	723.0167886490228	447.48333329021835	0.0	777.769081080711	607.5670763694745	0.0	798.0305560232337	744.2703996079997	0.0	491.87861242655845	448.5845152768421	0.0	417.0489837377995	600.1795981803126	0.0	375.6821574672618	750.7448723223721	0.0
67	2.2397325692454633	589.9107289648312	751.0283162718955	0.0	654.4296724983083	764.5400231585273	0.0	665.8759897122612	1024.9525634331408	0.0	640.2174353523139	1263.4920780907612	0.0	669.2138826247445	1268.0303848425963	0.0	689.4559895812208	1285.6584417843899	0.0	628.3868115452627	1306.6801931554037	0.0	532.0506934888507	759.0460693951436	0.0	532.924238282988	987.8604356355293	0.0	525.9067176884522	1222.7924097276532	0.0	547.1230578242539	1319.2817217650036	0.0	512.765598488086	1316.6391868597777	0.0	524.0187087729938	1274.4341230116597	0.0	602.5690382435579	414.98668073783244	0.0	593.1615106897511	288.4040123507655	0.0	595.1320984746073	367.59284540345357	0.0	721.3619674609547	447.57754943261074	0.0	777.2362052701529	605.7926005338126	0.0	798.3563727847452	744.1738015156334	0.0	492.0396349950259	449.99169513114697	0.0	418.11265217910795	599.4788197521942	0.0	374.6134804375027	748.6137587873375	0.0
68	2.2731614135625597	591.5300585122536	753.2987841017948	0.0	655.2182653091713	765.0321643609549	0.0	661.8372499919786	1022.6299494790862	0.0	645.4725160216767	1255.6063339139212	0.0	668.2201855779182	1248.3317563583994	0.0	694.2278271875488	1268.0830167908387	0.0	635.1527720033978	1301.2911569884145	0.0	534.1385080295408	760.6596167893296	0.0	533.1664345803334	991.5538449622663	0.0	526.1403981804041	1243.1345198244512	0.0	549.3271097604488	1309.8463006484446	0.0	515.0832409281194	1308.0715324594096	0.0	527.540201464188	1279.463244869593	0.0	602.2549045146797	415.0982922734941	0.0	592.8435558466823	290.06978270195543	0.0	595.2615409844974	370.18006813818016	0.0	719.6788108055883	447.87608304674825	0.0	776.7638723361979	604.4403519268946	0.0	798.1320178878696	743.3450508242662	0.0	492.3089803632664	450.2808017064712	0.0	419.47936867548407	598.3801551111637	0.0	373.3296146040064	747.0239187349006	0.0
69	2.306590257879656	593.22321569389	754.8980147482469	0.0	656.3030119862898	765.43515274846	0.0	658.9868206728075	1020.8590206424306	0.0	650.7737023482593	1244.9923749499374	0.0	668.3809744298724	1234.2671789482433	0.0	698.7899624828254	1252.1404913429467	0.0	641.9274794203593	1289.489834737559	0.0	535.9144531929643	761.8382715128402	0.0	533.169363711467	996.6777757240853	0.0	526.4158867835739	1245.370727663363	0.0	549.2355540773123	1291.5869338958616	0.0	517.2633529269679	1285.2597882011266	0.0	531.2811213271391	1261.4265924021952	0.0	602.0699869524334	416.7656097497888	0.0	592.6506080837285	291.4579209300846	0.0	594.8372810937575	370.1674508164524	0.0	718.8065890749767	448.77349577446716	0.0	775.931773644174	602.5889133699841	0.0	796.528959849937	741.2650611694313	0.0	492.46618872118285	450.9526583282886	0.0	421.69417088133457	596.9746193283257	0.0	372.60614500375823	747.1369884528312	0.0
70	2.3400191021967527	593.4484989579989	754.8549941016724	0.0	656.4284849256964	765.3450471126305	0.0	657.633977422126	1019.5127252048845	0.0	654.3780910203365	1236.7714858746858	0.0	668.8682339874638	1226.8429958540908	0.0	700.2179068134112	1241.576254157584	0.0	646.613074255282	1277.9026650704727	0.0	536.5291923447643	761.4029314146367	0.0	532.9434914003396	995.5759180710616	0.0	526.5309388443864	1225.0987820479252	0.0	548.4509523662756	1253.0309413928924	0.0	519.2210037885043	1243.753561372328	0.0	533.6652312049671	1198.088986859343	0.0	601.9797138424881	419.8846217688656	0.0	592.9015022694451	292.54194334065807	0.0	594.9119678110217	368.35550257577705	0.0	718.9210933916182	450.6407449602399	0.0	775.2946708959787	601.1182819848838	0.0	794.5188245534337	740.3475505803043	0.0	493.05766695078654	452.3807635756524	0.0	424.2410830193327	595.9258731546574	0.0	372.5081892658347	747.6725441079151	0.0
71	2.373447946513849	592.589981631004	754.046286568792	0.0	655.1535413578945	765.0336043929426	0.0	656.9766825899994	1018.1439744024271	0.0	655.6281269020277	1233.556428923394	0.0	667.3182175091998	1224.2383152883326	0.0	696.5924162661305	1238.270978574904	0.0	648.4206962420892	1272.851808725631	0.0	536.4947165612884	759.9096493369985	0.0	533.3030794689429	984.4370602167608	0.0	527.333796721068	1167.3820397247134	0.0	549.5921723017566	1185.250847324119	0.0	520.8413941321091	1177.0394329181133	0.0	535.0584052115712	1111.0750225944496	0.0	602.2209902666424	423.3962276017633	0.0	594.0912696862691	293.60949680157495	0.0	596.2181765432902	367.52651869598105	0.0	719.7554292045697	452.9906690501161	0.0	775.2188753435827	600.3346919116708	0.0	793.42527174086	742.2440674936481	0.0	495.0767979366174	454.29108999531	0.0	426.7647387041676	595.4138245947685	0.0	372.949294040012	746.5690246201032	0.0
72	2.4068767908309456	592.629843481286	753.3965799553105	0.0	654.382884950863	764.8280093376594	0.0	656.2695477193301	1017.0448312808998	0.0	654.7984958737404	1233.4317754046065	0.0	663.129152789407	1224.2970441336165	0.0	690.355787943228	1240.0152928891384	0.0	647.8423547537104	1272.390868325957	0.0	537.0915367741696	758.8304841178015	0.0	534.4172315469787	974.1831616158144	0.0	529.414279606141	1089.547066040934	0.0	553.6709809670186	1109.2100849523072	0.0	522.9236465505865	1105.7154225430954	0.0	536.5300018972018	1051.259141064068	0.0	603.2166206038897	425.86077452592957	0.0	596.1218841940091	294.9767215379185	0.0	597.8747414566863	368.89671233404385	0.0	720.48826071566	454.56017626343987	0.0	775.5203518657098	599.2317265585494	0.0	793.4594240416654	744.470087206027	0.0	498.6180711340613	456.26800600814187	0.0	429.564615044039	595.2009968598996	0.0	373.9102371989771	744.254809536198	0.0
73	2.440305635148042	594.2757470179736	753.2718319257941	0.0	655.6454956170674	764.8094062771337	0.0	655.7480914141116	1016.0806113874877	0.0	652.7966386232553	1232.7353768843213	0.0	657.7979504828547	1225.9318686744766	0.0	686.0270109486148	1243.187131310599	0.0	645.6002294924506	1271.413438475255	0.0	538.6862740556805	758.8202499718692	0.0	536.0117332245195	973.8545393904341	0.0	532.0142972433757	1035.210382173672	0.0	557.8091187149407	1061.1248722601904	0.0	525.6245230316697	1063.7692601112485	0.0	538.3420125796238	1034.2820046351655	0.0	605.1187588760474	426.70016556279256	0.0	598.1085190225307	296.93349293815146	0.0	599.0836558891424	371.3086029574435	0.0	720.5692428023136	455.12083035448154	0.0	776.0265916700042	597.8144252024035	0.0	794.0387851801903	744.2407657046294	0.0	502.7419282594327	457.55813667214164	0.0	432.89069440620614	595.0466323856247	0.0	375.56777106143954	741.9473990587165	0.0
74	2.4737344794651386	596.3834262360355	753.8440356160557	0.0	657.850927756793	764.850488587707	0.0	655.8777589417018	1014.6793655100907	0.0	651.0677076283622	1229.969308457724	0.0	653.0493768561946	1228.3715200515392	0.0	683.835293970976	1244.8564991928297	0.0	643.2436928487516	1269.3264481135159	0.0	540.9283268022253	759.734179043146	0.0	537.9982580198075	976.5971222402152	0.0	533.6431695821749	1020.1974103624415	0.0	559.8816079503137	1048.9076986860644	0.0	528.4439619535985	1055.4817745777736	0.0	539.7013027016244	1035.6882098789886	0.0	607.7588347735748	427.13338068680525	0.0	599.7572855606664	299.6396366366682	0.0	601.0823560526476	373.368758286384	0.0	720.9843299736973	456.04581314007874	0.0	776.724497052985	597.1864235766614	0.0	794.6560749412544	742.8694937653751	0.0	506.84724613390335	458.3965212439845	0.0	436.45644669006924	594.8189048246917	0.0	378.2546437066215	738.8447183978441	0.0
75	2.507163323782235	597.9170648404111	754.7939760242475	0.0	659.0619788983671	764.8601371835854	0.0	656.6768478601282	1013.2921643834716	0.0	650.5148200814365	1227.2899619812988	0.0	650.1528766335038	1230.3467257657298	0.0	681.1545987863245	1244.1123264156222	0.0	642.3831036872729	1268.5729635417101	0.0	543.0639191387796	760.9603694938977	0.0	539.9866733336579	974.4172591533512	0.0	534.0573369063336	1024.1219205567277	0.0	562.0214421483114	1053.747519994544	0.0	531.3581697075364	1059.7532054162386	0.0	540.0291961295966	1036.3671963820148	0.0	610.7644090229322	428.7215328228101	0.0	601.7245741726769	302.81086617537954	0.0	604.8179305650435	374.88858777693184	0.0	722.8322089224591	458.2577575988781	0.0	777.5615282019224	597.4681866966703	0.0	794.9871295502613	742.2675664497642	0.0	510.983252617889	460.0014459899725	0.0	439.8980218820251	594.7818064225451	0.0	381.6287522297987	734.5043823807349	0.0
76	2.5405921680993315	598.9228373400255	754.5713008930996	0.0	659.1237364238041	764.8806677541697	0.0	658.1702387707618	1013.0572731217246	0.0	650.9741694070967	1226.9466644540103	0.0	649.1665089224476	1231.1608897881908	0.0	678.8877471574991	1243.2542892907236	0.0	642.8280158283992	1269.2738390527495	0.0	544.3896256043487	760.8491011125991	0.0	541.4098832790529	969.5985048873787	0.0	534.9342572083294	1025.3647389611333	0.0	565.6890953853165	1060.6069545156818	0.0	534.0003590131321	1062.2221081292587	0.0	540.2205095232442	1035.1523873534281	0.0	613.622473167571	431.255619244558	0.0	604.3418757058216	305.5714534896756	0.0	608.530147973635	376.0805408855399	0.0	725.7883354530671	460.8084928109425	0.0	778.2774329235796	597.7867435625252	0.0	794.7245628932034	741.0703161270055	0.0	514.8255372725187	462.2592908954818	0.0	443.56875990763615	595.0116922123932	0.0	384.50033210439705	731.2786029628477	0.0
77	2.574021012416428	599.9240752734291	752.6397523143248	0.0	659.1868837254289	764.9261597832417	0.0	660.3281198261064	1013.9108467892556	0.0	651.9449589198367	1227.4160307666655	0.0	648.8694218753166	1231.26238848736	0.0	679.6933482273963	1244.4906689600155	0.0	643.561699810283	1269.114130342502	0.0	545.0906981692091	758.7666673608841	0.0	542.2848858685236	965.049654759314	0.0	537.2582615104975	1019.4965499088569	0.0	567.952184748645	1062.953361600085	0.0	535.4726893729013	1060.2020623367744	0.0	541.2611120181648	1033.8004012334175	0.0	616.1035602983227	433.57604748410006	0.0	607.1859230341569	307.2298279724663	0.0	610.2973181643612	377.37512300433434	0.0	728.6138850784746	462.30181967376967	0.0	779.0458125863714	597.7694124100296	0.0	794.2156998343312	738.2812809728596	0.0	517.8401817061338	463.9790036674214	0.0	447.99892039064395	594.8599755720392	0.0	386.66102210938845	730.7778063588572	0.0
78	2.6074498567335245	601.6015687525354	751.3795159373166	0.0	660.1774534548077	764.7441117357284	0.0	662.47286657768	1014.5154697171519	0.0	652.9010423471992	1226.4546357401414	0.0	648.3672110806692	1231.3367485084284	0.0	681.8034542189222	1246.8032213477175	0.0	644.3666927769701	1267.4992003301338	0.0	546.3733801467138	757.0450206329951	0.0	543.165521228287	960.0842730915259	0.0	539.8154810611319	1013.6256414720564	0.0	565.4910245622661	1058.1919834228472	0.0	535.691818499136	1055.0106856177144	0.0	542.7758809410818	1029.7580588135766	0.0	618.6419223105066	435.616281123747	0.0	609.5821925040473	308.3407201330775	0.0	610.8381485835641	379.79687372301174	0.0	730.3323618030565	462.75279523811844	0.0	780.8199305179143	597.5419688470022	0.0	794.6959442516094	736.1341217995102	0.0	520.516690904579	465.23697099373624	0.0	452.75183217777294	593.8277209605315	0.0	389.5139282753991	730.8457546062469	0.0
79	2.640878701050621	604.370061748578	752.0077093574263	0.0	662.6852428649247	763.7720784433791	0.0	663.8022590392759	1013.9355005932213	0.0	653.4660462684428	1224.842858117168	0.0	647.7821258150336	1232.19160226774	0.0	681.5511785424493	1248.7696706793745	0.0	645.287707444563	1266.0088497469337	0.0	549.3463095618478	757.2342156722924	0.0	544.6939142856667	955.8579573872529	0.0	541.6896568320994	1011.0730816736054	0.0	559.7033291503383	1048.4536119764841	0.0	535.1346180558347	1048.1998323456924	0.0	544.3945100107724	1021.17485419388	0.0	621.629247789698	437.78473719393537	0.0	610.9834120746237	310.35229386474015	0.0	611.7473432517294	383.24246913274044	0.0	731.1679272987365	462.8708437829783	0.0	783.813273613418	596.8096204319779	0.0	796.8130096265903	736.0982693117685	0.0	523.9898607472975	466.7151217335985	0.0	457.2072747508114	592.1757585032308	0.0	393.6686852986455	728.9785540646811	0.0
80	2.6743075453677174	607.5734685725895	751.6973156484814	0.0	666.5321729690879	761.8782294758709	0.0	664.5051541419006	1012.6508658911542	0.0	653.837692006436	1224.0826796970025	0.0	647.4658384278282	1234.5660218117775	0.0	679.5711696332447	1250.7583300504148	0.0	646.0050623943504	1265.1684076672582	0.0	553.3024500684172	757.1630920262187	0.0	546.9090803201799	952.1513972452691	0.0	543.15038518609	1006.7890982576852	0.0	555.5768171252064	1037.3771229002646	0.0	533.2924162032612	1040.8628559529488	0.0	546.2611027156661	1011.8683126760872	0.0	624.5011780112021	439.6518934873176	0.0	611.393935987353	313.89553020193324	0.0	613.1399674223481	385.64925103077354	0.0	732.3433438125084	462.9618202531666	0.0	787.037596704165	595.0225193547287	0.0	799.6846266617436	736.2801670886735	0.0	528.281252965216	468.0877347593548	0.0	461.75626330121787	590.5134688339175	0.0	397.7922846518352	725.6159788541291	0.0
81	2.707736389684814	610.293420126154	748.702236594913	0.0	670.4539180573944	760.1728608397966	0.0	665.5421834994348	1011.6343042454611	0.0	654.458824188212	1224.1788207306113	0.0	647.5571988325529	1237.8561007365531	0.0	678.935328854175	1252.9817360826066	0.0	646.4015361891949	1264.3682819693288	0.0	556.4756808876507	755.1054196718151	0.0	548.8960580612874	946.3204090819781	0.0	543.9003419364307	998.6014538093306	0.0	554.7645530084477	1027.4279708401893	0.0	529.1421516600494	1035.5219665378465	0.0	547.4539749385235	1006.6077737932115	0.0	626.4822318311205	440.94178167755246	0.0	611.0780581574222	318.00332593718247	0.0	614.2244453020846	386.34881573067344	0.0	734.7113903056533	463.25145274128704	0.0	789.9793151913871	591.9943496219255	0.0	802.3168376680868	734.7358048338583	0.0	532.3314240538785	468.831786483063	0.0	466.73202375819045	589.0229117173545	0.0	400.6977684467294	722.5334903722548	0.0
82	2.7411652340019104	612.6034543692966	745.6422323072385	0.0	673.3607459589027	759.9827917506647	0.0	667.2993120147439	1010.6518508560539	0.0	655.1675015485329	1224.8279406044958	0.0	648.0130584300458	1240.3366922168395	0.0	680.2440261127254	1254.5184659819633	0.0	646.5894795401263	1263.7108948886512	0.0	558.4241341622317	752.9247229573649	0.0	549.7086099696335	943.1026169583985	0.0	543.4249248496384	991.6440023982378	0.0	553.5015052876715	1019.2483054982187	0.0	523.4411186783789	1032.5879977792883	0.0	546.5474939117075	1005.3720719746276	0.0	627.9459409318515	442.70781119255213	0.0	609.9008490695359	321.9025644901435	0.0	614.6124406343695	388.43221995479973	0.0	737.875594926564	463.46497164613316	0.0	793.1173591585673	588.1657956292239	0.0	805.2879550312492	731.9968577131987	0.0	535.8180756915996	469.08395817054793	0.0	471.4272131168649	587.0609727300133	0.0	402.7656435325247	720.6072157032804	0.0
83	2.774594078319007	614.9829728327024	744.5101790930016	0.0	675.3156323567063	760.9834554067427	0.0	669.2973907459772	1008.8310990353909	0.0	655.2277311429311	1225.7685809118884	0.0	648.4866779698119	1241.2619457483981	0.0	681.7564912765965	1254.9059661947094	0.0	646.2870727908689	1263.525008117358	0.0	559.9734322112306	752.144568235468	0.0	549.9372778398218	946.1470446476808	0.0	542.0233379959697	990.0397467532825	0.0	549.4291379647942	1011.755044494357	0.0	518.3316580847315	1026.7353144100282	0.0	543.983493279791	1006.0325909584582	0.0	629.9069158178187	445.7784608373852	0.0	608.1880584802573	326.38230602160866	0.0	614.5685762643891	394.2421228129443	0.0	740.5499345882104	462.8634239645463	0.0	797.2336648382659	584.0385098110419	0.0	809.7858756636122	729.4405409785362	0.0	539.5056144844464	469.15964319770563	0.0	475.02389878879967	584.4243833133125	0.0	404.85877012421867	719.6689527832226	0.0
84	2.8080229226361033	617.4671918390087	743.6680470080119	0.0	676.9956017900781	761.3699353990344	0.0	670.9840185936782	1006.5760534448294	0.0	654.3153023947182	1226.1906141434467	0.0	648.3738543999956	1241.0510162014016	0.0	682.2452625713435	1254.796463450356	0.0	645.298187440806	1263.5542550265652	0.0	561.7381927359163	751.0029691536741	0.0	551.9069540386835	939.8717633588458	0.0	540.5113351763625	992.4097793363483	0.0	545.8765108832711	1004.4314019961065	0.0	515.0694845912814	1014.8215343396218	0.0	541.8111978271917	1008.6177935472516	0.0	632.3526631986042	448.6607272140517	0.0	607.3600404023929	331.76557676762803	0.0	614.5238564792096	400.18558014398207	0.0	741.5316488498382	461.70605740349185	0.0	802.6550760496692	579.387779074324	0.0	815.3316311559063	727.4184814944874	0.0	543.8549651504683	468.76939102709633	0.0	477.2570036740059	582.556677451162	0.0	407.33636627427654	719.152203342461	0.0
85	2.8414517669532	619.7072610793471	741.5731355785348	0.0	678.788840555856	760.0062324610741	0.0	672.0035751732116	1005.0250706192467	0.0	652.9880292722657	1225.4650904476873	0.0	647.335336728317	1239.7615216921374	0.0	682.2114278387126	1254.6896555232065	0.0	644.1403860236899	1263.4424921535647	0.0	563.5965405830698	747.9484033738787	0.0	556.6052698622659	909.6946799448481	0.0	540.2503540999556	994.1688680358905	0.0	547.0578812875723	997.2224528177202	0.0	514.6637204657967	1002.3893134570958	0.0	541.2151651621377	1013.9199197357214	0.0	634.2360451185158	449.5193960658871	0.0	607.9207279442971	336.4124225157756	0.0	614.4935227158767	401.6992123550097	0.0	740.9162686538031	461.02927831576017	0.0	808.528042838314	574.6737002333184	0.0	819.9623201698024	725.6414773138149	0.0	548.0645436611716	467.58750792640325	0.0	478.5795455016294	582.9135798070694	0.0	410.1434608100756	718.7572262993132	0.0
86	2.8748806112702963	621.3383803216238	739.2845885065536	0.0	680.4171080771364	757.6852923402023	0.0	672.2512008105506	1004.2685676708311	0.0	652.069665525189	1223.7897567391149	0.0	645.900205834583	1237.6467053581378	0.0	682.6923795525252	1254.3445854730226	0.0	643.4259098930456	1263.103914489865	0.0	565.1286765147071	744.8302798616265	0.0	560.9694827558427	871.7283810689535	0.0	541.7829131359325	991.86559131208	0.0	551.015031038754	990.4530275272858	0.0	517.3747429928923	995.9174278300538	0.0	541.2618065488838	1019.6258231617358	0.0	635.1183905134264	448.9190899731143	0.0	608.0683682371447	338.62586757773965	0.0	614.1320284572383	400.48380094248336	0.0	740.0121073689434	461.13580556410477	0.0	813.6705730084003	571.7033578664885	0.0	822.4084727638904	724.396309240383	0.0	550.830187137302	466.5507093868861	0.0	480.03736401890296	584.9208729043929	0.0	412.63435304223447	719.1474788947496	0.0
87	2.9083094555873927	622.3393720458045	738.3038509203594	0.0	681.2551155925346	755.9360511116954	0.0	672.0822759760439	1003.6821929487655	0.0	651.7219929143565	1221.9352138495199	0.0	644.8813963911019	1235.9519948722138	0.0	683.7294572115657	1253.5942857267512	0.0	643.1271709379316	1262.6172027420587	0.0	566.2056005811426	743.9778321808479	0.0	561.7347330334685	851.5388237235895	0.0	543.580944436772	986.2807562788139	0.0	552.7544971439279	985.1343766167462	0.0	520.8466283671214	994.0460527197374	0.0	540.7905120575567	1020.7731076848227	0.0	635.5928336482305	448.22981043620814	0.0	606.0972247484576	338.7652542263838	0.0	613.3751069568781	400.10760736956314	0.0	739.6634947717963	461.47467881648356	0.0	817.9045634435693	570.9881710315211	0.0	823.026409584798	724.0678212659518	0.0	551.9776544330529	466.55447164808	0.0	481.8583249317923	587.3491686609079	0.0	413.78051718889776	721.3904640257268	0.0
88	2.941738299904489	623.0931989592286	738.4710206397754	0.0	681.2169406043603	755.411790480183	0.0	672.0056630841547	1002.9777529301595	0.0	651.3907629518665	1220.8503575482239	0.0	644.2401151286737	1235.4064992464814	0.0	684.2712950639426	1252.8062944011417	0.0	642.7530886827959	1261.842994485672	0.0	566.9899572233687	744.3643677265766	0.0	560.4118982042222	850.4160017333215	0.0	544.2800986180613	979.9864256189535	0.0	552.8232195397169	980.4646397783641	0.0	522.7382174051849	991.1472099778426	0.0	540.6683771794998	1015.8717903916568	0.0	636.0177942174907	447.866857864837	0.0	602.4340648910759	339.3235432128091	0.0	612.2645226645427	400.08261868545145	0.0	739.7495325992295	461.46421062448275	0.0	821.5468247318693	571.1574129964334	0.0	822.792485742095	723.5868740429461	0.0	552.5631838812766	466.67206418429237	0.0	482.9984793360982	590.4385404245104	0.0	413.7195324535201	724.7785973023102	0.0
89	2.9751671442215857	624.002868858361	738.5620308478633	0.0	680.9701311168379	755.6012299705465	0.0	672.0610471290198	1002.103347442334	0.0	650.8964566260655	1220.9549247349	0.0	643.907456991677	1235.606132020725	0.0	683.7758522138026	1252.4752512119558	0.0	642.0800790912997	1260.5695018434906	0.0	567.866922744775	743.7101837456966	0.0	559.9497993688984	856.992528994451	0.0	543.8590394849759	975.3292170423678	0.0	553.3155275380309	974.5834961343135	0.0	522.4871614825386	984.0898993171635	0.0	541.6531944589797	1010.5920782134018	0.0	636.2929336987659	448.02711366495964	0.0	597.8826121744295	342.1613019812257	0.0	610.2338679275488	399.5273719422444	0.0	740.1146731205057	460.97169390675003	0.0	824.6262747330366	571.4753659487886	0.0	821.9655985960374	721.4876933020697	0.0	553.5523756656232	465.98415586844425	0.0	483.0551419313296	594.5743810429267	0.0	413.96891421586344	727.2425188803101	0.0
90	3.008595988538682	624.9643866401667	737.6095995660315	0.0	680.9363286706696	755.8413380019188	0.0	671.8056676278034	1001.094522543605	0.0	650.5787495790817	1221.7229224845378	0.0	644.4319525335819	1235.9546983114192	0.0	683.3348906655546	1252.8829854880278	0.0	641.2769473496794	1259.2877047104778	0.0	569.2323360443617	742.354992741639	0.0	559.6736091943952	870.4894279521252	0.0	542.7275198502109	973.0520843900115	0.0	551.6153782153714	966.7100834488349	0.0	520.4596654643514	972.5133653211641	0.0	542.7842570997329	1009.3825809178951	0.0	636.5341019541322	448.9928853935532	0.0	592.3981846555866	345.93083917912224	0.0	606.7384931152974	400.93191959357955	0.0	740.7157277715095	460.3301385826266	0.0	827.1892697194426	572.3468864633562	0.0	820.0197867190993	717.8484604685724	0.0	554.8800124853204	465.68823274159934	0.0	483.11873236078173	598.855226493684	0.0	415.2835560801425	728.4431105999853	0.0
91	3.0420248328557786	625.6057563063146	736.3052348671025	0.0	681.0026624459963	756.4343281523636	0.0	671.2089191723095	1000.2699782657714	0.0	650.1147097380671	1222.3558412792588	0.0	645.3369906031539	1235.9332348553444	0.0	683.6457574747126	1253.7955336536659	0.0	640.4146851718195	1258.7033193657508	0.0	570.8214319258666	742.1981867983664	0.0	557.9459243767187	890.6951060315647	0.0	542.1662670871034	968.6335788844839	0.0	547.2965321206245	959.8092802205845	0.0	518.7041461495193	961.5771630482799	0.0	543.9563175434201	1005.3273349387288	0.0	636.6907694738334	450.6619570318398	0.0	586.8138571839412	348.5791449263395	0.0	602.5295944957068	405.7401677364608	0.0	741.2250534295262	460.28881940383553	0.0	829.3715116979997	573.8051221261169	0.0	816.7322487799173	713.3854579793039	0.0	555.8194161206421	467.20903067728386	0.0	484.08699401832666	602.4598828130357	0.0	417.04976005125343	729.5933899739451	0.0
92	3.075453677172875	626.0785132852407	737.1961446935464	0.0	681.3348443014058	757.6759449847319	0.0	671.0542520618401	1000.064081802676	0.0	649.0327326118997	1222.5350030318941	0.0	645.4035663985907	1235.3991236062332	0.0	683.7381358386529	1254.248435207529	0.0	639.6260797373541	1258.5931261808716	0.0	571.9482462383756	743.4869917335612	0.0	556.0486447223045	905.3957734762065	0.0	543.6042056980501	961.4066822957542	0.0	545.1016492079344	973.1401912402619	0.0	518.922819432777	973.7412293587348	0.0	545.8603041005321	994.4071459337064	0.0	636.5756563755905	452.4648648952517	0.0	582.8797343777986	350.2290051621867	0.0	599.0390866579181	409.86277742544996	0.0	741.6523918168444	461.74241458637863	0.0	830.9651500015244	575.7222663449115	0.0	812.39966647495	708.7272411653413	0.0	556.2621023824979	469.6425558615203	0.0	485.6297653548751	605.4296687149837	0.0	418.8985044934261	731.0956412517171	0.0
93	3.1088825214899716	626.7473136118012	740.9383569103835	0.0	682.0593647999065	758.7730124970622	0.0	671.8375690563611	1000.3751156999163	0.0	648.0649644493783	1222.3190688292077	0.0	644.7679056249142	1234.9140839658885	0.0	683.1669880215097	1253.4648516132759	0.0	639.3834800113709	1258.3683602701014	0.0	572.6556518412108	744.7500802267232	0.0	555.7163483089477	909.8681792625682	0.0	545.9921633371773	972.765550259782	0.0	545.2355866333907	1033.1630154034515	0.0	518.7720500502013	1036.045953480242	0.0	547.9663938017384	999.9386586110769	0.0	636.5144733893981	454.0684631339664	0.0	580.3190830303863	351.58029180301685	0.0	595.8658766071231	410.34262347507996	0.0	742.4843161845463	464.73365072524535	0.0	831.4962411516317	578.5152421798364	0.0	806.8842056008708	704.9116508509836	0.0	556.8145508219048	471.4652046385444	0.0	486.90450567824945	608.2093283193524	0.0	421.0979426457261	732.503690615714	0.0
94	3.142311365807068	627.4061321023069	744.3443715860184	0.0	682.5972527810893	759.0090696412514	0.0	672.9803504510796	1000.3188180662414	0.0	648.1082894657081	1221.8309799564988	0.0	644.3716652621349	1234.902104846498	0.0	682.4909840297327	1252.0796931044285	0.0	639.820026419593	1258.3412453139806	0.0	573.5984340071301	744.9401317515228	0.0	556.1730937722095	916.5210528357053	0.0	546.1425575489228	1027.632614318436	0.0	541.7657260928664	1123.8516091283072	0.0	514.8112165140805	1129.906745996483	0.0	548.9780344964714	1050.5081789475894	0.0	636.7218381274876	456.15797235342643	0.0	576.2547758544237	352.7511694260563	0.0	590.5766251913412	412.16177755693616	0.0	743.4284006936858	468.12956374263456	0.0	830.6178348051637	582.3524545627466	0.0	799.406036402496	702.4374844614358	0.0	557.6887055868843	473.1328793355655	0.0	487.4702368278148	611.2290810454243	0.0	423.45308792582654	733.4585318060243	0.0
95	3.1757402101241645	627.6338220843812	745.6158238254374	0.0	682.5860803883447	759.2281209505514	0.0	673.6860251299956	999.3995410380056	0.0	648.8290421027654	1221.1295018286503	0.0	644.7965064076895	1234.8823017931581	0.0	682.0253943027102	1251.144045161373	0.0	640.3250341469437	1258.8619407461672	0.0	574.7606685995896	745.1006277702506	0.0	556.1810686421527	930.696181901869	0.0	542.5485018519863	1106.4408102087682	0.0	533.8802205581409	1189.046715175812	0.0	508.27279251254953	1196.4821305507658	0.0	547.4961968194974	1127.713576678389	0.0	636.4580825323712	459.1194761196582	0.0	569.6034559000269	354.36636004723516	0.0	582.6459417025537	419.7627507604017	0.0	743.7702994424759	471.1810993031552	0.0	828.3404306839526	587.2354863436699	0.0	789.5883184577357	700.6977410259169	0.0	558.2599896460085	475.7064687896187	0.0	487.7215151955252	614.444421121659	0.0	425.4031444756645	733.704525995685	0.0
96	3.2091690544412605	627.3425930997961	747.261137667823	0.0	682.5007106507917	761.4483580691823	0.0	673.9084299480636	998.3522982659891	0.0	649.4179014667426	1220.2575892531045	0.0	646.2583298495307	1234.1522876909	0.0	682.1545924909644	1250.2002456527812	0.0	640.4444942936748	1258.801073328306	0.0	575.5846326809865	747.8601247008015	0.0	555.9405592588192	942.6937088035811	0.0	537.3130504025628	1159.229799511596	0.0	527.8391950941128	1204.6282298393594	0.0	503.2628336917739	1212.5965733287542	0.0	543.5163992256475	1180.9710478222637	0.0	634.5998006308761	461.5555194787013	0.0	563.8914798239965	356.9440568486778	0.0	575.2293990770744	428.5721824564197	0.0	743.5810165347015	474.3053083265189	0.0	825.049103769652	593.5666240177786	0.0	778.0383084164137	699.0037676466768	0.0	557.5265209597155	479.0474466814043	0.0	488.18582532046577	617.8643470138155	0.0	427.1544045726201	733.3457395675634	0.0
97	3.242597898758357	627.067790180292	750.8842693671704	0.0	682.8536948674029	765.7718674284976	0.0	674.0972842086467	997.9599253677283	0.0	649.5292076838756	1219.6243557134255	0.0	648.0982914767252	1232.7465856480858	0.0	682.7579326913906	1248.4450677271523	0.0	640.3846765050325	1257.3263543788948	0.0	576.3247758123747	753.4615182424517	0.0	555.7154835381391	945.8502640920389	0.0	533.6706037255937	1170.1524900198276	0.0	526.4151570794412	1193.7285777243299	0.0	500.9653787269399	1205.6779276528773	0.0	539.6913529021375	1192.9078960103575	0.0	631.3284396689967	462.83286450658915	0.0	561.4443686919444	359.92104191082245	0.0	570.6335405255826	433.2614483867443	0.0	742.7374826950145	477.58052569273616	0.0	820.7767167480495	601.304954555871	0.0	765.3869748112417	696.8917234380372	0.0	555.3792842855099	482.39202756752127	0.0	488.70930235834686	621.4458800706362	0.0	429.06027915922255	733.2011105258529	0.0
98	3.2760267430754535	628.4034751939362	754.2067222859787	0.0	683.8911572541365	769.0895535053785	0.0	674.4891242460352	998.351730142038	0.0	649.1414626534612	1219.909922374568	0.0	649.4044078633641	1231.340308109922	0.0	682.7876758692823	1246.84478957741	0.0	640.2901991467113	1255.691285131407	0.0	578.0191694655043	758.2668978544134	0.0	555.0141383609182	944.0365176202433	0.0	532.5874485870539	1162.2345422273547	0.0	526.7448430250014	1181.8947892595193	0.0	499.78180759775233	1198.7935890263577	0.0	538.3885173165272	1185.5014047652016	0.0	628.6326978255652	464.87458812274974	0.0	558.3056337898482	363.03165069304896	0.0	567.478697535528	436.3993579798753	0.0	740.5826254627359	480.243994362013	0.0	814.6870364429503	609.4420058816698	0.0	752.7193750834293	693.6946369943881	0.0	553.2743363398082	484.7533466573295	0.0	489.1408013278686	623.942116372816	0.0	430.12722991712457	733.9203979190428	0.0
99	3.30945558739255	632.5068997356453	755.097663677084	0.0	685.9183698489093	769.2074147817624	0.0	674.9301321192994	999.3640360673335	0.0	648.4426267991826	1221.1851556604454	0.0	649.6015408383971	1230.6461424929726	0.0	681.7903336070214	1246.7681504404816	0.0	640.2049470898663	1255.0739506950604	0.0	581.1149026353069	759.6265211526992	0.0	554.0433032506164	942.3578046785092	0.0	533.0461656762054	1152.8742764464366	0.0	528.5940412324225	1177.6442835985195	0.0	499.36464630132406	1178.5450328512072	0.0	539.291825909639	1176.1599746499674	0.0	627.7194118313852	468.4448023503993	0.0	551.0231568719793	366.72130346844153	0.0	564.4307419608122	441.44450166687045	0.0	737.677851072859	482.13292799643324	0.0	806.3284244093719	616.9771630174015	0.0	742.256175897378	689.0804967660986	0.0	552.3133918168206	485.63269764680825	0.0	489.85545950341407	624.6443972055067	0.0	428.97134990690273	735.3478309117962	0.0
100	3.3428844317096464	637.3943018591189	754.454286742544	0.0	688.5604692407652	767.62019501599	0.0	675.160352585549	999.9965328041468	0.0	647.7732443551969	1222.5494374938464	0.0	646.9879462257063	1231.1086643500303	0.0	679.8487142837826	1247.9884616772013	0.0	640.4568259212256	1255.1247456554268	0.0	584.7144323620116	758.7501936920038	0.0	554.4013128474802	940.4767676085635	0.0	534.9445624291684	1132.5817766655612	0.0	534.5719336594913	1176.083218209555	0.0	501.44438113788783	1119.2806250856815	0.0	540.8193656241485	1157.5718385305142	0.0	626.9731855439513	471.31338630365093	0.0	542.7474016446688	370.4540632113489	0.0	561.5599855802775	445.8059110580592	0.0	735.2034881125862	483.92105502986936	0.0	796.4034112312627	624.0887918788102	0.0	732.5366426347474	684.0813535676635	0.0	551.5888939766152	486.48795664152505	0.0	490.85965220261636	625.4423500691598	0.0	425.91669114639154	737.151027376744	0.0
101	3.376313276026743	639.9527093474546	754.3582979589393	0.0	690.5233423244191	766.5773303648152	0.0	675.1755501120057	999.2553120738172	0.0	647.4591112558925	1223.0157267819534	0.0	641.0317307251144	1232.5863783224047	0.0	677.1287657939577	1249.5144229915911	0.0	641.0023593669405	1255.310904592486	0.0	587.3781975842539	758.1777422534176	0.0	556.2378658445871	939.493590841543	0.0	538.0342922141447	1083.908229957594	0.0	541.169734072991	1170.1501924929635	0.0	505.8956597975431	1043.2341596963363	0.0	541.0951877411859	1123.1819628390672	0.0	624.4930421685337	472.0065863524584	0.0	536.9958449376219	372.94793197144435	0.0	557.7171782351342	447.65230701246315	0.0	732.6798575085234	485.925573951669	0.0	785.0934406129969	631.9707647212758	0.0	717.6806786331142	680.1569548293079	0.0	549.9889649564727	489.1611264025765	0.0	491.2689085922429	627.9481178720731	0.0	422.4303492802565	739.1789383622528	0.0
102	3.4097421203438394	640.5754056222602	755.634370691634	0.0	691.3412147631738	766.4185416055193	0.0	675.169558725309	997.9424930667799	0.0	647.9120433950199	1222.4862016772443	0.0	635.8901360955269	1234.1541747611243	0.0	675.1294991045517	1250.676427218435	0.0	641.5771287467504	1255.499656636784	0.0	588.6433505566115	758.9541475057925	0.0	557.0610860627604	942.8743187412637	0.0	539.1839109721825	1018.4614494718688	0.0	539.2750156145901	1163.6151261106936	0.0	508.3452436836363	1015.0621322366966	0.0	539.2187892861998	1089.271570845328	0.0	620.8744667623687	471.62094469067176	0.0	532.2849057456729	374.1494670272835	0.0	551.9867775938636	450.4189182770081	0.0	729.0095518766308	487.7893489767949	0.0	771.7674335144326	640.369037446962	0.0	698.7842721063658	678.4514891254371	0.0	548.1734280174451	492.55858877452897	0.0	490.62628626483286	630.6553424494329	0.0	419.3537346519017	741.0913287487555	0.0
103	3.443170964660936	641.8045145550881	757.452600773728	0.0	691.7340407235218	766.3621953523339	0.0	675.2144252692959	996.9273184177754	0.0	649.220241694902	1221.6179641843303	0.0	635.0713868208809	1235.0715151895492	0.0	675.6380181293347	1251.0699913699607	0.0	642.650859572758	1255.4735586973873	0.0	589.2087999504628	760.0556182241882	0.0	556.1201725743999	947.653983887006	0.0	537.0420973260328	972.5023118026056	0.0	527.8245391557932	1163.8075440205812	0.0	506.73010317529236	1047.5140396834295	0.0	537.2447907523364	1057.9555515282718	0.0	617.3530917276859	471.35906129020805	0.0	526.3650344755346	375.20463192398654	0.0	546.1480551435824	455.42887742783694	0.0	724.345490869229	489.2307834634278	0.0	757.7280426690295	645.8492872190549	0.0	685.6025409062441	681.7673502466685	0.0	547.3847217760082	494.06481618880895	0.0	489.9926677225328	631.8502391312634	0.0	417.15898386468604	742.6709936120545	0.0
104	3.4765998089780323	643.9616375903055	758.5666525829378	0.0	692.1584713083771	765.8707662848202	0.0	675.2929735648273	995.9715533097614	0.0	650.4265614539321	1221.0281101673158	0.0	635.7795824406678	1235.9198980262347	0.0	677.6836652659101	1250.8472658465669	0.0	644.4060918133217	1255.1385255074242	0.0	589.8480262122598	760.7207656221145	0.0	555.5967245261033	950.3207501963624	0.0	535.4428426661849	973.2435316582452	0.0	517.7728394978795	1168.1265132841181	0.0	505.60356876629726	1087.3271494172848	0.0	537.9420543127933	1014.7344869493271	0.0	613.5157408871568	471.2862446059812	0.0	519.7920174685368	376.7319781699074	0.0	542.1778467999517	459.073995230869	0.0	719.1095403278263	490.42387761839854	0.0	746.1301157525285	645.3538725185973	0.0	679.579473679822	691.3777700424279	0.0	547.3725281493466	493.8929535129305	0.0	490.15433675530824	633.0016319792716	0.0	416.21851573592676	744.8580726201997	0.0
105	3.510028653295129	645.5940258101155	758.6695626801666	0.0	692.7439363618852	765.500350292002	0.0	675.2382809714214	995.7604840101005	0.0	650.4458162408321	1220.821813427768	0.0	634.281602933745	1237.4750858564976	0.0	678.5393545601613	1250.5652707732959	0.0	645.6697414188312	1255.1354995406605	0.0	590.9465050907828	762.0102291668541	0.0	556.2435196516137	954.8771348194987	0.0	536.605849989213	1030.1681998754373	0.0	516.8442275257983	1172.1941696034316	0.0	507.7335794187098	1114.301245387895	0.0	540.7630315105384	992.8778251217617	0.0	608.905568901201	471.3466962107744	0.0	513.8440504822496	378.13364631420393	0.0	539.1421692265967	459.96906095644306	0.0	713.2171444451757	491.49591823522684	0.0	737.2752411310383	640.3523295070329	0.0	667.6330933416293	700.9576295446037	0.0	546.7776952671704	494.2686131901502	0.0	490.36321576147515	636.1159473595206	0.0	416.12566848221394	748.5240156044806	0.0
106	3.5434574976122253	646.3019244731654	758.2467945635949	0.0	693.6267672824237	766.0854008663046	0.0	674.6214751888297	996.8805283194457	0.0	649.6926138793289	1220.8281456299417	0.0	632.2415206961736	1239.0530590355454	0.0	677.6131163768887	1250.302228980194	0.0	645.3012570645946	1256.4225509836954	0.0	592.85246538253	764.2603127520672	0.0	556.6467207761327	963.7862148056637	0.0	538.6023793065367	1117.9327926898472	0.0	522.1910915749278	1178.4016173759912	0.0	510.68629616779896	1152.5917514521254	0.0	543.0283491224791	1040.2836585764326	0.0	604.4621506593265	471.7451566283709	0.0	508.15396294536765	378.7039941085088	0.0	534.6600219101495	461.07492641833454	0.0	706.4267408122264	492.0961345260663	0.0	726.1238216561668	635.0026644251298	0.0	638.1554508371897	703.3099986060535	0.0	545.4036446583209	495.4031797928284	0.0	490.2431568412134	639.7636517767279	0.0	416.1638556648304	752.1297933624501	0.0
107	3.5768863419293218	646.731711150882	757.5467898934728	0.0	694.450962323464	766.9223239830791	0.0	673.3590731867822	997.9878534279201	0.0	649.3665025862352	1220.9271759506523	0.0	632.0423875753747	1239.5080951611865	0.0	676.2246642211416	1249.5589355282575	0.0	643.6087606751844	1258.6806297247288	0.0	595.9285824813887	765.978384854511	0.0	556.0956740370974	972.6167349169693	0.0	539.2365637542116	1181.2938633573797	0.0	526.8031934666699	1186.96291520017	0.0	511.37159900854266	1194.7864919982667	0.0	543.4163403320955	1129.2834121748049	0.0	600.4327468233544	472.5442149388876	0.0	501.56652889353495	378.64011734716604	0.0	528.1860842178019	464.00816352967587	0.0	697.7394526424839	491.59845835380776	0.0	707.0730457775774	632.3960139216614	0.0	595.6253760260773	701.1257538201736	0.0	544.155335058632	495.9546393082743	0.0	490.2452107779827	641.4632254223852	0.0	415.90239655037993	753.3933139220503	0.0
108	3.6103151862464182	646.9609272443954	756.661265154851	0.0	694.5740834673785	766.8297601342821	0.0	671.9437980919762	998.1173816826191	0.0	649.5870977525207	1220.973527624313	0.0	629.901934917992	1238.7627836323895	0.0	674.079571994262	1248.0273791082145	0.0	642.0841695597629	1259.9964119617616	0.0	599.9326316934817	766.2986378354759	0.0	555.0966718939909	978.1000105814126	0.0	535.3888656384221	1198.267252036246	0.0	519.9666680383355	1194.0302654779066	0.0	504.2342956805623	1215.517236371852	0.0	541.4905321147287	1193.7709278727584	0.0	595.2463215318993	473.5137616340392	0.0	494.1982785876665	378.3212219531208	0.0	520.9638750373941	467.1115052797659	0.0	685.8145251923008	489.814720853206	0.0	680.4171484559937	633.5525848547724	0.0	556.7922774479453	702.7403469739844	0.0	542.6765077250056	495.55433700482274	0.0	490.16820364355846	641.4287379720523	0.0	415.2117077211418	752.5996260757197	0.0
109	3.6437440305635147	646.5093685216074	756.0856026229584	0.0	693.6741805647237	766.0334880011948	0.0	670.554458174661	997.8804129434393	0.0	649.7590153650825	1220.78708794323	0.0	622.4201368304689	1237.7753197868076	0.0	669.7146284826464	1246.2840966474519	0.0	642.158171187463	1259.1975280729948	0.0	603.700710211548	765.7826212387046	0.0	554.1367890623997	980.8721580414534	0.0	526.1385463937124	1193.6606193924529	0.0	497.142463931733	1198.397932750254	0.0	487.2857341920221	1218.165205241688	0.0	537.36807042741	1215.544559629197	0.0	588.0626445793432	474.4442287227697	0.0	487.0937392858431	377.57431606455543	0.0	513.8804076126688	468.8147998200393	0.0	671.141312781043	487.55751325098913	0.0	649.8328909675863	637.376292441724	0.0	532.9790086970199	711.6412250731787	0.0	540.2236472291823	494.72347913113066	0.0	489.6520688809474	640.9614129420495	0.0	414.568644512929	751.9045201535778	0.0
110	3.677172874880611	645.3435425011214	756.405143132682	0.0	691.681416999633	765.4536984388832	0.0	668.798766572127	997.4142577244284	0.0	650.0865689495505	1220.2477058038794	0.0	615.2645855180841	1238.1419120954354	0.0	664.724930982014	1245.6196647012068	0.0	643.9936494360011	1257.3204061096899	0.0	605.8244687439808	765.4370133561545	0.0	553.5281467861322	980.5059743683535	0.0	517.7309761978239	1189.5316336022331	0.0	472.8255306941609	1200.2595487003414	0.0	472.7710952212412	1216.164218100034	0.0	533.4489752829463	1216.535086889787	0.0	580.2977875004593	475.2461626252416	0.0	480.57240758767773	376.51036755417346	0.0	506.90769784799255	469.3917776761178	0.0	656.2876345266646	485.9435517377407	0.0	615.605962747149	641.3975120513047	0.0	518.7121565529889	724.5703165037356	0.0	537.9349621312293	494.253674280901	0.0	489.1436777308699	640.661123978489	0.0	414.44279560234844	752.6112096797021	0.0
111	3.7106017191977076	643.795817781934	757.8430730980962	0.0	688.6913509662829	765.4414634224835	0.0	666.3645393993479	995.9847715059225	0.0	651.2093034048896	1219.0642489353493	0.0	614.7228927937635	1240.7841394075824	0.0	662.8934186214476	1246.5719493367396	0.0	646.7363570563989	1255.6806893233422	0.0	606.0746331087643	766.0713326539286	0.0	553.7052608814885	976.4158983842681	0.0	516.4195718905908	1187.5034299856197	0.0	462.5553024441606	1199.18627132321	0.0	472.96786104042496	1212.8701587500095	0.0	532.09493700756	1213.0626743038556	0.0	573.5175269944159	475.7411821647282	0.0	474.32072688566404	375.8865831075145	0.0	500.0076480970655	469.9518765021878	0.0	643.3041206220302	485.3536971760077	0.0	578.3904532554536	643.9061742369834	0.0	502.48586046621244	736.1479428269904	0.0	537.0007741773967	494.843171214939	0.0	489.1189926469597	641.3096541409999	0.0	414.1627755752437	754.3357984939565	0.0
112	3.744030563514804	641.9371033207891	760.1133545957106	0.0	684.8728698077858	765.7116400126632	0.0	663.3312134473781	993.758167619963	0.0	653.069720598014	1216.7563980058837	0.0	617.6870936682816	1244.112029439028	0.0	664.4305782444253	1247.822402945092	0.0	649.9832500468297	1253.8894374931092	0.0	605.8933057975589	767.6814828041176	0.0	554.3249247721893	972.0574739992041	0.0	520.2686853527074	1184.6889786099769	0.0	462.6034046904308	1196.463923959403	0.0	480.36880473308526	1208.7121717842635	0.0	532.5587294562438	1208.9775722631848	0.0	567.506426086135	476.12385892868383	0.0	468.4111325012105	375.91089027219084	0.0	493.47137443917217	471.1676029519303	0.0	631.9622590729308	485.60864053036	0.0	547.9113107355188	644.9629915155979	0.0	484.44120190782064	743.215751507766	0.0	536.6766047004428	496.1013097542495	0.0	489.29209782012174	643.3428881563384	0.0	413.12653523088005	755.8148183447321	0.0
113	3.7774594078319006	639.4182463074271	762.3270026982941	0.0	680.1090663658015	766.1382958540482	0.0	660.3414876032385	991.8391337253373	0.0	655.647843023384	1213.7322513422778	0.0	618.8877380662758	1245.3944903817721	0.0	666.3657083062611	1247.9830139687024	0.0	654.2093878568271	1251.238092999379	0.0	606.1429713671116	769.5367085775333	0.0	553.8335706418425	971.2399803945652	0.0	522.7953921378668	1182.1273274581695	0.0	460.4910899055515	1195.3325190348985	0.0	479.4037492021907	1206.7901059656065	0.0	533.0097181412034	1205.2335373960336	0.0	561.4048814345795	476.9355377723008	0.0	462.79738927398665	375.9919357786643	0.0	487.2317105648506	472.74519236157045	0.0	621.2508793868853	486.58993006181953	0.0	535.4182336293966	645.526384584411	0.0	473.65869869211133	745.8906822570046	0.0	535.838904276418	496.8830187062316	0.0	489.2943723968643	645.7521352619852	0.0	412.47810586820236	756.3057138693678	0.0
114	3.810888252148997	635.9547406066366	763.5856580604353	0.0	674.3073492927721	767.0725241834615	0.0	658.2015526099044	990.5808238369361	0.0	659.856272864803	1211.4434157483001	0.0	619.1478343659109	1244.2908783857185	0.0	667.952501215089	1247.2197555138184	0.0	659.9076842596903	1248.580225749683	0.0	605.8706970561581	770.7695665210335	0.0	551.2326068472036	972.7970673389	0.0	520.8004330704484	1181.420739646468	0.0	452.2203077111556	1197.9953341899816	0.0	468.8591247939248	1209.8170863734263	0.0	532.5964758673671	1203.7428349840852	0.0	555.3053688486777	478.160399460501	0.0	456.35482255518355	375.9105724015936	0.0	480.7380019654048	473.89967608367505	0.0	611.0469347287495	488.18220077242177	0.0	538.0320339839712	646.1042524474357	0.0	471.2049750877184	746.0605271997655	0.0	534.5574654332426	496.8836561783132	0.0	489.50098662846676	647.0997283900036	0.0	413.2474292919814	756.0995577118522	0.0
115	3.8443170964660935	631.9340194398402	763.8867829043314	0.0	667.724271861497	768.4599747542936	0.0	656.6011693885798	989.5027919768992	0.0	666.3115781871638	1210.0880499913799	0.0	620.4295106699551	1242.6880806525576	0.0	669.3030694969303	1245.5770106625328	0.0	667.4230344216392	1246.4374925880957	0.0	604.8562421472288	770.9186082612198	0.0	547.2424072680689	973.4740207226902	0.0	515.6250305603345	1182.2559444629883	0.0	441.4001868994773	1203.572996480122	0.0	457.08146749224227	1216.3583565118406	0.0	530.8903904232853	1207.572023060207	0.0	549.4889434958611	479.1523664822865	0.0	448.1499264300141	375.96191464089674	0.0	473.66296701276815	474.4347831584826	0.0	601.5089689826946	489.8554146409708	0.0	543.1601507916525	646.1070763492133	0.0	469.1956958857912	745.5355584232929	0.0	533.3667483293913	496.74805759936754	0.0	490.21312157029485	647.0972562151101	0.0	414.48688717805015	755.5186232947473	0.0
116	3.87774594078319	627.7370157451596	763.9160267860223	0.0	660.5610300930349	769.5255981968991	0.0	654.2414811137355	988.5412970397095	0.0	674.2406123310881	1207.9755994616198	0.0	621.6436925293316	1241.665591794858	0.0	666.637812870783	1242.432003760204	0.0	677.3160084518393	1243.3113511959234	0.0	604.1737852089822	770.7307784760318	0.0	543.4703411479504	972.1968212051797	0.0	509.8571297689167	1184.001624771957	0.0	431.92969086352184	1208.552164999493	0.0	447.9979119195534	1221.9814111804474	0.0	528.7777530526346	1214.9028330525505	0.0	543.4373273987428	479.116203688933	0.0	439.19234180172464	376.0828887660121	0.0	466.19414176225786	474.638939075801	0.0	592.76754435533	490.87654153926	0.0	543.2472407070928	644.7961257812406	0.0	463.95068328411406	744.7976407859422	0.0	532.0618876789566	496.9909593884536	0.0	490.7761408938672	646.6842784903985	0.0	415.0641009502453	754.5003543493211	0.0
117	3.9111747851002865	622.9855640013609	764.2581103168209	0.0	652.9780158077414	769.7142972514779	0.0	650.5624894834463	988.0569197191601	0.0	682.4147112411983	1204.0863455676338	0.0	622.4320087844014	1240.7245612284355	0.0	657.5017903963021	1238.3100475343488	0.0	689.4567994096991	1238.4930874685137	0.0	603.5690737597149	771.3541887939167	0.0	541.3470248848687	970.1868273068451	0.0	506.1387014074845	1186.127954337012	0.0	426.81748224793256	1210.3370718464746	0.0	442.58306099637775	1223.7252647507535	0.0	528.3203176736256	1219.1296477861306	0.0	536.9220874447634	477.9140581455025	0.0	431.16859917371477	375.98097634395964	0.0	458.69926355325504	473.92555337560105	0.0	585.0824678425229	491.3818848149754	0.0	538.7504379952294	642.8254130796128	0.0	457.9640629234941	743.721190741883	0.0	530.4831305327223	497.25168163641825	0.0	490.9126910044289	646.6553795869397	0.0	415.1017224197357	753.5032802436243	0.0
118	3.944603629417383	617.1588200370255	765.2863684970405	0.0	645.1714502211844	769.3952630302994	0.0	645.8332208729083	987.9438035468193	0.0	690.0614301243413	1198.9359408237085	0.0	624.6940966469216	1239.063130074328	0.0	647.9323283450632	1234.173006722516	0.0	702.0884128694179	1233.1780824609964	0.0	601.4564987209696	772.4437761363833	0.0	540.8720857774924	969.7818944260829	0.0	505.0237080408785	1188.0598503787792	0.0	424.0699848006397	1211.3680930575285	0.0	438.73330159451734	1224.1717169873048	0.0	529.0409873727681	1219.2004313109996	0.0	530.5627325153123	476.6140199741262	0.0	424.2334233980313	376.00744207671084	0.0	451.14216349697864	471.392878721862	0.0	577.8599818260552	492.63835733207196	0.0	534.7292365807222	642.1387014344808	0.0	453.10565259121	743.8604137098151	0.0	529.4293692382861	496.7106650261235	0.0	491.7122030640548	647.0522356053038	0.0	415.12896490062076	753.762783923073	0.0
119	3.9780324737344794	610.018385250343	767.1161425532573	0.0	636.5657000330947	769.756572618508	0.0	640.1993897947747	987.709509978975	0.0	696.7643583603557	1192.8547198282643	0.0	629.7195824946128	1236.749352192894	0.0	645.5490793541529	1230.0901530862286	0.0	713.3849454557684	1227.003472574429	0.0	597.4289142377896	773.1831503937279	0.0	540.3332185475555	972.369392424374	0.0	504.1218927421446	1189.8230897237934	0.0	417.7193090851829	1215.3612631380229	0.0	431.4585137652181	1227.5180124037342	0.0	528.0554888132995	1219.2873771631373	0.0	524.544873380935	476.34275560499134	0.0	417.3024896167981	376.9559508802381	0.0	443.1808999644494	468.15593924578104	0.0	569.6330886880613	495.2819228731235	0.0	534.6224999330016	643.8641571467132	0.0	449.6100179495049	746.8801957694606	0.0	529.2128259453831	495.47464920324364	0.0	493.9805992613232	647.9223851790406	0.0	415.33541456049386	755.6538864265601	0.0
120	4.011461318051576	601.6102585889105	769.3230939156012	0.0	625.6731374084295	771.8354549254758	0.0	634.0668096619934	987.2273315778572	0.0	702.4126810832255	1185.8793893602233	0.0	636.479347606129	1234.7968096676746	0.0	649.8829327009985	1226.9603380790008	0.0	722.9294664792858	1218.106828700123	0.0	593.3617714753373	774.1613235417071	0.0	538.2125776268435	976.6040402916692	0.0	502.2768584446996	1191.3916146023917	0.0	408.61443728340083	1220.7747870199441	0.0	422.41244787117586	1232.412589773197	0.0	524.7046517970267	1220.448916574177	0.0	518.6227258397231	477.0971816799004	0.0	409.2592176817061	378.82054548309253	0.0	435.0071185745503	466.51174765192144	0.0	559.4869024721013	498.25139561988846	0.0	533.50171215049	646.745478938742	0.0	447.71613434976	750.5888174488157	0.0	529.1375558295831	494.49393677891953	0.0	497.07416666642325	649.2794417398331	0.0	415.4389409954752	757.6411734694818	0.0
121	4.044890162368673	592.4882207556627	771.6772580337467	0.0	612.6817894889759	775.2660167937147	0.0	627.5165291165165	986.6875933469041	0.0	706.6431218316106	1178.8631427894934	0.0	642.6169413228896	1233.8617185131775	0.0	655.2690368468266	1226.076446091866	0.0	730.0980584269054	1207.26066950627	0.0	590.8738685563607	776.1477529635312	0.0	533.8213061792694	980.0049083757999	0.0	500.03070814914275	1192.066004104518	0.0	402.16362182338133	1223.8370029472774	0.0	417.38710930139166	1234.9736535446027	0.0	520.7807838201682	1221.3326960292009	0.0	512.9618626453694	478.3483007249574	0.0	400.4951570492388	380.376757166775	0.0	427.20137485444286	466.69364786887184	0.0	547.8045707515773	500.78181031885396	0.0	525.4106504319038	648.9230898759891	0.0	446.52358898642615	751.9954099927045	0.0	528.9681316893891	494.2235350060416	0.0	499.8671510331212	650.7613172795986	0.0	415.07690378515747	758.2724932623798	0.0
122	4.078319006685769	583.4093149386043	774.5357304157855	0.0	600.9616851532508	778.4835358436167	0.0	619.1240458173554	986.1658495342386	0.0	708.4099486708036	1172.4406578819437	0.0	647.9768004496542	1233.7336581098223	0.0	659.4858631502486	1226.6581951054538	0.0	733.3124703222923	1196.9755264191108	0.0	588.3481332041154	778.5438376648669	0.0	525.9577654880031	981.7178644081113	0.0	496.06591960742963	1191.6993787899194	0.0	398.98900454962114	1224.5303664723072	0.0	416.5016124426341	1234.9040452731354	0.0	517.468494947316	1221.931112276963	0.0	507.58717617740723	479.80789914754797	0.0	393.76924039845073	380.2130226920043	0.0	420.15150755543124	466.77701830409404	0.0	536.2324396214489	503.6239326243921	0.0	514.9187401241784	650.5851242915617	0.0	444.6903593325757	752.0377467745969	0.0	528.8933045941181	494.4637840277111	0.0	501.81291268463536	652.381529930339	0.0	414.5394030541696	757.8916928901965	0.0
123	4.111747851002866	574.954960018433	777.3714365042737	0.0	593.3639492817216	780.3473066355376	0.0	608.0490683611968	985.7802778415329	0.0	707.3886174636178	1166.383298265745	0.0	656.3123837587549	1234.072039135614	0.0	666.2591958959181	1226.7155195167845	0.0	732.5207652587607	1187.7916770432157	0.0	583.8865514258442	780.1229227456586	0.0	515.3659208378981	982.627218389203	0.0	488.27782986363775	1191.6786970420806	0.0	397.37378052783384	1225.472016497376	0.0	417.0611802385046	1234.3013058183665	0.0	514.4461694411541	1223.0900833245628	0.0	502.30675720414723	480.9715722983371	0.0	390.7149431593732	378.0857539095691	0.0	414.2575538257581	465.3955835895515	0.0	525.9291741595684	506.8624690185626	0.0	509.6907965993892	652.7745175487408	0.0	443.86072496555556	752.511178456946	0.0	528.5736821346775	494.91845099479394	0.0	503.3930428992647	654.3225877345078	0.0	414.5745003490687	757.4136214257453	0.0
124	4.145176695319962	567.6545142014704	778.8164098347823	0.0	587.9072922193645	781.1053437194378	0.0	595.9893331639576	985.6326647873244	0.0	705.4112037536471	1161.743799720679	0.0	664.916468184704	1234.3069168924005	0.0	673.8128186388433	1224.7685796699004	0.0	729.7567791269275	1180.7624289564415	0.0	579.1669239361131	780.5343234336009	0.0	507.8480810718018	984.0801392784663	0.0	481.09338937606805	1193.1801831668306	0.0	396.20691986178997	1227.8681751438698	0.0	417.0290890367679	1234.7293641919387	0.0	510.0170348100812	1224.6398097430877	0.0	497.4491665342918	481.1380410689898	0.0	388.9782748834076	375.36209264693156	0.0	409.70165884505155	463.3185538931378	0.0	515.0216551660887	509.2362654451766	0.0	508.4873439792938	655.1214244084587	0.0	446.53264563368833	753.2885412742211	0.0	527.6875726717697	495.30216322475667	0.0	505.7114584876378	655.7812678541472	0.0	415.35294836223	757.1110262603044	0.0
125	4.178605539637059	561.1945548145058	778.9475339315504	0.0	577.0648307639563	781.8231767870112	0.0	584.102639756468	985.6141146513609	0.0	704.7780207355783	1160.7750077593032	0.0	648.0205678211363	1233.904253367053	0.0	656.3505176802383	1221.6693777086637	0.0	726.6764743542666	1179.56079363589	0.0	576.3265488922052	780.5606867959843	0.0	508.0836527696623	985.7888223219838	0.0	494.5117601833731	1193.440281889168	0.0	393.18721002791773	1230.4989098115996	0.0	413.02178836516185	1236.0704520402003	0.0	506.2338594662954	1222.826730151196	0.0	493.20711876391306	480.6995873800005	0.0	385.97686164670733	373.42112938682686	0.0	405.98358760819195	461.9074314406661	0.0	501.0345619932431	510.68520237952373	0.0	505.22078167466447	656.7369786639317	0.0	450.0322079823937	754.5305507662264	0.0	526.8136657989122	495.4073249769415	0.0	508.991984577251	655.9413040545363	0.0	416.1916997904965	756.9508451514953	0.0
126	4.212034383954155	554.0280755470998	779.1421820427743	0.0	554.4046025931249	783.2443373560452	0.0	570.30198588182	985.727739682661	0.0	701.5370566190214	1163.0617445665116	0.0	577.1341266619878	1233.5325214598759	0.0	583.8917204624709	1220.8872915413906	0.0	724.0726768181868	1184.114673121611	0.0	574.0406836118451	780.9566234472985	0.0	513.1788534499343	985.2112447195792	0.0	548.571132329713	1186.9397590359833	0.0	390.2907028302263	1231.5575424112744	0.0	406.7883848832666	1236.130806719796	0.0	519.6564770739668	1211.8152785360228	0.0	488.83501135862997	481.05321998223195	0.0	382.61790725233857	371.7849318267615	0.0	402.5178034185757	461.206994995574	0.0	485.32214872598536	512.5323722141625	0.0	498.11432165198073	657.3732363986995	0.0	449.2372534977867	757.030548430176	0.0	526.5750139355048	495.5936385323814	0.0	512.2716206928844	655.3629282753125	0.0	416.4626406477416	756.9517870893851	0.0
127	4.245463228271252	545.6345335030616	779.7616074289901	0.0	525.1955911101461	784.8722091167492	0.0	552.3709019652879	985.922935336306	0.0	677.6634333780037	1165.2425592046127	0.0	476.40261629259214	1234.179163353855	0.0	480.37886770536136	1223.6475022552895	0.0	718.8950599620241	1188.7271580067707	0.0	570.2445702565035	781.6182545974355	0.0	517.4183689869916	981.7536862499098	0.0	622.8329787111624	1174.2439941794858	0.0	405.28719620381423	1230.939673314342	0.0	419.09029415207124	1233.7371459082265	0.0	567.8707640001887	1193.70786491852	0.0	483.8873821988873	482.2949077157052	0.0	381.1128644774503	369.24970835558804	0.0	399.4502667902093	460.6527989032553	0.0	471.07859334962467	514.8340547233997	0.0	489.74638940284825	656.5949282872979	0.0	444.4345100278921	759.2867427171843	0.0	526.7685155071947	496.7656611591813	0.0	514.9201941995386	655.2673094528583	0.0	416.4766591466955	757.0784697009126	0.0
128	4.278892072588348	537.5780301687172	780.1323891996683	0.0	501.9993457438841	785.4178004140798	0.0	530.5913636550915	986.2134796764759	0.0	615.9309797387128	1166.8278674731691	0.0	408.4240238315829	1235.7020027730496	0.0	409.8665412016805	1226.9359468976036	0.0	694.3766287864408	1191.6102709320216	0.0	566.0522688045485	781.9758509290704	0.0	517.3138126265723	978.9120508076668	0.0	668.4417840235121	1162.641227633407	0.0	460.7770920110266	1229.9801017177315	0.0	477.0988727868553	1230.8326981941284	0.0	632.5141768360081	1178.6159747736933	0.0	479.32982592437656	482.5735359683087	0.0	381.9703195794452	365.98299728126483	0.0	397.4614372924059	459.4191362795415	0.0	459.62894461993386	516.3306689557014	0.0	482.7790609208823	653.7984341597617	0.0	440.87187730555024	757.6939551742852	0.0	527.5621186615087	499.120775029732	0.0	517.0545602385441	656.4306915548225	0.0	417.2508645046183	757.2545384499776	0.0
129	4.312320916905444	531.0634605880567	779.9551957359579	0.0	489.38294946818075	784.5542382473486	0.0	506.44426350458036	987.0846712840254	0.0	535.2445541453947	1171.966990704504	0.0	393.2421133125363	1237.5924844934616	0.0	392.2234247361135	1228.5335230619405	0.0	631.9081209299717	1197.7176731390148	0.0	563.2419045869749	781.80805704256	0.0	512.5906856864603	979.3121224536711	0.0	671.2797655251965	1153.611880380665	0.0	543.5713613742533	1228.3717218791132	0.0	567.3101356208183	1227.431155494389	0.0	673.1573053204044	1167.5078419733463	0.0	476.2779672240147	480.9536180855011	0.0	384.33807256565376	362.69340376280303	0.0	396.91824796261005	456.45821935695267	0.0	451.2286835543801	516.5313361920116	0.0	478.9999039356663	649.8440060586081	0.0	441.3483855604548	751.9786841829842	0.0	529.2957724282627	501.3834111699166	0.0	519.1226438728886	658.2910646984109	0.0	419.0647947951472	757.5107650950557	0.0
130	4.345749761222541	525.7457891832134	779.414724104326	0.0	483.2207020410535	783.1812664747064	0.0	483.37806530682207	988.3039654305483	0.0	478.73418667031194	1181.5829328315804	0.0	400.4776209467148	1239.4442344961442	0.0	395.19323665150125	1229.1980027127597	0.0	549.2309676621188	1208.4752519657757	0.0	560.7257717385722	781.2810372121684	0.0	506.90060264895607	981.4122378840715	0.0	657.1966643344767	1142.7077547484105	0.0	604.6746784062151	1224.4042676244692	0.0	635.125332161259	1220.903249655216	0.0	680.665364244651	1153.4238199117333	0.0	474.61279626618114	479.00286856322174	0.0	387.4241399694039	358.88635687986186	0.0	397.3656278112991	451.92293541124803	0.0	445.9302305067139	515.9952216159996	0.0	478.48370511995296	646.4971684135013	0.0	442.3309473159823	746.5283720964215	0.0	530.8566091624006	502.2047644289912	0.0	522.0317668928034	659.240535506452	0.0	420.9030875279089	757.6935030587189	0.0
131	4.379178605539637	521.340947339441	778.6309953565386	0.0	479.6937388438631	782.2168776675659	0.0	466.63968958197006	988.2437020352132	0.0	461.7107477413517	1188.6741724158214	0.0	405.4806761811524	1240.198262694875	0.0	396.6157461765431	1229.2712623265143	0.0	493.18190715655226	1216.5465604111248	0.0	557.2122893374998	780.4424475090251	0.0	502.8130326873646	982.5948909412925	0.0	643.9114340619325	1132.688032900777	0.0	615.9438579910423	1219.1553500281434	0.0	648.4989790224513	1213.4869074828573	0.0	671.8884914426432	1140.9574211201639	0.0	473.5173614816227	477.98103412166614	0.0	390.89972238240887	354.043123693096	0.0	397.87163738778645	446.88178018508887	0.0	442.626463963231	515.0981933289589	0.0	478.1162927223159	644.0102603269283	0.0	439.20691117447575	744.3350765879161	0.0	531.4486235047278	501.8814809091803	0.0	526.0775155236062	658.9839438984932	0.0	422.3634190020899	757.4210112366256	0.0
132	4.412607449856734	518.1886968193644	777.5904135103323	0.0	477.050733783352	781.9411507690671	0.0	458.31736568827284	985.8275453363998	0.0	474.91473495412356	1185.6495766624264	0.0	407.4799779951342	1238.4880800295175	0.0	408.3505933193664	1227.247295856543	0.0	489.43240325032866	1213.367989912866	0.0	553.7472762709368	779.6275973531795	0.0	497.81230426687284	981.8991380648685	0.0	621.0967363103669	1132.7723414243585	0.0	583.1674963551106	1216.6086490755501	0.0	614.0824213977787	1211.7655114303923	0.0	647.7431968424997	1142.8860674897487	0.0	472.4871465706017	476.87415107078897	0.0	394.1388846036576	349.4879410479981	0.0	397.75571129303034	442.2822027091258	0.0	439.9994311234144	513.4970773490884	0.0	474.73197791787567	641.7505489642822	0.0	432.8307565603479	744.4253170359103	0.0	532.1681307654698	501.5193664777076	0.0	530.2363125523832	658.8735144238682	0.0	424.7293676422032	756.7819952954443	0.0
133	4.44603629417383	516.0480345648604	777.0267411227061	0.0	474.3033226069736	781.9901490885046	0.0	456.1261533928452	982.6998646989647	0.0	513.3496478047962	1172.8042035915541	0.0	413.0085553499452	1234.199917510997	0.0	445.7741114896155	1222.1562325682298	0.0	529.1994099547802	1198.4964334556607	0.0	551.0997166699926	779.7126328265053	0.0	490.1849939635474	980.0396594180867	0.0	574.2549384466577	1146.007906986488	0.0	517.5533233140021	1219.3136942243684	0.0	546.391509976016	1218.0865192665956	0.0	599.275927048621	1161.6491979215627	0.0	471.602854913405	474.9937189577693	0.0	396.13750526163057	347.0836383968576	0.0	396.86953299508434	439.152507545397	0.0	438.36906268967783	511.37731982393234	0.0	469.8870450044499	640.34920939994	0.0	427.2878045997725	745.4648060608384	0.0	533.4133782940505	501.3193172020681	0.0	534.0904352322208	659.133838417124	0.0	428.7960313196635	755.9814058305183	0.0
134	4.4794651384909265	514.1705752505147	778.0332591922008	0.0	471.73940486716776	781.8853243256133	0.0	456.47889508746505	981.4446149023058	0.0	558.5187525683225	1158.0974241656104	0.0	422.3906708976191	1228.963669166273	0.0	487.54859697253806	1215.4721606953724	0.0	579.3100223820039	1181.4747806231135	0.0	548.6136100041678	780.6811043079131	0.0	483.6544711072064	978.5291393297018	0.0	519.6032555459977	1163.8593893547545	0.0	444.0199163924951	1225.5446625181128	0.0	472.8883271195592	1227.920672162421	0.0	545.0988335101292	1185.5609659087715	0.0	471.291162556009	473.62354993758987	0.0	397.0717601379077	346.64734832927246	0.0	395.7062628749801	437.6646685774906	0.0	438.52741449712005	510.19500838987693	0.0	467.7212916137991	641.066530341539	0.0	424.54309417938447	747.3025737178905	0.0	533.9250715766735	501.0769912478282	0.0	538.5036610645369	658.7701124948813	0.0	433.1170030296186	755.013732281056	0.0
135	4.512893982808023	512.8061129230987	779.6916490643108	0.0	470.445198233914	781.5979903448053	0.0	456.8591041357059	981.4329626359246	0.0	577.7160215028198	1150.1597648403094	0.0	429.61743621235456	1224.7468680858774	0.0	494.19979390852416	1210.0595771280161	0.0	601.3506442647757	1173.252018743035	0.0	546.6672971235591	781.2358060043973	0.0	481.5310104140073	977.8118697983776	0.0	490.5466035136533	1175.5649693874614	0.0	398.5883938578496	1231.1048083860858	0.0	428.9309248414878	1235.2797079100549	0.0	518.7392725001002	1201.9311848949349	0.0	471.7141015478206	473.55910687973204	0.0	398.8604054276642	346.33185985901093	0.0	394.93017864563603	436.46761777684696	0.0	439.71720487659604	510.7041339577035	0.0	468.6511578874038	643.4743863885498	0.0	424.17495312199674	749.093841175628	0.0	533.441781848362	501.1119996901469	0.0	543.6676316663285	658.1069472771611	0.0	436.2657720288488	754.6157041800639	0.0
136	4.5463228271251195	512.7682858582272	779.7677583398053	0.0	470.86694432823055	781.4759828770275	0.0	457.56120283286623	979.9699060952083	0.0	564.8591017745541	1151.4859777858667	0.0	429.9101925978192	1222.6243530101387	0.0	465.7021490862011	1208.0570626849003	0.0	588.6725258213821	1175.5343807531297	0.0	546.525776984875	780.8539746224635	0.0	480.95246388108217	977.0172673001649	0.0	489.6705554876815	1180.1893917053148	0.0	388.1306761200564	1233.8530656465255	0.0	418.8903385438802	1238.7171573888118	0.0	519.2415439066355	1209.2244046200515	0.0	472.53234469501996	473.9418560001309	0.0	403.31336609242237	345.31739619395165	0.0	394.14826449657534	434.97253503904	0.0	440.2002673616021	511.83065379304315	0.0	469.616217593629	645.2527634463383	0.0	425.0493810180848	749.0594512812136	0.0	533.3841377805791	501.5405741394993	0.0	549.1287317299942	658.0690094521688	0.0	439.6438844590269	755.2973955030482	0.0
137	4.5797516714422155	513.2474773280773	778.0525582471003	0.0	471.7363237201785	781.6142558568032	0.0	459.30179633872586	976.7784085597361	0.0	542.3986883799852	1158.204693515165	0.0	423.067969722871	1222.5182771582033	0.0	434.39113563708656	1209.9653911021608	0.0	564.9455387919908	1182.9303797892128	0.0	547.6951107393453	780.4509497181873	0.0	478.1679692200239	975.7904899600262	0.0	492.6971557565282	1182.765997852502	0.0	390.6597351543667	1235.0324093242123	0.0	420.2452518827467	1240.736078626306	0.0	519.8925841623964	1212.6586466362476	0.0	473.50384708149363	474.1938960566478	0.0	409.377584120188	344.28477383109106	0.0	392.86607514898236	434.2785940665053	0.0	438.94702814492797	512.4823498829741	0.0	469.07560327803327	644.9917971877868	0.0	425.97779772665814	747.0092292480597	0.0	535.0581662026503	502.12367706273886	0.0	555.1200959131628	658.3237765674811	0.0	445.7696123042255	756.3802366511522	0.0
138	4.613180515759312	512.12257513699	776.331568036706	0.0	471.13328879698156	781.7222133397404	0.0	460.3782814715834	973.9310474027563	0.0	527.4894026042215	1165.1827542027245	0.0	413.36894150978765	1223.779164751241	0.0	417.1279716768957	1214.4501336883477	0.0	548.659562720008	1191.6648884466422	0.0	547.8791542422204	780.7521630807852	0.0	474.58853272901945	974.801090799741	0.0	487.91287058449456	1184.7444991470288	0.0	390.94236582043845	1236.0891850889009	0.0	419.46355546900185	1242.54696149448	0.0	512.8270981293965	1214.8103585046103	0.0	474.9289938245458	474.72221254207693	0.0	413.8384626101551	343.60488282367663	0.0	392.7693130496372	434.33962455511045	0.0	436.9838476797074	512.6463447265113	0.0	467.8144394678926	643.3808295591188	0.0	426.6127982008962	744.7816198856958	0.0	538.5725414076306	503.01848477448254	0.0	561.927247684074	658.1908402836021	0.0	455.26961464726224	757.7481264830456	0.0
139	4.6466093600764085	508.98373077101974	776.0870559797194	0.0	469.21486943691554	781.9023594203916	0.0	459.86806899422095	973.3960172724511	0.0	521.8415794878665	1170.05413601881	0.0	407.0565312215549	1225.9601222383026	0.0	411.1640135222652	1219.0398566200347	0.0	542.2510573349687	1199.909821488563	0.0	545.616229478252	781.8002209441972	0.0	473.4257525276247	974.9592148449738	0.0	482.2622540025089	1185.0412378058486	0.0	389.41448405880203	1236.4000386922016	0.0	417.9824788595026	1242.8199864226945	0.0	509.2822619471824	1215.2534279597703	0.0	477.1855091531408	475.54282102689	0.0	416.08562773912814	342.9319169487463	0.0	395.7324935441502	433.476006518482	0.0	437.2107534433218	512.6666662935847	0.0	466.9918496805032	641.8689889686029	0.0	427.42796922951527	743.2667484307055	0.0	542.7017876875993	504.0646063099091	0.0	569.7068145761177	657.5031608926444	0.0	467.00700720325773	759.8517768897755	0.0
140	4.680038204393505	506.0307918640911	777.5631075258326	0.0	468.2554625375005	782.5401959471433	0.0	460.23941139280254	975.7628198821897	0.0	521.4052199973613	1172.8982890008888	0.0	406.73271502476877	1228.3154164128364	0.0	412.61825228387784	1221.6382133976615	0.0	541.6098339876564	1204.9080517312798	0.0	542.2057121465688	783.3516070980053	0.0	475.6512763046594	976.5147915013063	0.0	484.21474622449796	1183.9482227461006	0.0	390.45597268688897	1235.2156081066198	0.0	419.2672881744727	1241.1696135425598	0.0	515.2063339648171	1213.96877720745	0.0	479.86286365891453	475.8927769556169	0.0	418.9763569765406	342.15880765187677	0.0	400.1098834843904	431.41738044137685	0.0	441.0063151362429	512.7904005729804	0.0	467.0284547277407	641.5371695830793	0.0	428.25955364898454	742.0090310795823	0.0	546.1551850840231	504.430560036448	0.0	578.9519287086472	656.4358551198158	0.0	479.55861589051307	762.3530193685481	0.0
141	4.713467048710601	505.1837846209282	779.5916778506571	0.0	469.6694958524904	783.2641699952936	0.0	464.43513658235537	979.4312292795503	0.0	522.4822028600918	1174.115138191206	0.0	410.17520527728374	1229.9237856300872	0.0	418.69551537372115	1221.6360326954268	0.0	542.5514992059504	1205.451869113664	0.0	540.2286989848973	784.4340171049988	0.0	480.2012866321543	978.2982276377841	0.0	493.90841837321994	1182.640422283753	0.0	395.36708862122236	1233.5033136134912	0.0	423.6370657248033	1239.1288502602076	0.0	525.4511755765371	1212.2225755938905	0.0	482.0290087237379	475.54549959906973	0.0	423.9782725867435	341.52802927041074	0.0	403.08667554650043	429.81811548420274	0.0	445.66814597165126	513.0797505842224	0.0	467.18151562694675	641.5135320534649	0.0	428.0782306411827	740.9421746238122	0.0	549.085650715737	503.93250623332716	0.0	589.4254137749804	654.9023265324848	0.0	493.1278999481767	764.7731418006973	0.0
142	4.746895893027698	505.853888774255	780.4752990293317	0.0	472.20631877202914	783.1935754046991	0.0	471.89948633093553	981.7066178357317	0.0	522.8839734244038	1174.1507212876932	0.0	413.58459734084	1230.8248996881766	0.0	423.9903048300971	1220.239453753817	0.0	543.1417931353832	1204.0127500791493	0.0	540.5689932743802	784.0471850931428	0.0	485.1332568559484	979.0978793709436	0.0	504.5249429311661	1181.586105988351	0.0	401.23765287730964	1232.5838079824382	0.0	428.45337678175514	1237.840516317651	0.0	533.0284202959091	1211.0122246131796	0.0	483.6429603682379	475.0968913936402	0.0	429.0782574501468	341.1302875442536	0.0	405.18650730480914	429.95769672839657	0.0	447.834973144811	513.1719774492377	0.0	466.7230339084822	639.7748604955752	0.0	426.8230301709387	739.7797332560151	0.0	552.0910917338967	503.33150451536727	0.0	599.8819254202782	652.0222534069953	0.0	509.873871140722	766.8195757838934	0.0
143	4.780324737344794	506.69165381799894	779.4050828319781	0.0	474.03404894588806	781.7728141597134	0.0	478.8613682656359	981.3352556963611	0.0	522.2460121950493	1173.8253969919936	0.0	415.08751834570796	1231.5566959937003	0.0	424.778254754909	1218.9846450505706	0.0	543.7330454511992	1203.2695802887865	0.0	542.1377108432243	782.2205344922567	0.0	489.37176953139164	979.4006978597481	0.0	510.0745659807115	1180.5600736815418	0.0	403.7545961631903	1232.6883284183934	0.0	430.21518678366596	1237.3089149378952	0.0	536.0712651514041	1210.2080947398124	0.0	485.4801777498923	474.736192685765	0.0	432.45895133995606	340.9059646371752	0.0	408.55776449563285	431.1922281319434	0.0	447.6628364533107	512.6463553331334	0.0	465.70414601935335	636.7017937403729	0.0	425.77107654955114	738.1064463312362	0.0	554.6888144577504	503.13170798105386	0.0	609.427463217683	647.7269315154033	0.0	530.1682195629156	768.2067829455599	0.0
144	4.813753581661891	508.0040863729526	775.9973972102728	0.0	475.56078418458833	778.6230024948164	0.0	482.71732630731157	979.0301249365327	0.0	521.3216480613542	1173.5473395254676	0.0	417.00527834627326	1232.085416843883	0.0	424.55339680054755	1217.876926980829	0.0	545.0693358009851	1203.3092183578817	0.0	543.9150592489858	778.7450779825575	0.0	493.0534348615577	979.3009499302792	0.0	511.09515270047706	1179.5192581181095	0.0	402.96989417325017	1233.1707454280142	0.0	429.705617535804	1237.3781064880102	0.0	536.7972761544696	1209.663221392037	0.0	487.788537364624	474.098697981932	0.0	435.23107782941196	340.8147400114223	0.0	413.42967470232725	431.330414204987	0.0	447.31036888698696	511.74129357762666	0.0	463.70062291226566	634.5966906082195	0.0	425.3980791083702	736.5368356551279	0.0	556.4685732384285	502.7596355067449	0.0	617.9155041328454	643.5008427214833	0.0	551.4446740385523	769.1562472174879	0.0
145	4.847182425978987	510.87029527138094	770.4527676388583	0.0	478.13078500813464	774.3862184787313	0.0	484.17075022071356	976.3438060475537	0.0	520.6620182507716	1173.1960908103708	0.0	422.0637084941893	1232.1880975053512	0.0	428.55599029648886	1216.7588133157083	0.0	546.7882927493862	1203.4003392936006	0.0	546.3290540643789	773.3330420480833	0.0	496.3669667985243	977.4458998357728	0.0	511.41228070689186	1178.7824370325673	0.0	402.9360883492055	1233.8060977510488	0.0	430.80292019472637	1238.395674643982	0.0	537.1799427158323	1209.4420974539983	0.0	490.3074759739442	473.18357990235995	0.0	438.84068843431953	340.73940414679294	0.0	418.81473221781977	429.12378657013886	0.0	447.6335160946322	511.0254686337193	0.0	460.594139313114	633.94947480397	0.0	424.93211144316666	735.705077161913	0.0	558.4880173901364	501.5432901212306	0.0	625.5281656304837	639.7506536977638	0.0	572.3745198805029	769.5998578135252	0.0
146	4.880611270296084	515.2488004656458	765.2675002967245	0.0	481.46845354313007	771.4765358082154	0.0	485.17517316805555	974.7244131414393	0.0	520.9040182533505	1172.9014302541516	0.0	428.3113133449106	1232.1862016094428	0.0	435.43057519195753	1216.9693774748725	0.0	547.9538637793736	1203.5963833496492	0.0	550.3155919775877	767.9280418508495	0.0	499.43138295495646	974.1474528774281	0.0	511.7013914440471	1178.8880759153399	0.0	404.6777236280976	1235.1864068217712	0.0	433.2293645964007	1240.8132824603802	0.0	536.6689631048191	1209.3334279169173	0.0	492.7121407731956	472.5512945268543	0.0	442.39666042859284	340.4595201771431	0.0	423.81003570669003	426.2120946491979	0.0	447.7089073102969	510.82462125452207	0.0	458.40819232916016	633.4733730771402	0.0	424.17451617902657	735.1445537358386	0.0	561.6790421570014	499.97224505119226	0.0	632.6560354047324	635.3441882503315	0.0	593.75550946471	768.3281623333203	0.0
147	4.91404011461318	519.9332652777923	763.2435961872343	0.0	484.210638003335	771.2182154866056	0.0	486.8171258668734	974.5702161259825	0.0	522.5455942581317	1172.9207395418237	0.0	432.8680048886213	1232.5894809702602	0.0	441.05913459782204	1219.016126678721	0.0	548.3869190974216	1203.9572501242164	0.0	555.4266536778648	765.1307663612338	0.0	502.5155837521216	971.2244349062438	0.0	510.7128548326344	1179.9265702203852	0.0	406.28890750754937	1237.1335122799414	0.0	434.39475731586896	1243.802919961994	0.0	534.4577617635434	1209.431961449916	0.0	494.3728661746814	472.39264469828987	0.0	444.83080837052825	339.7616728776995	0.0	427.6573025650706	424.9121334346333	0.0	446.25690030894407	511.0937777253208	0.0	458.03842691586595	632.6739629030194	0.0	423.5441359294942	733.8840785939124	0.0	565.3960660719978	498.78874420214396	0.0	639.6304923467292	630.3127995028664	0.0	615.3802789980568	764.2751864484632	0.0
148	4.947468958930277	523.5315925861032	763.6815053102091	0.0	485.5843091375721	771.9535140432876	0.0	489.08362249450676	975.0066158330465	0.0	524.9305195435815	1173.1156529182504	0.0	437.83681941073775	1233.3874474011361	0.0	446.69520154325437	1221.0050844031991	0.0	549.0732389989948	1204.020500763577	0.0	560.1264327580559	764.7571565491949	0.0	505.7381492321438	968.9142530187154	0.0	508.6777689205791	1180.918667880222	0.0	407.85861450341696	1238.523478025365	0.0	435.21500044547787	1245.2471493936473	0.0	531.3738851109736	1209.8488989750324	0.0	495.02326558594683	471.89537290684876	0.0	447.27576343127924	338.74454646406394	0.0	430.81601703209725	424.9513137013929	0.0	443.0815286502729	511.08638795544454	0.0	455.89918779467786	631.5158353797394	0.0	422.5023308123992	731.8586558527793	0.0	568.5829684660553	497.92893262504305	0.0	646.7143418900527	625.7860198078962	0.0	635.8976316480939	757.5675427681753	0.0
149	4.980897803247373	525.7481057766661	764.1023516394438	0.0	486.0024361827315	772.0528175799949	0.0	491.58733600220927	974.9353552202499	0.0	526.974072664401	1173.102687422657	0.0	446.5097469802403	1233.7101482035544	0.0	455.7099403815477	1221.559013266746	0.0	550.83518517036	1203.7080704368263	0.0	563.7727534875917	764.9089454065132	0.0	508.93049886749895	966.4472285689683	0.0	506.36723198350035	1181.1428397801747	0.0	410.3886235766924	1239.1890806184936	0.0	437.77727762717996	1244.6575128622108	0.0	528.0194111148849	1210.155315231198	0.0	495.49067504754913	470.6536854714797	0.0	451.0235595397847	337.98312220890523	0.0	435.2532259717948	424.804359364405	0.0	439.5252771548342	510.54172338230774	0.0	449.6148790941085	629.8413772885343	0.0	420.50888591231427	730.226453625382	0.0	571.2822302487851	497.2739221287797	0.0	653.9994986997879	622.2278435073639	0.0	654.85965825505	749.3773515650809	0.0
150	5.01432664756447	527.5630113830728	764.1645279406132	0.0	486.6020341991132	772.1154960999294	0.0	493.9397439129485	974.4721118719525	0.0	528.1783081571818	1172.7113597844354	0.0	456.7109112127557	1232.6023254266045	0.0	466.082177624304	1221.654237943761	0.0	552.9553336288441	1203.8808069161557	0.0	567.0235003090977	764.7238045794849	0.0	512.1104147214891	964.4032668403854	0.0	504.48275150094355	1181.212367780587	0.0	413.0841439631821	1240.063607758423	0.0	441.6031392281271	1244.6602284741457	0.0	524.2951553043162	1210.3255129846798	0.0	496.45377976864626	469.60569852137735	0.0	455.34882239238084	337.6302456034807	0.0	442.0940666621998	424.2347383923394	0.0	437.35269998892977	511.0518240481834	0.0	443.36062166740413	629.1580417236978	0.0	418.62262017332677	729.3310536339225	0.0	574.7423418088233	497.0846681832168	0.0	660.9075078358039	619.5286837762231	0.0	672.6929865818637	741.7985010283863	0.0
151	5.047755491881566	529.6694221820374	764.5251097139583	0.0	488.04441139952235	773.0494600954439	0.0	495.8972427052308	975.0626307492843	0.0	528.4692260419671	1172.5758962464356	0.0	463.4104134635357	1231.0664671564484	0.0	472.53476955279655	1222.4225377231412	0.0	553.9089011432868	1205.1975782449817	0.0	570.3805832416518	764.5047301129439	0.0	516.2675574631986	964.0988320180601	0.0	504.210300556413	1181.5536121164669	0.0	415.5333209404599	1241.1637989609894	0.0	445.70689561128717	1246.5311808305955	0.0	521.4926307034389	1210.4985482994666	0.0	497.661644983299	469.34074606584784	0.0	459.27598958526124	336.99468898507075	0.0	449.907642114553	423.1332987602359	0.0	436.9383386494792	513.4383351217423	0.0	441.6564132553841	631.6003454295542	0.0	417.46424980542207	728.4703438059976	0.0	579.5977534148064	497.2900121314615	0.0	666.5948070384002	617.2378136711861	0.0	689.1156887790282	736.2713011514293	0.0
152	5.081184336198663	531.7462149029697	764.3793706348041	0.0	489.9428852681056	774.1801929018688	0.0	497.617129008944	977.1021313868913	0.0	527.7065388433589	1173.6377553538503	0.0	465.90990396314055	1231.638713617715	0.0	473.3149100202315	1223.5628063967768	0.0	552.7228730516221	1206.6076785077425	0.0	573.6781955656148	764.6938251132955	0.0	522.890689976684	965.0845048930722	0.0	506.67008550419183	1181.2570443950801	0.0	420.4272202513297	1241.2679738453098	0.0	451.76918587266937	1246.858893203668	0.0	521.8106998624442	1209.9735940347152	0.0	499.1319002953173	469.340556093673	0.0	463.32988555815433	336.06113805832774	0.0	456.95255946426596	420.8628212908391	0.0	437.3169106417278	515.6640831350854	0.0	443.3432208600085	636.3754581318732	0.0	415.7297300112723	728.5352335874701	0.0	584.6797796225849	497.40298867983296	0.0	670.8143648373181	615.0799729606815	0.0	702.6361561788115	731.6971126580904	0.0
153	5.114613180515759	533.7695003681353	762.8749884888624	0.0	491.9013442485999	774.0129392732704	0.0	499.41257426561396	978.4933622594889	0.0	525.7073965496473	1175.4667832963398	0.0	468.1495700696974	1235.2922216752638	0.0	471.8490496485036	1224.3683006845486	0.0	550.101491507728	1206.9113992549426	0.0	577.3276588357954	764.5673601129362	0.0	531.9423396987098	965.5104961116285	0.0	512.2145282650562	1179.4609015616838	0.0	430.4678671769659	1239.9082586765437	0.0	462.5032821346486	1242.9453353607628	0.0	526.7100719748059	1208.07860084767	0.0	501.2452519978148	469.21236252359165	0.0	467.9539238442475	335.7315425992717	0.0	463.8325931679837	417.9116398097895	0.0	437.8472667461476	516.139142881841	0.0	444.9900921838918	640.534793930298	0.0	412.39960887562404	730.9199519619837	0.0	588.7256499310362	497.2570486337813	0.0	674.3004894645056	613.7483530712587	0.0	712.5896306096854	726.7773643591515	0.0
154	5.148042024832856	536.5855260545949	760.9020789271528	0.0	494.13758707820284	772.1131854667648	0.0	501.43977386217097	977.7505028150445	0.0	523.475583642435	1176.8794971465795	0.0	472.73995216903006	1240.8056260599817	0.0	472.07548248980385	1224.8070138500816	0.0	548.5305875935622	1207.7119264365151	0.0	582.1126927965607	762.5438967789753	0.0	541.2487761953073	964.4019185978343	0.0	520.9177253592177	1176.9893426103956	0.0	444.4840202648778	1237.7148611390771	0.0	477.50921342878326	1237.2856072825273	0.0	537.0376835508062	1205.3824160040701	0.0	504.00184789240615	469.1235267662727	0.0	472.35997139492594	335.75842492069313	0.0	471.65404686038875	415.70322685675893	0.0	438.56836494595734	515.9210728880556	0.0	444.8915974736181	642.6815135131809	0.0	408.19207332321685	734.2035865389181	0.0	592.1361059008084	497.1747751855904	0.0	678.3714389922391	613.8871423646343	0.0	721.0054424496815	723.3857617569805	0.0
155	5.181470869149952	540.0738278100358	759.7835910064537	0.0	496.4066576972661	769.9532253221871	0.0	503.74040040659844	976.774159887691	0.0	523.506296058047	1178.1229428966894	0.0	478.5567393469072	1244.9969410497608	0.0	473.6992025481703	1225.1903598533447	0.0	549.2524239558282	1211.2247074476627	0.0	587.1676061350687	759.2666048322099	0.0	548.6941380472157	961.9059156277817	0.0	531.4662209057603	1175.3588993770923	0.0	459.3529788402261	1234.2673464375493	0.0	492.8445639458744	1232.223515449827	0.0	549.8333053384894	1203.573778844315	0.0	507.44936045515385	469.31464072817863	0.0	476.47214463168547	334.9111082053118	0.0	480.19866697038594	414.9755553056717	0.0	439.3432241796995	516.1974636483455	0.0	443.0667495079137	643.4083471952252	0.0	404.41632104814533	735.8603316862083	0.0	596.4240678841267	497.73392125466654	0.0	683.3386098320926	615.3662582917558	0.0	730.3448979066728	724.2058517926554	0.0
156	5.214899713467049	542.6613251201866	759.4923925306791	0.0	497.94416240869504	769.2486890451943	0.0	506.194732953133	977.6427821842096	0.0	526.5746540574245	1179.7432961009044	0.0	482.172703055341	1243.9733397624348	0.0	473.52890432879235	1225.3835982544	0.0	550.2154233838384	1215.4420512312604	0.0	590.5967799436921	757.720826659398	0.0	554.3628183598902	959.4827959408846	0.0	540.5183774047775	1174.2856095232762	0.0	473.3774502002064	1228.3233920756088	0.0	505.6763293862593	1226.0414967360464	0.0	558.9163641241195	1203.513908271697	0.0	511.57849559026795	469.53568542840645	0.0	481.7083094443109	333.41777158644885	0.0	489.46611218376216	415.151269758562	0.0	439.9887951893946	516.6121725487694	0.0	440.5379303537726	643.2143644628215	0.0	401.5975992177796	735.6669959533705	0.0	602.1128866861721	499.5711705163901	0.0	687.7929383834538	617.8871729782206	0.0	740.1354605280171	728.7247634231127	0.0
157	5.248328557784145	543.6496271388314	759.2521018564096	0.0	498.78992260080224	769.6931670181486	0.0	508.34593088076815	978.9231402719705	0.0	529.4161226312897	1179.9551215932001	0.0	480.1280596382488	1238.143006047421	0.0	469.6174366026828	1224.3570772944163	0.0	548.503674303314	1215.4097721932596	0.0	592.1229433993583	759.2473006571793	0.0	559.4128206535688	959.8265055440372	0.0	546.7070200880121	1173.15808944738	0.0	486.66038107997275	1223.487282057504	0.0	517.6394718688043	1220.821630833408	0.0	563.776133913994	1204.6551368287885	0.0	515.9007011964229	469.18165579388165	0.0	488.44922584125976	332.5670578687261	0.0	498.9620302884169	415.0336335519788	0.0	440.97828747077557	516.4802737067243	0.0	438.20136078153087	642.1484277870069	0.0	399.3335890766408	734.9246092216777	0.0	607.8604969035163	502.4343123987884	0.0	690.7522813452151	620.9690948065539	0.0	748.087145370345	734.2226294997847	0.0
158	5.281757402101242	544.2496777661939	759.1119785423678	0.0	499.98635548574146	769.8648209200016	0.0	509.4574108045058	978.0631159452697	0.0	528.4503946840382	1176.5153092043877	0.0	473.5548837055522	1231.80902587973	0.0	463.66610695630527	1220.7339611932862	0.0	543.5080781246343	1209.5442425562267	0.0	593.1967011658353	762.1629497639881	0.0	564.3653504904821	963.2515583757967	0.0	553.0657724202998	1173.7715204294948	0.0	500.6017304526965	1227.9952543993636	0.0	532.3632398802898	1225.1653539938911	0.0	569.9854964318655	1207.0982711425252	0.0	520.0278148472482	468.5572081696122	0.0	495.2599641471346	332.5209084294376	0.0	506.68815064739266	414.6719826712684	0.0	442.83012584208376	515.8174975987861	0.0	435.60241931725125	640.6651201546898	0.0	397.3016400883967	734.2588460540325	0.0	612.3131228550474	505.0523972363088	0.0	693.2034681726548	624.142914919875	0.0	753.3066659426332	738.4241301127103	0.0
159	5.315186246418338	546.0738747039338	759.8744361436445	0.0	502.5936545978796	769.5899022330614	0.0	509.35405401052054	975.3646223812892	0.0	524.8546009034607	1170.8826358334563	0.0	467.720635746572	1227.4657907684386	0.0	459.4199285123025	1215.4993721365481	0.0	538.219912314191	1201.886397790476	0.0	595.1483568129433	764.2097051127676	0.0	570.0988361591282	966.2937720152219	0.0	563.1156927664557	1177.00809012755	0.0	517.1125985714112	1242.125405865109	0.0	551.3947427280242	1239.7472369152085	0.0	580.0688507666051	1210.3099829230373	0.0	523.9419838663157	468.5596158057049	0.0	501.51069368567363	332.68545810779744	0.0	512.1034696155317	415.31610047400767	0.0	445.067589342668	514.8829346480516	0.0	431.9377086065353	639.1687571157618	0.0	395.7832398896511	733.8421721407922	0.0	615.8216653614446	506.84080225403625	0.0	695.8750276279818	627.1845332274905	0.0	756.228102318151	740.2641811757563	0.0
160	5.348615090735435	549.4091976746349	761.4520926861106	0.0	506.37108827552413	769.6697691873268	0.0	508.9437810456125	973.3652656085443	0.0	522.8546260324789	1167.033307433822	0.0	465.59005675978085	1225.3898316254886	0.0	458.2386925557577	1211.9855968295324	0.0	536.4378588336358	1197.4632035142436	0.0	598.3005020662491	764.8193109797835	0.0	577.8821779893972	966.707187128098	0.0	576.407211547035	1180.2884889024508	0.0	536.2035638975572	1255.410280203312	0.0	572.6494349634894	1253.0795739468574	0.0	591.0511613420633	1211.62301630299	0.0	527.8949360845813	468.83268474014255	0.0	508.48631489852164	332.8941580743635	0.0	516.8452269719049	416.90428867905274	0.0	446.65968241380483	513.6684482066686	0.0	427.9206761517502	637.8109988608	0.0	394.8681026272118	734.3055279984385	0.0	619.8093899568555	508.2194881729346	0.0	697.8650305745712	629.5873686738823	0.0	757.2142579968977	740.4089598486495	0.0
161	5.382043935052531	553.221057772004	762.7181156500518	0.0	509.8584790584667	770.3666214088666	0.0	509.10771591385173	973.3568044064054	0.0	524.056969206983	1166.6664347534709	0.0	466.3182480367508	1225.177155655029	0.0	458.7695245819377	1211.3168021480647	0.0	538.1868406086058	1197.3766937052176	0.0	602.3254489953362	765.0104556535341	0.0	587.7040432238769	966.0093183261074	0.0	590.1301921894402	1181.6263318217686	0.0	555.4078986490185	1260.8825790374622	0.0	592.4026571184992	1257.7262467627086	0.0	600.3156550218088	1210.2488231268826	0.0	532.1494879928773	468.5856042061436	0.0	516.9955084795132	333.0592280539215	0.0	522.2423688903023	418.02513064055773	0.0	447.3297948569422	512.2633965776082	0.0	425.16583548106405	636.9147142409674	0.0	394.15137037539523	735.6088752170734	0.0	624.9310051973738	509.23788780764846	0.0	699.048291449453	630.992260051233	0.0	757.2433811037481	740.3817412101787	0.0
162	5.415472779369628	556.3519409396679	763.1001154355712	0.0	512.219143638706	771.441684137961	0.0	509.85453300501877	974.1006156814361	0.0	526.4534238951962	1168.189616340945	0.0	468.29711704122735	1225.6342978559885	0.0	459.81395963801464	1211.818794250501	0.0	540.479211320317	1199.2090239601976	0.0	606.4003111637205	765.6875661561396	0.0	597.9355221480909	965.8796534575006	0.0	602.4971956697603	1181.5384692114983	0.0	572.7028688419531	1260.968121014375	0.0	608.8213507383148	1256.746082707082	0.0	607.9260362783697	1208.1510577049737	0.0	536.5035699792419	468.206338312162	0.0	525.6059278445688	332.7753315129245	0.0	528.3982597179149	418.2043838515865	0.0	447.9823280751779	511.13263528632854	0.0	424.0331473160818	636.2666003238639	0.0	393.31027811253676	736.4997355716961	0.0	630.3365673211131	509.57702678773865	0.0	700.7073233411078	631.9900681419645	0.0	757.8763713023194	740.5271996234561	0.0
163	5.448901623686724	558.3704709244893	762.9077288983524	0.0	513.8428745043359	772.7027072576817	0.0	510.7884511853713	974.0284560196242	0.0	527.6801864650699	1169.3922878443454	0.0	470.36195174730307	1225.7756892181183	0.0	460.78968022291207	1212.1790442199233	0.0	541.3912048950373	1200.4726880332923	0.0	609.4718683417843	766.8288441367782	0.0	606.5700590131138	966.1599905736921	0.0	612.7632642142481	1180.640836860642	0.0	587.8384980724082	1259.8131466005477	0.0	622.4612051985023	1254.6542452781641	0.0	614.1206746403187	1206.2191876914274	0.0	540.7183948508984	468.2542650122936	0.0	532.7126510106243	332.0091564392562	0.0	535.0122994878553	418.1590513493673	0.0	449.61212083251286	510.6122894160523	0.0	423.59555339030265	635.3086792768942	0.0	392.439679901205	736.5617880679097	0.0	634.961064149928	509.56390721825187	0.0	703.0172438736904	633.3720869766441	0.0	759.2868140436209	740.7097141618933	0.0
164	5.482330468003821	559.9295264861856	762.7147864619603	0.0	515.3858343823891	773.7263363202661	0.0	511.59671845561166	973.4292782366354	0.0	527.6286575870331	1169.6001910297878	0.0	471.74567556532793	1225.6364028535122	0.0	461.50671120663395	1212.0946497178397	0.0	541.7902868831302	1200.6279204849232	0.0	611.4877630650182	767.8616594013995	0.0	612.6547202018617	966.4120210132372	0.0	621.0944046334077	1179.4887075665072	0.0	600.52385091147	1258.7431505322054	0.0	633.8449958301387	1252.7548586313203	0.0	619.8056441282316	1204.6695567313018	0.0	544.8565936035131	468.40870403055106	0.0	538.7311268900155	331.463364003923	0.0	542.5911561819	418.127924015645	0.0	452.11995563650856	510.5304623040528	0.0	423.25033793839043	634.3578914181712	0.0	392.0872122546826	736.8124061143773	0.0	638.7578375998692	509.8591180174827	0.0	704.8841008034301	635.0868091340618	0.0	760.2622778210126	741.6418184557645	0.0
165	5.515759312320917	561.8802202062548	762.9623647754042	0.0	517.127863986946	773.9859241499324	0.0	512.2438009853246	973.5140225562596	0.0	527.7217839661747	1169.4645457109327	0.0	472.48395057631427	1225.690195714362	0.0	462.3137168905682	1211.851419152102	0.0	543.2294788859577	1200.5352362449726	0.0	613.4576512519557	768.2209826343795	0.0	616.1164192847524	966.6175987783489	0.0	627.87836705141	1178.8643590238978	0.0	609.9865081415364	1257.693602626723	0.0	642.590700909327	1251.0717379947487	0.0	626.0409795539177	1204.070780555539	0.0	548.8489988631413	467.7725155988159	0.0	544.6514986864428	331.11965857388435	0.0	551.3100858687571	417.2877922090296	0.0	454.9419719952745	510.4687862836142	0.0	423.13046356992453	634.1499863998131	0.0	392.69229477112003	738.0434692946993	0.0	642.2876369328585	510.44617101396426	0.0	706.0567952745529	636.5342470764261	0.0	760.2966921336442	743.5827623288002	0.0
166	5.549188156638014	564.0819992103122	763.5875941324728	0.0	518.9164605662768	773.6214073093988	0.0	512.8152323165474	974.3005624899909	0.0	528.0430592507529	1169.3905020692578	0.0	473.1898021434272	1225.9946134749484	0.0	463.32185779866427	1212.1948359038533	0.0	545.0271173768019	1200.7934912776434	0.0	615.9037790227185	767.9056885543494	0.0	617.4648997215105	966.5994766300794	0.0	632.4342244808216	1178.1583006611418	0.0	616.4793346107022	1256.291686412531	0.0	648.6092593535726	1249.464927238086	0.0	630.8410821404493	1203.4176777834916	0.0	552.6312638930899	466.0407611535746	0.0	550.183168624524	329.96000856971546	0.0	558.9601345584365	415.2736060130732	0.0	458.12625125581104	510.18515605927007	0.0	423.75186931602093	634.9286824848399	0.0	394.0033955725876	740.3779677195705	0.0	645.7856599785351	510.8878064036654	0.0	707.235075470571	637.4076894506023	0.0	759.9618624277069	745.3018913696163	0.0
167	5.58261700095511	566.1632145810655	763.9906474584966	0.0	520.7338869034328	773.0716221258219	0.0	513.2844138830582	974.8716025387022	0.0	527.3807309159474	1169.1724422866346	0.0	474.3796391525511	1226.1863302239558	0.0	464.19468443457663	1213.3637208709404	0.0	545.4454297159297	1200.9641163018634	0.0	618.3961580485067	767.2270910350975	0.0	617.8769511933085	966.1090519663969	0.0	634.2628262689653	1176.3303014381383	0.0	620.7130213213252	1254.171657748236	0.0	652.2000880531884	1247.512071275581	0.0	631.6425798434651	1201.4412936188276	0.0	556.2360383532499	464.37702103671006	0.0	554.6195562660043	328.270127943049	0.0	563.285782223159	413.1468818250132	0.0	461.5749590193881	509.7080306866442	0.0	425.63091217992394	636.3781914729188	0.0	395.5149823557138	743.4259031953113	0.0	648.9279237825775	510.96304663155803	0.0	708.6927710679926	638.229450712759	0.0	759.9162449002336	745.7367611912675	0.0
168	5.616045845272207	568.4042128835137	763.2966926362906	0.0	523.0122847627848	772.3501481842135	0.0	513.8534830303261	974.956980979075	0.0	525.947958627654	1168.9582851171258	0.0	476.44445937774555	1226.1634147582463	0.0	465.039532644545	1214.5249163163983	0.0	544.4664690341476	1200.3427865665801	0.0	620.6652501095082	766.3815946760739	0.0	618.1681041991458	965.4795330638702	0.0	634.1907386412519	1174.2336140162633	0.0	622.4181869228839	1251.7858431372397	0.0	653.5730974575481	1245.1509052811696	0.0	629.8255150706694	1199.3856066541862	0.0	559.3762569833447	463.8450138498613	0.0	558.227894403388	327.56721146339726	0.0	565.3779669007394	412.01952718333865	0.0	464.45080775446075	508.86965889370737	0.0	428.6011964834039	637.6109855034633	0.0	396.8638353957361	745.6098200566245	0.0	651.3880991989237	510.57153662841984	0.0	710.0860406451662	639.6040054561408	0.0	760.523649889436	745.616803413059	0.0
169	5.649474689589303	570.9384790374254	761.3201738964443	0.0	525.597766174948	771.3254184822714	0.0	515.0777456026537	974.8683688325332	0.0	525.3398971235088	1169.0265608689922	0.0	480.1410177992057	1226.3131953474935	0.0	466.8712872821682	1215.1295424351515	0.0	543.4486908542187	1198.9598606866907	0.0	622.9758567739258	765.6667886251605	0.0	618.7146372789358	965.252319490385	0.0	633.335221418019	1173.2097251354285	0.0	621.9172562913337	1250.107210115651	0.0	653.6617461439441	1243.1150553041055	0.0	628.1897985729269	1198.9786352818721	0.0	561.8037805565028	463.9384501175073	0.0	561.8348202402203	328.0425546341213	0.0	567.8529759810667	411.93815943004086	0.0	466.4425020345673	507.5066355544617	0.0	431.62755732186326	637.921991168306	0.0	397.8465237372549	745.2802274174784	0.0	653.4666529114728	509.73764877188813	0.0	711.2594154715571	640.6614799807046	0.0	761.3199120619887	746.0113503061666	0.0
170	5.6829035339064	573.3682024745368	759.3544699591877	0.0	527.46927894678	770.0799556369645	0.0	517.1983417134945	974.7214371673814	0.0	525.9392373152302	1168.8375534229497	0.0	486.5408090889201	1227.0011303781773	0.0	470.6562740471989	1215.9091554011068	0.0	542.7233799612119	1197.1312107491894	0.0	625.2640564070103	765.3243397497129	0.0	620.0144356196608	964.8910226350212	0.0	632.047099499945	1172.7881551939147	0.0	621.35215648677	1249.5087413057156	0.0	653.9808536772474	1241.9427844583581	0.0	626.5862089576736	1199.49363991142	0.0	563.9607500985117	463.849950437196	0.0	565.7078443847187	328.5910697136834	0.0	571.1850570694667	412.30414904840484	0.0	468.1987164110357	506.2297091636541	0.0	433.58286622236346	637.5130773596308	0.0	398.72328502449517	743.2595298419975	0.0	655.6113324981662	508.7181438694325	0.0	712.6388561350749	640.1908834742887	0.0	761.354052606941	746.6788155316135	0.0
171	5.716332378223496	575.5407737350798	758.7921777887666	0.0	528.4082528060922	769.1282844127562	0.0	519.6999428460377	974.7830539734135	0.0	526.707066208868	1167.827573814002	0.0	495.34363826180424	1228.0629513278022	0.0	476.04280125448884	1217.33556580289	0.0	541.4195248168026	1194.811378701636	0.0	627.2627833800213	765.253419355922	0.0	621.9322983681035	963.8757288846389	0.0	630.5517536940682	1171.9618241634964	0.0	621.9619298814921	1249.629256821615	0.0	654.7863681617471	1241.4966961405237	0.0	624.0316788249588	1199.4087140149759	0.0	566.3116105183996	463.51428292847083	0.0	569.4818389687523	328.65009761599623	0.0	573.9006105896298	412.4225080491522	0.0	470.0688553897458	505.61382632682376	0.0	434.1651665427179	636.8751422940397	0.0	399.7021538545553	742.1856803377694	0.0	657.7502612807564	507.7948809704024	0.0	714.8302375207069	638.951210142019	0.0	761.1635090914262	747.2890588432937	0.0
172	5.7497612225405925	577.8414204643863	759.3351345527257	0.0	529.44887512351	769.1322340270913	0.0	521.7264475540385	975.4784034399928	0.0	527.0370257355702	1166.5213418696815	0.0	504.0377756168858	1229.1184624990487	0.0	481.417930977411	1218.6865020091316	0.0	539.7728329552117	1192.4661716299172	0.0	629.2545720187983	765.3965257670283	0.0	623.770597260896	963.7805274892532	0.0	630.0274911154752	1171.2542247308418	0.0	622.5829954106683	1249.9549971465458	0.0	655.2731105347651	1241.5297751620078	0.0	622.11283074666	1198.7764337877127	0.0	568.5465165996923	463.02379252511247	0.0	572.5617043514063	328.25335343876094	0.0	575.0425317205544	412.0143134653191	0.0	471.72470804731904	505.26526990641094	0.0	433.94763992584274	636.4315896449556	0.0	400.3751575527616	743.1524718588071	0.0	660.0486992381549	507.1717607279587	0.0	717.9329037012303	638.5001900743997	0.0	762.3844760846277	748.3500447869282	0.0
173	5.7831900668576885	580.4170614587481	759.8604531024257	0.0	531.0287537222324	770.0951420081459	0.0	522.9432537642463	976.6575286969124	0.0	527.0807015056155	1165.8193861302475	0.0	510.2398545019853	1230.0740393185472	0.0	485.06640403431896	1219.4028882845596	0.0	538.8422824110106	1191.170294090458	0.0	631.4681721471624	766.1298270541137	0.0	625.4922256362215	965.9160510665004	0.0	631.2960447993045	1171.828121309262	0.0	622.4485420481857	1250.2783949250866	0.0	655.5355254834104	1241.8874406624761	0.0	622.6441047577382	1198.5714373841488	0.0	570.4106819549365	462.37110362604346	0.0	574.392165171525	327.2300507479772	0.0	575.0507177537478	411.1907348530813	0.0	473.01867391438816	504.91711790422113	0.0	433.65610120412276	636.5362093909994	0.0	400.66022637844037	744.9411525357361	0.0	663.0503001541961	506.8709459260963	0.0	721.2168280385272	639.0234270309103	0.0	764.6386821803095	749.7851558146828	0.0
174	5.8166189111747855	582.4388469402778	760.3465846647401	0.0	532.2640448466199	771.6105032828128	0.0	523.6876826782869	977.8409060110284	0.0	526.9694919644887	1165.859434743197	0.0	513.524011766933	1230.9061589775267	0.0	486.6146968985507	1219.7085561600395	0.0	538.691036251877	1191.114741987725	0.0	633.3095358098519	767.8581737039934	0.0	627.1930623630559	968.7708960806765	0.0	633.2087456692029	1173.3990316685401	0.0	622.4875199645655	1250.5878053008787	0.0	656.2467007844294	1242.4821791838788	0.0	624.5260792829936	1198.9920335404677	0.0	572.2410943403377	461.5787408017884	0.0	575.1584043620369	325.57605303415676	0.0	575.0093295346741	409.90530113948626	0.0	474.23843496188994	505.02130460013115	0.0	433.7630145619599	637.0137806374412	0.0	400.89641497129753	746.3371960770727	0.0	666.5309576377501	506.56357142211647	0.0	723.7465315335279	639.7588063946083	0.0	765.875132892217	750.4379574452732	0.0
175	5.8500477554918815	583.1484902385338	761.2892756072829	0.0	532.6516482010065	773.1163140413132	0.0	524.2000939060798	978.7554488193264	0.0	526.7332264395786	1166.1252015782427	0.0	514.5290968980155	1231.4708836120958	0.0	487.14909029839254	1219.87661083237	0.0	539.102794131934	1191.4654600192027	0.0	634.2232262019919	770.1337782023636	0.0	628.1015538746824	970.5656960946541	0.0	634.0955398095746	1174.6054236263485	0.0	623.2003312776455	1250.8057599872259	0.0	657.0964651532889	1242.9547396825592	0.0	625.5247208761301	1199.1538015867793	0.0	574.1803129226761	460.6716908909685	0.0	575.901157746482	323.9147794641535	0.0	575.7733398630972	408.37654584735014	0.0	475.5935258643555	505.395255984046	0.0	434.69386405992645	637.4071717123354	0.0	400.8434371086895	746.9060851202274	0.0	669.6834803895298	506.0364890088223	0.0	725.4335571072987	640.0421004718061	0.0	765.7691549059383	749.8900666560603	0.0
176	5.883476599808978	583.1017113828138	762.221125355509	0.0	532.8681339259799	773.5057265501396	0.0	524.4603933469658	979.5859832372513	0.0	526.5635568451983	1166.2901051357844	0.0	514.2495332388852	1231.7036789755616	0.0	487.63624586912647	1219.9926885794443	0.0	540.0225117757722	1191.6665088242426	0.0	634.6614565374738	771.6624661986189	0.0	627.9349840521631	971.5066813716371	0.0	633.7893920750287	1174.9986394727164	0.0	623.9204647132924	1250.971487780517	0.0	657.206614669538	1242.5681580892808	0.0	625.2564461838401	1198.7769000424844	0.0	576.1151274516855	459.82781700903826	0.0	577.4156780961204	322.8486100760731	0.0	577.4661808194135	407.36766511234026	0.0	476.983453342506	504.9652538161906	0.0	436.5078476805714	637.6474289113426	0.0	400.42598306132896	746.344905724473	0.0	672.0839872275808	505.510283644489	0.0	726.7282433819729	639.6113679394726	0.0	765.6146178133566	749.0434251245525	0.0
177	5.916905444126074	582.9820992755016	762.6256860180863	0.0	533.239067969625	772.4919410884798	0.0	524.5523677028032	980.5781602035199	0.0	526.6059225690692	1166.4295249276493	0.0	513.8262767273109	1231.7489355089847	0.0	488.12521534579633	1220.1715575341086	0.0	540.8814216164569	1191.8372174844442	0.0	635.2378605365664	771.6547707137299	0.0	627.9226306486461	971.5420510038217	0.0	633.253491371017	1175.1100589183893	0.0	624.1375536864149	1251.243862448258	0.0	656.5270735840347	1241.3429220288745	0.0	624.9373264676905	1198.6801762784096	0.0	578.0422673747194	459.4588459292242	0.0	579.6304026616496	322.1889068922859	0.0	579.5163150860202	407.12941850865093	0.0	478.2598902183318	503.5332706233249	0.0	438.33083682174333	637.6694048777819	0.0	400.43030396615416	745.3155320002365	0.0	673.869938502097	504.94718074699506	0.0	727.6155058522411	638.7832449720485	0.0	765.9058598375666	748.5647194388082	0.0
178	5.950334288443171	582.6074598987321	763.2161256334218	0.0	532.9938139197775	771.6771599392847	0.0	524.6166538465823	981.1410112303251	0.0	526.8297029048284	1166.46137555187	0.0	513.7056867527122	1231.8017041303317	0.0	488.3341830842984	1220.4272799853595	0.0	541.237922849268	1192.1168794155938	0.0	635.7556696055066	770.7569852540888	0.0	628.9270066860904	969.211354664941	0.0	633.0702141069537	1175.00392008575	0.0	624.042417792898	1251.5083632732965	0.0	655.7254636962003	1240.3191853012886	0.0	625.2488578297394	1198.8557540692589	0.0	579.8650606005367	460.19442790216294	0.0	581.8780340254978	321.36542823429494	0.0	581.1781976509293	406.95826629234926	0.0	479.4688862868691	502.22945200907935	0.0	439.1569168598132	637.0958616223102	0.0	401.08911636283807	745.1603325152753	0.0	675.3522428831532	503.9831576302151	0.0	728.0398327999031	637.9717074708518	0.0	766.2193411046561	748.4989572836446	0.0
179	5.983763132760267	581.9960464754571	764.6519067406464	0.0	531.6716506221932	772.3031938812458	0.0	524.7143938402938	980.9456507765623	0.0	527.2030055955446	1166.1015653856884	0.0	513.827958490733	1231.803472105394	0.0	488.3891418024248	1220.5352004573351	0.0	541.1709027125295	1192.274057624423	0.0	635.8788427345554	770.1468149150256	0.0	629.8855925300178	966.0399976185502	0.0	633.0698568761334	1174.1697054202928	0.0	623.9624395281642	1251.4628611514445	0.0	655.22144266642	1240.0128491380362	0.0	625.5340508634641	1198.3256259533587	0.0	581.5368783972152	461.7480858970628	0.0	583.5416255954904	320.18116839552084	0.0	582.2694758870671	406.07056491017863	0.0	480.64417744297634	501.7112670254354	0.0	438.85885933946554	636.0864403984498	0.0	401.6913687766467	745.8283911174974	0.0	676.8264822488441	502.7663859826847	0.0	728.5773710920046	637.1027026487561	0.0	766.3169039859606	748.9175533664471	0.0
180	6.017191977077364	581.6483349754054	765.678718088738	0.0	529.8852420974845	773.27122174006	0.0	524.650270864084	980.7153950652902	0.0	527.5812437766737	1165.4156576079665	0.0	514.2263937236733	1231.6388227832256	0.0	488.6601563065367	1220.367847962649	0.0	540.8558108109243	1191.9370754597373	0.0	635.801990814696	770.0567419615551	0.0	629.8664370864803	966.449259872803	0.0	633.0383586822215	1172.7795866969395	0.0	623.8343102235606	1251.2188326250086	0.0	655.0967435033291	1240.0124069644373	0.0	625.1898753753982	1197.0940784313548	0.0	583.2531964628376	461.84867996654725	0.0	584.8322852132271	318.6981997433628	0.0	583.375845857911	404.38050343082585	0.0	481.7340252574416	501.3261998319306	0.0	437.94057235635944	635.4074207762216	0.0	401.9610398319959	746.0301297425628	0.0	678.9778882585786	501.83468345426604	0.0	729.7917190433192	636.144752665972	0.0	766.3876176831204	749.6585366591614	0.0
181	6.05062082139446	581.6836454394709	764.7038052784928	0.0	528.4288539717116	772.8052150367624	0.0	524.0265041634726	980.5581339272371	0.0	527.7172255902323	1164.6391752879224	0.0	514.4830216340647	1231.5071647430482	0.0	488.8514781898888	1220.1937364932785	0.0	540.7221342404323	1190.9734568636056	0.0	635.7906155750846	769.898271236851	0.0	630.042917412552	969.747363444452	0.0	633.0093034063274	1171.7784943323527	0.0	623.3321501193999	1251.2540996518278	0.0	655.1589256492357	1240.0410752862351	0.0	624.6492515272627	1196.1262001165526	0.0	585.0757155763525	459.29345546074603	0.0	586.3660179463676	317.3316680343738	0.0	584.9129157497836	402.5507391518207	0.0	482.8549147413396	500.430845000559	0.0	437.1410333601037	635.3431361956722	0.0	402.1539937817459	745.2487114548572	0.0	682.1248504363491	501.38602825002755	0.0	731.4252711667834	635.4885994230783	0.0	766.6417957629556	750.1380748812898	0.0
182	6.084049665711557	581.8300902839796	762.7703742816741	0.0	527.63584636702	770.9637633068211	0.0	522.8229620247226	979.9344930863487	0.0	527.5634282761748	1163.817042096844	0.0	514.1523311024591	1231.630239329266	0.0	488.58145742217823	1220.323153346347	0.0	541.0692224685569	1189.636856276951	0.0	635.808402552978	769.4599661384017	0.0	631.335480955025	970.7514709969741	0.0	633.0167357162862	1171.521209184573	0.0	622.5160244465825	1251.6233891602164	0.0	655.0728194330334	1240.1899210653478	0.0	624.4194270838711	1195.5469246386479	0.0	586.6864308071506	456.3663302827301	0.0	588.20438524234	316.8050298375456	0.0	586.5399216668483	401.4643218389373	0.0	483.99164237020597	499.54222767543047	0.0	437.0261834832049	635.4603203765867	0.0	402.2310479408811	744.4066882039879	0.0	685.1816626990146	501.2775726449355	0.0	732.7358122596418	635.2645681449892	0.0	766.9861377632243	750.0346671474036	0.0
183	6.117478510028653	581.8143077139723	762.1181401140414	0.0	527.298401435019	769.1993798555127	0.0	521.434015096749	979.2483161082271	0.0	527.3591163291542	1163.154775720867	0.0	513.7400539177061	1231.866044985518	0.0	488.34398405598256	1220.5736373465609	0.0	541.433691622824	1188.3330465489046	0.0	635.7015286446853	769.1884824446977	0.0	632.6097193740607	968.8585279608237	0.0	633.0543382208814	1171.5424776227005	0.0	621.885344245762	1251.7320998351724	0.0	654.9901341052943	1240.4478309602698	0.0	624.38402367428	1194.784715458911	0.0	587.7809461870556	455.17881359461376	0.0	589.9791161483087	317.0984362285552	0.0	587.9713046702443	401.5087028207243	0.0	484.903110622795	499.40000903024105	0.0	437.4795669403475	635.229667539842	0.0	401.9601433903058	744.6545157906303	0.0	686.7231436798716	501.29586805343894	0.0	733.4922137528204	635.1906168540679	0.0	767.1617447083256	749.6780014077573	0.0
184	6.15090735434575	581.4918171750272	762.7562092166896	0.0	527.0051375658594	768.3719183120113	0.0	520.0786350063639	979.2303760496881	0.0	527.3419370230749	1162.8968839864547	0.0	513.6962149739176	1231.859270620865	0.0	488.36594247550767	1220.2649002913834	0.0	541.5303476637608	1187.4217863889248	0.0	635.4224090081078	769.5863729390569	0.0	632.8976146386865	968.0140931006056	0.0	633.2186731075884	1171.6496709583782	0.0	621.6807779144914	1251.1143680130547	0.0	655.1435620754004	1240.710619808519	0.0	624.4068478875789	1194.235738754016	0.0	588.4687954954793	455.06210003756075	0.0	591.294773164579	317.4496740270462	0.0	589.287391060287	402.2701236011244	0.0	485.7895402262283	499.3745888460975	0.0	438.11353662313866	634.4784619493543	0.0	401.34735648911516	745.8607529827667	0.0	686.4666940970533	501.1454013403893	0.0	734.0294094350803	635.1615524613285	0.0	767.1070017010506	749.4701660258515	0.0
185	6.184336198662846	581.1694344371294	763.1794245863604	0.0	526.8633341046087	768.2195373248276	0.0	518.5887711474414	979.2417637043973	0.0	527.3964406024965	1162.5669688556243	0.0	513.6009457362512	1231.390561187645	0.0	488.13945619120483	1218.9805888716974	0.0	541.9421580145126	1186.9336254404673	0.0	634.9934402364711	770.2225047308917	0.0	632.667738723653	969.2090389842842	0.0	633.557554499015	1172.115617259925	0.0	621.831039974307	1250.1860629663727	0.0	655.2869734882973	1241.0033880943513	0.0	624.6142798918473	1194.693188388611	0.0	589.017223507444	454.78066797173375	0.0	592.0195884940166	317.25873924047806	0.0	590.1791975371151	402.9052573469245	0.0	487.2062507817932	498.4830129018541	0.0	438.7589286108672	633.5489347252156	0.0	400.8373435425259	746.8629838562364	0.0	685.6717664984214	500.5565562492147	0.0	734.6984310489738	635.2704905754797	0.0	766.9870284376854	749.4215096496323	0.0
186	6.217765042979943	581.394253574358	762.8672470184741	0.0	527.1891332277758	767.9537073946487	0.0	516.419452582513	978.0819065882595	0.0	527.5261884005778	1161.1664798383447	0.0	513.3190291047055	1230.645923847929	0.0	487.8937151220579	1217.5802178296312	0.0	542.8848078912816	1185.9864310261344	0.0	634.3798600174185	769.7843851451574	0.0	632.5942829649458	969.5224509568135	0.0	633.7772272528302	1172.88638607332	0.0	622.2703225755645	1249.7971989619898	0.0	655.3602760271784	1241.278528536478	0.0	624.8604217306636	1195.623216648909	0.0	589.5320251632854	454.3640706725444	0.0	592.454151568072	316.3487034838642	0.0	590.3173531998721	402.9591283895148	0.0	489.028557161178	497.4100500130689	0.0	439.33477031287896	632.9431068802893	0.0	400.8557763932176	747.1553098401525	0.0	685.9049807389118	499.7074465423256	0.0	735.844753721429	635.5047366748199	0.0	766.9059097298125	749.3815484417515	0.0
187	6.251193887297039	581.7931852596796	762.1012296064927	0.0	527.3608118983813	767.1917568196653	0.0	513.4749203836607	976.205100292123	0.0	528.33458302044	1158.6322143875182	0.0	513.5396658639128	1230.0693305613559	0.0	488.514430563619	1217.2548655077364	0.0	543.7864566953049	1183.6941762479394	0.0	633.6394493802316	768.2828412939747	0.0	632.7360240180659	968.1059451205467	0.0	633.6095226851348	1173.3829400305387	0.0	622.8536957028626	1250.1842152205145	0.0	655.4453244038236	1241.2406927919053	0.0	624.9221743392885	1195.630977351048	0.0	590.036255541332	454.32685064271675	0.0	592.9660504539945	315.2838763234358	0.0	590.2415256716259	402.61996759038743	0.0	490.3274880726302	497.2283502607848	0.0	439.77755613183024	632.6705309944762	0.0	400.9989027465514	747.1164877830386	0.0	687.0672815199673	499.188012081133	0.0	737.4106568682081	635.6777839557722	0.0	766.8667407101702	749.2957488639461	0.0
188	6.284622731614136	581.23672309022	760.9966060820248	0.0	526.2516780079344	766.404676718683	0.0	511.0663821544363	975.1433005735628	0.0	530.2095569772372	1156.4339682656762	0.0	514.6806364564702	1229.7578461130406	0.0	489.87431842494624	1217.322842278563	0.0	544.8104125445751	1181.1215380214196	0.0	633.0458166132697	767.4685921398077	0.0	632.8272181859578	967.2823074778559	0.0	633.309967095962	1173.0524081105136	0.0	623.2590779865089	1250.9051377691844	0.0	655.2158452699963	1240.7944675195974	0.0	625.0879890520413	1194.2572868072557	0.0	590.5389455142935	454.30904490647765	0.0	593.61590838535	314.9431448304485	0.0	590.5924243162286	401.9102740204826	0.0	490.650954641193	497.1215816025112	0.0	439.9093515339653	632.3481890416847	0.0	400.8282543673826	746.7293015567259	0.0	687.8429305447419	499.27646808705106	0.0	738.6675882264511	635.4991292133847	0.0	766.9574502192768	749.2417552529996	0.0
189	6.318051575931232	579.8602297503687	759.9980028856863	0.0	524.0889129652892	766.0720633039374	0.0	510.44929175323006	975.0801031325408	0.0	532.614267905776	1156.0053614825729	0.0	516.15345366916	1229.5461072791275	0.0	490.8481566788469	1216.5524765029472	0.0	546.6157044939033	1180.439727422583	0.0	632.8920927781505	768.0403925096617	0.0	632.8844777710973	967.9175888727233	0.0	633.229814621976	1171.936431920206	0.0	623.1229139441828	1251.4723124996196	0.0	654.5564752712642	1240.3679315004608	0.0	625.350560974259	1192.7488078084114	0.0	590.924236041974	453.6250517304016	0.0	594.0375050947689	315.13076421405617	0.0	591.0481952025227	400.5083107302944	0.0	490.56399050499743	495.90776197170794	0.0	439.6248131716742	631.9281795481874	0.0	400.8280285373538	745.8274954612918	0.0	687.8032790072173	499.5730913669392	0.0	739.1719870619204	634.8056356316034	0.0	767.2392351254149	749.2674628267504	0.0
190	6.351480420248329	579.0585423068671	759.8028341824321	0.0	522.4815662338034	766.0920763765032	0.0	511.12053465560473	974.8913798640822	0.0	534.5159160360508	1157.4667770197727	0.0	517.0913506106773	1230.1881437631068	0.0	490.85574910578896	1216.3135772204203	0.0	548.4890620524799	1182.2301871296067	0.0	633.1422783257194	768.9127351338202	0.0	633.0904471357748	968.5453997378354	0.0	633.3231923333032	1170.612478227167	0.0	622.5318604776937	1251.6515782074023	0.0	654.1890515944675	1240.389461839994	0.0	624.8889722108377	1192.5610105622188	0.0	591.1038294966327	452.5294427635271	0.0	593.64327329603	314.585531498384	0.0	590.7405824415423	398.7513023075613	0.0	490.7031533050879	494.4502094372239	0.0	439.25426135228577	631.7117162183107	0.0	401.0805643348036	745.1281565509282	0.0	687.603271196306	499.3880755512371	0.0	739.2150603020465	633.7324022005197	0.0	767.5274168459052	749.0727201301618	0.0
191	6.384909264565425	579.0865772670638	760.2202128060901	0.0	522.2761067843899	766.2629495546537	0.0	511.90244638489116	974.0270980576778	0.0	535.1537869984047	1160.575882845156	0.0	517.3334594019094	1233.3937118149004	0.0	490.3935728665747	1219.2366378245374	0.0	549.0637628301943	1185.7960522601686	0.0	633.2947068530257	769.2531223389096	0.0	633.3178596076607	967.9264286349043	0.0	633.4001782607771	1169.6080360687167	0.0	622.0315705840048	1251.5360695950844	0.0	654.743638012457	1240.7106933091002	0.0	623.5317894251652	1193.4042429078995	0.0	591.1344711115604	451.53295715831183	0.0	592.3944773293404	312.67728357196233	0.0	589.4864088877212	397.54331048357113	0.0	490.9514621011571	493.87865482423473	0.0	439.1270555042523	631.7923145111738	0.0	400.72269434981655	745.2046979757492	0.0	687.6422625561243	498.40155827694275	0.0	739.1864560677305	632.7628576669993	0.0	767.6336673225652	748.165730150948	0.0
192	6.418338108882521	578.7712051548959	760.5221434261017	0.0	522.6065697967165	766.6888241169851	0.0	512.5533145417778	973.4512335210916	0.0	534.2981997702277	1165.4435449508007	0.0	517.322566409941	1239.4319783801318	0.0	490.1270990178762	1225.43598454792	0.0	547.9302541397782	1191.1652132659494	0.0	632.8333442229628	769.3666839687355	0.0	633.3844365216796	966.8451035926978	0.0	633.412431207439	1169.541400115522	0.0	621.8896667648578	1251.4408695191394	0.0	655.4720615219409	1240.8445030504224	0.0	622.7385715250035	1194.2556952340542	0.0	590.8567036395032	450.6148900448222	0.0	591.1391655164019	310.54244922542495	0.0	588.181883185497	397.02939350039134	0.0	490.65616623865526	493.43294989180015	0.0	439.09425322836415	632.0558842095179	0.0	399.79003547759874	745.5487558348806	0.0	687.7637537372309	497.0114380843583	0.0	739.2571821303197	632.512503706147	0.0	767.7088949869342	746.7257156933772	0.0
193	6.451766953199618	577.5710743885339	760.6081389551325	0.0	522.3791946797011	767.4846039200505	0.0	513.4812972928702	974.7003934442555	0.0	532.1874166422343	1171.6007049120435	0.0	517.427136365531	1245.889196291447	0.0	489.99329672830356	1232.6274290432316	0.0	545.3251436087284	1198.2717793700588	0.0	631.7933012296465	769.9187280285581	0.0	633.3520807192164	967.5747308368386	0.0	633.3263724782415	1170.8029431771233	0.0	621.9341345849444	1251.4427941884226	0.0	655.4315920303567	1240.6863293056817	0.0	623.7939951708533	1195.20622711273	0.0	590.1215408670296	449.9478298090143	0.0	590.5757794905992	309.5502064175102	0.0	587.584258981021	396.44675024429864	0.0	489.6481591417134	492.4534016320742	0.0	438.8450173141303	632.4501857422273	0.0	399.4157744437643	745.7533088111511	0.0	687.8316906183287	496.05490634277305	0.0	739.4327043799967	632.9874998093305	0.0	767.9555803520906	745.7205786896471	0.0
194	6.485195797516714	576.330588044132	760.948338644729	0.0	521.7451172978062	768.081316408224	0.0	514.8499753048695	977.4630479654664	0.0	529.5829855925616	1178.1257630268299	0.0	517.5810913726446	1250.247075466765	0.0	489.52891024587166	1239.2572086444823	0.0	541.8203818310187	1205.6914510830047	0.0	630.7639154757974	770.6891617892713	0.0	633.3051547676337	970.4186254472455	0.0	632.9906153600155	1172.3847946535707	0.0	621.938419557312	1251.3088636824764	0.0	655.1974912800079	1240.598161569464	0.0	625.6648295546487	1196.5213797146725	0.0	589.2491819652345	449.8062639550474	0.0	590.423799077045	309.1143454596122	0.0	587.4216502152457	395.2305989894853	0.0	488.5620649302141	491.8067881201647	0.0	438.3478133345371	632.861136439256	0.0	399.8361437492647	745.9784536915963	0.0	687.8488645833444	495.9383621408043	0.0	739.4739470331974	633.3567191720098	0.0	768.1122382067148	745.677275616261	0.0
195	6.518624641833811	575.973969730684	761.7243272231555	0.0	521.5248031687023	767.8688782722919	0.0	516.7231609944216	979.7047578375017	0.0	527.3126050437617	1184.6100406619337	0.0	517.757608234458	1252.229296063414	0.0	489.07191585232516	1244.8462925168544	0.0	538.3075906566738	1212.194951712256	0.0	630.409373855335	770.8228846745945	0.0	633.2160481911556	972.8811152796691	0.0	632.5789855408608	1173.0967460467032	0.0	621.6889357074022	1250.9577627447093	0.0	655.2910428563712	1240.725417868488	0.0	626.6958314731887	1197.624459552259	0.0	588.5186479747729	449.7478409221941	0.0	590.1125580277984	307.9001669766042	0.0	587.280007881086	393.5878640119843	0.0	487.92887577079017	491.9379772598512	0.0	437.6678054140791	633.0072334630579	0.0	400.1420161649675	746.1757754572558	0.0	687.8385851925653	495.9506668969791	0.0	739.0834843654834	632.8775440934205	0.0	767.7694159688504	746.2500876894437	0.0
196	6.552053486150907	576.4050327956008	762.4443411462156	0.0	522.0171369344099	767.8677039088159	0.0	519.0594768554307	980.8689421042736	0.0	525.7162463428149	1190.3293467694205	0.0	518.587815423015	1252.8037508623167	0.0	489.9110695322727	1248.1246422852748	0.0	535.508568836817	1217.8240422102688	0.0	630.908333283495	770.7638063368048	0.0	633.1862389093883	973.3568795434538	0.0	632.8195537168011	1173.1509601659354	0.0	620.91431992489	1250.3599050793277	0.0	654.8051927397236	1240.9001301357805	0.0	627.2736604053531	1198.1228187302931	0.0	587.7642608020991	449.17364017114693	0.0	589.3916155178706	306.10601512103017	0.0	587.0766893174376	391.9770493936435	0.0	487.489210990575	492.0908892718453	0.0	436.78469638873787	632.9396898123392	0.0	399.82877789737057	746.1932891488096	0.0	687.7963692489905	495.18944821657084	0.0	738.4694529696148	631.7665912321688	0.0	767.1724322483989	747.0431742845199	0.0
197	6.585482330468004	576.925983803467	762.922756700078	0.0	523.0606630972636	769.4181789765165	0.0	521.3681651644023	981.8702800462662	0.0	524.8655301996192	1193.9980508296926	0.0	520.4514488262049	1252.7676760043805	0.0	492.550049753477	1248.4259472704816	0.0	533.8347701402247	1222.7467427252436	0.0	631.7606258070257	771.6918540928554	0.0	633.558187445586	972.4478137248616	0.0	633.7384845901698	1173.0101168877557	0.0	619.6511145090597	1249.6232545631276	0.0	653.2740375261147	1241.2268530037486	0.0	628.0411178453495	1198.28985639154	0.0	586.8892921611705	448.13999992116567	0.0	588.2169298883473	304.561211054708	0.0	586.5582814822919	390.6001120794092	0.0	486.44930647795354	491.72625806472456	0.0	435.91204426591594	633.163679803603	0.0	399.29572172383394	746.0967718683635	0.0	687.4478099078825	494.056408262953	0.0	738.0740200252307	630.8806544776654	0.0	766.8520470753429	747.8209024569488	0.0
198	6.6189111747851	577.1618749571562	763.7557754252294	0.0	524.3024822087691	771.5106230811142	0.0	523.2610852915731	982.8664084446992	0.0	524.9669354237627	1195.5964600990721	0.0	522.6261942899694	1252.7984379135605	0.0	495.46738582519555	1247.7857139476464	0.0	533.4615213689269	1226.8888512256917	0.0	632.2668880014081	773.1272680108332	0.0	634.3430174294139	970.9786225751844	0.0	634.233590444336	1172.8081314519582	0.0	618.8740380951834	1249.4987070748114	0.0	651.9567005972583	1242.0522952071133	0.0	627.8343498400055	1198.3676511725107	0.0	586.0725522765226	447.3824594531288	0.0	586.7724302130981	303.16567603701696	0.0	585.6344191895494	389.66019874264623	0.0	484.51586304732007	491.15245689641677	0.0	435.0866600465449	633.7038498146655	0.0	399.0554406834868	745.8143495967521	0.0	686.3568403057196	493.5751807712695	0.0	737.582039404562	630.671394106867	0.0	766.6056630532504	748.3845398121993	0.0
199	6.652340019102197	577.2987940029323	764.9939895667882	0.0	525.121403839184	772.3716410025058	0.0	524.5271560609602	983.6722304343899	0.0	526.1680792403923	1196.6278168130439	0.0	524.3677540886304	1253.8528197357791	0.0	496.96346174102797	1248.7796582393803	0.0	534.2721508228794	1230.2553898224344	0.0	632.1629081378958	773.781311083393	0.0	634.9281913855817	969.6062722620885	0.0	633.8305534327304	1172.9809498121383	0.0	619.5830576574938	1250.088058178719	0.0	652.3183012847504	1242.9917508048675	0.0	626.2614857588719	1198.319105094615	0.0	585.1238432185669	447.4023317015735	0.0	585.2509697748873	301.6796310065045	0.0	584.3436244643067	389.3972460990934	0.0	482.42317252380604	490.9386274585637	0.0	433.7358533898507	633.9270205318084	0.0	399.02566308768525	745.1970181509131	0.0	684.7529810502832	493.4773317846493	0.0	736.5053989841978	630.956804951134	0.0	766.0673822536706	748.6985282593852	0.0
200	6.685768863419293	577.5275144847217	765.69683136623	0.0	525.2341116924379	772.2789991922434	0.0	524.8137836829038	984.4538642816877	0.0	527.905168378899	1198.1436996278153	0.0	525.9776613110673	1256.899988173441	0.0	497.520442300617	1251.8164274988544	0.0	535.6621844024128	1232.2483669664846	0.0	631.5245883274268	773.7510304514094	0.0	634.7752559342362	969.7865536248557	0.0	633.0502990575753	1173.6914951993024	0.0	621.0089893328386	1250.024985522834	0.0	653.9683151822156	1242.7272087162241	0.0	625.2102385189111	1198.1986986524305	0.0	583.5446370787892	447.224579233246	0.0	583.5398559807047	300.619112364212	0.0	582.4263149794829	389.6869781442866	0.0	480.9377145792348	491.0731180750415	0.0	431.80626520958265	633.3679827319925	0.0	398.8711952896558	744.4802167511679	0.0	683.4643099532559	492.54889648597504	0.0	735.2637731778609	631.3422449976722	0.0	765.6588653462821	748.6626051610858	0.0
201	6.71919770773639	577.5545466313016	765.2584386634136	0.0	525.0586341064908	772.3710898783191	0.0	524.4998351381352	985.3780239527083	0.0	529.1840095407612	1199.9079244342495	0.0	528.202347943082	1261.7116380286552	0.0	498.3874820470104	1255.7692552292121	0.0	536.5620595496018	1232.4195463652886	0.0	630.3889049966724	773.6723283265371	0.0	633.7438677285619	972.3863751562814	0.0	632.2164343612895	1174.37935222831	0.0	621.8352475452914	1249.0648065310238	0.0	655.1518298011679	1240.9872189083096	0.0	625.5598733414445	1198.3552381493969	0.0	581.3858756933242	446.0134251958606	0.0	581.4988042671052	300.34948208723495	0.0	580.3667318607273	390.0919170355814	0.0	479.93936994315027	490.84143070502483	0.0	430.02846283036524	632.1631175022587	0.0	398.6460728684181	743.9332712233468	0.0	682.4800644585645	490.72702361533726	0.0	734.0892162923346	631.1302663945703	0.0	765.6089651485999	748.122203250412	0.0
202	6.752626552053486	577.0057875720237	764.1395328667993	0.0	524.7499042180227	772.778826997752	0.0	524.4415545064887	986.4350566591728	0.0	529.6217322288193	1201.5497050566412	0.0	530.5517715955956	1266.6754476502476	0.0	499.3266802901516	1259.8441619125215	0.0	536.411091503283	1232.0758245064312	0.0	629.0844691420216	773.5184840904004	0.0	631.8219781470273	975.7047362420336	0.0	631.2863609649038	1174.4573773458433	0.0	622.30840620901	1249.0427928662814	0.0	655.1023010247739	1239.3098468239216	0.0	625.8219410445465	1198.8913778456133	0.0	579.3059005745652	444.9895719240981	0.0	579.1764285522802	300.00453462922604	0.0	579.2212982458307	390.0653539601981	0.0	478.7008610673866	489.9503767047006	0.0	428.5025259764468	631.112297991866	0.0	398.4445516144804	743.55768892875	0.0	680.9981165802224	489.2221340047209	0.0	732.3703600168691	629.942006318182	0.0	765.1604841381918	747.0180700595298	0.0
203	6.786055396370583	575.973240010453	763.3157786550432	0.0	523.8248085713815	773.3367786766847	0.0	524.2096122078126	987.3949226176737	0.0	529.2985400884096	1203.3080083828454	0.0	531.3501410696747	1270.5753395505676	0.0	499.70866636343186	1263.778805934273	0.0	535.7514310142852	1232.8288333296125	0.0	628.3728458350217	773.5566537113178	0.0	629.4174792839567	977.5005717985324	0.0	630.1324239256396	1173.811106937175	0.0	622.876445744835	1250.6566720600724	0.0	654.3516339418319	1238.6411630875666	0.0	625.0238665391275	1199.2927075668379	0.0	577.759712807641	444.9702724669823	0.0	576.6520531105439	298.5388642084291	0.0	578.7690530037802	389.0622677601989	0.0	476.53734107486935	489.0047619724663	0.0	426.69674746571735	630.7184890543267	0.0	398.2052323959057	743.5048565446214	0.0	679.0759599744066	488.63300353665073	0.0	730.0526338148694	628.6214998625044	0.0	763.9877311050708	745.5319754179068	0.0
204	6.819484240687679	574.9970461628678	763.29535456772	0.0	522.3648558114061	773.8593843355997	0.0	522.97265162998	988.387080681707	0.0	528.3025635100051	1205.5518698986402	0.0	530.2392251436752	1273.674456336837	0.0	499.79367827356606	1267.138764571632	0.0	535.3270707268143	1234.5000512455154	0.0	628.4488912175392	773.9246217943487	0.0	627.6423419689023	977.5503568437572	0.0	628.9127708749136	1172.8600292983745	0.0	622.8243909778207	1252.182482283107	0.0	653.4258566683046	1238.4692553592824	0.0	623.8390890995765	1199.4414189962667	0.0	576.336591483894	444.3790951092985	0.0	574.1655838657421	296.37702173350795	0.0	577.9687209255867	387.115378656224	0.0	473.3601502483472	488.18250785758835	0.0	424.6261037611679	629.8774600350482	0.0	398.1022333570526	743.892016709814	0.0	677.3327472278268	488.180333307035	0.0	727.8649078952363	627.8889297795024	0.0	762.9637733843591	745.0730148144429	0.0
205	6.852913085004776	574.5800266577285	763.5157607808354	0.0	521.2027128352756	773.7666592240753	0.0	521.4242056549056	989.6922394880833	0.0	527.1405823605804	1208.1266427204048	0.0	528.7154774832131	1277.1405083141265	0.0	499.8394989995141	1270.0640208960867	0.0	535.2794378473292	1236.119037441933	0.0	628.4616768952384	773.5981815740216	0.0	627.4175633735107	976.7590600541769	0.0	628.5093505030308	1172.251701058102	0.0	621.8448888469026	1252.3812960516652	0.0	652.6408241546873	1238.3942856806682	0.0	623.2335533149692	1199.9301954032378	0.0	574.2709892785175	442.0333747778257	0.0	572.1287999371888	294.49353901906954	0.0	576.5994243611572	385.13517534021486	0.0	469.7753429396368	486.9632535698353	0.0	422.66979483715596	627.4392936383572	0.0	398.28344877207235	744.1952413632418	0.0	675.6170168538349	487.02426913327304	0.0	726.0590511175249	627.2379060955589	0.0	762.6086289276838	747.047463585656	0.0
206	6.886341929321872	574.3188457392015	763.4681374793064	0.0	520.4288199333487	773.1652786693893	0.0	520.3893551982381	990.6065488056743	0.0	526.4802437555331	1210.1929856891409	0.0	527.9345767530468	1281.6271034428012	0.0	499.3345241177941	1273.6371531255893	0.0	535.3456157164817	1237.7619116907233	0.0	627.4894929468794	772.1501825001604	0.0	628.5563245193246	976.0816815351898	0.0	629.793713464805	1172.055810349202	0.0	620.87730604094	1252.324249682378	0.0	652.3037670773025	1238.4641985913725	0.0	623.280233865875	1200.6241369500513	0.0	571.55181396402	439.61289454238414	0.0	570.5168202233396	293.1430210764866	0.0	575.2073281789069	384.0044853764414	0.0	466.57558200062334	485.53212972155944	0.0	420.5906091252849	624.607391748053	0.0	398.2922521118667	743.5315952562753	0.0	673.5592117617073	485.5721832245367	0.0	724.1571377043894	626.355173980926	0.0	762.2919341024351	749.4425900842331	0.0
207	6.919770773638969	573.0678010398261	763.7053168532472	0.0	519.0545259463911	773.054818738673	0.0	519.2660156915144	990.9476731542561	0.0	526.3094228073702	1211.2973269484849	0.0	527.6754285623285	1286.3648872421522	0.0	497.7151096640231	1278.2787149624896	0.0	535.357972156473	1240.045487265652	0.0	625.5612708434759	771.0446823221401	0.0	629.8375834898143	976.3656586565605	0.0	631.7202662185944	1171.5353912259102	0.0	620.7610265045264	1253.1034258316038	0.0	652.4005186848293	1238.6309370219035	0.0	622.6692163505725	1200.6170374465717	0.0	568.8262703811984	439.11706626692734	0.0	568.8064529210247	292.6704320834128	0.0	574.2551413880526	383.7477769133152	0.0	464.1232165610954	484.6714315146669	0.0	417.8953559250841	623.151576118584	0.0	397.35779302841536	741.9029177045559	0.0	671.1571683384964	484.7625759368655	0.0	721.7781691045394	625.7011974659847	0.0	761.5818483148806	748.9737436433392	0.0
208	6.953199617956065	570.5513352430971	764.412689119837	0.0	516.6723947288666	774.1699596435169	0.0	517.2784754713131	992.7181202269069	0.0	526.0713931532947	1212.2136304258017	0.0	527.2853980733787	1290.4469679284064	0.0	495.49466428641995	1283.0168408943086	0.0	535.3623121071162	1242.50900241854	0.0	623.712673098421	771.9265768309707	0.0	629.5003201503343	977.5109520167849	0.0	631.5781096711784	1170.1767284456273	0.0	621.4764049922543	1253.867789740751	0.0	652.7107173690588	1238.8329900157275	0.0	620.4931274632386	1199.4883727138297	0.0	566.3637124079901	439.9564111675729	0.0	566.5483720246339	293.3392407074486	0.0	573.524495474581	383.9101198606359	0.0	461.96079232045867	484.5154346535366	0.0	414.734539214426	622.6771202046455	0.0	395.76785600476353	740.4240068292604	0.0	668.2450557153078	484.62065933099416	0.0	719.1215685701638	625.3069748519507	0.0	760.9871113106395	746.4061055871259	0.0
209	6.986628462273162	567.864054827376	764.9893386907221	0.0	514.3503862553015	776.5228263553038	0.0	514.8016654083162	996.8374379928712	0.0	525.4681404006145	1213.5878474796184	0.0	526.7017158565952	1293.9473825586251	0.0	493.75115097002055	1286.6878746546026	0.0	535.3973677871896	1244.0105465174975	0.0	622.803663991449	774.5657686467783	0.0	626.9288598578859	978.4483368455674	0.0	628.8552808493409	1168.3197810129377	0.0	622.5584742609619	1253.9133688027177	0.0	653.2555674156432	1239.0764201642194	0.0	617.8934186041008	1197.3630075931685	0.0	563.8819609460985	440.5763321896682	0.0	563.5717618343674	293.998781281128	0.0	572.3008065727869	384.15284200018067	0.0	459.3055670776135	484.6178892424143	0.0	411.490420594457	621.9515662364211	0.0	394.9521922809569	739.7853281743555	0.0	664.9225448309279	484.337848495907	0.0	716.7679034395143	624.6100624949048	0.0	760.5953061726653	744.3166383685814	0.0
210	7.020057306590258	566.0111134919022	765.3681868711966	0.0	513.137313972257	779.3176132207725	0.0	513.0244581405789	1000.6192139183223	0.0	524.8033122818956	1214.9384117364857	0.0	526.2701262299877	1297.0581870696901	0.0	492.8100766033784	1289.1968696569838	0.0	535.4725761376649	1244.4646073562787	0.0	622.394969586976	777.2152306394345	0.0	623.8372098445311	978.836047056693	0.0	626.3541054013746	1166.2519876966473	0.0	623.5180362097744	1253.9922846779955	0.0	653.9749698291176	1239.28166418673	0.0	616.0495325666568	1194.7796162101072	0.0	561.1233413539895	440.38661345034797	0.0	560.3056469874451	293.09087946843	0.0	570.274416872442	384.0262162941911	0.0	455.7378112449244	484.74138934549495	0.0	408.2674050820141	620.9919305355121	0.0	395.1532986002885	739.7599207676425	0.0	662.025235083024	483.4546177193706	0.0	715.1846711614162	623.8039357661446	0.0	759.6836284952553	742.4990507793256	0.0
211	7.0534861509073545	565.0445670794936	765.5547396509265	0.0	512.8878766264469	781.4366767737722	0.0	512.6142688016654	1001.614133398443	0.0	524.5107993588691	1215.8552080421482	0.0	526.104039892956	1299.8117371452952	0.0	492.4222546385857	1291.2736372771037	0.0	535.5552662193202	1244.4715938117427	0.0	621.5784273707737	778.5141185362772	0.0	622.1641924499614	979.4025557460732	0.0	625.9597481585134	1164.2107870168363	0.0	624.0522913098079	1254.3958570093866	0.0	654.3700330517258	1239.3099246598024	0.0	614.8566836353803	1192.9897558486693	0.0	557.8713044139129	439.1306818472485	0.0	557.6553759330193	290.4791981418319	0.0	567.7341131954565	382.57856111309627	0.0	451.18968224976476	484.9989599556437	0.0	405.2586624644281	620.4331617151522	0.0	394.8662370066264	740.2564583534528	0.0	659.7256816907283	482.4969297404	0.0	714.0761913897992	623.4956577143355	0.0	758.4371396816116	740.5258760840661	0.0
212	7.086914995224451	564.6585556367081	765.0493762270249	0.0	513.025586657162	782.4814346942278	0.0	513.0035596903681	1000.9090075887307	0.0	524.4328000815956	1216.7436077503892	0.0	526.0240376149529	1302.6304777885066	0.0	492.3690344678962	1293.3939908716522	0.0	535.429251473673	1244.158050351969	0.0	620.3156702629923	778.2152572909205	0.0	622.0578795888297	979.8830356859645	0.0	626.6380818607548	1163.17220990651	0.0	624.050764864256	1254.6044740979266	0.0	654.2678947466997	1239.1717636564244	0.0	614.5513366836548	1192.7119820012888	0.0	554.1095368291652	436.72083467813286	0.0	555.704737389514	287.227069341311	0.0	564.8692674965234	379.2706966285701	0.0	446.40605983014143	485.36979185228455	0.0	402.9219222345842	620.375366451131	0.0	393.4022807139357	741.2523708705207	0.0	656.9954032790353	482.1642386900688	0.0	712.3442596776946	622.8579938071448	0.0	757.65442710881	739.6927066458435	0.0
213	7.1203438395415475	564.4329845612378	763.9420279341356	0.0	513.0062347640427	782.7093829240719	0.0	513.1544238711411	1000.5672220416949	0.0	524.0924845997049	1217.7560594710112	0.0	525.8766535151674	1305.5397962716686	0.0	492.39978701847207	1295.5463726314229	0.0	535.0817907025605	1243.918186389689	0.0	619.1157115148753	776.8769728226202	0.0	622.9383453445816	978.9047952409295	0.0	627.4710702630487	1163.5467018584945	0.0	623.6165373349835	1254.5679341118387	0.0	654.307293607587	1239.0650079951859	0.0	615.8207361659455	1192.6786010093388	0.0	550.4365732506475	433.96405451109456	0.0	553.3996528924491	284.3329656087636	0.0	561.2718119645552	375.5319154178979	0.0	442.75366735113806	485.2246163948088	0.0	401.3517303776959	620.4661183859725	0.0	391.6996451163122	741.9536718290929	0.0	653.3393548881021	481.9992408857277	0.0	709.5909029771257	621.1019773437664	0.0	757.1753126051074	740.1220366272495	0.0
214	7.1537726838586435	563.6781887323526	763.32000124046	0.0	512.1555041156113	782.3796524286696	0.0	512.2897703303374	1000.9212809263036	0.0	523.5570262684957	1218.0960497138103	0.0	525.8103626111624	1307.4934762133935	0.0	492.3177585872348	1297.2921457247792	0.0	535.0687201926643	1244.322174862496	0.0	618.1106336082051	775.4910432594494	0.0	624.6292133674156	976.784988218844	0.0	628.9563258550189	1164.2966733321164	0.0	623.2313876277406	1254.576916515289	0.0	654.8143617449252	1239.1040256755737	0.0	618.248880106841	1191.3471096456612	0.0	547.2965804039693	432.27978810355063	0.0	549.855112136154	282.04418656638	0.0	556.365365880108	374.0018534275468	0.0	440.3966950442985	483.9465422546005	0.0	399.74664476812893	620.3053243435475	0.0	390.7106019167153	741.4755022676466	0.0	649.4089188084191	480.89287129338453	0.0	706.8903812653858	619.5144941456576	0.0	756.7630802360352	740.5976519275898	0.0
215	7.18720152817574	562.0297850806644	763.9086351177726	0.0	510.3936196969571	781.8728593537527	0.0	510.2403722393677	1001.6819792438403	0.0	523.1949387902926	1217.5762642751884	0.0	525.9648841543274	1307.7101312860511	0.0	492.14882575882297	1298.0658845220996	0.0	535.8210194559861	1244.9987192552856	0.0	617.1730191592627	774.7967555772155	0.0	626.7636854338173	975.6857295580108	0.0	630.5492331799383	1164.1972133432378	0.0	623.3031044971945	1254.640797107427	0.0	655.1664496782522	1239.128393509858	0.0	620.3884958480245	1188.483940451563	0.0	544.3278555487057	432.0773112286536	0.0	545.1757919427663	280.2548585467821	0.0	550.7342677296671	375.22666276075097	0.0	438.07550782043626	482.14202713756686	0.0	397.4910178443709	619.7901157067025	0.0	390.7540569261613	740.1515571111646	0.0	645.9572224892087	478.81536168779104	0.0	704.80073155537	619.0650664456697	0.0	756.47288375131	740.4804256813023	0.0
216	7.2206303724928365	560.0143868997152	764.9190732969267	0.0	508.4988742674363	781.6921877812691	0.0	507.70388904207016	1003.1996796556864	0.0	523.131019629505	1217.61168133491	0.0	526.0026443092794	1306.9315225254556	0.0	492.0962651040606	1298.1051966760847	0.0	536.926141955081	1245.3661594216426	0.0	616.422127002066	774.9518166333235	0.0	628.591980629831	976.533516543351	0.0	630.9257809623085	1162.5929268260859	0.0	623.5954710916692	1254.6197298800187	0.0	655.0567430186172	1238.79703777928	0.0	621.2275926465288	1183.8206609441304	0.0	541.1364571279388	432.2444740949461	0.0	540.3013240394888	279.2942125382443	0.0	546.3078970281845	376.9282380549925	0.0	434.97925327856046	481.08278032719494	0.0	395.2898308999397	619.2767266743599	0.0	391.32038783765296	739.2088119249552	0.0	643.203780392648	476.8397920078738	0.0	702.4183077865086	618.6582652789998	0.0	755.4139567351117	740.003615144291	0.0
217	7.254059216809933	558.3334561339886	765.3281288451161	0.0	506.91661185985413	781.877104731784	0.0	505.5152197951064	1005.4257252021669	0.0	523.3425514307049	1218.733376002545	0.0	525.6632463764429	1306.8131049018364	0.0	492.3799018896835	1298.1549467234097	0.0	537.5756577323523	1245.3583106876288	0.0	615.8147177466259	775.801329679623	0.0	629.6539469630793	978.1253100665597	0.0	630.6244005611537	1160.0316293985818	0.0	623.9545409665001	1254.5943051488753	0.0	655.3749779317986	1237.9137836802608	0.0	621.0303515667699	1177.3304969316648	0.0	537.7817406543354	432.40716742234827	0.0	536.331513787038	279.6977707847047	0.0	544.0264059699342	377.521679100412	0.0	431.4516342013372	481.0520243168503	0.0	393.8137346608244	619.0970438067963	0.0	391.396527595712	739.2445470863158	0.0	640.6811926394976	475.94289026191717	0.0	699.4471858658568	617.476092751805	0.0	752.9985336408469	739.9381150262559	0.0
218	7.287488061127029	557.031758990233	765.240143313523	0.0	505.58463682513616	781.8491964365207	0.0	503.98529518114896	1007.1480734069114	0.0	523.6178748845412	1219.1591820709857	0.0	525.440358340563	1307.7479222251145	0.0	492.768846566833	1298.2589160132043	0.0	537.5190110161923	1244.740666450726	0.0	614.9273654510085	776.6014881595031	0.0	629.9978001002781	979.0565109442283	0.0	630.9451724801023	1158.3670260523816	0.0	624.6954884653173	1254.8207846635416	0.0	656.9525940327185	1236.8774131854677	0.0	620.7378759123644	1171.641091502396	0.0	534.3822365072829	433.4571331389926	0.0	533.4281963174643	280.7324351048724	0.0	542.2988502197607	377.2860671386674	0.0	428.2045456968065	481.3996523450531	0.0	392.32099337131325	619.2064457828794	0.0	390.88058713566846	739.7479692418416	0.0	637.6980538780126	476.17994116202743	0.0	696.8791889466615	616.2878120121084	0.0	750.4584624234808	740.4162622042973	0.0
219	7.320916905444126	555.9746306926975	764.799051544025	0.0	504.71919611392417	781.1677926614701	0.0	503.1045630718991	1007.5801828375735	0.0	523.6974946797053	1217.6400197234257	0.0	525.788382132018	1308.195013892339	0.0	492.78102432018505	1298.0659363403524	0.0	537.144935448593	1243.0532674540584	0.0	613.889992283471	775.9999072460512	0.0	630.1462615770289	979.2198654772981	0.0	631.5662415099953	1158.0951988609852	0.0	625.6756972510742	1255.3962522882643	0.0	658.9040078600875	1236.469652354372	0.0	620.8909692931582	1170.2661060177415	0.0	531.0885206299491	434.8231117298094	0.0	530.81434085618	280.50179124795693	0.0	539.509442571011	376.4670848672264	0.0	425.5474508934406	481.64256675820405	0.0	390.191173518137	619.3636385998288	0.0	390.3569013625512	739.9550236354605	0.0	634.3034805238866	476.28615413334234	0.0	695.0710026333314	615.8032615919027	0.0	748.7041663781998	740.3840429339689	0.0
220	7.354345749761222	555.3909308596121	763.5252439973895	0.0	504.5936857121746	780.5779899250406	0.0	502.7198600979805	1007.6317542198643	0.0	523.5597422615414	1215.569778229519	0.0	526.180764976531	1307.5895339831204	0.0	492.61294144457577	1297.8709494594796	0.0	536.6406814364208	1240.7103561937452	0.0	613.4065312582654	774.0658839419236	0.0	630.588614207407	979.508076856676	0.0	631.5422542443607	1157.6579700911395	0.0	626.2874240103558	1256.445515698614	0.0	659.6665159234412	1237.3897133128858	0.0	621.4131717426883	1172.5715207592627	0.0	528.3348262975034	434.5236504409241	0.0	528.2761095412202	279.0121695110363	0.0	536.9274280023117	375.47765065496463	0.0	423.1768314164809	481.5870340477325	0.0	388.4949475944465	619.1014358509829	0.0	389.9514236145074	739.5344891869128	0.0	631.4655605594891	474.91862637533563	0.0	693.2656640673927	615.8462835213019	0.0	746.9218826399897	739.375137482615	0.0
221	7.387774594078319	555.3135240484308	761.6848584826896	0.0	504.9577622892081	781.2651353553075	0.0	502.74635875791745	1008.5763875385369	0.0	523.2019940061058	1215.226509028759	0.0	525.8392314616707	1307.2521789036289	0.0	492.5078692453107	1298.392401893934	0.0	535.9377156930765	1239.4926501939356	0.0	613.5235623281845	772.8555216263371	0.0	630.9850561105665	980.0623173366597	0.0	631.2588776949857	1157.3921862680766	0.0	626.5349397299105	1258.8588615261187	0.0	659.5225835400197	1240.737677830164	0.0	622.1393883174653	1175.682838973952	0.0	526.3262240060836	432.4943535170755	0.0	526.4544169947767	278.6303669675058	0.0	536.6759640919224	375.320251893971	0.0	420.9154073834549	481.0602134350383	0.0	388.5047887733586	617.970469396228	0.0	389.5375200383952	738.9058863160473	0.0	629.8990458847887	472.5401762414089	0.0	691.2200925769487	616.1400580497012	0.0	744.8857474994139	738.4135882955317	0.0
222	7.421203438395415	555.1576973206701	760.5014523654207	0.0	504.9245696506955	782.3053904569965	0.0	502.98235820375413	1010.3005208704867	0.0	522.694026491488	1216.9525363714404	0.0	524.9423891768431	1307.6025653484378	0.0	492.07913388396275	1299.7105863582133	0.0	535.5495316454144	1240.6473317434295	0.0	613.7379272977967	772.6693170519266	0.0	631.0590358891577	979.6073182165933	0.0	632.1278336259331	1160.1535130367845	0.0	627.4091581793813	1264.112198913214	0.0	660.5091906690462	1247.8824484832182	0.0	622.9118277581117	1180.4314239555265	0.0	524.6696794921112	430.8633625496817	0.0	525.6465798000406	280.0661073032908	0.0	538.380557985311	376.2015877987107	0.0	419.1241738928783	479.9042131672393	0.0	389.8689198088061	616.4835159307811	0.0	389.0696513112546	739.1423602480431	0.0	629.0108709807953	470.5136387037329	0.0	689.4273067467692	616.4134435917516	0.0	743.836917303545	738.3200799627195	0.0
223	7.454632282712512	554.8101206913477	760.3515813999986	0.0	504.1153260421395	781.5446539852451	0.0	502.8615147141162	1011.9132009801542	0.0	522.4183282296816	1218.9026373959803	0.0	524.3489029896707	1308.0032012583079	0.0	491.3143044090815	1300.9313892153928	0.0	536.085023006455	1243.0316993486103	0.0	614.0112357315558	771.5000952311726	0.0	631.6193854479991	978.4023106116588	0.0	634.6488059474373	1167.4859818785587	0.0	629.6678710867251	1272.7190756294895	0.0	663.6776680652325	1258.5295787115874	0.0	623.5636684768692	1189.6019562094043	0.0	523.272739203418	430.80559038869217	0.0	525.5321515760514	281.47076331207035	0.0	540.5290819778452	377.2484468126627	0.0	417.8722541378726	478.2244684270644	0.0	391.2421930594875	615.709212882188	0.0	388.6654721702506	740.7237248859653	0.0	627.8917370633251	469.23492965663894	0.0	687.6545407047313	615.8783178183212	0.0	743.8636381340602	738.6428641783701	0.0
224	7.488061127029608	554.9248322603495	760.5160221642208	0.0	503.4617220678714	779.5251235133742	0.0	502.32113951230536	1013.2950449961313	0.0	522.7606733121243	1219.6892107316132	0.0	524.1703725042977	1308.5007432032926	0.0	490.61705197098985	1301.187160779468	0.0	537.0484303599552	1244.7307973724323	0.0	614.3547994279287	769.7460321859846	0.0	633.1966892376873	979.5724872745659	0.0	637.4630499957896	1178.5650400931797	0.0	632.6758448912918	1283.6071744072497	0.0	667.3933520540484	1270.170717263194	0.0	624.7641294352367	1203.061699333336	0.0	522.5997564753148	431.65177073359945	0.0	525.704354680013	281.7963327469326	0.0	542.4303669610521	377.9592845687444	0.0	416.88522853620935	476.85645946266465	0.0	391.50433941279823	615.5130321732164	0.0	388.6297341070818	742.3856384875994	0.0	626.7916037734548	468.6384671260124	0.0	685.315505004825	614.0617672489683	0.0	743.3192623261963	738.6980431248528	0.0
225	7.521489971346705	555.1267913818225	760.5509436035424	0.0	503.40115123963295	778.5927701451834	0.0	502.0665224421873	1014.5279096004363	0.0	523.8095341558663	1219.6263913688897	0.0	523.5819297529943	1309.321231473653	0.0	490.158281711283	1300.6370755360847	0.0	537.6577849615558	1245.3177610221792	0.0	614.2338538579044	769.8833896563034	0.0	634.8340970583915	984.0851029388089	0.0	639.4378003851809	1191.031483708667	0.0	635.676622322919	1295.442131726857	0.0	669.9946903198645	1281.0850768207863	0.0	627.1808887185426	1217.3669155184166	0.0	522.6632286764878	432.4334132956571	0.0	526.1279342763033	281.6361544078288	0.0	543.4112599796281	378.48661841419084	0.0	416.2899675728059	476.6709907642393	0.0	390.43858702031383	615.048160673313	0.0	388.8111923259093	742.6429887734453	0.0	626.4069888970251	468.8034508273693	0.0	683.1900589312937	612.2012167267333	0.0	741.6601779625489	738.5021094243384	0.0
226	7.554918815663801	554.4115835406075	760.4433876736036	0.0	502.90921962700867	779.0747429222089	0.0	502.426172269759	1015.0487203981805	0.0	525.21591517363	1219.1819006876876	0.0	522.2384865560351	1310.023751414713	0.0	489.81958810006864	1300.0429249815102	0.0	537.8923938253049	1245.496584340498	0.0	613.4100173622347	771.7899151486173	0.0	635.4462904988717	988.4760478299985	0.0	641.4937353440769	1201.590789649083	0.0	638.7246893413202	1306.8181829803145	0.0	672.6177855212538	1291.6003805764906	0.0	629.5664074835249	1228.395373650441	0.0	522.956160746652	432.6608545426853	0.0	527.1650445203356	281.43115374624574	0.0	543.2713806769943	378.73101219758047	0.0	416.22552596163996	477.3347941150276	0.0	389.0876708310579	614.3154497384365	0.0	388.3852575429377	741.9026349243325	0.0	626.5291599080323	469.19544410107625	0.0	682.4090238606791	611.8748954906239	0.0	740.1092165879384	738.4620242093262	0.0
227	7.588347659980898	553.3183692271951	760.11803348076	0.0	501.57887361552446	779.4886251293431	0.0	503.06399544805225	1014.54929700332	0.0	526.3383022407896	1218.4652214351472	0.0	520.8355993167985	1309.7605928967912	0.0	489.3588336023403	1299.413868516211	0.0	537.9662994471287	1245.7329004366761	0.0	612.5517954211774	773.0897165143223	0.0	635.383346823084	990.1053135818362	0.0	644.4967700653381	1208.7531363777287	0.0	641.4843930531451	1315.6418452706696	0.0	676.2405940456771	1301.248119404517	0.0	630.976962697924	1235.1731727597341	0.0	523.1970656380959	432.5253043345761	0.0	528.7027224723496	281.1056211979773	0.0	543.3990431004056	378.6434195516947	0.0	416.2818165508731	477.77619359155347	0.0	388.48536767610267	613.6823983179473	0.0	387.03660519566955	741.4248231033836	0.0	626.5093901147641	469.1678314896723	0.0	682.5034841004302	612.6533380481791	0.0	739.4209952708989	738.756331961084	0.0
228	7.621776504297994	552.9759061874593	759.8652965996266	0.0	500.5656634706842	779.2185732934656	0.0	503.70917724581204	1013.516357555449	0.0	526.8568234817401	1217.8469631836215	0.0	520.1520136312987	1308.0820803021238	0.0	488.87669677718253	1297.8399367250313	0.0	538.4550508783938	1245.9176742867967	0.0	612.2852049240197	772.9487489883708	0.0	635.3594555361706	989.8873423992067	0.0	647.4389221340916	1214.1632627641852	0.0	643.6976486570944	1320.95432038814	0.0	679.349115958076	1308.3763523373725	0.0	633.040057331978	1240.5658639076053	0.0	523.3310068412092	432.49814500777353	0.0	529.853312514214	280.96413645014474	0.0	545.3441347793121	378.5569597373952	0.0	416.0616067569	477.53545383842214	0.0	388.0377197925293	613.3533158187645	0.0	385.3300570561128	741.5508722180266	0.0	626.3197723115006	469.1598113921795	0.0	682.4679308238193	612.9912537114039	0.0	739.0722008827527	738.9058718257559	0.0
229	7.655205348615091	553.3097988884748	760.6693419919907	0.0	500.6400769972591	779.6337153873499	0.0	504.40911783896854	1012.5873227029894	0.0	526.912182213831	1217.5110865813583	0.0	520.1075722232903	1305.9127145514612	0.0	488.63524280926174	1295.5844879999333	0.0	540.1175800043555	1245.7793167414652	0.0	612.406482960288	773.0064601752779	0.0	635.2135801616914	989.3918350225051	0.0	649.4228199046809	1218.8549387988335	0.0	646.4204648116928	1323.5754209905897	0.0	681.2697084870399	1312.1446146892797	0.0	636.5690911613921	1246.3526787789092	0.0	523.1340314031359	432.5807456755904	0.0	530.1088882302598	281.6662625309873	0.0	548.2160416275294	378.62738438964743	0.0	415.91170666925177	477.0795772565539	0.0	386.46317310878555	613.4122425214287	0.0	383.3481923468987	741.719071135426	0.0	626.3021486848297	469.6852310437869	0.0	682.2300212634956	612.2571825927433	0.0	738.3577948341103	737.8064808042252	0.0
230	7.688634192932187	553.7488010714092	762.9558735634976	0.0	501.2283151892425	781.5417387298467	0.0	505.07240636196275	1011.9249192600168	0.0	526.6685636176753	1217.1184977323676	0.0	520.0433914224657	1304.8500395818892	0.0	488.58174264375907	1294.4888208837956	0.0	542.2127676670287	1245.1733142315736	0.0	612.5979102457022	774.2701762076063	0.0	634.8360419353041	989.1011606305519	0.0	651.0947324776635	1221.2415574790336	0.0	650.2531035508422	1323.6942422147265	0.0	683.4347926684933	1312.3415926598157	0.0	639.4390272378677	1250.4779002945	0.0	522.6411772125452	432.5171285951744	0.0	529.9726286582185	282.9335575541062	0.0	549.1258314948169	378.70479297149296	0.0	416.591268656472	477.0974321782976	0.0	383.9462454412685	613.4737973534139	0.0	380.57810715968805	741.4073506860774	0.0	626.4050866698472	470.2588428728851	0.0	682.1946397902323	611.1441197141953	0.0	737.3413746497391	735.1276899993946	0.0
231	7.722063037249284	554.1395287308129	765.5823831319777	0.0	501.7244403640035	783.2475278451758	0.0	505.41187955213644	1011.6575006550855	0.0	526.2451588708416	1216.9232672639519	0.0	519.887044446433	1305.1990895522483	0.0	488.5327653726612	1295.302088263042	0.0	542.9975453276307	1244.95647016444	0.0	612.933025695169	775.5533866531098	0.0	634.6388912452476	989.5919481134457	0.0	652.9119751135938	1221.184632200841	0.0	654.1224073120753	1320.2751042005489	0.0	686.4742247047975	1309.145124168594	0.0	640.4332228069353	1251.7331854350132	0.0	522.7002553629212	432.2784308895501	0.0	530.2081302368063	283.4292994681813	0.0	547.3001590375314	378.4011396714457	0.0	417.97474014791413	477.7078030877945	0.0	381.98262124239994	613.0870264191311	0.0	377.1066226132468	741.0079425001279	0.0	626.6356207651979	470.65299569774953	0.0	682.8102909492063	611.0806195958853	0.0	736.6692682580626	732.4449522079747	0.0
232	7.75549188156638	554.249735879015	767.1214785665825	0.0	501.9334505053065	784.0068384313182	0.0	505.5124556971352	1012.5065400624288	0.0	525.9622459737118	1218.2122878013206	0.0	520.3485748622016	1305.9597456989761	0.0	488.44164170705386	1297.17365468164	0.0	542.3772630424576	1247.0396696318646	0.0	613.2060043743749	776.4576592561523	0.0	634.6946412508335	992.0861278554088	0.0	654.2698225615115	1221.8610950456862	0.0	657.5157153916131	1313.758530024184	0.0	689.7648601755889	1304.4688146461388	0.0	641.3854301773096	1252.9343891221645	0.0	523.8398772044386	432.0367909879131	0.0	531.220165174375	282.9626052296066	0.0	545.6217714270774	377.28164443244	0.0	418.9812780066324	478.31611691995613	0.0	381.36767162979544	612.5525431319031	0.0	373.59042257310546	741.1553761405411	0.0	627.3896392593313	471.4102482302753	0.0	684.477418591432	612.7210906909465	0.0	736.5891460427395	731.2397900507431	0.0
233	7.788920725883477	553.6009770720099	767.8786740444647	0.0	501.5295810249131	785.1068919228784	0.0	505.47761765016025	1014.602398050439	0.0	526.1240830418005	1220.9375368301628	0.0	521.4383001583977	1306.302058340064	0.0	488.4385982838597	1299.0273093513272	0.0	541.8121813307558	1251.1975085340723	0.0	612.8026220490203	777.7913269539645	0.0	634.2871653422486	996.6008219183578	0.0	654.6947740206404	1224.9097050073767	0.0	660.6923015581391	1308.0268928227463	0.0	692.657458738028	1301.7325575828743	0.0	643.2101566289919	1256.3754389644798	0.0	525.3413555174857	432.34109639346235	0.0	533.180937273231	283.3221027404022	0.0	546.9257617540334	376.14016942929356	0.0	419.35462946345405	478.618490735837	0.0	381.6912844459263	612.9637849418681	0.0	370.3653354156297	741.6463297390296	0.0	628.3555192286797	472.54091802913524	0.0	687.015902393332	615.0435960302639	0.0	736.8969136594532	730.9613679895061	0.0
234	7.822349570200573	552.4135000522502	769.4906199802083	0.0	500.5454820091437	786.4220031757276	0.0	505.0927013804633	1016.6424524599579	0.0	526.5597872428255	1222.862349042896	0.0	521.9603288927796	1306.083348032192	0.0	488.4742503187175	1299.8695426320241	0.0	541.9868028723698	1254.132636654559	0.0	611.6966613080681	779.0244554339865	0.0	632.8273738096113	1000.6376406502602	0.0	654.3367155684195	1227.9528232542975	0.0	662.276024235079	1306.8987988507556	0.0	693.981732155706	1302.3519823157246	0.0	643.6174268989521	1260.3340988329437	0.0	526.5649084809994	434.1976966716004	0.0	535.6780976012291	285.81055134561404	0.0	550.2192480623758	376.9957263947636	0.0	420.07206434685696	479.16033563250664	0.0	382.1176022866265	615.241408430165	0.0	367.1719579822465	742.0194817240675	0.0	628.9098067631927	473.4681084005013	0.0	689.8022603676111	616.6981754015942	0.0	738.0808770487129	730.6634903485735	0.0
235	7.85577841451767	551.5186899720305	771.7420837433094	0.0	499.7301174445522	787.4310432891644	0.0	504.58821398439954	1017.3541678703943	0.0	526.7631211379233	1222.7896456261515	0.0	521.5339958226313	1305.7577569654372	0.0	488.3892507799562	1299.4562422934412	0.0	542.2857177605166	1253.9656306190577	0.0	610.7582713484916	779.3994509782485	0.0	630.9121560232262	1001.5696454825952	0.0	653.3595685241716	1228.9932593648934	0.0	660.5538659151399	1309.3295855995975	0.0	692.4873695456681	1304.2644865476975	0.0	641.3520837582016	1262.3224288723643	0.0	527.6929699806527	437.48701940596465	0.0	537.4911646627705	289.2108236280645	0.0	551.7977909201774	380.0310508901201	0.0	421.6838691255885	480.1690175094993	0.0	381.9782726083541	618.803716043881	0.0	363.90540795487937	742.239385182958	0.0	629.5395826414469	474.08034636703985	0.0	692.6438077238075	617.4747054924385	0.0	740.8225452740613	730.1011112500655	0.0
236	7.889207258834766	551.3459665867665	772.4928778016781	0.0	499.79462331653184	789.4267963494884	0.0	504.6686385018442	1016.7740733089357	0.0	526.5974934761434	1221.880422094238	0.0	521.4204078566063	1305.7565123820914	0.0	488.6777290828409	1298.3721436681385	0.0	542.3881578403286	1252.235380121936	0.0	610.7396053933576	780.0596221360497	0.0	629.4943900997446	1000.2745804309031	0.0	651.3526074038263	1229.2390386175816	0.0	656.1543115961287	1311.4187104496978	0.0	688.2549884910961	1305.4661152762858	0.0	638.7114477611011	1262.4687938910151	0.0	528.998066570886	439.9156795792593	0.0	538.3452790111614	291.3865874426901	0.0	550.775270473826	382.86915517202203	0.0	423.5476860855903	481.1748577747147	0.0	381.82327217398466	622.1382098873218	0.0	361.2509728219213	742.3235566245202	0.0	630.781814491607	474.7140757218618	0.0	695.429487591451	618.0374925447449	0.0	743.6746780327229	728.8937610895481	0.0
237	7.922636103151863	551.8471978577671	772.1507222601443	0.0	500.4773228929796	792.7060638415916	0.0	505.4905535031376	1016.4588471484548	0.0	526.6034235314651	1221.5054841836095	0.0	522.1961762921735	1305.7508110928193	0.0	489.6942730894862	1297.1675941794322	0.0	542.8622994683651	1251.1051706613332	0.0	611.2658240113489	782.6802050415826	0.0	628.4984643850971	1000.4819318564369	0.0	647.9592003665067	1230.6977728980776	0.0	650.6977685396388	1312.0097002788077	0.0	682.6269240239012	1306.6514472123188	0.0	637.0648950372745	1262.9094838155154	0.0	530.7016546144214	440.01387044154757	0.0	539.6021086556401	291.89353436212457	0.0	550.6223064159951	383.95014796708773	0.0	424.9529660397774	482.1118431648047	0.0	382.89746606057287	624.8802483501701	0.0	359.70960883885283	742.0632106798882	0.0	632.2071328978599	475.6828611359727	0.0	697.5602715522765	618.793663563177	0.0	744.3751056705064	727.2800767350805	0.0
238	7.956064947468959	552.702489779207	773.6304920656586	0.0	500.79095892811614	795.3631881097131	0.0	506.37175994887	1018.1075889418063	0.0	527.1777923172837	1222.0411396636812	0.0	522.634927711901	1305.4934714397912	0.0	490.3918107503124	1296.4894550894355	0.0	543.323864530241	1251.289038135003	0.0	611.3502649428566	786.8410712842306	0.0	626.9517170175995	1004.0288571225425	0.0	643.6658459341629	1234.1566021276976	0.0	644.976233606909	1314.0658190557087	0.0	677.4657151119593	1309.9376066619761	0.0	634.0609808286064	1265.7063170080062	0.0	532.661046891728	439.5279230256553	0.0	541.7216335918364	291.59144884394556	0.0	553.0734573584859	383.99515609268747	0.0	426.3086725628983	483.36372946434614	0.0	384.9804582176773	627.7746563529461	0.0	358.561032736476	741.4301851722194	0.0	633.5584599841372	477.0359696131863	0.0	698.9606820289232	619.3806408489494	0.0	743.9234711252509	726.2164665770304	0.0
239	7.989493791786056	553.3827580723726	777.2720371426208	0.0	500.4346998450832	796.3725404463662	0.0	506.5975880823609	1020.9965769535471	0.0	528.0332262766009	1222.9083939270374	0.0	521.9385766059542	1305.3297588661958	0.0	489.76539991446543	1296.4097175530019	0.0	543.1119665619924	1252.0548603835339	0.0	610.9294498503066	790.3278420424808	0.0	624.2305914079855	1009.0757819738076	0.0	639.1194187829053	1239.308671350711	0.0	639.4817598383765	1320.6214453895525	0.0	673.7308764994717	1316.2193429803333	0.0	628.0357166545723	1270.8981955794038	0.0	534.1534679424262	440.5483168041031	0.0	543.5920685179362	291.2674100608699	0.0	555.6677513576733	384.1960725219163	0.0	428.48084168220225	484.90280648172205	0.0	387.0260919621978	630.8403996645515	0.0	357.1210717570532	740.6599000972155	0.0	635.0097672034084	478.4413884084074	0.0	700.4059840064423	619.5329881214666	0.0	745.264563183536	725.8039069166125	0.0
240	8.022922636103152	553.5923104615958	780.3218924381034	0.0	499.9431085596841	796.476254561373	0.0	506.0364822747424	1022.7765855248841	0.0	528.8263627147437	1223.2051623381221	0.0	520.8985016827925	1305.3009064903347	0.0	488.51846167040657	1295.704107606098	0.0	543.714270406307	1252.3245222395308	0.0	610.7396262604568	791.8143105352525	0.0	621.1073348390727	1013.3341402783352	0.0	634.9393346278621	1244.915455552001	0.0	634.7082121442049	1330.7186529430867	0.0	670.4812009080913	1324.1993842701602	0.0	621.5893520120997	1276.375344414831	0.0	535.1257625431572	442.53398125638694	0.0	545.0585485664745	291.38128721434134	0.0	556.6387371544616	384.4155033914909	0.0	431.42903400555923	486.33644807715564	0.0	389.0638094098791	633.1929648519032	0.0	356.2476360463271	739.6283013244437	0.0	636.3762161578751	479.6724932088228	0.0	702.4001338323843	619.9808298836824	0.0	748.7304357437425	725.9820824491227	0.0
241	8.056351480420249	553.5922499008143	781.3889953920382	0.0	499.54429482741637	796.5928734171259	0.0	505.31988294153155	1023.0608416940312	0.0	529.0693528853506	1223.134900080782	0.0	520.1123451954393	1305.3945134532917	0.0	487.7254347090672	1294.3732267990133	0.0	545.5445609824159	1252.451842063492	0.0	610.9410732192739	791.9193750586946	0.0	619.2182289176299	1016.5642790108069	0.0	632.1206596873639	1249.3398863767945	0.0	631.0023778315954	1340.509816140913	0.0	666.9438432350979	1332.031381589322	0.0	618.2204436957298	1280.6571239327573	0.0	536.4724140347282	443.5487737501667	0.0	547.2709781945357	291.70842357144136	0.0	556.8747316815632	383.43893035173085	0.0	434.3024962949097	487.32475073433375	0.0	391.4877641424351	634.4478987454637	0.0	356.99700357383153	738.1877416496962	0.0	637.6733670203171	480.89167160327446	0.0	704.7930678226479	621.7951569438471	0.0	752.4010539210892	727.3249347306507	0.0
242	8.089780324737346	553.727701312727	782.2047048991998	0.0	498.7273992259878	797.2698228725558	0.0	505.21492517909206	1023.4844127331482	0.0	528.0362937607249	1223.4731929833736	0.0	519.2460183628815	1305.8668213018798	0.0	487.34371848166893	1294.4573099504353	0.0	545.6328433245958	1253.5861153374642	0.0	610.7577904351471	792.084023000844	0.0	619.2629848035167	1019.365266744976	0.0	631.064379401599	1251.6401593604387	0.0	628.7371376191192	1347.14494789847	0.0	664.1916883881079	1338.5531425952172	0.0	617.8566582593834	1284.0501408363077	0.0	538.6746890922243	442.76908687170845	0.0	550.437766327198	291.7044865777739	0.0	557.4709945377792	380.9323882320873	0.0	436.50469725502137	487.5995022103261	0.0	394.0202843291838	634.7213355577437	0.0	358.43727782367625	737.0488113555132	0.0	639.771360228431	482.1096323552847	0.0	707.320921347601	624.970328287035	0.0	755.4141070906269	729.994795656826	0.0
243	8.12320916905444	554.069045564541	783.7410446159213	0.0	497.59252523081096	798.0883510612898	0.0	505.48751779836175	1024.465532700742	0.0	526.1646421074443	1223.8697448754772	0.0	518.3664633143347	1306.4344845057578	0.0	487.05972865641394	1296.2334689912364	0.0	542.9976404634953	1254.8093075829356	0.0	609.8577629667572	792.8088768906459	0.0	620.302367867535	1021.2729093474658	0.0	631.0598430150701	1252.1532683885603	0.0	628.1404390760106	1350.3985080416	0.0	663.3918453995861	1342.7042202417151	0.0	618.0400170755377	1286.466536328812	0.0	541.3680711984653	441.05237504730144	0.0	553.5224839889336	291.3754369134399	0.0	558.4809093989618	378.4616458372801	0.0	438.2244208374585	487.0594494922806	0.0	396.2575958857908	633.7153553567331	0.0	358.70226373815416	736.9423265695108	0.0	643.0553957170707	482.77437796823295	0.0	709.9575188057747	628.0741595311657	0.0	758.5016172769718	733.8332098208281	0.0
244	8.156638013371538	554.8905480602248	783.4849776698226	0.0	498.00860879260716	797.682396005534	0.0	505.7090973216688	1024.8166617439347	0.0	524.9195356744486	1223.8467954673847	0.0	518.3036389390536	1306.6628996028164	0.0	486.82962305273605	1297.3785101180238	0.0	540.6253294571592	1254.2420232329732	0.0	609.9224627750189	792.882709437687	0.0	621.2110969586191	1021.5830198492454	0.0	631.5487782317514	1252.432928711207	0.0	629.0642920900237	1351.7782240002277	0.0	664.3955638374476	1343.8773293915935	0.0	617.8198561081364	1287.3451179265503	0.0	544.0115860633296	439.891717355392	0.0	556.0951466572205	290.62252658572123	0.0	559.5486600379588	377.5210733867484	0.0	439.89254760043355	485.95051655704765	0.0	398.1312934131011	631.5301686336487	0.0	357.91322329127536	737.1562978319342	0.0	646.5938824203971	482.40668423493844	0.0	712.6655405223682	629.7591840191069	0.0	762.2480714469984	738.3897698991948	0.0
245	8.190066857688635	556.4296374043159	779.7342793963593	0.0	500.7115339550051	795.6653846643886	0.0	506.27211340965664	1024.2955286006077	0.0	524.8059588976483	1223.829501238578	0.0	519.388964291278	1306.7768401499911	0.0	486.5603738707554	1296.6211371311776	0.0	540.2023233660784	1252.4678797972142	0.0	612.2671745618566	791.1929475168056	0.0	621.8370007804475	1021.2078798605058	0.0	632.5727338098379	1254.1988949900453	0.0	631.0596957249213	1353.2824303283094	0.0	666.3390395250902	1343.6030714751676	0.0	618.2395718030892	1287.7470279555405	0.0	546.6828801207506	439.5794570660242	0.0	558.8624961921846	288.47032433981934	0.0	561.3784776007417	376.7741366561472	0.0	441.6250521211865	484.57897358913743	0.0	399.53137750087	629.1607780723808	0.0	357.78033132719827	736.1413516001287	0.0	649.7119331859142	481.398508199205	0.0	715.1044268532222	630.1011193992589	0.0	766.1853757845515	742.0777501950919	0.0
246	8.223495702005732	557.8955100691076	775.2042723077593	0.0	503.0843724221112	792.9578544491349	0.0	507.17173330648217	1023.8451825860078	0.0	525.2201760209325	1224.0469746152112	0.0	520.6338867314746	1307.0902627126718	0.0	486.4951008420424	1295.2420580361988	0.0	540.3720060398463	1251.5770529706476	0.0	615.0369491730769	788.510403415493	0.0	622.0686792851315	1021.5663186192664	0.0	633.5779305162395	1257.1304550007728	0.0	633.1745124025061	1355.8007651382077	0.0	668.2155094837791	1344.3994178654425	0.0	619.5551463262879	1289.6035586442867	0.0	549.9736005095687	438.71576822659654	0.0	562.5501199733249	284.47536020743354	0.0	565.7363323245347	374.0796232891269	0.0	443.4024591665512	482.8532129534319	0.0	400.18434355694467	627.1878728900136	0.0	358.55058764937155	733.6919322942159	0.0	652.9910666775849	480.43379429386107	0.0	716.9169062238664	629.9575333755589	0.0	769.5141732903083	743.2958614601748	0.0
247	8.256924546322827	558.5189074842118	773.1517370615458	0.0	503.3335794194879	790.4175174629485	0.0	507.72725172263694	1023.7220049934633	0.0	525.6297731528027	1224.2275826939278	0.0	521.1057419786141	1307.4076651779865	0.0	486.9804473023932	1294.7877032811853	0.0	539.9622956656212	1252.1096203190432	0.0	616.5508089266044	786.2934673349872	0.0	621.829647951133	1022.1810053801039	0.0	633.7451121826472	1258.8191808446627	0.0	634.1457026118609	1358.0447110625855	0.0	669.148726654631	1346.595298207991	0.0	620.7202056806302	1292.7851246686068	0.0	553.676641412278	436.6593776764159	0.0	567.1828368198805	279.78751907676633	0.0	572.4517610591653	370.5532364120193	0.0	445.1434984067588	480.7331922352468	0.0	400.2741572221341	625.614098373081	0.0	358.83317900944724	731.6642389182364	0.0	657.0530178029898	479.82436875060216	0.0	718.1037895802482	630.0383649037334	0.0	772.138047897158	742.7090350012896	0.0
248	8.290353390639924	559.4759663911107	773.4912592036426	0.0	503.5481038412437	788.9205103916971	0.0	507.793522134193	1023.2612373832956	0.0	525.903689196358	1224.0924110093972	0.0	521.8046883875564	1307.2798787632717	0.0	487.9426836328538	1294.9876935732384	0.0	539.1868758160485	1252.9021806334729	0.0	618.0548332730579	785.3487756247804	0.0	622.2102353699667	1021.2107885904474	0.0	633.5080265702177	1257.9321245706487	0.0	633.7960113211376	1357.8792666762297	0.0	669.0371824463051	1348.7340227426753	0.0	621.4631606169662	1295.0807159890994	0.0	556.8011026306062	434.7190341149243	0.0	572.2202673366813	275.7064285227572	0.0	578.1091525309027	368.9303155960853	0.0	446.6993077349818	478.5485288789953	0.0	400.3484115504717	624.6807782300616	0.0	357.88601462523644	732.3854301188863	0.0	661.3140496947469	479.5664675269991	0.0	719.1613245572255	630.6175358956763	0.0	774.8269413582925	743.1491844937966	0.0
249	8.32378223495702	562.0884859866222	774.2788887777764	0.0	505.85734756167443	788.5723797652779	0.0	507.75567822949046	1022.139767866473	0.0	525.9364566751954	1223.5586040789565	0.0	523.5625143639402	1306.7745254023287	0.0	489.1114106535628	1294.9795497326895	0.0	538.5651147906697	1253.0230304986108	0.0	620.3557772005681	785.2984644339987	0.0	623.7588157106288	1018.3932812704758	0.0	633.618500048807	1256.0224179292295	0.0	633.2157013054699	1355.8048183761066	0.0	668.9156473376282	1350.2536384043447	0.0	621.6706477885107	1295.6074058011516	0.0	559.4209467591814	434.04553408322215	0.0	577.1577945780596	272.48138729583786	0.0	580.4697158319713	369.87257200970464	0.0	448.229485180084	476.50622000973067	0.0	400.416434918271	624.3790062079285	0.0	356.1493633642666	736.3518743351149	0.0	664.7341441794835	479.17967790577575	0.0	720.8609224132589	631.2304681212865	0.0	777.9154081844227	746.1267144804934	0.0
250	8.357211079274117	565.2176360228397	774.4236877444598	0.0	509.0648533103457	787.7527297552897	0.0	507.8036823261576	1020.8183689247056	0.0	525.6009601074475	1223.1446360582229	0.0	524.349925112983	1306.8884568512092	0.0	489.90410340858693	1295.292416379372	0.0	538.552670663263	1252.8432095341493	0.0	622.3098319452398	784.4880123219527	0.0	625.2507850592963	1016.4101278757768	0.0	633.8167897458795	1256.4787075264292	0.0	633.1666374526106	1356.6880292333306	0.0	669.7642385292097	1352.1590213649802	0.0	620.7332541593685	1296.1011801408158	0.0	562.4682605746837	434.04848799949633	0.0	582.0856455154604	269.8432328718453	0.0	582.3607084600475	371.99278452042614	0.0	450.05910645596805	474.87984371304736	0.0	400.25020741351534	623.9640235032091	0.0	354.7927420422633	740.998235596827	0.0	667.1630723897027	478.08275365394366	0.0	723.5239978144259	630.9540793860025	0.0	780.3450229658654	749.4955375329783	0.0
251	8.390639923591213	567.0282667276912	774.8818027270424	0.0	510.8236995835079	786.987826482019	0.0	507.9060872898885	1020.285465814119	0.0	525.4543960652575	1223.6302402818876	0.0	523.1887993673225	1308.282610611121	0.0	490.02187080631285	1296.799650696309	0.0	539.1745809510758	1253.405905288227	0.0	623.6485915069031	783.6282616724628	0.0	626.3814333905676	1017.5498436663146	0.0	633.9667382842998	1260.650335804324	0.0	633.6425186369523	1363.223975149666	0.0	671.2773065642372	1355.3126995983941	0.0	619.5068792879682	1298.0146835297603	0.0	565.6882924899624	433.37700041692574	0.0	587.5039547564214	268.2529840767589	0.0	587.562449670585	373.7263674698588	0.0	451.8757044007837	474.0777357920107	0.0	400.1567438997404	623.183364455034	0.0	355.2058846065846	743.2709199451831	0.0	669.4109636010562	476.4103914520965	0.0	726.6099777979841	629.5045816535369	0.0	781.2311870122347	750.5407808084972	0.0
252	8.42406876790831	567.5256720398934	776.8791697336856	0.0	510.6048414583044	790.198052514008	0.0	508.1872464847258	1021.7629550399994	0.0	526.2463121291939	1224.9001313475214	0.0	522.8979418245992	1310.0814410101932	0.0	490.07692517942013	1298.8057770477762	0.0	539.7170806010616	1254.9782748466798	0.0	625.3418515910622	786.7666496651999	0.0	628.2335676808746	1020.2278444185931	0.0	634.4956259001834	1264.938757180427	0.0	634.5070411264632	1370.423268838108	0.0	672.749716531008	1358.867530338007	0.0	619.4750274428776	1300.2114864944263	0.0	568.2991386274908	431.6120576423826	0.0	593.4176613375307	268.6838132830358	0.0	595.0941039494837	374.4932480831869	0.0	453.0554144970268	473.57436495098165	0.0	400.5234869224706	622.8159639367082	0.0	357.23900561731944	743.8138608008935	0.0	672.5339847681286	474.7213849934313	0.0	729.0708563836627	627.9089962295416	0.0	781.1058747530218	749.5518101391175	0.0
253	8.457497612225406	568.1833642506688	779.0945355606017	0.0	509.93081071335644	797.1938274904045	0.0	508.7755742475091	1024.7425295705925	0.0	527.4698224134515	1225.8023332521686	0.0	524.7332221515037	1311.0589741004867	0.0	490.22540243578845	1299.8956584069279	0.0	539.7580337826422	1256.34823077661	0.0	627.5064088532095	793.7704307595789	0.0	630.248301202963	1021.6979808859329	0.0	635.1821814247924	1265.8310214797968	0.0	635.7494813954451	1373.5271941563221	0.0	673.8756597320212	1361.6290715603193	0.0	620.4115732824416	1301.0222617179647	0.0	570.8343756971381	429.35834927302284	0.0	598.9387648139906	269.95280823264187	0.0	601.3516828723632	374.44470111038635	0.0	453.7763474105019	471.91715463096256	0.0	401.2307005789901	622.9805687216785	0.0	358.93373170414105	745.5959290550021	0.0	676.8740064395968	472.96656675410486	0.0	730.4931179688621	627.4797512146681	0.0	780.9443587309208	748.5195235106323	0.0
254	8.490926456542503	569.9641343382865	779.733489677053	0.0	510.6220180679416	802.2876805273867	0.0	509.4170906164759	1026.6302188467344	0.0	527.8779983994815	1225.021627835218	0.0	526.4864355607032	1311.1687901236	0.0	489.9672606577306	1299.9621765347547	0.0	539.6251226433732	1255.3774396013082	0.0	629.3030028278309	798.9132139602414	0.0	630.8569910193132	1021.7802917516456	0.0	635.6542277404685	1265.3536745112579	0.0	637.035179192852	1374.5081291367685	0.0	674.326256138094	1363.893831261044	0.0	621.2380590811262	1300.8937381890817	0.0	573.9929589429447	427.4870388559379	0.0	603.5494871705773	268.841255616003	0.0	605.678482595729	374.00290749262973	0.0	454.3266598758964	468.7737674967663	0.0	401.6365080520191	623.0265376160693	0.0	358.96870314352986	748.9074109934813	0.0	681.8940559012258	470.63320929398844	0.0	731.6745524958197	627.8291715477263	0.0	781.0775314087758	748.3064299515332	0.0
255	8.524355300859598	572.0812403088395	779.6481314693075	0.0	512.5268031633952	803.1768975412012	0.0	509.65027309825484	1026.978713732597	0.0	527.0310252272849	1222.2854543228093	0.0	527.3662660035767	1311.2384578474444	0.0	489.61225001897384	1299.9285480080493	0.0	539.6308200511775	1250.8174583664547	0.0	630.5083858622122	799.8149673295513	0.0	630.9343247204556	1022.0676238395054	0.0	636.3597047034465	1266.7799288466988	0.0	637.5450820592757	1376.320712065886	0.0	673.8542230986525	1366.062903600362	0.0	621.4791139865745	1300.756290773119	0.0	577.1712990949076	426.35135460436265	0.0	608.1592927264993	265.05543725108384	0.0	610.4783226811811	374.006901912528	0.0	454.4449151845236	465.4341234338538	0.0	401.06805233229613	623.1732514255026	0.0	357.91164720588137	751.1549523835367	0.0	686.8133937504535	467.9586737594136	0.0	733.2738738624225	627.1318631281302	0.0	780.9999837233385	748.4181298470648	0.0
256	8.557784145176695	573.3412033137798	779.891593979774	0.0	513.7569485283434	802.6434814821074	0.0	509.0458314019241	1028.5484531730067	0.0	525.84308785987	1219.2140814174838	0.0	528.4717870486852	1311.8206639518944	0.0	489.7739050073263	1300.2355275894138	0.0	539.8445248104812	1244.6692116668034	0.0	631.9428282867927	799.2200705630503	0.0	632.7845006962157	1024.0113896806056	0.0	637.7215604923339	1269.3625699903446	0.0	637.4392121438503	1378.686815135532	0.0	672.9492978615185	1367.6935118570534	0.0	621.6215786437656	1300.55244708412	0.0	579.8412022392972	424.8186754631788	0.0	613.4086024059818	262.53432440475797	0.0	617.0751491372788	375.1982988464258	0.0	454.72335558483064	462.61920312456004	0.0	399.74677199889356	623.7793109836994	0.0	357.0412913844273	750.8182262397896	0.0	690.8410486751462	465.69532682081007	0.0	735.0619858522799	625.1373730271869	0.0	780.2523053033633	748.3341663227121	0.0
257	8.591212989493792	573.9049298586013	779.5496119755173	0.0	513.674722590871	802.6105844742593	0.0	507.38571394200653	1032.54175325806	0.0	525.5569761051258	1217.1960958236268	0.0	529.5077570553493	1313.0793691814022	0.0	490.1495952503659	1300.7636142503015	0.0	540.0432819590269	1240.143391837115	0.0	633.9428325479224	799.0784785384479	0.0	636.2766748329664	1027.5520177420683	0.0	639.4214241864997	1271.3912552721936	0.0	637.7001525711958	1380.973735746804	0.0	672.8801452619349	1369.180147346765	0.0	622.3822611320502	1300.9919509980741	0.0	582.2787935502096	421.7091799081763	0.0	618.0837485013925	263.2813950646441	0.0	623.8239291957827	377.2065135240296	0.0	456.1613942650086	459.8298655170258	0.0	398.53687197135145	624.0180067299103	0.0	356.87525429196654	748.967601826743	0.0	693.4864632385876	463.5875843599115	0.0	736.6776083018755	623.5626349893957	0.0	779.3192401486282	748.1039664276423	0.0
258	8.624641833810887	574.662520221602	778.308584845026	0.0	513.6207570074936	802.6790947165301	0.0	504.95656950875815	1036.8609009622933	0.0	525.9446301558135	1214.754644099864	0.0	529.2931882988844	1314.9448000128402	0.0	490.1092655601459	1301.3077172629417	0.0	539.6111791134447	1236.5174579881902	0.0	635.6925376484197	799.172272871286	0.0	639.0482101609431	1030.0791824141131	0.0	640.6125060456408	1273.7930408843645	0.0	637.9856756524423	1383.1071285965359	0.0	674.1172883289103	1370.7791420954077	0.0	623.0139951821997	1302.8573526773723	0.0	584.462848680899	418.2232907380933	0.0	621.1184149318665	263.3147998231958	0.0	627.9751718650582	378.35417363638726	0.0	458.23110813700066	456.64451523846424	0.0	397.6848447467715	622.6539189513545	0.0	356.927246880307	747.6857739761648	0.0	695.2576266139561	460.8924296857091	0.0	738.1032030455979	622.6823289877352	0.0	779.0670493548788	748.0635418835617	0.0
259	8.658070678127984	575.8095425219958	777.5600584623895	0.0	514.2402027225695	802.1405022797987	0.0	502.12990340555586	1040.2472188400122	0.0	526.1660511155766	1210.635124814391	0.0	527.940044638509	1316.7401250562864	0.0	489.65792271030006	1301.7004072410339	0.0	539.0000707512634	1231.4013985838244	0.0	636.6828202500341	799.1514410309217	0.0	639.917525769675	1029.3346617848927	0.0	640.9255484035046	1277.6659979729661	0.0	637.4297666261723	1384.1817561884	0.0	675.3287550960712	1371.256619008451	0.0	622.589778767065	1305.0560125322297	0.0	586.4049499870492	416.034855899503	0.0	623.1003249129817	258.5500025234093	0.0	628.7774549749585	376.82271761505217	0.0	459.80569917214615	453.1283060841248	0.0	396.99827356564373	619.5623407162658	0.0	356.71094120093295	748.0484150473397	0.0	697.876966975147	457.998504998934	0.0	739.7811472434148	621.4014880935836	0.0	779.7135633958762	748.5231326020772	0.0
260	8.691499522445081	576.6819798957583	778.1317150240513	0.0	514.3681275368585	801.1294359166119	0.0	498.77548807672224	1044.4159638827912	0.0	526.8440326098103	1207.1716886030806	0.0	526.8409894434781	1318.2362240919406	0.0	489.2643818124338	1302.0057674078294	0.0	540.6398501681757	1226.0835566065973	0.0	637.1206754844777	799.2691526549377	0.0	639.8267510353119	1027.3958172983355	0.0	641.0821619851671	1281.0358211180205	0.0	636.3648659222199	1383.9541710350984	0.0	675.0272408563869	1370.5737982293765	0.0	622.2511459673347	1306.077297023523	0.0	588.5748887246903	414.4891833512886	0.0	624.4512294282008	251.76099150882084	0.0	628.4496231995882	372.7503383827594	0.0	460.6795304860073	449.7438766656035	0.0	396.8446391883644	616.3610708613858	0.0	356.4487887902014	749.10271237833	0.0	702.3120610704423	455.6411562913884	0.0	741.9823612370611	620.1953864960301	0.0	780.7221543889992	749.302876401766	0.0
261	8.724928366762178	576.8040174442423	779.1962382016425	0.0	513.1435222460153	800.2145695081706	0.0	494.6158767761353	1050.2830816495439	0.0	528.5484960490759	1205.9796152105835	0.0	526.7050969099639	1320.1036260468566	0.0	489.23130491093275	1302.3023410338592	0.0	545.2408656043906	1221.9449723545606	0.0	636.8809886460306	799.5768557240901	0.0	639.8177334253711	1027.3116628241241	0.0	641.5807175233849	1280.7605561499815	0.0	635.5704477428213	1383.7093778756027	0.0	673.576232123846	1370.8729415020946	0.0	622.6607525511386	1305.8251592760078	0.0	590.9278092175944	412.29420070546945	0.0	624.8961491722172	247.87856572781436	0.0	629.241201966185	368.41583123304076	0.0	461.1747654811942	447.0047929797229	0.0	397.59305897081254	614.3663203725818	0.0	356.5952801828607	749.5334080221357	0.0	706.6446506089211	453.7270413376724	0.0	744.15940685039	619.4193897793818	0.0	781.6050289123289	749.4858518694833	0.0
262	8.758357211079273	576.5489353993202	779.4040914580878	0.0	511.56009321736565	798.6383187140551	0.0	489.8449512170272	1055.4268960624402	0.0	530.2719864621645	1205.236620679428	0.0	525.9546284513806	1322.3633702716236	0.0	489.2190704768155	1302.5444920275681	0.0	549.4430643178171	1218.076007541798	0.0	636.0914912215177	798.678439873367	0.0	639.8910686176716	1028.5642707809943	0.0	642.1477059291432	1277.5991076249495	0.0	635.5206604999316	1384.8779620911039	0.0	673.2045822943522	1374.0813934156627	0.0	622.4131744916086	1305.6503806019555	0.0	592.62639478909	409.8452717505678	0.0	624.8572925648433	245.7341135433354	0.0	630.6722900833677	365.7553452760909	0.0	461.5373121364725	444.58314438550116	0.0	398.5787121640333	612.5055588473747	0.0	356.97051036783967	749.5355660818176	0.0	708.3994225977507	451.98417883989185	0.0	745.6510744843735	617.3957327663144	0.0	782.608044968428	748.448129144996	0.0
263	8.79178605539637	576.1380364461284	778.4342600832841	0.0	510.73004236067106	795.2381876982415	0.0	485.36642047270675	1057.3152481655875	0.0	531.6590890030019	1205.1464668104734	0.0	522.8262188244432	1325.2296097651447	0.0	488.3770703043809	1303.7210243328677	0.0	551.1481939768546	1217.1029616202939	0.0	635.9743898078978	795.3846095744677	0.0	640.1656424693056	1030.4285522813764	0.0	642.5779168575616	1275.5155823756177	0.0	636.3668129122683	1388.4042983626377	0.0	675.2185776272615	1379.3749821263636	0.0	621.4441695358535	1306.4128991870773	0.0	592.8982724210837	408.02149625984936	0.0	625.1163462929976	241.72553346617696	0.0	631.092787718248	364.8490514966564	0.0	461.6393809842418	441.74954443543254	0.0	398.85329054997493	609.821385413432	0.0	356.8577276574198	749.5912107310603	0.0	707.815327307689	450.3732902544426	0.0	746.4107615848784	613.4706506771852	0.0	784.0254035409112	746.6199687905776	0.0
264	8.825214899713467	574.9991898021657	776.9974584782962	0.0	509.8911732551827	791.5528633938791	0.0	482.5113563408547	1056.5623936127456	0.0	533.463628928855	1209.5947411059103	0.0	518.3353593657196	1330.766483924198	0.0	486.2857739024057	1308.458573054338	0.0	552.5837035576155	1224.2108001600354	0.0	637.1404370375527	791.6096040402604	0.0	641.3408367349044	1034.1246203274866	0.0	642.5477336056043	1276.0812965401449	0.0	637.6669102350328	1393.6522877028628	0.0	678.0507726264992	1383.313323096329	0.0	621.11759405523	1307.355026425704	0.0	592.0202923013613	406.14197375753383	0.0	625.5458290802202	236.90468369085227	0.0	630.24285908829	363.95290446025837	0.0	461.23995204180716	438.95968459741056	0.0	398.48915868634043	607.6949143744553	0.0	356.1768738251993	749.3977031666735	0.0	706.7153109385725	448.57655365492303	0.0	746.7767062675008	609.4436400356196	0.0	785.3713886959293	745.193366654933	0.0
265	8.858643744030564	573.0618316906525	775.6265813385045	0.0	508.05040934342793	789.6863377614474	0.0	482.37179251950795	1055.3484724132345	0.0	534.399268304605	1220.7929743195764	0.0	514.6100837575925	1340.5471202913473	0.0	483.11569155277954	1318.66776117104	0.0	554.2281775059046	1240.44516829294	0.0	638.4548657750084	789.664103044774	0.0	643.0856487290681	1038.5122095443105	0.0	641.6836679778164	1278.0455284929035	0.0	638.5620219293088	1398.08347499985	0.0	679.5989955088036	1384.2416873033476	0.0	620.9209733556185	1308.8646212855672	0.0	591.0198780587378	402.98719731751584	0.0	625.1916387060312	233.6852118545603	0.0	628.996342906247	361.1245436168494	0.0	460.65711452505485	437.01274772559276	0.0	398.17640748640736	606.9369670710319	0.0	355.5589256020283	748.9473608845458	0.0	706.0867452851285	445.8472442633632	0.0	747.1599831285197	606.588078837358	0.0	786.0249669625847	745.2279673238078	0.0
266	8.89207258834766	571.3274310465766	774.397897956605	0.0	505.96712691770125	788.6745622080064	0.0	485.0204412288828	1054.727694868736	0.0	531.7621619389977	1237.4176945042236	0.0	511.5876466804735	1353.4504857364984	0.0	478.69005140546057	1333.5048525504249	0.0	552.3673588838503	1263.012677515279	0.0	638.8012855370952	788.5742435634561	0.0	643.8508138165191	1040.7359020230265	0.0	640.2053759781733	1280.5967469185246	0.0	638.6839595919263	1400.0423273618526	0.0	679.4759974235265	1384.5046263841791	0.0	619.6510520573216	1312.5735966531429	0.0	590.3601211129543	398.91576952628844	0.0	623.4468487697324	231.2208682684718	0.0	627.9176633637605	357.1164584237614	0.0	460.0129800307715	435.23398789230833	0.0	397.7853074517768	606.4670299122574	0.0	354.9011790868393	748.618185682048	0.0	706.0957174358684	442.0578301595938	0.0	747.8157516710322	604.1749598704215	0.0	785.8621388433368	746.0458767005714	0.0
267	8.925501432664756	570.3137292767365	773.3444540295255	0.0	504.3466289908994	787.1204916922258	0.0	488.75875159186836	1054.8004001235056	0.0	525.918518251259	1256.9992739437728	0.0	507.219490173942	1367.8621843092276	0.0	472.6015503490013	1350.5775641429766	0.0	545.9785115377045	1287.8061467767782	0.0	638.2466021333446	787.0091380231734	0.0	642.8128130621699	1041.5961735459216	0.0	638.7230733052627	1283.9505091314932	0.0	638.4703697130544	1400.5134061067702	0.0	678.503536274023	1386.660326706252	0.0	618.2237212313237	1318.041608692744	0.0	589.8554249072672	395.2777119612739	0.0	620.8250269711478	227.99953191873396	0.0	626.8268698583844	353.9997183633498	0.0	458.4063945429949	433.1509164174362	0.0	396.2943457769563	605.8044428448111	0.0	353.39357656735314	748.3162044271992	0.0	706.7560467380522	438.6636825263032	0.0	748.5492074594902	601.6572849967744	0.0	785.2485536067577	746.2594994849778	0.0
268	8.958930276981853	569.3723379405454	772.5781841780293	0.0	502.4872790955356	785.90577931729	0.0	491.27129261625254	1055.4683743662363	0.0	519.6638903588339	1277.1743710736853	0.0	500.1474539646387	1383.1866966742828	0.0	465.2793233185176	1367.2769030710535	0.0	538.7635117164342	1310.7064596427279	0.0	637.2306161981569	786.1494889105525	0.0	640.6513934799644	1043.4583990032188	0.0	638.0436203961776	1288.4456438794261	0.0	638.3173218933691	1401.3163215074821	0.0	677.6252662364082	1390.164008190568	0.0	618.4344687931066	1323.799925692858	0.0	589.2582623045347	392.62446887841026	0.0	618.4129490801267	224.34480103364862	0.0	625.5523177925501	351.7023137969806	0.0	455.666265957668	431.65075299216176	0.0	393.7468154630639	605.1433401428415	0.0	351.4748684690429	747.8622521786327	0.0	707.6022337206342	436.97792544173035	0.0	748.9717758318027	599.8867387431723	0.0	784.871772246726	746.0492726551756	0.0
269	8.99235912129895	567.8703975149078	772.370417098072	0.0	500.02048588595335	786.3444297209722	0.0	492.09565802884913	1056.0443704011116	0.0	514.2575347771534	1295.7372878437443	0.0	491.00855313041706	1397.6592369510804	0.0	457.7066162586654	1381.5311461356464	0.0	533.3770250693773	1330.3060187981669	0.0	635.9602539453605	787.358368989134	0.0	638.8994501258292	1045.6232061021683	0.0	638.7451167032906	1293.6782757844323	0.0	638.131642839328	1402.88312544894	0.0	677.0813058594835	1393.1377643190858	0.0	620.2721512074372	1329.8443059802237	0.0	588.1934579222196	390.5770714498497	0.0	616.6629560302459	221.46500766454437	0.0	624.0051378734535	349.48721264919334	0.0	453.4774023327083	430.8803603035837	0.0	391.79243811705993	604.363391833576	0.0	350.6713082111167	747.2952032726486	0.0	707.8500300428295	436.1667054798353	0.0	748.9562633467306	599.4311802282853	0.0	784.9545425411088	745.8351011862142	0.0
270	9.025787965616045	565.8466912587769	773.3972983422514	0.0	497.39240813481365	788.5229772567559	0.0	492.12629219441254	1055.8701284938986	0.0	509.50658303042763	1310.8589960254826	0.0	481.25177049217507	1408.0431086398748	0.0	450.1565955220065	1392.7216267863002	0.0	529.4664445396933	1347.6566281189894	0.0	634.4423651910396	789.9824409154527	0.0	638.7713018745571	1046.3724824587364	0.0	640.2111650235189	1298.0951048648149	0.0	637.5544356562372	1404.4299607173477	0.0	676.5486879567097	1395.2021704670344	0.0	621.6890703456262	1336.3883424157898	0.0	586.2622505926419	388.98935177788763	0.0	614.931587418509	220.25212650580417	0.0	620.6757245533065	348.16751257638464	0.0	452.78231648710954	430.1989267067549	0.0	390.91251349020376	603.7845091068318	0.0	351.16023711335197	746.8115758052688	0.0	707.1048156749301	435.0131405318491	0.0	748.71293455901	599.7480065307021	0.0	785.0594636183212	745.1643975139386	0.0
271	9.059216809933142	564.1935782301849	776.0168191019258	0.0	495.1711170957091	791.3928328222962	0.0	491.9717574583513	1055.9564347218698	0.0	505.23471307791453	1321.4383397315673	0.0	472.937356991843	1412.622062329944	0.0	442.7795466248545	1400.374748537628	0.0	525.7310182430443	1362.396675431049	0.0	633.1050619821706	792.4023565359432	0.0	639.6993034465188	1046.0469138500614	0.0	640.9910969540364	1300.3966208305637	0.0	636.2658937444834	1405.6159734417938	0.0	675.8112000925956	1396.8298122244396	0.0	621.1976156398584	1342.2486782824542	0.0	583.4578837072354	388.06947111733496	0.0	612.3756273706747	220.40857562886228	0.0	614.8261034515912	348.69800210677687	0.0	451.88776893756886	429.8180574875454	0.0	389.5793863817962	603.9071480319274	0.0	351.8621348139389	747.0835724952855	0.0	705.5708083038678	433.81539372236307	0.0	748.5821696113283	600.255072769921	0.0	784.9622424489719	744.0017722412315	0.0
272	9.092645654250239	564.2682695372124	778.9369194664744	0.0	494.1307372697268	793.5385922092587	0.0	492.68775367199305	1058.1073514391999	0.0	501.3526785272293	1327.7115330096203	0.0	469.23482064508374	1412.7015098237946	0.0	437.59715296519784	1403.4347524306586	0.0	521.1156379012414	1372.3253218665056	0.0	632.8752712862713	793.8118604016754	0.0	640.2641523505722	1046.6525257620422	0.0	640.6452239278495	1301.0331069330039	0.0	634.7870950533152	1406.863810867632	0.0	674.7691601523396	1398.2092221016062	0.0	620.3726967186777	1345.8968103683567	0.0	580.4274304249464	387.50246376816693	0.0	609.0634962096784	220.3008722936143	0.0	609.9645312264244	350.4152455201192	0.0	449.0437040534591	430.04866569429754	0.0	387.26591022875436	604.4045300082447	0.0	352.22943054724925	748.4901998328659	0.0	703.9199368969795	432.8100925126776	0.0	748.4579066766252	600.438036798192	0.0	784.8135010181139	742.9238733743142	0.0
273	9.126074498567336	565.824004879992	780.35830352506	0.0	494.4652768903182	794.4114934335449	0.0	495.07770181803073	1061.7803899421863	0.0	498.1362027093114	1331.717842380509	0.0	470.92801821655803	1411.8736146770127	0.0	437.07089340274166	1403.4928567574786	0.0	516.1784165719101	1377.6368504090824	0.0	633.6833717428543	794.3499884235321	0.0	640.5099721889654	1049.3213582753767	0.0	640.1610961193464	1301.2966497458754	0.0	634.1783958528652	1408.4457607911684	0.0	673.5451223172832	1399.857176812428	0.0	621.3649048902901	1347.0004071530102	0.0	577.8453661705877	386.79136720111705	0.0	605.5994960362226	218.6190499573728	0.0	608.0369777934419	351.06314441570584	0.0	445.165666371392	429.87536872549424	0.0	385.1221974262439	604.2450526599115	0.0	352.0552220167045	750.3168868984546	0.0	702.5065245579264	431.21686675029804	0.0	747.7656925696082	599.3587825712086	0.0	784.7200885204303	742.2218228065504	0.0
274	9.159503342884431	566.8748628301856	780.209481195953	0.0	495.34201643044395	794.5359872225966	0.0	497.36166419929407	1064.006578359664	0.0	496.4887658988252	1335.6925262574996	0.0	474.3004160838191	1413.3256588669437	0.0	440.1178829320053	1405.0011690543945	0.0	513.2590273036162	1381.6141818606352	0.0	634.562619669936	794.2051138217927	0.0	641.0090323401621	1052.0136114684437	0.0	640.195156963212	1301.6199657555305	0.0	634.5698665419789	1409.9330784370297	0.0	672.5369910927584	1401.5497135088146	0.0	622.8129991670593	1346.3345907258724	0.0	575.2572883323301	386.2696233234176	0.0	602.118880348781	216.56668923096956	0.0	604.8519014030755	349.4669327519498	0.0	442.22765479863375	428.11040440355197	0.0	383.63656347723486	602.7599254148402	0.0	351.08226544662807	751.6411146298626	0.0	700.6211332539422	428.8128946246598	0.0	746.3727228413472	596.8941139753416	0.0	784.699417352387	741.4165414418113	0.0
275	9.192932187201528	566.7143591780326	779.640473021293	0.0	496.1147751606027	794.541627590653	0.0	497.36896212938694	1063.6298577436685	0.0	497.07963730063716	1339.822583456293	0.0	476.12683002587545	1416.9923628062652	0.0	443.1367547429306	1409.8554562151821	0.0	513.4688497808249	1386.1613172563739	0.0	635.2365551439157	793.5375450462262	0.0	640.9773374606654	1052.1324766350629	0.0	640.3288749422524	1301.7132688691697	0.0	635.2775986456945	1410.3536555516853	0.0	671.9771049173119	1401.4561450384267	0.0	622.4810457127244	1345.1745145393734	0.0	571.6885728761647	386.51104848620525	0.0	598.1027937632133	216.8365194582353	0.0	597.9721469062689	347.9011262805289	0.0	440.4224179538961	425.74879624010697	0.0	382.38001089390195	600.61382399327	0.0	349.8423892461939	752.3483454013473	0.0	697.3815868502637	426.3669589183133	0.0	744.7241998731488	594.3182943972984	0.0	784.508209220212	739.9752801866778	0.0
276	9.226361031518625	566.4915281346748	779.3878878699983	0.0	496.80369329600285	794.7242173734179	0.0	496.48424009396234	1063.377313178358	0.0	498.98281003090244	1343.4162233552825	0.0	477.3916934652923	1421.5286865399923	0.0	444.53454998934745	1416.1684586282074	0.0	514.9665208918275	1390.5137494997748	0.0	635.5676136950237	792.9796028490247	0.0	639.5214356252761	1050.8134817907041	0.0	639.8800139361371	1301.396586218236	0.0	635.8471652801686	1409.4467544203258	0.0	671.9483595852247	1399.2210314455763	0.0	621.2378352822761	1344.564437463353	0.0	567.2416094925442	386.41783592766956	0.0	592.8538749552656	219.4520155665938	0.0	590.7047995731612	348.72425642085443	0.0	438.3355957388182	424.7675392180975	0.0	381.22083161484875	599.1206625018593	0.0	349.33740505933736	753.0700968451986	0.0	693.1542814281394	424.12341391065684	0.0	742.8595764021236	592.2686561095767	0.0	783.5696281886175	738.3625355744948	0.0
277	9.259789875835722	566.5459121878155	779.5060480788184	0.0	496.99683497946114	795.4147640953498	0.0	497.0476075360568	1065.9350790893927	0.0	500.2132214506608	1347.0795109028174	0.0	480.31344376241015	1427.408518762237	0.0	445.02743839405105	1422.7393170262726	0.0	515.7516713434225	1394.281666541321	0.0	634.8999339940738	793.1933762396026	0.0	637.3463785261692	1051.009644160959	0.0	638.5150256412031	1300.6619034209355	0.0	636.343564359252	1408.2968418318692	0.0	672.80542305359	1397.1170340894441	0.0	620.6178086434261	1344.342512821237	0.0	562.7364656198902	383.901162099707	0.0	586.6595811996684	221.7982175685935	0.0	585.8496272528736	350.6665880435914	0.0	434.8183322768501	424.5228750506971	0.0	380.25334411952775	598.6880829147356	0.0	349.5454072710996	753.7426919552739	0.0	689.0179727035093	421.59715689698834	0.0	740.3656204533846	590.3063518511636	0.0	781.6859200348142	736.9001969240535	0.0
278	9.293218720152817	565.4467782350422	779.7821040579676	0.0	495.37546088814787	796.9538641848229	0.0	497.61785101728043	1070.51681960652	0.0	499.9518853094687	1351.6167834293242	0.0	484.2566981820036	1435.6566426542956	0.0	445.2351375456941	1430.5952739059367	0.0	515.8700012067694	1398.232618086033	0.0	633.2697283046994	794.2949395386905	0.0	635.7071776064457	1053.4638615756571	0.0	636.8340291095296	1299.5656127308532	0.0	636.7622155819626	1407.8062850692786	0.0	674.7148879348053	1396.5378921460567	0.0	620.2342462208495	1343.0364657714792	0.0	558.3581395155463	379.24121221824515	0.0	580.8007124666743	222.3405487694506	0.0	582.6541788036203	350.9320743007676	0.0	429.83420621241436	422.8821043841528	0.0	379.1244121799483	598.7515544858334	0.0	349.57251369001034	753.0070719980624	0.0	685.1021041272959	419.0456621899344	0.0	737.4287923191774	588.4999626713753	0.0	779.7161084079667	734.5671239754487	0.0
279	9.326647564469914	562.1977194723221	779.9542609669151	0.0	491.59375084267816	798.9489448632709	0.0	495.60205310335573	1074.8958830043366	0.0	498.9512675124978	1356.553948981307	0.0	486.5722829956237	1445.5936678473079	0.0	445.30838405669834	1440.0523498147807	0.0	515.6196376376164	1402.1371343903907	0.0	631.5794233323309	796.1064098385343	0.0	634.7770121897591	1056.7865235841712	0.0	636.0677445950207	1297.9299562143656	0.0	636.470393649114	1407.6294031737143	0.0	676.5793407096055	1396.6069867005094	0.0	619.905331451417	1339.5772548031057	0.0	553.7536049839089	375.3138675793812	0.0	575.6611147412985	219.9650559743482	0.0	579.6184645038709	347.2391271502681	0.0	424.0993021309031	420.3055270466276	0.0	377.0427154721627	598.6013054480109	0.0	349.01198865831293	750.7284858248962	0.0	680.8505184447438	417.14911046513237	0.0	734.5018559584345	586.8039698376527	0.0	778.6123483560899	731.0483364817073	0.0
280	9.36007640878701	558.234611773988	779.885275503009	0.0	487.8172476126124	800.2281367983036	0.0	491.9130701473034	1078.2386932086931	0.0	497.84593786875394	1361.141934097232	0.0	486.8970471645716	1455.221995819329	0.0	445.4592436609036	1449.1336900525314	0.0	514.4585119020494	1404.8775598678992	0.0	630.170567373413	798.0868495605475	0.0	634.1918569886991	1059.23393747681	0.0	636.4821675847246	1295.6507487440915	0.0	635.4366208691803	1407.403652781264	0.0	677.1652786634237	1396.2593970841688	0.0	620.9192332836719	1335.4910125576835	0.0	548.927628300402	373.89967499478956	0.0	570.3408240628081	213.19740347616712	0.0	576.5424752270874	338.3425198235339	0.0	418.3531209445466	418.9606235898048	0.0	373.7997455952236	597.5768445162777	0.0	347.90682585645	748.7702809731338	0.0	676.369439861142	415.37963698986755	0.0	731.2053886437931	584.2302306134686	0.0	777.90508446372	728.0549013578886	0.0
281	9.393505253104108	555.5124073730976	779.7131123437384	0.0	485.8519793140679	799.9669458176473	0.0	488.6262612106544	1080.5528086303	0.0	496.6793422836732	1365.4251058698658	0.0	487.0410170129983	1463.9792920592363	0.0	445.6570385105498	1456.484421539439	0.0	512.8693582986352	1406.495372735394	0.0	628.4985717666125	798.8467441712952	0.0	634.0134471324683	1059.569464971679	0.0	637.1441329065233	1293.2088497981697	0.0	634.9036494888817	1408.0704586182985	0.0	676.9654583150857	1395.527383338166	0.0	623.2938915380261	1332.519923825067	0.0	544.2066310159536	373.2071772315568	0.0	564.3339098686988	203.57352288749945	0.0	573.8100086406473	326.58194092274647	0.0	413.02941329832225	418.7081004907778	0.0	370.25493097404814	595.2261304341936	0.0	346.1024114125418	748.1991877758494	0.0	671.9475571816777	412.51719715870183	0.0	727.267833330808	580.499842661573	0.0	776.8548323059	726.6948787105323	0.0
282	9.426934097421203	553.5676680176172	779.6464567789193	0.0	484.27919327417624	798.8238598492724	0.0	485.64577686227693	1081.5763777248014	0.0	495.8170133447646	1369.5711027219747	0.0	487.4614159673051	1472.7629258481252	0.0	445.7465410238228	1463.239019564411	0.0	512.4590668467425	1407.8465250508832	0.0	626.3714249243696	797.283108716919	0.0	634.1701191678709	1057.2407544005446	0.0	637.3364331134795	1290.6592863653566	0.0	635.3918040230142	1410.910842752725	0.0	677.00999284462	1395.1309749700274	0.0	624.8351629739191	1329.1631716133525	0.0	539.3060363298595	370.35726240428534	0.0	558.3291893344447	195.59919959289434	0.0	571.6035182243231	317.5639381887384	0.0	408.14483505803923	417.0982005626592	0.0	366.98474378080823	591.6627427690194	0.0	343.7839281404822	748.3969695545303	0.0	667.0955051396766	408.14174615736937	0.0	723.8718801176574	576.8484391672257	0.0	776.0304844205987	725.7184642736726	0.0
283	9.4603629417383	550.8846605052905	779.6512124799372	0.0	481.2174729229151	798.3215796203633	0.0	482.3600112377442	1081.8713747510026	0.0	495.6115527805389	1372.8815109871	0.0	487.5873348044172	1480.5579147291637	0.0	445.8667330876193	1470.1269882143347	0.0	513.1390510099886	1409.08081530026	0.0	624.3651421808299	794.5996177332116	0.0	634.0786108871727	1053.4439313427465	0.0	637.1922392944638	1287.8224139092786	0.0	636.125610455078	1415.3303245705933	0.0	677.4327230726057	1395.663369355643	0.0	624.4796610101724	1324.5562586519925	0.0	533.6720510788025	365.80166864712214	0.0	552.996038779547	191.68968763858567	0.0	569.8357825837068	314.45637520579015	0.0	403.12982237559595	413.533794461366	0.0	363.2187396411292	587.7778495152971	0.0	341.81317355000573	748.4738479429438	0.0	661.553719123354	403.0572556013945	0.0	722.0225885685708	574.2407499880404	0.0	775.8580544003476	723.9123324092565	0.0
284	9.493791786055397	547.6988926991287	779.4606131406582	0.0	477.3389038982706	798.7287766512995	0.0	479.0765262259303	1082.9391132501119	0.0	495.32240630209463	1374.750821998126	0.0	487.494728172348	1485.61589318509	0.0	445.7551474995385	1476.091358505291	0.0	512.7824550549266	1409.8058762712637	0.0	622.7086563507017	792.9527004666053	0.0	633.585854992218	1051.338115732265	0.0	637.3188212459604	1285.8914755383714	0.0	636.651152687895	1418.7172680238778	0.0	677.7389856214577	1396.9011971862155	0.0	623.5578910677384	1320.985390630021	0.0	528.1442153625939	362.63536968021907	0.0	547.9720230421029	189.573483038275	0.0	568.263630624243	314.5739482570335	0.0	397.4271823873093	410.61168387138844	0.0	357.99109270750864	585.1733349698529	0.0	340.5461067040053	748.2175337224372	0.0	656.5879692720374	398.9884957978242	0.0	720.6003353084473	572.0236813712256	0.0	775.8284583087228	722.072184261923	0.0
285	9.527220630372494	545.2645570369714	778.7119788479007	0.0	474.26844622847756	799.0930504188105	0.0	476.28595150747896	1085.0397155170565	0.0	494.06728750078526	1375.920165628158	0.0	487.425948423917	1488.9694739772624	0.0	444.95152523411707	1480.5398723931025	0.0	510.5933704224261	1409.9206194890714	0.0	621.130174145356	792.4352559738214	0.0	633.158496229072	1052.1844025930416	0.0	638.0034461989296	1285.908681498577	0.0	636.9754771099686	1419.45094224058	0.0	677.4634284326081	1397.9464427315893	0.0	623.0545781946238	1319.35061719301	0.0	524.2235922564568	361.9909331377446	0.0	543.0830974466267	186.0408946314811	0.0	566.7954665404616	313.6771692198077	0.0	391.1878457613902	409.96417082873455	0.0	351.67228742222966	584.6120550549497	0.0	339.0250155900574	748.0582090845058	0.0	653.4382622342449	396.6608500925579	0.0	718.5070219351861	569.269008801749	0.0	776.0774414889444	720.8774691785709	0.0
286	9.560649474689589	543.4927936192054	777.2195350954845	0.0	472.125723301347	799.0464092650279	0.0	474.04590330868336	1087.1211561296627	0.0	492.70070378170544	1377.1194848712182	0.0	487.4202044103255	1492.3589155435373	0.0	443.997552859605	1483.6890961969902	0.0	508.6266668933408	1409.6787169818647	0.0	619.6153036791917	791.8046725139093	0.0	632.8912144168872	1053.7032718810456	0.0	638.7715213337339	1286.7413815505367	0.0	636.958445932627	1418.6797476754218	0.0	677.1618920184872	1398.2776498228461	0.0	622.0672206213351	1318.4002298491841	0.0	521.3599472293024	361.96009972768314	0.0	539.1781629157449	181.38926468495129	0.0	564.7921368482577	311.3689605254536	0.0	384.9352844227106	409.66608020219945	0.0	345.6782666197363	584.2205737911873	0.0	336.31638746186115	748.1834512295143	0.0	651.0560299500999	394.4407106017862	0.0	716.7088246334615	566.2590161331112	0.0	777.4398655411951	719.1261803470676	0.0
287	9.594078319006686	541.104254244853	775.6252135433233	0.0	469.6965186527441	798.8758455349378	0.0	471.9716101861576	1088.9401131682118	0.0	492.60811627091135	1377.967657888347	0.0	487.4522976247103	1495.3888447291483	0.0	443.584961600591	1485.2974626913003	0.0	508.7495678384788	1409.6883988775342	0.0	617.8230706304287	790.8860788789141	0.0	632.5645165713996	1054.4891037207376	0.0	639.3174032369849	1286.622536215176	0.0	636.6372821793605	1417.9217939018622	0.0	677.8092608258504	1398.0847137397589	0.0	620.3130121401118	1316.9410974077198	0.0	517.4719585345047	360.81084759901665	0.0	536.4056363219	177.83284059071684	0.0	561.687675527243	309.7522643053618	0.0	378.94023969621725	407.2467071608227	0.0	340.59214235352533	581.5121104330507	0.0	332.87431918774917	748.0784755731836	0.0	647.9326584314371	391.00366319354407	0.0	716.1837238451808	563.5610109380985	0.0	779.5897364391213	716.2382365518595	0.0
288	9.627507163323783	537.9778180195158	775.0498122167521	0.0	466.4425599136404	799.0092426069931	0.0	469.9673007830487	1090.5985029153476	0.0	493.4654252466087	1378.3514028556526	0.0	487.4797874600977	1497.3656628038702	0.0	443.5231902209734	1485.5591452700603	0.0	510.29426521169376	1410.9339513799528	0.0	615.2473607682119	790.6315924590789	0.0	632.4096353130341	1055.0771884441901	0.0	639.742148085725	1284.7650719544542	0.0	636.5236103509047	1417.2193457132894	0.0	679.05977587156	1397.681130746132	0.0	619.9656725717083	1313.6768727652907	0.0	512.4204150585921	358.79745000818593	0.0	533.4074888352878	175.72447234098013	0.0	559.037970602794	309.6046823622505	0.0	373.2387958126665	403.14021802220213	0.0	335.06203486497424	577.4033389253063	0.0	329.30998547310696	747.3459308690178	0.0	644.6531306564203	387.7101641198185	0.0	716.4251593809636	561.2506924335759	0.0	781.0232901339757	713.8876407963357	0.0
289	9.66093600764088	535.6999033912581	775.789146889194	0.0	463.58276486374257	799.7768052361473	0.0	468.36717353319506	1091.4353424360024	0.0	494.4612551371885	1379.0030167654438	0.0	487.6004150032127	1498.3274386429239	0.0	443.4848311488332	1485.6889961563702	0.0	512.0574143755729	1413.6096782025893	0.0	612.8501884284202	791.5641087935168	0.0	632.8923843366917	1055.2030769853059	0.0	639.7757145781471	1281.5304149170713	0.0	637.3013597222257	1416.8375356590652	0.0	680.0707797932578	1397.3574849522493	0.0	621.7041668626719	1308.7945119374053	0.0	507.91447204308463	356.96420347718106	0.0	529.4805704093999	174.06469330724627	0.0	558.0751443138397	310.07426443681413	0.0	368.0205500661293	399.84538332175566	0.0	327.9142827825242	575.198452659494	0.0	325.1226129486351	746.7408842899414	0.0	641.8549248608864	386.1088774120636	0.0	716.2786604247416	559.3486306809249	0.0	781.3250188633721	712.9704609658679	0.0
290	9.694364851957975	535.0130429032826	777.2178774904498	0.0	462.416076609438	800.6289858905363	0.0	467.15826019510376	1091.5766240186786	0.0	495.5629722446701	1380.0037240681995	0.0	487.9110491791276	1498.3311673421335	0.0	443.44612051999894	1486.6218428110371	0.0	513.6350522043748	1416.1377714909434	0.0	612.03128098275	792.6665408562694	0.0	634.0031423392162	1054.8340985199475	0.0	639.5014948552712	1278.8069319164565	0.0	638.8808009730036	1418.7859090231204	0.0	681.2691723468514	1397.5478495200182	0.0	622.6255762479518	1305.0337384907145	0.0	504.01051001512496	356.34750743431346	0.0	525.5004133835635	172.86826254737048	0.0	556.2327244225246	310.2390108325781	0.0	363.1237287429115	398.62196002996365	0.0	320.13103698045285	576.192296049804	0.0	320.07545265744676	747.5345601291855	0.0	638.4511784225278	385.2022836444488	0.0	714.7301078721529	557.3504154865815	0.0	781.589379163545	711.7909737335322	0.0
291	9.727793696275072	534.3303674733032	778.2675811238868	0.0	462.20329985411064	800.8920085884062	0.0	466.02585416102664	1092.0804165421152	0.0	496.40140515805416	1380.387824505045	0.0	488.218056979473	1498.3146551545299	0.0	443.4387569529813	1488.1648955331118	0.0	514.6437626666085	1416.880490567086	0.0	612.0682104388619	792.5627849220014	0.0	635.0559669662692	1054.97790947811	0.0	639.5390896686322	1278.34146439732	0.0	640.2019607248361	1423.8950312808051	0.0	682.9998098744907	1398.3238845591125	0.0	621.7680453155308	1304.1966813052466	0.0	499.39703951719395	357.01628501132717	0.0	521.7302872423126	172.80303148889482	0.0	550.8189764434172	309.8043776043418	0.0	357.6820363239002	398.6133209787612	0.0	313.0549851742816	579.2791965606079	0.0	315.00351537277857	749.867541001528	0.0	634.1454138818515	383.4751064395328	0.0	711.782083873194	554.4267795120438	0.0	782.6178888782634	708.9345022958976	0.0
292	9.761222540592168	532.2472129559716	777.8088202153713	0.0	461.28176912469274	801.159505098572	0.0	464.74623112780034	1093.4191877343737	0.0	496.2770213799013	1379.8429214901182	0.0	488.3552438320079	1499.0016113053414	0.0	443.51278395999384	1489.2752291911029	0.0	514.9333316822077	1416.2308451159186	0.0	611.1356528517599	791.4920591642315	0.0	635.2529822275816	1056.0894781358127	0.0	639.8049787810598	1278.3608827744724	0.0	640.7678189498719	1428.2970176050333	0.0	683.908898777031	1399.1023753606332	0.0	621.8675441983509	1303.6902505878684	0.0	494.5514348435842	356.7383997692299	0.0	516.8365891512982	173.46569294242414	0.0	543.2646052738478	309.04224033216576	0.0	351.6969208984101	398.74993571111435	0.0	307.25417954990127	582.5417459269981	0.0	310.48180852410985	752.8890182334258	0.0	630.8032801942675	381.348378822829	0.0	708.7872139393162	551.1990852301857	0.0	784.6513823215332	705.3572924354406	0.0
293	9.794651384909265	529.9052010996679	775.8319314365195	0.0	459.692698413721	801.3790544206395	0.0	463.1643310521512	1095.5865358663727	0.0	495.2207028492556	1379.348436945164	0.0	488.5543361807459	1499.5344183922446	0.0	443.6556217797997	1489.6506052280477	0.0	514.3231378924779	1415.44512161059	0.0	609.3175329325411	790.0438805812752	0.0	634.9741013134826	1058.1002159880547	0.0	639.9583090731247	1276.713536502941	0.0	640.679295114735	1429.0556987212885	0.0	683.1308314627533	1400.447608980653	0.0	623.664743697023	1300.7622020200804	0.0	491.2298504672557	354.012066794314	0.0	510.4342579461351	173.01620311197667	0.0	536.3336590636495	308.44464203694605	0.0	346.79623006553385	398.68125285861424	0.0	303.37017549911366	583.9377568327888	0.0	306.35876380263767	755.4723528381821	0.0	629.8359236259025	379.75352360643376	0.0	707.1144265948546	549.3161901018029	0.0	787.9321153539294	702.6344796962077	0.0
294	9.82808022922636	529.017761865673	774.2960269961086	0.0	458.61727641167784	799.9104886404482	0.0	461.4976233032804	1098.1949137194474	0.0	494.1151648466392	1380.0563265727358	0.0	488.7552083522797	1499.3883576212265	0.0	443.63337662814405	1490.117582353283	0.0	512.8034204008114	1414.9599421775415	0.0	608.3097566626051	787.9061397259451	0.0	635.7878513470769	1060.5510833160129	0.0	640.335199460309	1277.7251815084499	0.0	639.5916129843837	1430.7807280529648	0.0	682.4227475655812	1405.525399391845	0.0	624.7171662236409	1300.5720533096169	0.0	489.6476682213936	351.2840093953329	0.0	505.1540700464113	169.57073559962345	0.0	531.8399982113325	307.8697856366833	0.0	344.10822540032285	398.17103779854097	0.0	301.1910676523576	583.1086447175242	0.0	302.3254473967545	756.3227648239748	0.0	629.8422966168306	378.28366144205324	0.0	706.7236478030861	548.7559891017727	0.0	791.7273135249474	701.2010228455556	0.0
295	9.861509073543457	529.3808549677814	775.0055047163573	0.0	457.9802126855732	797.2726815365207	0.0	460.30776108633336	1099.9619764572903	0.0	493.7240398967264	1382.0779851213786	0.0	488.20773533911176	1499.155203821404	0.0	443.3085518059459	1490.7923688851413	0.0	511.84961264554425	1414.948766866989	0.0	608.5534214277798	786.1579687922065	0.0	637.9993891156435	1062.540775321356	0.0	641.334438600034	1287.7103874063343	0.0	638.2931630019516	1438.7612765856009	0.0	683.7824570636959	1416.5953585670577	0.0	624.0125404329345	1311.9526868058276	0.0	488.2255524469103	350.8603132414396	0.0	503.1286413179497	163.8671197380038	0.0	530.6105989576598	306.51674100519364	0.0	342.6762079883063	397.08422940544165	0.0	299.3966221301944	581.5147514626912	0.0	298.5067167316991	755.1293148322944	0.0	628.1380489105164	375.85870522080256	0.0	706.5512134125391	547.7833327065063	0.0	794.3252665802867	700.74710433574	0.0
296	9.894937917860554	529.9365572234847	776.5372463329147	0.0	457.1150109201856	796.935003779858	0.0	460.1791464987549	1099.912977605044	0.0	493.7573104798845	1383.9274150168208	0.0	486.7768901171171	1499.5166814200027	0.0	442.84747052344414	1491.1220777738847	0.0	512.8018079507345	1415.4704199923303	0.0	609.1259556936011	787.1245765240184	0.0	639.9992492169918	1064.086813810493	0.0	642.7002090833264	1305.5482869876403	0.0	639.0490710747481	1451.5265881101104	0.0	686.3097538419228	1431.3564819350934	0.0	623.0896979999593	1335.0603701641326	0.0	485.66433303549934	350.8283305200391	0.0	501.93333685979235	159.7564964341203	0.0	530.045923375614	304.59531459905014	0.0	340.95871575702193	395.84264781129934	0.0	297.6435948346942	580.4826117189698	0.0	295.884639344523	753.0324815048514	0.0	624.4275795272952	372.74306291705864	0.0	706.3495968792622	546.1320821185143	0.0	795.4302661581565	700.6797603146392	0.0
297	9.928366762177651	530.271674525238	777.0639294483013	0.0	456.31227163916384	801.1316464463345	0.0	461.4055815442695	1099.2409148997144	0.0	493.5823994478027	1384.0337843124003	0.0	485.48672155972747	1500.6844132298934	0.0	442.17758488885244	1491.0455192032734	0.0	514.6269848729601	1416.2715206427458	0.0	609.5994306699004	791.4145576955103	0.0	640.7572129156582	1066.6079725887278	0.0	643.8166692015063	1324.9788086002347	0.0	642.2981749748856	1465.4100175804203	0.0	688.1494141935752	1446.5870648030073	0.0	623.0517934242342	1361.299148372045	0.0	482.12767589743316	348.4218381619458	0.0	498.74786552090677	159.90439278931723	0.0	526.9226842420165	303.5340337999736	0.0	338.4904001350207	394.96786787471325	0.0	296.7229544367663	580.5536713135148	0.0	294.72346948009545	751.0294640697269	0.0	620.8250525175913	370.6826561257914	0.0	707.0019798973325	545.4705928438723	0.0	796.4714473660516	700.1269927878642	0.0
298	9.961795606494746	530.0186122759745	778.738193163452	0.0	455.6666230720618	808.3907808596949	0.0	463.115977568399	1100.1813689545102	0.0	493.30222045768636	1382.9158404448706	0.0	485.01461206612174	1502.0742735541453	0.0	441.152929879674	1490.9847080811894	0.0	515.7899292082078	1417.5174719873537	0.0	609.4814777715251	797.7350161031529	0.0	640.7439503926574	1071.3685680774022	0.0	644.9763949909578	1342.2359105294724	0.0	645.390995259672	1479.122848286386	0.0	689.7597518068949	1462.0867806874028	0.0	623.6089779877145	1383.1097663631813	0.0	478.5134049733786	344.22086154131256	0.0	495.3939784975017	162.33629836756285	0.0	523.0515190059257	303.19859004015973	0.0	335.5231920799002	394.6687357053994	0.0	296.81318521989	581.401947133246	0.0	293.08491617728356	749.1701669221422	0.0	618.2915991614465	370.27587409135225	0.0	708.6430791646683	546.1426760057385	0.0	798.1281042372342	698.6674634277417	0.0
299	9.995224450811843	528.6727796430216	783.4616782283562	0.0	454.6816924206126	815.1785641800884	0.0	464.00569561511116	1103.4508717622095	0.0	493.5527701287059	1382.5093442383693	0.0	485.0218045577036	1503.0565125026487	0.0	440.2471886563975	1491.7901947423275	0.0	516.5862165676688	1419.5486931287223	0.0	608.038862826908	804.0348581758823	0.0	640.6801695609806	1078.2330782508639	0.0	647.3374687063973	1357.4180828364638	0.0	646.5782099058413	1492.1515569170197	0.0	692.726270470468	1478.0964469390028	0.0	624.9512068246434	1398.930572833484	0.0	475.9576795174489	340.50635002778665	0.0	494.4862623166631	163.61811649668647	0.0	520.7387328666035	301.3961446771906	0.0	332.7036481108069	394.9697501426871	0.0	297.19737516417246	582.3031120831214	0.0	289.42162291701294	747.67206697962	0.0	616.3783150547375	370.53239078052917	0.0	710.4974441149982	547.0475800308461	0.0	799.74417602174	696.6692694211978	0.0
300	10.02865329512894	526.6647137412398	787.9357950196317	0.0	453.64289799651755	819.5312057059831	0.0	464.28870633764797	1108.1146529711186	0.0	494.57892139347103	1383.8781142854245	0.0	484.93420529592555	1503.5059053404032	0.0	439.9503416382128	1493.526346273089	0.0	518.0270296323383	1422.529350137406	0.0	606.0500853444896	808.4648994444807	0.0	640.7729555538555	1086.3712279673352	0.0	650.7493833191128	1371.4683208797317	0.0	648.24488872774	1504.0839230434524	0.0	697.4891487529392	1493.0016794113012	0.0	628.0843560013402	1411.6542993425821	0.0	475.1761666070186	337.788387997715	0.0	494.7367522898216	163.42187364066575	0.0	517.9308592233224	297.3011691944029	0.0	330.8356404484497	395.4371316321665	0.0	296.9937771050699	583.3873682897836	0.0	285.3091880494444	747.187652629442	0.0	615.3893629337025	371.0021966743394	0.0	712.4028418837511	548.1340204605285	0.0	800.3127101447211	694.443756810976	0.0
301	10.062082139446037	525.1319418358243	788.7951002813425	0.0	453.2986266041496	822.1469112770072	0.0	464.63644934123414	1112.9405475394142	0.0	495.6239035039477	1386.3289729319156	0.0	484.3665032388816	1503.1900875177005	0.0	440.0750657296505	1494.7916152353896	0.0	520.0435029079526	1426.3529897248297	0.0	604.9133685233745	810.7223881458999	0.0	640.7472955832756	1094.6983213876874	0.0	654.0532389532688	1384.229463309933	0.0	652.6735163467619	1515.0757303659998	0.0	702.8640541120301	1505.0934307279979	0.0	632.9289906713936	1424.3209045499882	0.0	475.27912651572575	335.5617425804218	0.0	493.744239532143	162.88214814937317	0.0	513.5823218789515	292.4268119846446	0.0	330.233813597053	395.42381531436376	0.0	295.7017999247872	585.1429506778468	0.0	282.434886000529	747.6751238981157	0.0	615.5707124604453	371.371689580248	0.0	714.6687509648822	549.693472815099	0.0	799.9353892687635	692.6101474967763	0.0
302	10.095510983763132	524.6880681677767	787.7685639179346	0.0	453.35677143723007	824.0378514565249	0.0	464.2349432773614	1117.060675592728	0.0	495.82648538760196	1388.1053171521457	0.0	483.3267498843174	1502.467487361775	0.0	440.05593512308116	1495.0758106891303	0.0	521.5882843292794	1429.6839693160605	0.0	604.4892221957615	811.7044188098441	0.0	640.0529714666144	1100.893181154193	0.0	657.4233003503872	1394.984927660169	0.0	657.7654388468708	1524.2203474085068	0.0	707.1274570626317	1514.1696190603648	0.0	637.8519745531797	1436.6785248057765	0.0	475.2144470270635	334.29214220633594	0.0	492.0034819278191	161.14890125175893	0.0	510.1225201787215	288.58231813048604	0.0	330.8915414981375	394.87439730514734	0.0	293.8276319671594	586.7268705193461	0.0	278.98087231266766	748.2812830081821	0.0	616.0486220500295	371.12963695710965	0.0	717.3861609454026	551.3911944808891	0.0	800.672316964702	692.8772162121169	0.0
303	10.12893982808023	524.996107249744	787.602035278754	0.0	452.59791268164946	825.1327965959189	0.0	462.4455410078396	1119.7494323894016	0.0	495.3707242077438	1388.502333957781	0.0	482.3334582440427	1502.6001878029826	0.0	439.49629562702853	1495.3559177030527	0.0	521.7262210949425	1430.990059223609	0.0	604.0100486331405	811.9864501069139	0.0	638.270680141559	1102.857633979021	0.0	661.1200081945046	1403.0127324378984	0.0	660.7935419164421	1529.399876502222	0.0	709.8906792871124	1520.105700552797	0.0	641.4430658678061	1446.1451423762587	0.0	475.4248942798188	334.27362509593746	0.0	491.4667483532583	157.44843753659995	0.0	509.0071950030229	286.7790386795407	0.0	332.36474707355046	394.39030214869103	0.0	292.5419864656818	587.3552504183061	0.0	273.1211846838279	748.276240209409	0.0	616.1712489781851	371.13671379381645	0.0	720.5119257893951	553.5172972402703	0.0	803.5518395645005	696.2677589444172	0.0
304	10.162368672397326	524.7704583383858	788.6500212520652	0.0	450.6150132395527	825.4452045548145	0.0	460.5323519756466	1120.9924176266206	0.0	494.8452170100976	1389.0220589684493	0.0	482.033390692485	1503.9901496525015	0.0	438.782410860052	1495.8287187710496	0.0	520.685016778231	1430.5797391388332	0.0	603.5215234855906	812.4338581251816	0.0	636.0780512326734	1102.1691631225237	0.0	663.634403914047	1407.3681618075589	0.0	662.5833196789891	1530.303700560579	0.0	711.9997697203838	1521.6664345599306	0.0	643.3886818208682	1450.8799375909884	0.0	476.2754716932211	334.618765680805	0.0	492.4088703488968	154.06472444825062	0.0	509.2225088894917	286.6946293506222	0.0	333.60477132016655	394.5977173775342	0.0	292.15302098108697	588.8386644475178	0.0	267.0486237441937	747.6864261475498	0.0	616.1647488264533	372.043744137567	0.0	723.5026076774174	556.4209962599992	0.0	806.3582110691422	701.6782345176669	0.0
305	10.195797516714423	523.1938163585189	790.9841663603632	0.0	448.54989980277384	825.665493243541	0.0	459.9544583415269	1122.1336200375647	0.0	494.5486077448376	1390.6376318530436	0.0	482.66272894952607	1505.8029902477826	0.0	438.79293749329787	1495.8861353117093	0.0	520.0402280398682	1429.8003849380482	0.0	603.1422675359318	814.526260896593	0.0	634.9800376050138	1102.5560247802455	0.0	663.9805402401827	1408.6972559365042	0.0	665.1819947025961	1529.6458905068007	0.0	713.9378809100517	1519.9740137337617	0.0	644.0739070048365	1452.0503602458334	0.0	477.2263140242379	334.3869527304059	0.0	493.60659581354184	153.55732208062471	0.0	509.49388638719256	287.49802744000056	0.0	333.9438302339539	395.5737807407737	0.0	292.01319632114695	592.7406813483583	0.0	263.58377244993676	747.6092108559335	0.0	616.5254732393669	372.47667199271075	0.0	725.4195809018144	559.0998620561976	0.0	806.9974319449103	706.7993694980258	0.0
306	10.229226361031518	521.6023470286725	794.292384174601	0.0	447.62891429300305	825.2332297743962	0.0	460.6744201226123	1123.7011542854787	0.0	494.54754594180406	1392.0491431948474	0.0	483.63909374346105	1507.0323131259304	0.0	439.6086061104966	1495.6601840277503	0.0	520.7650989914109	1429.5064071027946	0.0	602.8178461000676	816.7943556540046	0.0	635.0357701243117	1104.7040345474616	0.0	663.3554929369812	1410.2202705800144	0.0	667.8284639021251	1530.8439055439285	0.0	715.2717501357757	1520.1253212664305	0.0	644.7422543995993	1453.931746005316	0.0	478.01464130175407	333.5399774278747	0.0	494.23388275658505	154.70157867324005	0.0	509.9187089391806	289.74335112452434	0.0	333.54425936289255	396.483145304547	0.0	291.73918213301005	596.3517694474788	0.0	262.5123228767386	748.6401635177001	0.0	617.531091767748	371.4720494906258	0.0	726.2798056975973	560.3074701944613	0.0	806.5638898213303	709.6199697898016	0.0
307	10.262655205348615	521.4460442053775	796.2521103106185	0.0	447.7139312787177	822.9975394937815	0.0	461.78784241696485	1124.40277589061	0.0	494.5095784691589	1392.132782721012	0.0	484.2414682655977	1506.8590842735198	0.0	440.4986028461975	1495.5849988089221	0.0	521.6610701848803	1429.9608656948467	0.0	603.0207194234624	815.5521189294799	0.0	634.7180447211122	1106.181836379119	0.0	662.905102129213	1413.6126672382563	0.0	667.8729783762534	1534.5656212436731	0.0	715.5003214291096	1524.4778289043902	0.0	646.1920204327618	1458.9113544127429	0.0	478.59703786279545	332.81632805947436	0.0	494.34842183669565	154.72998308113134	0.0	510.7972551356857	293.15946331724996	0.0	333.0691135011046	396.0191603190881	0.0	291.320115318824	596.1970726402405	0.0	262.5473283784317	748.1892258360108	0.0	618.8730156719396	370.1218260490321	0.0	727.0315328161653	560.3658972443536	0.0	807.0137369945297	710.2289322961512	0.0
308	10.296084049665712	521.7810137076806	795.0464592205287	0.0	447.6291776407842	821.0574232835721	0.0	462.64707088450467	1124.002958814216	0.0	494.2808988517964	1391.2733835384936	0.0	484.6690218653943	1505.0720177219544	0.0	441.0892198541194	1494.9403645571206	0.0	521.6667630114623	1430.9821513709655	0.0	603.6485994947004	812.1925950006975	0.0	633.3391046320796	1105.8212378746769	0.0	662.3171526441824	1417.043679819686	0.0	665.026324597343	1537.7575615099092	0.0	714.596823822972	1528.923731335313	0.0	647.025331116781	1463.7922278694657	0.0	478.8965617529661	332.804951970091	0.0	494.25173089018386	153.70798779444735	0.0	511.18391252165037	293.5379152682877	0.0	333.3542502761815	394.30483962985005	0.0	290.9365075651128	593.7331370821089	0.0	263.0875377356749	743.9212771028252	0.0	620.3490644566893	369.8069297258845	0.0	728.0669874979961	561.17312422965	0.0	807.9619981172375	710.4704077001686	0.0
309	10.329512893982809	521.1285887765255	792.5643068205824	0.0	446.46382977626666	822.4769957466856	0.0	463.03636790259276	1123.9245348861234	0.0	494.17462086402304	1390.423232186699	0.0	485.1962347055126	1502.756455405102	0.0	441.33598389770157	1492.8879964711928	0.0	521.4299032387808	1432.0599867306457	0.0	603.2121472315935	811.6079777458634	0.0	631.5472744850208	1105.3425591729185	0.0	660.9284427033067	1420.1030736198327	0.0	661.8218536718472	1539.333422839897	0.0	712.5795493587733	1531.0620685785912	0.0	645.4582825710208	1466.6208531318389	0.0	479.30885027438944	333.312729738999	0.0	494.1624177411912	152.82392753759373	0.0	510.40424469660974	287.9134795641956	0.0	334.6509357403539	392.7889348358694	0.0	291.154860591623	592.5533451876158	0.0	263.2942259293548	739.2119907628264	0.0	622.1382888044794	370.5169679804384	0.0	729.4185231525635	563.9189155205968	0.0	808.2848094838267	711.5424274231327	0.0
310	10.362941738299904	519.6966691925991	792.6628714032887	0.0	444.7547949344559	825.8576150952043	0.0	462.86043662708033	1124.6433940684194	0.0	494.2113755334863	1390.1803201083019	0.0	485.476094020998	1502.0087166843366	0.0	441.0596621663753	1490.8925575031303	0.0	520.9991813811994	1432.5420293766779	0.0	601.1545044143869	813.9505214503591	0.0	629.7977897156301	1107.0894516544347	0.0	658.4201102117436	1425.9510008034238	0.0	659.370207892984	1544.1764775529061	0.0	709.46632676025	1535.4723686570103	0.0	641.1498969910396	1471.9407528309828	0.0	480.0398348266655	333.72598233339073	0.0	494.48324039723775	151.16456388711327	0.0	509.28170040920844	280.87159867663667	0.0	336.5307523778206	391.54237934644306	0.0	292.1916266414124	592.500490085518	0.0	262.4405132478661	738.3942294521812	0.0	623.6204032480355	371.1787435548094	0.0	731.6548575268502	567.7286103918583	0.0	809.4748916429309	714.5229181815447	0.0
311	10.396370582617001	518.5139990481938	796.4914021741961	0.0	443.9817039854892	827.8960329645414	0.0	461.83471462726953	1125.7707592046308	0.0	494.4460318668644	1390.0081736443203	0.0	485.71588993703085	1504.2876873746602	0.0	440.5936607000542	1491.357884975786	0.0	519.7896939920965	1431.7005180758606	0.0	599.2623814324361	816.3943434561894	0.0	627.6397439913796	1111.781210786222	0.0	654.7576309842809	1435.8029921817297	0.0	655.589772971958	1555.2869593858522	0.0	705.2508514357305	1545.4709458422815	0.0	634.9459420917939	1482.830417972185	0.0	480.8376062384762	333.6824045466708	0.0	495.5282206819055	148.01834323969805	0.0	508.7716843363703	278.67048488081986	0.0	338.59197436481605	389.71046636919306	0.0	293.15618588574597	592.2563006371856	0.0	261.1166290792691	740.5997609130393	0.0	624.3651446401186	371.2533767644254	0.0	734.762104537309	571.2678336028484	0.0	813.5728626716899	720.4838794159896	0.0
312	10.429799426934098	518.1191695277579	800.5711909018905	0.0	444.2963477278779	828.5935447192841	0.0	459.5366585352562	1127.7636686652206	0.0	495.09653582190685	1389.2833067818462	0.0	486.5314653469463	1508.5745097906545	0.0	440.6687682818138	1494.0492054471713	0.0	518.6061298093297	1429.7704391161737	0.0	599.1716276683296	818.5118596818331	0.0	624.5357555996256	1118.3288516515352	0.0	650.138876016076	1445.4278601679082	0.0	648.3787650038533	1567.4890960782973	0.0	699.5354139601155	1557.0272722478508	0.0	629.0376101318435	1494.6139740266635	0.0	482.0448906054705	333.3902435822825	0.0	496.31248242324455	145.20314349267176	0.0	508.8540452260084	279.6131672345375	0.0	340.59255200115126	388.01313137630177	0.0	293.26966985028076	593.7182633616396	0.0	260.4205387565895	743.9408786602647	0.0	625.8732209920356	371.6804340651266	0.0	737.4655743912713	573.8589656281798	0.0	818.7377317446341	727.4593789127263	0.0
313	10.463228271251195	518.223470308266	801.1967416805666	0.0	444.3314358722608	829.8879021869018	0.0	456.5162716199188	1130.472087776968	0.0	495.6596191778951	1388.9734799369533	0.0	487.4133796687952	1511.4406359381564	0.0	440.8758197586274	1496.0494440849332	0.0	518.4175687873598	1428.4252443032938	0.0	600.1055124635484	820.9686401394786	0.0	620.5880609043339	1124.6538822115463	0.0	645.3736385377382	1451.044223335399	0.0	638.3502114281537	1575.6163913687735	0.0	692.3867363632797	1565.6744990886166	0.0	625.4058824496291	1501.9842411267293	0.0	484.2652398156962	333.23269745587095	0.0	495.8300486401956	144.05689163063803	0.0	509.2093469787326	277.65130590254563	0.0	342.37266233722005	387.7744046504115	0.0	293.4278718121894	597.9960670740456	0.0	260.5684353448505	749.0919704144508	0.0	629.5599664019545	373.4338830781838	0.0	739.5359275907336	575.476107116324	0.0	822.2993823413349	732.1470911578701	0.0
314	10.49665711556829	517.9913334587218	799.7937618725853	0.0	443.61029766662546	832.2793705463266	0.0	454.8212640544425	1132.2322797541972	0.0	495.6602098702632	1389.8455013374346	0.0	487.12771356164296	1510.4235924845361	0.0	440.08359582133863	1495.3432816315508	0.0	518.6569368513588	1428.095469869423	0.0	600.3451899290854	823.5676533719053	0.0	616.1113701161826	1129.5953208689702	0.0	642.2176662813529	1455.6689760516938	0.0	629.0448423042344	1583.3633744771103	0.0	685.782223840245	1573.997664722616	0.0	623.8190245700677	1507.6982940036858	0.0	487.1129975173026	333.25739408265827	0.0	495.87402042197823	143.46947367426196	0.0	509.67403327063084	272.74192073432516	0.0	344.06308503231065	388.2728901177082	0.0	295.0047340229635	601.8207791065444	0.0	260.99608439318115	755.7445346062462	0.0	633.9398712016507	375.3901545636366	0.0	742.4466941797797	576.5954107324886	0.0	825.9647609638727	734.6236878130555	0.0
315	10.530085959885387	517.1626105724713	799.8462313895742	0.0	443.1650937606751	834.8034832033605	0.0	455.8068043174979	1132.6640653396692	0.0	495.55068289364425	1390.1093255700862	0.0	485.46641076729793	1507.455344526916	0.0	438.6007631880277	1493.378566593409	0.0	518.2461734164916	1426.2602364226805	0.0	600.0329208066695	825.9071266621319	0.0	612.3341262787418	1134.2491666598746	0.0	642.0866227729507	1464.15531200563	0.0	624.8237597321689	1596.4912837159886	0.0	682.6997469665762	1586.7425999826514	0.0	623.6228864315228	1517.6129599019775	0.0	489.4988829691599	332.9371232535088	0.0	498.5868152607341	142.44882144521895	0.0	509.9650052825099	269.976566846432	0.0	346.10073448536235	387.36040344756157	0.0	297.68445005090734	602.3387507494078	0.0	261.09182630051976	761.2073396263133	0.0	636.4865357709755	375.2463751666486	0.0	746.1927639688678	577.5599443793874	0.0	832.2720817143319	737.1990124249015	0.0
316	10.563514804202484	516.7860256383092	801.4123038285662	0.0	443.6906798994939	836.3009986354801	0.0	458.0962096649835	1133.521416234705	0.0	495.496144083339	1387.6256520066047	0.0	483.6701134657973	1506.8643494293008	0.0	437.7236762196421	1492.8717807897417	0.0	517.244667349864	1420.7985115837905	0.0	600.868501790345	827.8899103414943	0.0	612.1947182603865	1139.7010073764757	0.0	644.7581008769223	1474.6401995800989	0.0	626.8411025563094	1611.209376523938	0.0	684.5090203540748	1600.92882831275	0.0	625.4906248374767	1529.3710260826049	0.0	491.21445412611996	331.23416107892757	0.0	502.5673338347657	140.77251325447727	0.0	510.5424241947425	270.80449848553627	0.0	348.6881883804563	384.5671688288849	0.0	299.73514823879964	600.9482544684402	0.0	260.73861324101557	763.3985167229105	0.0	637.8179746097696	372.6552351124603	0.0	749.1601669910993	578.6022876331971	0.0	840.0527776747124	740.7004108781256	0.0
317	10.59694364851958	517.7206280821226	802.6751560598268	0.0	444.7193286850719	836.7816407181458	0.0	459.7607510202875	1135.6602874970254	0.0	494.9521240543101	1383.2978431007778	0.0	483.0618464681604	1509.554058796558	0.0	437.8849238037538	1493.9483157198347	0.0	516.4825966648522	1413.7198559016556	0.0	603.1002528118017	829.733220862773	0.0	616.8855017677188	1144.9389797432261	0.0	648.7690852702206	1481.3815754454572	0.0	632.6119941167191	1619.8896965454915	0.0	689.9764716144535	1609.4048367807065	0.0	629.2302502372329	1535.8894243117645	0.0	493.51653051025556	327.6742987079503	0.0	505.53557272006276	137.76609809768712	0.0	512.5958674884746	271.337630188179	0.0	351.5175643174293	380.9859481044531	0.0	299.9486563771757	599.5031134751607	0.0	260.09626679983154	762.8591271822954	0.0	640.7631919061066	369.8777772600317	0.0	751.5787861447061	579.9724307024042	0.0	847.3604695250449	744.4602809215168	0.0
318	10.630372492836676	519.2128569281778	803.0665749426407	0.0	445.7682570317811	837.8843470121587	0.0	460.73098330855123	1138.1185378875628	0.0	494.2711541662989	1379.9840628097447	0.0	483.5748256228994	1511.9702417059816	0.0	438.6033168681153	1494.5229545976813	0.0	516.4135281967078	1409.165741153945	0.0	605.0834342320229	831.4230870567776	0.0	622.9062725675857	1148.7452455749224	0.0	652.0974589250332	1483.7552170601077	0.0	639.1983484788655	1623.2039931161423	0.0	696.2933160586769	1611.732025904192	0.0	632.4383058702759	1537.1033552497122	0.0	497.3180385112632	323.36261377149526	0.0	507.93402142296554	134.15692411288546	0.0	515.7614162914257	269.1433990742988	0.0	353.97576574614595	376.6809579038656	0.0	298.83679336226527	596.8548230486338	0.0	258.78097296550584	761.6981221884453	0.0	646.0194493332924	368.8640779228886	0.0	755.0733440450998	581.5648322632608	0.0	853.9894722651312	747.9645360230209	0.0
319	10.663801337153773	520.7221474863745	803.0544679347935	0.0	446.76791497600436	840.430056128341	0.0	461.17948233001437	1140.814362248256	0.0	494.74392897819314	1378.5677000130477	0.0	484.1875889181209	1511.5900214873643	0.0	439.2461067295114	1493.411938349809	0.0	517.3602680200703	1408.230986731374	0.0	606.4438642842547	832.2484191952004	0.0	626.2563438735968	1151.912314839198	0.0	653.2488488814927	1485.7411551877958	0.0	644.040496492141	1625.6468918271198	0.0	700.8104923019739	1612.4783366933036	0.0	633.5356222210098	1538.0976309932535	0.0	501.76080216241434	320.00023895472106	0.0	511.29184884535323	132.0482735740188	0.0	518.6385337335944	266.2777299715347	0.0	355.44229627310085	371.55080298636557	0.0	297.78884604518066	591.8567846872197	0.0	256.46805644479974	761.211965226389	0.0	652.0241065256341	369.26007071298073	0.0	759.67819017159	583.2624863371725	0.0	859.4042080831505	751.0684120331154	0.0
320	10.69723018147087	523.056926137447	803.0760576346199	0.0	447.55018680759133	842.8081415442545	0.0	461.0046209382176	1144.4943814429448	0.0	496.4469601791826	1377.2923755146567	0.0	484.4349669561668	1509.4521364301834	0.0	439.49822354897236	1490.8907799313436	0.0	519.171742897436	1407.8191540230737	0.0	608.825245332477	831.9471770826353	0.0	627.387083870996	1155.9674903767327	0.0	652.8397558598091	1488.7882733766335	0.0	645.6531621890183	1627.7006269928602	0.0	702.597188886274	1613.9816303275268	0.0	633.6150675479194	1540.9561669448242	0.0	505.8614769590729	317.6804699807745	0.0	515.8359234145906	130.88558228019815	0.0	521.8751305427998	263.46378042468723	0.0	356.31489683101023	366.98169631311106	0.0	297.40528164751737	586.965702914964	0.0	254.1763951453741	761.2626926897191	0.0	657.6689203079097	369.8476886636589	0.0	764.5838798817637	585.3816908211915	0.0	862.6264186609978	753.9546019481182	0.0
321	10.730659025787965	526.1191516010807	803.1391655617126	0.0	448.34662448331363	843.3579314361018	0.0	461.085250410093	1147.8953983024387	0.0	497.9572650745637	1375.2193298783866	0.0	484.633741007026	1507.673112276539	0.0	439.4930657633607	1488.19631873664	0.0	520.5933904453999	1405.0364700516361	0.0	612.4757559378133	831.4503427291795	0.0	628.7737116716016	1160.2818727961126	0.0	652.5794348653095	1491.2583650033398	0.0	645.1950582769686	1629.0495519519507	0.0	702.6706887761998	1616.3117724595866	0.0	633.8172509612913	1544.5339944861828	0.0	509.9727871986431	314.9229181823507	0.0	520.6614789752444	127.67647750384863	0.0	527.26234047303	258.00815005697956	0.0	358.03523250493566	363.8095177530576	0.0	297.39086292482676	585.3088964770112	0.0	253.10795175433435	761.4432712177065	0.0	663.0223999663107	369.878184560434	0.0	770.006955067123	587.6775695490776	0.0	864.2600907660056	756.9124795329751	0.0
322	10.764087870105062	528.6131472446706	803.0768678000926	0.0	449.69447725600975	842.3695050336096	0.0	461.9535070549481	1148.6987906542354	0.0	498.4769863180938	1373.5556906578336	0.0	485.09611971543734	1507.797060537282	0.0	439.68674999351975	1487.704926651928	0.0	520.774190672168	1401.0033283761538	0.0	615.396540954928	831.5170895116244	0.0	630.5463655299635	1162.6331734940732	0.0	652.7650064442297	1492.961482659596	0.0	644.709471401224	1631.5624502585358	0.0	702.4920371858059	1619.5791258127215	0.0	633.6991798814639	1547.969265577035	0.0	514.3764271724971	311.2706073393934	0.0	524.9873221443086	121.68766436246149	0.0	533.931004120518	250.516650494333	0.0	360.84619834449643	360.9920811880657	0.0	297.60788401651155	586.0361081080787	0.0	252.78000967361493	761.8967471697235	0.0	668.3135319608252	368.8509770056178	0.0	775.7698467238066	588.7743254943176	0.0	865.5147716441497	759.4909169041869	0.0
323	10.797516714422159	530.1651242626144	802.9529474624401	0.0	451.1844327481537	841.0272605795773	0.0	462.855096795238	1146.987027221765	0.0	498.54633785593927	1373.169832576055	0.0	485.6899853303232	1509.5406839081793	0.0	440.2341991893113	1490.0417423793133	0.0	520.3034482870089	1398.3341739037219	0.0	616.450272313449	831.9735081954716	0.0	631.4908320915794	1162.5156094995866	0.0	653.0291109527552	1495.5405968905145	0.0	644.7940950807968	1636.4107806269706	0.0	702.4760102555172	1623.9886420951295	0.0	633.1937840680182	1551.462058398014	0.0	518.6571182122954	307.4762515429429	0.0	529.0719821099103	115.66969360807505	0.0	538.6618820601113	246.2868732705138	0.0	363.41278984176694	357.3002087517058	0.0	298.4926044428912	586.0226103204361	0.0	252.50286821092988	762.8092175558173	0.0	673.2693504645705	366.9361376430062	0.0	780.4055821025195	588.2113961873644	0.0	866.2258557572401	760.9194766079117	0.0
324	10.830945558739256	531.5154396885274	802.9255703067805	0.0	452.1186226526754	839.8899699302447	0.0	462.81126171579143	1145.6191645991066	0.0	498.8043356267481	1373.2728450083403	0.0	486.07782046854106	1510.8453499247541	0.0	440.5398562356015	1492.3724045338045	0.0	519.8084322147158	1397.1369302027633	0.0	616.9431811921874	832.2502203038571	0.0	631.4022392773516	1161.26255395518	0.0	653.9348245785691	1499.1720903015034	0.0	645.0621875407096	1641.727812204077	0.0	702.2128887488852	1628.8268317454572	0.0	633.7360446893507	1554.3022262575505	0.0	522.9938782982493	303.3910160154383	0.0	533.7415115083946	112.07693757078496	0.0	540.4341646540587	246.66593683765646	0.0	365.608820666118	352.5648502836795	0.0	300.2564831104945	583.8731648073964	0.0	253.1785913240573	763.6375933076628	0.0	677.7908485623294	364.860190214198	0.0	783.2058451808181	587.4752572777915	0.0	865.9349449030486	761.2343521940044	0.0
325	10.86437440305635	533.3970342901155	802.8515120929897	0.0	452.92383370127453	839.0398775978875	0.0	461.13833147391256	1146.947400433629	0.0	499.31467484744917	1372.6759621278136	0.0	486.15707019111085	1510.77147787278	0.0	440.12176317809104	1492.668746674939	0.0	519.1693134089982	1396.080498923441	0.0	618.7065916596267	831.7990769066014	0.0	631.1211641390911	1159.836092559713	0.0	655.8402751239992	1502.4060568108432	0.0	645.2282924989084	1645.1133489441256	0.0	701.6891747138998	1632.5728689097953	0.0	636.2077506913939	1555.582929699868	0.0	527.4913147309877	298.86886164183227	0.0	539.134863716894	109.62009517970907	0.0	542.0115535381052	246.2010165115652	0.0	368.52971435467623	347.90365872062165	0.0	302.1145165534331	580.7836535433798	0.0	255.25312316224412	764.2053130815137	0.0	682.3439252435874	362.3114014391972	0.0	785.0622015306539	587.427883465246	0.0	865.6719167150833	761.2348832301278	0.0
326	10.897803247373448	535.8697313074842	802.5716477566455	0.0	454.22011309531473	838.4609593657647	0.0	458.1022034810657	1150.0679110861956	0.0	499.8417526836614	1371.230786894558	0.0	486.01935878127483	1510.6607572342427	0.0	439.1912772619407	1492.0560468686376	0.0	518.6226583439759	1394.6900346025327	0.0	621.774144988452	830.6588702453797	0.0	632.1411607517246	1158.6083560434681	0.0	657.7630244675826	1504.5520284174706	0.0	645.4092823059142	1647.232547916862	0.0	701.7266583803985	1634.608156965777	0.0	639.2104205383741	1556.4571264631888	0.0	531.2287793074382	295.20609361885613	0.0	544.5249761170838	104.56601855497505	0.0	546.1585553555637	240.64602128789147	0.0	371.831705103538	344.3547953693698	0.0	303.41985346439964	578.734572540425	0.0	257.1390808574773	765.2580773331006	0.0	687.1664812799187	357.95993826615654	0.0	787.1649815170973	586.716931930575	0.0	866.7930585729276	761.5984363605323	0.0
327	10.931232091690545	538.9289273535168	802.3008414684807	0.0	455.85386946363593	837.9639064729316	0.0	455.23907988230866	1153.4238907218694	0.0	500.1572202833797	1369.4901567709117	0.0	485.808240601534	1512.015634104643	0.0	438.1412473849705	1491.9783876185222	0.0	519.2502463910058	1392.7937446944925	0.0	625.9846012645853	829.5539901994882	0.0	635.9288368073444	1158.1861031947003	0.0	658.7903903909407	1505.928920557118	0.0	645.9369977955934	1650.028726549881	0.0	703.0617181468373	1635.9053357374842	0.0	640.7513132892768	1558.2010598147326	0.0	534.2113301817966	292.23447841077024	0.0	549.342740420414	95.5303080228998	0.0	552.0363926322368	232.41653035057905	0.0	374.58700899072676	340.95004401607827	0.0	304.77448348278074	578.0516791041202	0.0	257.5201631465837	766.6462030677005	0.0	692.4142610669427	351.81321799317413	0.0	790.1078013425592	583.8655439155531	0.0	868.9045171652318	762.170870633725	0.0
328	10.964660936007641	542.8965395118051	801.9429417541364	0.0	457.60408983273663	837.7673631189778	0.0	453.48929202839724	1158.478999647661	0.0	500.2755526319871	1367.6405502764196	0.0	485.9079012156113	1514.3908377937466	0.0	437.5841268653894	1492.303212139852	0.0	521.5064482375195	1389.8931661955503	0.0	631.7927975084443	829.0505191491113	0.0	642.0946844818191	1159.4939250301186	0.0	659.6383780195633	1507.0869625700516	0.0	646.8226560431576	1652.495516353346	0.0	705.2961736370185	1637.3180119330054	0.0	640.7698198167246	1560.2848632613864	0.0	538.0640324732644	287.1606104442212	0.0	553.659951463841	85.9907183207616	0.0	556.7606511946766	227.50288533590233	0.0	377.09346482080394	336.48722874833385	0.0	306.6270460862668	577.4508821232123	0.0	257.53745318190533	767.3734242968038	0.0	698.7310001775288	346.39136720407447	0.0	794.0416334982558	579.5657694564673	0.0	870.5189972919333	762.3654230707872	0.0
329	10.998089780324737	546.9110317227407	800.8514864322851	0.0	459.29455693905106	837.7430143543793	0.0	452.11708616504666	1166.5738333296374	0.0	500.59636534090066	1366.105473148245	0.0	486.751618546954	1516.2146480176243	0.0	438.2203328590697	1492.5534012763178	0.0	523.9422193734505	1386.374226484652	0.0	636.8919002528069	829.000569617475	0.0	647.0955431330518	1162.672601174973	0.0	660.9609167335549	1508.3288180256982	0.0	647.6062010935012	1652.4253964000527	0.0	707.2031176955697	1638.2386295141835	0.0	640.7740864767221	1561.733237633794	0.0	543.4662350751083	279.55571837582494	0.0	558.0249019260569	79.74834945032953	0.0	559.7957069060545	227.46249226016687	0.0	379.79285416546304	331.58331101775394	0.0	308.5358936839711	575.6504612166585	0.0	259.1209571353564	767.3397773594136	0.0	706.1831679879994	343.72606543858257	0.0	798.8019063839499	576.1889821564563	0.0	871.0653197680131	762.1710749676748	0.0
330	11.031518624641834	549.0921685919919	799.1148392665397	0.0	460.45247561994813	836.683654461885	0.0	450.1077114267139	1175.1365090845168	0.0	501.371040985712	1365.7013379887485	0.0	487.787942138939	1517.4220429573531	0.0	439.57329881949977	1493.409501447183	0.0	525.063769718026	1383.4598483804568	0.0	638.6472580185895	828.975899623669	0.0	647.6740435389735	1165.6138253532888	0.0	661.686012026947	1509.3268357771626	0.0	648.0895597658348	1651.3091793164833	0.0	707.9804280479807	1638.2213020456602	0.0	641.4982159363701	1562.3061978418514	0.0	549.0230019153112	272.93003631838775	0.0	563.0631910189286	75.6925472137288	0.0	562.965200692994	227.00951912404116	0.0	382.44085885611725	327.06183914170293	0.0	310.35582905671873	572.3756969125842	0.0	261.89141799508803	767.1564219532305	0.0	713.4549893111774	341.7180627672528	0.0	803.5034415907328	574.9901666761116	0.0	871.148799370575	762.0784333465799	0.0
331	11.06494746895893	549.2038096832384	798.0499993652039	0.0	460.8790198064618	834.8892711882962	0.0	446.81095882824354	1181.3471303708995	0.0	502.33012013192143	1366.2303519245334	0.0	487.66143676655946	1519.1910609091733	0.0	440.33916843810454	1495.5597553984994	0.0	525.764674002966	1381.6649796724728	0.0	639.0057747639246	829.0540756288416	0.0	645.5339814600063	1166.599463740157	0.0	661.0403077471584	1509.7450639446322	0.0	648.3671301117827	1652.3366183100882	0.0	707.6847634832179	1638.4190888269266	0.0	642.2149402768856	1562.5120555736396	0.0	553.2725214604143	269.35290284414305	0.0	568.0894686323711	70.71407514552659	0.0	566.549217889999	221.9729342896489	0.0	384.68806623330664	323.11504263686345	0.0	312.4671939937841	568.7126998768773	0.0	263.8781004767524	767.0709788709917	0.0	719.3015053922002	337.27316220063256	0.0	807.134345165284	574.2665208614668	0.0	871.4055086553855	762.3653489837268	0.0
332	11.098376313276027	549.0095322908924	798.617902612122	0.0	460.9399365779976	834.9389224652289	0.0	441.6886611655722	1185.8904231937734	0.0	503.8961259051049	1366.3899872051	0.0	486.4649885317005	1521.6570549303376	0.0	440.5391942654312	1497.8656782318783	0.0	528.4619834477976	1380.5512103115066	0.0	640.2593402280943	829.9615004937862	0.0	644.8425962504247	1168.1761481983924	0.0	660.4245531977815	1509.8510596784813	0.0	648.0279347936859	1654.97432401414	0.0	706.690477918291	1639.5893549969765	0.0	642.673053962994	1563.4207250085137	0.0	556.3930875973731	267.1487828793148	0.0	571.6947139930712	64.3159092315402	0.0	569.6942549538702	214.00487176590056	0.0	386.6414174541022	320.2621973858295	0.0	315.1418871554906	566.3746463592238	0.0	264.4030703916087	766.7611670077177	0.0	724.1543515445657	331.7824090659186	0.0	809.855159036017	571.570234709054	0.0	871.6651621118583	763.0220840842436	0.0
333	11.131805157593123	549.7581470861745	799.728556308418	0.0	460.99908438014495	837.1161955407971	0.0	435.1752637792888	1190.1772962716304	0.0	506.892220879933	1365.016568350014	0.0	485.44995600823796	1524.070208800525	0.0	440.8084371903873	1498.779660959142	0.0	534.115520964897	1379.1176992822593	0.0	641.4156787281959	831.6493713613357	0.0	646.8208954122956	1172.5594854156789	0.0	661.6420449710864	1510.0056769434377	0.0	646.6701768779565	1656.689015046709	0.0	705.7596640680568	1640.5788781113395	0.0	643.5714918149554	1565.5359622108774	0.0	559.6027753517636	264.47114407044296	0.0	574.1696468865096	57.76783839439235	0.0	572.8955151900819	206.8485300304351	0.0	388.78599298992754	318.5596208102084	0.0	317.8114102642229	566.052107131983	0.0	264.09731207886716	766.0519346420457	0.0	729.1773853123289	328.3144823886778	0.0	812.6488374913174	567.2358392860207	0.0	871.5635792968164	763.6751417253091	0.0
334	11.16523400191022	551.1053228237646	799.0297601707687	0.0	460.9507354119488	837.4186266040336	0.0	429.4226151217767	1193.4576413506638	0.0	510.0988329417052	1363.2785843283075	0.0	484.0535478439892	1526.7459116725074	0.0	440.10898839995787	1499.2986808460994	0.0	540.7071535890171	1377.896809800824	0.0	642.1270071680509	832.0073406522342	0.0	649.354809222669	1176.948850394084	0.0	664.1195986785718	1509.9096801463904	0.0	645.0145128664578	1657.5452768148125	0.0	706.0009744995647	1640.5639165127723	0.0	643.9779769517892	1566.6972570191137	0.0	563.5089478951628	261.51031160087257	0.0	576.7534271573884	52.085121987884335	0.0	576.4890459673576	202.55512600427215	0.0	391.4407944841929	316.53451130146567	0.0	319.37451047202376	566.1465048163383	0.0	263.53245057665674	765.5286620327627	0.0	734.0411230514061	326.09016832199086	0.0	815.9978610989594	563.7553667342146	0.0	871.354822910322	763.5935986441082	0.0
335	11.198662846227316	552.3492817961132	796.3935827050209	0.0	460.3959949577175	833.7351610970067	0.0	426.58164468841557	1195.00219510396	0.0	511.6620091501894	1366.2499996626773	0.0	480.3244918373226	1532.5794073121035	0.0	436.9727523580502	1503.3084973007947	0.0	545.849754755765	1381.374473863283	0.0	643.6539332415865	830.0044332691706	0.0	650.4409795753281	1179.1427309391165	0.0	665.7560723935494	1508.8508361406543	0.0	644.5773494355598	1658.6867500274248	0.0	707.3900592993451	1640.6799606804796	0.0	642.2786647808716	1563.694080668793	0.0	567.3748413365505	258.5780606478975	0.0	579.7748151689051	47.72497398612615	0.0	579.8395397267716	200.1551946958947	0.0	394.4981144875084	312.92815515754677	0.0	319.8442385099954	564.7141644862337	0.0	262.8551388989583	765.6680045502817	0.0	737.2261410171169	322.3278066566062	0.0	819.4907734865719	562.1342715745402	0.0	870.9554150348557	762.314463176857	0.0
336	11.232091690544413	552.9003815259408	794.7726418639406	0.0	459.2985080681711	829.9178930892989	0.0	426.3604159836959	1195.9654545372086	0.0	511.80408038514713	1379.0596781831819	0.0	473.50712883386933	1545.259847853472	0.0	431.4612017266282	1514.4787563400953	0.0	548.8267127001799	1394.836314476959	0.0	645.8032634451711	828.4770013196462	0.0	650.8963865306591	1180.5059990943569	0.0	665.7861560718242	1506.8885687430052	0.0	645.65680456639	1659.5550179165955	0.0	708.6236029551469	1641.8783758549123	0.0	640.0959715471639	1557.7115339135457	0.0	570.2865939193762	254.79655966710058	0.0	582.7947164729301	44.5828742917174	0.0	582.6499157713961	197.17113514578463	0.0	397.19615806839244	308.6093269336797	0.0	320.247102367407	562.3947730904741	0.0	261.97302432318526	765.9632409099906	0.0	738.677134785221	316.77281753270455	0.0	822.2317487836737	560.7644904153178	0.0	869.7565956687994	759.9556842166088	0.0
337	11.265520534861508	552.5442485940644	795.3880878986107	0.0	458.3308360878052	829.2881773407263	0.0	427.0762773604173	1196.8464280241863	0.0	510.6478237868763	1401.6204456830842	0.0	463.81752882827254	1564.9981036514603	0.0	424.2852184998049	1533.6272564995595	0.0	548.3908537153212	1419.824600694117	0.0	647.3171017815051	829.2866610746603	0.0	652.4308183546478	1181.208308834184	0.0	664.533704379029	1504.8879657502785	0.0	646.6252159275623	1659.8971100519748	0.0	709.2315732116336	1643.4820962234778	0.0	639.2596688233336	1553.6206537192345	0.0	572.3718087352802	250.15336793119758	0.0	585.5554040095909	42.138064328313106	0.0	585.5178098901828	192.67334199038393	0.0	398.6728669298844	305.015660177969	0.0	321.0499626534325	560.5796254985453	0.0	261.14086143594295	765.8115334114353	0.0	739.8925637580311	311.3980886640656	0.0	823.7899672215049	558.1003206327159	0.0	868.263621907839	757.320638063063	0.0
338	11.298949379178605	552.3259818950128	795.9201331071184	0.0	458.05419152394137	829.9572397682444	0.0	428.54807717676346	1196.2335394289662	0.0	506.45246420039456	1430.512254949213	0.0	451.84678797935214	1588.7614272697804	0.0	415.71572864612625	1559.290925601634	0.0	542.5064374009099	1454.8638824156426	0.0	647.965825677789	830.262012378039	0.0	654.1454954158986	1180.0148827693056	0.0	662.1793890991814	1503.9003343108975	0.0	647.0625792138445	1661.0049976250896	0.0	710.11032550322	1644.8392549689238	0.0	638.0979811480702	1553.9978372036871	0.0	574.1410618156324	246.58161807819934	0.0	588.4668347030342	39.365250184381004	0.0	589.6612438837548	185.98854155342295	0.0	399.2305400464522	301.8356614197071	0.0	321.83639083732385	558.9013650652086	0.0	260.84533798067	765.2814355379874	0.0	741.2612174099011	307.02410478314147	0.0	824.7154380543323	554.9904220904472	0.0	867.7327341689403	755.5485802924899	0.0
339	11.332378223495702	553.1704688026397	794.8102512975231	0.0	457.93653979092664	829.7095111946052	0.0	431.7392309010771	1193.6219821416942	0.0	498.0142644006171	1462.6301054759451	0.0	440.5512168536889	1613.3156196639052	0.0	406.3643015753741	1587.9403433891307	0.0	531.2055115246385	1496.5429091186859	0.0	648.551368453164	829.8187600098618	0.0	654.787943722216	1177.971711184788	0.0	660.0493498299353	1505.6727314349293	0.0	649.0873193545948	1662.8220305437928	0.0	711.7153221139486	1645.7645212068085	0.0	636.2507032287942	1558.6063769246591	0.0	575.6096737004217	244.92548133038474	0.0	591.1354589828474	35.0602584512852	0.0	594.7418743944286	175.4277173513582	0.0	399.6713057005685	298.2373279109291	0.0	322.35657256775556	556.8348832250496	0.0	260.95800943901173	764.7106350242846	0.0	742.2306967619345	302.68786133138923	0.0	825.4422304453236	552.9146148984876	0.0	868.2894527272389	754.9117623969531	0.0
340	11.3658070678128	554.4877874044602	792.9920555252669	0.0	457.5067258526548	829.0548112550939	0.0	436.3404723838814	1190.8971923876122	0.0	486.60229845691657	1493.947934282188	0.0	435.40041393835025	1635.743694694846	0.0	398.7891027349217	1614.8141145705001	0.0	517.2257748414706	1538.1858724532594	0.0	649.9853812529483	828.9101815368278	0.0	655.9639413150044	1177.5654094352751	0.0	660.1190422918606	1510.933719041807	0.0	653.4437017934091	1663.4330296610685	0.0	713.246925964349	1645.9936447950492	0.0	636.0459386674357	1566.162234685822	0.0	576.4064298603281	242.87810391200014	0.0	591.8435128185306	29.91085008495059	0.0	598.3131961478205	163.32931848262558	0.0	400.0367483010629	295.17341548850754	0.0	323.1078308638914	554.8802303618783	0.0	261.14072387841946	764.3470219380611	0.0	743.3182059788861	298.41862208814575	0.0	825.633210037742	551.4779085279134	0.0	869.4070527435443	755.0094818304959	0.0
341	11.399235912129894	555.7946655733316	791.9124303678918	0.0	457.58355633506915	828.5780947928286	0.0	441.079607398508	1190.4677548890845	0.0	475.0121801050863	1519.915120273729	0.0	440.640450361296	1654.5566410209792	0.0	396.9708939934997	1638.1483238810838	0.0	503.50700334945935	1571.612277873537	0.0	652.5377561147911	828.28550390067	0.0	658.745557161437	1179.8126269786555	0.0	661.7306691250908	1516.595936219515	0.0	657.710938044529	1662.4614494497255	0.0	714.0654800132094	1646.537020347436	0.0	637.2016355980426	1573.6410539085457	0.0	576.3988652012906	238.59864213839154	0.0	590.3842382883159	26.71324551399698	0.0	599.2396014438577	156.97957989377454	0.0	400.06570510578837	294.05744023425086	0.0	324.05968071302374	553.383167775166	0.0	261.6889987905797	764.0448110045025	0.0	745.0283922084163	295.91408352494585	0.0	825.2532166242038	549.9502292113441	0.0	870.9316624131362	756.1426609604052	0.0
342	11.432664756446991	557.4019874322715	791.9848831013223	0.0	458.45951252354473	827.0999969039356	0.0	445.5037856826868	1192.7722616738815	0.0	465.6493700804361	1539.0006320352966	0.0	455.3407230306492	1671.2572763198568	0.0	401.9279783914523	1659.9634676681922	0.0	491.02582137403215	1592.9329335337475	0.0	655.8669689333929	827.2492645334647	0.0	661.0199490949954	1183.0589735197123	0.0	662.5134888635943	1518.9390399019012	0.0	659.391049246575	1661.6317443578996	0.0	714.4083911250044	1648.4088416552217	0.0	637.2398126963024	1578.198695346908	0.0	576.1779387109108	233.75158747162774	0.0	588.8005615513738	27.290989059544906	0.0	598.9132062969032	159.8438822479991	0.0	399.68902327243876	294.1560457115635	0.0	324.06995673626705	552.1871197162241	0.0	262.65506071647934	763.3171989863422	0.0	746.4336059325113	295.2183183554861	0.0	824.8859740407026	549.0763990091255	0.0	872.2123036896918	758.743825407834	0.0
343	11.466093600764088	558.7779022059004	792.5140981172111	0.0	459.0352751927807	823.7439764550587	0.0	449.5222332546457	1195.9868888163437	0.0	459.85715808810255	1552.8096977128928	0.0	473.31914773953037	1687.4870737556005	0.0	410.3156808627213	1680.8893032199803	0.0	479.61573553883176	1605.6389134722917	0.0	658.6864504670059	825.400739114271	0.0	660.7973840496079	1185.0923730220045	0.0	662.0588097436128	1518.3245958589948	0.0	657.8716798769955	1661.655216834641	0.0	713.9339836017995	1649.6317543316948	0.0	635.7949377273911	1579.9714376286136	0.0	576.2243657378378	230.26135575276103	0.0	588.3173249320331	30.04143153443108	0.0	598.6529423741027	165.11024533410645	0.0	399.1066841657126	293.51380209981284	0.0	322.77666282585375	551.2404058940895	0.0	263.2518578330329	762.3460377004778	0.0	746.7376129435279	293.88612664170273	0.0	824.6065075182635	549.0804154375379	0.0	872.2446862612907	761.6007855107069	0.0
344	11.499522445081185	558.825490791904	792.8387784973911	0.0	459.04401646398196	821.3813942300625	0.0	452.5362100888023	1198.7936692891715	0.0	458.1288609034734	1563.2748860066479	0.0	489.3677000103002	1700.621846235768	0.0	420.2901451714174	1697.312636481638	0.0	469.919702186915	1615.8948479701842	0.0	658.9995143746945	824.7223865734762	0.0	658.8471250404671	1187.3560550156985	0.0	661.2782442167633	1517.234393966739	0.0	654.1731412848819	1661.0405102528723	0.0	711.9893010383604	1648.0870837030761	0.0	634.5452252057896	1580.312372568933	0.0	576.2049429361325	227.59826509670822	0.0	588.3651183948664	31.521326719172816	0.0	598.3468753027777	163.59513102261155	0.0	398.74209775265126	291.45881949407294	0.0	321.47028375916756	550.3776017135577	0.0	263.1232847300131	762.3973414892127	0.0	746.4576727904863	291.2549848271018	0.0	824.0976734426908	548.9930682608647	0.0	871.1681135483127	762.5207851494672	0.0
345	11.53295128939828	558.3494292402488	792.8114239104863	0.0	459.50739907685704	823.6728462159032	0.0	454.4051403407083	1202.5420226591102	0.0	460.0608592479553	1571.8696515970848	0.0	504.0173650042024	1707.8336386593198	0.0	433.7122435904501	1707.101608041075	0.0	463.8454793299665	1626.528614345358	0.0	657.4722617736743	827.0686882426705	0.0	657.4118130531454	1191.9111165544166	0.0	660.267490104299	1516.5650279975152	0.0	650.5111222642887	1658.873159153771	0.0	709.7152826582419	1645.4191972951362	0.0	634.8503475340501	1579.4049460078202	0.0	575.8630881043695	224.91578283587845	0.0	588.4667601484783	31.631462451591617	0.0	597.2964630572058	158.2325120064063	0.0	398.2532332242846	288.7786806216464	0.0	320.76673278974647	549.3957590288144	0.0	262.684598138393	764.2721135701037	0.0	746.2486944005254	289.14275596245267	0.0	823.7621664995975	549.2280849822031	0.0	870.1361609926845	761.5589349347576	0.0
346	11.566380133715377	559.5334964087119	792.3381366966469	0.0	460.88775265709	828.2271091295058	0.0	456.1982714451689	1209.012588490837	0.0	464.5089393572045	1580.26686631295	0.0	520.0365161164336	1713.8566224954686	0.0	451.04113476217424	1715.8058387591634	0.0	462.7759014557995	1637.254020684769	0.0	657.309534874915	829.9688522848154	0.0	657.4889723996166	1195.102970910283	0.0	658.6775544330904	1515.6668994288434	0.0	648.5606089619371	1657.3740926352111	0.0	708.4995605788622	1644.5892714172471	0.0	635.9799991546854	1576.614099033996	0.0	575.068493391866	222.48268903179496	0.0	588.6464941966188	33.2708494452374	0.0	595.4553280938035	159.49734264872967	0.0	396.3320887949343	286.2752726477932	0.0	319.3229261093461	548.612621874491	0.0	262.2198193940803	766.7456833479656	0.0	745.9153102593311	287.5156985748692	0.0	823.9043800436348	550.4640315129018	0.0	869.7902801674634	761.2438586865388	0.0
347	11.599808978032474	562.023438204379	791.5540584616095	0.0	462.56451822176604	830.1040139143913	0.0	458.89510571469816	1216.5497164187748	0.0	470.13065271771774	1589.1011358384799	0.0	536.9774512422366	1725.7707848597543	0.0	468.81921393559554	1729.672748093346	0.0	465.7741204845633	1646.3241478754794	0.0	658.5548507162459	830.27709043708	0.0	657.8597868210389	1193.648669662251	0.0	656.6629526026987	1514.5529888111505	0.0	647.8498623517061	1659.591592620178	0.0	707.7613498061695	1646.5047829845923	0.0	634.9268334303815	1573.0449266142407	0.0	573.4641712086723	219.7433737835802	0.0	588.9231899937679	34.98615977911948	0.0	594.2250317320077	163.27225185628623	0.0	392.7547317990554	283.5312871794203	0.0	316.25153247814904	547.7173538347024	0.0	262.12328859013843	767.1437908527749	0.0	744.7135379140764	284.826792147705	0.0	823.1198051282192	550.8884553826388	0.0	869.3602775065045	762.1822283879352	0.0
348	11.633237822349571	562.5498588187234	791.321287406042	0.0	464.04843391724245	830.8221362798242	0.0	462.20190554872204	1221.2143147002093	0.0	475.8412597426761	1597.4612074502006	0.0	550.8013029512853	1743.300500868766	0.0	482.58816600973404	1746.5932348751192	0.0	470.65966787046915	1651.2697180811765	0.0	657.8692779317912	830.5519145179925	0.0	656.8391627512615	1193.7634620839438	0.0	655.0437386207827	1515.8152979576046	0.0	646.5349846381457	1665.5537680517818	0.0	707.0166064783232	1650.9574649105166	0.0	629.994824787949	1574.4367477349283	0.0	571.6076436402997	214.17298142379116	0.0	589.726744562809	31.273128656641813	0.0	594.8142134859079	150.37575561748315	0.0	389.2229667936336	279.19603695646754	0.0	312.2924128579097	545.1434182479923	0.0	263.3801827489546	763.2240353055735	0.0	742.0452265415538	281.39669076769115	0.0	819.0594314360319	548.9724598674173	0.0	867.4819868120243	762.260830919904	0.0
349	11.666666666666666	559.881590933583	792.1695666007497	0.0	465.49444604479737	834.1197473743109	0.0	465.49624367989964	1222.1551754373202	0.0	481.22033946790015	1604.9559405768866	0.0	559.886093625365	1762.2645115163766	0.0	491.7133457695745	1762.2661386301845	0.0	475.9761846695629	1652.1524019639949	0.0	654.2696502617732	834.1196306309549	0.0	654.2705493244366	1201.1817477239438	0.0	654.269906158942	1521.0500039836077	0.0	643.7828142656422	1673.1133182196613	0.0	706.7053517373591	1657.3832945264498	0.0	622.8073611589977	1583.9750471842792	0.0	570.3683492251237	204.87030257449712	0.0	591.3418719131276	21.342200185729734	0.0	596.5866030453064	115.72842474936368	0.0	386.83848879797586	273.04205877146495	0.0	308.1835905381579	540.4709763084577	0.0	266.2333068249285	755.4638879040912	0.0	738.1689485001085	278.28482933660666	0.0	811.579277869775	545.7140283323723	0.0	864.0178543651194	760.7081180081249	0.0
