PathFileType	4	(X/Y/Z)	/Users/visionmauri/4_1_1_f_Sports2D/4_1_1_f_Sports2D_m_person00.trc
DataRate	CameraRate	NumFrames	NumMarkers	Units	OrigDataRate	OrigDataStartFrame	OrigNumFrames
30.0	30.0	355	22	m	30.0	0	355
Frame#	Time	Hip			RHip			RKnee			RAnkle			RBigToe			RSmallToe			RHeel			LHip			LKnee			LAnkle			LBigToe			LSmallToe			LHeel			Neck			Head			Nose			RShoulder			RElbow			RWrist			LShoulder			LElbow			LWrist			
		X1	Y1	Z1	X2	Y2	Z2	X3	Y3	Z3	X4	Y4	Z4	X5	Y5	Z5	X6	Y6	Z6	X7	Y7	Z7	X8	Y8	Z8	X9	Y9	Z9	X10	Y10	Z10	X11	Y11	Z11	X12	Y12	Z12	X13	Y13	Z13	X14	Y14	Z14	X15	Y15	Z15	X16	Y16	Z16	X17	Y17	Z17	X18	Y18	Z18	X19	Y19	Z19	X20	Y20	Z20	X21	Y21	Z21	X22	Y22	Z22
0	0.0	1.206545167137483	0.8822011159045329	0.0301	1.3256368242952121	0.8301348808932715	0.0301	1.2801293764501376	0.39961200800538227	0.129	1.2434761392406004	0.4283317070447209	0.023	1.219164793324457	0.4422694625682835	0.2179	1.2574253344290764	0.43543104363488533	0.1804	1.2229720410299356	0.4270426129250967	-0.0119	1.0836656255006345	0.901512090853578	0.0301	0.9845101516313911	0.400921881345769	0.129	0.8532671920504198	-0.08485090305501088	0.023	0.8558061908335213	-0.18712002337684264	0.2179	0.7917873238170332	-0.17716335371594336	0.1804	0.8219850192026774	-0.1804341811120634	-0.0119	1.4277722107376567	1.567647117656265	0.0008	1.5039704650673975	1.781062464927839	0.0655	1.4653524013333126	1.6606550951163859	0.1076	1.6038276926880475	1.4368998979512422	-0.01275	1.6634775349540754	1.0386305018897108	0.0702	1.7092098700606224	0.7457638227888771	0.1076	1.20033077193908	1.5399568653113216	-0.01275	0.9936635058627543	1.227951352909797	0.0702	0.9276965633524323	0.998243683721919	0.1076
1	0.033427495291902073	1.2084635048181898	0.8827865962787499	0.0301	1.3252118436761495	0.8324884608422279	0.0301	1.279963157070519	0.40473944508829435	0.129	1.244964189473072	0.42933958790846943	0.023	1.2255069913494159	0.4592580492281456	0.2179	1.2575430151550728	0.43886443796220326	0.1804	1.2233116315634915	0.4281476566380168	-0.0119	1.0842310235264714	0.9047041583968821	0.0301	0.9851882148081236	0.4046527447770073	0.129	0.8543057612818222	-0.08223948703034696	0.023	0.8546422717125967	-0.19331911389493273	0.2179	0.7922500782521057	-0.18016870503752117	0.1804	0.8209490792859222	-0.17645253486583798	-0.0119	1.4288107716592764	1.5667893243107993	0.0008	1.5053341301106007	1.7807092932872137	0.0655	1.466567032938464	1.6582168485332172	0.1076	1.6029395906233204	1.4381730842260816	-0.01275	1.6651376511515814	1.0423981978388663	0.0702	1.710342428906622	0.7440855010216461	0.1076	1.1997632153513391	1.5393484683624206	-0.01275	0.995597085538299	1.2270707918732564	0.0702	0.9293734916610249	0.996322243367135	0.1076
2	0.06685499058380415	1.2132987748734105	0.8814974439054337	0.0301	1.3279112028922362	0.830122396206701	0.0301	1.2801985300804841	0.4092945759616817	0.129	1.2485426876607437	0.4272723887283278	0.023	1.231044698503483	0.47186392768620905	0.2179	1.2551386394577926	0.43260719107152035	0.1804	1.2271641757286023	0.4291413060788252	-0.0119	1.087418391542372	0.9045403053502324	0.0301	0.9852754309916657	0.4062045368717524	0.129	0.8556433939788137	-0.08143314785837036	0.023	0.8535823300183039	-0.1955972583619855	0.2179	0.7891686709090803	-0.18158594400972045	0.1804	0.8222518183942348	-0.1748662378277451	-0.0119	1.4314417774980865	1.5647982431789615	0.0008	1.5081617764809545	1.7787313657736301	0.0655	1.4667998014451649	1.6543532152725582	0.1076	1.6044851335959607	1.4367131126195651	-0.01275	1.66623072174019	1.0468976674981485	0.0702	1.710644607380038	0.7434839664650277	0.1076	1.2002113705813189	1.5372143780360357	-0.01275	1.0012451625068717	1.226431322452836	0.0702	0.9293889018590465	0.9936723681257892	0.1076
3	0.10028248587570622	1.2195208991963786	0.8775051711876102	0.0301	1.3336302497811439	0.8233531745032939	0.0301	1.2812009946070912	0.40985397689578756	0.129	1.2527904890137875	0.42291999335126446	0.023	1.2338661361897683	0.47483245964224075	0.2179	1.2500075584880403	0.4175278361650758	0.1804	1.2318018324693172	0.42828133050961303	-0.0119	1.092520877718823	0.8995525723027934	0.0301	0.9843742367859296	0.4039811312506795	0.129	0.8560610047898967	-0.08300660984181771	0.023	0.8520615694697503	-0.19386092356119522	0.2179	0.7823839993955187	-0.1817310204968652	0.1804	0.8256999368859288	-0.1768635981285959	-0.0119	1.435395159204253	1.5612186863511062	0.0008	1.5118738624465484	1.7757949419968342	0.0655	1.4659066212399214	1.6510283387057596	0.1076	1.6090543477690218	1.4324192649595657	-0.01275	1.6668177570837273	1.0500700654177262	0.0702	1.710243839211132	0.7440389565393677	0.1076	1.2018405228061217	1.5335164884652304	-0.01275	1.0098016177436637	1.2263142239968008	0.0702	0.9274927442169741	0.9908780054561662	0.1076
4	0.1337099811676083	1.2234549692650198	0.8723974380915268	0.0301	1.3379390018937305	0.8172474251279369	0.0301	1.2831799803030386	0.40668858078155307	0.129	1.253887173055662	0.4202818292873471	0.023	1.2334690767819128	0.4697854249770086	0.2179	1.2465665382085362	0.41084228765996494	0.1804	1.2321908594659627	0.42486736280208676	-0.0119	1.0961770257337302	0.893084969667354	0.0301	0.9828903349666878	0.3978102465363144	0.129	0.855058237613574	-0.08735704042724719	0.023	0.8484524206822269	-0.18961924176023398	0.2179	0.7768767598112537	-0.18032963331571816	0.1804	0.8290349060837542	-0.18155860592968937	-0.0119	1.439670739939123	1.5576683185505558	0.0008	1.5148482588871048	1.773998023996977	0.0655	1.4667099965932635	1.6504272055756062	0.1076	1.6151079344332868	1.4278594483570233	-0.01275	1.6692650823219777	1.048852362570074	0.0702	1.7097862053675787	0.744525921840796	0.1076	1.2036564959080125	1.5298166362735608	-0.01275	1.016114758901341	1.2253338039350377	0.0702	0.9264075886238363	0.9886659654739683	0.1076
5	0.16713747645951038	1.2253058751023675	0.8691046858464933	0.0301	1.3387939157822093	0.8149815658237404	0.0301	1.2860462585053716	0.40634121499726983	0.129	1.2522114277581886	0.4210624353107682	0.023	1.2313906101145062	0.46275144287873976	0.2179	1.2489500484122926	0.4207268180658343	0.1804	1.2296267865975288	0.42065179843793793	-0.0119	1.0976368192343928	0.8892190385877795	0.0301	0.9827497686224578	0.39043259565677607	0.129	0.8542454496421904	-0.09350907417116108	0.023	0.8436216914048197	-0.1848599367528861	0.2179	0.7769706665385685	-0.1774736021577344	0.1804	0.8309592745876717	-0.1866516276630127	-0.0119	1.444261064716382	1.5564455256000032	0.0008	1.5174417654007502	1.7735265007877639	0.0655	1.4708682212000932	1.6513471620543678	0.1076	1.62084623307431	1.424704009163784	-0.01275	1.674780662203257	1.044650940071124	0.0702	1.7092790610732218	0.7445643456492028	0.1076	1.2055997082382164	1.5273382137368436	-0.01275	1.0169406226573199	1.2217076234703277	0.0702	0.9284940482966455	0.9868013675768099	0.1076
6	0.20056497175141244	1.2286215903066342	0.8682075484145004	0.0301	1.3409205466106089	0.815123725517469	0.0301	1.2889539359472806	0.4113436537619462	0.129	1.2533340687125427	0.4230574668552588	0.023	1.2311680034233035	0.4594392320102957	0.2179	1.2552203984611912	0.42996161862896515	0.1804	1.2303571538525413	0.41705342280010954	-0.0119	1.099506122075638	0.886598576856219	0.0301	0.9853385367481198	0.3863479797917653	0.129	0.8544688340754645	-0.09796323730408264	0.023	0.8421583220966238	-0.18317459021927	0.2179	0.7806881829059826	-0.17627001711353668	0.1804	0.8315506830740296	-0.18958147833802677	-0.0119	1.4498384341506316	1.556729789950716	0.0008	1.5219010329054663	1.7724158498455265	0.0655	1.4741485935073133	1.6518794518834496	0.1076	1.62575114741925	1.4222044236042766	-0.01275	1.6800656645231562	1.0424880708085356	0.0702	1.709096138017309	0.7457509052470095	0.1076	1.2093057296295837	1.5255628248046424	-0.01275	1.0157432652725746	1.216876421432742	0.0702	0.9319881584502075	0.9851153819969308	0.1076
7	0.2339924670433145	1.234228268316348	0.8680361721661194	0.0301	1.3473936431365359	0.8152645478349319	0.0301	1.29145718591148	0.4174274232839725	0.129	1.2597402484121947	0.42340643994507504	0.023	1.2346949765800759	0.4606828403389322	0.2179	1.260581628822872	0.42455151655179496	0.1804	1.2361995379969373	0.41345249063819955	-0.0119	1.1030187491086147	0.8827839135738899	0.0301	0.9888050385140774	0.38640480640209734	0.129	0.8546804071327768	-0.09904925326504149	0.023	0.845728830020482	-0.18423545134687996	0.2179	0.7834299535945912	-0.17768168340842994	0.1804	0.8307245516787279	-0.19032770695480816	-0.0119	1.4567424490366019	1.5553126947172389	0.0008	1.5287234343172527	1.7698475962721196	0.0655	1.4739998431579802	1.6516898595135532	0.1076	1.631057103758573	1.4186614410431355	-0.01275	1.682655601874683	1.0426856549749837	0.0702	1.7098632272918266	0.7490670383868899	0.1076	1.2158041219865112	1.5236505687077981	-0.01275	1.018069718602471	1.2144935088066038	0.0702	0.9340291564838313	0.9846371232198717	0.1076
8	0.2674199623352166	1.2391234770798984	0.8680672937829546	0.0301	1.3537649748172347	0.8147101554604993	0.0301	1.2950606787258456	0.42176261329740655	0.129	1.266940540119149	0.42158554660058545	0.023	1.2395501556337256	0.46320582228785045	0.2179	1.2642526543413624	0.41630405430795786	0.1804	1.2415888463096278	0.40973257453154255	-0.0119	1.1072544910166926	0.8799249250592892	0.0301	0.9909117384427926	0.3875956930890361	0.129	0.854666191674426	-0.09769161589029678	0.023	0.8502194249555638	-0.18411607011309145	0.2179	0.7838782516525639	-0.17883069768590537	0.1804	0.8289362080171008	-0.19082414423421415	-0.0119	1.464354060605234	1.5515499601310794	0.0008	1.5358617800136487	1.7668484414206374	0.0655	1.4769775482280523	1.6497788105478117	0.1076	1.6380157838467457	1.413281205128152	-0.01275	1.6849706028265417	1.0415391483471044	0.0702	1.71008936492696	0.7522603807033376	0.1076	1.2240093375072914	1.5216101268138507	-0.01275	1.0242039280584272	1.2156179005093717	0.0702	0.9349468771755537	0.9866046727493704	0.1076
9	0.3008474576271187	1.2414049659764148	0.8683487239557756	0.0301	1.356380157304424	0.8135595464737257	0.0301	1.3002430000083514	0.42176680683626383	0.129	1.2700223163142585	0.41937217569567264	0.023	1.2441582301371839	0.4686367406285477	0.2179	1.2700215197406137	0.4229337161500594	0.1804	1.2441680323429867	0.4088166069084748	-0.0119	1.1110008674058596	0.8789467724426272	0.0301	0.9924853274837407	0.3875587588400044	0.129	0.8556922799123585	-0.09485158455454853	0.023	0.8506920799226183	-0.18161242408563022	0.2179	0.7838994001435273	-0.17762740416858405	0.1804	0.8282041597871105	-0.19040806957183953	-0.0119	1.471070437013796	1.5483862223344385	0.0008	1.5411725173918933	1.7640423589056768	0.0655	1.4867873915993974	1.6459663676461775	0.1076	1.6449687170612421	1.4075808558313179	-0.01275	1.689215991523327	1.0386997183435926	0.0702	1.7077151655666343	0.753313010191299	0.1076	1.2312030804573517	1.519551762948742	-0.01275	1.030542696604563	1.2173717298816533	0.0702	0.9370035479464506	0.9902989193749346	0.1076
10	0.33427495291902076	1.2434330637837996	0.8680406812246093	0.0301	1.3585411179064268	0.8108850599637243	0.0301	1.3045355397352523	0.41436780161726994	0.129	1.2701777452376204	0.41728189103972835	0.023	1.2489006672774936	0.47659106621414177	0.2179	1.2795047565859645	0.43991291736291654	0.1804	1.251923145558321	0.4116984047673676	-0.0119	1.1135322160059113	0.8757584578559602	0.0301	0.9950910442353214	0.38562288336877265	0.129	0.8583432863721753	-0.09246760135838811	0.023	0.8462018032955798	-0.17774234654632085	0.2179	0.7843980802921207	-0.17375824538591042	0.1804	0.8296263306961116	-0.1875675638531919	-0.0119	1.475735251300126	1.548015134713725	0.0008	1.5439736118099874	1.7607340575912969	0.0655	1.4935546005112532	1.643672141529088	0.1076	1.649119334284909	1.4038451778066576	-0.01275	1.6934663646697374	1.0364233188852978	0.0702	1.7040495367142305	0.7551062435107995	0.1076	1.2356690909608732	1.5176275466580207	-0.01275	1.0356612644613281	1.2167410510507013	0.0702	0.9405970666585284	0.9929964153282166	0.1076
11	0.3677024482109228	1.2483122543394138	0.8673369929203634	0.0301	1.363763083162791	0.8061512659052105	0.0301	1.3064222481196315	0.4043631736363697	0.129	1.2712162168106869	0.4135607365107188	0.023	1.2527442320373872	0.478035641180645	0.2179	1.2889969468008777	0.4478545808433812	0.1804	1.2683807302195351	0.4137661327096114	-0.0119	1.1158107453622697	0.8685988366769455	0.0301	0.9983430765877926	0.38256943600816273	0.129	0.8612944587722925	-0.09215282914644202	0.023	0.8418713068590572	-0.175133491210063	0.2179	0.7844914828283901	-0.168964715617804	0.1804	0.83149419012409	-0.18435471703336134	-0.0119	1.4789309308143757	1.5495439805168125	0.0008	1.545624839427959	1.7556945776280175	0.0655	1.4921512651329747	1.6441393494972665	0.1076	1.6502076272666992	1.4026336589876098	-0.01275	1.695318332196133	1.0357431683851281	0.0702	1.7024100247214442	0.7610100623909594	0.1076	1.2388054847026368	1.5160781977158393	-0.01275	1.0404761446247868	1.2140833014374335	0.0702	0.9435614908876109	0.9932277726434514	0.1076
12	0.4011299435028249	1.2550935470954008	0.8677211222917015	0.0301	1.37016330721677	0.8020933850108106	0.0301	1.306791666460399	0.40083022168179105	0.129	1.2742115653365254	0.4083224747878762	0.023	1.2553586746812826	0.4720787154131034	0.2179	1.295293197251982	0.44277711614360193	0.1804	1.281752611112045	0.4135972468535691	-0.0119	1.1193502074704629	0.8622326298027988	0.0301	1.0008944411558	0.3792971652574692	0.129	0.8626418754047505	-0.09266759639621425	0.023	0.8422819570642157	-0.17704617887586035	0.2179	0.7843700353027128	-0.1661793486888145	0.1804	0.8324868260083629	-0.183244118700047	-0.0119	1.4820045619614384	1.550722718327521	0.0008	1.5487321646794663	1.7492278682022244	0.0655	1.497414623836973	1.6423963031381295	0.1076	1.6504474010178438	1.4025741604944344	-0.01275	1.6960752775657684	1.03594798051882	0.0702	1.7033799281539996	0.768929189737952	0.1076	1.2426785369436106	1.514672887876956	-0.01275	1.0450908706766195	1.2115246935217423	0.0702	0.9446198224917863	0.9927378727908966	0.1076
13	0.43455743879472697	1.2613592501752693	0.868896728589845	0.0301	1.3755409836133643	0.8018907365072429	0.0301	1.306637048136217	0.4040762380649842	0.129	1.280142768791616	0.4047230654094386	0.023	1.2587071857128966	0.46951121287485054	0.2179	1.300196382332648	0.4385824326710757	0.1804	1.2835840146147977	0.4142272483728344	-0.0119	1.124162598523244	0.8614188971901713	0.0301	1.0022696234197892	0.3750337877589988	0.129	0.8629308061185096	-0.09258717269381722	0.023	0.843232402016866	-0.1809833798331522	0.2179	0.7851530240094295	-0.165356402606976	0.1804	0.8344170848049454	-0.18385562936990335	-0.0119	1.486276867664771	1.5500349365144201	0.0008	1.5546164299382759	1.7441050402363982	0.0655	1.5197359556127277	1.635239291449434	0.1076	1.653126757957783	1.400968912889735	-0.01275	1.69874309159124	1.035422475962749	0.0702	1.704833857662873	0.7745693910214887	0.1076	1.2478962176183412	1.513089102508459	-0.01275	1.0494812711340724	1.2097380501095536	0.0702	0.9447860350108103	0.9934899712832053	0.1076
14	0.467984934086629	1.2680272597188822	0.8685893345044091	0.0301	1.381883070316848	0.8034996639121529	0.0301	1.3065635519850112	0.40621238188389364	0.129	1.2908787384111782	0.4023059165280849	0.023	1.2626654944211808	0.4687860168761832	0.2179	1.305118051517841	0.4394942502921505	0.1804	1.2836208168404202	0.4132976257249426	-0.0119	1.1302636952300946	0.8641909774056421	0.0301	1.003526460528898	0.37013229856510854	0.129	0.8646495679685344	-0.09352537568975443	0.023	0.8384121767672279	-0.1764978884710684	0.2179	0.7861710061627462	-0.16303971804155035	0.1804	0.8399278693612121	-0.18602775392687323	-0.0119	1.493168603358692	1.5476488634905294	0.0008	1.5615937855587136	1.74240083031365	0.0655	1.5428748455023995	1.6260335493637084	0.1076	1.6605522578040193	1.395219337954574	-0.01275	1.7031638097828965	1.0330814279094145	0.0702	1.7055624180772577	0.7770118177418144	0.1076	1.2556192595870779	1.5110320310805447	-0.01275	1.055081151929027	1.2093914017179885	0.0702	0.9443475981498038	0.9945631622530212	0.1076
15	0.5014124293785311	1.2764779472014873	0.8658355426368489	0.0301	1.3902802350116048	0.8020261628816363	0.0301	1.3075295041935184	0.40276397459818064	0.129	1.303795883042314	0.3963918630654971	0.023	1.264417302037381	0.45889908217305986	0.2179	1.3066125620245932	0.4371561327817786	0.1804	1.2922440447187225	0.40855930996652795	-0.0119	1.1382026588862126	0.8650040329944673	0.0301	1.0057193676463843	0.3674684749088031	0.129	0.8679357489455407	-0.09660370456418849	0.023	0.8299256555146445	-0.1587893450281804	0.2179	0.7855028723102477	-0.15727332429003324	0.1804	0.847924152592795	-0.18977262717600035	-0.0119	1.5022797444662495	1.544028038481919	0.0008	1.5670677471873349	1.7425711747051522	0.0655	1.5485206096779771	1.6185089278140408	0.1076	1.671944007106346	1.3860262642891634	-0.01275	1.7064545762004864	1.0290706481373655	0.0702	1.7052418126997215	0.7776258587186602	0.1076	1.2659502135229665	1.5080971593133752	-0.01275	1.0625623902517234	1.2115173428018615	0.0702	0.9431879960379113	0.9945675396323065	0.1076
16	0.5348399246704332	1.2843282496948811	0.8615941602899825	0.0301	1.3970528047342123	0.796596011020334	0.0301	1.3102561014931269	0.39678407879391825	0.129	1.3118907149566075	0.3899136286090079	0.023	1.265245411801534	0.4483420199590896	0.2179	1.3056050575090667	0.4350252064176507	0.1804	1.3033348285244202	0.40656848375874993	-0.0119	1.1468787608966604	0.8615082600176006	0.0301	1.0078297707354238	0.36747141649883	0.129	0.8703661737577533	-0.09937682479091109	0.023	0.8253098023496604	-0.13983427397726636	0.2179	0.7831387257911834	-0.1502676347911561	0.1804	0.8538295120686997	-0.19265744094213355	-0.0119	1.510754686511389	1.5395528964913783	0.0008	1.571396903955323	1.740589811851321	0.0655	1.5489425661344	1.6122252940641013	0.1076	1.6835598475348352	1.3781568526022985	-0.01275	1.7072888675612379	1.0243817633426968	0.0702	1.702804410858097	0.7764992544984631	0.1076	1.274592261039347	1.504674462313073	-0.01275	1.070331724275351	1.2137960207845573	0.0702	0.9427998180673374	0.9948147795220875	0.1076
17	0.5682674199623352	1.2892182286554252	0.8574082788769143	0.0301	1.400106035957129	0.7904849127627538	0.0301	1.3140605446989304	0.3929768241264951	0.129	1.3140221370497087	0.3947997762888009	0.023	1.2732500425162536	0.45669501790166234	0.2179	1.317231194666364	0.44500064395227296	0.1804	1.307652239197148	0.41380210511439425	-0.0119	1.1540108532970712	0.8554817729934675	0.0301	1.0088180080864304	0.36745399092014375	0.129	0.8707303070843834	-0.10026365166950654	0.023	0.8261472679708424	-0.13227413735149926	0.2179	0.7806837900891819	-0.14551456727446682	0.1804	0.8559368835988953	-0.19273256385939908	-0.0119	1.5170347678646656	1.5350732273777314	0.0008	1.5772913897421978	1.73450908957474	0.0655	1.5675609525895249	1.604823905975062	0.1076	1.6917602515431602	1.374552708768927	-0.01275	1.7067217903980856	1.0200557261853624	0.0702	1.698999660287106	0.7732175526443275	0.1076	1.2797567422183065	1.5023199258205362	-0.01275	1.0776665913721406	1.2135778927198797	0.0702	0.943565271374908	0.9967376364683843	0.1076
18	0.6016949152542374	1.293414976474458	0.8549109945553278	0.0301	1.4037684001415036	0.7874111001037739	0.0301	1.31760030297693	0.3915119438666114	0.129	1.318972897064996	0.41461466285971	0.023	1.2943051800259693	0.483139832297212	0.2179	1.3568561156735257	0.463987872197053	0.1804	1.3098288934019031	0.42598726009586385	-0.0119	1.1595270284889962	0.8511491586403283	0.0301	1.0104150988231717	0.3671687577684918	0.129	0.8703292456286376	-0.10062929098325647	0.023	0.8266723519045845	-0.13333311157533412	0.2179	0.7785018102679777	-0.14366772426571187	0.1804	0.8565559227830604	-0.19119162352221045	-0.0119	1.5225472245247105	1.5292644934906656	0.0008	1.5860757242791412	1.7275930550712721	0.0655	1.5967720427244578	1.5966682055938273	0.1076	1.697435004996303	1.3725194341629026	-0.01275	1.7067803456254385	1.0161897076996322	0.0702	1.6974016260054499	0.7686494701807776	0.1076	1.2876889724356035	1.5023119336730444	-0.01275	1.0854128412702087	1.2128884510984295	0.0702	0.9438448394964074	0.9990494046518646	0.1076
19	0.6351224105461394	1.299868387299859	0.8547033144480346	0.0301	1.4121423810150358	0.7895503226531996	0.0301	1.3203049085932144	0.38873596251699527	0.129	1.3297581365482716	0.42598064304373146	0.023	1.3176829440773679	0.4989729090113185	0.2179	1.4102015257360645	0.4676295273732348	0.1804	1.3180992744173645	0.43007083957142933	-0.0119	1.165892275846716	0.8529005479311069	0.0301	1.0148633605403554	0.36932193465193064	0.129	0.8709666442791067	-0.10076492627064619	0.023	0.8251137807465432	-0.1353787581853636	0.2179	0.7766491640273468	-0.14289044553326724	0.1804	0.8562619506960054	-0.18991259346678402	-0.0119	1.5288083089710205	1.5205295327234358	0.0008	1.596941486658077	1.723383370921346	0.0655	1.6121036772456925	1.5907477107626327	0.1076	1.7044599711401944	1.3693372309072	-0.01275	1.7093044291110775	1.0121724588537087	0.0702	1.6989449046877392	0.7635844201074171	0.1076	1.3018321499249716	1.5034365036653767	-0.01275	1.092091416201196	1.213311233115732	0.0702	0.9433934345278232	0.9999982200836716	0.1076
20	0.6685499058380415	1.3073310914674852	0.8559961006388987	0.0301	1.4225107319304944	0.7946938471894024	0.0301	1.3227714861605828	0.3839621634983398	0.129	1.3266626593311694	0.3691532798235983	0.023	1.3124106299045033	0.44280468180882576	0.2179	1.4313372886553013	0.3981529535309006	0.1804	1.3286779722713806	0.4155870750927992	-0.0119	1.1737128819383784	0.8593841484725666	0.0301	1.0217265442534613	0.3739853188340695	0.129	0.87276482151856	-0.09910658020391014	0.023	0.8250216424821779	-0.13739252698360613	0.2179	0.7760630218169342	-0.14287805883200633	0.1804	0.8535829963057946	-0.18930219213028965	-0.0119	1.5359293002947352	1.5128746963226134	0.0008	1.608642349752056	1.7200646139218567	0.0655	1.6135188904306828	1.587797132635259	0.1076	1.713214211414269	1.365951287446493	-0.01275	1.7137787880655198	1.0080028454741081	0.0702	1.700484118432543	0.7579290358765307	0.1076	1.3148720568962244	1.5028769375175077	-0.01275	1.0949423903867648	1.211716392397527	0.0702	0.9434036683471048	0.9997722702019022	0.1076
21	0.7019774011299436	1.31364801400029	0.8581514916698738	0.0301	1.430426026499043	0.7975079842871861	0.0301	1.3262339833277859	0.38186800553731415	0.129	1.2873051359588283	0.2035421068281285	0.023	1.253798355363767	0.2541859923158073	0.2179	1.3872471487534415	0.19641640815129907	0.1804	1.3332751017128508	0.38557086995914536	-0.0119	1.1809395933058775	0.8634209369199887	0.0301	1.0282942840887233	0.37698230583345105	0.129	0.8743394376634726	-0.09620739940351425	0.023	0.8259533029395549	-0.14089023704478318	0.2179	0.7759617442648159	-0.1451422389916663	0.1804	0.8496939503710572	-0.1888030391383846	-0.0119	1.543594751695942	1.5111181190708656	0.0008	1.6204751096405723	1.714751479820076	0.0655	1.6171744954992657	1.5856078681429537	0.1076	1.7210190188940364	1.3634669159660187	-0.01275	1.7180617387993236	1.0042967540783458	0.0702	1.7012897478319358	0.7522078777093669	0.1076	1.32023967193695	1.4998980504322779	-0.01275	1.0955510802790018	1.2070338280532478	0.0702	0.9440128404401119	0.9997410178850462	0.1076
22	0.7354048964218456	1.3194290310659964	0.8604904163858048	0.0301	1.4366592184736258	0.7972611238535774	0.0301	1.3310898568533776	0.38540167861747104	0.129	1.2372727529214027	0.029325621527414473	0.023	1.166318192508469	-0.014125677216751908	0.2179	1.3049689490114824	-0.07607086506156445	0.1804	1.3332827086491705	0.3578882415686009	-0.0119	1.1870613809592458	0.8627151538486776	0.0301	1.0319363356399494	0.3758670995045585	0.129	0.8744149815110434	-0.09573834783877568	0.023	0.825263676604156	-0.14425857197835584	0.2179	0.7749605523175195	-0.14850151913184434	0.1804	0.8480151131745077	-0.1872872239174722	-0.0119	1.5514894693565016	1.5127577664266534	0.0008	1.6324834802261676	1.709358714480866	0.0655	1.6266554490306742	1.5815980772139075	0.1076	1.7276102961235666	1.3613750114159304	-0.01275	1.7230189048795002	1.0009415641856436	0.0702	1.7039415012494767	0.747704569519053	0.1076	1.322422284022051	1.4956211261826675	-0.01275	1.0983817338199933	1.203966390048297	0.0702	0.9446189780746113	1.000505501408317	0.1076
23	0.7688323917137477	1.32566872743038	0.8622179698903361	0.0301	1.4438462262574843	0.79835090481467	0.0301	1.3361046982155997	0.3884241300971371	0.129	1.2357898033286892	0.023698265724245555	0.023	1.1085724637771714	-0.20928411479372266	0.2179	1.246304416068008	-0.25814901388050066	0.1804	1.3358735341934982	0.3468940122172782	-0.0119	1.193467891726051	0.8629077862643065	0.0301	1.0325895636808629	0.374233374805469	0.129	0.8730127774044162	-0.09856597977399333	0.023	0.8253549188863001	-0.14341670243604823	0.2179	0.7746280979645347	-0.1488013790041206	0.1804	0.8493724049866532	-0.18369832060828328	-0.0119	1.5594627248516797	1.5131834680259009	0.0008	1.6444561046157253	1.7067020846147432	0.0655	1.6361358563193762	1.5748266892924911	0.1076	1.7343613790490087	1.35927340431398	-0.01275	1.7310250198471004	0.9971489201153771	0.0702	1.708353908324088	0.7448233635465276	0.1076	1.328304008187255	1.4912561974931744	-0.01275	1.1039699906015419	1.2052394038325915	0.0702	0.9454612914215211	1.0014877826618507	0.1076
24	0.8022598870056498	1.3315607629817527	0.8652062050435145	0.0301	1.4504448310372946	0.8018167934310281	0.0301	1.3406346726303142	0.38398826831490146	0.129	1.2883377850901536	0.18540633061899356	0.023	1.1014085281776969	-0.2647388575640809	0.2179	1.2326117829546896	-0.29623450281349345	0.1804	1.3410310383584119	0.3487450494577452	-0.0119	1.199797338128992	0.8668501719699775	0.0301	1.0331127308770618	0.3779919742327952	0.129	0.8718634742486596	-0.09893370247220845	0.023	0.8304367844294818	-0.1362359247377918	0.2179	0.7768270552074117	-0.14588119601738722	0.1804	0.8511654677973232	-0.17876274713448398	-0.0119	1.5674720374440065	1.5126465386193142	0.0008	1.6540858493549049	1.7044803964855824	0.0655	1.6444714177648896	1.5679989460198112	0.1076	1.7408265276233934	1.3573605915813431	-0.01275	1.7395849275690218	0.9933414046844905	0.0702	1.7115357612248505	0.7427283066808461	0.1076	1.3366247414310237	1.4886396379231084	-0.01275	1.1093134035599896	1.2077702564290143	0.0702	0.947683956510571	1.002327078964084	0.1076
25	0.8356873822975518	1.3356688442591549	0.8710692017501526	0.0301	1.4536413560659935	0.8028720603926986	0.0301	1.3465045917921843	0.376931757238971	0.129	1.3417438918315419	0.34432101695633605	0.023	1.1139068537940848	-0.25188318377544217	0.2179	1.2375038898667856	-0.2813437840612427	0.1804	1.3437440246200398	0.3576345301791154	-0.0119	1.2035955442693425	0.8698624572101377	0.0301	1.0349294055755318	0.38795888328271194	0.129	0.872991628391444	-0.09206630508765631	0.023	0.8381781197053096	-0.125245255651984	0.2179	0.7799605799892644	-0.1433076466754111	0.1804	0.8526229947428501	-0.17378463745566947	-0.0119	1.5753725577833586	1.5128606162553888	0.0008	1.6591671223519684	1.69902818427546	0.0655	1.6521998579043815	1.5638134500934875	0.1076	1.7466375503850078	1.3551499251156764	-0.01275	1.7449761368355883	0.9907396771530841	0.0702	1.7120975333649802	0.7405935354685346	0.1076	1.3423011656081667	1.4878940874847848	-0.01275	1.1131387171739873	1.208439265669078	0.0702	0.9511715951987003	1.0033005794929735	0.1076
26	0.8691148775894539	1.3376001261551003	0.8765320290142296	0.0301	1.4552050111761854	0.8002139407792809	0.0301	1.3537412398025865	0.3749023937628142	0.129	1.3651897159003212	0.41029898230971606	0.023	1.1173294606272908	-0.25234800339835073	0.2179	1.239527645975346	-0.29253612144392194	0.1804	1.3436392665031502	0.3711069219915972	-0.0119	1.2050271952541274	0.86949295547444	0.0301	1.0360542214505561	0.39938905042384315	0.129	0.8775874923039119	-0.07991534181749156	0.023	0.8403469376088262	-0.1145828259749844	0.2179	0.7812645708961119	-0.13852499313444455	0.1804	0.8578994991416246	-0.16749427234963446	-0.0119	1.5832712438477665	1.5132398827057054	0.0008	1.6619165244504048	1.6922012993182007	0.0655	1.6564870999647714	1.5594255688020306	0.1076	1.7532882689488876	1.3516571160121578	-0.01275	1.7490825481397025	0.9889466267885596	0.0702	1.7113352259004835	0.7386674640419976	0.1076	1.3449481533947079	1.486075335909977	-0.01275	1.1161509507507321	1.2073630799892079	0.0702	0.9537986739864832	1.0046466602352038	0.1076
27	0.902542372881356	1.338384646778905	0.8793319331996525	0.0301	1.4587580004763243	0.8009403846861309	0.0301	1.3586502413189772	0.3783708555365904	0.129	1.3699779078575698	0.4169954813071904	0.023	1.116999039207234	-0.26224298689007625	0.2179	1.2429712404614959	-0.3118538594154608	0.1804	1.342852719784062	0.3815066899664935	-0.0119	1.207641695138988	0.871125452977018	0.0301	1.036182051255248	0.40949705211322024	0.129	0.8866374413254638	-0.06479644060678318	0.023	0.8344159076514531	-0.10477295198213964	0.2179	0.782078061398447	-0.12582804026950653	0.1804	0.8709169727629001	-0.15684508744982037	-0.0119	1.590501935352994	1.511691075171135	0.0008	1.6662043373886934	1.6883194420724807	0.0655	1.6559232293813713	1.552724436127133	0.1076	1.7608087961158885	1.3468267496260502	-0.01275	1.7549463294746235	0.9871165679352147	0.0702	1.7108328735324518	0.7376697505757975	0.1076	1.3477635908483994	1.4816881124710628	-0.01275	1.1189893867525742	1.2058535405949549	0.0702	0.9541752139435692	1.0060363555955831	0.1076
28	0.935969868173258	1.3397080919945272	0.8827210372534433	0.0301	1.4633132618093705	0.8078682566072583	0.0301	1.3606651134914354	0.38522708196816474	0.129	1.3723374722660606	0.4083822521043605	0.023	1.139567086992395	-0.20642510631897443	0.2179	1.2648563368724282	-0.2603774808569	0.1804	1.3419724287690131	0.38779670446614883	-0.0119	1.2117380902487405	0.8775223603396719	0.0301	1.0375935486830843	0.41935937053794164	0.129	0.8994915205154308	-0.04618440569701901	0.023	0.8299723469340767	-0.09238886481001557	0.2179	0.7881021667484003	-0.10666896482130665	0.1804	0.8886734010718763	-0.1399289536468214	-0.0119	1.5952346550790795	1.5075645936094597	0.0008	1.6708084519542303	1.6861923710445623	0.0655	1.652699145861717	1.5488557545941748	0.1076	1.7660995613408668	1.340913692917642	-0.01275	1.761687384223313	0.9860786533662026	0.0702	1.7109235052836889	0.7375178387667953	0.1076	1.3515665068169802	1.477247603178747	-0.01275	1.1221139163718419	1.2047483686731748	0.0702	0.9528230958765495	1.0063722300161633	0.1076
29	0.9693973634651601	1.3424247078572982	0.8893230021974577	0.0301	1.4652911572905998	0.8142923999343088	0.0301	1.363130891225475	0.3922978036603166	0.129	1.3744449214824936	0.39839087554192554	0.023	1.2003424636988775	-0.03530376689592505	0.2179	1.313754779614123	-0.0938643318507433	0.1804	1.3404439010604348	0.3912360484396955	-0.0119	1.213909661574148	0.8843713955889786	0.0301	1.041289720675387	0.43129065238179015	0.129	0.9128499931896302	-0.02581400393218693	0.023	0.8369518381498727	-0.07478162662017554	0.2179	0.8009915501576989	-0.0859031379616857	0.1804	0.9041995478411932	-0.11840820721883176	-0.0119	1.5968331103489513	1.502503362384947	0.0008	1.6712604080495397	1.681446625017491	0.0655	1.6484325936182944	1.5504681032705203	0.1076	1.7668488051892546	1.33390583755507	-0.01275	1.7669785510949294	0.9859635327158365	0.0702	1.711314335722543	0.737634543750186	0.1076	1.3547637520691813	1.4752457231741627	-0.01275	1.1250473144227384	1.2046530039700645	0.0702	0.9510130268576523	1.005169800910214	0.1076
30	1.0028248587570623	1.3454874025216996	0.89637660162729	0.0301	1.4647169046951103	0.8165677224782701	0.0301	1.365502095334209	0.39658430564575997	0.129	1.3713355192567114	0.3867538561454454	0.023	1.2808851376265622	0.20226305261733948	0.2179	1.373252997336099	0.12936346772780327	0.1804	1.339321165432243	0.3870545712990745	-0.0119	1.2137368801691077	0.8888199403398659	0.0301	1.0470540941727349	0.44711614687912177	0.129	0.9239207264876516	-0.008493205944362491	0.023	0.8516017220968849	-0.05300456557899671	0.2179	0.8142679162491503	-0.06592540130788833	0.1804	0.9154328883467914	-0.09811599982905746	-0.0119	1.596188616282384	1.4972505793010225	0.0008	1.6674739100193239	1.6739957856188203	0.0655	1.642540733395696	1.5493064166401196	0.1076	1.7646968275314272	1.326960833607407	-0.01275	1.7690496659668724	0.984488311468146	0.0702	1.7115452062342449	0.7376937724221665	0.1076	1.3563452520814463	1.4737642659390033	-0.01275	1.125996762432431	1.206159167446354	0.0702	0.9499519889631568	1.003700087586712	0.1076
31	1.0362523540489643	1.3471761229157615	0.8992434224776205	0.0301	1.4637286557701326	0.816102177038429	0.0301	1.3644911205037795	0.3982183872006379	0.129	1.3650074297704948	0.3770882672297903	0.023	1.3424976953001206	0.39904035863936677	0.2179	1.4123128711797783	0.29585108667628335	0.1804	1.342398694403587	0.3821088504497516	-0.0119	1.2132049757258838	0.8904524056000512	0.0301	1.0537958168948791	0.4634606727264517	0.129	0.9321430834352454	0.003629240933564201	0.023	0.8637527260397273	-0.02978872128833085	0.2179	0.8235989481435316	-0.04705776441430713	0.1804	0.9247400062823025	-0.08344972829400542	-0.0119	1.5941355692885322	1.4921251096306372	0.0008	1.6631886173651655	1.666150002805024	0.0655	1.6356203340474214	1.5377183725295382	0.1076	1.7630402920843278	1.3221369203181323	-0.01275	1.7675213057979862	0.9807113836908409	0.0702	1.7112955637653997	0.7377776743869856	0.1076	1.3555765352236937	1.4696072177892254	-0.01275	1.1237333084215546	1.208892824888591	0.0702	0.9497614105808886	1.0029005596979894	0.1076
32	1.0696798493408664	1.3470010682155704	0.897832021509039	0.0301	1.4623804197232755	0.815896951952283	0.0301	1.361702717812255	0.39948699565663887	0.129	1.3615631602417522	0.37618894658874524	0.023	1.3605902204893816	0.48208786912728735	0.2179	1.4175643123762094	0.3510641897409706	0.1804	1.3471434840389307	0.3864264403697597	-0.0119	1.2131338639565454	0.8912073781082112	0.0301	1.060091710847297	0.47390394499150673	0.129	0.9379553828648841	0.013920710483552244	0.023	0.8721456592328733	-0.007275029074635945	0.2179	0.8343283725361614	-0.02769044902463441	0.1804	0.9327915717563293	-0.0718687960873216	-0.0119	1.590987860835616	1.4874198255461997	0.0008	1.6604792581388188	1.6591634488365268	0.0655	1.6304340621057485	1.5240042581658642	0.1076	1.7633310727032951	1.320819711895167	-0.01275	1.7651676091059936	0.9768778120238718	0.0702	1.7110757479583458	0.7379842560579074	0.1076	1.352412769229759	1.4643539352152481	-0.01275	1.1192381106194076	1.2111152818561761	0.0702	0.9491977212707966	1.0020449130772835	0.1076
33	1.1031073446327684	1.345431566697878	0.8966260146990068	0.0301	1.4598538373449828	0.8215676099475205	0.0301	1.3608323196898302	0.4035898682091226	0.129	1.359390299180049	0.38188700148194316	0.023	1.3426778523527936	0.459466264759812	0.2179	1.4058215710529136	0.3375380092535391	0.1804	1.3451244638298367	0.39365744759095306	-0.0119	1.2140588488212567	0.8961923657831787	0.0301	1.065982865217773	0.4775877665876021	0.129	0.9425362704028116	0.026554360030983357	0.023	0.8819983095051618	0.013594671669614304	0.2179	0.8513276810755704	-0.0063360777868008405	0.1804	0.939307543701503	-0.058149142160148715	-0.0119	1.5868857742135054	1.4809897607260882	0.0008	1.659162739996441	1.6546831430418971	0.0655	1.6273604445219705	1.522246190192666	0.1076	1.764405327977186	1.3227963794720656	-0.01275	1.7648714053414862	0.9749271924178246	0.0702	1.7114889643781306	0.737420500331751	0.1076	1.3490877583907959	1.461877462427674	-0.01275	1.1148256363230387	1.211517582864987	0.0702	0.9474816991632224	1.0010462022452695	0.1076
34	1.1365348399246704	1.3427338560555937	0.8963864870325287	0.0301	1.4568693867390579	0.8322957249466539	0.0301	1.36073016446691	0.4109838711992296	0.129	1.3548569520620253	0.38722924664618635	0.023	1.316213733360049	0.40057349246496	0.2179	1.398427439175932	0.31947300052776845	0.1804	1.337884019002478	0.3961443235055745	-0.0119	1.2153290922236497	0.9024400055107549	0.0301	1.071435786335893	0.47682869520545706	0.129	0.9471248615487916	0.0414452503929576	0.023	0.8946754277150476	0.03530137635467362	0.2179	0.8679483598152137	0.016741349779805327	0.1804	0.9444109125380366	-0.041738613458700516	-0.0119	1.5827246505200738	1.4725105461204826	0.0008	1.657819069122092	1.6527161136753783	0.0655	1.6244264223721951	1.5300034574965782	0.1076	1.7636757541245462	1.3248286463876906	-0.01275	1.7649573230841094	0.9749731092452952	0.0702	1.7118104886525904	0.7355887228838753	0.1076	1.3478787603298281	1.461271239419626	-0.01275	1.1113771477888494	1.2110677635953957	0.0702	0.9455023517408028	1.0010376418415392	0.1076
35	1.1699623352165727	1.3391616330124692	0.8925423803941026	0.0301	1.4547213046228789	0.8384156829345385	0.0301	1.3588930770695091	0.41766856526902557	0.129	1.35045752487919	0.389608959841705	0.023	1.301441415960151	0.36898053666010583	0.2179	1.398309700684327	0.3158077423966021	0.1804	1.3343094536615008	0.39517345659920766	-0.0119	1.2146160780531245	0.8998551669698865	0.0301	1.075754711839385	0.4722263645996708	0.129	0.9518169436645993	0.05621009206433188	0.023	0.9065824903857843	0.05925341121693231	0.2179	0.875547653465939	0.038723773712937795	0.1804	0.9472015134651729	-0.025719337456856107	-0.0119	1.5788455437501692	1.4659272305312352	0.0008	1.6540979851488797	1.6502743659075592	0.0655	1.620788511974602	1.5352509625560327	0.1076	1.7588414707726916	1.323748929723283	-0.01275	1.7625519672490337	0.9760175511463268	0.0702	1.711080603314986	0.7341977688173332	0.1076	1.3476021438958365	1.4586080915775739	-0.01275	1.107593118205585	1.2115632515214103	0.0702	0.944454821907732	1.0022081279990047	0.1076
36	1.2033898305084747	1.3352928288945807	0.8861074674980883	0.0301	1.4527604235431657	0.8369534415480686	0.0301	1.3571983744393998	0.42244484472606725	0.129	1.3487509150903252	0.3899813047783477	0.023	1.3000260328116813	0.37156903477681097	0.2179	1.398958158905833	0.3171079610964401	0.1804	1.33514230780368	0.392833661276685	-0.0119	1.2116784799422897	0.8915424111244387	0.0301	1.0792944523715857	0.46677984532671335	0.129	0.9559103170707146	0.06938563300359853	0.023	0.914862174367703	0.07585046280975948	0.2179	0.8777004923878247	0.053483382879762495	0.1804	0.94762276376326	-0.011626544524042295	-0.0119	1.5729087460773534	1.4630630683222523	0.0008	1.6467489682677183	1.6465823057939948	0.0655	1.6144885647679887	1.5367524277740978	0.1076	1.750145323435998	1.3227515144603095	-0.01275	1.7587321137360905	0.9760525459040077	0.0702	1.7099633956894356	0.7348892678466634	0.1076	1.3447160039042039	1.4541871042498031	-0.01275	1.101956479476571	1.213054974446153	0.0702	0.9442528173250428	1.0035783369040858	0.1076
37	1.2368173258003767	1.3315539779429646	0.8840153548235862	0.0301	1.4497579573143344	0.8356408063889992	0.0301	1.3579792520977196	0.4287394486528329	0.129	1.3485971519337607	0.3901312181560595	0.023	1.3070526459727958	0.3842439288420501	0.2179	1.3985830335362888	0.31922968547815117	0.1804	1.3359311344963543	0.3920374530781772	-0.0119	1.2092744633065042	0.8909907273009132	0.0301	1.0822626702276195	0.46436954791344753	0.129	0.9585688376770326	0.07870909202792435	0.023	0.9205469993432251	0.07461893828192788	0.2179	0.8821524292893114	0.057457161352199006	0.1804	0.9481264093271339	-0.0004877636512355435	-0.0119	1.562799414314528	1.4612081315931156	0.0008	1.6374457239272833	1.6444664719364128	0.0655	1.6038637231272994	1.5391419332379985	0.1076	1.7399967007573527	1.326799302572601	-0.01275	1.7552357028394774	0.9747811032159706	0.0702	1.7092874425447782	0.7379317296588528	0.1076	1.3379399939045873	1.4511811015740783	-0.01275	1.0936148307237765	1.2148076395539917	0.0702	0.9440903547063091	1.0044733255387341	0.1076
38	1.2702448210922788	1.3280793934057034	0.8858213326091284	0.0301	1.4462470339403923	0.8372556353899285	0.0301	1.358653512045658	0.4362869415010885	0.129	1.348173771096242	0.3900328071311165	0.023	1.3164803208863682	0.39517866906916904	0.2179	1.3980211002585194	0.3229116294887823	0.1804	1.3364401320177113	0.3963600116132768	-0.0119	1.2087321110911726	0.8973005677990473	0.0301	1.0840246343384736	0.4641533187254467	0.129	0.9596002158238556	0.08158886985469159	0.023	0.9240229572981622	0.06191073571744813	0.2179	0.8870989783811848	0.054357094647202266	0.1804	0.9509002539740153	0.005063439721591957	-0.0119	1.5501369543226131	1.4582111409177576	0.0008	1.6287511100254615	1.6442772139906416	0.0655	1.5925167302970984	1.5396960550059757	0.1076	1.7301199924987944	1.3332417713588367	-0.01275	1.750362897455777	0.9761330787415946	0.0702	1.7084602850073725	0.7438575320889684	0.1076	1.328564863904071	1.4496192194834319	-0.01275	1.0827059272780404	1.2174744696888604	0.0702	0.9439846492618458	1.0048227334630466	0.1076
39	1.3036723163841808	1.324514818815754	0.8852677623853377	0.0301	1.442335697434802	0.836526926386864	0.0301	1.3561088253150617	0.4408769649269189	0.129	1.3460432799523308	0.38887694628938513	0.023	1.3192220368733492	0.40521880400296256	0.2179	1.3952771170089227	0.326571307950639	0.1804	1.3372069401738107	0.4041925561516278	-0.0119	1.2079155234934484	0.8986717612043673	0.0301	1.0847093052595156	0.46357256950623427	0.129	0.9598155153965002	0.07933466291678619	0.023	0.924445668754378	0.05111783222130856	0.2179	0.88801116099187	0.04907426753357651	0.1804	0.9546351243521258	0.004573013531302321	-0.0119	1.5377016451012755	1.4549185667945002	0.0008	1.6202508666842912	1.6430463256414851	0.0655	1.583593187774455	1.5345077985072015	0.1076	1.720666685274948	1.3366150181594318	-0.01275	1.7426426463055598	0.9836015542430147	0.0702	1.7068143246659153	0.752040520374019	0.1076	1.3171373383499458	1.4480660033277974	-0.01275	1.0709835152413756	1.221990771584865	0.0702	0.9440890241123047	1.0048034129834682	0.1076
40	1.337099811676083	1.320040766067762	0.8822421461641405	0.0301	1.437270683283241	0.8343229408737491	0.0301	1.3522232659325226	0.44157203608192336	0.129	1.341961722764246	0.3896849331315251	0.023	1.3139398125145507	0.41559724846610524	0.2179	1.3893386917643635	0.33027323744880877	0.1804	1.335556064767477	0.41070575661465863	-0.0119	1.2048518116427198	0.8949992052975456	0.0301	1.0847062149446367	0.46213256668367547	0.129	0.9599360098298105	0.07611902540288407	0.023	0.9246088980164163	0.04567680262073859	0.2179	0.8874561631660353	0.04256264306154813	0.1804	0.95606576794303	0.0013195655490945669	-0.0119	1.5258494024579559	1.4525445278532156	0.0008	1.6088225434207928	1.6410771681916616	0.0655	1.5731087422363526	1.5287985522468974	0.1076	1.7104010664952074	1.337381687212771	-0.01275	1.7340899611383986	0.9945594409964078	0.0702	1.7042709565468595	0.7585094487819476	0.1076	1.304325547967267	1.4473787540640035	-0.01275	1.0603818602829311	1.2277722651249887	0.0702	0.943583793982609	1.0049627511304917	0.1076
41	1.370527306967985	1.3147212104235266	0.8802955049877947	0.0301	1.4317052778689505	0.8354192833990298	0.0301	1.3494748318356535	0.441811515462594	0.129	1.3380523836689748	0.3959314230337439	0.023	1.3094284625393606	0.4249160629353681	0.2179	1.384113757920646	0.3365840955160947	0.1804	1.3317040494497034	0.4149022728878203	-0.0119	1.2001279743557356	0.893228886554013	0.0301	1.0834968135353102	0.46157494572704755	0.129	0.9600021925758656	0.0741998146665235	0.023	0.9252746363713057	0.043539690625396095	0.2179	0.8876299446775492	0.03646407718063694	0.1804	0.955226841145338	-0.0018622670813294776	-0.0119	1.5138493848090377	1.4519362264842632	0.0008	1.592874673536163	1.6419996697726156	0.0655	1.5573528200791278	1.5293759996624885	0.1076	1.6974801238504384	1.3387114973585992	-0.01275	1.7270628448204213	1.0042483786625773	0.0702	1.7010295546364307	0.7605495187642335	0.1076	1.2924423872393573	1.4484374383946752	-0.01275	1.0515744225372523	1.2338311112951554	0.0702	0.9423401795396557	1.005598604100403	0.1076
42	1.4039548022598871	1.3102203223684568	0.8799515774333727	0.0301	1.4265842051276514	0.8371286138353601	0.0301	1.347383619108222	0.44562324120353225	0.129	1.33667908948155	0.4057119384231737	0.023	1.3087972762370854	0.4316164293619759	0.2179	1.382485518792498	0.3479012306601596	0.1804	1.3301163804671337	0.42142878863040634	-0.0119	1.1949725608812893	0.892511611561002	0.0301	1.0809731904786384	0.4651140066319207	0.129	0.9600107170961445	0.07326680114404285	0.023	0.9218445966276844	0.04463817013127873	0.2179	0.8850163595599752	0.03491729071403453	0.1804	0.9554382072040706	-0.003840236540666311	-0.0119	1.5024545552402864	1.4543478541110404	0.0008	1.5745274507528022	1.6462004622493298	0.0655	1.5400821720643085	1.53489991693362	0.1076	1.682525736081434	1.341178317733206	-0.01275	1.7208758673245692	1.0120043424415743	0.0702	1.697883995589021	0.761208140664327	0.1076	1.2832640598557168	1.4500940093848684	-0.01275	1.0446373851675235	1.2399545428446854	0.0702	0.9417115779298704	1.0066594463702327	0.1076
43	1.4373822975517891	1.307875760117411	0.8814044295429276	0.0301	1.4218794145812865	0.8369165741725119	0.0301	1.3464610745854844	0.4536449686666912	0.129	1.337867788283393	0.41704261113199703	0.023	1.307181775856669	0.43812869850506053	0.2179	1.3832937516824688	0.36732866622321986	0.1804	1.3321788346863894	0.43439594610596427	-0.0119	1.1902535428756158	0.8905784678825699	0.0301	1.0785620802496196	0.47321201705080446	0.129	0.9601974787087627	0.07340662562078586	0.023	0.9150182478302912	0.04737719322745668	0.2179	0.8789766343507183	0.037289226799079846	0.1804	0.9573532800747847	-0.0030260338015409864	-0.0119	1.4928633021749613	1.4595251150061557	0.0008	1.557427078075797	1.6507809536870024	0.0655	1.5256340765466785	1.5411576444219317	0.1076	1.66887171800909	1.3439085955979857	-0.01275	1.7131805594306613	1.0192834442430263	0.0702	1.6954856805640903	0.7642075728431864	0.1076	1.276571436836597	1.4515139075557955	-0.01275	1.0393726782427422	1.245648934642349	0.0702	0.9424953706761287	1.0090392067913718	0.1076
44	1.4708097928436912	1.3065625548070747	0.8852563704623211	0.0301	1.4178298701258611	0.8393788042502569	0.0301	1.3479049890705923	0.4618649932373964	0.129	1.3407938577332308	0.43129338795386474	0.023	1.3052643179452468	0.45038811826171476	0.2179	1.3876289186004647	0.39585147180035946	0.1804	1.335813436144252	0.44924806447149496	-0.0119	1.1872563911066265	0.8913522101202905	0.0301	1.0772446032760241	0.4804016841758256	0.129	0.9605299319687836	0.07552170405105744	0.023	0.9114662299378161	0.0481600106014666	0.2179	0.8744912169431645	0.03784282992121114	0.1804	0.9585106649274716	0.0011889656133991294	-0.0119	1.4849035142159455	1.4649747110512918	0.0008	1.5436775763463908	1.6543802757992028	0.0655	1.5127603569929886	1.5467799252021244	0.1076	1.6583917473324465	1.34760077331577	-0.01275	1.7033385881150565	1.0269261385462733	0.0702	1.6936851993989108	0.7695789829826096	0.1076	1.271021802969665	1.4540906644828526	-0.01275	1.0355097300437663	1.2504120087648418	0.0702	0.9439538242671848	1.0135381026057724	0.1076
45	1.5042372881355932	1.304117537846155	0.8903243410094268	0.0301	1.4150123586719432	0.8470806390537622	0.0301	1.3505854876262302	0.4671526071875214	0.129	1.3452862769665568	0.44539903418343485	0.023	1.3087817947847535	0.47033090783470466	0.2179	1.3984045423438312	0.4278095064078149	0.1804	1.3393403734697145	0.457723428164895	-0.0119	1.1860915471870928	0.8979890638406114	0.0301	1.076056543450619	0.4817075460532423	0.129	0.9605742603402814	0.07841477261743814	0.023	0.9129336465723937	0.046628515352524394	0.2179	0.874191111056133	0.03529451858781991	0.1804	0.957717644110167	0.0052875068225206	-0.0119	1.4776665351288558	1.4688286721585955	0.0008	1.5334643678495152	1.6577954527271415	0.0655	1.4996205391862054	1.5512564492347558	0.1076	1.6499140515478492	1.3540690949334644	-0.01275	1.6925830404991868	1.035725695674685	0.0702	1.6920667859672698	0.7762376815218838	0.1076	1.265325882626477	1.459172112742376	-0.01275	1.03324496175425	1.255886870331789	0.0702	0.9451427167303561	1.0189464379164244	0.1076
46	1.5376647834274955	1.300377577467839	0.8963768385154044	0.0301	1.413102135530413	0.8563579623885895	0.0301	1.3535847680321702	0.4724049714893262	0.129	1.350480918450657	0.45348586242263095	0.023	1.3168485761226394	0.48962003867375786	0.2179	1.4115657900498344	0.4533010591156178	0.1804	1.3426224668884925	0.46236475599472404	-0.0119	1.1845807484233208	0.9078657134498386	0.0301	1.0745017396206766	0.4800647189780796	0.129	0.9603940782948113	0.07952580788497521	0.023	0.9156943959474608	0.04609250424676231	0.2179	0.8752601540530145	0.03367434457738367	0.1804	0.955512316395994	0.004435110391859616	-0.0119	1.4705331271547957	1.47146217807293	0.0008	1.526449347165729	1.6607509160225498	0.0655	1.4883971434964811	1.5539515394811252	0.1076	1.6413831847294142	1.3622581337950936	-0.01275	1.682115866016693	1.0448010712403857	0.0702	1.6902512857128222	0.7832537073844119	0.1076	1.2588308643427975	1.4648548289111518	-0.01275	1.031660948237608	1.264587562072525	0.0702	0.9459900604452685	1.0232071248798993	0.1076
47	1.5710922787193975	1.2969303996448547	0.9038956793743883	0.0301	1.4112693883067924	0.8635990466539455	0.0301	1.3573943901874461	0.480487770628154	0.129	1.3556704138775544	0.45851355318205067	0.023	1.3232087279554166	0.49817818825869964	0.2179	1.4186438364961822	0.46717144056647103	0.1804	1.3482762885209167	0.474964659829462	-0.0119	1.1816086572807025	0.9163465228633061	0.0301	1.0736830328185463	0.48035783734109616	0.129	0.9607347246077976	0.07878188619511817	0.023	0.9171224512931243	0.04796928090010629	0.2179	0.8752107787308712	0.0343822553356965	0.1804	0.9531698046979968	-0.000434701112544674	-0.0119	1.4634606518241295	1.4741649159047288	0.0008	1.5216507583471897	1.6611755643466337	0.0655	1.4815700085790091	1.5555293037356916	0.1076	1.6318644634829653	1.3688019142120378	-0.01275	1.6726931095702156	1.051691775762738	0.0702	1.6881456007343159	0.7890834047010493	0.1076	1.2515206844355329	1.4681317752083878	-0.01275	1.0281450457364418	1.2756014609777977	0.0702	0.9467629642851761	1.0256333533710118	0.1076
48	1.6045197740112995	1.2942994673497905	0.9098663391574585	0.0301	1.4094250184792796	0.8681228225703925	0.0301	1.361704150319886	0.4887633061228561	0.129	1.3626172690110874	0.46997973901583695	0.023	1.3260671548515268	0.4976547248060218	0.2179	1.4186751635845614	0.47348350660109295	0.1804	1.3584540652665864	0.49828073510212006	-0.0119	1.1787926828579043	0.9200367583479911	0.0301	1.0739778025571693	0.48172334793430954	0.129	0.9616544159861057	0.07796893418666913	0.023	0.9177377975521064	0.04890100817041763	0.2179	0.8761618087568157	0.03523792526476254	0.1804	0.9523516058452806	-0.003308666528457732	-0.0119	1.45674700156777	1.477772314785067	0.0008	1.5165032781168954	1.6592021276285338	0.0655	1.4768302783471245	1.5576443756415825	0.1076	1.6222005078541935	1.3727474851054506	-0.01275	1.6647781789721725	1.0558043136302566	0.0702	1.685935496088625	0.7926542468091194	0.1076	1.2436198422947309	1.4693045455442801	-0.01275	1.0216827172880576	1.2843303203365584	0.0702	0.9473437927501044	1.0275645730638059	0.1076
49	1.6379472693032016	1.2916836117305799	0.9117908765726733	0.0301	1.407795409615901	0.8711797397986614	0.0301	1.3661480049207855	0.49686831752437816	0.129	1.3711472547778951	0.48876938465872655	0.023	1.3291214686560588	0.49888767115215804	0.2179	1.4166468819904117	0.4787860479071044	0.1804	1.3694799400444655	0.5208921926264373	-0.0119	1.177325001621168	0.9190572834108637	0.0301	1.0747273618830828	0.48207460230076354	0.129	0.962279929386961	0.07808220636012929	0.023	0.9198808540157742	0.04570417735509943	0.2179	0.8804627929858088	0.03488410255695101	0.1804	0.953124376605526	-0.0019087709770587058	-0.0119	1.4502920591272144	1.4813519854979667	0.0008	1.5088492015652053	1.6578506968517697	0.0655	1.4701282945168406	1.5601298828869514	0.1076	1.6136818561756923	1.3750111029528673	-0.01275	1.65865610168994	1.0581693204215996	0.0702	1.6838420800263487	0.7947340067965645	0.1076	1.2356134044115337	1.4704996587652164	-0.01275	1.0140906813867248	1.2874586498859852	0.0702	0.9470946801975528	1.0299461378397619	0.1076
50	1.6713747645951036	1.2897498787417347	0.9135978073077906	0.0301	1.4065634214356872	0.8756391844550834	0.0301	1.3711934094798925	0.5102571035941663	0.129	1.3756433903291354	0.5029812123454092	0.023	1.3356947930400258	0.5108374293109273	0.2179	1.4158103344753934	0.4884212279851731	0.1804	1.3763841548209568	0.5330583221464852	-0.0119	1.1763057904303675	0.9181176929771356	0.0301	1.0757196308076926	0.4829737665398494	0.129	0.9623634781791169	0.07927357984398664	0.023	0.9250261497400157	0.040308460054755406	0.2179	0.8848870244899876	0.03432534383635276	0.1804	0.9540867461768943	0.0007711794465085481	-0.0119	1.4435713826845162	1.4815996723645872	0.0008	1.499988694388226	1.6584516133521896	0.0655	1.461759536670363	1.5594635602085232	0.1076	1.6065821372857096	1.3762194899614935	-0.01275	1.6544672176912434	1.0594604505620258	0.0702	1.6822724569412812	0.7963240112742594	0.1076	1.2289048168842385	1.4715884657358798	-0.01275	1.0076583490763469	1.2858173065933296	0.0702	0.9457239919412783	1.0312094763460935	0.1076
51	1.7048022598870058	1.2898168318045404	0.9191709329168032	0.0301	1.405919196099751	0.8830395265901866	0.0301	1.375730776806652	0.5288776448018754	0.129	1.3732606126851086	0.5040724664766534	0.023	1.344434788224932	0.532123339443721	0.2179	1.417765396112113	0.5042309353490767	0.1804	1.380151911740126	0.5356831763767124	-0.0119	1.1745735457282451	0.9206494755280213	0.0301	1.0771013854405467	0.48600146995709714	0.129	0.9626317645164836	0.08092979963209958	0.023	0.9308307952692597	0.03716585836020318	0.2179	0.8844030060338421	0.03534719281082374	0.1804	0.9545837969756155	0.002920691468389577	-0.0119	1.4365996261446194	1.4772117171937382	0.0008	1.493024478568523	1.6594740673066646	0.0655	1.4546616422331213	1.5535152216672943	0.1076	1.600720207867683	1.3779517155845047	-0.01275	1.6512924933487745	1.060681039515034	0.0702	1.681719320850558	0.7971340306068164	0.1076	1.2246900955217788	1.4710235826746774	-0.01275	1.0033433103020477	1.281093030360283	0.0702	0.9450767655094067	1.029939283534245	0.1076
52	1.7382297551789079	1.2900797258546233	0.9250986496488677	0.0301	1.405077833837876	0.8907110602309085	0.0301	1.3769188155252732	0.5428123302875842	0.129	1.3696650013150318	0.5008775531798938	0.023	1.3497898524791	0.5495990308624692	0.2179	1.4207771726379372	0.5176846714704204	0.1804	1.3833483876339379	0.5329409493637264	-0.0119	1.172364801984599	0.924678297005229	0.0301	1.0782937183951475	0.48896631780933936	0.129	0.96342574670438	0.08176924228491482	0.023	0.9338085121938133	0.03725702444156998	0.2179	0.8807171702291638	0.0372981188319391	0.1804	0.9542679910518168	0.004960782815713062	-0.0119	1.430111648947493	1.4732231997811627	0.0008	1.4885537254102055	1.6595028454396445	0.0655	1.4495372059821754	1.5473859779472006	0.1076	1.595639960428143	1.3814631787037766	-0.01275	1.6475774761363884	1.063188754599426	0.0702	1.6821298175448522	0.7974764627751948	0.1076	1.221883353677861	1.4687190867599664	-0.01275	1.0002341797310008	1.2734966625061062	0.0702	0.947538024615182	1.0275489855162874	0.1076
53	1.77165725047081	1.288045909950734	0.9272563317277394	0.0301	1.40304663988703	0.8950541176784486	0.0301	1.3741413256448491	0.5453616097271838	0.129	1.371030328684189	0.5075659031034074	0.023	1.3491032025614078	0.5563561339585732	0.2179	1.4212127696405277	0.5209862017986556	0.1804	1.3848641903003451	0.528584149519687	-0.0119	1.1707356776571936	0.9275331657967593	0.0301	1.0780597502262468	0.48909833446215956	0.129	0.9641655478477987	0.08111757826760903	0.023	0.9346249925864957	0.037567506014126	0.2179	0.8795924274806648	0.03775924563805105	0.1804	0.952905677102571	0.006150178901606633	-0.0119	1.4243500379514846	1.4742995858593564	0.0008	1.4850675988744992	1.658644238349319	0.0655	1.4449242683331498	1.5476094783136862	0.1076	1.5901686877163888	1.3853907103930123	-0.01275	1.6429201446137554	1.0669908883547425	0.0702	1.6830247300716317	0.7986656680040327	0.1076	1.2184356333820894	1.465540415508007	-0.01275	0.9968831502176831	1.2635369666979412	0.0702	0.9526187824047243	1.0264787149778	0.1076
54	1.805084745762712	1.2852445355333435	0.9277139553917555	0.0301	1.400690065237633	0.8961433057465785	0.0301	1.3699898814248788	0.5419756224376018	0.129	1.3746679506144324	0.5206878014497246	0.023	1.3464768690147189	0.5608802285648247	0.2179	1.4201246870240471	0.5205957663835459	0.1804	1.3841246952982786	0.5274259989173249	-0.0119	1.1705575665778567	0.928940572707721	0.0301	1.0761847382142784	0.4874087170640482	0.129	0.9643167966656296	0.07950071321510299	0.023	0.9342749902635233	0.03724310344436832	0.2179	0.8809781498413336	0.0368917820116201	0.1804	0.9519030053412603	0.005359061689966939	-0.0119	1.4187917150568008	1.4768661534788385	0.0008	1.482515255230428	1.6571276780911948	0.0655	1.4402902908815784	1.5524581298804243	0.1076	1.5832442818589219	1.3880432783966372	-0.01275	1.637611979582303	1.0705131548963605	0.0702	1.6844851073637555	0.8009224394488376	0.1076	1.2143091392204683	1.4616866233843255	-0.01275	0.9933958465407242	1.251961207438983	0.0702	0.9586201420273298	1.0267605138452234	0.1076
55	1.838512241054614	1.2845644457845122	0.9297513354372108	0.0301	1.400023397333326	0.8971786744199224	0.0301	1.3667757342650093	0.5434521289100901	0.129	1.374128558111503	0.5254478158450607	0.023	1.345536024999935	0.5649193697355083	0.2179	1.4198528230192504	0.5221409500224589	0.1804	1.3832343833239718	0.531697713207356	-0.0119	1.1722797589127405	0.9300044578486807	0.0301	1.0739937052326538	0.48690395255758007	0.129	0.9641105889250906	0.0778601865407671	0.023	0.9303669904075224	0.03900177328392621	0.2179	0.8806507410452644	0.0372572142675103	0.1804	0.953097763731671	0.0034611860219298375	-0.0119	1.4136022667725525	1.475716095251488	0.0008	1.4813202154018006	1.6548244685423712	0.0655	1.4367611277026526	1.5557887260821481	0.1076	1.575437336688849	1.389405438048676	-0.01275	1.6318300502394278	1.0726074683423883	0.0702	1.6858824175906113	0.8037639680475801	0.1076	1.2111511407522086	1.4573831859161597	-0.01275	0.9912847422913988	1.239459437551345	0.0702	0.9652813563129559	1.0262630746785488	0.1076
56	1.871939736346516	1.2856211004249694	0.9319166402888478	0.0301	1.4010850936820225	0.899949517422157	0.0301	1.3651732622841855	0.5542840181088831	0.129	1.37111408641275	0.523603060080818	0.023	1.3449869067131328	0.5593354502975433	0.2179	1.4191413980840704	0.5218489140670475	0.1804	1.3826151110475076	0.5383014615454413	-0.0119	1.1749039329846702	0.9320395708203477	0.0301	1.0728265702493949	0.4884300911236217	0.129	0.9638597989887097	0.0766743332327191	0.023	0.9242654086722258	0.04286452532452832	0.2179	0.8782429568937482	0.03976723201314764	0.1804	0.9559361009938905	0.0020272209715786055	-0.0119	1.4102560111851759	1.472554773263235	0.0008	1.4795217077683662	1.6526739401570842	0.0655	1.4346482518782868	1.5557534197100116	0.1076	1.5694109931014661	1.3895994129763518	-0.01275	1.6268478374074735	1.073220130562433	0.0702	1.6847852271956036	0.8070035905280134	0.1076	1.2095486157152866	1.453933671615617	-0.01275	0.9914267842880928	1.2279592564895034	0.0702	0.972492849338121	1.0239667122452611	0.1076
57	1.9053672316384183	1.2861124440787768	0.9297871910374272	0.0301	1.4010633921727913	0.9011735023371676	0.0301	1.3644931862660576	0.5674433785197296	0.129	1.3697392840659621	0.5248081331506951	0.023	1.3426614169239905	0.5455347624724588	0.2179	1.4163821157006131	0.5186777004095078	0.1804	1.3781857893178502	0.5394669983133334	-0.0119	1.1761073098936263	0.9331295835394943	0.0301	1.0727225071836453	0.4894830672763761	0.129	0.963387151832998	0.07607141300699223	0.023	0.9215950402488201	0.045387717699588194	0.2179	0.8765656442281241	0.042486056088509826	0.1804	0.95796296210167	0.001343100807219466	-0.0119	1.4094621049437883	1.4712008784280997	0.0008	1.4758269377690298	1.6518209447859562	0.0655	1.4329237940412005	1.5539983892762128	0.1076	1.566896156828313	1.3883529952795346	-0.01275	1.6236661404585127	1.072308000890504	0.0702	1.6806689975564808	0.8098070656431254	0.1076	1.208751731222356	1.452450100808874	-0.01275	0.9932144449807019	1.2185477978416834	0.0702	0.979880310063823	1.0207216256219267	0.1076
58	1.9387947269303203	1.285540694010235	0.9220709240987772	0.0301	1.397720663741224	0.8959845919158832	0.0301	1.3621391326645018	0.5736666510887158	0.129	1.3654614415392945	0.5208608510941827	0.023	1.3381745052213678	0.5360328740393303	0.2179	1.4122012400589947	0.5151653902994517	0.1804	1.3649063474539898	0.5279117037855162	-0.0119	1.174892254634495	0.9293694527858858	0.0301	1.0726275825588107	0.4886003615146111	0.129	0.9626743422684149	0.07572435726881784	0.023	0.9229297011891626	0.045756322269669636	0.2179	0.8764326261661333	0.04346043434651066	0.1804	0.9578319390816459	0.0010457446083157102	-0.0119	1.409620460676254	1.4709525253334625	0.0008	1.472885537579657	1.6510383455217286	0.0655	1.4309094911754991	1.5506089979361004	0.1076	1.566202508114095	1.3864261994451526	-0.01275	1.6200559474455134	1.0709065353862646	0.0702	1.6766484696305466	0.8114814042391149	0.1076	1.2087107005146582	1.4520819308735762	-0.01275	0.9962663139673081	1.2093842988859136	0.0702	0.9879574761979903	1.0181187382581083	0.1076
59	1.9722222222222223	1.2846309162092298	0.9137559511842667	0.0301	1.3922262441934732	0.8870739585796976	0.0301	1.356155585683788	0.5719706411794359	0.129	1.3557392210478805	0.5070006002053727	0.023	1.3325432778309019	0.5363123205112525	0.2179	1.409241352696196	0.513039822574493	0.1804	1.3469661522304106	0.5121098498925301	-0.0119	1.1728750077949048	0.9233100038419477	0.0301	1.0719777505904913	0.48958229566781997	0.129	0.9620037413461001	0.07498340281097633	0.023	0.9244563355862967	0.046111899406217564	0.2179	0.8767037158093826	0.04283383783872863	0.1804	0.9563242676330687	0.0010715094293342626	-0.0119	1.4093468149704818	1.4696920761041312	0.0008	1.472987220920093	1.648370244391286	0.0655	1.429021373449155	1.5451279960611726	0.1076	1.5651661475141905	1.385321556892856	-0.01275	1.614036649806475	1.0709355113857526	0.0702	1.6751609507393865	0.8124638639251218	0.1076	1.2101781241698146	1.4514783204627242	-0.01275	1.0018212072407595	1.1995792617086778	0.0702	0.9967348352681531	1.0175393759549083	0.1076
60	2.0056497175141246	1.2823090590836146	0.9106293171246622	0.0301	1.3872747397162226	0.8839725733907212	0.0301	1.347965345590621	0.5654679118837569	0.129	1.3492461299232374	0.502185699471214	0.023	1.3271027300917428	0.5421077568430367	0.2179	1.4087542167822829	0.5168175306539242	0.1804	1.3369245144200221	0.5073193573432534	-0.0119	1.1715301072345086	0.9225987428787148	0.0301	1.071451780572581	0.4953770339653049	0.129	0.9615478151692324	0.07453019680590223	0.023	0.9249105442257657	0.04706108953768487	0.2179	0.877270652609231	0.0417602217235207	0.1804	0.954827684155146	0.001584544866022932	-0.0119	1.4091849823238953	1.4678957797247323	0.0008	1.4745381844683525	1.6448499328193669	0.0655	1.4288021681809377	1.540726572700911	0.1076	1.5636168323468853	1.385417389584565	-0.01275	1.6087108280006677	1.0719876533110648	0.0702	1.6753198133006615	0.812465958712828	0.1076	1.2128284689232123	1.4509437720994915	-0.01275	1.0112180628391674	1.1917371938217316	0.0702	1.004261930112436	1.0183695734430729	0.1076
61	2.0390772128060264	1.277389482526714	0.9124930106756682	0.0301	1.3833653584866246	0.887863322865295	0.0301	1.3402575705894824	0.5574667987724584	0.129	1.351206488536873	0.5144882259785892	0.023	1.3238311895664379	0.5501031959586732	0.2179	1.4098566107292185	0.5306818298088868	0.1804	1.3315735106009243	0.4840469266452745	-0.0119	1.1697008522377097	0.9276183739270767	0.0301	1.0714803198726734	0.5020003238246532	0.129	0.9615510090506864	0.07556233295100596	0.023	0.9250948098967644	0.047995420287407116	0.2179	0.8780776654797311	0.0416975661083328	0.1804	0.9539698919626384	0.0027193755191682865	-0.0119	1.4098382580540108	1.4672039481726458	0.0008	1.4753080771917433	1.6417184804751692	0.0655	1.4310474666127808	1.5395282800160872	0.1076	1.562290745680294	1.3855417125313534	-0.01275	1.6079005174521601	1.0723765191487673	0.0702	1.6753515876738696	0.8113734621545011	0.1076	1.2152075603948795	1.4506979177919699	-0.01275	1.0235324696970758	1.1873302773206764	0.0702	1.0090883263404524	1.0180302003888648	0.1076
62	2.0725047080979286	1.2720972622321736	0.9152040563922395	0.0301	1.3791996749999087	0.8872924026516318	0.0301	1.3342353080664953	0.5523545930895574	0.129	1.3526446858083445	0.5170839360375584	0.023	1.3218121529893947	0.5463713172820444	0.2179	1.4107572897622405	0.5384684527337196	0.1804	1.3094590486610493	0.38650906863508905	-0.0119	1.166520784125059	0.9311778937235149	0.0301	1.0716471112022092	0.504817912766413	0.129	0.9620867112435927	0.07773869682846123	0.023	0.9254313532394407	0.04890702218994023	0.2179	0.8776870411147547	0.04387854072638341	0.1804	0.9535616865496584	0.004101275738562999	-0.0119	1.4113590820667823	1.46826282343334	0.0008	1.4743920740583205	1.6364665800034779	0.0655	1.4343929374571256	1.5359161847918532	0.1076	1.5617874098305007	1.3841710820393243	-0.01275	1.6100005121725365	1.072887741337791	0.0702	1.6753224590134879	0.8113332915469913	0.1076	1.2173043134340213	1.4489634025546219	-0.01275	1.0364295495302145	1.1844505035690058	0.0702	1.0129002629462336	1.0158925917008206	0.1076
63	2.1059322033898304	1.269399192007988	0.9163650013631657	0.0301	1.3751480936028753	0.8776910663527471	0.0301	1.3300049801353713	0.5528356962984691	0.129	1.3408000503195383	0.47665483468649233	0.023	1.3070607380512904	0.4865417280710584	0.2179	1.3976973989471795	0.4882476100611242	0.1804	1.271594294826877	0.24867677611649175	-0.0119	1.1638072822242187	0.930418217093109	0.0301	1.0718158578935897	0.5046474041264929	0.129	0.9624491153680221	0.08018408896422709	0.023	0.9261961373694417	0.049682422751274276	0.2179	0.8759277711266885	0.04698577526352352	0.1804	0.9528580502347257	0.00515555833545786	-0.0119	1.4128427332067175	1.4692255340668017	0.0008	1.4726285045878111	1.6276280550313265	0.0655	1.4371293317795653	1.5249909696192077	0.1076	1.5617525713229263	1.3814941977129227	-0.01275	1.610751879726454	1.0755542522913595	0.0702	1.6759105981659983	0.8132799844397596	0.1076	1.2200318889387947	1.444195514873274	-0.01275	1.048809707930027	1.1816676207402004	0.0702	1.017878345971584	1.014156775811678	0.1076
64	2.1393596986817327	1.2686534189697374	0.9160481514846587	0.0301	1.3724740590648752	0.8704790830643648	0.0301	1.3280713049129744	0.5595415743846521	0.129	1.3129295312763045	0.3923031316718589	0.023	1.2656870550832848	0.3438511595612023	0.2179	1.3526509216681741	0.3465594467575032	0.1804	1.2480521665179216	0.18193584028453594	-0.0119	1.1627178495684947	0.9284385952892844	0.0301	1.0717922067950312	0.5045303111071275	0.129	0.961951738740401	0.08160722242981436	0.023	0.9267885595610301	0.05109819493763625	0.2179	0.8749039118791518	0.048408459854985035	0.1804	0.9510303134813395	0.006189601194308508	-0.0119	1.4127795716390184	1.4667041709500046	0.0008	1.4738339056582057	1.6190072277613896	0.0655	1.4382944967892113	1.5131213602003621	0.1076	1.5610018705297823	1.3797208643869838	-0.01275	1.6089773651972543	1.080084117775418	0.0702	1.6761841537806383	0.8156377379338107	0.1076	1.2221370182218898	1.4383060750141075	-0.01275	1.0604406319113795	1.179206333852032	0.0702	1.0227801072635292	1.0132319400584742	0.1076
65	2.172787193973635	1.2670256561268627	0.9148385048091023	0.0301	1.370190584850674	0.8724391516646767	0.0301	1.3281788228501334	0.5708270730566085	0.129	1.2852625647183897	0.3198707176603196	0.023	1.2222538963063538	0.2064702937970687	0.2179	1.297286704900445	0.2042265367308377	0.1804	1.2502619357295044	0.215670972315749	-0.0119	1.1619399352441686	0.9272810790366496	0.0301	1.071002245984239	0.5058358744364991	0.129	0.9611876722995742	0.08095113739846632	0.023	0.9261249266072371	0.054768056772301635	0.2179	0.8756992708430323	0.04846236216165707	0.1804	0.9485742002621903	0.007358229671865822	-0.0119	1.412177809389464	1.4609933035094287	0.0008	1.480146317550415	1.614203211233908	0.0655	1.4391128883743491	1.5083467604705956	0.1076	1.559287871686473	1.3794578630376673	-0.01275	1.6069532293457969	1.0845371476644687	0.0702	1.6750653399683533	0.8181577342497796	0.1076	1.2225857251103995	1.434876070938137	-0.01275	1.0704311007091736	1.1770288169532888	0.0702	1.0254328911732151	1.0112343794590561	0.1076
66	2.2062146892655368	1.2636789660649437	0.913758217366341	0.0301	1.3670368880262027	0.8753457753472109	0.0301	1.3280395944222059	0.581286510573031	0.129	1.282583840460891	0.33154647569507667	0.023	1.2246145808894302	0.2168621003785704	0.2179	1.2851193587937086	0.21236475817790462	0.1804	1.2576029736289767	0.2697944838126812	-0.0119	1.1605463329653272	0.9267362720522428	0.0301	1.0698558904710709	0.5082352369293173	0.129	0.9612487374556544	0.08019567116104173	0.023	0.9255981114350914	0.058628219748270385	0.2179	0.8765458468600321	0.04904397978824299	0.1804	0.9472542814874567	0.007534485185579261	-0.0119	1.4143171657872657	1.4559428277471405	0.0008	1.4883832503589762	1.6118671887210296	0.0655	1.4442719746287849	1.5079492122137825	0.1076	1.5583175756107757	1.3780966480130867	-0.01275	1.6070314682334053	1.0879971220573461	0.0702	1.6728776696006058	0.8210176709295643	0.1076	1.22385109002486	1.4336018302027154	-0.01275	1.0781371692735753	1.1748818972585828	0.0702	1.026753017258284	1.0081254950089196	0.1076
67	2.239642184557439	1.2605017659078537	0.9136682231489566	0.0301	1.36392254813555	0.8737518330588667	0.0301	1.326559877593223	0.5864262182139001	0.129	1.303326786942188	0.41759769051670587	0.023	1.2716853540709225	0.3655200372524655	0.2179	1.3226531646309732	0.36095944682434383	0.1804	1.2549155102111023	0.2915881265280316	-0.0119	1.1593549320772065	0.9264659824040403	0.0301	1.0695460187522472	0.5106163979425244	0.129	0.9622199752847375	0.08172972352706509	0.023	0.9283087876194527	0.05693827511536934	0.2179	0.8759316135003873	0.04932012322824511	0.1804	0.9472602080330919	0.007133786085628193	-0.0119	1.4197649895291453	1.4522927421843217	0.0008	1.495661356883404	1.6093054396091853	0.0655	1.4551702827182087	1.5062782535632275	0.1076	1.560300697891939	1.3736043828043567	-0.01275	1.6089998269602743	1.0900029023868627	0.0702	1.6698973429381898	0.8225894649640058	0.1076	1.2282289807742786	1.4314765831324963	-0.01275	1.0837600628426427	1.1729342325597825	0.0702	1.0283104342610359	1.0054888951353604	0.1076
68	2.273069679849341	1.2590233404009867	0.9142183655951736	0.0301	1.3609081270709371	0.8730146925803918	0.0301	1.325327916528866	0.5871713030675126	0.129	1.3178418076533673	0.4968562899515333	0.023	1.3117269088317751	0.5045017525543893	0.2179	1.3581071963435496	0.4943464262675879	0.1804	1.2518953874061565	0.3249929368290169	-0.0119	1.159202908369681	0.9269790206832073	0.0301	1.0704374100235985	0.5122352821197872	0.129	0.9631723640748581	0.08423294253819005	0.023	0.9347204113288715	0.04814927673553903	0.2179	0.8762032367793959	0.04670713299781932	0.1804	0.9464374875399905	0.008982225526412958	-0.0119	1.4259886522064318	1.4480267348641167	0.0008	1.5026097702287509	1.6064090655884724	0.0655	1.4647628059204543	1.5041946268647333	0.1076	1.5651857482090004	1.3667568596715467	-0.01275	1.6107124905606347	1.0895171496200888	0.0702	1.6660531372626255	0.8224659589165882	0.1076	1.2345018960220693	1.428957604872058	-0.01275	1.0871948178113993	1.1718357457180837	0.0702	1.0294986854545862	1.0037457400915848	0.1076
69	2.306497175141243	1.259068736082161	0.9154317174172266	0.0301	1.357547264478595	0.876861582951888	0.0301	1.325237461292665	0.5870934511029402	0.129	1.3123777961388	0.5285576837960994	0.023	1.3179861315050516	0.5572029206170599	0.2179	1.3607673058543306	0.5363660893907655	0.1804	1.2601861390350106	0.407672992183641	-0.0119	1.1599132448295584	0.929795436652036	0.0301	1.0718994616717636	0.5130945308607231	0.129	0.9631847603404123	0.08546988330901673	0.023	0.9425551789566988	0.038321483624473844	0.2179	0.8810946339511357	0.041345210598230375	0.1804	0.9437090072002986	0.013310315979128542	-0.0119	1.4316441132227073	1.442773664097007	0.0008	1.509888410879467	1.6040549280462322	0.0655	1.4683000123660392	1.503094233500612	0.1076	1.5708442690225968	1.3589789709857971	-0.01275	1.6115373709398915	1.086255517149241	0.0702	1.6626036916938431	0.8222802583586082	0.1076	1.2407053701345634	1.4277653220019613	-0.01275	1.088507856453181	1.1725602941113857	0.0702	1.0298529711388467	1.0031681229633824	0.1076
70	2.3399246704331453	1.2601837253339205	0.9177514042763891	0.0301	1.3567766356584527	0.8812162562664386	0.0301	1.3252228505001886	0.5881614891823427	0.129	1.301836674004717	0.5323978752080349	0.023	1.309028007120774	0.5582393738093487	0.2179	1.348635054065292	0.5290552667026557	0.1804	1.273987952803825	0.48955962842891515	-0.0119	1.1607535819164234	0.9346874234327128	0.0301	1.0729620381150549	0.512910063078041	0.129	0.9623245423918001	0.08545596436503598	0.023	0.9494724247964332	0.0346765996911155	0.2179	0.8894229934463782	0.03676670717783968	0.1804	0.940622583692897	0.01673077597869633	-0.0119	1.4372466771723336	1.437266040468518	0.0008	1.5164145053313178	1.6009688931511914	0.0655	1.4720987806283903	1.49941318123037	0.1076	1.5760629029578084	1.3511458197739623	-0.01275	1.6134119964290792	1.0811218931319055	0.0702	1.6615052356806532	0.8224790051169557	0.1076	1.246998146154031	1.425855944538179	-0.01275	1.0890889135136739	1.1751827171437852	0.0702	1.030329130837326	1.0048454983622683	0.1076
71	2.373352165725047	1.2619702451615558	0.9204411329317597	0.0301	1.3604550726464246	0.8824484849213677	0.0301	1.3243789832680102	0.5898861033950115	0.129	1.2992087531958243	0.5305180385564883	0.023	1.304646256787317	0.5507817024868712	0.2179	1.342292857986216	0.517791170507557	0.1804	1.2830632965609552	0.5195269224176418	-0.0119	1.1612655244881696	0.9384867343282143	0.0301	1.073185935375253	0.5117670242198563	0.129	0.961398316124504	0.08476180550458891	0.023	0.9533640587044884	0.03825425262558098	0.2179	0.8953817737976292	0.03497830174787743	0.1804	0.938682671494153	0.017436357508639113	-0.0119	1.4431393253564615	1.4318908902392085	0.0008	1.5220316980633641	1.5947800404244266	0.0655	1.4821234834134531	1.4908296816373408	0.1076	1.581370405798845	1.3440510731893154	-0.01275	1.617719600906097	1.0740755099978523	0.0702	1.6626987760712642	0.8215990548464532	0.1076	1.2548238114756165	1.4214584190674828	-0.01275	1.0905156224922161	1.1787661414218518	0.0702	1.0312533468423513	1.0082608506615738	0.1076
72	2.4067796610169494	1.2642743463056147	0.9224232927541564	0.0301	1.3644965475013335	0.8825838787072047	0.0301	1.3236416423395398	0.5907031428438734	0.129	1.301880773431651	0.5280100699572042	0.023	1.3057084280526563	0.5464986014893349	0.2179	1.342001151003741	0.5116549732270025	0.1804	1.2859938806125515	0.5124585976696658	-0.0119	1.1620794071200282	0.9392294992116983	0.0301	1.0733233401693194	0.5108943030423214	0.129	0.9608824619012403	0.08360864703877323	0.023	0.952916153927099	0.043503181655966214	0.2179	0.8960109470183266	0.034274716849295714	0.1804	0.9383013393506281	0.016414735082339964	-0.0119	1.4496751275851847	1.4263876453518645	0.0008	1.5302207128254897	1.5863583375634907	0.0655	1.494188974144662	1.4818028176663562	0.1076	1.5879257493623429	1.337092778404669	-0.01275	1.6241489780933813	1.0635243917389212	0.0702	1.6640816957730538	0.8179720663577569	0.1076	1.2640646759026166	1.4169633765404828	-0.01275	1.0936973268792842	1.1830735233251333	0.0702	1.0323761322548792	1.0110381858064534	0.1076
73	2.440207156308851	1.2677101557536605	0.9227644815589461	0.0301	1.365674323862886	0.8827965115810941	0.0301	1.324394951777629	0.5893571244737928	0.129	1.3043243016371333	0.5253615123217362	0.023	1.3074472024984074	0.5437921476661337	0.2179	1.342484253759902	0.5087371437155281	0.1804	1.2865169228030313	0.5004161891481153	-0.0119	1.164539486143079	0.9380641391794612	0.0301	1.074482138887785	0.5108420486253731	0.129	0.9608096943672083	0.08298909828778928	0.023	0.9496108752078573	0.045409783289951676	0.2179	0.8939976392077853	0.03435654535889814	0.1804	0.9400013101718535	0.014810920791129232	-0.0119	1.457647523548362	1.4205738081315555	0.0008	1.5441053238023796	1.5792580876944995	0.0655	1.5040885483298985	1.476784643379283	0.1076	1.5957289974645892	1.3285394222433788	-0.01275	1.6321349815561743	1.0497992579323685	0.0702	1.6641042605407128	0.8116783870652009	0.1076	1.272343110601171	1.414388522202989	-0.01275	1.0987054937081633	1.1880339311082668	0.0702	1.0340528045079058	1.0118032259224714	0.1076
74	2.4736346516007535	1.2726098830841197	0.9214557130214793	0.0301	1.3674219507723215	0.8816180109295308	0.0301	1.3259820570391234	0.5861563363086149	0.129	1.3062606905927476	0.5246581890048608	0.023	1.3088403381853042	0.5420532666844023	0.2179	1.3430112992242558	0.5096847404104634	0.1804	1.2882547143843697	0.49580772702274856	-0.0119	1.1691426488779835	0.9374805978496605	0.0301	1.0771930587878675	0.51149481570688	0.129	0.9613949190612406	0.08447473387004853	0.023	0.94694471983831	0.04552519191745926	0.2179	0.8926584617957124	0.03702850629198311	0.1804	0.9430087275607143	0.01368415023425478	-0.0119	1.467180690685654	1.415562138421812	0.0008	1.5612418173381637	1.5745701841090154	0.0655	1.5160970427098543	1.4736288898355672	0.1076	1.6026630174929337	1.3195425321414032	-0.01275	1.6401542586005728	1.0364937635110767	0.0702	1.6631494664185342	0.8057487730221375	0.1076	1.2787185813583157	1.4129322175466112	-0.01275	1.10404673007378	1.1920347379274954	0.0702	1.0356464639619256	1.0112843256510833	0.1076
75	2.5070621468926557	1.277871378249948	0.9207222702066755	0.0301	1.3727488736727491	0.8805739279750917	0.0301	1.3270822696638391	0.5837441276028649	0.129	1.3089813436313973	0.5271891122197049	0.023	1.3109708746689066	0.5428878788325381	0.2179	1.3448747817670301	0.5144443710565932	0.1804	1.2915290553649756	0.4981735572599991	-0.0119	1.1745287383368936	0.9394517163725309	0.0301	1.0810733837317883	0.5134795633052429	0.129	0.962820619436337	0.08898546619896246	0.023	0.9468983449175723	0.04742737999205497	0.2179	0.8929862803693513	0.04084796381735433	0.1804	0.9449179590351925	0.014686324247072774	-0.0119	1.4771760993553136	1.4122866270547736	0.0008	1.576891687199783	1.570691584656233	0.0655	1.5333392858239112	1.469641226582624	0.1076	1.6076025953429487	1.3138266859061054	-0.01275	1.64580049484199	1.0269997110390237	0.0702	1.662601228459123	0.8041236660753108	0.1076	1.2856247139112371	1.4120031029451872	-0.01275	1.1082622211259332	1.1933755646361692	0.0702	1.0357608011223898	1.0108935896886235	0.1076
76	2.5404896421845575	1.281507703191722	0.9221996875909968	0.0301	1.3778038498980374	0.8818307390741358	0.0301	1.32816908377917	0.5852859722345415	0.129	1.311771471161021	0.5312845310124314	0.023	1.3147567470632031	0.5483768719074368	0.2179	1.3481830459499686	0.5205816201126179	0.1804	1.2941230258406355	0.5035852054503555	-0.0119	1.1783294464817617	0.9431894778330953	0.0301	1.0844624178433973	0.5172918647813384	0.129	0.9645992874454429	0.09568262672433404	0.023	0.9484906662130306	0.05062296074747655	0.2179	0.8954755719556097	0.04367329057919463	0.1804	0.9454199345582975	0.0195557008016714	-0.0119	1.486007079369018	1.4096553691689377	0.0008	1.5890959373806621	1.5668765556456024	0.0655	1.5494719933414356	1.4666033415015343	0.1076	1.6126556859070893	1.3114380548344124	-0.01275	1.6487348186459934	1.0215594390580298	0.0702	1.6628138896193272	0.8081650305442174	0.1076	1.295101239924427	1.4113320982031134	-0.01275	1.1121428687973458	1.1930207672318434	0.0702	1.0355676445518744	1.0112922944587035	0.1076
77	2.57391713747646	1.2833407880420629	0.924697108218945	0.0301	1.3786041912274467	0.883525963996903	0.0301	1.329815891709305	0.5901302002464719	0.129	1.3134815830187148	0.5346956828967496	0.023	1.3212342422740682	0.5615220478025368	0.2179	1.3519984925354256	0.5254509218570308	0.1804	1.2956174641451237	0.5098000883999861	-0.0119	1.1799579281736514	0.9463673024798706	0.0301	1.085500508245337	0.5230714921398056	0.129	0.9662047735783466	0.10369556152498866	0.023	0.9491233655678005	0.054394259462658134	0.2179	0.8987151818932967	0.048349701099886094	0.1804	0.9465835542571291	0.029214194060575262	-0.0119	1.4932201574374906	1.406484646650948	0.0008	1.5987515175119011	1.5633707308882219	0.0655	1.558639104850463	1.4653880230481298	0.1076	1.6200188352554492	1.30829514384795	-0.01275	1.6505822691299683	1.0179789072353849	0.0702	1.6628001209036973	0.8158355242181325	0.1076	1.3061729473935306	1.410541170579329	-0.01275	1.1174503924623056	1.1939043694006444	0.0702	1.0375178316652316	1.012526391636087	0.1076
78	2.6073446327683616	1.285865044514376	0.9269709197679591	0.0301	1.3776280842231543	0.8833939967525926	0.0301	1.3304117946342906	0.5918459931699643	0.129	1.3140504131877893	0.5364098790144493	0.023	1.3306018534774005	0.5855559259961757	0.2179	1.3547913470209163	0.5278952613478111	0.1804	1.296971994360592	0.5156872285410863	-0.0119	1.1816331603993961	0.9482380247039167	0.0301	1.0838219924305965	0.5311752304669798	0.129	0.9682201937026232	0.11581879750918643	0.023	0.9472716953082619	0.06023129063405854	0.2179	0.8982544629323481	0.05850192283578765	0.1804	0.9500505649662586	0.043743466510175584	-0.0119	1.5002920885564475	1.4037686577919486	0.0008	1.607541124468326	1.55994711238526	0.0655	1.5653644969588885	1.4623995115473847	0.1076	1.628918515752957	1.3025783783763636	-0.01275	1.652045167528644	1.0146712305836416	0.0702	1.6617580599647972	0.8228201724229991	0.1076	1.3171256073938136	1.410082466983117	-0.01275	1.124806560259821	1.1968778427424576	0.0702	1.0408605268097824	1.0142046469621697	0.1076
79	2.640772128060264	1.2901406084001097	0.9291248158443045	0.0301	1.378994531216087	0.8829775554651412	0.0301	1.3285273737809828	0.585915886190652	0.129	1.3138992540601064	0.5358934440183835	0.023	1.3378460352876427	0.6091204426272134	0.2179	1.355526407804632	0.5295919601171787	0.1804	1.2978954444501363	0.5186280170215904	-0.0119	1.185056900790506	0.9492131092435347	0.0301	1.0804453139273904	0.5417667473658863	0.129	0.9721211232458751	0.13709109897249863	0.023	0.9444078533987611	0.06624406164354095	0.2179	0.892697500393442	0.0718389388766907	0.1804	0.957002988538433	0.06441546651994565	-0.0119	1.5080343650868684	1.402931076531255	0.0008	1.6157737062162796	1.5561170415554655	0.0655	1.5753356558908955	1.4555410658920913	0.1076	1.6367594613911574	1.2962113839062406	-0.01275	1.6535147588347867	1.0116204890296758	0.0702	1.6594633584459262	0.8254683797758843	0.1076	1.326809796818954	1.4098237095046267	-0.01275	1.1334621608084237	1.1995584414373466	0.0702	1.0427583787690144	1.015331036352393	0.1076
80	2.674199623352166	1.294229296272896	0.9310506164699465	0.0301	1.382913792378503	0.8847469552962879	0.0301	1.3257764373383465	0.5775257015307621	0.129	1.3135990805285154	0.5335015181378151	0.023	1.3273625950220256	0.5812607964736626	0.2179	1.355745237763088	0.5335946295661225	0.1804	1.2981790740343808	0.5177305034591828	-0.0119	1.1895611764105127	0.9498637228441585	0.0301	1.0770470636394809	0.5545713774158333	0.129	0.9787556603144949	0.16849518713371942	0.023	0.9421581435771668	0.0685679911419296	0.2179	0.8864954998266359	0.08349772091965031	0.1804	0.9676034876935559	0.0931591484768179	-0.0119	1.5148680676826278	1.4033408319959133	0.0008	1.622064803220938	1.5514762003351896	0.0655	1.5850163289428736	1.4487714118491801	0.1076	1.6417918381254737	1.2915462519435281	-0.01275	1.6566606141019782	1.0087646906301373	0.0702	1.6563907921845633	0.8245447677323349	0.1076	1.3335371057359775	1.4093478530617676	-0.01275	1.1415770431354646	1.2001942238650365	0.0702	1.0427155086126487	1.0154121833196026	0.1076
81	2.707627118644068	1.296949610870379	0.9322357982837776	0.0301	1.3869810067094248	0.8875267334780649	0.0301	1.3247049295578197	0.573718869495128	0.129	1.3131955964305217	0.5295341264439817	0.023	1.2851937853428255	0.45149210358513703	0.2179	1.357338340842142	0.5373684652321056	0.1804	1.2983895611818776	0.5152642603446828	-0.0119	1.1943062232904365	0.9503201664060215	0.0301	1.0752632746116793	0.5681227192860074	0.129	0.9872810860956882	0.20359475177536782	0.023	0.9403890620816251	0.07032884712804026	0.2179	0.8840250570112284	0.09388567431446994	0.1804	0.9796941621569839	0.12626010509999816	-0.0119	1.5194465212271455	1.402496670353767	0.0008	1.6255805525039997	1.546629988367109	0.0655	1.5888684819719336	1.4456379894255975	0.1076	1.644042598493092	1.2885513442240641	-0.01275	1.6618297811521185	1.0055027191407295	0.0702	1.6540897795354967	0.8237230975058192	0.1076	1.3364560091140798	1.4085541953364653	-0.01275	1.147609205821684	1.200041001246004	0.0702	1.042263039813892	1.0150946665074834	0.1076
82	2.74105461393597	1.2991987724109197	0.9326439579269803	0.0301	1.3898526756063658	0.8892049773893633	0.0301	1.3260245019249726	0.5738218296358057	0.129	1.3117803834560928	0.5220769907610957	0.023	1.2356642307660068	0.2939595623301153	0.2179	1.358584849217434	0.5313647235458693	0.1804	1.2982352963937365	0.512481989072	-0.0119	1.1990375645350233	0.951024534392119	0.0301	1.0755139917067666	0.5802017172746102	0.129	0.9954357923318038	0.23173696211879366	0.023	0.9409321918908926	0.08094257350950029	0.2179	0.886214707288756	0.10815832361661233	0.1804	0.9901737261170218	0.1532516643086684	-0.0119	1.5219986737614015	1.3977714558956433	0.0008	1.627194095784869	1.5436026179864792	0.0655	1.588457129580867	1.4435940899394533	0.1076	1.6448647058585772	1.283756392711075	-0.01275	1.6661597157862709	1.0021861342813845	0.0702	1.6535974297366807	0.8245628085707363	0.1076	1.3370162179817937	1.4057853235420896	-0.01275	1.1519132796189904	1.2008418815624489	0.0702	1.0416648964188133	1.015227779976088	0.1076
83	2.774482109227872	1.301643810084216	0.932471357587163	0.0301	1.392164131034988	0.8906031847580109	0.0301	1.3285834463240511	0.5735876942910121	0.129	1.310130673837195	0.5135189939401554	0.023	1.231634859237499	0.27600955057313814	0.2179	1.3580714559677667	0.5159115648797804	0.1804	1.297772022479368	0.5110634505572235	-0.0119	1.2027664978056467	0.953377058213027	0.0301	1.0770801773203473	0.5897179195476719	0.129	1.0006573318779648	0.24606041504394036	0.023	0.9466340449454109	0.10475121875927955	0.2179	0.8923028389176155	0.12891081772259613	0.1804	0.9966101461689373	0.16708050002664282	-0.0119	1.5229044926261026	1.3898701493598231	0.0008	1.6278170889473333	1.5428406544852027	0.0655	1.5880124905482096	1.4398591995322394	0.1076	1.6457172449087731	1.275178523028722	-0.01275	1.6671964043463536	0.9999190698485256	0.0702	1.6540288877912706	0.8258674258517303	0.1076	1.3370490399961925	1.4005173097546997	-0.01275	1.1550692783890744	1.2022292720908734	0.0702	1.0404083995233697	1.015737382337988	0.1076
84	2.8079096045197742	1.3037389312050351	0.9316130978760384	0.0301	1.394291044879314	0.8926511103188387	0.0301	1.3305839240551338	0.5720388760367104	0.129	1.3116430973843938	0.5156142298965896	0.023	1.2790889131459187	0.4173777380344215	0.2179	1.3584125644681027	0.5084570891321925	0.1804	1.2986635969240796	0.5158862305074446	-0.0119	1.2043881756616237	0.9563203762454588	0.0301	1.0791206953995975	0.5959831267259914	0.129	1.0020537821709143	0.24898870039443396	0.023	0.955859082433208	0.13506138505261212	0.2179	0.9007170451762732	0.15258744827087362	0.1804	0.9981618643458139	0.17124499134303164	-0.0119	1.5228096471375792	1.3841711181559537	0.0008	1.627729471885171	1.5422140743094168	0.0655	1.588173552664467	1.436578984663905	0.1076	1.6466301583161826	1.2673734738496147	-0.01275	1.666028532546078	0.998699708209605	0.0702	1.6540081995563325	0.8264522928731567	0.1076	1.3374940688758872	1.3967041772851083	-0.01275	1.156614330013193	1.2029372019941176	0.0702	1.0395949039426988	1.0156217315509701	0.1076
85	2.841337099811676	1.3049766909854552	0.9308650539071845	0.0301	1.3956637497371525	0.895384409601141	0.0301	1.3316868814679512	0.5710721618269261	0.129	1.3170095041737073	0.5326014176061905	0.023	1.326806289410316	0.5615822750466456	0.2179	1.3599062912705189	0.5180607717350846	0.1804	1.3015100006196982	0.5285919102525377	-0.0119	1.2048465387676746	0.9573849507402525	0.0301	1.08153018075518	0.5990404635735664	0.129	1.0011357898288749	0.24789563350672458	0.023	0.9644263313201116	0.1604234203018183	0.2179	0.910095067543251	0.17220833332083338	0.1804	0.9960211148322847	0.1735955653970611	-0.0119	1.5223064732704583	1.3836446682506949	0.0008	1.6275990455066356	1.5405314226685523	0.0655	1.587738792413176	1.436144902167693	0.1076	1.6465537365449312	1.2654313362141518	-0.01275	1.6651263240499579	0.9981137548311176	0.0702	1.6532723851737294	0.826483850670292	0.1076	1.3384898090966433	1.3972067250080171	-0.01275	1.1569148007953203	1.2029843771508595	0.0702	1.040742770077814	1.0148330520126627	0.1076
86	2.8747645951035783	1.305555315410486	0.9321394940075284	0.0301	1.3962553189170124	0.899346855913859	0.0301	1.3331985061400304	0.5715585018300449	0.129	1.3220141011702262	0.5497571587555617	0.023	1.3405187222821584	0.6103983805578332	0.2179	1.358671943781671	0.5320409178427772	0.1804	1.3052838922348369	0.5441395099224949	-0.0119	1.2062054103946669	0.9571598877558981	0.0301	1.0853458678402959	0.6013807785809512	0.129	0.9994357995753762	0.247046353406343	0.023	0.9713905357653351	0.17423190351068008	0.2179	0.9196370867166982	0.18266333896546488	0.1804	0.9918947825901355	0.17682096329455926	-0.0119	1.5207226610733096	1.38388689431924	0.0008	1.6278667021782645	1.5384955951389643	0.0655	1.5863171817560193	1.4370240364034528	0.1076	1.6450269895526284	1.267531858966487	-0.01275	1.6652072700125433	0.9975086153642988	0.0702	1.6522753098293335	0.8269322535197112	0.1076	1.3395031909447874	1.398564977195624	-0.01275	1.1567169500041383	1.2030233506580181	0.0702	1.0429885978392102	1.0147344688236637	0.1076
87	2.9081920903954805	1.3055532017206564	0.9354866246463143	0.0301	1.3962173968229417	0.9034583202524394	0.0301	1.3354998799387396	0.5724745251847678	0.129	1.323164655233823	0.5545791470987823	0.023	1.3306737628573533	0.5996629069838753	0.2179	1.3541311592239458	0.5389663778183647	0.1804	1.3088579806923222	0.5571757729303143	-0.0119	1.208430130981175	0.957003719631025	0.0301	1.0906545756307182	0.6042540304121673	0.129	0.9969605133032587	0.24720148978049994	0.023	0.97891676768715	0.17824911762233023	0.2179	0.92803071777666	0.18486934811485067	0.1804	0.9864817204956433	0.1792776958139736	-0.0119	1.5177186988100164	1.3811266517497807	0.0008	1.6276107414822372	1.5365532084527693	0.0655	1.5838858532842823	1.436919811692826	0.1076	1.6431421235680157	1.2690671808740976	-0.01275	1.665163610049	0.9959203668898874	0.0702	1.651485138613426	0.8282261656473193	0.1076	1.3399264924461656	1.3966839384901675	-0.01275	1.1550086533314414	1.2030414488327068	0.0702	1.0440027184627667	1.0157357373304199	0.1076
88	2.9416195856873824	1.3045712820094852	0.9375245669620363	0.0301	1.3947564664251784	0.9045445928949134	0.0301	1.3373329292565812	0.572619342246064	0.129	1.321474874898273	0.5534476566757421	0.023	1.3191246662359886	0.5857188285764058	0.2179	1.3498092304596288	0.5414305645146847	0.1804	1.3097892207862396	0.5650018819150979	-0.0119	1.2096083359452416	0.9560382711423071	0.0301	1.0950440719889274	0.6046058836325322	0.129	0.993714243040624	0.24986511338991244	0.023	0.9881314447607957	0.17883784253650292	0.2179	0.9348927245439235	0.18496299439130318	0.1804	0.979847545231257	0.18201690551724622	-0.0119	1.5146581524190565	1.378199190893215	0.0008	1.625337744974136	1.5345339044297919	0.0655	1.580263874453174	1.4365635876630356	0.1076	1.6425006017614483	1.2689119361914387	-0.01275	1.663604050894942	0.9943781282296154	0.0702	1.6513344396189038	0.8296778108899947	0.1076	1.3386294579608933	1.3929621652536233	-0.01275	1.150495990768085	1.2033430487763979	0.0702	1.043538170363347	1.0168972687106692	0.1076
89	2.9750470809792846	1.3027651876930468	0.9349917038132517	0.0301	1.3918116266682867	0.9011119666511017	0.0301	1.337792734624417	0.5714909681580411	0.129	1.3201187738311952	0.5568173492250112	0.023	1.31450478712815	0.5824367541321684	0.2179	1.3476330851279072	0.5436779371815496	0.1804	1.3068356430036057	0.5671513809455028	-0.0119	1.208582950953726	0.9530271448608251	0.0301	1.0971341508966108	0.6001365332871647	0.129	0.9911443142334491	0.2565223854957534	0.023	0.9970664643984796	0.18131700681052432	0.2179	0.9408169097284974	0.18881857370185184	0.1804	0.9733480908057551	0.18790895660098594	-0.0119	1.512192142697879	1.3778990576670815	0.0008	1.6212527339678662	1.5324500933002074	0.0655	1.5759608329703194	1.4376098329793574	0.1076	1.6418528545684803	1.2683984407721367	-0.01275	1.6599593337712828	0.9950017725489082	0.0702	1.6515447939946557	0.8305478663284294	0.1076	1.3343444941087306	1.390707694280556	-0.01275	1.1442562312586058	1.2048750908817258	0.0702	1.0431417561453094	1.017951069366466	0.1076
90	3.0084745762711864	1.3011477181631017	0.9293415987813359	0.0301	1.3894133920664569	0.8962080970659523	0.0301	1.337270195369799	0.570277712921826	0.129	1.3204965419289318	0.5626318660156866	0.023	1.3137667440049934	0.5808407413532591	0.2179	1.3466415210038143	0.5463038735710961	0.1804	1.303273453827784	0.5658019189251637	-0.0119	1.206072874828065	0.9492382407126401	0.0301	1.0991715592753901	0.5942637978052564	0.129	0.99128735639551	0.2650009720720224	0.023	1.00306647450343	0.18691985654895388	0.2179	0.9452324775761879	0.19688559066772346	0.1804	0.9704117666129329	0.1955766960641014	-0.0119	1.5085195183320335	1.3780267628313447	0.0008	1.6176116174195754	1.5301207172186397	0.0655	1.5725226671181896	1.4379364103834262	0.1076	1.637592073994503	1.268043412534758	-0.01275	1.6543146889638682	0.9978831944445702	0.0702	1.650631543951015	0.8309377262008966	0.1076	1.327325190563708	1.3901431936317548	-0.01275	1.1384889051829432	1.2079308992259643	0.0702	1.0427238983209395	1.019146857171317	0.1076
91	3.0419020715630887	1.2999986761804128	0.9250194549412328	0.0301	1.3888467843929584	0.8943074851777891	0.0301	1.3365762356653623	0.5706542886407765	0.129	1.3214001593340978	0.5640007929134933	0.023	1.3131851702889925	0.575275765486389	0.2179	1.3455629973931273	0.5494406335070926	0.1804	1.3018226092944063	0.5641885508110396	-0.0119	1.2039723533651576	0.9473007996217797	0.0301	1.1031621303344326	0.591764017535716	0.129	0.9945542746294045	0.27073008107966967	0.023	1.0065658039273913	0.19328191185802857	0.2179	0.9483212195318023	0.20470972203582882	0.1804	0.9729581110275073	0.20089767635930256	-0.0119	1.5022798928327243	1.3764735974783062	0.0008	1.6149561736596267	1.5273959576913396	0.0655	1.570558593885353	1.4344085855647861	0.1076	1.6292554250965388	1.2675619339279978	-0.01275	1.6466521460763142	1.0011770894093657	0.0702	1.6477236870776826	0.8309825727461208	0.1076	1.3190072864356128	1.389864406515298	-0.01275	1.133409598894121	1.2116863551549788	0.0702	1.041330669740899	1.0201691343091543	0.1076
92	3.075329566854991	1.2985512656164082	0.9244032204622915	0.0301	1.388776390365554	0.8960033801232159	0.0301	1.3363447029072826	0.571523297474151	0.129	1.3218393029637445	0.5632031844054699	0.023	1.312644786021439	0.5686205946438821	0.2179	1.3444654892471253	0.551963250460946	0.1804	1.3019057322526724	0.5668048323900053	-0.0119	1.2031470752235838	0.9471233984520565	0.0301	1.1074802196968043	0.5922730190726028	0.129	0.9992606405614357	0.2719774605005398	0.023	1.0100136666291155	0.1986862197302479	0.2179	0.9520701881441179	0.20952902340161506	0.1804	0.978437112823393	0.20331596970798194	-0.0119	1.495246459341632	1.3751446679472068	0.0008	1.6108520387834382	1.525240400896655	0.0655	1.568444233443005	1.4296300554373034	0.1076	1.619852275026857	1.267957383406071	-0.01275	1.6378016057410587	1.0034482725761031	0.0702	1.6443001378331215	0.8301233862365692	0.1076	1.310945488633388	1.3896683314043679	-0.01275	1.1275304717633858	1.2150708706009248	0.0702	1.0399407546682817	1.0214070030984774	0.1076
93	3.1087570621468927	1.2966939640835977	0.9268580964407934	0.0301	1.3877717675369408	0.8989038852705897	0.0301	1.3369401641636522	0.5717175330953291	0.129	1.3224096067751137	0.5665339787843274	0.023	1.313232664170006	0.5668772877675603	0.2179	1.344059564106021	0.5527551149851395	0.1804	1.303371198252237	0.5761758643006047	-0.0119	1.2023951683120184	0.9471368061825172	0.0301	1.1098181366345798	0.5926853411668924	0.129	1.0033082800274415	0.27119068240005156	0.023	1.0132500727610412	0.20416773734685392	0.2179	0.9562718706538718	0.21294372541884324	0.1804	0.9830490510240125	0.20548239893549905	-0.0119	1.4889407283508893	1.3757843573170832	0.0008	1.6044770220678222	1.5242454818765754	0.0655	1.5641862706218488	1.4276075087832276	0.1076	1.6107342408613694	1.2704841598563006	-0.01275	1.6295381993630889	1.0054065948045479	0.0702	1.642370312529373	0.8282317866496203	0.1076	1.3039749250453398	1.3899027475831434	-0.01275	1.1193713102714136	1.2186840809578998	0.0702	1.0392117623324246	1.0236428519704253	0.1076
94	3.142184557438795	1.2950504051201928	0.9302167790393555	0.0301	1.3857534278958583	0.9014166009134309	0.0301	1.3381454863125612	0.5747917325395747	0.129	1.323407743157681	0.572828794515379	0.023	1.314746408282692	0.5704969525309841	0.2179	1.344862700925318	0.5518951611107605	0.1804	1.3064474853492485	0.5877261634873836	-0.0119	1.200411697354339	0.9475147684230761	0.0301	1.1104879959618024	0.5924367026221877	0.129	1.0055989603654951	0.2708966740956122	0.023	1.0139262598271899	0.209571171176649	0.2179	0.9583623467141261	0.21589954582771617	0.1804	0.9857628906079999	0.2080377714232737	-0.0119	1.4812524284929676	1.377247858360259	0.0008	1.5980869766641548	1.5234408202105219	0.0655	1.5587614379603028	1.4264747869481291	0.1076	1.6005781431766335	1.2740985929079323	-0.01275	1.6219720338346453	1.009040575549089	0.0702	1.641767661005148	0.8263862120312134	0.1076	1.2969550637002418	1.3906958525287336	-0.01275	1.1082001229486118	1.2247756790849877	0.0702	1.037195384541852	1.0261696455265157	0.1076
95	3.175612052730697	1.293380145980885	0.932637656178524	0.0301	1.3831246661501768	0.9031534310142963	0.0301	1.3389641237286773	0.583728713635754	0.129	1.3243287112727844	0.5773603518317533	0.023	1.3159068906510443	0.5735012734735192	0.2179	1.3470443225457818	0.5476985363673568	0.1804	1.3098548306361462	0.5956324141521993	-0.0119	1.1974970599405583	0.948314080437436	0.0301	1.1108607112268518	0.5926287453770976	0.129	1.006335742895385	0.2712747042362333	0.023	1.0125435794755848	0.21222228710638358	0.2179	0.958489207308434	0.2171951343047692	0.1804	0.98734750389791	0.2095547739540193	-0.0119	1.4708299638083633	1.3789688880364006	0.0008	1.592730201383707	1.5227531400791268	0.0655	1.5547340011543354	1.4241631931176495	0.1076	1.588886508669558	1.2770801863979617	-0.01275	1.61406504716565	1.0143911970123276	0.0702	1.6406824307942773	0.825665825208175	0.1076	1.2879439473054275	1.392363455888632	-0.01275	1.0955537460619253	1.2339822700639291	0.0702	1.0326822818378263	1.0287805168140687	0.1076
96	3.209039548022599	1.2906567797376427	0.9342397245310785	0.0301	1.3804582765539721	0.904441159136079	0.0301	1.3380723563722332	0.5934713381894191	0.129	1.3251838103826044	0.5802598746645077	0.023	1.3161705424140888	0.5726733897843849	0.2179	1.3510013239385392	0.5393551475013482	0.1804	1.3121052397018906	0.5992332433147763	-0.0119	1.1949558677385612	0.9488264439170986	0.0301	1.1110384661997068	0.5934495393131831	0.129	1.0063439485693764	0.27148423786440934	0.023	1.0126166923685276	0.21184346364671955	0.2179	0.959047416860972	0.21706051526141604	0.1804	0.9879347470628245	0.21005785755647502	-0.0119	1.4607881706330106	1.3814972370266643	0.0008	1.5862070657754952	1.5238357386817056	0.0655	1.5499072784644556	1.4235951039196428	0.1076	1.5775140380460848	1.2795851393914768	-0.01275	1.6064421393436747	1.0184504896819606	0.0702	1.6382164289943673	0.8258415926748516	0.1076	1.2775445146853448	1.394682833259524	-0.01275	1.084446511475425	1.2441356696200774	0.0702	1.0274378677309484	1.0337309248198432	0.1076
97	3.2424670433145013	1.2867846287899476	0.9359113480586074	0.0301	1.3776198314008963	0.9059421970210053	0.0301	1.3355582128702768	0.597923567595572	0.129	1.3263467869511292	0.5842703538437614	0.023	1.3149915496030582	0.5704038947539345	0.2179	1.3579753176506681	0.5338883404063963	0.1804	1.3126424227969762	0.5988245698780109	-0.0119	1.1932373998317387	0.9493267339775566	0.0301	1.1101677351628436	0.5942878757482267	0.129	1.006287035290555	0.27093550012009243	0.023	1.0152288884153706	0.211578442028287	0.2179	0.9600404555596713	0.21696312063271797	0.1804	0.9876513945624901	0.21045590994657684	-0.0119	1.4538184164368564	1.3839339986183636	0.0008	1.5769150944944508	1.5272440101298588	0.0655	1.5402989211084563	1.4264024218342517	0.1076	1.5684041141648968	1.2824285415419574	-0.01275	1.6002253834691325	1.0195944117876587	0.0702	1.635301709956256	0.8260660587338506	0.1076	1.268410482201099	1.3968353612071107	-0.01275	1.075810187825887	1.2537052079243436	0.0702	1.0231953710474126	1.0426460202119594	0.1076
98	3.275894538606403	1.2828553988452343	0.9377879876412081	0.0301	1.3736807412455994	0.9079620691848826	0.0301	1.3334361405052633	0.5998560339986665	0.129	1.3272432874430917	0.5883311784681379	0.023	1.311644460938517	0.5702902845861542	0.2179	1.3667104143102669	0.5410714524339981	0.1804	1.3115104685107095	0.5934869966299836	-0.0119	1.191129858345193	0.9504545624381756	0.0301	1.1079009192083147	0.5945943104061359	0.129	1.006434118706842	0.26965728026234537	0.023	1.0177509927881472	0.21250028144300118	0.2179	0.9601672626509379	0.21701762848213266	0.1804	0.9877062732717734	0.2104654095511854	-0.0119	1.4481514053689757	1.385569199691261	0.0008	1.5676733134749097	1.5309850248001078	0.0655	1.5286356612313294	1.43009242746165	0.1076	1.5611339899790364	1.2857073493991207	-0.01275	1.5948152736351833	1.0209443332377643	0.0702	1.6328366812073225	0.8267193612016752	0.1076	1.2613540957025422	1.3983802580778353	-0.01275	1.0683861967023756	1.2640545865571478	0.0702	1.019683575404775	1.0533466525853146	0.1076
99	3.3093220338983054	1.2796829188584657	0.9397224682609219	0.0301	1.3691323915949907	0.9107315752431849	0.0301	1.332797944176145	0.6039705640556222	0.129	1.3272434652236629	0.5899836261391956	0.023	1.3088962341788741	0.5763617055367085	0.2179	1.372323267537937	0.5595086434829705	0.1804	1.3109079837237845	0.5899179916511604	-0.0119	1.1876488122874902	0.951985860340845	0.0301	1.1050118505728534	0.5947830366838814	0.129	1.0065628966967608	0.26796557692576045	0.023	1.0184731207020006	0.21279779953147948	0.2179	0.9597107982772594	0.21666912008752906	0.1804	0.9886696685160392	0.2096417012314705	-0.0119	1.4415150389190547	1.3875507240490876	0.0008	1.562593093026899	1.5327388877966939	0.0655	1.5204562480906298	1.4332469180095735	0.1076	1.5539068960990183	1.2894731801239034	-0.01275	1.588802947506814	1.0257632542272397	0.0702	1.6302436316258833	0.8287801255409587	0.1076	1.2554726916407324	1.3997411555005894	-0.01275	1.0612837036787734	1.2759204078124176	0.0702	1.017128608375781	1.062158495752272	0.1076
100	3.342749529190207	1.2768718092551838	0.9412558775353794	0.0301	1.3659040667977844	0.9141986057344543	0.0301	1.3328502760273608	0.6082675451942889	0.129	1.3283617195198167	0.5939341648503039	0.023	1.3107033256441862	0.590990586302814	0.2179	1.372530330333361	0.5766030932159062	0.1804	1.3151772119401206	0.6022407184348036	-0.0119	1.183521889495797	0.953356002501427	0.0301	1.1026489961871524	0.596451215897009	0.129	1.0065908102834624	0.2664568827944769	0.023	1.0183504013926108	0.21192362486155064	0.2179	0.9595015469986915	0.216150244054161	0.1804	0.989453044153087	0.20847904515749474	-0.0119	1.4351671343443482	1.3905311031430954	0.0008	1.5617989480959238	1.5323884767640075	0.0655	1.5166715141389673	1.4364444556801805	0.1076	1.5467223596251618	1.2936712247258992	-0.01275	1.581901359562543	1.032353667674413	0.0702	1.6271006676187312	0.8318486791727903	0.1076	1.2513498259607805	1.4023314709155408	-0.01275	1.054430672405908	1.2863173896796742	0.0702	1.0176616094561306	1.0683426031983665	0.1076
101	3.3761770244821094	1.273489883931895	0.9423537843572298	0.0301	1.3644373745134826	0.9179246865926489	0.0301	1.3336315045691722	0.6118461734206582	0.129	1.333178208044889	0.6065073301115731	0.023	1.3149785986202438	0.607554817827426	0.2179	1.3702385493051892	0.5834448053739855	0.1804	1.3240940921733932	0.6296415205683834	-0.0119	1.1800179661429073	0.9552756199552164	0.0301	1.1014937701394434	0.6001666256021166	0.129	1.0071061424472547	0.2664554664335165	0.023	1.0183803937390656	0.2105084478275507	0.2179	0.959899843187022	0.21566953058583935	0.1804	0.9894954905747563	0.20747025449553747	-0.0119	1.4307416440017875	1.393361603058605	0.0008	1.5624021432312956	1.5314459511406748	0.0655	1.5152251259075518	1.4383814954505199	0.1076	1.540725895281491	1.2977622937455398	-0.01275	1.5751777013809463	1.0369295410655863	0.0702	1.624453970591775	0.8346336937855311	0.1076	1.2496742616799366	1.4063789106017603	-0.01275	1.0485347644442604	1.292503904344069	0.0702	1.0228028056467495	1.073521540700762	0.1076
102	3.4096045197740117	1.2698580282952718	0.9445645474111659	0.0301	1.3631922478605616	0.921703984452224	0.0301	1.3365804695847987	0.6182888049827514	0.129	1.3404741352742644	0.6234142752298384	0.023	1.3180053691938236	0.6186578194104102	0.2179	1.3699484684008216	0.5841651371036527	0.1804	1.3310164748485525	0.6529470790554384	-0.0119	1.1781302627935706	0.9589034841272835	0.0301	1.1013973733006794	0.6038028110979943	0.129	1.0081185849896503	0.26830721495150706	0.023	1.018070741611176	0.20909870334144162	0.2179	0.9610881269921734	0.21507850317168484	0.1804	0.989495122962127	0.20678246965371433	-0.0119	1.4262265222181472	1.3947850338657242	0.0008	1.5625742474726907	1.5305446201511606	0.0655	1.5148886542066755	1.4368027871630147	0.1076	1.534953552865497	1.301236009312784	-0.01275	1.569567480973823	1.0389272724944585	0.0702	1.623153523477661	0.8363163607894949	0.1076	1.2479064606327068	1.4088980925959234	-0.01275	1.0448031095979913	1.2955736071581985	0.0702	1.0319403477921496	1.0781689203679161	0.1076
103	3.4430320150659135	1.267529509637452	0.9489163059098367	0.0301	1.361062608057584	0.9255804218788072	0.0301	1.3421825600969028	0.6255599665202196	0.129	1.3470581096999021	0.6367673925502302	0.023	1.3215220783711221	0.63331000346719	0.2179	1.3741134741603014	0.5895160997930438	0.1804	1.3327410559755357	0.664979453565845	-0.0119	1.1781836802745962	0.9632617349258341	0.0301	1.1013914609158362	0.6052268889337091	0.129	1.0087388777909914	0.27036753170213634	0.023	1.017045950453635	0.208490952354291	0.2179	0.9629175073227654	0.21431322774784045	0.1804	0.9896938262317275	0.20752112992784127	-0.0119	1.4196127770836762	1.3947886079363359	0.0008	1.5620528952426544	1.528785495496292	0.0655	1.5148810253964897	1.4331836383593912	0.1076	1.5283433318045758	1.303865389185379	-0.01275	1.5648329863195038	1.040806090573656	0.0702	1.6225363108086601	0.8370001868240792	0.1076	1.243822518824233	1.4075935409529872	-0.01275	1.0430600122519607	1.296559499499671	0.0702	1.0438620099139548	1.0812622906584437	0.1076
104	3.4764595103578158	1.2665078568455368	0.9540329184482519	0.0301	1.3580099420416503	0.9300105945512298	0.0301	1.3486996523550097	0.629106113510187	0.129	1.3512089963640805	0.6451978797450517	0.023	1.3270514429592017	0.6606341343403388	0.2179	1.380398709881358	0.6023268088444584	0.1804	1.3328038736863934	0.6757431803906612	-0.0119	1.1784761107140715	0.966158447713969	0.0301	1.1005484662023617	0.604546574476494	0.129	1.0087644365153228	0.2714582598582388	0.023	1.0171537107480078	0.2083986367268995	0.2179	0.9646914816626143	0.2131408122476393	0.1804	0.9898499669008581	0.21054432658898176	-0.0119	1.4135906639894011	1.394074471255608	0.0008	1.5609459303493747	1.52605560543016	0.0655	1.514133847351128	1.4311582957835705	0.1076	1.5226442152644288	1.3057366919463098	-0.01275	1.560452808397439	1.0439542186186994	0.0702	1.6216943260956604	0.8377201727566296	0.1076	1.2399998867565076	1.404862084680658	-0.01275	1.0420740418124999	1.2936239173839443	0.0702	1.058053449174895	1.0816088852970773	0.1076
105	3.5098870056497176	1.2650264924075991	0.9571586132750077	0.0301	1.35420854530784	0.9343671507614414	0.0301	1.3535890627210345	0.6311654977739121	0.129	1.3525907347594035	0.6498993141003417	0.023	1.3306050957106168	0.6817933037489817	0.2179	1.383698817589051	0.6127379715550105	0.1804	1.332658524294121	0.6857792800198985	-0.0119	1.1768984131936813	0.9667422360492738	0.0301	1.0989450734956974	0.6026932837364248	0.129	1.0086681312524524	0.2717994278286512	0.023	1.019984538082073	0.20774342276830796	0.2179	0.965364730550786	0.2118660648106901	0.1804	0.9897578580885897	0.21329438732572978	-0.0119	1.41156854493613	1.39319204080445	0.0008	1.5601975673160575	1.5237135417828078	0.0655	1.5133474191421947	1.430580580151615	0.1076	1.5189031774671153	1.3074043023979327	-0.01275	1.5569140922840186	1.0472611004334038	0.0702	1.6208050665624745	0.839466167226476	0.1076	1.2392105973624918	1.4034082601579385	-0.01275	1.0422648250794135	1.2854231664013658	0.0702	1.074350172313241	1.0787096175351294	0.1076
106	3.54331450094162	1.2625826581220572	0.955906523764044	0.0301	1.3506647448214744	0.9353622163449508	0.0301	1.355955326324537	0.6338428637871684	0.129	1.3519730832323302	0.6517139580080302	0.023	1.3287258758739553	0.6715976099411636	0.2179	1.3822625052434043	0.6102555769425305	0.1804	1.3299137790519773	0.6814234634904709	-0.0119	1.1747066660431122	0.9653528529174402	0.0301	1.097517179731185	0.60077008276009	0.129	1.0084456704013618	0.27122794355015817	0.023	1.0236164457815027	0.20693751082732292	0.2179	0.9646460076320273	0.21189602002701494	0.1804	0.9890309534073999	0.21228328776263194	-0.0119	1.4125055386702285	1.3925541828144947	0.0008	1.561199332936293	1.5222562205345953	0.0655	1.5150696522948253	1.4274301535974763	0.1076	1.5154424769132262	1.3092735446121158	-0.01275	1.5546792265077192	1.0494504076406403	0.0702	1.6207224366559507	0.8416576626265605	0.1076	1.240112086909571	1.4017164718355029	-0.01275	1.0456842196157137	1.2726054755277896	0.0702	1.0929509792083296	1.0731016099475494	0.1076
107	3.576741996233522	1.2603517459328892	0.9504318824170209	0.0301	1.3483112121038328	0.930732181141126	0.0301	1.3565849384770161	0.6341003649230255	0.129	1.3508611033021467	0.6513769609103054	0.023	1.325149608974414	0.6372517348539067	0.2179	1.3804428102440525	0.597202567736676	0.1804	1.3255861990108084	0.6584450762958639	-0.0119	1.174678235486065	0.9622306125770625	0.0301	1.097122133960943	0.6001847856779514	0.129	1.0079075044055146	0.26958347958514733	0.023	1.0256959840113022	0.20715472856441933	0.2179	0.9635078089000387	0.2138857713451226	0.1804	0.9878840799519565	0.20864161700887485	-0.0119	1.4137495323564835	1.3924786970894991	0.0008	1.5639980825064268	1.5212198909504622	0.0655	1.5196298968445725	1.4197076567039018	0.1076	1.5114938307227694	1.3108152375621185	-0.01275	1.5525546886396533	1.0501013780804904	0.0702	1.6216500488227652	0.8426789048549737	0.1076	1.2412400523697467	1.3979926979433275	-0.01275	1.0532137565289412	1.2562354087256844	0.0702	1.1149652894182056	1.067074181441105	0.1076
108	3.610169491525424	1.2590494705666455	0.9443046116350877	0.0301	1.345886065398344	0.9239429608075006	0.0301	1.3557319850777585	0.6305683486486491	0.129	1.34983281252803	0.6491608911086243	0.023	1.3244835385839206	0.6051799671944623	0.2179	1.3831874077220707	0.5859486001022431	0.1804	1.3235821890833965	0.6370545295282734	-0.0119	1.176087748372484	0.9584379157656446	0.0301	1.0977545258601653	0.6015063339129628	0.129	1.0073789156066888	0.26840078524227184	0.023	1.026539506135335	0.20796603629122726	0.2179	0.9628976288727622	0.21624415717040688	0.1804	0.9872206133344514	0.20668969426169906	-0.0119	1.415292253372146	1.3925982467231532	0.0008	1.5673059113331966	1.520261149361718	0.0655	1.5239389352287596	1.4114238776657888	0.1076	1.508170778366049	1.3111585573077675	-0.01275	1.5493856336390164	1.0490855950429503	0.0702	1.6224977042285667	0.8422150228397405	0.1076	1.2439531173019442	1.393763636799213	-0.01275	1.063883231084548	1.2379889844648149	0.0702	1.1405692342999625	1.0649976397201353	0.1076
109	3.643596986817326	1.2575620370608898	0.9418704275858938	0.0301	1.3418535234011817	0.9211968387180864	0.0301	1.3526948834593562	0.627069620295897	0.129	1.3474711560550667	0.646696279029708	0.023	1.323918616077964	0.5878337275451715	0.2179	1.3861192312538895	0.5843595910064666	0.1804	1.3226913654383452	0.6356447662086828	-0.0119	1.1758212475234506	0.9569100051166974	0.0301	1.0985783438341983	0.6039828985479329	0.129	1.0073143466408037	0.26929672583605624	0.023	1.0269828592198242	0.20775727514261194	0.2179	0.9632839551197435	0.21694991340839265	0.1804	0.9874374482158984	0.20813547471173338	-0.0119	1.4179631076312114	1.3920995656970574	0.0008	1.57050722995101	1.5184816870147608	0.0655	1.527212175970693	1.4066206423145768	0.1076	1.5060888486913488	1.3104072646438072	-0.01275	1.5460981185437612	1.0477002579613757	0.0702	1.6224412850808965	0.8414092348131968	0.1076	1.2495260520736158	1.3908664482250257	-0.01275	1.076907070885792	1.2195871033805932	0.0702	1.1661728381286969	1.0684486539951543	0.1076
110	3.677024482109228	1.2538330398609736	0.9445597409382713	0.0301	1.3368486395492076	0.9239293090226961	0.0301	1.3476310355550756	0.6291784331895676	0.129	1.3415278416868528	0.6447177590046405	0.023	1.3206323443394115	0.5829147737680415	0.2179	1.3795528876227783	0.5906715409584599	0.1804	1.3166379053018002	0.6394929984637334	-0.0119	1.172953443834272	0.9596752796001526	0.0301	1.098744735981937	0.6064896411624363	0.129	1.0077190684186361	0.2719166687590856	0.023	1.0268387114888347	0.2062729505249739	0.2179	0.964309768059091	0.21632013582461168	0.1804	0.9883293244581137	0.21124767092712315	-0.0119	1.420475091299186	1.3910822414450708	0.0008	1.5747603469964182	1.5152280691692275	0.0655	1.533050653848911	1.4023781067754004	0.1076	1.5051234088582333	1.3095664121414847	-0.01275	1.5441750644370973	1.048869172413404	0.0702	1.6224457736976157	0.8411371684655812	0.1076	1.2558455886010835	1.3886884675384046	-0.01275	1.0923365329312504	1.201449705691288	0.0702	1.185536215885267	1.074315673459648	0.1076
111	3.71045197740113	1.2479867354809553	0.9501177278710904	0.0301	1.332547684242418	0.9285981068291559	0.0301	1.3416955272565934	0.6382774543760776	0.129	1.3315887989951485	0.6411611321653117	0.023	1.3179235352136796	0.5858225479461803	0.2179	1.364316290137801	0.5995169312360489	0.1804	1.3033982776099715	0.6277496043204673	-0.0119	1.1692267078600977	0.9651361719730127	0.0301	1.0978637065212604	0.607900202406575	0.129	1.0081612938037348	0.27478111632301666	0.023	1.02619953624335	0.20500143988556677	0.2179	0.9647075162512391	0.21635848275047992	0.1804	0.9893130551289612	0.21406993064610644	-0.0119	1.4216539852313683	1.390207361106446	0.0008	1.5811702701668162	1.5111769441627994	0.0655	1.5420010822576247	1.395475294293346	0.1076	1.505369527400517	1.309555563924948	-0.01275	1.5437066686320475	1.053634162994331	0.0702	1.6235037114774675	0.8417875560623397	0.1076	1.2603337960234176	1.3865389092908083	-0.01275	1.110344494668378	1.185027831738316	0.0702	1.1950130519190145	1.0824610570635476	0.1076
112	3.743879472693032	1.242757422161653	0.9548692953624709	0.0301	1.3300012808068613	0.9322898751185245	0.0301	1.3348576780859371	0.6491521577531781	0.129	1.3194006347897052	0.6361636651263108	0.023	1.317318196072653	0.5935624384505644	0.2179	1.3497193476118237	0.6049451710037226	0.1804	1.2892676500011424	0.6114409725748483	-0.0119	1.1663204147111714	0.9696059953080522	0.0301	1.0961239100932423	0.6073779945248853	0.129	1.0080724779849313	0.27637363544841664	0.023	1.0254596799268096	0.20455695232229884	0.2179	0.9650862246338187	0.21725588476159122	0.1804	0.9894687232895135	0.21553954671378775	-0.0119	1.4229850934908705	1.3893642009421643	0.0008	1.5882076679545243	1.5070416425136244	0.0655	1.5493960422215063	1.3891803650964507	0.1076	1.5070788264113457	1.311297780027898	-0.01275	1.543724107667834	1.0586080978788608	0.0702	1.624469564220728	0.8435504339737875	0.1076	1.2650090065621868	1.3860848787368107	-0.01275	1.1314816365022005	1.1750289941550798	0.0702	1.1982939906626602	1.0915940969007525	0.1076
113	3.7773069679849343	1.2396587502383478	0.9563701396642399	0.0301	1.3289470056774593	0.9341820480463288	0.0301	1.3261846167104365	0.655693445818749	0.129	1.3076473606970167	0.632691049755878	0.023	1.3179525305070807	0.6058377782936274	0.2179	1.3413590854032706	0.6076519658385018	0.1804	1.2817881072305461	0.6104667772248524	-0.0119	1.1642959738422365	0.9707723130121434	0.0301	1.0944211467865126	0.605723281404052	0.129	1.007437557716909	0.27639884968179357	0.023	1.0238847339372554	0.20418982868022695	0.2179	0.9668081586275299	0.2175432632446813	0.1804	0.9890269188504215	0.21523555300330197	-0.0119	1.426033482297945	1.3880697366942858	0.0008	1.5934894696440456	1.5029300294141592	0.0655	1.5529785673885	1.3870260301131816	0.1076	1.5100488718928808	1.314557926581972	-0.01275	1.5434149754899638	1.0596870617738468	0.0702	1.6240020290990194	0.8457317395175331	0.1076	1.2727045582491125	1.3883946370557705	-0.01275	1.1569126703765553	1.175095179039726	0.0702	1.2090831629857057	1.0869399913424318	0.1076
114	3.8107344632768365	1.2373654151371758	0.9551479908264349	0.0301	1.327933230735253	0.9341745587605567	0.0301	1.3169241940352543	0.6563867547181722	0.129	1.2993715522281035	0.6303974506673685	0.023	1.3215652441295638	0.6199099991202955	0.2179	1.3411221718268962	0.6175760157817621	0.1804	1.282114345049976	0.6214247989084356	-0.0119	1.1624958904767895	0.9694463616360158	0.0301	1.0936969778777779	0.6046777306869776	0.129	1.0069520025053422	0.2761656907489905	0.023	1.0210788637379946	0.20497370114328423	0.2179	0.968304343624563	0.21785000023900036	0.1804	0.9892724238370842	0.21386162244326062	-0.0119	1.4297501688666732	1.3859342985849459	0.0008	1.5980963323187665	1.4986805208686804	0.0655	1.555634965910822	1.3853389020864761	0.1076	1.5129573774800036	1.3167524328316764	-0.01275	1.5428989348755255	1.0575102397313016	0.0702	1.623310186144259	0.8471266726692586	0.1076	1.2824045322846696	1.391162556888023	-0.01275	1.1873836774115984	1.1806224808243475	0.0702	1.2439219959749728	1.057401217971169	0.1076
115	3.8441619585687383	1.2343140553017198	0.9539791730982013	0.0301	1.324773511036598	0.932644162511851	0.0301	1.3100282361482798	0.6536816580889178	0.129	1.2952955035725298	0.6247205354129017	0.023	1.3264553143302895	0.6230644431433645	0.2179	1.3436029957296656	0.6240804564404787	0.1804	1.2860998118583251	0.633526874806633	-0.0119	1.160467817241398	0.9677352085533323	0.0301	1.0940983484125377	0.6047965011441623	0.129	1.0068473829441342	0.2765556564735954	0.023	1.0189875976424951	0.2084904785572373	0.2179	0.9689498027314682	0.21955638154049564	0.1804	0.9901015412307449	0.2131595791776761	-0.0119	1.4329494734822097	1.3829714639889994	0.0008	1.6052160109964795	1.4939439718556977	0.0655	1.56017118475102	1.3768801660569434	0.1076	1.5141346190291107	1.3158701407756672	-0.01275	1.5430449297544162	1.055289626462284	0.0702	1.6239152496218037	0.8472507176965822	0.1076	1.2927871333389709	1.3913046767552533	-0.01275	1.2216958283272026	1.1792315539970162	0.0702	1.3013926688542574	1.017427028204452	0.1076
116	3.8775894538606406	1.231045262204738	0.9542578399346999	0.0301	1.3182572205713663	0.9304144263646319	0.0301	1.3064706118609632	0.6517343529037619	0.129	1.2929916369381087	0.6144374595992151	0.023	1.3264646704632426	0.6054632762847532	0.2179	1.334548437559585	0.5911273216764352	0.1804	1.288411229115307	0.6429662478761886	-0.0119	1.1583647001105	0.9663289082158492	0.0301	1.0950011593697853	0.6056246260810294	0.129	1.0067619022681769	0.27753308879778166	0.023	1.0190046692169985	0.21217782982326164	0.2179	0.9711674926375488	0.2211963572107104	0.1804	0.9906696828252741	0.21457941323242624	-0.0119	1.4372871371279836	1.3799241622528444	0.0008	1.6149950006088316	1.4888789831491105	0.0655	1.5660144781842154	1.362300962751605	0.1076	1.513420698379905	1.312566185223053	-0.01275	1.544131460719814	1.053054353156922	0.0702	1.6248690425402983	0.8462314466091213	0.1076	1.303579864059637	1.3883662815682019	-0.01275	1.2557797184224313	1.1630232193268784	0.0702	1.3612096332164352	0.9878444372674068	0.1076
117	3.9110169491525424	1.2294429303134797	0.9548561094710009	0.0301	1.3111474393380163	0.9291720804684036	0.0301	1.3051035242877222	0.6521682966362043	0.129	1.2901647579978537	0.6044509901264439	0.023	1.3180759402779723	0.5721652723410798	0.2179	1.3107873978061564	0.5202845217044835	0.1804	1.2820919893734943	0.6359765593338255	-0.0119	1.1573676374997164	0.9650468529881798	0.0301	1.0958684893737025	0.6064106807496072	0.129	1.0067357536520973	0.2788244731662893	0.023	1.0194502337311397	0.2128122072676568	0.2179	0.9750345540624663	0.22121407433910872	0.1804	0.991213125138584	0.21756892210548034	-0.0119	1.444067494725841	1.3770210211973994	0.0008	1.6246645250542087	1.483869161134364	0.0655	1.571543460522217	1.3505121324765796	0.1076	1.5119353950597179	1.3089023950788659	-0.01275	1.5450893294381196	1.0497603916793972	0.0702	1.6248817815143417	0.8445532057975356	0.1076	1.313153985970769	1.3844494117782549	-0.01275	1.2824687249083755	1.139659942974397	0.0702	1.406851460278764	0.9730630408039616	0.1076
118	3.9444444444444446	1.2302145270081968	0.954856845274053	0.0301	1.3081919749370219	0.9302542978212833	0.0301	1.304375677747217	0.6510465735258937	0.129	1.2870106214807395	0.5987229595730299	0.023	1.3039749684239357	0.5345212202666505	0.2179	1.2888292584839525	0.46390119545383723	0.1804	1.2591607973181578	0.5825556730411131	-0.0119	1.1583505784193493	0.9647684862634486	0.0301	1.0967131951266453	0.6061797862825072	0.129	1.006744088331651	0.2794780864853786	0.023	1.018579601016467	0.21154152462401882	0.2179	0.9780285993208427	0.22055616708634726	0.1804	0.9918586647554521	0.21979694173316092	-0.0119	1.4509641391617838	1.3732597131084041	0.0008	1.6326718486516845	1.478862389840741	0.0655	1.5767546383659692	1.3455538347614868	0.1076	1.5107195856291935	1.3065160659431687	-0.01275	1.5452570496708962	1.0469334388704614	0.0702	1.6242835457583533	0.843153613688292	0.1076	1.320253686648519	1.3810712623548185	-0.01275	1.2952883174275875	1.1238546234212734	0.0702	1.4307217685324523	0.9673550157935565	0.1076
119	3.977871939736347	1.2323804069393	0.9544088959420154	0.0301	1.3098111270823314	0.9316867717942796	0.0301	1.302256714008151	0.6437295962690586	0.129	1.286365421743335	0.5976782364454261	0.023	1.2959063629834213	0.5106731414959153	0.2179	1.2844767106224413	0.4553832693568674	0.1804	1.2291003988958107	0.4973271989817536	-0.0119	1.161003047495038	0.966089181842042	0.0301	1.0974557514136707	0.6047914882304815	0.129	1.006404123906091	0.278547138761857	0.023	1.0174025459686329	0.2114155382592481	0.2179	0.9793265940350058	0.2202075668299436	0.1804	0.9919712561514693	0.21957943996284024	-0.0119	1.4562057885077782	1.3679834026616322	0.0008	1.6394792047290532	1.4743028530818734	0.0655	1.5823184189231776	1.3431866094793872	0.1076	1.5113149694672834	1.3049407634147023	-0.01275	1.5457529166379091	1.0453480852966297	0.0702	1.6234244837529364	0.8423780994547412	0.1076	1.3267444326664342	1.37799697555358	-0.01275	1.298197044949684	1.1182957179856698	0.0702	1.4338234533343948	0.9638012204152635	0.1076
120	4.011299435028249	1.2352979780162827	0.953423565207206	0.0301	1.3119939560756415	0.9302128448165317	0.0301	1.2981007076032511	0.6319164221244988	0.129	1.2898335523109707	0.6011798607170725	0.023	1.3020752565650904	0.5148055497844638	0.2179	1.2961764279144115	0.48317510618079795	0.1804	1.2280575727979266	0.48638140977853317	-0.0119	1.165160519151506	0.9671032807584569	0.0301	1.0980747735331178	0.6032585436157868	0.129	1.0059410488276608	0.27622266567545634	0.023	1.0180150735426938	0.214232983434571	0.2179	0.9797138864262943	0.2201825026999702	0.1804	0.9912680562216266	0.21742707832618235	-0.0119	1.462065458043346	1.3625312558832163	0.0008	1.6457907186756462	1.471400207328032	0.0655	1.5884894058056043	1.3397931125439315	0.1076	1.5159447254183753	1.3032292809938386	-0.01275	1.5470758504106896	1.0439876250240618	0.0702	1.6218559585543153	0.8414657238216429	0.1076	1.336224736995346	1.375639690264553	-0.01275	1.3067515236425349	1.1119592879355935	0.0702	1.4331388200888546	0.9565629654462052	0.1076
121	4.0447269303201505	1.2392305131052948	0.9511056595964532	0.0301	1.3127817253110186	0.9260264615951787	0.0301	1.2943088336095192	0.622316835956316	0.129	1.2950917118461758	0.6099870280172591	0.023	1.3117037010442356	0.5361886399316745	0.2179	1.3093037726881742	0.5186438907152353	0.1804	1.2700622433144886	0.606256199198129	-0.0119	1.1708646668477238	0.9653811379354655	0.0301	1.0992849351901106	0.6023466853073038	0.129	1.006048455747077	0.27365391061318556	0.023	1.020063532057734	0.2186404711349167	0.2179	0.979652851499084	0.22053919679533143	0.1804	0.990112193250856	0.21504682142725606	-0.0119	1.4704091445700371	1.3589573399234118	0.0008	1.6526541098905163	1.4709553413107546	0.0655	1.5957996496269449	1.3358334338798952	0.1076	1.5246265338951355	1.301923828568398	-0.01275	1.5473961170792743	1.043107954119027	0.0702	1.6199728675648768	0.8399491226720435	0.1076	1.349461175596358	1.3747811879639906	-0.01275	1.3285656672497397	1.0988569436075886	0.0702	1.4444515581119046	0.9461323943304518	0.1076
122	4.078154425612053	1.2435210896417521	0.947183242002871	0.0301	1.3145085413218514	0.9220038056480993	0.0301	1.2932019196345255	0.6188328823173619	0.129	1.3008635606275594	0.626867768648269	0.023	1.3127061970991478	0.5579433316808718	0.2179	1.3163825821956159	0.5420427405188382	0.1804	1.3191082479885603	0.754509664695339	-0.0119	1.1769327264422027	0.9614224177070473	0.0301	1.1017743997648273	0.6019909877596489	0.129	1.0068144423195913	0.2721661877498961	0.023	1.020679026582567	0.22072072835591744	0.2179	0.9794092418302203	0.22127889435632342	0.1804	0.9894637420671307	0.21375611858628235	-0.0119	1.4791626105753526	1.3573703687039125	0.0008	1.661763121545399	1.4720623224472598	0.0655	1.6046321353895867	1.332324836954719	0.1076	1.5339802390790152	1.3001579919533524	-0.01275	1.5455359320763895	1.0430751517531034	0.0702	1.6192844390690462	0.8381939236641712	0.1076	1.3623218487160589	1.3741936720317447	-0.01275	1.3494945162239944	1.0897027148763159	0.0702	1.4586935345464218	0.9412556904365159	0.1076
123	4.111581920903955	1.2469343042477739	0.9432234716276567	0.0301	1.3186936303864514	0.9196338438700118	0.0301	1.29456529509793	0.6194782040967898	0.129	1.306728225791234	0.6455887899891218	0.023	1.3095405455916382	0.5706609793109734	0.2179	1.323579135694702	0.551618844998895	0.1804	1.3422664482016078	0.8202119556538491	-0.0119	1.1819807853595392	0.9578553778637066	0.0301	1.1053945892137014	0.6015802341343037	0.129	1.0076125580947222	0.2720393515158877	0.023	1.0192732539612201	0.21931509840106564	0.2179	0.9796483493141133	0.2220774911197631	0.1804	0.9903629369941412	0.2137806317304941	-0.0119	1.4866177918248837	1.356248892213235	0.0008	1.67367197672567	1.4719919234618608	0.0655	1.6142584313778807	1.3291046197782055	0.1076	1.5411482672451953	1.2960988945755676	-0.01275	1.5432185984083278	1.0423786758871771	0.0702	1.6202517081902206	0.8361568233655221	0.1076	1.3714974161181774	1.372273979460985	-0.01275	1.3541312061189121	1.0965584299038469	0.0702	1.4589751918079978	0.9491022419364612	0.1076
124	4.145009416195857	1.2501140227564789	0.9402904050297411	0.0301	1.3229168099106179	0.9171760614762136	0.0301	1.2968358439343906	0.6187833935065644	0.129	1.3029275950393555	0.62487009585592	0.023	1.30755779018764	0.5423131094066783	0.2179	1.3267395775365922	0.5260951870699222	0.1804	1.3308077940544776	0.7684844938927806	-0.0119	1.187185286504642	0.9555475507222804	0.0301	1.109809420985755	0.6003190301866167	0.129	1.0079097286945153	0.2721505378603772	0.023	1.0191780441020242	0.21728558927764155	0.2179	0.9807282824237199	0.2227651482257387	0.1804	0.9920903858637992	0.21367540474128652	-0.0119	1.4949193223124628	1.3543396788475865	0.0008	1.686917878566411	1.4682475363557836	0.0655	1.6236557013033048	1.3263544215493166	0.1076	1.5467205766790681	1.2919696010511368	-0.01275	1.5428195163268763	1.0400807596122956	0.0702	1.6214276180754204	0.8331185912752989	0.1076	1.380408641065053	1.3697385914542557	-0.01275	1.3489760550880587	1.1139068339732374	0.0702	1.4480072308850982	0.965383507280901	0.1076
125	4.1784369114877595	1.2542457457423015	0.9373626196934863	0.0301	1.3246252777029817	0.9127513813534988	0.0301	1.2980757456009195	0.6114535594720812	0.129	1.276251863532144	0.5140770679347694	0.023	1.3027510986022681	0.4320818542066351	0.2179	1.3118097323796147	0.4197271462052248	0.1804	1.279367809068401	0.5849046241280083	-0.0119	1.1941718949154585	0.9537308152846485	0.0301	1.1155585598607507	0.5989132333578353	0.129	1.0081732690009169	0.272059383972736	0.023	1.0224062873333553	0.21609647662523737	0.2179	0.9819629221895281	0.22336451358711562	0.1804	0.9927993271207624	0.21213929757797767	-0.0119	1.5063198491409544	1.3512141150337877	0.0008	1.7000897605284642	1.4612290089657034	0.0655	1.6330584789834681	1.3250184501341653	0.1076	1.5524370951700606	1.2907081538145306	-0.01275	1.5444027027029361	1.0369422003271256	0.0702	1.6214153895855825	0.8291074791470482	0.1076	1.3939876051943292	1.3681635664465572	-0.01275	1.3488433115497043	1.127422915660934	0.0702	1.4372012268628436	0.978341316018138	0.1076
126	4.211864406779661	1.2586576781619059	0.934411656316586	0.0301	1.3251474842675433	0.9082593182450681	0.0301	1.2970073192743519	0.5984310308795654	0.129	1.2350044634727477	0.345803769421824	0.023	1.2954281077950807	0.2730805174888483	0.2179	1.2872634254057556	0.2567521761664198	0.1804	1.2077566153674273	0.33521121181875585	-0.0119	1.2011466440390342	0.952995812304783	0.0301	1.1235464018146348	0.599905465140399	0.129	1.0098751706414526	0.2735782927251567	0.023	1.026417646261363	0.21368086512636697	0.2179	0.9826513972247944	0.22308827157101843	0.1804	0.9929304158015299	0.21163050472724249	-0.0119	1.5194005038777678	1.3473793241680825	0.0008	1.7130995050299598	1.454573332192485	0.0655	1.6434651559037448	1.3245199807805688	0.1076	1.5588829893699443	1.2896768836365176	-0.01275	1.5460622844799894	1.032096263394315	0.0702	1.620660764395532	0.8258678269416485	0.1076	1.4100903984915742	1.367411115493076	-0.01275	1.3548903429015213	1.132427853901941	0.0702	1.427943978815827	0.9800911574198014	0.1076
127	4.245291902071563	1.2633361471262228	0.9320126664938483	0.0301	1.3279372327910113	0.9056972441041455	0.0301	1.2946395277948206	0.5868250905226815	0.129	1.2053608302864867	0.22428510638207932	0.023	1.2926039880222042	0.1606578368400081	0.2179	1.2758395668382765	0.13702990544647328	0.1804	1.1597730643712554	0.1619395533312513	-0.0119	1.2063591085280503	0.9531525036702102	0.0301	1.1330602707382402	0.6039935513851086	0.129	1.0134972503818462	0.27843027699780337	0.023	1.0284578347731224	0.2100272466118711	0.2179	0.9831392742532411	0.2222017230028538	0.1804	0.9946393084079983	0.21621624904998185	-0.0119	1.5315801153340987	1.3437993401145485	0.0008	1.7259742680029497	1.451054848257003	0.0655	1.6547246018764346	1.3223218188413373	0.1076	1.5663734161221616	1.285390957687306	-0.01275	1.5470791310475016	1.0238086633726335	0.0702	1.620264370498544	0.8249361193852689	0.1076	1.4233659864339299	1.3656438255151546	-0.01275	1.3601326338745168	1.1332890925456018	0.0702	1.4173499552406499	0.9733000425414735	0.1076
128	4.278719397363465	1.27022829826369	0.9285867860120438	0.0301	1.333654519459024	0.9025799336964547	0.0301	1.2930454615588118	0.5799006710754823	0.129	1.197862812397503	0.19150966259710347	0.023	1.29624212604372	0.13031415537878904	0.2179	1.2804481579791003	0.10350886361662509	0.1804	1.1502327510716672	0.11754607423974225	-0.0119	1.2122235049662553	0.9515901816609269	0.0301	1.1420395114408686	0.6082989046310278	0.129	1.0173490948280368	0.28550177301214924	0.023	1.030282399899847	0.20995203287055805	0.2179	0.9839965685729077	0.22441312955485077	0.1804	0.9979212883657255	0.2252880976157777	-0.0119	1.5435151834569536	1.340442770050663	0.0008	1.7388870878681786	1.4489837508758125	0.0655	1.6660583472988548	1.3171124632413678	0.1076	1.57502310183788	1.2794686240188113	-0.01275	1.5489245484012153	1.0144274628977745	0.0702	1.6199662681692901	0.8248009386942385	0.1076	1.4353831182867178	1.3613651634466686	-0.01275	1.3635443331551615	1.1341868562293025	0.0702	1.4066944230388738	0.9670066055986137	0.1076
129	4.312146892655368	1.2795382313457622	0.923717708379238	0.0301	1.3396060503779204	0.8971704616063471	0.0301	1.2930873715031408	0.5748029159417343	0.129	1.201439873309801	0.20226780149133408	0.023	1.3028432401224777	0.13871004592197775	0.2179	1.2882630172174936	0.11291616679158172	0.1804	1.1579870551032516	0.13530003170216995	-0.0119	1.2215318283682246	0.947984111370631	0.0301	1.1503818861737538	0.6105167951042051	0.129	1.019987351594651	0.29266302133662964	0.023	1.0346850022245762	0.215434273020487	0.2179	0.9850009954555996	0.23175183578273278	0.1804	1.0005847809629342	0.23412505411008575	-0.0119	1.557178099279483	1.3364965535034483	0.0008	1.752391608782911	1.4456529994362335	0.0655	1.6776112384820663	1.3107677327907434	0.1076	1.5837236005132658	1.2745002152525624	-0.01275	1.5525652737507287	1.008075435616943	0.0702	1.6193803022015607	0.8229762555187071	0.1076	1.451150156738702	1.355873185900016	-0.01275	1.369419942416704	1.1364526013556495	0.0702	1.4009888742901693	0.9661866581507162	0.1076
130	4.34557438794727	1.2891224332805498	0.9206115378032327	0.0301	1.3448493627154097	0.8931510109655196	0.0301	1.2948458001605423	0.5704453391698017	0.129	1.2043900679246464	0.21142878864780013	0.023	1.3090391223953521	0.1462306867739895	0.2179	1.2919214874879632	0.12262241949610733	0.1804	1.1638629104541025	0.14989447522398744	-0.0119	1.232810190463502	0.944961846015884	0.0301	1.1608143260352608	0.6118527706766871	0.129	1.0218710566216356	0.299661666176295	0.023	1.0396376340310016	0.22162976606083276	0.2179	0.9854703498284508	0.24031650533819388	0.1804	1.0012902504107621	0.24029886014478338	-0.0119	1.5709658525231593	1.3322342323647505	0.0008	1.7656717197923526	1.4412207893719924	0.0655	1.6893018457906157	1.3061036797582561	0.1076	1.591288127644951	1.2692098533379208	-0.01275	1.556835869221271	1.0049294434126437	0.0702	1.6199787288490897	0.8199526173840845	0.1076	1.4682212169620554	1.3522698186513378	-0.01275	1.3786961412635113	1.1392651081874268	0.0702	1.4046634917577714	0.969086513110483	0.1076
131	4.379001883239171	1.2978166627973147	0.9211967109763879	0.0301	1.3513098898674	0.8935673542045108	0.0301	1.2979488491866833	0.5690663493587298	0.129	1.2045854820895328	0.21014375552974468	0.023	1.3129652644200038	0.14542222235644683	0.2179	1.2920518708237863	0.12390566098204077	0.1804	1.165325233066768	0.14909722461780248	-0.0119	1.2425938866973196	0.9435469668721014	0.0301	1.1750589946583698	0.614555129824227	0.129	1.0239190765707564	0.30749167589119475	0.023	1.041336370899	0.22492127282611127	0.2179	0.9858454527921429	0.24654740179722537	0.1804	1.0008258260499563	0.24607573097731653	-0.0119	1.5818757079068628	1.3287419709246258	0.0008	1.7766655490806857	1.4364430953966179	0.0655	1.699718049649103	1.303427096047999	0.1076	1.5977238045389703	1.2620589546264853	-0.01275	1.560073896587998	1.0025323116038432	0.0702	1.6226647550031896	0.8179377930939357	0.1076	1.4802632172193315	1.3514308013664766	-0.01275	1.3872431291066514	1.1417185506457614	0.0702	1.4156342641553117	0.9731208153290783	0.1076
132	4.4124293785310735	1.3056839690482143	0.9229769602406094	0.0301	1.358240252358228	0.8959942961744565	0.0301	1.3010147453924736	0.5717152927300215	0.129	1.2055171509883753	0.2084197561962286	0.023	1.3149162835095904	0.14095380189758994	0.2179	1.291163171195359	0.12156016280172065	0.1804	1.1675114537570652	0.14799286440930326	-0.0119	1.250452205122554	0.9431202022116204	0.0301	1.1912402630372991	0.6192982513736752	0.129	1.0270635613142989	0.3171511472416327	0.023	1.042142545184386	0.2280656063686605	0.2179	0.9905143784829837	0.25220700633368687	0.1804	1.0011839271188097	0.2555172554335525	-0.0119	1.5897272627555357	1.3263857178166396	0.0008	1.784714021275865	1.430968254450912	0.0655	1.7081559003378959	1.3005785238126777	0.1076	1.6033343278035879	1.256028173206577	-0.01275	1.5619927775624431	0.9998601147702046	0.0702	1.6251210555085056	0.8179123515924274	0.1076	1.4874178696342595	1.3515450453665427	-0.01275	1.393348690244599	1.1444211801953126	0.0702	1.426997124671654	0.976853315653047	0.1076
133	4.445856873822976	1.312698015122098	0.9232837386846761	0.0301	1.3621868682498732	0.8975932394596454	0.0301	1.3030995830310066	0.5764670577602908	0.129	1.2088410305918673	0.21347953389299615	0.023	1.3163029030393507	0.1376403389102718	0.2179	1.290739388193581	0.11991672859780926	0.1804	1.1726278150910188	0.1561371252214162	-0.0119	1.258741252823938	0.9436836405323605	0.0301	1.2064115664877997	0.6248475218282902	0.129	1.032356854553309	0.3285408310264128	0.023	1.0501879371470355	0.23468604094928971	0.2179	1.0064589503260488	0.2593818746123603	0.1804	1.003566355361589	0.26980163142075686	-0.0119	1.59550189250136	1.324868993788945	0.0008	1.7913374238813968	1.4253220710069154	0.0655	1.7157501327233098	1.2961743923809728	0.1076	1.6077163705258344	1.25433539505753	-0.01275	1.5631842211412355	0.9975933678653579	0.0702	1.6251866346108585	0.818968565040598	0.1076	1.4940728359104924	1.3507698063466216	-0.01275	1.399592526013424	1.1471913645599607	0.0702	1.435232034943401	0.977992627243519	0.1076
134	4.479284369114878	1.318885166086494	0.922970308910149	0.0301	1.3629312641745832	0.8986619321861822	0.0301	1.3050091832702033	0.580045099077408	0.129	1.2120621683907165	0.2196490196132901	0.023	1.316845178666494	0.13758816573250887	0.2179	1.2910502887766093	0.11995819328156745	0.1804	1.176742198609226	0.16536365152115445	-0.0119	1.2681749196416485	0.9448197567507667	0.0301	1.219389539556651	0.628144230195602	0.129	1.0394945850923498	0.3383746020426398	0.023	1.0701074086728082	0.24375921493914418	0.2179	1.0348717245283565	0.2661442919534735	0.1804	1.0074408353689068	0.28450274489130667	-0.0119	1.5992484726503293	1.3232897511923822	0.0008	1.7976240236013312	1.4207238397106325	0.0655	1.722945127101162	1.2912238418226698	0.1076	1.6098184550922015	1.2551158937054625	-0.01275	1.5635170938711949	0.9959104809711314	0.0702	1.6241779918903994	0.819402394184063	0.1076	1.5012926723174256	1.3481399379676897	-0.01275	1.4057758585101945	1.1472378697667969	0.0702	1.4405773389493093	0.974689694947214	0.1076
135	4.51271186440678	1.324034021278461	0.9237344555551267	0.0301	1.362901392367819	0.8992758679206728	0.0301	1.3074275639478494	0.5810265778355859	0.129	1.2127383944974652	0.2191057277578004	0.023	1.3165545816319006	0.13926539127293372	0.2179	1.292602531547891	0.12077494388043053	0.1804	1.1756388897874162	0.16528841131811126	-0.0119	1.2766119885470122	0.9450732027285016	0.0301	1.2302520077443062	0.6265244805443431	0.129	1.0472245139861625	0.341842636845219	0.023	1.0976124356899495	0.2505942801487839	0.2179	1.0684125858455287	0.2688188877649869	0.1804	1.0120405863518114	0.29302253484003493	-0.0119	1.6012312795050079	1.3203587285105096	0.0008	1.8026773343199949	1.417088249789042	0.0655	1.72825697912021	1.2873763454223088	0.1076	1.6089075613747694	1.2555510843542723	-0.01275	1.5622495128054394	0.9944051910043104	0.0702	1.6239288837736443	0.8191032825629692	0.1076	1.50738023865492	1.3436989014491503	-0.01275	1.408954338103157	1.1424081543501177	0.0702	1.4416840305947995	0.9679816935383453	0.1076
136	4.546139359698682	1.3281511532265988	0.9241582773581714	0.0301	1.3632106811349625	0.8985640115122644	0.0301	1.3090309518067955	0.5806338666412666	0.129	1.2113024498115978	0.21414279959031146	0.023	1.319584670885554	0.139774189641162	0.2179	1.2971165400316207	0.12148381997718934	0.1804	1.1705403655473354	0.158526128174386	-0.0119	1.2828139650145178	0.9436281285040442	0.0301	1.2392238509003959	0.6214237886005499	0.129	1.0557947415016944	0.33794998291942024	0.023	1.1244324560918977	0.25021595822402476	0.2179	1.0995674728490183	0.2651401502259981	0.1804	1.0174305222613877	0.2929336582497147	-0.0119	1.6028051350472232	1.3163527370330355	0.0008	1.8056993033013704	1.4141180675669986	0.0655	1.7305328447504607	1.2848903300665477	0.1076	1.6059880004758926	1.255742630854238	-0.01275	1.5594268148661767	0.9936146236775841	0.0702	1.6239257874758068	0.8194765847474058	0.1076	1.5113536090122086	1.3383682073477468	-0.01275	1.4103767024272789	1.1336346401968005	0.0702	1.4387915249931553	0.9605896491761323	0.1076
137	4.579566854990584	1.3322573736928796	0.9205015972268317	0.0301	1.3641004302697117	0.8965411807708601	0.0301	1.307949995947202	0.5790367614530553	0.129	1.208979288136115	0.2108113594462391	0.023	1.3277303428987726	0.13914682712208631	0.2179	1.3041575932039746	0.12196854206711788	0.1804	1.165529160397007	0.1538218440775528	-0.0119	1.288850878455485	0.9392947579414298	0.0301	1.2463847478468342	0.616001602893549	0.129	1.067057413317829	0.33038074073766005	0.023	1.146597958230385	0.24175061111817953	0.2179	1.124856681435379	0.2568346024580932	0.1804	1.0249787173326212	0.2869274177359836	-0.0119	1.6048295802057315	1.3133369357012195	0.0008	1.807071147729006	1.412443641725038	0.0655	1.7305628105089566	1.2828580513200147	0.1076	1.6029013832822934	1.2561256489999337	-0.01275	1.5560757059369095	0.994264788642552	0.0702	1.6230056379378848	0.8210380515278418	0.1076	1.512958573366837	1.332947473371495	-0.01275	1.4144234711918198	1.1223436502822892	0.0702	1.4378328921895343	0.9524901681571348	0.1076
138	4.612994350282486	1.3366085855888081	0.9121754653846366	0.0301	1.3657659211902269	0.8936403077928737	0.0301	1.304283123395169	0.5748407054656007	0.129	1.205824452032947	0.21017350444234584	0.023	1.3326497093845917	0.14018027940112499	0.2179	1.3078248395398724	0.12337955374527868	0.1804	1.161845657496773	0.15408469707542718	-0.0119	1.2965954304355405	0.9307741304778193	0.0301	1.2516378655440723	0.6100687153534751	0.129	1.082835693213093	0.32277461643299227	0.023	1.1649042889698564	0.23048323270501375	0.2179	1.1398078128335172	0.24974293157056582	0.1804	1.0387249281598858	0.2780146694370368	-0.0119	1.6060388838625386	1.3125787836347556	0.0008	1.8074668661663962	1.4115896760121565	0.0655	1.729534542633998	1.280564055744295	0.1076	1.5999496311935082	1.2561078537682036	-0.01275	1.553050742863991	0.9963398709774757	0.0702	1.621448100301257	0.822888494528833	0.1076	1.5122764367323935	1.3286557764095066	-0.01275	1.4208084442014548	1.1107364143413336	0.0702	1.4436151789941971	0.9414413166390067	0.1076
139	4.646421845574388	1.3399945064517786	0.9041970758420979	0.0301	1.3680968162553964	0.8912787855359345	0.0301	1.3009875430702347	0.5707127328041732	0.129	1.2009933520186487	0.21117757801674666	0.023	1.3253728553712136	0.14423068021535373	0.2179	1.3019635376200314	0.12716385345356362	0.1804	1.1573362537198197	0.15684879423307993	-0.0119	1.3041314410772722	0.9215058990695473	0.0301	1.2554814303611006	0.6032415148160961	0.129	1.1037329590664176	0.31529793817715246	0.023	1.1797400368360764	0.22230135797592077	0.2179	1.1440008688385659	0.24743554881003701	0.1804	1.062161798832602	0.2667201282328823	-0.0119	1.6048157005194656	1.313608301185021	0.0008	1.8074423899484746	1.4094065511722382	0.0655	1.7267341406278423	1.2781307501432906	0.1076	1.5958603439208832	1.2556720576838476	-0.01275	1.5504031961143954	0.9997440047133298	0.0702	1.6201662922705176	0.8236810556660261	0.1076	1.5103760584743227	1.327247140569985	-0.01275	1.4238770773424503	1.1036480364855172	0.0702	1.453207545035699	0.9286539280688331	0.1076
140	4.679849340866291	1.3424629349840966	0.9004157195336546	0.0301	1.370501301804588	0.8910234526924455	0.0301	1.3014746367391858	0.5728670677377667	0.129	1.1941027218417837	0.21299244902928272	0.023	1.3110239612153503	0.1486165026641423	0.2179	1.2894288148668023	0.13135893437195975	0.1804	1.149672315682158	0.15980426135147327	-0.0119	1.3089094979739644	0.9166991794380326	0.0301	1.2597307167760445	0.5983573783710776	0.129	1.1266321904128433	0.306391043945504	0.023	1.192784024724392	0.2172332074307403	0.2179	1.1540138730666585	0.2450162515178851	0.1804	1.0897189793207502	0.25443461266695144	-0.0119	1.6011793301287238	1.3150224940539967	0.0008	1.8061760407294836	1.4050089470908014	0.0655	1.7208926663852946	1.2766757770335482	0.1076	1.5887760324956923	1.2562015237388104	-0.01275	1.5479855616940519	1.004672411949633	0.0702	1.6189658023590325	0.8231233299478957	0.1076	1.5087129277131621	1.3279258193256707	-0.01275	1.420588449919149	1.1027540794421455	0.0702	1.4591736856711353	0.9178910038830399	0.1076
141	4.713276836158192	1.345760015285456	0.8988945530571785	0.0301	1.3717153795583432	0.8919492419243719	0.0301	1.304984473946069	0.5813280849920459	0.129	1.1880329286571585	0.21526697086578783	0.023	1.3028394115218045	0.14914805762566183	0.2179	1.280250584189508	0.1316061447329968	0.1804	1.1405446943498405	0.16293568000335978	-0.0119	1.312660321980272	0.9154545212372416	0.0301	1.2661874946938203	0.5968385580284625	0.129	1.1437512651543529	0.2974890150588216	0.023	1.2083516581412075	0.21165305515538393	0.2179	1.1865622295974911	0.23578453271814828	0.1804	1.1078943906223109	0.246269908447702	-0.0119	1.5954641961078366	1.3151893881679364	0.0008	1.8015823267426114	1.4009128059828295	0.0655	1.7133998448905325	1.2778034258337685	0.1076	1.5777413860305938	1.2596593002285004	-0.01275	1.545809234159201	1.0113272711582395	0.0702	1.6179101700268235	0.8228452140972238	0.1076	1.5070684033619601	1.3267112944707193	-0.01275	1.4137762367690327	1.1028464771273567	0.0702	1.455143330378104	0.9111945071510211	0.1076
142	4.746704331450094	1.3501185719324618	0.8980833309714624	0.0301	1.370856223064538	0.8931643010374761	0.0301	1.307516051725864	0.5885992748743972	0.129	1.1869116631001506	0.22028153108645115	0.023	1.3033942746196974	0.1461651656255308	0.2179	1.2785487729483134	0.1289024214050699	0.1804	1.1358322467168833	0.1669528873974396	-0.0119	1.319998228841712	0.9137387816631725	0.0301	1.2742251731465997	0.5966441968494607	0.129	1.1493436955434275	0.29292281890458194	0.023	1.22470400520248	0.2054141095261888	0.2179	1.2286403548537912	0.22291473631758627	0.1804	1.1105700528400106	0.2452172258635471	-0.0119	1.5876060120751074	1.3139067915362725	0.0008	1.7934714208542575	1.400619520805159	0.0655	1.7070680224460246	1.2812137188980293	0.1076	1.5647783133144721	1.2668787740098015	-0.01275	1.5437728767232504	1.019264012605896	0.0702	1.6186643127066462	0.8245214180294531	0.1076	1.50496238784834	1.3213918881019806	-0.01275	1.4094145142373562	1.0987644388067024	0.0702	1.4393589578529893	0.9087588267024402	0.1076
143	4.7801318267419965	1.354156205233691	0.8991581450512749	0.0301	1.367503424807888	0.89615319425877	0.0301	1.3078360420351194	0.5909298419119349	0.129	1.1904371241893696	0.22876262167495648	0.023	1.304977591324931	0.14393815795297055	0.2179	1.280176401393766	0.12852233543778085	0.1804	1.1387606379494961	0.17093912022770014	-0.0119	1.3346052846936693	0.9099708122709683	0.0301	1.2811894336350502	0.5962520162187196	0.129	1.1462711001273918	0.29404032395757196	0.023	1.2357022284132344	0.20146634871357705	0.2179	1.2544730017794388	0.21470860694833133	0.1804	1.1051554009229743	0.24740255989596738	-0.0119	1.5790048686461344	1.3126294016380964	0.0008	1.7845123711299882	1.404441274180819	0.0655	1.7026651291181667	1.2842573162522268	0.1076	1.552866527328133	1.2768986369721111	-0.01275	1.5409155674198962	1.0273815911755966	0.0702	1.6212021280199937	0.8276407479762884	0.1076	1.5069014481837288	1.3126946378757542	-0.01275	1.4193398133085207	1.0886896709530431	0.0702	1.4299212653080249	0.9056412573553484	0.1076
144	4.813559322033899	1.3581125116797317	0.9008140697624326	0.0301	1.3610191751589262	0.901454377922838	0.0301	1.307947598241098	0.5927539962289021	0.129	1.1945765078238044	0.2362045097748117	0.023	1.305358595728696	0.14382219398150842	0.2179	1.2821907053269792	0.13121289707285697	0.1804	1.1452515027200305	0.17392395732151056	-0.0119	1.3570464822535164	0.9039101388928623	0.0301	1.285301796241642	0.5959816211339117	0.129	1.141762188518334	0.29747539171127835	0.023	1.2420164215601117	0.20019319902651678	0.2179	1.2604254984695713	0.2128237820322519	0.1804	1.1005222711373799	0.24911478665315318	-0.0119	1.5730107669540416	1.3119193415102375	0.0008	1.7776467844196875	1.4097345125097338	0.0655	1.6997138904448168	1.285936973306748	0.1076	1.5418543389076589	1.288312550959986	-0.01275	1.5346824319763068	1.0351379552202395	0.0702	1.6217726624731124	0.8306640746979652	0.1076	1.520775032199505	1.2996181634083699	-0.01275	1.4560663808072345	1.0711843332870652	0.0702	1.464379784938368	0.8910219785225129	0.1076
145	4.846986817325801	1.362425079637472	0.9010738567634698	0.0301	1.352274044261653	0.9074420604227375	0.0301	1.3090668474844795	0.5986559775498216	0.129	1.194864341250395	0.23937530579614963	0.023	1.308921284584512	0.14357569892550331	0.2179	1.2841040447524474	0.13378896870995954	0.1804	1.1473813189700819	0.1764779149688441	-0.0119	1.3809010597757856	0.8972722655803587	0.0301	1.28673795557264	0.5961574202762723	0.129	1.1398444694315406	0.29928370266288595	0.023	1.2476649544937604	0.20017268894729817	0.2179	1.259153953636838	0.21379553488468828	0.1804	1.0985004374507001	0.25127242111464226	-0.0119	1.5714679295577998	1.3109056369779792	0.0008	1.7735663905383496	1.414468580611598	0.0655	1.6982921264695237	1.2875146597950735	0.1076	1.5309769969106817	1.2990306744580342	-0.01275	1.5233127625358047	1.0427180513114696	0.0702	1.6171424616093883	0.8341190885278288	0.1076	1.5453848553968321	1.2819653523402768	-0.01275	1.5098170819325807	1.0495366725490474	0.0702	1.5430718913873904	0.8638287335380808	0.1076
146	4.880414312617702	1.3641546265075535	0.9021259407358765	0.0301	1.344033514579993	0.9130823174521507	0.0301	1.3110925416677772	0.6075737541986272	0.129	1.1884187351428888	0.240799462587865	0.023	1.3149676533886772	0.14203886922200679	0.2179	1.2843853686114455	0.13483150871395405	0.1804	1.1408965489090603	0.1796444659093486	-0.0119	1.3951619854790716	0.8943918315149798	0.0301	1.286596212695206	0.5970314175791782	0.129	1.1401775922857866	0.2984586023588833	0.023	1.2530023855563641	0.20042807251072814	0.2179	1.2583816578791438	0.21461234180813304	0.1804	1.0974455548078927	0.25391889921211686	-0.0119	1.5722480499084088	1.309537560097123	0.0008	1.7703123480326186	1.418473709337996	0.0655	1.6978765050012878	1.2885923468377736	0.1076	1.5228397640996276	1.3057455148425823	-0.01275	1.5082545365781315	1.0498143629780528	0.0702	1.6086104908922128	0.8406629295220962	0.1076	1.5671092602405359	1.2654782992314273	-0.01275	1.550755820338296	1.0332263203518997	0.0702	1.6104494944376977	0.8400807407801457	0.1076
147	4.913841807909605	1.360650170408361	0.9060043655972567	0.0301	1.3374537131488047	0.9179178930030973	0.0301	1.31326492510057	0.6151005073747116	0.129	1.1779415669797717	0.2443981686923658	0.023	1.3166635304650967	0.14107447518059055	0.2179	1.2815449908740273	0.13602761303252475	0.1804	1.1300760822841056	0.18475967503169013	-0.0119	1.396525792206784	0.8960437555657491	0.0301	1.2855631162025474	0.5987703708242206	0.129	1.1407569504558266	0.296439564515402	0.023	1.2553284369938507	0.19941094110456709	0.2179	1.25826879644109	0.21320681511612957	0.1804	1.096394579813326	0.2544515327234138	-0.0119	1.5724791758560424	1.3089234576943218	0.0008	1.7657637179091037	1.4219344844112314	0.0655	1.697289249179155	1.287722482328202	0.1076	1.5183749734276781	1.3077713955648913	-0.01275	1.4916829614999678	1.0564656104301386	0.0702	1.5993450800448674	0.8514302848786047	0.1076	1.577148437063603	1.2556120220558824	-0.01275	1.5659708428972836	1.0277044590021074	0.0702	1.6309754575584547	0.8333126208373335	0.1076
148	4.947269303201507	1.3546007986091253	0.9099240593011891	0.0301	1.3311353002352464	0.9207709895076327	0.0301	1.3132057470568959	0.6179577139375888	0.129	1.1708940608327394	0.25030567684692684	0.023	1.3122361939102667	0.14272625440779288	0.2179	1.2759998510460984	0.1392002352718477	0.1804	1.1240398047001834	0.19210322759943382	-0.0119	1.3925890949298678	0.8975637961284141	0.0301	1.2836142145531824	0.6004486855054747	0.129	1.1403751179946353	0.2944768240828848	0.023	1.2528352616281868	0.19666963796152973	0.2179	1.2576698639978694	0.20973984703799411	0.1804	1.0952832613473185	0.25207221694741105	-0.0119	1.5718171627637287	1.3093426761890308	0.0008	1.7604580107146712	1.424363582775244	0.0655	1.6959577395323389	1.2861280819891572	0.1076	1.5132577296749887	1.3084880597149753	-0.01275	1.4743950584049315	1.0642980933849406	0.0702	1.5899922677843148	0.8640716670864335	0.1076	1.5806105429363175	1.2513592684359327	-0.01275	1.5686889152168872	1.030429609517816	0.0702	1.6231641728004707	0.8414287299523275	0.1076
149	4.980696798493409	1.3503275496478235	0.9114232169091431	0.0301	1.325046360133018	0.9224003942471423	0.0301	1.3093036840741066	0.6171163202779765	0.129	1.1699011488548388	0.2553458098062827	0.023	1.3078926802674666	0.1458463578657391	0.2179	1.2708169261816185	0.1428608168660754	0.1804	1.1259522062208478	0.19961696978651222	-0.0119	1.3904812044396995	0.8973416921349125	0.0301	1.28130272775107	0.6015020323863857	0.129	1.139717737622529	0.29288830725307563	0.023	1.2495875531729805	0.19403481205262416	0.2179	1.257423030784938	0.20661138191325662	0.1804	1.094474482382168	0.24924004096784463	-0.0119	1.5713259116899734	1.3097736580717463	0.0008	1.7560144749354558	1.425888465589709	0.0655	1.6941555307548246	1.2869478496602307	0.1076	1.5051254518619654	1.3104732384590754	-0.01275	1.4562787870146372	1.074361982082674	0.0702	1.57943037830411	0.8752619539906412	0.1076	1.5839202925549174	1.2490992048736949	-0.01275	1.5716161910747835	1.0360774815277884	0.0702	1.6132731421756432	0.854460141722169	0.1076
150	5.014124293785311	1.3483235961707378	0.9123799050161803	0.0301	1.3211919067000024	0.9256983239498124	0.0301	1.3037119465782874	0.6162121565462089	0.129	1.169159916687136	0.2581361310303986	0.023	1.3071995892481114	0.14790704246520475	0.2179	1.2683249727558907	0.14480069435438053	0.1804	1.1287984569520624	0.2050676404888273	-0.0119	1.390291535330394	0.8982879448504629	0.0301	1.2800973077680142	0.6027237011371346	0.129	1.140363187242423	0.2915053216070977	0.023	1.2510829503621141	0.1919715437032728	0.2179	1.2582520566022182	0.20426058787266138	0.1804	1.0942688947077395	0.24812139036453165	-0.0119	1.5712905217342725	1.3095971595010945	0.0008	1.7518959391016375	1.4284399636811447	0.0655	1.6926904693622316	1.2912223467400612	0.1076	1.4970906524821732	1.3130928294412774	-0.01275	1.436360027141005	1.0856583757636031	0.0702	1.5667977936220765	0.8843682772705208	0.1076	1.5873970108326885	1.2468692012172335	-0.01275	1.5751223949943216	1.0397847691160296	0.0702	1.6093502215567725	0.8640064501183073	0.1076
151	5.047551789077213	1.3469411652556411	0.9142285419786379	0.0301	1.3191405397469418	0.9306413405698237	0.0301	1.2990571951224537	0.6170299384222938	0.129	1.1634099656433419	0.2608739532724194	0.023	1.3055795802138996	0.14912646024929696	0.2179	1.265393864499322	0.14622509427041538	0.1804	1.1253406212086594	0.20890842168700657	-0.0119	1.3900254954243902	0.900073619692401	0.0301	1.2813419668070414	0.6042584377477684	0.129	1.1428136573019543	0.2901333829628208	0.023	1.2568313435309317	0.18854482127132347	0.2179	1.2589275999936473	0.2011544052416943	0.1804	1.094180353141368	0.24817081639176994	-0.0119	1.5709182648426945	1.3096414293760326	0.0008	1.7472307735570896	1.433194851588744	0.0655	1.6918321972188628	1.297083050788192	0.1076	1.4913905739874775	1.3155045528444713	-0.01275	1.4139694145361374	1.0972226956329636	0.0702	1.550106660179772	0.8934325661039398	0.1076	1.5906158076262502	1.2445587460263141	-0.01275	1.5765312159217268	1.0393468808213413	0.0702	1.609908438179003	0.8673715883410634	0.1076
152	5.080979284369115	1.3460869308962276	0.9149314626570536	0.0301	1.3160326462266263	0.9338244525389895	0.0301	1.2948706939630854	0.6190999020404322	0.129	1.1543148659087097	0.2659374770897638	0.023	1.2974909282067517	0.15241937324965807	0.2179	1.2569833813543678	0.1495945731907701	0.1804	1.117013679520501	0.21399463529628493	-0.0119	1.3903475111173316	0.8996631349801315	0.0301	1.285337002839415	0.6049769740864173	0.129	1.14585699316012	0.28948920447701393	0.023	1.262755276548289	0.18370762280169428	0.2179	1.2588410905433602	0.19859372022571073	0.1804	1.0935575442062582	0.24853859367151745	-0.0119	1.5700076161651282	1.3107872674413616	0.0008	1.7436480746438923	1.438391412081558	0.0655	1.6913581727248435	1.3028674089257195	0.1076	1.4865064998705997	1.3185342957410795	-0.01275	1.3901623447748284	1.109414099164105	0.0702	1.52610086307732	0.9040377447613477	0.1076	1.594760226477115	1.2426106517349038	-0.01275	1.5762464572250763	1.0365433006909794	0.0702	1.6116077028827986	0.8669955081954415	0.1076
153	5.114406779661017	1.3470829090564473	0.9127140390153378	0.0301	1.3116889753799714	0.9334522482389069	0.0301	1.2898367113539912	0.621117614503655	0.129	1.1466856902186344	0.2734608258126365	0.023	1.2834864594190827	0.15895547476090818	0.2179	1.2429743410967384	0.15531389035181556	0.1804	1.110097710468245	0.2218498842040716	-0.0119	1.3934733971513256	0.8968453494484336	0.0301	1.2904906700716445	0.6038669363931165	0.129	1.1481984833527694	0.2904210671806241	0.023	1.2657097123661927	0.18007630410099287	0.2179	1.2587747663041131	0.19865656563041215	0.1804	1.0931045332731966	0.24963213887344507	-0.0119	1.5697162332064	1.312413515391016	0.0008	1.7427305462200307	1.4419285481617243	0.0655	1.6912967804594197	1.3081253845633936	0.1076	1.4808526170650302	1.3225031922708326	-0.01275	1.3669456101374182	1.122259463072698	0.0702	1.492710317325284	0.9172307028183394	0.1076	1.599905031038885	1.2411460213840304	-0.01275	1.5758440132032452	1.0347193376050432	0.0702	1.6122169319289459	0.8669272226046444	0.1076
154	5.14783427495292	1.3499553370992112	0.9092661320598527	0.0301	1.3079961313803716	0.9318142313072151	0.0301	1.2847527974603712	0.6219647482301988	0.129	1.1428338178425774	0.280954360596117	0.023	1.2681180163142451	0.16538961741547156	0.2179	1.227389725831278	0.16217803518310245	0.1804	1.1079166856024614	0.2299049327819889	-0.0119	1.3997920091130944	0.8936063288513602	0.0301	1.294446512261866	0.6014434551363859	0.129	1.1496180743110096	0.29181950850146066	0.023	1.2645122502992163	0.1788415728430473	0.2179	1.2585893788883118	0.19909927083402476	0.1804	1.0938958024485124	0.25016122583937517	-0.0119	1.5704133774782965	1.3134372344127436	0.0008	1.7431218627112386	1.4438034684785135	0.0655	1.6906389310940653	1.3119553056143978	0.1076	1.4744460101156858	1.32614558924661	-0.01275	1.3456013635982793	1.1339383743221083	0.0702	1.4505862917103594	0.9334605226046816	0.1076	1.6047598116071886	1.239998459631251	-0.01275	1.57559775463902	1.0351086451784046	0.0702	1.6116128649053199	0.8689609599555143	0.1076
155	5.181261770244822	1.3524354233140126	0.9071031368676442	0.0301	1.305004049950684	0.9317801048930752	0.0301	1.2816488858003687	0.622899112264548	0.129	1.141585133807285	0.2851824497707527	0.023	1.2541162067844203	0.16858628293162578	0.2179	1.2127135390177655	0.16878627080468406	0.1804	1.1086483297398169	0.2345696344055346	-0.0119	1.4065685503244927	0.8910446690120498	0.0301	1.2964700298491847	0.599512650721247	0.129	1.1498110078622141	0.29211102723692556	0.023	1.2593099256401037	0.17961260630038664	0.2179	1.2562982008827073	0.1985165192252676	0.1804	1.095081634941898	0.24851691998048128	-0.0119	1.570283155638342	1.313668597489736	0.0008	1.7420098293120838	1.4451284339491652	0.0655	1.6873595457051915	1.3137680654740687	0.1076	1.4675982106944647	1.3287318786721756	-0.01275	1.325697034748365	1.1428187849644018	0.0702	1.4039645864860337	0.9491814876753869	0.1076	1.6088800723724423	1.238449428101533	-0.01275	1.5749689188602867	1.035367255128601	0.0702	1.6103551302956123	0.8706628854109366	0.1076
156	5.214689265536723	1.3527343789248623	0.9050989027014134	0.0301	1.30280483734636	0.9314930161881648	0.0301	1.281434343041652	0.6255359087763953	0.129	1.1397537027215232	0.2858425919225089	0.023	1.2415302631502012	0.17004010037167097	0.2179	1.1986175971206747	0.17397451146215198	0.1804	1.107488057458368	0.23637553896838842	-0.0119	1.410626377587451	0.888596526654265	0.0301	1.2967762149948299	0.59818978595146	0.129	1.148648970840893	0.292329548916068	0.023	1.2507291399399134	0.18306640092777887	0.2179	1.250446063191763	0.2013148879870372	0.1804	1.0953679794128204	0.24872984236971712	-0.0119	1.5679842181751955	1.3134851416190858	0.0008	1.7378707314471402	1.4466243950915425	0.0655	1.6818548420432677	1.3149301828463764	0.1076	1.460469232517646	1.3303038923456836	-0.01275	1.3058019313836242	1.1501640698495013	0.0702	1.3576895964723317	0.9608272390238024	0.1076	1.6125925849202813	1.2355886730029662	-0.01275	1.5739890898330657	1.0327602787685009	0.0702	1.608926446285459	0.8691382186825158	0.1076
157	5.248116760828625	1.3513225901853239	0.9011494086446651	0.0301	1.302076051379579	0.9277174332838976	0.0301	1.2829290083167333	0.6283107713039194	0.129	1.1342466352545222	0.285099630432635	0.023	1.2297239061706242	0.1721901455612074	0.2179	1.18506230485147	0.17723399696830106	0.1804	1.1005097485748112	0.2380549766528058	-0.0119	1.4115468472474522	0.8857207580905508	0.0301	1.2953622423914968	0.5956095284167596	0.129	1.1471643700383047	0.29405443234914536	0.023	1.2411141685895166	0.18900951949918351	0.2179	1.2434125905929998	0.20987393308492105	0.1804	1.095076621057538	0.2553333831713374	-0.0119	1.5647153401724605	1.3133189905500877	0.0008	1.7317155227326684	1.4486077568464428	0.0655	1.6771996874031083	1.316768631418527	0.1076	1.453034853320029	1.3305228142712164	-0.01275	1.2858673183360492	1.1580385968861544	0.0702	1.3124693681167967	0.9716692771454086	0.1076	1.6160372979542872	1.2317935959301973	-0.01275	1.573267484381265	1.0283060826993258	0.0702	1.6080705400328437	0.8660192901423776	0.1076
158	5.281544256120528	1.3493841850899593	0.8980631092776284	0.0301	1.3007690399330682	0.9242985394639356	0.0301	1.28194512262754	0.6303614083260399	0.129	1.1250077913193368	0.28523424235833295	0.023	1.2165535857315555	0.1761419811406256	0.2179	1.1717590772859459	0.1801443522669264	0.1804	1.087844064693918	0.23963137400563664	-0.0119	1.4109563480872194	0.8834896918530373	0.0301	1.2936735578749952	0.5925704065177441	0.129	1.1465405589681885	0.29721302479366285	0.023	1.2339886843955357	0.19485151520874322	0.2179	1.2392411269506072	0.21983636505246199	0.1804	1.0955224610265462	0.2639072513809636	-0.0119	1.561883676281685	1.3134339775296728	0.0008	1.7262860889342642	1.451663282219648	0.0655	1.6745785178042325	1.3189051464728598	0.1076	1.4454050402215008	1.3299732935479873	-0.01275	1.2687413416397695	1.166505805175642	0.0702	1.2674226597076563	0.9862829750131433	0.1076	1.6191467310827332	1.228893164957043	-0.01275	1.5736494279218998	1.0247363000453744	0.0702	1.6082026621533962	0.8646427759851565	0.1076
159	5.31497175141243	1.347642237134344	0.8999788271217571	0.0301	1.2966598660401591	0.9276674618624944	0.0301	1.274250922567743	0.6337009771966827	0.129	1.1143723555118845	0.2883922014067639	0.023	1.199848254204375	0.1820991294242012	0.2179	1.1568238851823118	0.18470732610917093	0.1804	1.0718482367983413	0.24109974039868373	-0.0119	1.4100672386245494	0.8833508417305163	0.0301	1.2941248754379588	0.5928456475240278	0.129	1.147391016573581	0.3014091528282013	0.023	1.2305301930174037	0.19952461458550963	0.2179	1.2388808266126325	0.2272428683099373	0.1804	1.098923772366398	0.2671449762598065	-0.0119	1.5594913538802506	1.313742288428876	0.0008	1.7233343945971669	1.4561821513576128	0.0655	1.6725577828517049	1.3213342858727914	0.1076	1.4388077366149739	1.3304117225264727	-0.01275	1.2576924627984505	1.1753773012587536	0.0702	1.22382944544492	1.0035525920867392	0.1076	1.6214111133953073	1.2283141616521607	-0.01275	1.5758400224248652	1.0231134345382487	0.0702	1.6089514198388404	0.8649359207512993	0.1076
160	5.348399246704332	1.3461364924649322	0.9050962281604745	0.0301	1.2912382964004163	0.9352053354391029	0.0301	1.2642056126845331	0.6372248160789381	0.129	1.105785115711555	0.29455619438555286	0.023	1.1840961919974644	0.18862157366220703	0.2179	1.1427473273831232	0.19046384091177002	0.1804	1.0571910987108557	0.24611354350880374	-0.0119	1.408813377581871	0.884623481559704	0.0301	1.296783793564515	0.596911641697882	0.129	1.1484903330028766	0.30479835228940516	0.023	1.2292001358415088	0.20495967510148216	0.2179	1.240310965419108	0.2315112998791459	0.1804	1.1058018573499517	0.2649338811051718	-0.0119	1.5573787312179874	1.3141347189281747	0.0008	1.7215167312221504	1.4608363041357744	0.0655	1.6702089165589526	1.3242817382671885	0.1076	1.4342555055095523	1.3321137162084506	-0.01275	1.2520457698755463	1.184652588704531	0.0702	1.1839104994927434	1.0203681339416488	0.1076	1.6224343020335208	1.2294645943663405	-0.01275	1.579185986959655	1.023623961292302	0.0702	1.6093488572041057	0.8652295182224957	0.1076
161	5.381826741996234	1.344342044799746	0.9083105349776	0.0301	1.286650030829807	0.9388960962757082	0.0301	1.260051021970355	0.6374029395719764	0.129	1.1031829589463324	0.30044301049233835	0.023	1.1766370380050784	0.19541504381623795	0.2179	1.136094399295575	0.19690409044392332	0.1804	1.050294988109658	0.2555046017252916	-0.0119	1.4062831110356948	0.8847573746798495	0.0301	1.299285407976814	0.6007038504859545	0.129	1.1476110040241303	0.3051254971445333	0.023	1.2282987676487482	0.21134518301643512	0.2179	1.2412709710730945	0.232258128232849	0.1804	1.1119233468253582	0.2619595981828728	-0.0119	1.5554115003232638	1.3147647096484139	0.0008	1.718344530862789	1.4636376973027658	0.0655	1.6673087892353595	1.3267126775155875	0.1076	1.4306752343484483	1.333213764960559	-0.01275	1.2476815029154893	1.1920882283437755	0.0702	1.149877112317718	1.035446459827582	0.1076	1.6226598641832117	1.230604946466455	-0.01275	1.5818060635505549	1.0256126090242237	0.0702	1.6088670427417486	0.8653182032615937	0.1076
162	5.415254237288136	1.34205934408127	0.908319136653373	0.0301	1.2824152652011913	0.9379207233124945	0.0301	1.2567826245589926	0.6367475209834802	0.129	1.101279153194534	0.30245547680003265	0.023	1.1711615987468371	0.20237855296852011	0.2179	1.1321434999409266	0.20327558419470415	0.1804	1.0453555028729349	0.2621492292825617	-0.0119	1.4026846751816369	0.8826454939966761	0.0301	1.2995744845185102	0.6015169375890009	0.129	1.1462018466087174	0.30364387593538666	0.023	1.22869519479041	0.21570938827458813	0.2179	1.2413133197163986	0.23029704103759385	0.1804	1.1138101994620215	0.26080072455051684	-0.0119	1.5529555632156635	1.3154809834879317	0.0008	1.7136766501243006	1.464958837413675	0.0655	1.6635970205222377	1.3282041590705338	0.1076	1.4265022429910739	1.3322757907136256	-0.01275	1.2415558483448494	1.194970690897135	0.0702	1.122128341442394	1.0471772613731138	0.1076	1.623144264111185	1.231224651088252	-0.01275	1.5826950062936505	1.0271559659502183	0.0702	1.6082002280638383	0.8654440716104064	0.1076
163	5.448681732580038	1.3397268286689648	0.9071582416642207	0.0301	1.2774671647790263	0.9378989681123702	0.0301	1.241927669578189	0.6411731412133166	0.129	1.0844300264363222	0.3004333068298745	0.023	1.1522874231382096	0.20556524314960253	0.2179	1.1156991829946847	0.20575968402572917	0.1804	1.024642601635624	0.26118919761758624	-0.0119	1.3999884051172637	0.8794095121303294	0.0301	1.296945165436724	0.5996600343966303	0.129	1.1473247225672447	0.30243528700143485	0.023	1.2327435153102524	0.21693982691964955	0.2179	1.24171089435794	0.22901290723177598	0.1804	1.113299648084387	0.2606917066555829	-0.0119	1.5494534084055827	1.3157155307511677	0.0008	1.7088771257640745	1.4662787433187257	0.0655	1.6592319795765655	1.32934928837521	0.1076	1.4217785650356172	1.3301660186217974	-0.01275	1.2335020502642295	1.193854145504741	0.0702	1.098383231704174	1.0525312158198248	0.1076	1.6242688685195334	1.2319921919610086	-0.01275	1.5824254823541988	1.0272067382426828	0.0702	1.6082768023207632	0.8653387247301221	0.1076
164	5.48210922787194	1.3376230767226156	0.9055240658517352	0.0301	1.2723528147021754	0.9408885466164144	0.0301	1.2171933393692251	0.6495780356296219	0.129	1.0496642968288548	0.29918372643863894	0.023	1.1212357798933126	0.2033055741268623	0.2179	1.0851505377832866	0.20285985102679874	0.1804	0.9872930250505899	0.2588347924560217	-0.0119	1.398674345632493	0.8761953351601676	0.0301	1.2921303913114917	0.5954353220289208	0.129	1.1492987591316866	0.3014986357896931	0.023	1.2388011143054267	0.21700821821764135	0.2179	1.2429123987774684	0.2308781551041087	0.1804	1.1123836688222484	0.26065491934673174	-0.0119	1.5451241740136576	1.3154587515085627	0.0008	1.7040066675097159	1.4677872969749435	0.0655	1.6542736898109602	1.3303790545916352	0.1076	1.4173481081680959	1.3286519186093817	-0.01275	1.2247905721268144	1.1917133043835544	0.0702	1.0781977173869093	1.0504260097055484	0.1076	1.6250507587551064	1.2329061078059018	-0.01275	1.5819478428108942	1.0267812317733294	0.0702	1.6093018194110034	0.8648300764624841	0.1076
165	5.515536723163842	1.33550214964268	0.9031721931837562	0.0301	1.267864229456548	0.9439708709951741	0.0301	1.1955677286662165	0.6570380005529258	0.129	1.0149181176564122	0.3035831917486196	0.023	1.0941609904438074	0.2016810883006138	0.2179	1.055312974842636	0.20041333804985692	0.1804	0.9546358682299474	0.26184345398411585	-0.0119	1.3971201416697197	0.8740840943577398	0.0301	1.2878039429653398	0.5899576028966613	0.129	1.1487963274005588	0.3009232522875476	0.023	1.242529626285381	0.2171645051430985	0.2179	1.2439531520539544	0.2343888495635294	0.1804	1.1106083482901408	0.2608768758834652	-0.0119	1.5408159443561134	1.3156286237323132	0.0008	1.6982929242944775	1.4698640607893436	0.0655	1.6481270892728543	1.331555819324939	0.1076	1.4127704368339293	1.3280220419031807	-0.01275	1.216498055779599	1.1902849151392174	0.0702	1.0652290644342157	1.0439107478866922	0.1076	1.624921350338672	1.2334082677612577	-0.01275	1.5818437494848925	1.027425356806792	0.0702	1.6105279532202432	0.864298827720809	0.1076
166	5.548964218455744	1.3331130958642978	0.9012169250457459	0.0301	1.263590815910148	0.9445611205385084	0.0301	1.1828455823866155	0.6634020154600172	0.129	0.9958336235147055	0.31242941696194665	0.023	1.0781156481373964	0.2059447654261278	0.2179	1.0356641251088745	0.20465278636549913	0.1804	0.9408127828657868	0.26702273020575895	-0.0119	1.3952516864806557	0.8740965997530028	0.0301	1.286767095429494	0.5865272916118152	0.129	1.1469046348707306	0.30089703375579113	0.023	1.2430655826976673	0.2170870535538427	0.2179	1.2443133531642694	0.2364411662946483	0.1804	1.1083561439208693	0.26135724098909213	-0.0119	1.5370291850547084	1.316900418278286	0.0008	1.6914040960605308	1.4733036466976361	0.0655	1.6400613493829113	1.3333693054258176	0.1076	1.4065480065919915	1.3276313716440005	-0.01275	1.209006175636996	1.1885979904594817	0.0702	1.061947209520221	1.0369886371586523	0.1076	1.624375205469735	1.2334930934256343	-0.01275	1.5826020858966983	1.0292424949105894	0.0702	1.6109741868722653	0.8642263511777006	0.1076
167	5.582391713747646	1.330421472932663	0.9008767744363875	0.0301	1.2592048260685442	0.9431596449967252	0.0301	1.1762469840699479	0.6681761136206172	0.129	0.9914164334237835	0.32018941263325923	0.023	1.0689851026106094	0.21184134036911229	0.2179	1.0249820449197462	0.21240285457718597	0.1804	0.940474708227219	0.2691027109875088	-0.0119	1.3944965532591098	0.8754078923610662	0.0301	1.2891099248657734	0.5870608956886347	0.129	1.1466602346802082	0.3007430404962187	0.023	1.241679252241119	0.21646230882805798	0.2179	1.2442291801334064	0.23641218652153137	0.1804	1.1072464939255073	0.261588405537089	-0.0119	1.5333776175445144	1.3186206159800762	0.0008	1.6831375530711317	1.4777589915150469	0.0655	1.6305188366780152	1.3363328679042252	0.1076	1.3988152094145911	1.3276181640649363	-0.01275	1.202584248191393	1.1854311328707767	0.0702	1.0650777337479316	1.031598579583072	0.1076	1.6237674739512584	1.2338247280217594	-0.01275	1.5846217356122407	1.0304636606721098	0.0702	1.6106395592190614	0.8644348741920974	0.1076
168	5.6158192090395485	1.3277911730934877	0.9025021677229673	0.0301	1.2557485305283058	0.9429790917470049	0.0301	1.1746542825739086	0.6686089967805987	0.129	0.9930992669441531	0.32285659171986875	0.023	1.0633446853171282	0.21268760235111897	0.2179	1.0213937090214924	0.21544392534946075	0.1804	0.9431336479472697	0.2692516755323698	-0.0119	1.3953015953248578	0.87671397603664	0.0301	1.292766983585815	0.5890854836739715	0.129	1.147916420722139	0.3004258580849918	0.023	1.2388770892108543	0.21561165651665284	0.2179	1.243834583287562	0.23603338113952538	0.1804	1.1075846110657916	0.2616235317897707	-0.0119	1.5290964605667454	1.319848775945047	0.0008	1.6737738461429	1.4822262199899086	0.0655	1.621975727537934	1.3406308015757358	0.1076	1.391721234947371	1.3286578723338485	-0.01275	1.197375223570398	1.181837704469336	0.0702	1.0685530976147464	1.0284448216297593	0.1076	1.6233566975736768	1.2352648567907263	-0.01275	1.5872302305049868	1.0297701080153296	0.0702	1.6098210084796074	0.8644902323335423	0.1076
169	5.649246704331451	1.3261136161177562	0.9058005671719478	0.0301	1.2543793412150341	0.9460190144988257	0.0301	1.1782860195721132	0.6681365271341765	0.129	0.9952570341416258	0.32214253595102915	0.023	1.0603709262322238	0.21083841151606425	0.2179	1.02259198406238	0.21430458130043747	0.1804	0.9446168068892077	0.27080112155687563	-0.0119	1.397283035492343	0.8784710138215752	0.0301	1.2959867970488645	0.5889117095658228	0.129	1.1483875062902136	0.300924956390377	0.023	1.2364440616042989	0.21519856436557303	0.2179	1.2434163856238813	0.23638843715202962	0.1804	1.107878633500085	0.26221010786353816	-0.0119	1.5237332596404511	1.320620711381302	0.0008	1.6645925976150553	1.4859503812400061	0.0655	1.6160656160977533	1.344693933718853	0.1076	1.3859091803870738	1.3305595179991332	-0.01275	1.1918739981772226	1.1793708367210378	0.0702	1.068141032459272	1.0267650768842043	0.1076	1.6230092329646966	1.2384984788107525	-0.01275	1.5891615275295072	1.0289269532615237	0.0702	1.6089255331377539	0.8643599100877988	0.1076
170	5.682674199623352	1.3255773553290633	0.9089136643469458	0.0301	1.2545306360727033	0.9495613230954864	0.0301	1.183077305969655	0.6718236790349869	0.129	0.9966467425199957	0.3229202885620297	0.023	1.0595236849132261	0.21245756494328455	0.2179	1.0235272796851247	0.215734960546972	0.1804	0.9456246931612856	0.27321453582960414	-0.0119	1.3993832088989755	0.8806978301606245	0.0301	1.298898678159759	0.5867946998775828	0.129	1.1478904484773482	0.30228394192389024	0.023	1.2370097859955134	0.2148034676122083	0.2179	1.2439553403200978	0.23675059257312941	0.1804	1.1074493972063728	0.26325377750975426	-0.0119	1.5176672831892077	1.321173183767737	0.0008	1.6568195578524167	1.488853790299515	0.0655	1.610271988495043	1.345806701019919	0.1076	1.3793484855148717	1.3313880098591662	-0.01275	1.1839419176308714	1.1777736040549647	0.0702	1.0631000180963992	1.024156357217466	0.1076	1.6217430907383001	1.24345856179416	-0.01275	1.5904398991447963	1.0309632722996398	0.0702	1.6093092518293028	0.8644740143422222	0.1076
171	5.716101694915254	1.3252814442739584	0.9100753178656906	0.0301	1.2545141326246334	0.9504603029260185	0.0301	1.1849614918124842	0.6772609431661507	0.129	0.9981262111767485	0.3258898521603696	0.023	1.060280480457772	0.2170377516282882	0.2179	1.022200187366311	0.2196533791782575	0.1804	0.9470592145486266	0.2746011980080908	-0.0119	1.400385114545501	0.882222412552984	0.0301	1.3032246838389596	0.5856916943650224	0.129	1.1477479236406771	0.3030217376057552	0.023	1.240009226157718	0.2132757966767699	0.2179	1.2454169922561884	0.23629831510336927	0.1804	1.1072608310162038	0.26319127040068413	-0.0119	1.5117632026938006	1.3213306761468702	0.0008	1.6498215496062945	1.491645037464997	0.0655	1.600609763954825	1.3437554457268217	0.1076	1.3712077678313188	1.329575654526863	-0.01275	1.1745416596639453	1.1768356529265744	0.0702	1.0563494653482857	1.0202639651175807	0.1076	1.619184780331615	1.249055671918751	-0.01275	1.5918126524194574	1.0359484164520185	0.0702	1.611437293411859	0.865606339842607	0.1076
172	5.749529190207157	1.3250861394458389	0.9107028770831396	0.0301	1.2535841106305692	0.9505223090038055	0.0301	1.1844308671355408	0.6799135283672606	0.129	1.0004220049480188	0.3287743417205914	0.023	1.061920950006206	0.22170143182798596	0.2179	1.0210947769025651	0.2227968808726797	0.1804	0.949567749348188	0.2772868061375403	-0.0119	1.4008183582282392	0.8835789724191613	0.0301	1.309864217414399	0.5862853077145145	0.129	1.1479106782376154	0.3025573085825504	0.023	1.2415174886702594	0.2115065921335087	0.2179	1.2455726086686512	0.2353196620385352	0.1804	1.1077814195581626	0.2613900567362515	-0.0119	1.506273708781002	1.321110580517994	0.0008	1.6408984449079516	1.4950555025679277	0.0655	1.5867111082148604	1.3419316905700232	0.1076	1.363456160690786	1.326885814820535	-0.01275	1.1665201718854232	1.1775213659712658	0.0702	1.0516264779659281	1.017502366225859	0.1076	1.616405382677432	1.2537826983349396	-0.01275	1.5930855291944606	1.0405146863205077	0.0702	1.613542210305622	0.867702298132794	0.1076
173	5.782956685499059	1.3256245699123455	0.9125211326435868	0.0301	1.25220660689677	0.9523721808801577	0.0301	1.182371967008476	0.6787730618244157	0.129	1.0015256142768083	0.33151944368845976	0.023	1.0630717157322032	0.22540617160643306	0.2179	1.0216497651414174	0.22575571681961978	0.1804	0.9522872056849248	0.28315214300324537	-0.0119	1.4019464441397524	0.8859606106872714	0.0301	1.3182017988531038	0.586976838126514	0.129	1.148735085341468	0.30263676856205496	0.023	1.2399810287520676	0.21166901907321028	0.2179	1.243923326494986	0.23419749999731412	0.1804	1.1090679001459869	0.25986046244724154	-0.0119	1.5011280651291805	1.3210277808421096	0.0008	1.6288535382055918	1.4992993291307284	0.0655	1.5724145586178515	1.3436236139250821	0.1076	1.3574368073058742	1.3259712765630915	-0.01275	1.1603453772293222	1.1796930682273936	0.0702	1.0499969276679992	1.0168317222385808	0.1076	1.6145079036240166	1.256634640508825	-0.01275	1.5935202177513477	1.0417438175179772	0.0702	1.6139262916464479	0.8692277211557117	0.1076
174	5.816384180790961	1.3264364802761686	0.9142626065628762	0.0301	1.2510767068711988	0.9546686211321334	0.0301	1.1785858397296123	0.6749933654517624	0.129	0.9983231249768181	0.3338624923549521	0.023	1.0626256185528742	0.2261021331653969	0.2179	1.0232664637926756	0.2279955583299507	0.1804	0.9514162641674775	0.2881169782780624	-0.0119	1.4033732246592656	0.8883970649803062	0.0301	1.3280693811514808	0.5864164272204389	0.129	1.1521500581599133	0.3046381793044002	0.023	1.2393762979336136	0.21371568124567408	0.2179	1.243556166987944	0.2329003654916421	0.1804	1.1120183980673264	0.2608375132150302	-0.0119	1.49677451530688	1.321800608829359	0.0008	1.6167422056027236	1.5041182871061205	0.0655	1.561720527735893	1.3484627259438802	0.1076	1.3519149473118797	1.3264631824950373	-0.01275	1.1547600620412102	1.1820384741380563	0.0702	1.050249680173375	1.0166938147075313	0.1076	1.6131382043425924	1.2585256549586739	-0.01275	1.5930867375205848	1.0404208355303985	0.0702	1.6130108212987677	0.8688104380093682	0.1076
175	5.8498116760828625	1.3264298944224722	0.9149565390381449	0.0301	1.2504457306405328	0.9555613821444295	0.0301	1.1750352219732603	0.6718542126532696	0.129	0.9919479783888068	0.3342411604800275	0.023	1.0614582525068532	0.2242753471326352	0.2179	1.025904918424458	0.22831659995113224	0.1804	0.9465754482212017	0.2888117423108435	-0.0119	1.4040719402383735	0.8896629863575938	0.0301	1.3397491172464788	0.5840671885579636	0.129	1.1585439711351067	0.307760690845174	0.023	1.2425630904073206	0.21552624589807928	0.2179	1.2462523949643982	0.23160221208867152	0.1804	1.1173605911900475	0.2642942348638871	-0.0119	1.4933074649269003	1.3236190402848511	0.0008	1.6085377390436473	1.5086758405020477	0.0655	1.5557578760694246	1.3534376811016058	0.1076	1.345689577513385	1.3267934764456053	-0.01275	1.1497398419507774	1.1840778101272793	0.0702	1.0507157736091588	1.0157950710717156	0.1076	1.6113346494428602	1.2613620468606817	-0.01275	1.5926217928347663	1.0392528893958062	0.0702	1.612355745143458	0.8667873711947794	0.1076
176	5.883239171374765	1.3255635402430361	0.9154333707278977	0.0301	1.249796082378881	0.9550417767035888	0.0301	1.174080693835822	0.6721094755876578	0.129	0.9870783114195708	0.3330354812114669	0.023	1.060934710913293	0.22437003058743307	0.2179	1.028846099679431	0.22961391071400386	0.1804	0.9440200472818039	0.2863827193032556	-0.0119	1.4041822227239626	0.8900386303414282	0.0301	1.3524242336382262	0.5804574278159942	0.129	1.1661085679672911	0.3111507629690325	0.023	1.2468913466167317	0.2155371908161895	0.2179	1.2508661441690638	0.2306060203583784	0.1804	1.1245356333216392	0.268858369208497	-0.0119	1.4903062919869605	1.3258306537767075	0.0008	1.605085399562263	1.511585139661704	0.0655	1.553469845573565	1.35693241733866	0.1076	1.340289030804565	1.3271219588508552	-0.01275	1.146602523045161	1.1862438838613203	0.0702	1.0505089295671983	1.0144970880789526	0.1076	1.6098020341681365	1.2647302392738822	-0.01275	1.59278265882803	1.0391214195943914	0.0702	1.6126371085586215	0.8649609182813133	0.1076
177	5.916666666666667	1.3251412996380647	0.9156306774464124	0.0301	1.2489708309671674	0.9532517082572469	0.0301	1.1749211352962672	0.6732133348508602	0.129	0.9863599302326604	0.33180760910418605	0.023	1.0605195154505447	0.2281545152464491	0.2179	1.0290573601845032	0.23363159186984062	0.1804	0.9467145782334067	0.28280777897603104	-0.0119	1.404909353791057	0.8898117665461543	0.0301	1.3645029591239202	0.5771488974225062	0.129	1.1731916897556245	0.3143905513247601	0.023	1.2504670914466498	0.21349947794123278	0.2179	1.256621441431171	0.22939427943953586	0.1804	1.1318551191173893	0.27318054849935264	-0.0119	1.48835458646974	1.3277686742755075	0.0008	1.6046693702923416	1.512247125276722	0.0655	1.5529262515673146	1.3598881749483058	0.1076	1.3379345971280105	1.328370794920375	-0.01275	1.1456647280177443	1.188799616140971	0.0702	1.0501997254829532	1.0138558418644983	0.1076	1.6101070068381806	1.266576510486269	-0.01275	1.593379576057713	1.039144220093476	0.0702	1.6134321138348657	0.8643766393977752	0.1076
178	5.950094161958569	1.3264877916659308	0.9142451136647127	0.0301	1.2487174357608788	0.9501685374781267	0.0301	1.1759208938079384	0.672028168506826	0.129	0.9890262674369901	0.3312688600252351	0.023	1.0594405817246628	0.23347163900760454	0.2179	1.023409996686932	0.2368937692052984	0.1804	0.9499485093381054	0.27960285034968435	-0.0119	1.4074235909993096	0.8885321936829161	0.0301	1.3752123799992502	0.5750847081436148	0.129	1.1794595155721428	0.31638978505527593	0.023	1.2542660239960597	0.2096167661586946	0.2179	1.263161212892991	0.2265479365234899	0.1804	1.1377397272291707	0.27648211533526085	-0.0119	1.4883139718534515	1.3291613173682375	0.0008	1.6054742758344565	1.5117964219648066	0.0655	1.5531047505975384	1.3624783677838999	0.1076	1.338156597655673	1.3304340400275003	-0.01275	1.1452457519818904	1.1911657641478826	0.0702	1.050627350758262	1.01416657984569	0.1076	1.611866450930064	1.2662798619669702	-0.01275	1.5938610180369495	1.0391294206529818	0.0702	1.6143287016183703	0.8637316089509708	0.1076
179	5.9835216572504715	1.3289899906816331	0.910582236412493	0.0301	1.2487304913537773	0.9456929831432018	0.0301	1.1771297997880867	0.6702362649884709	0.129	0.9934002882258477	0.3314577732132565	0.023	1.0568934148005944	0.23804007886544218	0.2179	1.0121114562124518	0.23755086763723152	0.1804	0.9513514159380785	0.27756296648203094	-0.0119	1.411260626780865	0.8855038411321713	0.0301	1.3844123956447354	0.5733438671882961	0.129	1.1856226790560456	0.31640358922482575	0.023	1.2588465731928165	0.20402989158155652	0.2179	1.2698040204908752	0.22156799806640545	0.1804	1.1426580109195952	0.2783760654674307	-0.0119	1.4896030995396696	1.329680666904968	0.0008	1.6068006032450783	1.5114077837449982	0.0655	1.5547426619345799	1.3631248729017198	0.1076	1.3391758672100826	1.3321696664700862	-0.01275	1.1443713520715906	1.1926166454042735	0.0702	1.051339696568801	1.014549453151543	0.1076	1.613813657489595	1.264603825909372	-0.01275	1.5941103707714257	1.0397288934607387	0.0702	1.6152324345957594	0.8619728385292956	0.1076
180	6.016949152542373	1.330961076858725	0.9057694996132961	0.0301	1.2480576878124519	0.9397378908034204	0.0301	1.178049313133391	0.6681362973045942	0.129	0.996845224530268	0.3318640071519908	0.023	1.0516019770563494	0.23861006935430024	0.2179	1.0022898697719194	0.2375053877043331	0.1804	0.9537595784154017	0.27698385160092515	-0.0119	1.414723932401054	0.8804276767018513	0.0301	1.3908407252166886	0.5707720708061021	0.129	1.192476726858728	0.31427031940505856	0.023	1.2655668985474031	0.19702715827392928	0.2179	1.2774483566520878	0.2153362686352912	0.1804	1.1489104182498986	0.27756048494319524	-0.0119	1.4915129947183379	1.3290585042034668	0.0008	1.6086161974756932	1.5110441534545946	0.0655	1.557306833214873	1.3617588358790627	0.1076	1.341005199402721	1.3328153492544688	-0.01275	1.1444422743871392	1.193489094473505	0.0702	1.0513463280043718	1.0141981539384264	0.1076	1.6161988888209184	1.2624960314796656	-0.01275	1.5945658759365484	1.0407761310011956	0.0702	1.6159217606831688	0.8608114887630717	0.1076
181	6.050376647834275	1.332484287034018	0.9018098257427724	0.0301	1.2477654978140194	0.9336382150760848	0.0301	1.1778001816276822	0.6633031534064672	0.129	0.9961488426824622	0.3313294236572394	0.023	1.0453714536850238	0.2320831228849895	0.2179	1.0019711632877881	0.23575625157455227	0.1804	0.9573391871855568	0.2775188474017073	-0.0119	1.4173890204877004	0.8745070512520052	0.0301	1.3929960745644954	0.5676519048092229	0.129	1.2000888592343306	0.3095101670486959	0.023	1.2749966786381752	0.1890438648530412	0.2179	1.287232100351926	0.20792672757688666	0.1804	1.1574519975642263	0.2726730801420062	-0.0119	1.494432449812582	1.3274335165600752	0.0008	1.6109067245181443	1.5103866811419722	0.0655	1.5589446848841049	1.3596265926522475	0.1076	1.3443651331272903	1.3327324311689372	-0.01275	1.1465603493042722	1.1943934889490195	0.0702	1.0508722491008105	1.013497436621375	0.1076	1.6195388785259357	1.2605298075356532	-0.01275	1.5956159283078917	1.0411952265437834	0.0702	1.616173414619327	0.8622669359997553	0.1076
182	6.083804143126177	1.3351626882144056	0.8995192724676467	0.0301	1.2500452906152049	0.9301920603520641	0.0301	1.1772735359891007	0.658149432139219	0.129	0.9916693029416431	0.3287879559886054	0.023	1.04163832904499	0.22083342593439345	0.2179	1.0076262654087123	0.2292679993517848	0.1804	0.9592183669584624	0.2771682158616845	-0.0119	1.42044008481382	0.8702354224664479	0.0301	1.3915589787993365	0.5644168150229514	0.129	1.2079546975055726	0.30167314018786157	0.023	1.2842193084508875	0.1802927446431853	0.2179	1.29760245223927	0.1982545586876612	0.1804	1.1663895662110708	0.2641362875468741	-0.0119	1.4983092579021597	1.3254564168262997	0.0008	1.6145264881093315	1.5092129981780504	0.0655	1.5614446487325448	1.3564764854428815	0.1076	1.3479576144786334	1.3324228309340442	-0.01275	1.1495863971987443	1.1948578048667817	0.0702	1.0509812142110888	1.0128619418574454	0.1076	1.623028012985407	1.2587933564837115	-0.01275	1.5974389806835523	1.0404460290876367	0.0702	1.6163612206106819	0.8651376668320199	0.1076
183	6.11723163841808	1.3396934413228325	0.8980684215794653	0.0301	1.2551347952637373	0.930042549672308	0.0301	1.1768072485982601	0.656566703419999	0.129	0.9875423922147472	0.3248974456257856	0.023	1.040890763364325	0.2098752768660982	0.2179	1.0103231660047607	0.2191479990940962	0.1804	0.9591510650865572	0.2744551094589902	-0.0119	1.4247171582811715	0.8685720896283876	0.0301	1.3885722327491963	0.5605259917833654	0.129	1.2160538479717922	0.2906734338750058	0.023	1.29091091172317	0.17054783232974274	0.2179	1.3062745833450176	0.18590744331899492	0.1804	1.1738649731471926	0.25264503232673124	-0.0119	1.5023035897500492	1.3240460723016803	0.0008	1.6206572750073456	1.5072433251164845	0.0655	1.5680355777754744	1.3517955576481304	0.1076	1.3503864030045034	1.3318388061583692	-0.01275	1.152091653047342	1.1939983963526963	0.0702	1.0519424486837727	1.0121924181297473	0.1076	1.6261072159899275	1.2572311973190688	-0.01275	1.6000655473300702	1.0390113131641132	0.0702	1.6171229593450278	0.8662055750911097	0.1076
184	6.150659133709982	1.3448043824083455	0.8961690512450253	0.0301	1.2603790795841827	0.9298887503665713	0.0301	1.175832118884292	0.6559348572304906	0.129	0.9879010786699632	0.3219949959643754	0.023	1.040231831139273	0.20279141608471596	0.2179	1.0071624046379901	0.2111554810399716	0.1804	0.9603952587706183	0.27039536310122964	-0.0119	1.4299374773202553	0.8678350245661453	0.0301	1.384935708550237	0.5557479336638353	0.129	1.2253042183614595	0.2769462841939214	0.023	1.2949920595779996	0.15911754623568689	0.2179	1.3126898675208805	0.17157073655960253	0.1804	1.180853939412982	0.2380222983002025	-0.0119	1.506356915656812	1.3231007562896226	0.0008	1.6280981411835425	1.5047952241035898	0.0655	1.5759786693472015	1.3465097032264903	0.1076	1.3532881173690476	1.3306474818212906	-0.01275	1.15441414545182	1.1920387969566517	0.0702	1.053094515770974	1.0123297271032512	0.1076	1.6301207790878058	1.2555640143649769	-0.01275	1.6031768927698113	1.0375116340679817	0.0702	1.618421289902833	0.8646581654720452	0.1076
185	6.184086629001883	1.3487369228304236	0.8934590101580496	0.0301	1.2633683735798447	0.9268629105474642	0.0301	1.1754200421500245	0.6520863570881557	0.129	0.9931129735207832	0.32112402210054347	0.023	1.0357695328781058	0.202776475334806	0.2179	0.998721504651257	0.21043561823862347	0.1804	0.9653542075383759	0.2665189439330901	-0.0119	1.4354395805109903	0.8663570524923453	0.0301	1.3805143311799433	0.5510469168965851	0.129	1.2359376557965631	0.26186131741976443	0.023	1.296585630850507	0.14621109653487777	0.2179	1.3176800383623395	0.15646630638081202	0.1804	1.1897574989688446	0.22118707027611603	-0.0119	1.5107890136443038	1.3213773349314686	0.0008	1.6348535956314516	1.5026138114752186	0.0655	1.5800885122614396	1.3420163801062008	0.1076	1.3582175859299441	1.3289411132668043	-0.01275	1.157484100373583	1.1900558133367685	0.0702	1.0538278527203815	1.0138868074596945	0.1076	1.6364673027838677	1.253686819367422	-0.01275	1.606603500675651	1.0361223062100653	0.0702	1.619619518331696	0.8628548676325014	0.1076
186	6.2175141242937855	1.35179755568998	0.8908205359306861	0.0301	1.265500582627655	0.922403728341425	0.0301	1.1765378975865284	0.6468562127713017	0.129	0.9985453292475898	0.3206855569585066	0.023	1.0291496235158017	0.2084266635787309	0.2179	0.9907022677261246	0.214690929004856	0.1804	0.9711514192344732	0.2630468639864764	-0.0119	1.4408026246203096	0.8641859940104771	0.0301	1.376253886508287	0.5473513887014637	0.129	1.246031936046162	0.2476125231653947	0.023	1.2969100872870918	0.13377589872301557	0.2179	1.3225840677149305	0.14217027768089605	0.1804	1.20050799215573	0.20506401860953274	-0.0119	1.515408590375117	1.3186968960383185	0.0008	1.6414870316395131	1.5008219857946397	0.0655	1.5809332869696935	1.3394518654732968	0.1076	1.3637036991721003	1.3275820953546615	-0.01275	1.1611714124042356	1.1882922128240943	0.0702	1.054381171130242	1.015389321883037	0.1076	1.644379367096369	1.2518671378530932	-0.01275	1.6109095462550012	1.0348353711186906	0.0702	1.6204628100123024	0.8630686119173588	0.1076
187	6.250941619585688	1.35612236249289	0.8890817192705224	0.0301	1.2698422696911684	0.9199290864541647	0.0301	1.17871335498123	0.6444930512446694	0.129	1.0000244163150367	0.31916752637572715	0.023	1.027727717018276	0.2116174317663058	0.2179	0.9923726852217184	0.21557050763560995	0.1804	0.9718297914346067	0.25999615175471535	-0.0119	1.4463316521430138	0.8620616281088685	0.0301	1.3740172287622625	0.5443843096797192	0.129	1.2530923311756679	0.2369409273508974	0.023	1.2978823834583946	0.12388009120395045	0.2179	1.3273663290481743	0.13076189681049125	0.1804	1.209516100001954	0.19326345576833492	-0.0119	1.5203623147770984	1.3162122658951452	0.0008	1.6488943869508597	1.4991419713240772	0.0655	1.583323477505307	1.3388352609673446	0.1076	1.3687822982091034	1.3270876179581637	-0.01275	1.1654109022082475	1.1865581997215493	0.0702	1.0555371904219872	1.0157127964292378	0.1076	1.6522212603471869	1.2499518246047667	-0.01275	1.6163935368234217	1.033669561483173	0.0702	1.6214099820125216	0.8653091874768138	0.1076
188	6.28436911487759	1.3629583964393877	0.8878221193787231	0.0301	1.2767819846877169	0.920174019742196	0.0301	1.1812832204618944	0.6445101731875952	0.129	0.9980573109586416	0.3171136833813844	0.023	1.0345368631423653	0.20544680313133223	0.2179	1.0021057405545493	0.20861130050037086	0.1804	0.9649794590648318	0.2583089295642113	-0.0119	1.4525559223456552	0.8599509141990277	0.0301	1.3743467971308112	0.5414418442791915	0.129	1.256301917640305	0.23162885458734273	0.023	1.2998241000317359	0.11812407882691908	0.2179	1.330460084380709	0.12452873317325927	0.1804	1.2136984535824207	0.18796995622985346	-0.0119	1.5261221506702962	1.314538251582674	0.0008	1.655939064249789	1.4976846023317578	0.0655	1.590703578320446	1.3385616129796019	0.1076	1.3746479298245595	1.326813341017067	-0.01275	1.1711031971060981	1.185376590454591	0.0702	1.0572110246366346	1.0159615634370818	0.1076	1.6595472132255948	1.2480859719825683	-0.01275	1.6220372841307282	1.0326396655709165	0.0702	1.6228976147681073	0.8675825414554171	0.1076
189	6.317796610169492	1.3710469983187292	0.8862573100677066	0.0301	1.2839772869582806	0.9206811538664421	0.0301	1.1834249476707477	0.6430411294804746	0.129	0.9954088890572798	0.3154355379097252	0.023	1.04423446107264	0.19225631625102682	0.2179	1.0089981979741098	0.19822368139790122	0.1804	0.9546304439215485	0.25789791119076444	-0.0119	1.458766200590957	0.85720362280001	0.0301	1.3765038599170438	0.5385881394851589	0.129	1.2565218832639236	0.23028915807765588	0.023	1.3018525093599962	0.1165349293046443	0.2179	1.3316380653800457	0.1235528589240558	0.1804	1.2138219268862342	0.18790378533477278	-0.0119	1.5328011826348509	1.313868925476052	0.0008	1.6621037150057925	1.4968605797529961	0.0655	1.601767868239874	1.3372926208370863	0.1076	1.381785252008963	1.32578272216388	-0.01275	1.178484094250052	1.184542959963339	0.0702	1.0583081307395965	1.0165023463250278	0.1076	1.6667999013705224	1.2473317788327194	-0.01275	1.626911200901835	1.0323559562997107	0.0702	1.6247938568940952	0.8681995071939433	0.1076
190	6.351224105461394	1.3780440842272164	0.8844348220952845	0.0301	1.2898792986906906	0.9196954602267796	0.0301	1.1850318912730133	0.6405821762962314	0.129	0.9948008723073706	0.3141395666912935	0.023	1.048770480753289	0.18204477120917084	0.2179	1.0085030810390736	0.19285885309192322	0.1804	0.9489845917259531	0.2563518635111716	-0.0119	1.4639516708559812	0.8538266293170251	0.0301	1.3800662494632157	0.5364711503824605	0.129	1.255413407627188	0.2298505144481832	0.023	1.3031973070065033	0.11637588826439786	0.2179	1.3319736544359544	0.12462134215117185	0.1804	1.2131528653781023	0.189295704240305	-0.0119	1.540031658807346	1.3143938363030017	0.0008	1.6691144967268474	1.4969952519642855	0.0655	1.6111308364507142	1.3352831639846159	0.1076	1.3894499868072205	1.3238542743219655	-0.01275	1.1866239778115613	1.1827218598163645	0.0702	1.058637142759443	1.0153839741317388	0.1076	1.674182212977638	1.2478347604020943	-0.01275	1.631696459531245	1.0336809725517648	0.0702	1.6264211730899634	0.867639843903377	0.1076
191	6.384651600753296	1.3831692430345777	0.8826689807087548	0.0301	1.294949466804848	0.9174461670704319	0.0301	1.1871782327410891	0.640976491181512	0.129	0.9978985215313335	0.313611099616965	0.023	1.0454413274372676	0.18149991713642386	0.2179	1.004236810839198	0.19649828839210032	0.1804	0.9542656387380299	0.2523827083035851	-0.0119	1.4681210081826084	0.8499881923958335	0.0301	1.3845301766940936	0.535275463204332	0.129	1.2546511481682097	0.22908202229103938	0.023	1.3033583364691772	0.11564397878113866	0.2179	1.3315271444654602	0.12467300147611873	0.1804	1.2139664492052467	0.18962465264227887	-0.0119	1.5473085586363675	1.3152127805710003	0.0008	1.6777120674003125	1.4979188852713965	0.0655	1.6155390964442944	1.3338748304459056	0.1076	1.3973225418888855	1.3221635627077808	-0.01275	1.1948559231366245	1.179532510020981	0.0702	1.059528859091992	1.011930640047752	0.1076	1.6817709714001676	1.2475207397830523	-0.01275	1.6378914518068513	1.0356015069582656	0.0702	1.627277014679878	0.8670402192287672	0.1076
192	6.418079096045198	1.3872592588561268	0.8809395071684065	0.0301	1.299363687774592	0.9138857367451373	0.0301	1.1905145569381492	0.6424969551723881	0.129	1.0037164670416996	0.3144658807690387	0.023	1.0397943677834625	0.18743705918169531	0.2179	1.0014738800239598	0.20466009834536433	0.1804	0.9684818357553732	0.24873804415032552	-0.0119	1.471408877224855	0.8454601050060051	0.0301	1.3881098880441554	0.5341374820595273	0.129	1.2548433724834236	0.2285364602304956	0.023	1.3022489275524378	0.11499680771097058	0.2179	1.3301301582132479	0.12354751061970015	0.1804	1.215539603088502	0.18909942937971655	-0.0119	1.5550679756291568	1.3147985004297924	0.0008	1.6857433591207878	1.4988245990114464	0.0655	1.6180643801753654	1.3353340197174346	0.1076	1.4052098684852352	1.3217255148118854	-0.01275	1.202816123769031	1.1759222758795744	0.0702	1.0614607785979502	1.0083582790459094	0.1076	1.6895904233369219	1.243782870391484	-0.01275	1.6461895856833264	1.0358892824796202	0.0702	1.628274594449277	0.8663576572200985	0.1076
193	6.4515065913371	1.3917878567607154	0.8792549797860028	0.0301	1.3036008306478626	0.9094922996339581	0.0301	1.1946444451140588	0.6407769779204004	0.129	1.009670009849073	0.3158091325550795	0.023	1.038573201661815	0.19262650023044348	0.2179	1.002956178363241	0.21096552581000894	0.1804	0.9832884886021788	0.24864700013559576	-0.0119	1.4747250281701836	0.8412996528423135	0.0301	1.3892532259448396	0.5323554782250584	0.129	1.2553679594458296	0.22825179502035448	0.023	1.3007034111177684	0.11489670767130533	0.2179	1.3286074905351504	0.12279498850070053	0.1804	1.2161684384240286	0.18873461002433584	-0.0119	1.5639214594909867	1.3130056522706361	0.0008	1.6913170830512083	1.499431646302962	0.0655	1.623345707394417	1.3408357125524666	0.1076	1.4124361560687027	1.32174391927799	-0.01275	1.2104370440879597	1.17238634449238	0.0702	1.0632298464515704	1.0063855959390935	0.1076	1.6970305017562612	1.2371687970972083	-0.01275	1.655285189858659	1.0342099941917413	0.0702	1.6309413353359064	0.8650746123082219	0.1076
194	6.484934086629003	1.3980971022748703	0.878234550650795	0.0301	1.3096371244748617	0.907343567073715	0.0301	1.1977906049270686	0.6375821024261723	0.129	1.0144757665816417	0.31599231555142976	0.023	1.0419509905879267	0.19306560153811536	0.2179	1.005796663413743	0.21413638068796248	0.1804	0.991672468069493	0.25163984424195335	-0.0119	1.4803406492421387	0.8400824518677785	0.0301	1.3891242464429558	0.5312764763353259	0.129	1.2557616373341722	0.22762897260613166	0.023	1.3005381993416665	0.1145599472453066	0.2179	1.32795909381622	0.12288696421049587	0.1804	1.2159617685615278	0.18874463673697642	-0.0119	1.5725321608005596	1.3112765068903849	0.0008	1.6954307928539698	1.5008301525488816	0.0655	1.6306451471893	1.34777219768227	0.1076	1.4191210665691512	1.321333112120522	-0.01275	1.2185598524029646	1.1686414251136874	0.0702	1.064506058099275	1.005680140034113	0.1076	1.7032707420169568	1.2318520624263407	-0.01275	1.6629993046725255	1.0319727712360705	0.0702	1.635014976846407	0.8634819889317837	0.1076
195	6.518361581920904	1.4055240427720794	0.8787341529909213	0.0301	1.3175208489512589	0.9098128108471334	0.0301	1.1978145750519857	0.6369797685315564	0.129	1.0181326049313777	0.3145770362052699	0.023	1.0450964890395753	0.18917725475122482	0.2179	1.004176293871049	0.2145190341477082	0.1804	0.9928460228115734	0.25523092882116943	-0.0119	1.488968977773446	0.8426911478610023	0.0301	1.3899417526066755	0.5330713746015204	0.129	1.2564138229204371	0.22726457932437824	0.023	1.3026178993094384	0.11367091420852611	0.2179	1.3287391188879438	0.12274691158349774	0.1804	1.2158969315819723	0.18904952285638896	-0.0119	1.5791414622990096	1.310920550555817	0.0008	1.7002202167199618	1.503609504409659	0.0655	1.6363949675872067	1.3524815598733735	0.1076	1.4257999597914988	1.3213652690561668	-0.01275	1.2273179973885815	1.1651022743452513	0.0702	1.0661585077066098	1.0058913277381305	0.1076	1.7085295007838683	1.2306793052677227	-0.01275	1.669211529001597	1.0300942513351274	0.0702	1.6387372570782508	0.8624467557637782	0.1076
196	6.551789077212806	1.411907379757325	0.8803151118481829	0.0301	1.324332353940652	0.9142481789262311	0.0301	1.1960028526743407	0.6392616814319034	0.129	1.0214582580746405	0.3121795552758886	0.023	1.0438313737888456	0.18488058579221636	0.2179	0.9965561703195125	0.21245472246951147	0.1804	0.9936054765425809	0.257019991087341	-0.0119	1.4979018248273235	0.8460045349684208	0.0301	1.3913870945887334	0.5372316622951818	0.129	1.2576135509400224	0.2283882245785141	0.023	1.305026562114278	0.11315571599875376	0.2179	1.3304137557591063	0.12215704429907506	0.1804	1.2160600365363106	0.18975155887693518	-0.0119	1.5848082141262045	1.312116295360736	0.0008	1.705616463786286	1.5068278973419733	0.0655	1.6407861032304698	1.3552369624102107	0.1076	1.4316689339468134	1.3225155827665647	-0.01275	1.2352577554897142	1.1624667030843738	0.0702	1.0681731716030323	1.0070858327547154	0.1076	1.7143855387049782	1.2317362166817056	-0.01275	1.6757052326505608	1.0284523116166542	0.0702	1.6416066173556776	0.8619955615287614	0.1076
197	6.5852165725047085	1.4164275776529534	0.8819516342271475	0.0301	1.3283510605077602	0.9164983116963415	0.0301	1.1956215732740239	0.6418264868557414	0.129	1.0260810323958842	0.3091063822011161	0.023	1.0381060982368986	0.18412776113448676	0.2179	0.9875231048804705	0.21117396756031762	0.1804	1.001705015087964	0.2548557012437907	-0.0119	1.503843618234165	0.8467029011617092	0.0301	1.3916252720859617	0.5409574008066752	0.129	1.259037598915105	0.23025863198566413	0.023	1.3055736257207853	0.11349792601431517	0.2179	1.331350354884744	0.12188135671101788	0.1804	1.216089308709337	0.19046659745165728	-0.0119	1.5912955471525154	1.3141535114969927	0.0008	1.7092837729996067	1.5103867758906981	0.0655	1.645525971391053	1.3586979044250669	0.1076	1.435595706061743	1.323968908011039	-0.01275	1.2414979124514598	1.1605084763206026	0.0702	1.0699133525326525	1.0087132719059106	0.1076	1.721522964573843	1.231249948586522	-0.01275	1.683690761322348	1.0267182866980986	0.0702	1.6450839370265913	0.8614805253118482	0.1076
198	6.618644067796611	1.4195567427818747	0.8838948065874176	0.0301	1.3304531800078578	0.9166671345870887	0.0301	1.1959940630896801	0.6408846826853857	0.129	1.0321930114209026	0.3056533241666807	0.023	1.0320709860128254	0.1856526812701055	0.2179	0.9820334428704549	0.21272466308589705	0.1804	1.015692504448953	0.24870337397527015	-0.0119	1.506221169603715	0.8457141062982904	0.0301	1.3906702948849858	0.5426396945567349	0.129	1.2599169254013456	0.23091920112622588	0.023	1.3046521984402608	0.11368896697322664	0.2179	1.3308147686477052	0.12194697354035004	0.1804	1.2158521617138038	0.19047369513909018	-0.0119	1.5969430815555143	1.3159907608302368	0.0008	1.7102379019850285	1.5148058245909441	0.0655	1.648992019944781	1.362426289834889	0.1076	1.4373419914477044	1.324984834508682	-0.01275	1.2464033248460344	1.159019060011348	0.0702	1.0711717625406467	1.0100989875572635	0.1076	1.7280354709313366	1.2292419500453289	-0.01275	1.6931847471907426	1.0254396302756579	0.0702	1.6501482793741584	0.8608121046084611	0.1076
199	6.652071563088513	1.4213983349634103	0.8861993668885285	0.0301	1.3315531407029515	0.917077752542962	0.0301	1.1947708905640746	0.6355239670269829	0.129	1.0384197606225354	0.30253794229386144	0.023	1.030094234978241	0.18519547526703667	0.2179	0.9811089730404101	0.21469103898988695	0.1804	1.0286974200131696	0.2415096313216628	-0.0119	1.5066194144821543	0.8451969983821236	0.0301	1.3897533159770372	0.5419904988946506	0.129	1.2593275915832864	0.22970940041047805	0.023	1.3034855685310478	0.11325000519745673	0.2179	1.329826053667162	0.12197312039051483	0.1804	1.215374544311081	0.18983563095981082	-0.0119	1.599351049283302	1.3171371133229233	0.0008	1.7098681917780385	1.5188337022389868	0.0655	1.6494157234075368	1.364379539112351	0.1076	1.4373449346318565	1.3256930561206155	-0.01275	1.2502182930115886	1.1579456333336977	0.0702	1.0718564397133703	1.0105930947544766	0.1076	1.7321765552676087	1.2293583214017985	-0.01275	1.7031347986949816	1.0247322771886784	0.0702	1.6557145180408666	0.8593563468713413	0.1076
200	6.685499058380414	1.4224467764811435	0.8875859820391641	0.0301	1.3322040476940267	0.9179484358281829	0.0301	1.1933586137923555	0.6300367626185518	0.129	1.0444232441287744	0.2995823120680464	0.023	1.033225636579571	0.18244936305731663	0.2179	0.984041474164338	0.21451053652694382	0.1804	1.0384329974198583	0.23674374285009475	-0.0119	1.5067130745573063	0.8451654419690087	0.0301	1.3890799102648492	0.5389801705357531	0.129	1.2573766108752011	0.2274700503271879	0.023	1.3023281417533017	0.11335735908212721	0.2179	1.3294218077159126	0.1218557582565978	0.1804	1.2149345281672619	0.1893413022400527	-0.0119	1.5997758396667756	1.3182719715423865	0.0008	1.709228335282194	1.5214608344463312	0.0655	1.6486610735176253	1.3663009676429363	0.1076	1.436811585813169	1.3261918121036298	-0.01275	1.2528084368885648	1.1563601377401107	0.0702	1.072038810396572	1.0098075638924093	0.1076	1.7346059136711076	1.2319028231592923	-0.01275	1.7116921671878091	1.0215811830349417	0.0702	1.660171018218827	0.8558171097206569	0.1076
201	6.718926553672317	1.423617880590508	0.8870750762450835	0.0301	1.333386049403967	0.9179178375647852	0.0301	1.1938441680181378	0.6276330173094721	0.129	1.0506731745395963	0.29632224464946677	0.023	1.0390317127496576	0.18030384724022944	0.2179	0.989692585403311	0.212426798527055	0.1804	1.046258427880672	0.23551675678700718	-0.0119	1.507139676083604	0.844729074167872	0.0301	1.3882857024044921	0.5351552575779076	0.129	1.255680861275754	0.22571873423344122	0.023	1.3014532563273367	0.11455650400264769	0.2179	1.329349129389982	0.12157522054105047	0.1804	1.2149843688581343	0.18931771550453022	-0.0119	1.6005177376792892	1.3201307713858896	0.0008	1.7080976346842855	1.5235744861316542	0.0655	1.647753842337574	1.371196295850158	0.1076	1.436970803821889	1.3262528288002915	-0.01275	1.2542140445609813	1.153709833695692	0.0702	1.0722944546601803	1.0087489937453176	0.1076	1.7363993940030789	1.2326898465549676	-0.01275	1.717870312493802	1.013076235401968	0.0702	1.6631321612079537	0.8504317872928112	0.1076
202	6.752354048964219	1.4243301078421273	0.8844811683713528	0.0301	1.335340562812847	0.9166498277547109	0.0301	1.1953727756184525	0.6267271097160542	0.129	1.0563612296985685	0.293858664187779	0.023	1.0439216043624928	0.17942914629620418	0.2179	0.9951732958306293	0.21016460539710052	0.1804	1.0519658740065498	0.23631498838752504	-0.0119	1.5073135467525867	0.8431319839532696	0.0301	1.3874556301587149	0.5329906461947186	0.129	1.2554561997152616	0.22538594932647976	0.023	1.301250550732604	0.11551665783846103	0.2179	1.3289364955744611	0.12115668637388283	0.1804	1.2154579895182818	0.18947424023713466	-0.0119	1.6013112636131022	1.321820162375564	0.0008	1.7061295736784419	1.5258011134981149	0.0655	1.64402876118988	1.3778153089058311	0.1076	1.4378273836108373	1.3257535385826933	-0.01275	1.2550884018538495	1.151338355484973	0.0702	1.0730956979968858	1.008452066513302	0.1076	1.737363079366383	1.2294076941956662	-0.01275	1.7221452041565415	1.0017274100053046	0.0702	1.6654921499884145	0.8446169296935581	0.1076
203	6.785781544256121	1.4239401713106676	0.8805631847584586	0.0301	1.337362536273827	0.9152544282518307	0.0301	1.1963767670544894	0.6257102116595834	0.129	1.0599052677485252	0.2935581535872714	0.023	1.0464019068461345	0.1785911046106393	0.2179	0.9979475185662809	0.20907472805120156	0.1804	1.0545848169182643	0.23718963835413856	-0.0119	1.5071236526791065	0.8408262710592865	0.0301	1.3868486052861786	0.5329741115978617	0.129	1.2560981673003084	0.22600834636941786	0.023	1.3014153426253505	0.1153249115261199	0.2179	1.3283562950201253	0.12083023106850216	0.1804	1.2157910911211598	0.1897604494781585	-0.0119	1.6013088277162584	1.3220787509554417	0.0008	1.7034668852022588	1.5279698836015758	0.0655	1.636346649330479	1.3828089590384143	0.1076	1.4384796183242603	1.3247056911232358	-0.01275	1.2560505522062881	1.150719601346738	0.0702	1.0742641388794025	1.008635927835611	0.1076	1.736963704166603	1.223741073899373	-0.01275	1.7252210358724307	0.9928356263826815	0.0702	1.6682994588849223	0.8397327963204985	0.1076
204	6.819209039548023	1.42386854020152	0.8772113378350834	0.0301	1.339077458983941	0.9137938515060184	0.0301	1.1962376210392225	0.6241989738914299	0.129	1.061268129185562	0.29431665832305726	0.023	1.0467033509450214	0.17771909253834856	0.2179	0.9981653477195881	0.20914314343027401	0.1804	1.0561264169729785	0.23709059222878795	-0.0119	1.5078595658339347	0.8393693975566419	0.0301	1.3865320648214252	0.5336849675817676	0.129	1.2564762704514072	0.2267167425528888	0.023	1.301432689356952	0.1146592025311442	0.2179	1.328142462156969	0.12088121213771862	0.1804	1.2158141504930795	0.19016727725664356	-0.0119	1.6009506502931279	1.321333190887977	0.0008	1.7000969558581098	1.530160999617927	0.0655	1.6272784546489663	1.3854761825508355	0.1076	1.438332421015788	1.323539224124379	-0.01275	1.2566902074537314	1.1512353758730565	0.0702	1.0752005907599387	1.0089272703259382	0.1076	1.735467050743109	1.2185058304706757	-0.01275	1.727562439666952	0.988689480357006	0.0702	1.6713768174888703	0.8368729834476465	0.1076
205	6.852636534839925	1.4251659984058804	0.8757688730465943	0.0301	1.3406408704650379	0.9110622687415529	0.0301	1.1956371300008846	0.6209500883749172	0.129	1.062409036669406	0.29374283798278555	0.023	1.0449788211301505	0.17748854960714405	0.2179	0.997205487969699	0.2093539273264155	0.1804	1.059710536927067	0.23606515519919255	-0.0119	1.509837013720375	0.8390967268455564	0.0301	1.386817036258965	0.533928363854998	0.129	1.2563462279814128	0.22706721205869532	0.023	1.3011253862809358	0.11443308235441572	0.2179	1.3282761502591285	0.12114208664110049	0.1804	1.215705891751828	0.19022558368996995	-0.0119	1.6002663703458981	1.3205437386641428	0.0008	1.6954684450260133	1.5324590877314401	0.0655	1.619942144229109	1.3866273352671654	0.1076	1.4372139985994408	1.3229086835437067	-0.01275	1.2564773417325146	1.1511524498818275	0.0702	1.0753602809801686	1.0092849107963762	0.1076	1.7335906426227474	1.215403250922177	-0.01275	1.7291475937055776	0.9878991976470872	0.0702	1.6735974418634234	0.8361363385981847	0.1076
206	6.886064030131827	1.4270240518015123	0.8764922774936392	0.0301	1.3422246036165635	0.907495156608098	0.0301	1.196746309405026	0.616381229320955	0.129	1.0651711524814216	0.29238748356441907	0.023	1.0427222585748062	0.1783801495748371	0.2179	0.9962114147194576	0.20925073215453252	0.1804	1.0642017073837138	0.235443911228799	-0.0119	1.511480452492277	0.8391506951683053	0.0301	1.3884144878370963	0.5333859671428958	0.129	1.2562490576458916	0.22704525416881538	0.023	1.3007201842823979	0.1151671831694962	0.2179	1.3284761568966408	0.12126702704162817	0.1804	1.2155419829450198	0.18973848572761762	-0.0119	1.5984866559200865	1.3201889705594119	0.0008	1.6898023004973317	1.5344374995644654	0.0655	1.6156867848619416	1.3855044631653963	0.1076	1.435021313908328	1.322868542837854	-0.01275	1.2558498256292812	1.1498976652296071	0.0702	1.0749804080092251	1.0099740056827375	0.1076	1.7315715513294276	1.21498585112847	-0.01275	1.7290928558168854	0.9885999381447231	0.0702	1.674023382767482	0.836394357235549	0.1076
207	6.919491525423729	1.428930264673976	0.8787484936914868	0.0301	1.3437728579102663	0.9047691619180606	0.0301	1.2004614182214872	0.6129552592259963	0.129	1.0690648035169195	0.2926133967219148	0.023	1.0420474927456493	0.18084394690267788	0.2179	0.9961188348215357	0.2100421196005575	0.1804	1.066639077819501	0.23595700140724443	-0.0119	1.5118580837731752	0.838931350956959	0.0301	1.3910129069787955	0.532487145843613	0.129	1.2569132435406651	0.22698465291644476	0.023	1.3005565675064272	0.11670690167664691	0.2179	1.3286550264812085	0.12161002458001073	0.1804	1.215885816889103	0.18930440619702105	-0.0119	1.5961727665694485	1.3208764170216916	0.0008	1.6837215523537488	1.5359625831061832	0.0655	1.6117677965506632	1.3832465835936831	0.1076	1.4326998332428167	1.3232627370945702	-0.01275	1.2558199986086895	1.1487656885686255	0.0702	1.0749065107061937	1.0115873960244124	0.1076	1.7299806020289044	1.2172826375031536	-0.01275	1.7263030325376858	0.9905835115512506	0.0702	1.6724993712232121	0.8360445413399775	0.1076
208	6.9529190207156315	1.4307633995899687	0.8800987172620793	0.0301	1.3451167414485203	0.9034288351848598	0.0301	1.2046113568963632	0.6116002346340957	0.129	1.0716459519671695	0.2937455867963493	0.023	1.0421998900544804	0.1842060545042419	0.2179	0.9969939595490235	0.21305081199379097	0.1804	1.0680206975450763	0.2361263456398185	-0.0119	1.511781390306208	0.8382414132630849	0.0301	1.3926372826044868	0.5321185970319944	0.129	1.2583659246236227	0.22690724125909395	0.023	1.3001805169457619	0.11842098986984519	0.2179	1.3287221124170618	0.12266586576504147	0.1804	1.2176806906440765	0.18945459991789634	-0.0119	1.5951353408821376	1.3226468533476348	0.0008	1.6766185446922617	1.5378956346157244	0.0655	1.6025915236078654	1.3864085348587354	0.1076	1.4320883195037422	1.3237307778026814	-0.01275	1.2570035119843501	1.1492552988238112	0.0702	1.0755435360573253	1.0139440214600401	0.1076	1.7297152349546054	1.2209200513515235	-0.01275	1.7204660770053821	0.9938108285820666	0.0702	1.6701791669506547	0.8346637313910183	0.1076
209	6.986346516007534	1.4315345317833115	0.8787537861543993	0.0301	1.3462827457602424	0.9032338360414416	0.0301	1.2068725650603902	0.6113664212373677	0.129	1.071399616978308	0.2937405481289044	0.023	1.0406139601417779	0.18677242921569245	0.2179	0.9974814959960941	0.21705450804961757	0.1804	1.0703037538623095	0.23456774053447077	-0.0119	1.5121937393413567	0.8377794905318557	0.0301	1.3919685262802237	0.5329144490130279	0.129	1.259710998111377	0.2264745381045338	0.023	1.2990885330448552	0.12000239509837857	0.2179	1.3285467945358627	0.12392175918038761	0.1804	1.2203957429590007	0.18959233540514647	-0.0119	1.5951235567999418	1.3243973831627158	0.0008	1.6685477508359587	1.5406627942887046	0.0655	1.5873225522574375	1.3978551478964045	0.1076	1.432992393459559	1.3232818336867989	-0.01275	1.258747644720356	1.150674586997355	0.0702	1.0765455096110057	1.0158082772926993	0.1076	1.7293696349693786	1.2237177685314955	-0.01275	1.712669536910952	0.9964011688468971	0.0702	1.6683493682348747	0.833192981138943	0.1076
210	7.019774011299435	1.4308072905279088	0.8766543454763248	0.0301	1.3472402118225189	0.903999769179861	0.0301	1.2073662163065335	0.6113772355400121	0.129	1.0696677200316351	0.2934447587514303	0.023	1.0369401979466255	0.1883693186512043	0.2179	0.9967091497119244	0.21952258950648096	0.1804	1.0720660364416124	0.23225106476004237	-0.0119	1.51284713141081	0.839179769649635	0.0301	1.3901083526387046	0.5347395583702492	0.129	1.260472446344079	0.22615963458321894	0.023	1.2981693888614252	0.12061808593894943	0.2179	1.328322918246683	0.1245005873845428	0.1804	1.2220308608669601	0.18891333442499092	-0.0119	1.5935484133771256	1.32511378649665	0.0008	1.6614848384380025	1.5433174723726804	0.0655	1.5732895080854898	1.4097176264611735	0.1076	1.4328536227671056	1.3221364224940566	-0.01275	1.259507089365409	1.1510706349228768	0.0702	1.077088890432457	1.0161093144844593	0.1076	1.726533047777066	1.224735795034553	-0.01275	1.704934613665499	0.9966965347731729	0.0702	1.6670992122529893	0.8318485475238065	0.1076
211	7.053201506591337	1.4295835099545682	0.8764667589042423	0.0301	1.3476060779763845	0.9052365177555766	0.0301	1.2075275435015747	0.6115477101413991	0.129	1.0690313579625812	0.29453739788541866	0.023	1.0336117389652302	0.19018413935385187	0.2179	0.9956743960565162	0.2201455692411162	0.1804	1.0717473392401846	0.23158464826659503	-0.0119	1.5129065962774608	0.8426145156747431	0.0301	1.388976381091219	0.536564463631191	0.129	1.260940860817141	0.2267424677501622	0.023	1.2982946594836546	0.11917843488963191	0.2179	1.3283386739364673	0.12428018938775551	0.1804	1.2219866646147173	0.18817356512639175	-0.0119	1.5896096520745255	1.325006682242112	0.0008	1.656341398213416	1.5453966032438948	0.0655	1.5681795703642918	1.4142276497225477	0.1076	1.4302215185882823	1.3220209726999552	-0.01275	1.258419173111213	1.1503582985511986	0.0702	1.076732211091532	1.014887632830439	0.1076	1.7218825932271322	1.2239194343759037	-0.01275	1.6990294879799828	0.9958870531124228	0.0702	1.6663578337941354	0.8302885655841815	0.1076
212	7.08662900188324	1.4285325159524613	0.8781479991259581	0.0301	1.3469541979376551	0.9062246502302056	0.0301	1.2080317990246099	0.6118435524839032	0.129	1.070248779303249	0.29634743478797587	0.023	1.032410987832812	0.19213488248937516	0.2179	0.9952810790302729	0.22083176281341335	0.1804	1.0706150443951166	0.23367570041967956	-0.0119	1.5121605838835985	0.8453997577209653	0.0301	1.3891011716811603	0.537386712039605	0.129	1.261129313133307	0.22756791658938574	0.023	1.2988733664520702	0.116778271689993	0.2179	1.32851449736201	0.12340073287695429	0.1804	1.2215532641971254	0.18846185182757774	-0.0119	1.5851765945323149	1.3250134165255076	0.0008	1.6517957333102795	1.5480235365533939	0.0655	1.569678636520795	1.4133204379310669	0.1076	1.4257484407427758	1.3228481302787198	-0.01275	1.2558640452414291	1.14996883201799	0.0702	1.0759241482909676	1.0128442237427189	0.1076	1.7181187427189288	1.2221271765117598	-0.01275	1.6955066029856796	0.9960493776315905	0.0702	1.6660312074823318	0.8289115220446278	0.1076
213	7.120056497175142	1.4272818480823897	0.8795667789200126	0.0301	1.3452003776474284	0.906226684022391	0.0301	1.2084315135527064	0.6116077091566768	0.129	1.071568826500048	0.29718826792961406	0.023	1.0317091032347838	0.19340752911103862	0.2179	0.9947126326750213	0.22279234516513846	0.1804	1.0705053332846142	0.23663291079830495	-0.0119	1.5106937076289781	0.8453162075437793	0.0301	1.3892325493885511	0.5375081629526193	0.129	1.261070387518258	0.22747438982105853	0.023	1.2989959753326585	0.11553036159622342	0.2179	1.3286895363510458	0.12195012588520464	0.1804	1.2214897538005796	0.18919179699396507	-0.0119	1.5813676576717712	1.3256559627044346	0.0008	1.6463670483590436	1.5518670246299917	0.0655	1.5673698528732796	1.4132887593293766	0.1076	1.4203756321692722	1.3228089708648711	-0.01275	1.2525187723403823	1.1503812851788264	0.0702	1.0753506405096256	1.0110789509333937	0.1076	1.7162775731033866	1.2212289929874416	-0.01275	1.6937315879066244	0.9973046672465706	0.0702	1.6653875481285378	0.8278016072741687	0.1076
214	7.153483992467044	1.42543086598454	0.8781549385515502	0.0301	1.342835543125219	0.9051682393090226	0.0301	1.207953583904008	0.6108623515853608	0.129	1.0709007453329846	0.2963141653055894	0.023	1.0290700527598906	0.19444382713229524	0.2179	0.9925694780287964	0.22469269022736443	0.1804	1.07087338194579	0.238132655823783	-0.0119	1.5082570267337205	0.8437386319829528	0.0301	1.3877803728229232	0.5376179098113011	0.129	1.2610138209459196	0.2267627975416017	0.023	1.298435135195991	0.11548019138528631	0.2179	1.3288876036479518	0.12091944409031996	0.1804	1.2215619894133027	0.18942539200415298	-0.0119	1.57749590555992	1.3269405325708248	0.0008	1.6396391185583696	1.555583846808699	0.0655	1.5566788207928346	1.416563861222997	0.1076	1.4146852500439513	1.322037708960124	-0.01275	1.2487091277849656	1.1513416474508318	0.0702	1.0750463592541657	1.0110853536914632	0.1076	1.714777796446837	1.222078822041577	-0.01275	1.6930537429204633	0.9983342894726318	0.0702	1.6642932008015272	0.826747812812107	0.1076
215	7.1869114877589455	1.422763454015829	0.8739069965131318	0.0301	1.3401919071934043	0.9040139579386407	0.0301	1.2062033757659756	0.6105420260904006	0.129	1.068489738929309	0.2942260159664595	0.023	1.0251939133767793	0.1957097087266427	0.2179	0.9893034298737772	0.22464497874418382	0.1804	1.0698730711692719	0.23830623715956098	-0.0119	1.504787737689253	0.8428872671718766	0.0301	1.3850008743304691	0.5373787424981681	0.129	1.2608864306295076	0.2265541920135944	0.023	1.297389798365043	0.11576665954842111	0.2179	1.3289161038034838	0.1215327461759254	0.1804	1.2217646690043753	0.1894546833833517	-0.0119	1.5728871336515822	1.3288596205759517	0.0008	1.6322816810745397	1.557589343369527	0.0655	1.5434845757820654	1.4211221823520228	0.1076	1.409087824363878	1.3223573116037644	-0.01275	1.2445261290007334	1.1530771196435343	0.0702	1.07422612123139	1.0129777584121011	0.1076	1.7115210529297822	1.225042897629121	-0.01275	1.6928751073587618	0.999411894137729	0.0702	1.663517093699184	0.8262302880871883	0.1076
216	7.220338983050848	1.4191218351424306	0.870711999922941	0.0301	1.3366740284191947	0.9026094294114297	0.0301	1.2037355070173363	0.6098335972076582	0.129	1.0667453775305002	0.292094396731472	0.023	1.0225675020309721	0.19600456975842753	0.2179	0.9872453622381944	0.22356074962782982	0.1804	1.0682599135467041	0.2382578146606838	-0.0119	1.5007129633719383	0.8422537642374567	0.0301	1.3828019566535172	0.5365340249055504	0.129	1.2607366426624045	0.22710914692184014	0.023	1.296226667397902	0.11652985092771703	0.2179	1.3283474477952015	0.12333324878519693	0.1804	1.2222633969545897	0.18981212663343822	-0.0119	1.5674551883600414	1.3314074498841215	0.0008	1.6254254467623759	1.5582750412598623	0.0655	1.5335291321011855	1.4252920663888258	0.1076	1.4034462085465282	1.324222835708504	-0.01275	1.239917433199824	1.1556101978164346	0.0702	1.0729048848304155	1.0153820803121116	0.1076	1.706630697727991	1.2304813034781872	-0.01275	1.6923014531242144	1.0031724610234747	0.0702	1.6632234076503234	0.8262682397219566	0.1076
217	7.25376647834275	1.4147361327139243	0.8713610414607244	0.0301	1.3321567052385193	0.8999568487797879	0.0301	1.20171508757857	0.607469645753595	0.129	1.0669190426639796	0.2907691603263285	0.023	1.0221086765302925	0.1942131916076998	0.2179	0.9868168394214666	0.22333710427731446	0.1804	1.0683085519110145	0.2383922547140806	-0.0119	1.4967886857021149	0.8408339524695149	0.0301	1.381862021055958	0.5357732405973766	0.129	1.260545961184392	0.22781229892749089	0.023	1.2954562071249691	0.11772422587227799	0.2179	1.32736216028227	0.12470603040475278	0.1804	1.222543824953845	0.19027130753313767	-0.0119	1.5611672665615424	1.3341296986823066	0.0008	1.619203166541995	1.5593362710567324	0.0655	1.5274260345400357	1.4292209344250906	0.1076	1.3970751659804572	1.3262624613216798	-0.01275	1.2344984965708559	1.1579296693448171	0.0702	1.0722618543551021	1.017537974495852	0.1076	1.701157175550309	1.2364567252895793	-0.01275	1.6909732813265068	1.0097891599141366	0.0702	1.6627113813689889	0.8264120635321459	0.1076
218	7.287193973634652	1.4100504725674197	0.8737380045751507	0.0301	1.327735079956498	0.8971267658740746	0.0301	1.199892474682266	0.6053704332776582	0.129	1.0677662076731849	0.2904707192818219	0.023	1.0226926157383434	0.1916081894225012	0.2179	0.9856700322259182	0.2234340939199907	0.1804	1.0694169942772709	0.23832746661468357	-0.0119	1.4934092263313152	0.8399004172088317	0.0301	1.3810525504629452	0.5355309793647495	0.129	1.2600993750987157	0.22820875295723453	0.023	1.295290009388444	0.11859827091148419	0.2179	1.3267030334132717	0.12495625431208576	0.1804	1.221933254250266	0.19039867977863814	-0.0119	1.55386794490899	1.3361990959722927	0.0008	1.6123717901733408	1.5616244313737662	0.0655	1.5254132461684473	1.4322983248875045	0.1076	1.3895823044252857	1.327135553953883	-0.01275	1.2276972814234999	1.159002898723975	0.0702	1.072046658885007	1.0191286621628948	0.1076	1.694303983784217	1.241037642104408	-0.01275	1.688537824402526	1.0153880383185971	0.0702	1.6613899999718211	0.8269291140308718	0.1076
219	7.3206214689265545	1.4055066100729914	0.8750326502501308	0.0301	1.323756646421399	0.8959662019009071	0.0301	1.1965779926755422	0.6056717135121873	0.129	1.067593026140404	0.2908112460712628	0.023	1.0229218108805742	0.19033803191846793	0.2179	0.9830315480671089	0.22285619024856476	0.1804	1.0694637805432228	0.23704845995384186	-0.0119	1.4900650837151344	0.8406723477722865	0.0301	1.3797195059423824	0.5353387380366724	0.129	1.2599776408399972	0.2283713736099292	0.023	1.2952648015909471	0.11900523559944506	0.2179	1.3265833278134038	0.1247997610298117	0.1804	1.2210781533314785	0.1902891830467699	-0.0119	1.545447088323728	1.337943120338422	0.0008	1.60417234388413	1.5649109464477977	0.0655	1.526681425485263	1.4339148484594653	0.1076	1.3811714025298314	1.326874326319173	-0.01275	1.2196609679500359	1.1590552915978456	0.0702	1.0706306161131973	1.0198642078436235	0.1076	1.6857215952590041	1.2452680498830626	-0.01275	1.6839037008910025	1.0180856172018196	0.0702	1.6594487316930562	0.8279220142188715	0.1076
220	7.354048964218456	1.4016116838181107	0.8755236037928584	0.0301	1.3195026513331156	0.8966877202503934	0.0301	1.191962751701993	0.6070053665774152	0.129	1.0660157959190624	0.2907446477276715	0.023	1.022754972509821	0.19021644119419864	0.2179	0.9809494043722384	0.2220128380582448	0.1804	1.0686918640432814	0.23477769898281428	-0.0119	1.4864801979704272	0.8427288461945247	0.0301	1.378345811361188	0.5344331054756509	0.129	1.2607889417083287	0.22850417892873842	0.023	1.2949741208924699	0.11935797939337295	0.2179	1.3266839136000328	0.12502392215865188	0.1804	1.221188195135684	0.19044304083036118	-0.0119	1.5365235064957221	1.3412615639462528	0.0008	1.5950574070029078	1.5691751242324692	0.0655	1.526528724626519	1.4356436802712196	0.1076	1.3721567642007146	1.3265800789468625	-0.01275	1.2114607321892237	1.1590584095239451	0.0702	1.0677131909638675	1.02021695915969	0.1076	1.677742660800035	1.2499961784894464	-0.01275	1.6771881609642012	1.0198942650978406	0.0702	1.6579474335032316	0.8287772254526028	0.1076
221	7.387476459510358	1.3985786365591435	0.8763103848807275	0.0301	1.3152082987506661	0.8983306519854914	0.0301	1.188237459037019	0.6073578422475573	0.129	1.06436142872008	0.28960443138040587	0.023	1.0227894223661573	0.18967397118094362	0.2179	0.9804742908955206	0.22097568173135887	0.1804	1.068963424783507	0.23343819781897537	-0.0119	1.4832073569300297	0.8455970117753545	0.0301	1.377740392389185	0.5331665276613644	0.129	1.2618358515855816	0.22859663446518796	0.023	1.2949348043533162	0.11943027087615327	0.2179	1.3269697287651927	0.12538252437523986	0.1804	1.2217940646538858	0.1909080737306116	-0.0119	1.5280047357032207	1.3464825156928832	0.0008	1.5848312460166072	1.5745491086187304	0.0655	1.5214697538938982	1.4387651432759	0.1076	1.3628000605260264	1.3272954356087294	-0.01275	1.2038425986129058	1.159539555139239	0.0702	1.0644169205618719	1.020504185406568	0.1076	1.671896328199936	1.2547508122270723	-0.01275	1.6708566203451178	1.0225734937845181	0.0702	1.6576709737307034	0.8291482067687962	0.1076
222	7.42090395480226	1.3961713136795346	0.8770834850045658	0.0301	1.3121120601399303	0.8998074380645799	0.0301	1.185969664233444	0.6069400034898029	0.129	1.0639381004748765	0.2881151542838808	0.023	1.0229166555065883	0.18892838145717958	0.2179	0.9804141067235849	0.21958921057946784	0.1804	1.0702691827132151	0.23388075943314943	-0.0119	1.4806764072046519	0.8488362955786203	0.0301	1.3783668100438098	0.5329096417354567	0.129	1.2622174429909474	0.22850522878490187	0.023	1.295827599545184	0.11847066471194641	0.2179	1.327686283047217	0.12517226437508827	0.1804	1.221260662310624	0.19094967591096476	-0.0119	1.5197363919586055	1.3510722249564235	0.0008	1.5725829645645453	1.5805694527717191	0.0655	1.5118827569168973	1.4426012482751145	0.1076	1.3535624417202128	1.3292851480005858	-0.01275	1.1965585419985385	1.1604820276108472	0.0702	1.06200779295412	1.0204369105705726	0.1076	1.6663381526107663	1.2600207789560087	-0.01275	1.6671246646466866	1.025790529957983	0.0702	1.6579604703166924	0.8292668400285298	0.1076
223	7.454331450094163	1.3936009441324837	0.8769888281029597	0.0301	1.3099822570965387	0.9005324471759072	0.0301	1.1837079129285988	0.6063344532816551	0.129	1.0640965646798841	0.2872642018837272	0.023	1.0227173162506078	0.18861901545876597	0.2179	0.9799116746581518	0.21849329631063302	0.1804	1.0707528542004316	0.23494856197813796	-0.0119	1.4786946652895208	0.8512806970021586	0.0301	1.3799605298182334	0.5330799472107517	0.129	1.2623252234589106	0.22826504549447843	0.023	1.29686618129852	0.11666208139378528	0.2179	1.3285670715907745	0.12431302212291041	0.1804	1.219697744630503	0.19034183848386604	-0.0119	1.5114490897001798	1.35379760312418	0.0008	1.5593789084723764	1.5864126158687524	0.0655	1.4987646228917533	1.4470145120860223	0.1076	1.3447038987182338	1.3322742311672613	-0.01275	1.1895890407920158	1.1618844786625147	0.0702	1.0609785628137989	1.0207035042365193	0.1076	1.6594646467095058	1.2659563402835876	-0.01275	1.6650950836937415	1.028154958221136	0.0702	1.6577589770029677	0.8293668885073655	0.1076
224	7.487758945386064	1.3897208144550597	0.8764348111680864	0.0301	1.3061443753038229	0.9004241193045862	0.0301	1.180517418305996	0.6047521343954763	0.129	1.0638909759829807	0.2869341535695985	0.023	1.0218340103833374	0.18739906879227106	0.2179	0.979118822622306	0.21789197158366963	0.1804	1.0702405563017463	0.2352446054920918	-0.0119	1.4768862277024553	0.8520171139469186	0.0301	1.3824773738232956	0.531696100312983	0.129	1.2630354166886038	0.22832308274112753	0.023	1.2964371888091244	0.1155278337218286	0.2179	1.3287614457942323	0.12341547144164723	0.1804	1.2192182245396492	0.19059094919788128	-0.0119	1.5043080101813493	1.3569846954275273	0.0008	1.5482317234453846	1.5912657196208098	0.0655	1.4854431831890567	1.4527051836091356	0.1076	1.3360654045343854	1.335884948825569	-0.01275	1.1839616367305863	1.1635721929453486	0.0702	1.0598229520461184	1.022362159386068	0.1076	1.6531560502788836	1.271157337738029	-0.01275	1.66217749176326	1.029298068709242	0.0702	1.6570123609375527	0.8293711713299747	0.1076
225	7.521186440677966	1.3848496995796058	0.8773898038834054	0.0301	1.2994516501537312	0.9001470701870765	0.0301	1.1767602385455604	0.6022548599654343	0.129	1.0634904736537183	0.286608809830261	0.023	1.0203302796051834	0.18440852709802985	0.2179	0.9785319882848202	0.21699805084641544	0.1804	1.0700135405136377	0.23447046510164157	-0.0119	1.4753047427356711	0.852291573433705	0.0301	1.386722740613825	0.5300637746801032	0.129	1.2642613339383273	0.22976162307742792	0.023	1.2948048124914375	0.11602372381771878	0.2179	1.3281662318926564	0.12337768128034758	0.1804	1.220205310538429	0.19387786535491527	-0.0119	1.4990576136012903	1.3627562862397997	0.0008	1.5401704886886263	1.5949452508518631	0.0655	1.4767554325302563	1.4594580339575678	0.1076	1.327920369605801	1.3394321678986991	-0.01275	1.1799589919693234	1.1648908904567692	0.0702	1.0560129845084552	1.0245468285680535	0.1076	1.649388279362711	1.2750974030916413	-0.01275	1.65782102048992	1.0306669695625408	0.0702	1.6560006550769886	0.829029332650453	0.1076
226	7.5546139359698685	1.3809258249072367	0.8810720390783793	0.0301	1.2932718359602855	0.9018970115077117	0.0301	1.17330293829136	0.6011412099372098	0.129	1.0630417360342765	0.2863756060521185	0.023	1.0191570405276833	0.18162878797053775	0.2179	0.9788972088306327	0.21559568289048314	0.1804	1.0699886653781439	0.23333158575134083	-0.0119	1.4740926089646171	0.8551972261813954	0.0301	1.39322106578009	0.53163845934378	0.129	1.265405171773076	0.23409049918477184	0.023	1.2939650802341192	0.11744151938048146	0.2179	1.3278158415389965	0.12482287275278046	0.1804	1.2206146934841304	0.2007453390059918	-0.0119	1.494127946701712	1.3696835437117616	0.0008	1.5329966537959219	1.5984626384986698	0.0655	1.471594915537673	1.4663249858163452	0.1076	1.3210225715799546	1.3420513423656386	-0.01275	1.1759187415185042	1.1658106958178627	0.0702	1.0490366886896356	1.025955009969574	0.1076	1.6467301193319983	1.2784400104268099	-0.01275	1.653528090337131	1.0326972253179305	0.0702	1.6546974521678737	0.8281447915582911	0.1076
227	7.588041431261771	1.3785471821029547	0.8860225839172008	0.0301	1.2904123307891968	0.90644407144522	0.0301	1.1708608526324553	0.6025747559551948	0.129	1.0625893257078924	0.28658512788125	0.023	1.0188075024238088	0.18081766034808547	0.2179	0.9797535986607026	0.2144745207105432	0.1804	1.0696210119871814	0.23266113823250736	-0.0119	1.4727156400966441	0.8608875258494163	0.0301	1.400897729035278	0.5358366335585272	0.129	1.2660646215015572	0.2410415671765874	0.023	1.293983350634141	0.11835118935446662	0.2179	1.3280885795337862	0.12664064783528614	0.1804	1.219905569033601	0.20903512667243146	-0.0119	1.4882747037646884	1.3749885884633162	0.0008	1.525310635127537	1.6025431537263555	0.0655	1.4648209215431367	1.4724411895121166	0.1076	1.3155622098325432	1.3434924151673258	-0.01275	1.1705830696319273	1.1671332047623253	0.0702	1.0409625165191019	1.0268886980471135	0.1076	1.6428685559586302	1.280785004148253	-0.01275	1.6501455005106684	1.033689844769277	0.0702	1.6534546538527068	0.8270840646025126	0.1076
228	7.621468926553673	1.3763152543357544	0.8896600350571854	0.0301	1.288799357251225	0.90975726260823	0.0301	1.1693513269417721	0.6047432832426568	0.129	1.0623483199492347	0.28716952252955785	0.023	1.0184041938758286	0.18029576482450907	0.2179	0.9795464579923389	0.2135191283551388	0.1804	1.0693833863501252	0.23309410074182832	-0.0119	1.4702705090198764	0.8646209499527517	0.0301	1.4069913061020278	0.5383051957793872	0.129	1.2658430101446496	0.24633655878946434	0.023	1.2916513303715862	0.1167843747538464	0.2179	1.3276714056142147	0.12556914802848898	0.1804	1.2191619336250603	0.21486541416060803	-0.0119	1.4828660892637389	1.3781639525343743	0.0008	1.5189333495209207	1.6062643254830538	0.0655	1.4554436251729177	1.4774980590274143	0.1076	1.3110035594948315	1.3442453956379086	-0.01275	1.164963058506234	1.168593873276635	0.0702	1.0341816653956226	1.0271874625536261	0.1076	1.6377198251836071	1.2815057093368898	-0.01275	1.64735456974558	1.033191219435213	0.0702	1.6527107078347838	0.8267042542781963	0.1076
229	7.654896421845574	1.3736206158552746	0.8909773559462123	0.0301	1.28605452052277	0.9086756332757079	0.0301	1.1680186639232397	0.605443810853661	0.129	1.062267264214432	0.28738974035836967	0.023	1.0172252023477966	0.1782083616560922	0.2179	0.9784443121349844	0.2118216563092249	0.1804	1.069703989068101	0.2343748972088869	-0.0119	1.4669625722547008	0.8634603276257901	0.0301	1.409431512428598	0.537083403271934	0.129	1.2646165048760212	0.24496557038937897	0.023	1.2848232061923506	0.1111039516597588	0.2179	1.3249619201488525	0.11915587157061837	0.1804	1.2181181015283524	0.2147846797972482	-0.0119	1.4795475393371076	1.3802036057263256	0.0008	1.5155063063917604	1.6089269354771363	0.0655	1.4462664237338965	1.481805454545976	0.1076	1.3071004918788383	1.3447784057741778	-0.01275	1.16058448125782	1.1689289500487154	0.0702	1.0296528177665596	1.0259689241957992	0.1076	1.632790966467313	1.2813981240218908	-0.01275	1.644999983511784	1.0325368421995622	0.0702	1.6522933746254447	0.8271870924070874	0.1076
230	7.688323917137477	1.371924845724764	0.8906806458403548	0.0301	1.2834773627193499	0.9060884187375664	0.0301	1.1669492988859758	0.6042158210779831	0.129	1.0621859031318652	0.2866877827345774	0.023	1.0160520986739732	0.1765493893437522	0.2179	0.9780664093909395	0.2100673666694784	0.1804	1.0700128331742298	0.2348129380003572	-0.0119	1.4646324440575786	0.8605882918603247	0.0301	1.409111172460526	0.5345301585688059	0.129	1.262529027532233	0.2366866173743334	0.023	1.276626966565028	0.1017671827790757	0.2179	1.3199889368020157	0.10833835392997272	0.1804	1.2155420518386706	0.2076242645589681	-0.0119	1.477944219112943	1.3812507740896096	0.0008	1.513748109237197	1.611152344741464	0.0655	1.4405595154650834	1.4846288062606072	0.1076	1.3040807386319577	1.3449412090184834	-0.01275	1.1575927649193138	1.1681119086118856	0.0702	1.0270224456153318	1.02419172946944	0.1076	1.629484642874341	1.2814805560719187	-0.01275	1.6435709519133157	1.032293202406468	0.0702	1.6519266437561626	0.8278071817704327	0.1076
231	7.721751412429379	1.3721424313739012	0.8896958918146424	0.0301	1.2826010175252784	0.9050796071483453	0.0301	1.1667626052962323	0.6026222274990045	0.129	1.0620988840372017	0.28587189401625474	0.023	1.0162680305347225	0.17804029798773122	0.2179	0.9787203208769343	0.2098811767850945	0.1804	1.0693389060302236	0.23343205316157553	-0.0119	1.4644576220043355	0.8600026977393237	0.0301	1.407878631826519	0.5333051207938274	0.129	1.2595836202527384	0.22432833833902385	0.023	1.2717327614946128	0.08991584305490066	0.2179	1.3145691392288912	0.09502152756850872	0.1804	1.211298988837709	0.19423453564663995	-0.0119	1.4768479727032302	1.3813743051317342	0.0008	1.511891503475287	1.6130490194945848	0.0655	1.439877131154642	1.484248058116829	0.1076	1.3019848397449212	1.3446427641164405	-0.01275	1.1551097075718353	1.1673001153057248	0.0702	1.0251329342335864	1.0235760108025247	0.1076	1.6283580046539097	1.2822089834583146	-0.01275	1.643635391311784	1.0325166441095868	0.0702	1.6515260811476438	0.8279561122950654	0.1076
232	7.755178907721281	1.3725708486463433	0.8880988160227719	0.0301	1.2822676167698137	0.904032598514967	0.0301	1.1663575979815182	0.60228933933103	0.129	1.0622575957201723	0.28585054061156523	0.023	1.0177951258695308	0.1814777573704323	0.2179	0.9794240351859783	0.21097405557716314	0.1804	1.0678842570999507	0.2307753167613667	-0.0119	1.4650421028236196	0.8606668312400734	0.0301	1.4052919271819495	0.5327329063330531	0.129	1.2561761426905849	0.20859415455404132	0.023	1.2702815824569498	0.07562872313286094	0.2179	1.3106418788164014	0.07910753291347741	0.1804	1.2073047919226596	0.1753319443840836	-0.0119	1.4759409968199086	1.3814057202559118	0.0008	1.5097021452792039	1.6141521098678937	0.0655	1.4406335050203793	1.481747074412523	0.1076	1.3007032078334633	1.3445768215926723	-0.01275	1.1526180257769532	1.167070332482306	0.0702	1.0222296255252554	1.0236915136596918	0.1076	1.628879229674978	1.2838111280945896	-0.01275	1.6452571406646337	1.033355155134639	0.0702	1.6510361490691432	0.8278963155281059	0.1076
233	7.788606403013183	1.3718130152151808	0.8850961938812665	0.0301	1.2813769000093442	0.9004681089562919	0.0301	1.1646033631584034	0.6023341716967661	0.129	1.0629041375960642	0.2859555486980543	0.023	1.0189714896571551	0.18357373189670997	0.2179	0.9795368481569006	0.21124662097522023	0.1804	1.0669850804546166	0.22699649230143434	-0.0119	1.4645744563845877	0.8584705386045692	0.0301	1.3995464095425016	0.5303086554599521	0.129	1.2535963673607862	0.18939953074865165	0.023	1.2701853077842198	0.059646185027541265	0.2179	1.3092047954526882	0.06100931784137647	0.1804	1.2059554909519912	0.15158369993870804	-0.0119	1.4753785465042653	1.381163796869263	0.0008	1.5072495967850879	1.6146080294197682	0.0655	1.4378844162246869	1.4804462229156428	0.1076	1.3000254971895386	1.345130547091597	-0.01275	1.1503995508409826	1.1666048363286219	0.0702	1.0173682639872732	1.0223212376394804	0.1076	1.6297807359557357	1.2857415178549798	-0.01275	1.647859025492753	1.0339737287386357	0.0702	1.6505652788787484	0.828809755285053	0.1076
234	7.822033898305085	1.3711621438319255	0.8811547812385968	0.0301	1.281070889273311	0.8958047896264438	0.0301	1.163408894821912	0.6013211365222968	0.129	1.0638314735235943	0.28534509077550957	0.023	1.0189387937320116	0.18349362595720403	0.2179	0.9791834893045568	0.21005280946055072	0.1804	1.0667746838109708	0.22300765300577743	-0.0119	1.4635673076432578	0.8532278578072962	0.0301	1.3905761567528228	0.5253191191006273	0.129	1.2527161137425764	0.16928820974184502	0.023	1.2714519989265605	0.04432664896910922	0.2179	1.3098403083550656	0.04393979070186332	0.1804	1.207024868040601	0.12586512072152117	-0.0119	1.47507585330487	1.379136154077314	0.0008	1.5045802003042978	1.6146274106393983	0.0655	1.432502197214604	1.4807192737730113	0.1076	1.2995985596454327	1.345704258983045	-0.01275	1.1484580372701363	1.164565105522321	0.0702	1.0119464904976994	1.0186415398597761	0.1076	1.6302257657068482	1.286892739562717	-0.01275	1.650765274943798	1.0329321127042648	0.0702	1.6507463001204306	0.8308747568366469	0.1076
235	7.855461393596987	1.3715396306603633	0.8781767733756024	0.0301	1.2819706175998404	0.8929392950729279	0.0301	1.1646334080358596	0.6001390020124666	0.129	1.064752748976538	0.2847272665789776	0.023	1.0186931014131653	0.1826742266223969	0.2179	0.9788112115041062	0.20910726532043653	0.1804	1.0664216128235005	0.2218270847886941	-0.0119	1.4632556158999601	0.8487307094991775	0.0301	1.3803330435827894	0.5192752749254583	0.129	1.2523941679388595	0.15155489345627518	0.023	1.2742655699203629	0.03202551096884152	0.2179	1.3109406147753806	0.031121344208792902	0.1804	1.2083544806719608	0.10266323908011825	-0.0119	1.475141855396769	1.3753027715831687	0.0008	1.5024355007154826	1.6142603386443684	0.0655	1.428525356847568	1.4799011027589533	0.1076	1.2991688685280214	1.3458298923586693	-0.01275	1.1468050472625524	1.1613150662394087	0.0702	1.0083634723528898	1.014580388716649	0.1076	1.6308128770388834	1.2865321555950708	-0.01275	1.653644814372483	1.029865969842879	0.0702	1.6520820658850603	0.8320276576787357	0.1076
236	7.888888888888889	1.3714781363186166	0.8755830864989248	0.0301	1.2818248959547602	0.8905424681226105	0.0301	1.1667297295632417	0.5998477127270587	0.129	1.06542585142456	0.28576636711000974	0.023	1.0192547735514563	0.1823505510045329	0.2179	0.9789048961019964	0.20946995225064685	0.1804	1.0665110877585582	0.22513624284617173	-0.0119	1.463072154586562	0.845454532054754	0.0301	1.3712085190412375	0.5141768198599365	0.129	1.2510244151995926	0.13789254114786575	0.023	1.2777494393021183	0.023977442124986998	0.2179	1.311828823762544	0.02374454913972125	0.1804	1.2088265420945838	0.08568799385941485	-0.0119	1.4757797944980728	1.372377555330692	0.0008	1.5019103873886357	1.6138550603163935	0.0655	1.4275503114954577	1.4768344491540515	0.1076	1.298712632514176	1.3454251759914102	-0.01275	1.146111551808983	1.1581535745009728	0.0702	1.0067957506274015	1.0118620761972654	0.1076	1.6325690831172246	1.2841745181868631	-0.01275	1.656537100537869	1.0259197768443455	0.0702	1.6536968748799896	0.8317702369072907	0.1076
237	7.9223163841807915	1.370207213444969	0.8707853042989802	0.0301	1.278878774469317	0.8856908023134238	0.0301	1.1678157330233987	0.5995529131991527	0.129	1.0658464294413827	0.2891835982575741	0.023	1.020192388276698	0.1829423519143244	0.2179	0.979759533500328	0.21019110463441534	0.1804	1.0680278622706927	0.23047307370109624	-0.0119	1.4623325697284666	0.840786823026544	0.0301	1.3650565187093175	0.5113770240949296	0.129	1.2488660769683766	0.12829847777433354	0.023	1.2799940630073985	0.01916222920534409	0.2179	1.3122691003921563	0.019751682432128236	0.1804	1.2081487269907547	0.07581063890155619	-0.0119	1.4768733162243	1.3719350401051624	0.0008	1.5042035708240071	1.6137427603627768	0.0655	1.4291304378251064	1.4738146655853526	0.1076	1.2988422464014115	1.3440546663933064	-0.01275	1.1462967202615435	1.1547791314352247	0.0702	1.0057253266778354	1.0101794510568878	0.1076	1.6352043499796773	1.280129434553552	-0.01275	1.6599932033660556	1.0227418096492837	0.0702	1.6545897609217395	0.8325739089245024	0.1076
238	7.955743879472694	1.3694402275151372	0.8639995850872829	0.0301	1.2753741457037022	0.8802461034781062	0.0301	1.1678284052561885	0.597679479255986	0.129	1.0662764065490722	0.2935456878665053	0.023	1.0202813851041999	0.18313410002616906	0.2179	0.9810348167893261	0.21028592338603017	0.1804	1.0703618043852252	0.23427776122316632	-0.0119	1.4621491332003569	0.8352315656206533	0.0301	1.3622363936348412	0.5105364728169092	0.129	1.2467585384428646	0.12076203540746094	0.023	1.276501639137136	0.013953255272975508	0.2179	1.3104158809066588	0.013439407209273384	0.1804	1.2060291767130238	0.06991049115440132	-0.0119	1.4789382413895922	1.3714438037742562	0.0008	1.5101228101952444	1.6133659626869532	0.0655	1.433430450730345	1.4723773322833067	0.1076	1.3004638702210713	1.341477465547129	-0.01275	1.146379907538998	1.1506794301487107	0.0702	1.0055996688257365	1.009021070117545	0.1076	1.638402914112409	1.2762278790333066	-0.01275	1.6647922025508375	1.0214223044441813	0.0702	1.655086216409282	0.8349539881592815	0.1076
239	7.989171374764595	1.3701461801963384	0.8578866442557552	0.0301	1.2742551265395254	0.8773645427517661	0.0301	1.1668192248021692	0.5934296759659048	0.129	1.06638310356314	0.2965539899132424	0.023	1.0189322035777844	0.18078433602878782	0.2179	0.981995199814703	0.20999393013744277	0.1804	1.0721791211966951	0.23684625878616056	-0.0119	1.4630522289223864	0.8305594332540956	0.0301	1.3611055523178481	0.5084001145737721	0.129	1.2442078887608554	0.11251326544384078	0.023	1.2644017107704515	0.005019275688823721	0.2179	1.3047923891462507	0.0012251132761670787	0.1804	1.202669880808947	0.06335228068934731	-0.0119	1.4833417257110575	1.3683917708499043	0.0008	1.5191045051680354	1.6112625330214627	0.0655	1.4422417371310865	1.4694383017024282	0.1076	1.3033452960230816	1.3385163863870049	-0.01275	1.1459466115507013	1.1466222243016195	0.0702	1.007699941349146	1.00833930829124	0.1076	1.6433050585322644	1.273686774416408	-0.01275	1.6717379035781343	1.0214765848295357	0.0702	1.6559385501622221	0.8367740066969163	0.1076
240	8.022598870056498	1.3708113903696035	0.8533469650283085	0.0301	1.2749633169870112	0.874907765500378	0.0301	1.1654907060439683	0.5880847253617895	0.129	1.0663115541886978	0.2972684429666066	0.023	1.0170177993304177	0.17684830703320753	0.2179	0.9821490668131097	0.20992425883080165	0.1804	1.0733461365878028	0.2415954787541149	-0.0119	1.463597362639514	0.8247536914885141	0.0301	1.3594117856264303	0.5009971563797501	0.129	1.2403760502973484	0.10294798025842733	0.023	1.2484446592531444	-0.008239751504795261	0.2179	1.2966179681558159	-0.014504181541756722	0.1804	1.198442442700266	0.05428531771305147	-0.0119	1.4901276733849047	1.3640302231769288	0.0008	1.5297027382935713	1.6069807994197216	0.0655	1.4562102160424002	1.462408894230476	0.1076	1.306380851261842	1.3364568123006069	-0.01275	1.1458139338308737	1.143616160164845	0.0702	1.0107391197246673	1.0079483095219517	0.1076	1.6506335538029644	1.271254254106663	-0.01275	1.6814758784027257	1.0206924648891083	0.0702	1.657980779150182	0.8370302432097193	0.1076
241	8.0560263653484	1.3709943074143682	0.8493394914737045	0.0301	1.275615153451377	0.8702204207383448	0.0301	1.1658111718450337	0.5844880630153759	0.129	1.06715343785368	0.29662831072194334	0.023	1.0158038325972727	0.17445649135622826	0.2179	0.9814482964050659	0.21006434947850688	0.1804	1.0750278826164499	0.24939536476698795	-0.0119	1.4637725176495295	0.8166299585412825	0.0301	1.357287545871961	0.4896379955275288	0.129	1.2356046987384302	0.09413553015146908	0.023	1.2369281110407917	-0.023452289222340335	0.2179	1.2890167024532682	-0.02937832099577092	0.1804	1.1939370288437936	0.04552903804851236	-0.0119	1.4977061321993346	1.360685176994922	0.0008	1.5412659905440775	1.6020064080925809	0.0655	1.472426146333978	1.4537744335679135	0.1076	1.309843521753489	1.3357897746527105	-0.01275	1.1475611146148137	1.142501379912348	0.0702	1.0125811842021832	1.0078042542618855	0.1076	1.6595718694386554	1.2676064679341528	-0.01275	1.693290594289565	1.0176088045618554	0.0702	1.6615553184032765	0.835906314778795	0.1076
242	8.089453860640301	1.3726006492528602	0.8456745518125245	0.0301	1.2763925186014873	0.866111671390578	0.0301	1.1679302549833703	0.5836488705927617	0.129	1.0684798819909942	0.29657799686622105	0.023	1.0153679110776064	0.17428394557804266	0.2179	0.9803635760367466	0.20998254791996926	0.1804	1.0773894052042245	0.25754886884324835	-0.0119	1.4659926284572988	0.8100974798822577	0.0301	1.3574175932588974	0.48069418212251186	0.129	1.2312165186022594	0.08771264207674032	0.023	1.2329685688579937	-0.036225570696576184	0.2179	1.2842700507035203	-0.04021410641988455	0.1804	1.1901969206593868	0.041106043482775585	-0.0119	1.5056565787549083	1.3585338452813809	0.0008	1.554412273403704	1.5982464558221574	0.0655	1.4877781108001527	1.446653325931045	0.1076	1.315825481811853	1.336231584296865	-0.01275	1.1519900956717473	1.1433640654942516	0.0702	1.0131676157543688	1.0078733833997027	0.1076	1.6688565884372453	1.2634441132690604	-0.01275	1.704970557084056	1.0135517912699632	0.0702	1.6652004966849558	0.8337916322767226	0.1076
243	8.122881355932204	1.3762501450400453	0.8429049489441945	0.0301	1.2784505090133014	0.8648394053079358	0.0301	1.1695140962877006	0.5836380460997669	0.129	1.0684505468677137	0.2984092892466548	0.023	1.0152599779248235	0.17509195739658395	0.2179	0.9792501372988575	0.2099276969352697	0.1804	1.0788118489872869	0.2639007238818437	-0.0119	1.4707728837298046	0.807170165070451	0.0301	1.3607721531638315	0.4769526608134556	0.129	1.2285731489504002	0.08332045594215286	0.023	1.233289132101921	-0.043620945392154914	0.2179	1.2820603108321735	-0.04577665104607775	0.1804	1.1877033755845456	0.04074182307677053	-0.0119	1.5150335114981957	1.356841698853704	0.0008	1.5695832818848783	1.5967502239844933	0.0655	1.501534664554082	1.4417208956523946	0.1076	1.3252252012493004	1.3377887295126623	-0.01275	1.1581847467463722	1.1448728454416295	0.0702	1.0138620838432164	1.0078460956564088	0.1076	1.6776755649911828	1.25967420310855	-0.01275	1.7146698632289754	1.0101014798714236	0.0702	1.667034712073896	0.8321020269389573	0.1076
244	8.156308851224106	1.381044213652408	0.8417478347785052	0.0301	1.2823051700743264	0.864726763624574	0.0301	1.1695164063771577	0.5822356354728812	0.129	1.0666121496931948	0.3013334712012463	0.023	1.0152002025156008	0.17598489018640154	0.2179	0.9774148702812601	0.21048826656380631	0.1804	1.0783446378476609	0.2678677288263583	-0.0119	1.4760144895231087	0.8058609011018175	0.0301	1.3653749090788947	0.47551089062780194	0.129	1.2282970804707287	0.08088413317109718	0.023	1.2337665933029296	-0.04635142740650255	0.2179	1.281204534412469	-0.04734586343259961	0.1804	1.186098633780171	0.040863454297263235	-0.0119	1.5257926467421477	1.3567102342246096	0.0008	1.5859267828111059	1.597320344357223	0.0655	1.5140335390828523	1.4392765980914881	0.1076	1.3363010350444329	1.3402873656588248	-0.01275	1.1640902386244627	1.1456081739805386	0.0702	1.0154213709595281	1.0076328668523098	0.1076	1.686236970398703	1.2562329296280266	-0.01275	1.722309229467946	1.0067628479080184	0.0702	1.667233370624588	0.8320884891109581	0.1076
245	8.189736346516009	1.3869753857038882	0.8436390067206154	0.0301	1.2881171156121765	0.8661604053735402	0.0301	1.1690257789463028	0.5798714365752446	0.129	1.0643294732209623	0.30367922612753195	0.023	1.014633746963096	0.17599663078325156	0.2179	0.974259653504953	0.21097992622228412	0.1804	1.076945796843451	0.2700397908076771	-0.0119	1.4813029315369088	0.8068317253065054	0.0301	1.3696212296555563	0.47471556909897883	0.129	1.229932561153706	0.08103820912124313	0.023	1.233396993762868	-0.04656542591475303	0.2179	1.2812826647888695	-0.04698814051659005	0.1804	1.1853145074164217	0.039997101467630365	-0.0119	1.5362907583494112	1.359403281803274	0.0008	1.6020230105557443	1.5991241202830728	0.0655	1.5269010341655644	1.439860395560091	0.1076	1.34734996094783	1.3430591382088057	-0.01275	1.1685412769236607	1.145945574608101	0.0702	1.0172114962939265	1.0072282017390592	0.1076	1.6953845327394488	1.253771458121866	-0.01275	1.729074784323384	1.0042306909101817	0.0702	1.6677199481138747	0.8332842667383223	0.1076
246	8.22316384180791	1.393526693291695	0.8486841600040309	0.0301	1.295406791183692	0.8718927511705079	0.0301	1.1686292653168453	0.580676641995283	0.129	1.0633718587334757	0.30567683798250767	0.023	1.0136790193079763	0.17480576893700822	0.2179	0.9710988482712785	0.2104471117394335	0.1804	1.0759058431881572	0.2725397260259742	-0.0119	1.4882836357933136	0.8121862503063434	0.0301	1.3731106245989968	0.47598111597761233	0.129	1.2322314009100785	0.08333388751109469	0.023	1.2328895826554018	-0.04537242269751983	0.2179	1.2819409223246427	-0.04579395385335905	0.1804	1.1855610372793755	0.039687727009840176	-0.0119	1.5451741294116486	1.3627107824259799	0.0008	1.616981057553994	1.6014704542062266	0.0655	1.543445559533231	1.4422017295900924	0.1076	1.358032574426676	1.346514221434274	-0.01275	1.1736652867800126	1.1479970282203236	0.0702	1.0188509140287199	1.0066161693015079	0.1076	1.7052136602512504	1.2544036851369897	-0.01275	1.7358873808969562	1.005967765627143	0.0702	1.6701084429561486	0.8344731966198056	0.1076
247	8.256591337099811	1.398751410037375	0.8544736036038053	0.0301	1.3022389214485761	0.8812622065591847	0.0301	1.1672540310705604	0.5878658540212561	0.129	1.0643562733333078	0.30918311285834826	0.023	1.0136030953272597	0.17372813437915985	0.2179	0.9700962792678028	0.20935911873235205	0.1804	1.0758924196173616	0.2766030602185028	-0.0119	1.4968638893451214	0.8196390550220051	0.0301	1.375317813662347	0.479515130399231	0.129	1.2336829746644564	0.08617920425442663	0.023	1.2323866374971268	-0.043297307164413906	0.2179	1.2828012086458405	-0.044275574343665455	0.1804	1.186281383441497	0.04036782048703383	-0.0119	1.5529091046385117	1.363532238519091	0.0008	1.630140112408995	1.6041002339236305	0.0655	1.5638983762713272	1.4430273580670945	0.1076	1.3683859346932499	1.3515909272578923	-0.01275	1.1823604285448421	1.152863823892967	0.0702	1.0212960019948856	1.0065657813779645	0.1076	1.7150320292179027	1.2594372828917264	-0.01275	1.7430118565906867	1.0123588070343552	0.0702	1.6742544945941726	0.8344559640102698	0.1076
248	8.290018832391715	1.4016319743954468	0.8591051402726501	0.0301	1.3062886489009562	0.8904272149212712	0.0301	1.1632978507002214	0.5983881185456342	0.129	1.0657917238114003	0.31440502814336024	0.023	1.0146742189255729	0.1740039121812728	0.2179	0.9715685772193174	0.20853804724154631	0.1804	1.0772208458592876	0.2810305170949132	-0.0119	1.5037887515804451	0.8251658070588247	0.0301	1.3758682482883045	0.48319520989199255	0.129	1.2334728964565758	0.08778131742422371	0.023	1.2326930313043054	-0.04187733509570831	0.2179	1.283680412851284	-0.04301748186784375	0.1804	1.1867075194811176	0.0402160940722251	-0.0119	1.5613650204731644	1.3635049536764396	0.0008	1.6405553460183682	1.6077624488817432	0.0655	1.579991544583175	1.4418941807864434	0.1076	1.3782582336603728	1.3577796264429192	-0.01275	1.1925180874272008	1.1583514160639607	0.0702	1.0243805513251658	1.0078502882440985	0.1076	1.7246265817701365	1.2666827710646167	-0.01275	1.7508714948095787	1.017806607008875	0.0702	1.6787397281720424	0.8327854268384501	0.1076
249	8.323446327683616	1.403349333682177	0.8636375955766825	0.0301	1.307939856021601	0.8983111071549573	0.0301	1.157208758336906	0.6084014540205315	0.129	1.0663161321291914	0.31890075882736507	0.023	1.0154840661747069	0.1748082855414329	0.2179	0.9735242295697117	0.20787798737225072	0.1804	1.0792433461534994	0.2838584309885235	-0.0119	1.5061726460416973	0.8297892409853705	0.0301	1.375359463627018	0.48522942314164164	0.129	1.232380865350379	0.08753592013636807	0.023	1.2349218234084678	-0.04257128846625826	0.2179	1.2841623479134963	-0.0428547287955964	0.1804	1.1866546527628865	0.03927315670494423	-0.0119	1.57109502992845	1.3660241587812094	0.0008	1.648137136332047	1.6125729624361884	0.0655	1.5835259155763723	1.4419198843725995	0.1076	1.3871274721549764	1.3637471897473104	-0.01275	1.199218966263067	1.1617377158332955	0.0702	1.026453661125537	1.0097928233136013	0.1076	1.7342002856013852	1.2721353106668871	-0.01275	1.7600116216621926	1.0174967027316721	0.0702	1.683297963719636	0.8307019730731003	0.1076
250	8.356873822975519	1.4057525940794764	0.8694880064399115	0.0301	1.30976719680151	0.9062998818746497	0.0301	1.1515258282245593	0.618272988371936	0.129	1.0667225231637114	0.3204149221993632	0.023	1.0152510070166803	0.17363279979176696	0.2179	0.9741986162423267	0.20603867560943445	0.1804	1.0806089032519697	0.28437564817894556	-0.0119	1.5056360135929039	0.8370643950297048	0.0301	1.374917732532185	0.48580938026005543	0.129	1.2319889121568117	0.08647980450633991	0.023	1.2371526128497166	-0.04358379087940224	0.2179	1.2841882555249409	-0.04404621206492412	0.1804	1.186238028483629	0.039703475498224707	-0.0119	1.5803028868703748	1.3694041587476244	0.0008	1.65432391011503	1.6163064092215293	0.0655	1.578787781959624	1.4434932452069553	0.1076	1.3952795170707182	1.3684384154473392	-0.01275	1.2022603309371507	1.1637753696573636	0.0702	1.0277704684615705	1.0112589395414882	0.1076	1.7438260791634401	1.2745222499903406	-0.01275	1.7700721022534438	1.0117283500451604	0.0702	1.689314577503496	0.8294269629904426	0.1076
251	8.39030131826742	1.408116862849832	0.8746346652701535	0.0301	1.311765797393998	0.9124055865293871	0.0301	1.1475179800648203	0.627117182419611	0.129	1.0675368754491974	0.319531788656957	0.023	1.014970494476084	0.16924933147749102	0.2179	0.9739927803401144	0.20208662755119922	0.1804	1.0811965857645414	0.28427348435444305	-0.0119	1.5053077836685322	0.8443740979368675	0.0301	1.374867533357346	0.48562910907377577	0.129	1.232678786015944	0.08559399154698986	0.023	1.2362111964796585	-0.04188841760422021	0.2179	1.2844590946639503	-0.04515688985871346	0.1804	1.1857423673249219	0.0412971352475218	-0.0119	1.5879826037688363	1.3700861914010294	0.0008	1.660589326550319	1.617481396140335	0.0655	1.5752537075088184	1.4447569751024418	0.1076	1.4039873216846077	1.3710508551363427	-0.01275	1.2054434050318783	1.1668238683344347	0.0702	1.029965587529017	1.012211119643546	0.1076	1.7533814774356553	1.2752495928933696	-0.01275	1.7792825334658715	1.0023947017780364	0.0702	1.6967937998392835	0.827811665861085	0.1076
252	8.423728813559322	1.4073254581862453	0.8757412564195369	0.0301	1.3112409264936533	0.9137747057114469	0.0301	1.1444629045266852	0.6322385024837609	0.129	1.0670905738879553	0.31736769761576294	0.023	1.0155415352388286	0.1636903049245456	0.2179	0.9738885362527668	0.19773535417523647	0.1804	1.081486399247644	0.28461387793162135	-0.0119	1.5048638800912433	0.8450344404165379	0.0301	1.3745373470496436	0.48394136695012063	0.129	1.23327683833993	0.08501285339299824	0.023	1.2330992840872945	-0.03900275593055397	0.2179	1.2855737683119197	-0.044835874238026055	0.1804	1.1853756484962839	0.04168701804258617	-0.0119	1.5949852755478826	1.3684438931607683	0.0008	1.667227541385698	1.6175628369150503	0.0655	1.576174971240614	1.445741562329154	0.1076	1.413110170546623	1.372161365831394	-0.01275	1.2105428971577512	1.1710128510148072	0.0702	1.0323362586125324	1.012727001263471	0.1076	1.761823395404124	1.2753074449842987	-0.01275	1.7856587720188468	0.9921878786238149	0.0702	1.7032451639343533	0.8236369266276093	0.1076
253	8.457156308851225	1.4031103220741816	0.8726418584853132	0.0301	1.307929224136575	0.9122907766860323	0.0301	1.141776952425052	0.6336528621194154	0.129	1.0636027441872542	0.3122365521561235	0.023	1.0153272519044265	0.15772787667828253	0.2179	0.972656229731446	0.1931714965603724	0.1804	1.0802475171268904	0.2811583428602476	-0.0119	1.503022994321319	0.8384950697971	0.0301	1.373361133140459	0.479876699205453	0.129	1.2329736721068063	0.08478568829317394	0.023	1.2318028630964095	-0.03844728221166688	0.2179	1.287107909458792	-0.04418077665592061	0.1804	1.1851742321905097	0.04041126617769032	-0.0119	1.6017617658746985	1.366711353533708	0.0008	1.6736739014302595	1.6179819696446347	0.0655	1.5804897457976685	1.4460534149182382	0.1076	1.4213219369673262	1.3739412959361559	-0.01275	1.2165759825188214	1.174861023522157	0.0702	1.0331482910785579	1.0129591845205907	0.1076	1.768346705640994	1.2747154770413354	-0.01275	1.7893051287792412	0.9845171951102445	0.0702	1.707379764236127	0.8172561034130262	0.1076
254	8.490583804143126	1.3990093326303426	0.8680906287844173	0.0301	1.3051889985057628	0.9116575614721617	0.0301	1.139847752699636	0.6335318841599874	0.129	1.0571922176397623	0.30217530974952533	0.023	1.0112532625147157	0.14784574985008925	0.2179	0.9672387475760937	0.18360818960580685	0.1804	1.0751702248456458	0.267498079959743	-0.0119	1.5007721514898609	0.8307749292164097	0.0301	1.3715596737593327	0.47470816422353124	0.129	1.2321657462455997	0.08490035995886515	0.023	1.2332999576630457	-0.03997972263873768	0.2179	1.2873191717785457	-0.04483200701830825	0.1804	1.1852518889157282	0.03872254661452106	-0.0119	1.6080642182273521	1.365718671440045	0.0008	1.6792243988129247	1.6183678305641014	0.0655	1.5869292727966118	1.4442678840077574	0.1076	1.4284257959789854	1.3770044727731283	-0.01275	1.2222743258205313	1.17742571601904	0.0702	1.033545483939177	1.0152660017989938	0.1076	1.7741901137174247	1.2731979442739698	-0.01275	1.7919114517009844	0.9795296804243113	0.0702	1.7112188693873323	0.8120401020229884	0.1076
255	8.52401129943503	1.3974694930733735	0.8647503015875089	0.0301	1.3053274096782908	0.9123582887614026	0.0301	1.1391134724569931	0.6321370754836686	0.129	1.0482025080603745	0.28658207076149034	0.023	1.0018413449775625	0.1326008752541931	0.2179	0.9563901757284645	0.16659941852290236	0.1804	1.0641181684273022	0.2407948689067329	-0.0119	1.4991091267384224	0.8257774877769387	0.0301	1.3696987582157805	0.4701540277839759	0.129	1.2312228717760052	0.08474906984562473	0.023	1.2348865330321457	-0.04180957049069237	0.2179	1.2852006708508412	-0.04623727292449001	0.1804	1.1857750108926703	0.037064954587722895	-0.0119	1.6133372231639753	1.365170070438752	0.0008	1.684063529358252	1.618357527841626	0.0655	1.5944504923360012	1.4412810279461248	0.1076	1.4344661725736823	1.3797334926314697	-0.01275	1.2266093841765244	1.1785820673778327	0.0702	1.035708033228068	1.0210783001444081	0.1076	1.7799759135959325	1.2707030082607058	-0.01275	1.7937770056472866	0.9750891186228217	0.0702	1.7161725514281307	0.8101201911773362	0.1076
256	8.55743879472693	1.3979880234842148	0.8633863088493666	0.0301	1.3068044430227637	0.9112947976817124	0.0301	1.1387707473845867	0.6251028809308894	0.129	1.0358283930636027	0.264512038809617	0.023	0.9870477806067252	0.11551590212820576	0.2179	0.941838127187367	0.1467519146216382	0.1804	1.0467029578703193	0.2028517135863475	-0.0119	1.4976849519258375	0.8221592428180049	0.0301	1.3678916620506412	0.4659670566577521	0.129	1.2304874243846504	0.08363600844173925	0.023	1.2337689929108655	-0.04290685439254872	0.2179	1.2826140907046026	-0.04694085540426821	0.1804	1.186933154623512	0.035355177358736084	-0.0119	1.6168034448949085	1.3649840573300251	0.0008	1.6894031857476337	1.618051510908496	0.0655	1.600984462120405	1.4388749411384807	0.1076	1.4385487950986608	1.381736010795892	-0.01275	1.228794618248956	1.1787921953545557	0.0702	1.0384370147490969	1.026194156723566	0.1076	1.7835783033476258	1.267792795617145	-0.01275	1.7943331858073015	0.9707368791282905	0.0702	1.7207029396215505	0.8093913904071499	0.1076
257	8.590866290018832	1.3990200599002698	0.8632881447203473	0.0301	1.307124382630935	0.9066819251482208	0.0301	1.137584889946471	0.6106386750400733	0.129	1.0209285672092734	0.23783914060186873	0.023	0.9680681878337429	0.09975239744708457	0.2179	0.9255927863561396	0.129366274185961	0.1804	1.0274368274208268	0.16277428032809557	-0.0119	1.4966876066999584	0.8183931027626837	0.0301	1.3664171118101724	0.46224536258591037	0.129	1.2307126838616138	0.08200313056323776	0.023	1.2292069298413457	-0.04236300743142945	0.2179	1.2817837786574513	-0.04667425006235208	0.1804	1.1888383702224123	0.034000028947460605	-0.0119	1.6188436316948025	1.3650317470042577	0.0008	1.6954272414244065	1.6170205818672256	0.0655	1.6053376703493862	1.4350322275840226	0.1076	1.440766819308462	1.383679621575719	-0.01275	1.2293591015626646	1.1788094610314859	0.0702	1.038602687312446	1.0263810259995176	0.1076	1.7840066189398627	1.2653927703233114	-0.01275	1.7937933699477366	0.967708259614324	0.0702	1.7236842894635056	0.806904982805908	0.1076
258	8.624293785310735	1.3998393233385948	0.8635777248068616	0.0301	1.3058943618488787	0.9016793494904323	0.0301	1.136257300312329	0.5963304876910942	0.129	1.0068590737650402	0.21348536760330905	0.023	0.9494408122079016	0.08619961894714825	0.2179	0.9092082516377106	0.11551843077708415	0.1804	1.0121155985762553	0.1336545561238937	-0.0119	1.496958290664463	0.8155799400789642	0.0301	1.3661908985205604	0.46047164701298127	0.129	1.2313528543189969	0.08063504802485243	0.023	1.2231495703005801	-0.041501121073282576	0.2179	1.2823925982717668	-0.0463503693564572	0.1804	1.1905306842644117	0.03348747227649132	-0.0119	1.620894024160746	1.3646445047205	0.0008	1.7006712634247785	1.615329074975332	0.0655	1.6108064462332563	1.4265262446754416	0.1076	1.4428083182420672	1.3850355667448733	-0.01275	1.2305293723464277	1.1792324500733165	0.0702	1.0365989031428824	1.0247374701329133	0.1076	1.7838493573655498	1.2641184225373592	-0.01275	1.7919794364741484	0.9676145625253583	0.0702	1.7254175225035542	0.8034511906858257	0.1076
259	8.657721280602637	1.4008266332566939	0.8634138979281217	0.0301	1.3041911726577164	0.8997260428840298	0.0301	1.1367181840828844	0.5894289436935435	0.129	0.9957940003097447	0.1976677563537386	0.023	0.935912248070757	0.07687927368022053	0.2179	0.894893781055982	0.10601822719891321	0.1804	1.0013593534870187	0.11961918653983464	-0.0119	1.4984955541475036	0.8145777800518001	0.0301	1.3674702933399394	0.4603892928677397	0.129	1.2309031828792991	0.07929170113503312	0.023	1.2188751036252667	-0.042771667314582686	0.2179	1.2829616913216493	-0.04688267871366647	0.1804	1.1901091828193888	0.033278342643994714	-0.0119	1.6236020555939878	1.3640607485651148	0.0008	1.7040523805868983	1.614473896273898	0.0655	1.6189857608227847	1.417614521036767	0.1076	1.4457801483457926	1.3857016010559462	-0.01275	1.234000663982721	1.180207029417055	0.0702	1.0363567369759725	1.0259417990464836	0.1076	1.7856677870893818	1.263750473934237	-0.01275	1.7888311431531843	0.9697494189763037	0.0702	1.72558102237131	0.8015133177030407	0.1076
260	8.69114877589454	1.4018673662382188	0.8622736992761888	0.0301	1.3027668961070644	0.8998444030620023	0.0301	1.1397102863741246	0.588440589517554	0.129	0.9880481587717272	0.19169485029712302	0.023	0.927844913396072	0.07742769583971672	0.2179	0.8863308422282076	0.10688488705222582	0.1804	0.9937780512086964	0.11402699951059825	-0.0119	1.5005583512533434	0.8143815280551757	0.0301	1.369635649003617	0.4605018790997068	0.129	1.2299765954520876	0.07826566516571204	0.023	1.2180874312858456	-0.04435487899473947	0.2179	1.282732927425819	-0.047372535324197544	0.1804	1.1881834944268859	0.032286150618192025	-0.0119	1.6264134601410571	1.3638003091139899	0.0008	1.7053838209468866	1.6153168335800818	0.0655	1.6238779342597571	1.4170661801953748	0.1076	1.4495075938687638	1.3867102531986562	-0.01275	1.238207393008459	1.180964002100482	0.0702	1.0391482680027806	1.028144882958512	0.1076	1.78874646211381	1.2636590800530407	-0.01275	1.7853426583619842	0.9708240295863481	0.0702	1.7241034403890327	0.8005715502700366	0.1076
261	8.724576271186441	1.4024302398256476	0.8607135386138515	0.0301	1.3021125833092704	0.899011180293579	0.0301	1.1447226420700263	0.5896033477988216	0.129	0.9830885835643354	0.19291662376022342	0.023	0.9236602497209662	0.09102901112570268	0.2179	0.8861893144158282	0.12164921223558076	0.1804	0.988137938456637	0.10710637870909931	-0.0119	1.5025748318971004	0.8135906302273822	0.0301	1.3714983173459758	0.4596910761536004	0.129	1.2302102404867354	0.07840061762639663	0.023	1.219533119294512	-0.0429905779656614	0.2179	1.2820436465935474	-0.0465495431439326	0.1804	1.1880149592565643	0.03074678452154289	-0.0119	1.628223029435685	1.362813783878791	0.0008	1.704432503239425	1.6166807220372423	0.0655	1.6207884576474274	1.4237396756755016	0.1076	1.4531760981153694	1.3881948974948508	-0.01275	1.2404392020539787	1.1808932528185696	0.0702	1.0423650799329143	1.0279836841234389	0.1076	1.7903876752232128	1.2635748902646695	-0.01275	1.7813001742435062	0.9706829945414887	0.0702	1.7216358369615212	0.7983299643346675	0.1076
262	8.758003766478343	1.4032291995025674	0.8598849493869745	0.0301	1.3034976029185186	0.8962491001681218	0.0301	1.1497163453215435	0.5919561904313153	0.129	0.9770159162426386	0.19278472521088016	0.023	0.9193027158697434	0.10643837394658696	0.2179	0.888245638431695	0.13619684135501114	0.1804	0.9795962683535991	0.08790904256080752	-0.0119	1.504648193808887	0.8119320200835175	0.0301	1.3717307344413259	0.45706154519821857	0.129	1.2309794422706788	0.0783721821214216	0.023	1.2206392959786843	-0.040830134019765194	0.2179	1.2816524301736458	-0.04610664964240977	0.1804	1.1901409602617725	0.0291633388291948	-0.0119	1.6281706692431113	1.3607864602285598	0.0008	1.701540023401406	1.6173982591873826	0.0655	1.613696392159877	1.4281856394205428	0.1076	1.45538572700852	1.3893872240302731	-0.01275	1.2414307221428549	1.181115961442381	0.0702	1.0448690295197087	1.0274377095512721	0.1076	1.7896838039836387	1.2633639744785774	-0.01275	1.7746877490762818	0.9727282611457937	0.0702	1.7177737128157038	0.7951681751483732	0.1076
263	8.791431261770246	1.4048834460660418	0.8602279294130681	0.0301	1.3072043212325413	0.893344879060659	0.0301	1.1519633291364062	0.5952654992997527	0.129	0.9656570526103871	0.17938981032167725	0.023	0.9091910832726637	0.10487018699735222	0.2179	0.8824298341957384	0.13123143051960756	0.1804	0.9698218891749419	0.06519891412640129	-0.0119	1.5071641983619566	0.8101569374735688	0.0301	1.371047081750742	0.4534708890822696	0.129	1.230851808455052	0.07621171341272316	0.023	1.2203471394454857	-0.040968219095605454	0.2179	1.2816140466911576	-0.04796097178586168	0.1804	1.1919825998728923	0.0268542293699647	-0.0119	1.6263190345348657	1.3596648046926223	0.0008	1.6982557979724735	1.6178210751993116	0.0655	1.6086874157446054	1.4285130025146082	0.1076	1.454846590214476	1.389883500693788	-0.01275	1.2432931921117958	1.1822876068556514	0.0702	1.047398755527745	1.028923160159417	0.1076	1.788452353537959	1.2628619365270222	-0.01275	1.765007153321328	0.9775360565404714	0.0702	1.7125621156472026	0.7932905856863771	0.1076
264	8.824858757062147	1.4062022356229138	0.8602017273360613	0.0301	1.3103416304534903	0.8918980359276291	0.0301	1.152168203977016	0.5996061648872171	0.129	0.9553343342871106	0.1595534909900986	0.023	0.8995831295194219	0.09110399543310961	0.2179	0.873931194386469	0.11994019532634224	0.1804	0.9844941756696357	0.10854228497467609	-0.0119	1.5095369929697469	0.8079302309604384	0.0301	1.371625372031756	0.4500286396585816	0.129	1.2300742023923181	0.07273633634883715	0.023	1.2194930493247282	-0.04158563527929168	0.2179	1.2817547229025672	-0.05061496753403787	0.1804	1.1925792564378883	0.024154322113440915	-0.0119	1.623553687897298	1.3603186658405437	0.0008	1.6951920816679653	1.6185974336791238	0.0655	1.6059004307452296	1.4298376715399301	0.1076	1.4515083604331773	1.3897212632267457	-0.01275	1.244481899884085	1.1825913806956445	0.0702	1.048303100433497	1.0299917035903745	0.1076	1.7879375305229765	1.2624255882148234	-0.01275	1.7557254400599684	0.982072725380822	0.0702	1.7087454390374561	0.7922548054358318	0.1076
265	8.85828625235405	1.4059216804670405	0.8576575609057151	0.0301	1.3102323117971821	0.8912378368488529	0.0301	1.153835446849902	0.6057175862538194	0.129	0.9662517694394422	0.1846597869941856	0.023	0.9133739883598928	0.11799518067832092	0.2179	0.8857345334898534	0.1614772238447353	0.1804	1.0481797711743557	0.2884542947709684	-0.0119	1.510601732600512	0.8041051493928579	0.0301	1.373601054744701	0.44624196500466023	0.129	1.2295113901285515	0.0701432533893795	0.023	1.2189505933144709	-0.040778162975835454	0.2179	1.2817690465183127	-0.0520284442606539	0.1804	1.1927746696130508	0.022629843149678586	-0.0119	1.6207977438694152	1.3614017697962975	0.0008	1.6908123159497352	1.6196632835044917	0.0655	1.6018449307382965	1.4328557939138928	0.1076	1.4468152750804697	1.3889966039046644	-0.01275	1.242378492241954	1.1810045564640392	0.0702	1.0455092870283447	1.0282564753704762	0.1076	1.7870224251707716	1.2626821818371896	-0.01275	1.7507613156979358	0.9843266941233325	0.0702	1.708291801496035	0.7894477821488745	0.1076
266	8.891713747645952	1.404634236612234	0.8536172534031027	0.0301	1.30823761988486	0.8907146333193706	0.0301	1.1577423273231144	0.6129722921788561	0.129	1.0136055102577626	0.3084728804324588	0.023	0.96668332478745	0.24295306376930553	0.2179	0.9336271991913186	0.3018898231620849	0.1804	1.1317274266899124	0.527327516490752	-0.0119	1.5104882451365824	0.7997265634803199	0.0301	1.3752759349822952	0.44277057684315035	0.129	1.2292642802317015	0.06923792138655147	0.023	1.2189665759362802	-0.04010727189369331	0.2179	1.2807931822835912	-0.052126895086495165	0.1804	1.1922022618965809	0.022434224223918286	-0.0119	1.617727294442452	1.3623546925994272	0.0008	1.6841811315964403	1.6207742943523764	0.0655	1.5972670168746066	1.4343078660514046	0.1076	1.4424589835216721	1.3878473594603293	-0.01275	1.2386895624382466	1.1796446307954291	0.0702	1.0414326274055141	1.0260349480015774	0.1076	1.7842733569239035	1.2640044842303773	-0.01275	1.7490134867475424	0.9853763513331499	0.0702	1.7091938740425108	0.7848023219563028	0.1076
267	8.925141242937853	1.403837652859028	0.8512479966708956	0.0301	1.3071383068412623	0.890579774852119	0.0301	1.1617824011409743	0.618936980388601	0.129	1.0790576855266976	0.48624698180325676	0.023	1.039679652456402	0.42618971338187844	0.2179	0.9997023281264049	0.4847643018179159	0.1804	1.1780851201066358	0.6597971664176284	-0.0119	1.5100583210719694	0.7971329452432254	0.0301	1.3759092646502458	0.4412646495392464	0.129	1.229181571093286	0.06947941719977681	0.023	1.2201010736862188	-0.041264489454350815	0.2179	1.2794719853307774	-0.051687026898950564	0.1804	1.1900636527120452	0.02268544878215145	-0.0119	1.6133036645233574	1.3637934533136165	0.0008	1.6766028688835506	1.6218746385962197	0.0655	1.5957591032647873	1.4333094544258587	0.1076	1.4383092989779276	1.386378713021854	-0.01275	1.2365062728312124	1.1800462335593684	0.0702	1.0394339198783686	1.0260467043397548	0.1076	1.7801007073241457	1.2667498956443008	-0.01275	1.7467487094575842	0.9867877638569105	0.0702	1.7094460333298247	0.7813283352133359	0.1076
268	8.958568738229756	1.4040626443451243	0.8511279843698315	0.0301	1.307127534463763	0.8889214649913528	0.0301	1.1642711391067408	0.6207186760248704	0.129	1.125612832834007	0.606816687904728	0.023	1.0942735691781695	0.5559833083925146	0.2179	1.0510168371570885	0.6034073783902667	0.1804	1.1795034659626105	0.6569925533166986	-0.0119	1.5089442696232611	0.7963746743587731	0.0301	1.3757307072998992	0.44131479080614266	0.129	1.2295203928601652	0.06995142051750683	0.023	1.223074626503106	-0.04401067971979505	0.2179	1.2803190585019233	-0.05157598578165252	0.1804	1.187812960194874	0.02293795470206265	-0.0119	1.6080297963793375	1.3655660445388162	0.0008	1.6693855161789586	1.6231376770124812	0.0655	1.5945660538308322	1.4327628098860732	0.1076	1.4324418628467679	1.384817142201107	-0.01275	1.2338682047836547	1.1801155373454097	0.0702	1.0378813528920787	1.0264302183639862	0.1076	1.7760474574115601	1.2707268554654028	-0.01275	1.7435337300992488	0.9882243965610774	0.0702	1.709808103288813	0.7806482422971093	0.1076
269	8.991996233521657	1.4045758357497087	0.8512232105767793	0.0301	1.3065327465535685	0.8836854369246204	0.0301	1.16340969303197	0.6143482469141492	0.129	1.1444444293741456	0.6440307639078453	0.023	1.1196488589350537	0.5969778207845691	0.2179	1.0813389894436105	0.6422240548897256	0.1804	1.1721813393077376	0.6230645564548205	-0.0119	1.506258342060079	0.7960004432308041	0.0301	1.374799005517612	0.4413946410952839	0.129	1.230274790026058	0.07044196510189314	0.023	1.226527202690302	-0.046793887163296424	0.2179	1.2836100775680115	-0.05198030229354924	0.1804	1.1872655774714003	0.02330041829737604	-0.0119	1.603131035914145	1.3673105947962239	0.0008	1.6617951706867402	1.6249537480157723	0.0655	1.5873699982853737	1.4353623957974875	0.1076	1.4239107242923166	1.3837929251275332	-0.01275	1.227123077748391	1.1776612150385584	0.0702	1.0337888687859014	1.024201104039338	0.1076	1.772291140715725	1.2747187821055537	-0.01275	1.741660567064007	0.9891251723804302	0.0702	1.7104138432558464	0.780768653417631	0.1076
270	9.02542372881356	1.4044365187426129	0.8505915946747893	0.0301	1.3050604962853232	0.8777006719232963	0.0301	1.1578217423740533	0.5980099170477771	0.129	1.1494935857270756	0.6492206130479754	0.023	1.1251706247669278	0.592711983989823	0.2179	1.1012371732855788	0.6481054887881503	0.1804	1.177645522295951	0.6297656621659947	-0.0119	1.502328753442122	0.7965313225987879	0.0301	1.373475663763577	0.4416360103326727	0.129	1.230563571251082	0.07191566147143753	0.023	1.2275752167039802	-0.0478111237165488	0.2179	1.2861315288379447	-0.05193040095757583	0.1804	1.1872336357946363	0.02451155131818427	-0.0119	1.5979726280537467	1.3697311924171194	0.0008	1.6523381714743173	1.6266612900377433	0.0655	1.5754280944246617	1.4387323543067057	0.1076	1.4142327661385332	1.3831412083476973	-0.01275	1.2177597373368805	1.1737804663411746	0.0702	1.0284428184415917	1.0208610587673799	0.1076	1.7672623836572843	1.278894426926196	-0.01275	1.7424158989508	0.990520614471835	0.0702	1.7100516668329544	0.7789410802617212	0.1076
271	9.058851224105462	1.4032418153543924	0.8497917284020965	0.0301	1.3030819037339085	0.874621427218649	0.0301	1.1505665713523756	0.5787836486977842	0.129	1.1375885649771726	0.6139650061246287	0.023	1.1059702480680502	0.5394061014643043	0.2179	1.1008074973099862	0.6057093776739917	0.1804	1.188275941804705	0.6597141389030546	-0.0119	1.4984777739737574	0.798522313287481	0.0301	1.372191771022095	0.44296965841545605	0.129	1.2298163708740826	0.07425850844038627	0.023	1.2261753666141446	-0.04658671638584559	0.2179	1.2857848287943143	-0.05066902068574686	0.1804	1.1858416988245115	0.026215384377322033	-0.0119	1.5904918418591159	1.373683784199765	0.0008	1.641107240033463	1.627745818889034	0.0655	1.563803206989008	1.4404074107182516	0.1076	1.4047731232577874	1.3820541335599303	-0.01275	1.2089215242123048	1.170675091394032	0.0702	1.024114626577948	1.0195883238853698	0.1076	1.7600268053991024	1.285066119081104	-0.01275	1.744694960652387	0.9932227086371862	0.0702	1.7088151239513742	0.7753113092658901	0.1076
272	9.092278719397363	1.400259110078231	0.8481532301184508	0.0301	1.2988592474755847	0.8726577556640168	0.0301	1.1466829865042631	0.5671815514957514	0.129	1.0966602382695962	0.48316797411425055	0.023	1.054861185861867	0.388280647574385	0.2179	1.0591595330162107	0.4622305964103137	0.1804	1.1829324825555732	0.6325799450374627	-0.0119	1.4953930687694212	0.7991214741197895	0.0301	1.3704462686126493	0.4441284121926582	0.129	1.2288550797590418	0.07529367101739234	0.023	1.224919563617076	-0.044452491748206445	0.2179	1.2841020607032723	-0.04863571629006458	0.1804	1.1843094019930687	0.02661953270114209	-0.0119	1.5797612552878872	1.3786922941514952	0.0008	1.6293492568328445	1.631455634729856	0.0655	1.5518502980744437	1.4450958857555078	0.1076	1.3943342717982505	1.3813684008553266	-0.01275	1.200007924944071	1.1689249961135635	0.0702	1.019284054462984	1.0195435899179983	0.1076	1.75150834016578	1.2920675850888375	-0.01275	1.7458421500400234	0.9951880625596032	0.0702	1.7075535345956532	0.7720260605539154	0.1076
273	9.125706214689266	1.3946222691808419	0.8443852304257653	0.0301	1.2914170146545159	0.8682807841561323	0.0301	1.1448896812994336	0.5629410217476324	0.129	1.039452681218224	0.2957267067779973	0.023	0.988619039074905	0.17880657051605686	0.2179	0.9869207892600609	0.25782640018994957	0.1804	1.141263003284145	0.4766180328854944	-0.0119	1.4919249163742891	0.7961493080383398	0.0301	1.3675517488980489	0.44296280000662464	0.129	1.2287841211234467	0.07468764362435105	0.023	1.224637247412497	-0.0427271716545974	0.2179	1.283319836585155	-0.04692934169950931	0.1804	1.1847203581705215	0.025993222689156322	-0.0119	1.5673399111175164	1.3834517615702808	0.0008	1.6170132825192929	1.6408478944814175	0.0655	1.5372244873364032	1.4569631243640897	0.1076	1.3815665302437115	1.3826125986075126	-0.01275	1.1895278843458101	1.1679988921989586	0.0702	1.0118000746854607	1.0182481483357244	0.1076	1.7430753505277399	1.2968149705757703	-0.01275	1.7442594057782188	0.9944173239625955	0.0702	1.706339974180468	0.7701677077848896	0.1076
274	9.159133709981168	1.3878189335577376	0.8401262234958959	0.0301	1.2834078022095594	0.8623944649023999	0.0301	1.1391993740475004	0.5572549973097164	0.129	0.992958673974903	0.16551492984807392	0.023	0.9354238578397994	0.031098704600708595	0.2179	0.9244617113588335	0.10842604616704914	0.1804	1.0707856009683971	0.2395508951405906	-0.0119	1.4867454973817864	0.7924289689205805	0.0301	1.363893378359895	0.4406985703574195	0.129	1.2294224297630003	0.07492529837767611	0.023	1.2235678876197693	-0.041565263810776576	0.2179	1.2832194099461438	-0.045983893370948596	0.1804	1.185728626732944	0.025695421382691964	-0.0119	1.555464525597095	1.3875794551241873	0.0008	1.602619383972869	1.6518961529571077	0.0655	1.5218894028285928	1.470597288516864	0.1076	1.367613782750382	1.3858977543243134	-0.01275	1.1784411336239966	1.1683534937390128	0.0702	1.0031046931358563	1.0165959099812734	0.1076	1.7352995558018574	1.300111320420477	-0.01275	1.741164419230083	0.9941740650461826	0.0702	1.70503012118184	0.7708198025314947	0.1076
275	9.192561205273071	1.382368056830971	0.838601638988336	0.0301	1.2770099991239696	0.8584764963143589	0.0301	1.1288715970173264	0.5480275676952046	0.129	0.9665036400136267	0.1251886762780979	0.023	0.9078918843186086	-0.01487756907931375	0.2179	0.892950918656215	0.05232957046670614	0.1804	1.0102347379261014	0.06179003360950599	-0.0119	1.480823678451004	0.7916478675250501	0.0301	1.3604526319146277	0.43974909904829	0.129	1.2299260382624428	0.07656804522252791	0.023	1.220328976630134	-0.04140835473298304	0.2179	1.2816973257899738	-0.04514936237144762	0.1804	1.1846225577447829	0.0250340584989624	-0.0119	1.544832607926687	1.3919398363119537	0.0008	1.5862124687162606	1.6588676949831032	0.0655	1.509265841395804	1.4780146941570824	0.1076	1.3540928848981726	1.390346934209411	-0.01275	1.1678066882270282	1.1705783511149734	0.0702	0.9951277127811465	1.016561621740416	0.1076	1.72826890440713	1.3050924249646405	-0.01275	1.7386798148060858	0.9989725418066786	0.0702	1.7036289976268282	0.7754015475447065	0.1076
276	9.225988700564972	1.377825258262691	0.8393289359570624	0.0301	1.2715936315090803	0.8573146956931184	0.0301	1.1191173203232163	0.5411026892092314	0.129	0.9561951725227417	0.12235172060023936	0.023	0.9008185957727244	-0.013185802379290533	0.2179	0.8841393772052951	0.04626225023856951	0.1804	0.9840389713645556	0.007382341978797098	-0.0119	1.4763225030436975	0.7930546745447017	0.0301	1.3576309298036182	0.43860423026905593	0.129	1.2303378917475924	0.07792632596811055	0.023	1.2172978708373146	-0.04317787636786442	0.2179	1.2788221457301692	-0.0442627076436245	0.1804	1.1821752616916783	0.024743001487445404	-0.0119	1.5351361101056629	1.397653572498984	0.0008	1.5700819662041618	1.6639880139248324	0.0655	1.4994471885823948	1.47990635194493	0.1076	1.3410324075232518	1.3947104524131657	-0.01275	1.15692246137817	1.1729676720153883	0.0702	0.9866841084880119	1.0173971858008632	0.1076	1.7216616350214515	1.3123514777447807	-0.01275	1.7368563067855802	1.0066195923475374	0.0702	1.7019342564486923	0.7820918608430041	0.1076
277	9.259416195856874	1.372979548546209	0.8397211889278444	0.0301	1.2670388610444878	0.8577683139112375	0.0301	1.1135933991000981	0.5405182482303263	0.129	0.9595180699932699	0.12379630481462939	0.023	0.9025153471851659	-0.005124903256185932	0.2179	0.8851175883074308	0.060855923217339604	0.1804	0.9828469120313916	0.02497026261411551	-0.0119	1.4742480190138483	0.7939963496586938	0.0301	1.3558732313399675	0.43520941418660997	0.129	1.2313721335158716	0.07912821712701334	0.023	1.2188173078409024	-0.04622275280085409	0.2179	1.278021992675945	-0.04403377826318752	0.1804	1.181272712686905	0.028258803461076114	-0.0119	1.5258868748723524	1.4053033632743475	0.0008	1.5555798189981582	1.6730134455648789	0.0655	1.48959788585174	1.4846103021810944	0.1076	1.3285495842343074	1.3983018591430936	-0.01275	1.1461111089012561	1.174146878512146	0.0702	0.9765111025889819	1.0175926476607389	0.1076	1.714367426849939	1.3204915983337986	-0.01275	1.734025942835959	1.0115025549556769	0.0702	1.6995891527550873	0.7867689822533859	0.1076
278	9.292843691148777	1.3693778493149409	0.8406907779163535	0.0301	1.2641040030371846	0.8600870935911586	0.0301	1.1104619690334598	0.5433385469614512	0.129	0.9662382294293566	0.12741425092940217	0.023	0.8982392444601419	-0.0017430318976296886	0.2179	0.8785564625527933	0.07319435591089912	0.1804	0.9855685029858168	0.04755216269574491	-0.0119	1.473986110506566	0.7943158407800898	0.0301	1.3563414621382963	0.4309274273544862	0.129	1.2335819020127494	0.08202108791148138	0.023	1.22405751225338	-0.04895463437782496	0.2179	1.2805920467135634	-0.045027407140565814	0.1804	1.182867770744151	0.036490214659215925	-0.0119	1.5164058642008944	1.4146536774790126	0.0008	1.5424192301622015	1.6847832428051368	0.0655	1.4785305080522069	1.495247853501181	0.1076	1.3179071156438116	1.4021214134877678	-0.01275	1.1371455225146185	1.1755987366995309	0.0702	0.9668160480463531	1.0171652246397478	0.1076	1.7056401602736353	1.328435594893367	-0.01275	1.7297637229361953	1.0127415707202228	0.0702	1.6970481097674912	0.7875469144058743	0.1076
279	9.326271186440678	1.367742604051884	0.8435223814408351	0.0301	1.2613611736006145	0.862936080479757	0.0301	1.1054954527487832	0.5415591361518217	0.129	0.9612591914119124	0.12677008604090628	0.023	0.8806082788994076	-0.008959208585473498	0.2179	0.8529152612343902	0.05722213552726671	0.1804	0.9772180047792296	0.04659770358443404	-0.0119	1.4737684785995797	0.7941807180165406	0.0301	1.3592655716517672	0.42633074969689677	0.129	1.2369226049672093	0.08772567126806907	0.023	1.2271784417938223	-0.051620055282429696	0.2179	1.2829511674567124	-0.046989591139616885	0.1804	1.1858464150490657	0.047142560595659674	-0.0119	1.5064624703261993	1.4247829906631178	0.0008	1.5309230663996682	1.6938106219812357	0.0655	1.4672861875532452	1.5057122886776924	0.1076	1.3093625186996132	1.4075802377381714	-0.01275	1.129126609498658	1.1782045610377765	0.0702	0.9604380964332598	1.0166361888645203	0.1076	1.6963694998338636	1.3354346224351468	-0.01275	1.7252463196587207	1.0137571887334138	0.0702	1.695943247591647	0.7864015495688392	0.1076
280	9.359698681732581	1.3657684029127322	0.8456951058383436	0.0301	1.2566375614613645	0.8618404363160052	0.0301	1.097445012001712	0.5313940621342294	0.129	0.9447060269281107	0.11551138150227969	0.023	0.8597525561719209	-0.024546539621097926	0.2179	0.822152818448583	0.022333865530945716	0.1804	0.9590863104391649	0.030119429844697284	-0.0119	1.47225415457604	0.7926831422090431	0.0301	1.3639405977140595	0.4195241385639741	0.129	1.2403861771087104	0.09597192832908615	0.023	1.226533055976456	-0.05579494826417707	0.2179	1.2824107848360502	-0.04869583801115142	0.1804	1.1884015232721545	0.059059024373723845	-0.0119	1.4967424394398945	1.4346034774454426	0.0008	1.521376119318163	1.699249228197492	0.0655	1.455560273059931	1.5143350846996042	0.1076	1.301296718208743	1.4137447560836383	-0.01275	1.1190136954781227	1.1805219166305165	0.0702	0.9559877479650478	1.016093918688806	0.1076	1.688010717720491	1.3416763955224575	-0.01275	1.7205676709494113	1.0183176375641516	0.0702	1.6969143848096178	0.7874295021488946	0.1076
281	9.393126177024483	1.3623476284764768	0.8456499562553684	0.0301	1.250784352564699	0.8566977925726171	0.0301	1.0882979033324174	0.5180274115621195	0.129	0.9286469229000556	0.10068598932658665	0.023	0.8475367839998541	-0.039269639857518406	0.2179	0.803953851311927	-0.002630912404247793	0.1804	0.9424930388173527	0.018130481709322868	-0.0119	1.4703386859988707	0.790727709292159	0.0301	1.3705035919471338	0.41006096834396655	0.129	1.242939991751483	0.10549398985762648	0.023	1.2262034056241853	-0.06152954461074327	0.2179	1.2807690601047161	-0.04990440327947034	0.1804	1.1894644635117486	0.07312821285236244	-0.0119	1.4884648018742515	1.4429773149806293	0.0008	1.5128105517106796	1.7042574222694922	0.0655	1.4433550877526045	1.5259016029945158	0.1076	1.292741271894739	1.4178193302123885	-0.01275	1.1069356474774275	1.1818095951516858	0.0702	0.9493720824063425	1.0157198298990844	0.1076	1.6814063614578045	1.347715201009735	-0.01275	1.7150722510157703	1.0271355284550074	0.0702	1.6988086179375954	0.7915113081803801	0.1076
282	9.426553672316384	1.358538338968879	0.8450055369837027	0.0301	1.2456169009819067	0.852972713887888	0.0301	1.0807446338503555	0.5075065450505936	0.129	0.9190789097862828	0.09102969631182936	0.023	0.843161368391256	-0.049559971932214945	0.2179	0.7968645890213442	-0.01205600001682812	0.1804	0.9315433654892533	0.014315165733697722	-0.0119	1.469631781443988	0.7897809459523686	0.0301	1.3789170793459549	0.40005539436139304	0.129	1.244451165577754	0.114738523311619	0.023	1.227806714891312	-0.06689510893291918	0.2179	1.2801090424530555	-0.05179209081896382	0.1804	1.1901007379096227	0.08906466652539882	-0.0119	1.4826868916724159	1.4484594196180363	0.0008	1.5046205563038695	1.7098099803755296	0.0655	1.4338763397899632	1.5367431753814484	0.1076	1.2846321388543804	1.4185983656392336	-0.01275	1.096204308889387	1.1831781956369731	0.0702	0.9397878243075942	1.016250043767018	0.1076	1.6769078073762216	1.3520680859840941	-0.01275	1.7100078754499701	1.0357519506897797	0.0702	1.7005164645276525	0.7943821331338305	0.1076
283	9.459981167608287	1.3545051109211392	0.8441038473261913	0.0301	1.2407052099756384	0.852212404931077	0.0301	1.075799780018783	0.5001621889544314	0.129	0.9138558302013923	0.08616278279180892	0.023	0.840582609737798	-0.05911419791349129	0.2179	0.7918437151630517	-0.018320455418041094	0.1804	0.9233027892749164	0.010600438502082577	-0.0119	1.4694802404110325	0.7894475259610354	0.0301	1.387067027211747	0.3916325992177526	0.129	1.2442229067674622	0.12162195737399256	0.023	1.2280617715688613	-0.07090665473946892	0.2179	1.2796345302893237	-0.054729459594687765	0.1804	1.1911720000714225	0.10315514278409299	-0.0119	1.4791418232538007	1.4505130377188877	0.0008	1.4977667338023208	1.713950690920406	0.0655	1.4296536082184235	1.5383013022627492	0.1076	1.2779974700861225	1.417018842974621	-0.01275	1.0881577546396304	1.1854043520324564	0.0702	0.9306404729954674	1.01793432108667	0.1076	1.6735615539914268	1.3540180273596831	-0.01275	1.7068107339035052	1.040230323854139	0.0702	1.7012198905441738	0.7933965771975988	0.1076
284	9.493408662900189	1.349980686797023	0.8418301068872117	0.0301	1.2357539468364467	0.8514550300833276	0.0301	1.0711411761136211	0.4941826784310981	0.129	0.9099411740708548	0.08275374034952963	0.023	0.8368866104107179	-0.06886977573665563	0.2179	0.7852919589773615	-0.026305190337072785	0.1804	0.9171388641421011	0.005657735104367439	-0.0119	1.4677492674901729	0.7889773351301571	0.0301	1.3916361382739098	0.3851019759965289	0.129	1.2402741560581776	0.1224915492426417	0.023	1.2243576600745536	-0.07641009701437143	0.2179	1.2775195088866804	-0.05974368299307355	0.1804	1.1898634753622859	0.10891724626949713	-0.0119	1.476013926051497	1.4509627243212062	0.0008	1.4936133893585017	1.7155808333512068	0.0655	1.4297215945046209	1.5328752408144195	0.1076	1.2729322373374847	1.414910500332356	-0.01275	1.0811247589506858	1.1877489333635478	0.0702	0.9241697398554849	1.0198393191207678	0.1076	1.6694896674854685	1.3565356641448583	-0.01275	1.7042476759789746	1.0421387373969981	0.0702	1.7005044876428177	0.7917743288433263	0.1076
285	9.526836158192092	1.3464359853989163	0.8392851322925063	0.0301	1.2320157656621111	0.8505069252990444	0.0301	1.0652649236934613	0.48914119340524415	0.129	0.9063857450465753	0.07995766762437473	0.023	0.8328241889739231	-0.07513970138484745	0.2179	0.7784948961146726	-0.03242197427022835	0.1804	0.9138963725483727	0.0032596792546616626	-0.0119	1.4642096334234858	0.7884419750056454	0.0301	1.3919951269979316	0.3804810260029428	0.129	1.2323103157140376	0.11313868981410945	0.023	1.2178746325253347	-0.08784459125445129	0.2179	1.2733780179692613	-0.0706232941114583	0.1804	1.182387340274356	0.0993169903297117	-0.0119	1.4723249933553748	1.4522517357329476	0.0008	1.4919722143571905	1.7157370872798385	0.0655	1.432373886849963	1.5282879580244073	0.1076	1.268933979324011	1.4143034119849427	-0.01275	1.0740869944064642	1.1891871696556593	0.0702	0.9183624174951264	1.0213998080998317	0.1076	1.665399781271741	1.361071717003453	-0.01275	1.701179550447097	1.043614825133808	0.0702	1.6993639249646506	0.7922994516251212	0.1076
286	9.560263653483993	1.346019466948313	0.8385844424414968	0.0301	1.2297916995005895	0.850791262727819	0.0301	1.060638981456168	0.48444191469424863	0.129	0.9035652142186532	0.07831815119229975	0.023	0.8303107042444018	-0.07718957124641876	0.2179	0.7735994805474858	-0.035928364362551715	0.1804	0.9123012577439945	0.0037456487770185917	-0.0119	1.4616869831939525	0.7885736964056057	0.0301	1.391378473465487	0.37850448362516315	0.129	1.2228223350024483	0.09147455531602033	0.023	1.210931434845493	-0.10734506373513059	0.2179	1.2681493488370497	-0.09133303671026846	0.1804	1.1691742224736468	0.07168369356287357	-0.0119	1.4694733538106541	1.4545879942924633	0.0008	1.491766171374716	1.7157752790982224	0.0655	1.4372994230530387	1.5258335051325664	0.1076	1.2648709820015953	1.4153699180351198	-0.01275	1.067898405460312	1.1896011589257225	0.0702	0.9107225317993353	1.0229394718271287	0.1076	1.6641278752012048	1.3647551165434726	-0.01275	1.6992239229245043	1.043869397052189	0.0702	1.6993816164574032	0.7916630571692239	0.1076
287	9.593691148775894	1.3490994321424836	0.839250787397273	0.0301	1.22905441437544	0.8511503933141178	0.0301	1.058926003333187	0.47980189466368617	0.129	0.9021804361851901	0.07760286729718482	0.023	0.8296250422196741	-0.07808093692262898	0.2179	0.7718249577326505	-0.038233632598119766	0.1804	0.9116856636014392	0.004350942288186178	-0.0119	1.4630281666912948	0.7894274513169256	0.0301	1.391279290151318	0.3779594174429699	0.129	1.2135172778692835	0.05900811976865595	0.023	1.2048107040639882	-0.13535817620650392	0.2179	1.2625311360455733	-0.12280596002187216	0.1804	1.1539090567440586	0.031193250979069723	-0.0119	1.4694204701016618	1.4566172167904852	0.0008	1.4935148036131214	1.7169164650152662	0.0655	1.4449879052212837	1.5241697630389766	0.1076	1.260823947529389	1.4165685187991568	-0.01275	1.0637031104815329	1.1897606628268909	0.0702	0.9026286778969793	1.0241903490025575	0.1076	1.6660423046688362	1.3656631213094972	-0.01275	1.699775742587341	1.0427234142328823	0.0702	1.7011967086430695	0.7870303724836591	0.1076
288	9.627118644067798	1.3540767276382746	0.839323811046182	0.0301	1.2315510986336806	0.849885578439292	0.0301	1.058635604948578	0.4769452394446289	0.129	0.9023868089799689	0.07595884025598613	0.023	0.8285394170407311	-0.0787078814524464	0.2179	0.772056436771566	-0.03848724492517345	0.1804	0.9131807171278848	0.001478072584412409	-0.0119	1.4675661542922525	0.7887874127367426	0.0301	1.3884413379233715	0.3750260775176644	0.129	1.2044442471833412	0.02041223110777508	0.023	1.2008950252912503	-0.17075172476004866	0.2179	1.2575945934607824	-0.16184519666138583	0.1804	1.140094324620859	-0.014123841364394587	-0.0119	1.4724036285137723	1.457647457980045	0.0008	1.4984522079705904	1.7198245159509047	0.0655	1.4555005086125097	1.5237290484135575	0.1076	1.2591700220782505	1.417327065765729	-0.01275	1.062008041254008	1.1898418781569644	0.0702	0.8969784045736381	1.0242825986653865	0.1076	1.6697721028788495	1.364931478222298	-0.01275	1.7018864247390388	1.0415063755855458	0.0702	1.7041398904356493	0.7819629669252879	0.1076
289	9.660546139359699	1.3584990310165066	0.8375802845838007	0.0301	1.237127945472527	0.8465872542665879	0.0301	1.057746689408794	0.4753175203194911	0.129	0.902884423973125	0.0720142550249944	0.023	0.824972815950169	-0.07784969438787567	0.2179	0.7711807278292941	-0.037170496366060395	0.1804	0.9153695721469778	-0.0068820726604496086	-0.0119	1.4718131646385602	0.7839869027296763	0.0301	1.379921453571529	0.3673806937541751	0.129	1.1963886644650081	-0.01916294510021564	0.023	1.2006808842211092	-0.20914886686865938	0.2179	1.2556332147516454	-0.20273049683949218	0.1804	1.130341308269028	-0.05959538542888827	-0.0119	1.4764708862080433	1.4582464768387018	0.0008	1.505904824313088	1.7224090676303936	0.0655	1.466905803750934	1.5240171430873486	0.1076	1.2605475531679375	1.417762213651729	-0.01275	1.0621976398504491	1.188492319970257	0.0702	0.893196925433611	1.022536602541608	0.1076	1.6748016104848413	1.3639435443095973	-0.01275	1.7043179016644234	1.0402212857084474	0.0702	1.706649306344156	0.7794840092197112	0.1076
290	9.693973634651602	1.3600405523647714	0.8328361182617982	0.0301	1.240946291421284	0.8417608781436953	0.0301	1.0552285298262312	0.4705066814801365	0.129	0.90295267667223	0.06696392106384955	0.023	0.8199606229589099	-0.07678497424238064	0.2179	0.7684674647242603	-0.037687600175913216	0.1804	0.9150309861976731	-0.01796229882350377	-0.0119	1.4729774632621206	0.7754906318665057	0.0301	1.3671969006561033	0.35661595329920487	0.129	1.190693068583011	-0.05672167474582971	0.023	1.2044944105503317	-0.2445700417086651	0.2179	1.2585992210701122	-0.2401616130217021	0.1804	1.1247658157958063	-0.10334289269969074	-0.0119	1.4799324539339445	1.4591170895073782	0.0008	1.5137608628399764	1.7218662377504073	0.0655	1.4751588539397058	1.5229078156579146	0.1076	1.2625323260053796	1.417566370640414	-0.01275	1.062665769201457	1.1852216839358094	0.0702	0.888509188211215	1.0183223974632665	0.1076	1.6799234849146583	1.3631372663602737	-0.01275	1.7072815075937489	1.037776618406162	0.0702	1.7073111642833108	0.7785739891000301	0.1076
291	9.727401129943503	1.3585251064542192	0.8256034546148744	0.0301	1.239593034144309	0.8379478564708172	0.0301	1.0522517388410513	0.4621930992338889	0.129	0.903333076005219	0.06320623678899867	0.023	0.8160155662394035	-0.07810024573706871	0.2179	0.7665759252514815	-0.04114726675176912	0.1804	0.912118988966996	-0.02687336112951853	-0.0119	1.4717293381804135	0.7672635573508696	0.0301	1.3542078837197957	0.34574326776350467	0.129	1.1879315600958802	-0.09010843082845292	0.023	1.2099196171511595	-0.272334029851368	0.2179	1.2660418540632237	-0.27023626089191644	0.1804	1.1212372234896881	-0.14300219546204584	-0.0119	1.4840379897722484	1.459085016755589	0.0008	1.520524366939242	1.7192120272581433	0.0655	1.477218982988535	1.5179482651372986	0.1076	1.2644893247876783	1.4170133063825765	-0.01275	1.0625102377206186	1.1815568127239418	0.0702	0.8827023653273438	1.011467284708869	0.1076	1.6844778357948074	1.3619421999838373	-0.01275	1.7117941511865282	1.0337696192066834	0.0702	1.7068070588923177	0.7787655135172198	0.1076
292	9.760828625235405	1.3565328779878905	0.8197556112776341	0.0301	1.2356581779394264	0.8370409782648423	0.0301	1.0509776757467884	0.4556615933148071	0.129	0.9033172462963484	0.06228299233194074	0.023	0.8138487048462391	-0.08114362290981227	0.2179	0.7671467713587348	-0.04421517125876208	0.1804	0.9088355543968415	-0.03170093471700293	-0.0119	1.471475225927157	0.7621766293827988	0.0301	1.3439543374904759	0.3369152898434516	0.129	1.1871409604213723	-0.11614270604251452	0.023	1.2115431133595165	-0.2909188710649224	0.2179	1.2732111302621343	-0.29108087255123194	0.1804	1.1191962383236695	-0.17462121498784425	-0.0119	1.490673409614294	1.456576093804473	0.0008	1.5268880891551364	1.7178674892678343	0.0655	1.4746183604236929	1.51099128590876	0.1076	1.2685673225173977	1.4171295178755565	-0.01275	1.0625302081477583	1.1784506987171603	0.0702	0.8779791173534619	1.0037523676825628	0.1076	1.6911675175309722	1.3597708425819084	-0.01275	1.7184991391790125	1.0295484580979082	0.0702	1.7079665917503026	0.7787290531469874	0.1076
293	9.794256120527308	1.3561834210336592	0.8169347200932255	0.0301	1.2327870386721935	0.8364130313325739	0.0301	1.0507429311547285	0.45365094879265133	0.129	0.9022071088759429	0.0642146760487118	0.023	0.8130649623855161	-0.08307468249834647	0.2179	0.7690223172818034	-0.04423216059226745	0.1804	0.9067368128931218	-0.03254194914591108	-0.0119	1.4736653498904948	0.7586097570732535	0.0301	1.337210651318012	0.3316743511347561	0.129	1.1857538671867804	-0.1337548205108036	0.023	1.2065395236312624	-0.303061037223324	0.2179	1.2732879814461826	-0.3046087377867829	0.1804	1.1183293367795715	-0.19573449238485835	-0.0119	1.4990894479190573	1.4533151179520807	0.0008	1.5363007577724093	1.7192145633336682	0.0655	1.4750331716529168	1.5089127104875186	0.1076	1.2752150791101171	1.4185774784944942	-0.01275	1.0636193574192634	1.1753931115940306	0.0702	0.875619717258358	0.9986293936477315	0.1076	1.7016288382469826	1.357462654744622	-0.01275	1.726904752360932	1.0275293764553668	0.0702	1.7116538556582903	0.7758496797793257	0.1076
294	9.82768361581921	1.3568671545423998	0.8143320430390205	0.0301	1.231619832941344	0.833887763571203	0.0301	1.0491458015368595	0.4546650348202167	0.129	0.9019286238849815	0.0678606151012867	0.023	0.8141703035261791	-0.08315676500664312	0.2179	0.7708146949199978	-0.042731908882613204	0.1804	0.9072221350627103	-0.028309997738022983	-0.0119	1.475753546542729	0.7550904705594912	0.0301	1.3334592485270027	0.33050119565164054	0.129	1.1816027715462445	-0.1464743717544891	0.023	1.1974943352866192	-0.31470923808272105	0.2179	1.2641261809464404	-0.31666336139306167	0.1804	1.1149825497257324	-0.20831841620775507	-0.0119	1.5081699247328562	1.4528928570938	0.0008	1.55199273222619	1.7213101544155152	0.0655	1.4879501251783782	1.5133016945088924	0.1076	1.2826929237412055	1.4213193105262996	-0.01275	1.0661280054535391	1.172076773648585	0.0702	0.8750966593507886	0.9973344486476541	0.1076	1.7127876341912351	1.355724697857661	-0.01275	1.7351231726934944	1.0271277001628023	0.0702	1.715221276005649	0.7713592672345836	0.1076
295	9.861111111111112	1.3574064676832183	0.8116216311173469	0.0301	1.232147459424481	0.8319186016579996	0.0301	1.0472696109764819	0.45713620500392577	0.129	0.903429186470723	0.07121106825229916	0.023	0.8166017299988833	-0.08265745038876592	0.2179	0.7721713299035294	-0.04201465479700103	0.1804	0.9113953695779514	-0.019684230731428026	-0.0119	1.4753686878835728	0.7534665891802023	0.0301	1.3320309844366927	0.33138474107883525	0.129	1.1744926501357615	-0.15807047059169477	0.023	1.1871055790340719	-0.3309294319078077	0.2179	1.2500242001759565	-0.3325464437522591	0.1804	1.1057918181829842	-0.21732650580990245	-0.0119	1.518925149745715	1.4561739693912077	0.0008	1.5729497951959448	1.7211611913940255	0.0655	1.514235656019872	1.5173553202470038	0.1076	1.2909886208181975	1.424394262512556	-0.01275	1.0716701445472505	1.1693433748753357	0.0702	0.8759667244886831	0.9974398009269835	0.1076	1.722749052913721	1.3536669723834527	-0.01275	1.7417970784675463	1.0251919128650573	0.0702	1.7172077850355563	0.7688636073360618	0.1076
296	9.894538606403014	1.3583572064782228	0.8108175129782007	0.0301	1.2340865735161965	0.8314473867866911	0.0301	1.0480467613349638	0.45986474589270027	0.129	0.9050100619556607	0.07233377784518243	0.023	0.8178570887749197	-0.08164101397678478	0.2179	0.7729254900953129	-0.04223774322839134	0.1804	0.9173658618047165	-0.01292108990017814	-0.0119	1.4733072615965048	0.7527164991788695	0.0301	1.3313699650207793	0.3298714837232245	0.129	1.165825838743734	-0.16944446020954018	0.023	1.1770037866616814	-0.3508981082391596	0.2179	1.236869807056763	-0.35151152977764755	0.1804	1.0930707207947084	-0.22761779626103443	-0.0119	1.5321749110590825	1.4604060731562658	0.0008	1.5950261985377776	1.717779310826474	0.0655	1.5435274422673129	1.516180485025033	0.1076	1.3014185644423089	1.4262252079086786	-0.01275	1.0818087456677856	1.1682764818529519	0.0702	0.8786783611125578	0.9966558287495567	0.1076	1.7343031083071896	1.350201183114122	-0.01275	1.7480660865643922	1.0215550635099253	0.0702	1.7191951646604513	0.7694226046000328	0.1076
297	9.927966101694915	1.3602942097930102	0.8105802336204461	0.0301	1.2354202978435265	0.8301644041141352	0.0301	1.0492204216644794	0.4609303391826907	0.129	0.9056021944393222	0.07184488617170898	0.023	0.8176125802987263	-0.08001906127226406	0.2179	0.7730951501606222	-0.043068967250786905	0.1804	0.9208163721063577	-0.012762138607664697	-0.0119	1.4719025032459998	0.7484213247489011	0.0301	1.3296252367580355	0.3223981471811941	0.129	1.1581974253609653	-0.18054733264696152	0.023	1.1699124531380731	-0.36795183953382593	0.2179	1.228443209268195	-0.36798547128125936	0.1804	1.083038324821439	-0.23979632108546453	-0.0119	1.5465977656139942	1.4623776119693144	0.0008	1.615561113973041	1.7129544637525613	0.0655	1.5668477126329263	1.5108994412443864	0.1076	1.312731444826706	1.4273089908829744	-0.01275	1.094333794742572	1.1686884338220995	0.0702	0.8824725870468074	0.9952217470274044	0.1076	1.7488728343361561	1.345412523258613	-0.01275	1.7565696606493413	1.0178003632657688	0.0702	1.722495023794532	0.7711036800509766	0.1076
298	9.961393596986818	1.3622852321968082	0.8093504601344478	0.0301	1.2354457000552312	0.8291647500328319	0.0301	1.047116286158248	0.4598320063003187	0.129	0.905452933648296	0.07233178711917002	0.023	0.817834488860175	-0.07994550327867307	0.2179	0.7725362756316574	-0.04471093011346984	0.1804	0.9208399779274903	-0.014360184512155687	-0.0119	1.473278700120932	0.7417276534613028	0.0301	1.3279217845810427	0.31188896762917784	0.129	1.1544910313261094	-0.18989684599136664	0.023	1.1660941250624202	-0.3766939665158126	0.2179	1.2256232568160323	-0.37789238199150693	0.1804	1.079970606692925	-0.24835703352616828	-0.0119	1.5599897129905314	1.4617238796742946	0.0008	1.634480236344691	1.709883623777856	0.0655	1.584535043284162	1.5038483450165714	0.1076	1.3218321060539469	1.430258798279682	-0.01275	1.1049232883180162	1.1700199364065096	0.0702	0.8855976042359124	0.9950026178119479	0.1076	1.7636977942445706	1.3406414712308674	-0.01275	1.769562588518112	1.0138039238723227	0.0702	1.7271583033397646	0.7717770975977498	0.1076
299	9.99482109227872	1.364379209260137	0.8084010461877059	0.0301	1.2364321187644802	0.8309286739290873	0.0301	1.044595758537041	0.4584356260491894	0.129	0.9046173097904862	0.07455480947491251	0.023	0.8191791462779054	-0.08236077644143851	0.2179	0.7710275812054467	-0.04657748562338022	0.1804	0.9210054965709348	-0.009600777874070985	-0.0119	1.4782244548379755	0.738532791200178	0.0301	1.3292163636378251	0.30597658449672	0.129	1.1551956149040181	-0.19410909556077477	0.023	1.162273912635681	-0.3781271943535484	0.2179	1.2258289101216238	-0.38160944570499383	0.1804	1.0830870567751634	-0.24919196854454553	-0.0119	1.5718042609947278	1.4609818881638015	0.0008	1.6514691098800245	1.7108012370741645	0.0655	1.597360617887007	1.4982371466403408	0.1076	1.328530730400833	1.434882036305556	-0.01275	1.1120937642456872	1.1729715416259527	0.0702	0.888177758915409	0.9975227050962333	0.1076	1.7772764389085238	1.3366956824254947	-0.01275	1.7868740170495538	1.0096125990540992	0.0702	1.732921460469939	0.771873689555309	0.1076
300	10.028248587570623	1.3681954888574537	0.8082119169358423	0.0301	1.2400755590006658	0.8327274684888436	0.0301	1.045002738662846	0.4573887381835605	0.129	0.9031991511086201	0.0766789320499081	0.023	0.8215349655619018	-0.08494714729772675	0.2179	0.7696823084939018	-0.047608715289915136	0.1804	0.9229704828850362	0.0019498909059589094	-0.0119	1.4848747445359145	0.7395474600712038	0.0301	1.3326254089419194	0.30555851168197673	0.129	1.1574846290259069	-0.19214850314471996	0.023	1.157532988578087	-0.3764045893336351	0.2179	1.224954866266737	-0.38157915322456626	0.1804	1.0877738986992185	-0.24655135968973707	-0.0119	1.5840519214085655	1.4624708108973685	0.0008	1.66606598638957	1.714846590182432	0.0655	1.6032717595253916	1.498096392959646	0.1076	1.3361968260621249	1.4375739076767828	-0.01275	1.1177002208774731	1.1775825015671026	0.0702	0.8910216279023135	1.0017035432074273	0.1076	1.7909606453401699	1.3325664603283034	-0.01275	1.8054983815026562	1.0052563884379657	0.0702	1.7392720779475757	0.7724744575239603	0.1076
301	10.061676082862524	1.3734787513418345	0.8077979668271634	0.0301	1.2449386618895482	0.8309703195179579	0.0301	1.0464692865836205	0.45565443506796643	0.129	0.9019709554407728	0.076932714969689	0.023	0.8243899787418701	-0.08576113312661698	0.2179	0.7697035661714647	-0.04794411952561586	0.1804	0.9244518163474009	0.012695358394927178	-0.0119	1.4898740953285665	0.7397474297948711	0.0301	1.3341357438643544	0.3030930568603101	0.129	1.1589577056638105	-0.1876574581143429	0.023	1.154375155783992	-0.3747513232947741	0.2179	1.2218899100552005	-0.3800266639641792	0.1804	1.0904137384379535	-0.2460667785842552	-0.0119	1.5975024070076218	1.4656005398703074	0.0008	1.6798318084794208	1.718941597768984	0.0655	1.6065417338884536	1.5018987949463256	0.1076	1.3464519544873506	1.4370127847029357	-0.01275	1.1233433431096782	1.1812521209720368	0.0702	0.8929229943753838	1.0046049543004105	0.1076	1.8046196150388423	1.328344423796913	-0.01275	1.8221301152647578	1.0001501444075818	0.0702	1.7456683096574788	0.772644025580268	0.1076
302	10.095103578154426	1.377624322408278	0.8066708879260862	0.0301	1.2480573457730368	0.8276207298759478	0.0301	1.0470791468298366	0.4537846570839663	0.129	0.9013250015174097	0.07560743952889641	0.023	0.8261763817764901	-0.085144615923327	0.2179	0.7703211456983996	-0.048108391099626155	0.1804	0.9232824895403359	0.016949805180091215	-0.0119	1.4919714504790218	0.7369303470722145	0.0301	1.3328738674888287	0.2955432725534882	0.129	1.1599251815166554	-0.18539589804060932	0.023	1.1542188671533695	-0.37543828952054337	0.2179	1.219027668002404	-0.3787963923282941	0.1804	1.0909628198176253	-0.24736851977762755	-0.0119	1.6090475336600252	1.4679115882428393	0.0008	1.6940595397290954	1.7216093750675594	0.0655	1.6150060545303557	1.5042506230162533	0.1076	1.3570735642975742	1.4362372536008907	-0.01275	1.1285372969424379	1.1818102221162516	0.0702	0.8926773746948165	1.0050660436732008	0.1076	1.8162930335826246	1.3270789399934153	-0.01275	1.8354254572770374	0.9961003908963922	0.0702	1.751439425850685	0.7720252278981897	0.1076
303	10.128531073446329	1.379370100829459	0.8041691836411413	0.0301	1.248668047375451	0.8263111515528652	0.0301	1.0457919336387933	0.45338936456141854	0.129	0.9005333411189616	0.07514951635748576	0.023	0.8262709778262332	-0.08423112610243766	0.2179	0.7700316918235174	-0.04756844501389123	0.1804	0.9203445475781686	0.018024112331438212	-0.0119	1.492789902423501	0.7336049920716411	0.0301	1.3315987937375822	0.2880892011860437	0.129	1.1606472742458132	-0.1866870367371741	0.023	1.1555623114185427	-0.3778514139790477	0.2179	1.2181247765568575	-0.3786043117158806	0.1804	1.0902403043221112	-0.24871272611617637	-0.0119	1.6165410639034858	1.4688802912740424	0.0008	1.7074729890583145	1.7240942483487687	0.0655	1.6287198204934814	1.5051145764574254	0.1076	1.3664877545219123	1.438345741614292	-0.01275	1.1329523494477096	1.1812273591315858	0.0702	0.8917200183416317	1.0043375725767143	0.1076	1.8255908111345531	1.3302272538079785	-0.01275	1.8464226024657817	0.9962665889456368	0.0702	1.7564316308637107	0.7725488079213069	0.1076
304	10.16195856873823	1.3797056158292205	0.8001073997535731	0.0301	1.2486535768482505	0.8261831706893547	0.0301	1.0403730520233898	0.4546157839037998	0.129	0.8990580538329849	0.07823163729301363	0.023	0.8248920130332585	-0.08343393495075258	0.2179	0.7687977875922971	-0.04612093219473316	0.1804	0.9198392160962635	0.022633236950662224	-0.0119	1.4936100368282983	0.7305880001038031	0.0301	1.3321783534818856	0.2841867696628672	0.129	1.1600149191086842	-0.1895111572367244	0.023	1.1546764834458336	-0.3772495625443138	0.2179	1.2183262810351876	-0.3788547951203727	0.1804	1.0891048470043492	-0.2509493672753476	-0.0119	1.6230051275690627	1.4704643626427278	0.0008	1.7184100335522225	1.7268816802408955	0.0655	1.640951304184144	1.5079402388881047	0.1076	1.3759258200640903	1.4428667285818493	-0.01275	1.1379124512207555	1.1831484545605961	0.0702	0.892081989283349	1.0038037630663692	0.1076	1.8346584818709926	1.3338316519470717	-0.01275	1.856683630124887	0.9998007125641578	0.0702	1.7622050087841377	0.7749653872772391	0.1076
305	10.195386064030133	1.3793937966355612	0.7971492627041052	0.0301	1.2490014840342123	0.8256013191724811	0.0301	1.030902092820422	0.4563339366680428	0.129	0.8971740279270493	0.0842932456668376	0.023	0.8215423883101478	-0.08370897195885665	0.2179	0.7677405905021581	-0.04558608859823865	0.1804	0.9236438113004642	0.031225486363284878	-0.0119	1.4941324406584764	0.7270419255838242	0.0301	1.333604419791619	0.2822693503070621	0.129	1.1582624499994334	-0.19215975617483458	0.023	1.1494889424920702	-0.3721164608232133	0.2179	1.2182169616447918	-0.3791140774611331	0.1804	1.089579720136476	-0.25463942240210324	-0.0119	1.6324638628211647	1.4728237259987318	0.0008	1.7264246910775982	1.7291284378489016	0.0655	1.6461537352312905	1.512904681805021	0.1076	1.3861591715879942	1.4471487657787527	-0.01275	1.143826393202157	1.187325021845839	0.0702	0.8932865731931996	1.0035461460477504	0.1076	1.8459497334076391	1.3331716426454785	-0.01275	1.8669717248370188	1.0016863278259094	0.0702	1.77026623638551	0.7770663881085196	0.1076
306	10.228813559322035	1.379451706699842	0.7985817820745528	0.0301	1.2491808392711428	0.8281177062088245	0.0301	1.0216560133257149	0.4605387478893521	0.129	0.8953970561322728	0.0897373346921278	0.023	0.816998181061614	-0.08706997438032146	0.2179	0.7670294370853484	-0.048062265479722595	0.1804	0.9259759246000997	0.03782080261886332	-0.0119	1.4945803326901481	0.7252794763934458	0.0301	1.3336587880064865	0.28056141625532804	0.129	1.1576051488100967	-0.19438544838567529	0.023	1.1431329146805242	-0.36792164276354383	0.2179	1.217500882934288	-0.37938023726128867	0.1804	1.0925076401756633	-0.2576743246427694	-0.0119	1.6442212296525152	1.4735361156993054	0.0008	1.7323801632241078	1.732004412792447	0.0655	1.645630515154246	1.5181057454489748	0.1076	1.39562572267422	1.450298662879007	-0.01275	1.1483373305294706	1.1901453349570146	0.0702	0.8933376750359261	1.002181669904043	0.1076	1.8585225804230443	1.3289154445075777	-0.01275	1.8778025780326013	0.9986997519448629	0.0702	1.779409649924284	0.7761960760238819	0.1076
307	10.262241054613936	1.381514016472084	0.804259167638366	0.0301	1.2500422524728567	0.8368603694122477	0.0301	1.0168373928581849	0.47194432111532203	0.129	0.8938758973288121	0.09104123353073643	0.023	0.8140583089756867	-0.09269575820914096	0.2179	0.7661872254435805	-0.05297738288304311	0.1804	0.9206258680567472	0.03632940015535179	-0.0119	1.4957937316300471	0.7278353729010726	0.0301	1.331918870607667	0.2793066385559062	0.129	1.1585871420870602	-0.1958821524362895	0.023	1.1396137794412196	-0.3678080005921707	0.2179	1.2161242046605132	-0.3790924223147288	0.1804	1.0957214917175437	-0.25747555630021784	-0.0119	1.6545245112620288	1.4724052314870655	0.0008	1.7382532828309034	1.7370003149401705	0.0655	1.6454158865347002	1.5228210979847137	0.1076	1.4032109105759774	1.4536497501091334	-0.01275	1.1501254189340733	1.190419378746514	0.0702	0.8923059738161639	0.9999121963746342	0.1076	1.8679814955537597	1.325495612418057	-0.01275	1.8880590946085114	0.9921914900314339	0.0702	1.7871300339328435	0.7710337971508693	0.1076
308	10.29566854990584	1.3845627359142954	0.8112545041183797	0.0301	1.2531320412505362	0.8473208532802601	0.0301	1.016713656704566	0.4870616350505646	0.129	0.8918054914476762	0.0857514652699527	0.023	0.8140393653914109	-0.09714659363344033	0.2179	0.7659017057850767	-0.05796031305686359	0.1804	0.9105179507760296	0.025212954169556278	-0.0119	1.4973908464107915	0.7326935812731502	0.0301	1.3307133939485856	0.2802949238371305	0.129	1.1593077801276046	-0.1961253526060184	0.023	1.1385948620173543	-0.3683853000021731	0.2179	1.213708557841773	-0.377790654695142	0.1804	1.0970380782263183	-0.2550710895694578	-0.0119	1.6622481753725877	1.472252622844539	0.0008	1.7449993470473801	1.7418039771966183	0.0655	1.6472762189253987	1.526824705565087	0.1076	1.4101789526475368	1.4569968015126025	-0.01275	1.152245381236586	1.1902231850391733	0.0702	0.8922128674963469	0.9999945903478392	0.1076	1.872306521740211	1.325952712972767	-0.01275	1.8946786432061544	0.9860230027764629	0.0702	1.7927562106999506	0.7626169300848343	0.1076
309	10.32909604519774	1.3857210160708544	0.8163974038111453	0.0301	1.2566891032715046	0.8528672477926756	0.0301	1.0185949317024163	0.4957058309474071	0.129	0.8890523091434418	0.07579905178675045	0.023	0.8144865504402703	-0.1006438633640577	0.2179	0.7664112184730344	-0.06228489915915463	0.1804	0.9052789888058497	0.010186202209512357	-0.0119	1.4982491740081285	0.7356357516315228	0.0301	1.3318289929109088	0.2840651579247026	0.129	1.1590979826421606	-0.19522251903579338	0.023	1.1381467829534637	-0.36736217119034065	0.2179	1.2112136851605508	-0.37657503893269895	0.1804	1.0967728071255842	-0.2540296373192	-0.0119	1.6690030450911977	1.473934901150514	0.0008	1.7519839718346186	1.7432257390933097	0.0655	1.6504399531447624	1.5280102218022245	0.1076	1.4175001969836176	1.4587133375496288	-0.01275	1.1570106263946087	1.1908607932649027	0.0702	0.8935075623040468	1.0031881859026464	0.1076	1.8741240031889024	1.3290109394173486	-0.01275	1.8964752677141543	0.9827968415432644	0.0702	1.7975935109240093	0.7547119415113965	0.1076
310	10.362523540489644	1.384579221263975	0.8179072277602084	0.0301	1.2567918992887843	0.8528746571062629	0.0301	1.0191099380305981	0.4956793615953754	0.129	0.8869681933863296	0.06735537259986732	0.023	0.8111442082535492	-0.10771836581384348	0.2179	0.7646974068704115	-0.0681366778842127	0.1804	0.9093979628036064	-0.001581647908440846	-0.0119	1.4976882113558536	0.7355079816869466	0.0301	1.3336734872117524	0.2875891037002606	0.129	1.158969927813546	-0.19358909239398625	0.023	1.138462899980579	-0.3666196461319203	0.2179	1.2106917504830625	-0.37682586022026987	0.1804	1.0960097078457915	-0.25470772595526714	-0.0119	1.6751552030230406	1.47521288729018	0.0008	1.759167530415736	1.7418399958356703	0.0655	1.6575481058014332	1.5236900335210168	0.1076	1.424318943095872	1.4597083085715885	-0.01275	1.1621079083751642	1.1925376603249438	0.0702	0.8952275010895506	1.006789026323885	0.1076	1.8762757851723353	1.3307716364076467	-0.01275	1.8953824811844904	0.9809929599587444	0.0702	1.8027191680737975	0.7503644672054105	0.1076
311	10.395951035781545	1.3827367032492124	0.8167519283970658	0.0301	1.2531256883057766	0.8508696260223981	0.0301	1.015785562962951	0.4901025242280821	0.129	0.8851371218011019	0.060534061714235955	0.023	0.8020464699032905	-0.12114904802241915	0.2179	0.7570596719933085	-0.07875973367932142	0.1804	0.9150004706604439	-0.013404388840318448	-0.0119	1.4957230890411648	0.7344263989635768	0.0301	1.3335757145483966	0.2880091558197518	0.129	1.1591751538005557	-0.19131529897010574	0.023	1.1395216601559517	-0.36718022734088035	0.2179	1.2121364705473918	-0.3778572327059359	0.1804	1.0956491772402708	-0.2538929512835301	-0.0119	1.6799388534087023	1.4749662155100185	0.0008	1.7665233923861632	1.740922328919651	0.0655	1.6664210247514022	1.517299916852013	0.1076	1.4305722307752988	1.4624751488189964	-0.01275	1.1657867950624368	1.1960912753235564	0.0702	0.896937225283701	1.009965493017697	0.1076	1.879437744367187	1.3300690826410129	-0.01275	1.8932474861717714	0.9773446270616128	0.0702	1.8072087033013362	0.7488676066112868	0.1076
312	10.429378531073446	1.380664109986171	0.8156888013356788	0.0301	1.2491382147200607	0.849233827885475	0.0301	1.0089777414836831	0.47755695053965785	0.129	0.8806648130925003	0.046646157193710264	0.023	0.789490208236683	-0.13838455367881464	0.2179	0.7445755762108248	-0.09428518274939658	0.1804	0.9116429008985198	-0.03862992349134185	-0.0119	1.4934469564614121	0.7338504929005897	0.0301	1.3309910367775528	0.28612921037982036	0.129	1.1592263378097478	-0.18866642593955518	0.023	1.1389157583729013	-0.3674182242998483	0.2179	1.213614952093289	-0.37787379062018067	0.1804	1.0967001135591197	-0.25097192870313784	-0.0119	1.6837347776616363	1.4740384900392685	0.0008	1.772641264921214	1.74363081569572	0.0655	1.667706891961768	1.5188011993614905	0.1076	1.4372915002401627	1.4672985215235161	-0.01275	1.1690473497854008	1.200711025095015	0.0702	0.8983362221425503	1.0127785337654025	0.1076	1.8831289340008845	1.3279335050744896	-0.01275	1.8902891239455162	0.9693776710410844	0.0702	1.808842869129471	0.7475145063816748	0.1076
313	10.46280602636535	1.378479533085442	0.8162667726181813	0.0301	1.247145431023535	0.8486455771097576	0.0301	1.0030482348628011	0.4594229496981019	0.129	0.8727012894027694	0.02157207128736459	0.023	0.7774313503572315	-0.15486139207677999	0.2179	0.7312288887645466	-0.11089461841938016	0.1804	0.9000397252081113	-0.08073011119537396	-0.0119	1.4920596306681904	0.7338277514685719	0.0301	1.3275332797263217	0.28405946494204165	0.129	1.1589629563933908	-0.1865640256770828	0.023	1.1355085402290384	-0.3668193283724096	0.2179	1.2142663588788272	-0.376394595654018	0.1804	1.098722914448229	-0.2482717343662828	-0.0119	1.6879963823290656	1.4726498277506743	0.0008	1.7762830078546081	1.7497004939746934	0.0655	1.6585747893529663	1.5308939233264667	0.1076	1.4443362179329047	1.4722916756428517	-0.01275	1.1722629075885462	1.2038061596550518	0.0702	0.8996372467637147	1.0145736129064777	0.1076	1.8868133544916428	1.3232484355781833	-0.01275	1.8863497248791044	0.9575286663440745	0.0702	1.80692656586022	0.7445011762603428	0.1076
314	10.49623352165725	1.3778570542894344	0.8173071539027894	0.0301	1.2469511488894367	0.8492272540277858	0.0301	1.0039698316558159	0.44526272337979284	0.129	0.8643591751513452	-0.004964665103563343	0.023	0.7680454783921089	-0.16917281404447798	0.2179	0.7184471379055155	-0.12566998879410635	0.1804	0.8887948912990679	-0.11885732283835937	-0.0119	1.4916060355462661	0.7341653177422144	0.0301	1.3252971898108288	0.28312845736884873	0.129	1.158746371237492	-0.18633187665484663	0.023	1.1318045733386164	-0.36674239289888433	0.2179	1.2145562198931183	-0.37443378051757326	0.1804	1.1001860521637756	-0.24624344281943264	-0.0119	1.6930958014980921	1.4710752461859415	0.0008	1.7773725870623032	1.7546582745766506	0.0655	1.6474759135918369	1.5423382873341582	0.1076	1.4499456524731997	1.4760085444055937	-0.01275	1.1747847272659588	1.2056446981214761	0.0702	0.9013029376917787	1.0159093451707635	0.1076	1.890079982529611	1.3155589794397684	-0.01275	1.882118446117751	0.9475728123300048	0.0702	1.803437901559826	0.739879782969063	0.1076
315	10.529661016949154	1.3794866195631403	0.8167985764697059	0.0301	1.24767749232326	0.8501563816624992	0.0301	1.0126983659930402	0.4409899787890375	0.129	0.8578205502693605	-0.021312057166974544	0.023	0.7615268763611305	-0.18049269832707618	0.2179	0.7070527541594549	-0.13661733720936423	0.1804	0.8813727598295142	-0.13379626795917873	-0.0119	1.4914991904128492	0.7341709294159637	0.0301	1.3255142033748373	0.2838445747306266	0.129	1.159230898431637	-0.18850085186741602	0.023	1.1302311427330098	-0.3671416586741925	0.2179	1.2147863628751254	-0.3732699284058483	0.1804	1.1005928842444848	-0.24510447924197235	-0.0119	1.6967959391191574	1.470858107515239	0.0008	1.777060388246762	1.756328827225054	0.0655	1.6428233410590916	1.544731831563736	0.1076	1.4517647499771205	1.4782075788728528	-0.01275	1.1762093272454175	1.2080964503736114	0.0702	0.9022728785799786	1.016832758167542	0.1076	1.8916779011464413	1.3082187555763516	-0.01275	1.8788253983541972	0.9433908250202305	0.0702	1.800639811813718	0.7348740788046916	0.1076
316	10.563088512241055	1.3815557180703693	0.8150201612289748	0.0301	1.2496458817944849	0.8500940733975235	0.0301	1.0230609300353475	0.4425397447442317	0.129	0.851076605510391	-0.028986510976646077	0.023	0.7557515426653886	-0.18568868403324645	0.2179	0.6989753490655718	-0.14061889574804531	0.1804	0.8737754708610551	-0.13782282726955836	-0.0119	1.4917330955077637	0.7337171048718953	0.0301	1.3280580700568074	0.2856606489168595	0.129	1.1603698689380662	-0.19152449869325372	0.023	1.1306309663437295	-0.3661415585514735	0.2179	1.2147730520053435	-0.3732233799203475	0.1804	1.100318595562563	-0.2471764053651918	-0.0119	1.6969300275586423	1.4727612841151065	0.0008	1.7773044307297807	1.757877353049157	0.0655	1.6428490699727967	1.5455132542950838	0.1076	1.4505771102077099	1.479123300038931	-0.01275	1.1772350504815852	1.210112922988852	0.0702	0.9017100057523527	1.0164841937548654	0.1076	1.8903278956104392	1.305208410038239	-0.01275	1.8766719069427134	0.9408973938053261	0.0702	1.7981724591972492	0.7312110733243992	0.1076
317	10.596516007532957	1.3830723541794174	0.8139992418594468	0.0301	1.253825630741978	0.8486663143242928	0.0301	1.029101284176168	0.4428744885205975	0.129	0.8426847080073204	-0.035878092749649565	0.023	0.7474101776631774	-0.18531208019649428	0.2179	0.6934737776267973	-0.13959251613574641	0.1804	0.8636521848508343	-0.14997560045565178	-0.0119	1.4935249637353052	0.7338250970165178	0.0301	1.331480102972407	0.28744794460660955	0.129	1.16112712630897	-0.1934918375935448	0.023	1.131896889632487	-0.36345092545769647	0.2179	1.2141973162253157	-0.3735140013635	0.1804	1.0999186867229895	-0.2525328991074962	-0.0119	1.6935253710381653	1.4757827065030928	0.0008	1.778108157491726	1.7609806717015044	0.0655	1.6415690507674054	1.5528841669024631	0.1076	1.449793616926851	1.4797372127710777	-0.01275	1.1791388935006615	1.2102774554675857	0.0702	0.9011884503490699	1.0160870600931815	0.1076	1.886578181301798	1.3085550475760213	-0.01275	1.8741000790526894	0.9371702498751276	0.0702	1.7933889240303873	0.7291798064027151	0.1076
318	10.62994350282486	1.3852729289178327	0.8143375428943068	0.0301	1.2586351537510927	0.846308338882779	0.0301	1.0311336775772988	0.4371850206635505	0.129	0.8346795045945204	-0.04434527165920095	0.023	0.7371467119250065	-0.1855007587474075	0.2179	0.6880183548115071	-0.14212967974916305	0.1804	0.8543736082900706	-0.16583346884280534	-0.0119	1.4978842768308438	0.7347483324481457	0.0301	1.3340441647852825	0.28768944078500075	0.129	1.1609053299463519	-0.19447115798434603	0.023	1.1331376197840743	-0.3615226969391907	0.2179	1.2130225083045898	-0.3736615472489976	0.1804	1.0996705874254336	-0.25713179707621303	-0.0119	1.6872603896932905	1.4785766416373716	0.0008	1.7770018191849697	1.7628333704150743	0.0655	1.6403272036103826	1.5607956470951616	0.1076	1.4477773045553926	1.481220698972623	-0.01275	1.1815810202339825	1.210230774827472	0.0702	0.9020129965538355	1.018159658168408	0.1076	1.8819398568100307	1.3171030022399426	-0.01275	1.8691351234885456	0.9360258695437859	0.0702	1.7854309644990822	0.7260929957931075	0.1076
319	10.663370998116761	1.3887171800501261	0.8143437199224558	0.0301	1.2609591735895236	0.8427863641960063	0.0301	1.03245862760205	0.4251737182275246	0.129	0.8290167654148022	-0.05297220199352431	0.023	0.7284284720034412	-0.19106488575893943	0.2179	0.6815849593454445	-0.15230446903306374	0.1804	0.8490928509462288	-0.17454533815434112	-0.0119	1.502938767264331	0.735234481681792	0.0301	1.3350963100621034	0.28464547938215357	0.129	1.1601859179900655	-0.195147027058594	0.023	1.1333988359347005	-0.3620571960282187	0.2179	1.2118492039666635	-0.374118371846458	0.1804	1.0992119476756574	-0.25807232011862524	-0.0119	1.679822495872319	1.4806045249428175	0.0008	1.7724884852605314	1.7622965747102501	0.0655	1.6418387350415051	1.5614457181319266	0.1076	1.4403113744679974	1.482862082006757	-0.01275	1.1825882014882563	1.2115569492168836	0.0702	0.9030626313289419	1.0223334143015157	0.1076	1.8772914021803186	1.3260789524101941	-0.01275	1.8615534693050435	0.939473063615165	0.0702	1.7779880987048757	0.7212560098652149	0.1076
320	10.696798493408664	1.3911252758596562	0.8113771334480795	0.0301	1.259871447557652	0.8365170204502679	0.0301	1.0323501953705996	0.4108138856235204	0.129	0.8265755099809641	-0.06020360499432913	0.023	0.7223957526368207	-0.2007703007461212	0.2179	0.6744294341153484	-0.16375760783873808	0.1804	0.8465656002603467	-0.17742577631968048	-0.0119	1.5047398597571569	0.7328792745490441	0.0301	1.33484174057786	0.2772077729239652	0.129	1.1596708691318829	-0.19550349875352568	0.023	1.1322315587081084	-0.36426122300038755	0.2179	1.211467161834627	-0.3754192517514885	0.1804	1.098827366196913	-0.2568817021469505	-0.0119	1.6742401372284947	1.4824144736762213	0.0008	1.7646004108084734	1.762299070317992	0.0655	1.6388107616079561	1.5590367308707374	0.1076	1.430177169598361	1.4821295829795043	-0.01275	1.1805557157771265	1.212586043139043	0.0702	0.9030794065902323	1.0248740002869914	0.1076	1.8730736593923247	1.3314405728992236	-0.01275	1.8531712116386845	0.9441145733880026	0.0702	1.7751454441442662	0.718115987961454	0.1076
321	10.730225988700566	1.3905075579379138	0.8047590068220668	0.0301	1.256449274182622	0.8275734688701716	0.0301	1.0273332385569676	0.39802439914831755	0.129	0.8273915142019039	-0.06635491570025519	0.023	0.7191599870795281	-0.21036837676517092	0.2179	0.6682224419174194	-0.170724088349077	0.1804	0.844735513153152	-0.18088996158309084	-0.0119	1.5024165673249312	0.7263743716906896	0.0301	1.3333629854943738	0.266092014440664	0.129	1.159614975289553	-0.19622201302113973	0.023	1.1307003192197207	-0.3663326058902351	0.2179	1.2118671680070907	-0.37726969704642066	0.1804	1.0996438093751255	-0.25628036366089263	-0.0119	1.671318874647857	1.4847519658987811	0.0008	1.7538817678230156	1.7651390315355608	0.0655	1.6239862035554105	1.5609188159771348	0.1076	1.4222095525807448	1.4781542986287142	-0.01275	1.1753800377543235	1.2113983719854478	0.0702	0.9024996580447908	1.024096197559759	0.1076	1.8698255624735216	1.3335129012711264	-0.01275	1.845655958379551	0.9479395385454851	0.0702	1.7758976815723564	0.7174876344334745	0.1076
322	10.763653483992467	1.3885632287534495	0.7981042338403032	0.0301	1.252940045176242	0.8205140233093827	0.0301	1.0199717732176108	0.3891086404376634	0.129	0.828885523023364	-0.0743956293937496	0.023	0.7187628829154743	-0.21911937879737928	0.2179	0.6642659641745187	-0.17704154818144635	0.1804	0.8442279130503443	-0.18778269211547963	-0.0119	1.4994900187574296	0.7188444560220839	0.0301	1.3312771751314898	0.25600562759337414	0.129	1.1595336598474533	-0.19786240875570096	0.023	1.130161798445263	-0.36640934934405006	0.2179	1.2120131173162758	-0.3783715923757382	0.1804	1.1015978743717119	-0.25673642433024085	-0.0119	1.6679046731641334	1.4879149420725668	0.0008	1.7423870045921983	1.7704833812616239	0.0655	1.6036774555303404	1.5667147001280077	0.1076	1.4143762193787521	1.4735607274966873	-0.01275	1.1678915341613547	1.208799676518197	0.0702	0.9016008901674262	1.0217910602637015	0.1076	1.8674249462647485	1.3350154161720686	-0.01275	1.8394457275863059	0.953127174067734	0.0702	1.7766807647561094	0.7168211122089929	0.1076
323	10.79708097928437	1.3872769102758895	0.7952187819071435	0.0301	1.251475046511131	0.8186887803277109	0.0301	1.0175059489488227	0.3833865896182417	0.129	0.8289810322414699	-0.08520782177662976	0.023	0.7200141168705393	-0.22866081540271432	0.2179	0.661812359384345	-0.1865824931827996	0.1804	0.8459409096583949	-0.19630311303303521	-0.0119	1.4984182376235242	0.7145376871704323	0.0301	1.329936479570186	0.25208457939295864	0.129	1.1586765930029306	-0.19895843584321	0.023	1.130159901001791	-0.3647088963793606	0.2179	1.2109053960630265	-0.37789078548458327	0.1804	1.1031277348439572	-0.2572051882595557	-0.0119	1.6612509684401946	1.492220796033555	0.0008	1.7316119022838694	1.7775876105498973	0.0655	1.5871847896786924	1.572908079861012	0.1076	1.4038006206326108	1.4713142052122448	-0.01275	1.1593686237249718	1.2059007082412807	0.0702	0.8989065598191497	1.0183308283739256	0.1076	1.8643481155009973	1.3380579789935787	-0.01275	1.8351003462806388	0.9604760612360492	0.0702	1.7763838982485467	0.7154762453616409	0.1076
324	10.830508474576272	1.3858012409900227	0.7946265475842147	0.0301	1.2514309473211753	0.8184830306010887	0.0301	1.021125178072826	0.3756478190391689	0.129	0.8294267183937465	-0.0957811506603829	0.023	0.7217346263105432	-0.23743599943416369	0.2179	0.6612278072175992	-0.19505794427788556	0.1804	0.8485249220890149	-0.20342007293714515	-0.0119	1.4980770430385368	0.7134996851922553	0.0301	1.3292379312348015	0.2519911538636876	0.129	1.1573909182756956	-0.19825384494744253	0.023	1.129228312486433	-0.36394951926392155	0.2179	1.208726264579205	-0.3769530219873763	0.1804	1.1031636728273961	-0.257324520279254	-0.0119	1.6526628632987808	1.4972258636589117	0.0008	1.7200857816460826	1.785617541814116	0.0655	1.5743449959726252	1.5800382015989651	0.1076	1.3933300613800788	1.4717024754877774	-0.01275	1.1518362497985093	1.2022818977994023	0.0702	0.8939959273655534	1.0133106368812226	0.1076	1.8593864054293057	1.3424405683395233	-0.01275	1.8334733520916249	0.966031996173504	0.0702	1.7754167556147014	0.714102185145782	0.1076
325	10.863935969868173	1.3833098329031073	0.7926931466583881	0.0301	1.2507929268336027	0.8152697680933464	0.0301	1.0260910276862039	0.36430593585761456	0.129	0.8312741513474734	-0.10348988779767421	0.023	0.7223848870686671	-0.24467956929181883	0.2179	0.6630192732764807	-0.2000709278301484	0.1804	0.8499248551395353	-0.20883741607966197	-0.0119	1.4970290764792484	0.713521289909484	0.0301	1.3280992888650378	0.25013967808288784	0.129	1.1568091284945596	-0.1967501408539356	0.023	1.1271894431448577	-0.36518919444157477	0.2179	1.2066622093903907	-0.3771728001663811	0.1804	1.102318484904753	-0.25745560573056653	-0.0119	1.6442273155238516	1.5014058074740575	0.0008	1.706565594408539	1.7923620174473827	0.0655	1.5637668798843944	1.5893931010156206	0.1076	1.3855146550173771	1.4735103686124367	-0.01275	1.1463058796338643	1.1981367909974838	0.0702	0.8894250081643348	1.0088793307718023	0.1076	1.85334687257833	1.3461419534000292	-0.01275	1.8339630696223594	0.9673867935895317	0.0702	1.7737309291790027	0.7131932135725741	0.1076
326	10.897363465160076	1.3807917649982968	0.7894871040638985	0.0301	1.2493809047343403	0.8104145807153138	0.0301	1.0297869001235513	0.35554869806081846	0.129	0.8323292323632038	-0.1081002054655238	0.023	0.7208197331551625	-0.25357933246482917	0.2179	0.6643367389258739	-0.20714028483993677	0.1804	0.8496014430910521	-0.2139322123414191	-0.0119	1.4956059343801025	0.7136217451634901	0.0301	1.32730228035109	0.24723295080511554	0.129	1.157007578094917	-0.19600519585434176	0.023	1.1251635423289412	-0.3666707238170329	0.2179	1.206055230197494	-0.3785152355480931	0.1804	1.1016145882613761	-0.2572701849306516	-0.0119	1.6354024116424655	1.5042523429823667	0.0008	1.6922756390930445	1.7961978048269476	0.0655	1.5581153003724642	1.5980479011192936	0.1076	1.378163823242007	1.4761173897293205	-0.01275	1.1417012063543484	1.19515241037775	0.0702	0.8867262073691573	1.0061787289853952	0.1076	1.8475605091225085	1.347855078614228	-0.01275	1.834496322871281	0.9680431965691146	0.0702	1.771744464727842	0.7133761534478325	0.1076
327	10.930790960451978	1.379136407240946	0.7874867378242886	0.0301	1.2482978194482106	0.8077049898693291	0.0301	1.0316774266543822	0.3525999860193675	0.129	0.8313930881309202	-0.11053595413317262	0.023	0.7192179404261188	-0.2640870258289804	0.2179	0.6629938727629061	-0.21848481193737362	0.1804	0.8486346230367365	-0.2181227046266854	-0.0119	1.4946549549996175	0.713747076006712	0.0301	1.3277315580154403	0.24654804847638453	0.129	1.1569762823006233	-0.19655896750934618	0.023	1.1248058733739383	-0.3672941744644349	0.2179	1.207121837746768	-0.3797970493312597	0.1804	1.1007476373219247	-0.2566631431837093	-0.0119	1.62517369068111	1.5068864071297565	0.0008	1.6779337570179151	1.799436912024578	0.0655	1.5536911441968408	1.6041544471340494	0.1076	1.3688216096294932	1.4795363521466496	-0.01275	1.1370599862319184	1.1943591866120313	0.0702	0.8841018148568759	1.003279357734899	0.1076	1.8416646808689023	1.3491037401074963	-0.01275	1.8335855332024578	0.9721109763393397	0.0702	1.7705040403307084	0.7128776654505646	0.1076
328	10.96421845574388	1.3782754547814848	0.787343896574775	0.0301	1.2480739184353835	0.8077479829854214	0.0301	1.0302302452646654	0.3524331909463478	0.129	0.8300903983062835	-0.11235740215862752	0.023	0.7196526860948005	-0.2725359818794319	0.2179	0.6607041640042416	-0.2281872125819958	0.1804	0.8480700179793458	-0.22026449929513886	-0.0119	1.4942155051646873	0.7138744129249072	0.0301	1.3275268407432128	0.24714861175550482	0.129	1.1560008454243775	-0.19830421850304045	0.023	1.127738614253722	-0.36825386675460536	0.2179	1.208516116757611	-0.38028219756181203	0.1804	1.0985723852354627	-0.25768536358664657	-0.0119	1.6143480153596843	1.5106656708999282	0.0008	1.6619429649504467	1.8065630402787916	0.0655	1.5403577294286879	1.611532666303487	0.1076	1.3580049734000252	1.483564098775542	-0.01275	1.131988361672242	1.1954158390272092	0.0702	0.8801301471681494	0.999652705489097	0.1076	1.8337983384584375	1.3544950982523674	-0.01275	1.8311615823420766	0.9798471471712782	0.0702	1.770271957560329	0.7092913059189303	0.1076
329	10.997645951035782	1.3778481493373562	0.7879806281143481	0.0301	1.2479209512284795	0.8086467427541478	0.0301	1.0256841700463093	0.35341318506505653	0.129	0.8299641294642931	-0.1150403528410212	0.023	0.7194037783115992	-0.2784830455990116	0.2179	0.6588412886434464	-0.2323260981913163	0.1804	0.8480638350383429	-0.22168917937826568	-0.0119	1.4939421356678462	0.7139008376318374	0.0301	1.3250572110399383	0.2468114870023192	0.129	1.1544129187603378	-0.20064672562788266	0.023	1.1327352648249938	-0.3710823121483769	0.2179	1.2095910879670915	-0.3802010743773254	0.1804	1.0953849982069839	-0.2615629747431811	-0.0119	1.6041250673889071	1.516157244021747	0.0008	1.6432822996050502	1.8179485279652576	0.0655	1.5169758291544784	1.6226814898366007	0.1076	1.3477741273783805	1.487340475037493	-0.01275	1.1258281764753282	1.1977640067623105	0.0702	0.876165638299541	0.9970621490725811	0.1076	1.8232882175251455	1.3669592545753653	-0.01275	1.827932053000994	0.9886147514786103	0.0702	1.7699724660568226	0.7049793697032224	0.1076
330	11.031073446327683	1.3771287912774652	0.7884796527848518	0.0301	1.2454719914445895	0.8080874075758272	0.0301	1.0216119700187087	0.35561053522366953	0.129	0.8300795673097566	-0.11842942935663232	0.023	0.7160124364393712	-0.28316645181882993	0.2179	0.6559644134213398	-0.2340159723062631	0.1804	0.848288136336796	-0.2237279633563683	-0.0119	1.4936326447705555	0.7134726665442042	0.0301	1.3219264238502115	0.24599846748001933	0.129	1.153415180318522	-0.20237180139001143	0.023	1.1358786759802628	-0.37535465250963695	0.2179	1.2111634981950945	-0.3796298292019485	0.1804	1.094213636194621	-0.26472007944206066	-0.0119	1.5943194292115672	1.5225809570473288	0.0008	1.6239729784283305	1.8287180234734788	0.0655	1.4935695803267495	1.6341745803122842	0.1076	1.3391682854072977	1.4900591917149968	-0.01275	1.1180093175393289	1.2003968430488938	0.0702	0.8743301231352183	0.9959246496739121	0.1076	1.8120725556684278	1.3825804971948765	-0.01275	1.8241551935205218	0.996210054894167	0.0702	1.7682666444242372	0.7039464055240235	0.1076
331	11.064500941619587	1.3754084705912992	0.7881527344627965	0.0301	1.2401589560085433	0.8044485015867415	0.0301	1.019991242993072	0.35687081805326004	0.129	0.8291865901770865	-0.12146814650474425	0.023	0.7121649677132934	-0.2857058204328962	0.2179	0.6511155893305958	-0.23674158529994774	0.1804	0.8484797116529037	-0.22583591543050016	-0.0119	1.4930418559820335	0.7124949810743367	0.0301	1.320054653031047	0.24566121958366216	0.129	1.1539185906559704	-0.2030430727602641	0.023	1.1360805332130237	-0.37943927381618925	0.2179	1.2129093962111215	-0.37854483538457945	0.1804	1.0969832698745514	-0.26334971931892986	-0.0119	1.5841923874254915	1.5286778529255562	0.0008	1.6063399978015562	1.8357603503914435	0.0655	1.4767332004305662	1.6420573514068533	0.1076	1.331071222584523	1.4918801052086061	-0.01275	1.1083591881366381	1.201179452485781	0.0702	0.8745863967878068	0.9953266646846783	0.1076	1.8018944095193743	1.3949225249204573	-0.01275	1.8193041343081862	1.0026306921817412	0.0702	1.765325096990926	0.7058241158223955	0.1076
332	11.097928436911488	1.372697649417184	0.7869027272849578	0.0301	1.2359748353773696	0.7992711140588983	0.0301	1.0185483666816533	0.3547108615774008	0.129	0.8280469999056793	-0.12398232738179264	0.023	0.7101517568209569	-0.2866631333659055	0.2179	0.6459326530961416	-0.23989182614255367	0.1804	0.8481848995411105	-0.22809727645569178	-0.0119	1.491910472151251	0.7117207919254916	0.0301	1.3191941568651104	0.24452114277627227	0.129	1.155430288841912	-0.20349922399313228	0.023	1.1358547296859876	-0.3822479519742483	0.2179	1.2133093971781077	-0.3787828681974784	0.1804	1.1001300089348838	-0.2605784867830433	-0.0119	1.5734640151961952	1.5340632752366896	0.0008	1.5898659324985898	1.8411961338437133	0.0655	1.4639778167870015	1.6461087813479671	0.1076	1.3222945599301013	1.4928387129365865	-0.01275	1.098185531192039	1.1983954544140927	0.0702	0.8740301321584824	0.995340176618852	0.1076	1.7919149998240422	1.4022638219900097	-0.01275	1.8137616618880434	1.0081137232961876	0.0702	1.763459325271788	0.7079963497756672	0.1076
333	11.131355932203391	1.369131551442649	0.7858184424911965	0.0301	1.2349354429755939	0.7960716710614621	0.0301	1.0156990952706726	0.3501150965651144	0.129	0.8267575703931909	-0.12588259752918393	0.023	0.7083973838609451	-0.2890264165643996	0.2179	0.6424419116635205	-0.2424759915462369	0.1804	0.846128842778422	-0.230862632186185	-0.0119	1.4902888033492498	0.7112822558817902	0.0301	1.3182957939209967	0.24068759162293105	0.129	1.1570416260994056	-0.2035967499634617	0.023	1.136593451321505	-0.3829355434696338	0.2179	1.2125886159950894	-0.3818931369828941	0.1804	1.0997877951683575	-0.2616897421554399	-0.0119	1.5616612678808686	1.5389367978196362	0.0008	1.572732913977694	1.847601767247554	0.0655	1.4499951967672913	1.6494001761068595	0.1076	1.3129839389167677	1.4924312021719974	-0.01275	1.0899666510563872	1.193292111824075	0.0702	0.8706440316567482	0.9963842481327202	0.1076	1.7808156348192943	1.407582353890319	-0.01275	1.8087326183904004	1.0124095255334415	0.0702	1.7644933921097812	0.7098684855957736	0.1076
334	11.164783427495292	1.364962425300462	0.7851789729026021	0.0301	1.232965758478525	0.7949670415764104	0.0301	1.013080022030042	0.34603951450317366	0.129	0.8243369990978695	-0.12667398088175802	0.023	0.7060959069264741	-0.2925989870137574	0.2179	0.6410314310851187	-0.24505081752265453	0.1804	0.8422690390866735	-0.23305241606243401	-0.0119	1.4886418479130037	0.709886836237836	0.0301	1.316479088285728	0.23364414683302462	0.129	1.1587534326566897	-0.20122180467266862	0.023	1.1375421910162427	-0.38120081727146515	0.2179	1.2124089314353914	-0.3858465153392887	0.1804	1.0976143243290395	-0.2646308758314729	-0.0119	1.5486409225869777	1.5432802415159173	0.0008	1.5542003657948118	1.854716563818241	0.0655	1.4310903986125623	1.6552616131264268	0.1076	1.3028857133262484	1.4915583842757505	-0.01275	1.0847486288563726	1.189451996900143	0.0702	0.8670372168589057	0.9971986972995572	0.1076	1.7692595109202855	1.4137714654001632	-0.01275	1.8049697138874132	1.0153911639147535	0.0702	1.7669146951746628	0.7119787998979868	0.1076
335	11.198210922787194	1.3615990839035046	0.7833790144883165	0.0301	1.2278687973677755	0.7932511021153731	0.0301	1.0108263959817536	0.3429953338498346	0.129	0.8220513285686744	-0.12697034457549733	0.023	0.7047206078502595	-0.29439525594746824	0.2179	0.6412138510945452	-0.24705208691459632	0.1804	0.8393066817676219	-0.234112888850605	-0.0119	1.487188415082709	0.7071662467011579	0.0301	1.3138603075229012	0.2244339796444165	0.129	1.160164334994877	-0.19630079789499572	0.023	1.138184601972175	-0.37934321525512815	0.2179	1.2132550667748943	-0.38825788966003894	0.1804	1.0967204654156397	-0.26448967469689955	-0.0119	1.5359025038824403	1.5467269141348914	0.0008	1.5350163524201808	1.861041322137028	0.0655	1.4070393876976517	1.6630677544563595	0.1076	1.2917734349359857	1.491568463613496	-0.01275	1.0815353766042832	1.1889003203065074	0.0702	0.8663336679122577	0.9958183356515624	0.1076	1.7587556127036639	1.4200937848657396	-0.01275	1.8029493893422273	1.0172591203425059	0.0702	1.7682872318767067	0.7139679910250257	0.1076
336	11.231638418079097	1.3604956168836593	0.779780688817328	0.0301	1.2230421623113152	0.7897867641433866	0.0301	1.0070656186975127	0.33893842003944796	0.129	0.8217029361666385	-0.12769871022382767	0.023	0.7044926259203966	-0.29442804435945347	0.2179	0.6425065410033423	-0.2471427609086189	0.1804	0.8392242027262032	-0.23418478343587062	-0.0119	1.485271444568834	0.7046728879137191	0.0301	1.3118143527105854	0.2159572229634338	0.129	1.1606636450539225	-0.19291442834923994	0.023	1.1383745508144376	-0.3808651050768776	0.2179	1.2145753727069335	-0.389341595103579	0.1804	1.0985258560553415	-0.26161740719922055	-0.0119	1.5249112788258177	1.5492074830393952	0.0008	1.5174626153879482	1.8657922606793274	0.0655	1.3807769679706534	1.6696260377609882	0.1076	1.2812465152635073	1.491632629641637	-0.01275	1.0790561386986033	1.1905560613467865	0.0702	0.8663125878096058	0.9924268689527093	0.1076	1.7495601825952185	1.4245829637491632	-0.01275	1.8022052770212518	1.020512282343465	0.0702	1.768299697615775	0.7155911263088448	0.1076
337	11.265065913370998	1.360792698229162	0.7759991042437762	0.0301	1.2202396127775348	0.785028224990573	0.0301	1.0029990994718965	0.33312789832945017	0.129	0.8221281784455367	-0.12875948640271206	0.023	0.7039443341731664	-0.29509621092504523	0.2179	0.6439166485807422	-0.24611796706942327	0.1804	0.8404308971205322	-0.23314822504849442	-0.0119	1.4824260554072197	0.7034653141924416	0.0301	1.3105057139884735	0.20959983959807482	0.129	1.1622353890943913	-0.1925117203813328	0.023	1.1364939883673677	-0.38498935560306785	0.2179	1.2153544845985187	-0.3895801446808933	0.1804	1.1043915949375622	-0.25703968672249744	-0.0119	1.5154540928773064	1.5513640469516168	0.0008	1.5038079695137072	1.8693344345866223	0.0655	1.3561086603820627	1.6735480879200657	0.1076	1.272890262102198	1.4903650292347788	-0.01275	1.0767273044303451	1.1922849928067671	0.0702	0.8632819386802145	0.9891372458453659	0.1076	1.7415926867153437	1.427620739574558	-0.01275	1.801638438817567	1.0275600921824855	0.0702	1.7672617143278548	0.7171240180946188	0.1076
338	11.298493408662901	1.3601765206782517	0.7742027325998988	0.0301	1.2173770038030631	0.7802913406103886	0.0301	1.001868076257072	0.32776337559615165	0.129	0.8215469696253105	-0.13065477571576006	0.023	0.7022759665064673	-0.29660743638337184	0.2179	0.6437603088839703	-0.24692420684630115	0.1804	0.8403689426901843	-0.2330319758521214	-0.0119	1.47950337147401	0.7031757410546119	0.0301	1.3083098327995686	0.2028392011635438	0.129	1.1675404045393232	-0.19199422099363336	0.023	1.129346233067565	-0.38655621668737267	0.2179	1.2131937740190872	-0.38889098437055475	0.1804	1.1152424120432722	-0.2500386814477775	-0.0119	1.5078713204800187	1.5534511797547124	0.0008	1.493358768845837	1.8719475970844635	0.0655	1.3360802002420098	1.674500098382482	0.1076	1.2668325010602823	1.4880064900330834	-0.01275	1.0745246155186357	1.192651119797359	0.0702	0.8588767630085506	0.9877615826213676	0.1076	1.7358280996827051	1.429810731988561	-0.01275	1.8009592476445304	1.0354527173412513	0.0702	1.765306629209078	0.7174083070203199	0.1076
339	11.331920903954803	1.3574851785284747	0.7749875969075646	0.0301	1.214401426252509	0.7774870804609536	0.0301	1.0041706292764585	0.3245775994010341	0.129	0.8206935738235215	-0.13424243371112168	0.023	0.6998381443206555	-0.29739027342880586	0.2179	0.6416198510762938	-0.25126349573285295	0.1804	0.8391734500978433	-0.23626051873142578	-0.0119	1.4773753341997113	0.7036341162020459	0.0301	1.3046226225579474	0.19616049952792924	0.129	1.1752366853664755	-0.19159662869139965	0.023	1.1152256657967903	-0.3832878936381564	0.2179	1.2051580320928783	-0.3884695382374585	0.1804	1.1301961848771827	-0.24417228762503798	-0.0119	1.5033398511135057	1.5549203816050823	0.0008	1.4838084660504691	1.872919649696206	0.0655	1.3217863317612308	1.6725514260505017	0.1076	1.2627631325291973	1.4857841175501003	-0.01275	1.0730436571241806	1.1915111139468297	0.0702	0.8573366801819778	0.9888081338267583	0.1076	1.7325954265957355	1.4307098335832436	-0.01275	1.7999913575795188	1.0392500001164844	0.0702	1.7634625578553245	0.7148964507153697	0.1076
340	11.365348399246704	1.3538033643972798	0.7763729035228694	0.0301	1.2139855412719032	0.7774187938293555	0.0301	1.0071203392600379	0.32198167271076666	0.129	0.8209292913074013	-0.13864773660074248	0.023	0.6983807938075316	-0.2973469041597733	0.2179	0.6400941781422359	-0.25654654705903757	0.1804	0.8387520428404478	-0.24050426658052582	-0.0119	1.4758828360133787	0.704726745974365	0.0301	1.2999613681788742	0.19521376229091358	0.129	1.18153785814982	-0.19456293843515138	0.023	1.0975213001841757	-0.37968245426191255	0.2179	1.1910538150617196	-0.39103764728042884	0.1804	1.1458324594237828	-0.24424314642708	-0.0119	1.500795535878258	1.5557791962835397	0.0008	1.4751830351864155	1.8724520954473678	0.0655	1.3131274016650418	1.6699542718746607	0.1076	1.2597614069193979	1.4848711031720017	-0.01275	1.0725370856770586	1.189844051361787	0.0702	0.8589682494021239	0.991448255223593	0.1076	1.7306794044100313	1.4316851524102656	-0.01275	1.7984714963639352	1.038595052349355	0.0702	1.7628181803099918	0.7112710025930069	0.1076
341	11.398775894538607	1.35201047340462	0.7769588611136422	0.0301	1.2172665568861727	0.7794686245282023	0.0301	1.0083286142927743	0.31854353265771074	0.129	0.821904768294872	-0.1422552662659889	0.023	0.7000145230970781	-0.2975992103159589	0.2179	0.6415591075109257	-0.25862089778143105	0.1804	0.8390130146107523	-0.2416435675645061	-0.0119	1.4749886476814507	0.705743271381224	0.0301	1.2935181714723196	0.20122246444510156	0.129	1.1852183070402436	-0.2013245073140066	0.023	1.0821091346963394	-0.3819653144662682	0.2179	1.1751250643019104	-0.3986494238215961	0.1804	1.1585207801350397	-0.2498941242516565	-0.0119	1.498724014450297	1.5566126407763874	0.0008	1.4688501864769559	1.8726620720615994	0.0655	1.3092655333037666	1.6684836388681796	0.1076	1.2574623652866344	1.4852866324924703	-0.01275	1.072245427494851	1.1890255518798178	0.0702	0.860561316129516	0.9940118992785082	0.1076	1.729316305644961	1.434168411404621	-0.01275	1.797351773175503	1.036901028769189	0.0702	1.7635425454968867	0.7094584558552075	0.1076
342	11.432203389830509	1.353479697678087	0.7774960961101907	0.0301	1.2222947277889347	0.7819934564528425	0.0301	1.008821910445924	0.3160232145994088	0.129	0.8226401609132359	-0.14408005683726685	0.023	0.7037853697043747	-0.2982091347398501	0.2179	0.6445294171318012	-0.257395200414873	0.1804	0.8378300632250022	-0.23916426200783641	-0.0119	1.4752093181987522	0.7060504166336525	0.0301	1.2838568786506546	0.20888275002482637	0.129	1.187383996189118	-0.2102256605671254	0.023	1.0707673719519353	-0.39030400808043697	0.2179	1.1627369453655578	-0.41011927298000744	0.1804	1.1692387559943873	-0.2591318331063914	-0.0119	1.4983651147040695	1.5572059536223612	0.0008	1.4650605521201354	1.8748124453050383	0.0655	1.3078598794478897	1.6668651681429152	0.1076	1.257749614624966	1.4858061410526007	-0.01275	1.0720698210115946	1.1904480815987122	0.0702	0.8603579964230842	0.9947645895519225	0.1076	1.7285827146238288	1.4360477648681689	-0.01275	1.7981621058990085	1.0366800182719402	0.0702	1.7652755796624804	0.7093768560377737	0.1076
343	11.465630885122412	1.3560108387609653	0.7774960997077119	0.0301	1.2259445272961302	0.7826409081482469	0.0301	1.0103083812671854	0.31662909365988007	0.129	0.8232544234863164	-0.14346351786256265	0.023	0.7058357526990956	-0.29827516735150467	0.2179	0.6461957365503674	-0.2556585358859486	0.1804	0.8352202186432197	-0.23484793492417472	-0.0119	1.4764329573016066	0.7053169616297498	0.0301	1.2723252629164181	0.21519455379102187	0.129	1.1879349389321732	-0.2195828911869268	0.023	1.061282742215834	-0.39869588422091895	0.2179	1.1550479140677614	-0.42131478958642254	0.1804	1.1799248346771565	-0.27174332610882124	-0.0119	1.5005003274184376	1.556891733926153	0.0008	1.4641145387967636	1.8774121351144306	0.0655	1.3075934018638806	1.6646802337410729	0.1076	1.2615275582672714	1.486104366280067	-0.01275	1.0728971410800472	1.194073628708094	0.0702	0.8596384712469683	0.9936380598283401	0.1076	1.7284514344365762	1.4353525197130308	-0.01275	1.8014818086896967	1.0379372024147004	0.0702	1.7676419571908253	0.7097922465961244	0.1076
344	11.499058380414313	1.3573650184415114	0.7759024330956339	0.0301	1.2278369195357826	0.7806217658430828	0.0301	1.0126761084827618	0.32022050584712225	0.129	0.8241757691041428	-0.14103642571661879	0.023	0.7037434361455278	-0.2975519766474161	0.2179	0.6458225712032309	-0.25425302876371303	0.1804	0.8335380075501185	-0.23156171641867507	-0.0119	1.4771457511848527	0.7042189711341813	0.0301	1.2634483450734686	0.22078874160727383	0.129	1.1857649681133997	-0.22949365022408208	0.023	1.0517774929364523	-0.40321603482823337	0.2179	1.1477289769494385	-0.4289707678449307	0.1804	1.1861775836128003	-0.2882848851456162	-0.0119	1.5036442655131994	1.5557927531733726	0.0008	1.4670170229967134	1.8779020246141567	0.0655	1.3097595202028627	1.663906453341052	0.1076	1.2668749853312626	1.4872911161514901	-0.01275	1.0751651341722543	1.196975343655978	0.0702	0.8592833065038561	0.9925918703483473	0.1076	1.7300406926363192	1.4331687212618174	-0.01275	1.8072653998637418	1.0392737345274727	0.0702	1.7705702993961985	0.7100819130572253	0.1076
345	11.532485875706215	1.3578060000734131	0.7739590748885673	0.0301	1.2298251612539868	0.7778947166310721	0.0301	1.015097786572737	0.32388483190171435	0.129	0.8245842917226311	-0.13961206960739156	0.023	0.699157600485379	-0.2964474101815811	0.2179	0.6447606583701427	-0.2526160016436418	0.1804	0.8332600970726468	-0.23257804201387416	-0.0119	1.4758955147884947	0.7041329930758659	0.0301	1.2598265691926072	0.22387912907331695	0.129	1.1814157129497018	-0.24141991069716684	0.023	1.042438663003102	-0.4057676752947602	0.2179	1.137385749395096	-0.4338497092482357	0.1804	1.1840353005917212	-0.30756042917443094	-0.0119	1.5073465287996624	1.5544592664762142	0.0008	1.4735465263523566	1.8758615287886868	0.0655	1.3151275646200442	1.6650250370414796	0.1076	1.2725704596704852	1.4887060858839498	-0.01275	1.078803409531351	1.1966117447445799	0.0702	0.8585262637730111	0.9927859562501375	0.1076	1.7350015906365983	1.4307064301710195	-0.01275	1.8147920485723372	1.0386906630340096	0.0702	1.7738067852614892	0.7088465862479326	0.1076
346	11.565913370998118	1.3586869748653727	0.7726057954672397	0.0301	1.2316434471558348	0.7761544741366448	0.0301	1.0158334040685617	0.32440907567087784	0.129	0.8240095145978782	-0.14065751333754573	0.023	0.695230123180042	-0.2955663735376555	0.2179	0.6443685791813276	-0.2512457742941813	0.1804	0.833767154211093	-0.236881912061669	-0.0119	1.474285123633882	0.7051174080194001	0.0301	1.2590749186371049	0.22162866251016755	0.129	1.1771312776837852	-0.25341825495713716	0.023	1.0354350718124565	-0.40854893863284475	0.2179	1.127870128040238	-0.4382275789601124	0.1804	1.1776499406852254	-0.32436266161575267	-0.0119	1.5127526464517935	1.5528382279416866	0.0008	1.4816346573952457	1.87335960096541	0.0655	1.322636652635401	1.665896693589244	0.1076	1.2789146722575162	1.487875036064411	-0.01275	1.0832015960980488	1.194826261161698	0.0702	0.8581400258163067	0.9938878014636532	0.1076	1.7424752348213008	1.4277671779844219	-0.01275	1.8223037372823296	1.0345612508577102	0.0702	1.7761463861848468	0.7056984657345106	0.1076
347	11.599340866290019	1.3610342831049886	0.7703864137920124	0.0301	1.232049083979796	0.7744312285869126	0.0301	1.0133483427705499	0.32215849576448624	0.129	0.8235045418662106	-0.14198822224166396	0.023	0.6928075330001515	-0.29553181623573577	0.2179	0.6438898526635289	-0.25118813864981565	0.1804	0.8355390184673649	-0.23993611068242135	-0.0119	1.4753789188073534	0.7047976369639912	0.0301	1.2588637809952496	0.21531665265660277	0.129	1.1746577695552753	-0.26095009522859725	0.023	1.0326201284781502	-0.4107913072376523	0.2179	1.124468159019802	-0.4413932454044045	0.1804	1.1717243706671545	-0.333861643584908	-0.0119	1.520780296077142	1.5506959403448954	0.0008	1.4896364181437804	1.871969240912491	0.0655	1.3313612531220034	1.6648291040555658	0.1076	1.2866026034340747	1.48562817093762	-0.01275	1.0873440269508308	1.1944907263452256	0.0702	0.8595885091854845	0.995497721605129	0.1076	1.7506469465463286	1.4234259466301862	-0.01275	1.8295135808507224	1.0273659016851528	0.0702	1.7768083604018712	0.7032731224606481	0.1076
348	11.632768361581922	1.364675037895366	0.7665953064682842	0.0301	1.232294130955237	0.771533528738477	0.0301	1.0089458309377508	0.32009133782120414	0.129	0.8231548726743764	-0.1424806807609705	0.023	0.6914968401754502	-0.2959493983510364	0.2179	0.642680642876503	-0.25251810975629785	0.1804	0.8376397943723579	-0.24095903772384733	-0.0119	1.47852073242268	0.6995725796569227	0.0301	1.2607596955441616	0.20846739265126896	0.129	1.1739219974257036	-0.2631162973979247	0.023	1.0330499314587342	-0.4115620157697917	0.2179	1.1259556261330619	-0.441494478253348	0.1804	1.1668222097456442	-0.33699984079625966	-0.0119	1.531857472393392	1.5487384077951938	0.0008	1.4981882014944632	1.8722518503719958	0.0655	1.3419427524359184	1.6627733996287044	0.1076	1.2972237772523898	1.4852721144909773	-0.01275	1.0918045687522453	1.1945463242792251	0.0702	0.861557345439633	0.9968235553716817	0.1076	1.7597453331801323	1.417903729325364	-0.01275	1.8383688862144092	1.019568750978844	0.0702	1.7775329935378694	0.7042625047831328	0.1076
349	11.666195856873824	1.3684232402082928	0.7633274939512363	0.0301	1.234787266723216	0.7690918424464752	0.0301	1.0064513945612747	0.31978710218859235	0.129	0.8220140417045487	-0.14330155130882383	0.023	0.6911205554678135	-0.29610382772577015	0.2179	0.6421528975002561	-0.2542982805825903	0.1804	0.8385300595061083	-0.2424245630905359	-0.0119	1.4813776217787344	0.690564709705463	0.0301	1.266346829473498	0.20288276303658478	0.129	1.1737635795389958	-0.2633364080199552	0.023	1.0339820710971614	-0.4113941588603994	0.2179	1.1277266640330772	-0.4403237435025776	0.1804	1.1637418653889409	-0.3383402835606996	-0.0119	1.5453262651163229	1.547837110930866	0.0008	1.5089003104284207	1.874196427567408	0.0655	1.3557315626037632	1.6610144280396113	0.1076	1.3103213133488447	1.4866137040589984	-0.01275	1.098397237349627	1.1927399065978344	0.0702	0.8623815688180173	0.9971369944055948	0.1076	1.7703357489413687	1.4132531821976064	-0.01275	1.8489255103391387	1.0120976945438773	0.0702	1.7802730701953635	0.7075435310155946	0.1076
350	11.699623352165725	1.371709843999146	0.7631604997389928	0.0301	1.2396751901590963	0.7702192139729378	0.0301	1.0097336909904457	0.32034765023240525	0.129	0.8210576499946821	-0.14414002789623048	0.023	0.6902191471231944	-0.2963750560326194	0.2179	0.6422770362775662	-0.25575468181638855	0.1804	0.8391425611132777	-0.2447114446278837	-0.0119	1.4846621627707157	0.6852044752613444	0.0301	1.2737301158245793	0.1997313298259584	0.129	1.173554180574851	-0.2651683828829163	0.023	1.0330631621818767	-0.41250171996487994	0.2179	1.1271085485766612	-0.4426107098300682	0.1804	1.1634417038810139	-0.34171854910240057	-0.0119	1.5587459083451152	1.547214462210685	0.0008	1.5220720813078383	1.8760618085231615	0.0655	1.3717174331611006	1.6594597321338806	0.1076	1.3213072296321635	1.487373199631568	-0.01275	1.1067716035237853	1.190263114212475	0.0702	0.8639348370512755	0.9970279096246955	0.1076	1.7821083530510753	1.4097669140402558	-0.01275	1.8586832811781662	1.0037341725711881	0.0702	1.7834286565143866	0.7097437093267321	0.1076
351	11.733050847457628	1.3753907720845562	0.7656245105349705	0.0301	1.2447674967097035	0.7747445455491693	0.0301	1.0191016081526971	0.3200331982678886	0.129	0.8221291744686575	-0.1442834670164965	0.023	0.6880526436117161	-0.29675990928813767	0.2179	0.6417239914408648	-0.2562942850203149	0.1804	0.8407985647192473	-0.24682920793500351	-0.0119	1.489278880039629	0.6862523581909147	0.0301	1.2800853682987907	0.2001083442804595	0.129	1.173642708734912	-0.26894113546512316	0.023	1.0295594545125433	-0.41713104147337887	0.2179	1.1239401804215237	-0.4497575814636012	0.1804	1.1648274922178452	-0.3473529890290693	-0.0119	1.5703915189134923	1.5450322702772326	0.0008	1.5369775728158976	1.876125279756364	0.0655	1.3869862842693974	1.6587313282573624	0.1076	1.327326463859814	1.487349087033572	-0.01275	1.1147069885910157	1.1895826404947893	0.0702	0.8687619073666145	0.998139283209494	0.1076	1.7954902610847694	1.4050027217472374	-0.01275	1.8670079182510264	0.995597519355998	0.0702	1.7846200191123942	0.710667167557237	0.1076
352	11.76647834274953	1.3805150267220745	0.7668882213782544	0.0301	1.2490726534499026	0.7779966734877546	0.0301	1.029848863879849	0.3190132655795395	0.129	0.824741588865831	-0.14379843984070328	0.023	0.6872556361622657	-0.29609764100398217	0.2179	0.6416399073542632	-0.25528132647107327	0.1804	0.8428521295404435	-0.24747903045432243	-0.0119	1.4943464766244858	0.6878532399284307	0.0301	1.2854994917087013	0.20290172246905935	0.129	1.1744785886553917	-0.27134733333383504	0.023	1.0259735402183927	-0.422494404928794	0.2179	1.1206320033403476	-0.4555925160177691	0.1804	1.165917319095762	-0.3507708662215959	-0.0119	1.581397320642602	1.5418450835414037	0.0008	1.5527408201786623	1.8755300157174661	0.0655	1.4002391633752187	1.6601721216431238	0.1076	1.3317193857198828	1.4873431076860637	-0.01275	1.122149134572959	1.1904687186281602	0.0702	0.874805906649257	1.0012674834253708	0.1076	1.8089899997131975	1.398667002346297	-0.01275	1.8750100387094584	0.9908370358124645	0.0702	1.7848224462672861	0.7125488604077657	0.1076
353	11.799905838041433	1.3875146164522496	0.7652085024156804	0.0301	1.2546271929622428	0.777416365746343	0.0301	1.037307243859557	0.32018306010667114	0.129	0.82744204613677	-0.1420616224729952	0.023	0.6895143809108539	-0.2941949623633725	0.2179	0.6432111044587163	-0.25320584937993734	0.1804	0.8438211414360304	-0.24471930465076774	-0.0119	1.5006468708560288	0.6874505733220028	0.0301	1.2918852327859793	0.20664768748728046	0.129	1.1761104291662061	-0.27007586068123157	0.023	1.0272498610176661	-0.4227078410080668	0.2179	1.1206599005423095	-0.45313279195843914	0.1804	1.1651973463012075	-0.34830375307721956	-0.0119	1.5926910079093632	1.5414793336699735	0.0008	1.5679828615417462	1.8769942667713824	0.0655	1.4119475497333651	1.6641124456532235	0.1076	1.3388085559983396	1.488383131206299	-0.01275	1.132339628335414	1.191530450261613	0.0702	0.8772947547655269	1.004521357884788	0.1076	1.8164180038790103	1.3943796385947045	-0.01275	1.8820806763712872	0.9900324794786077	0.0702	1.7857795663704878	0.7136998346422896	0.1076
354	11.833333333333334	1.3961431241412805	0.7626521175769232	0.0301	1.2628259741877794	0.7751957296667882	0.0301	1.0416160429755272	0.32488244046635856	0.129	0.8300586062479596	-0.1388878828389002	0.023	0.6930862173698985	-0.2920129923865632	0.2179	0.6453549817555421	-0.2511619913998656	0.1804	0.8433761372168201	-0.23869840006889653	-0.0119	1.5093663158654427	0.6879151539755274	0.0301	1.299608406043875	0.211308057393042	0.129	1.1782725480858622	-0.2666628602373481	0.023	1.0344971977344686	-0.4172902525009184	0.2179	1.1244057657002864	-0.4435151557321377	0.1804	1.1625914366588384	-0.3418308342719195	-0.0119	1.6035730961714194	1.5454581755859145	0.0008	1.5820132196279777	1.8810586810119765	0.0655	1.4229467186935416	1.669688456183499	0.1076	1.3485701518390716	1.491129267240631	-0.01275	1.1467666113556192	1.1925709370397697	0.0702	0.8753624056898611	1.006060397723565	0.1076	1.8153749525938179	1.3939722372909737	-0.01275	1.8874450799166107	0.9912868632018785	0.0702	1.7873074366283703	0.7114390955222828	0.1076
