PathFileType	4	(X/Y/Z)	/Users/visionmauri/4_3_2_f_1_Sports2D/4_3_2_f_1_Sports2D_m_person00.trc
DataRate	CameraRate	NumFrames	NumMarkers	Units	OrigDataRate	OrigDataStartFrame	OrigNumFrames
30.0	30.0	360	22	m	30.0	0	360
Frame#	Time	Hip			RHip			RKnee			RAnkle			RBigToe			RSmallToe			RHeel			LHip			LKnee			LAnkle			LBigToe			LSmallToe			LHeel			Neck			Head			Nose			RShoulder			RElbow			RWrist			LShoulder			LElbow			LWrist			
		X1	Y1	Z1	X2	Y2	Z2	X3	Y3	Z3	X4	Y4	Z4	X5	Y5	Z5	X6	Y6	Z6	X7	Y7	Z7	X8	Y8	Z8	X9	Y9	Z9	X10	Y10	Z10	X11	Y11	Z11	X12	Y12	Z12	X13	Y13	Z13	X14	Y14	Z14	X15	Y15	Z15	X16	Y16	Z16	X17	Y17	Z17	X18	Y18	Z18	X19	Y19	Z19	X20	Y20	Z20	X21	Y21	Z21	X22	Y22	Z22
0	0.0	1.1711702930043892	0.8743697689859413	0.0301	1.2938816920002312	0.8351273371009359	0.0301	1.2635149557503709	0.434075623996672	0.129	1.2403790760890303	-0.08040872758999947	0.023	1.2495655527416976	-0.19031490933407585	0.2179	1.2945864500473685	-0.21151078915880916	0.1804	1.2613671874026902	-0.2125755258841029	-0.0119	1.0437287437974876	0.8674073145155315	0.0301	0.888840626262398	0.3865852146436427	0.129	0.9621171335666698	-0.1253393736645495	0.023	0.7700017189340066	-0.2721058673192095	0.2179	0.7690071823006303	-0.2759408374363159	0.1804	1.0133963550554326	-0.21397612334478316	-0.0119	1.300976484185925	1.5505753837700653	0.0008	1.353137636981428	1.812230788761916	0.0655	1.3363442435737982	1.656997233443858	0.1076	1.493952820966362	1.4046985297076344	-0.01275	1.550353026173583	1.0142669901201637	0.0702	1.4819138089957133	0.8810130776788195	0.1076	1.0851410517341775	1.533633458632929	-0.01275	0.8623929788103354	1.237490708738507	0.0702	0.692113688457037	0.9883453467602802	0.1076
1	0.033426183844011144	1.1701453438315055	0.8725832402897011	0.0301	1.2927815880131672	0.8357973406900208	0.0301	1.2665612383707594	0.41874899147774525	0.129	1.2431442907261379	-0.08124866677848074	0.023	1.2449999119423847	-0.1999606995636511	0.2179	1.2890114571717315	-0.21839735694942652	0.1804	1.2605880278198436	-0.20981721535303752	-0.0119	1.0430634412234703	0.868240700728326	0.0301	0.8885486219005984	0.3923834141650301	0.129	0.9603558727596868	-0.11610120361012212	0.023	0.7698337250478806	-0.2669378830170746	0.2179	0.7715969445811252	-0.2708870942467597	0.1804	1.0140833709814914	-0.20440808935550706	-0.0119	1.3042275321189787	1.5491916880481829	0.0008	1.3532351173079002	1.8109039411168222	0.0655	1.3347669118788765	1.655593171407954	0.1076	1.4965116425898772	1.4049198110234447	-0.01275	1.5529207061524106	1.0162722483740108	0.0702	1.4824687379705532	0.8833832299227763	0.1076	1.0865223590079824	1.5329045047966379	-0.01275	0.8616156519704674	1.2330374270136246	0.0702	0.6901696783800327	0.9895518251308604	0.1076
2	0.06685236768802229	1.1705488917730642	0.873395526154258	0.0301	1.2921633922043465	0.8393757388281033	0.0301	1.2671906058394566	0.4046683987108185	0.129	1.2469156201863778	-0.08273855587944787	0.023	1.242804694113865	-0.20805446546004086	0.2179	1.2851551900426779	-0.22669238455222945	0.1804	1.2601950007211302	-0.21184035881493965	-0.0119	1.0427034492131453	0.873531318179522	0.0301	0.8858047654595324	0.40206384759375025	0.129	0.9564081241008179	-0.09919514492982787	0.023	0.7683678373220894	-0.253024850228247	0.2179	0.7738644280201387	-0.25689745143656567	0.1804	1.0116730453199643	-0.18595633743482978	-0.0119	1.3083758409514394	1.546731186297512	0.0008	1.35574215778545	1.8086880072643647	0.0655	1.3327774580039056	1.6514037765996372	0.1076	1.4997836760034486	1.4009125463407783	-0.01275	1.5538463928989705	1.0173494487342403	0.0702	1.4831023812296804	0.8848005569262037	0.1076	1.090535303621632	1.5330941606102053	-0.01275	0.8614762124916271	1.231654616800055	0.0702	0.6896635880042797	0.9914955283905063	0.1076
3	0.10027855153203344	1.1716705741483024	0.8778823087592769	0.0301	1.2916189752434002	0.8457054606780623	0.0301	1.2653958446895934	0.40065670300535655	0.129	1.2505369470663037	-0.08518374175243122	0.023	1.244772509075281	-0.2125695395021313	0.2179	1.2867151459326946	-0.22942699641728004	0.1804	1.2597896341402948	-0.2156803118404159	-0.0119	1.042427237382058	0.8825895232355702	0.0301	0.8812857429305195	0.41501393491929517	0.129	0.950011814114862	-0.07631863706319464	0.023	0.766075544439303	-0.2279199858491707	0.2179	0.7743369706292633	-0.23202023573907476	0.1804	1.0047185518953508	-0.16058528532262284	-0.0119	1.3117306184520507	1.5435997784178288	0.0008	1.3612105124733045	1.8047874853185144	0.0655	1.3345418303469405	1.644683022435818	0.1076	1.5027552075645216	1.3943880786271574	-0.01275	1.5518773712588065	1.0169968352129533	0.0702	1.4827669872086688	0.8850879653870899	0.1076	1.0961802786131565	1.5331885729888695	-0.01275	0.8620391620081884	1.2337632467044481	0.0702	0.6907933512125449	0.9928487158960189	0.1076
4	0.13370473537604458	1.1705962055443013	0.8832876295545712	0.0301	1.2898256458082789	0.8509295337833367	0.0301	1.2642515331336244	0.40923191365958195	0.129	1.2529726443751494	-0.08745242884467964	0.023	1.2508176883628075	-0.21295254255473417	0.2179	1.2932870289807799	-0.22086990595367775	0.1804	1.2598165978970917	-0.20979791248404162	-0.0119	1.0413759162691336	0.8895296206437997	0.0301	0.8780258513134888	0.4279752616788769	0.129	0.9418678944043112	-0.05615591891451056	0.023	0.7643036481505836	-0.19216762179059682	0.2179	0.7726815970890031	-0.19848525346899268	0.1804	0.9949477245342555	-0.1376558155481403	-0.0119	1.3128873727837094	1.5406097027510255	0.0008	1.3671007213845185	1.7986126433602334	0.0655	1.342077527679348	1.638046987756974	0.1076	1.503993914880093	1.3905931397931048	-0.01275	1.5482045763653163	1.015914441505913	0.0702	1.4794546046487884	0.8849778780961584	0.1076	1.0991700656443362	1.5301946052968298	-0.01275	0.8620001932854557	1.2339693059679593	0.0702	0.6911016801863967	0.9920621987646796	0.1076
5	0.1671309192200557	1.1662651000280342	0.8867945571980811	0.0301	1.286106628731123	0.8528930763887675	0.0301	1.264496198084744	0.4202993451061331	0.129	1.2549328371359576	-0.08579580618674372	0.023	1.2595331824110072	-0.20777128163589123	0.2179	1.2999847392466304	-0.20581603587589845	0.1804	1.262294627517769	-0.18832829828151348	-0.0119	1.0391496610717763	0.8914232658546875	0.0301	0.8777425885892043	0.4382016531968299	0.129	0.9316326222190043	-0.04475995010344693	0.023	0.7633134316470922	-0.14888332531401974	0.2179	0.7700204056032315	-0.16050643621031335	0.1804	0.9836803900677656	-0.12355633559966712	-0.0119	1.312477038349721	1.5369717023150713	0.0008	1.370110912783863	1.7908295233295701	0.0655	1.3485845070959226	1.6329947528792785	0.1076	1.5029829402068655	1.3890145992188487	-0.01275	1.544683439541619	1.0154870168544425	0.0702	1.4726918671260458	0.8845936500031322	0.1076	1.0970082842275342	1.5233581781478607	-0.01275	0.8605108791084872	1.2297565463355886	0.0702	0.6883617137120123	0.9902609695348276	0.1076
6	0.20055710306406688	1.160991762296538	0.8897676892624508	0.0301	1.2815070590929403	0.8554856236387954	0.0301	1.2630209187575725	0.42793096841713263	0.129	1.257154946088939	-0.07276856577930226	0.023	1.2693140013817357	-0.19255430752451938	0.2179	1.3039017284992853	-0.19225988637009453	0.1804	1.2674896349629663	-0.1548143223285562	-0.0119	1.03585399803173	0.8933870892053495	0.0301	0.8800279520630201	0.4450674989633722	0.129	0.9183981990353444	-0.03940602479828535	0.023	0.7631127651276628	-0.10667791876112487	0.2179	0.7659843855762952	-0.1250058396200743	0.1804	0.9688207128553515	-0.11690875064276572	-0.0119	1.3108009493823487	1.5307579682576222	0.0008	1.369860143776385	1.7836001144276146	0.0655	1.3476571625590874	1.6280808176990509	0.1076	1.5001260727731822	1.383743865098592	-0.01275	1.5407136401244614	1.0168333545322332	0.0702	1.4659462562813197	0.8844305318147349	0.1076	1.0926000795534192	1.5162900682927398	-0.01275	0.8595598672262451	1.2278282343221074	0.0702	0.6841343672670359	0.9900402231116283	0.1076
7	0.23398328690807801	1.1565792914764064	0.8941339357859819	0.0301	1.2776311175332282	0.8621083743983086	0.0301	1.2594199201097707	0.43767529137026645	0.129	1.2585018220342727	-0.04250725866416879	0.023	1.2773301142345865	-0.15996940098774362	0.2179	1.3040742959826526	-0.18191446236272202	0.1804	1.2717668411658642	-0.11146046745510302	-0.0119	1.0315975667055797	0.8999875033307588	0.0301	0.884827449125916	0.4500158049763643	0.129	0.9021850094412258	-0.03240580301178186	0.023	0.7650860833119445	-0.07132654543155395	0.2179	0.7597691032683658	-0.09509727964704742	0.1804	0.9475216479142543	-0.11092994864716219	-0.0119	1.306972698658189	1.5228650421542853	0.0008	1.367796663425732	1.7780901798411564	0.0655	1.342346713243914	1.6218130239605693	0.1076	1.4955880647140516	1.374887636739448	-0.01275	1.5353114728904993	1.019815176544708	0.0702	1.4643673415939227	0.8862010879307062	0.1076	1.0894390631828592	1.5126611046037	-0.01275	0.8609612657436346	1.2327612523360905	0.0702	0.6819410793461036	0.9925707009157475	0.1076
8	0.26740947075208915	1.152359402299524	0.8988579069377703	0.0301	1.2742778652161262	0.8686705269429161	0.0301	1.2571669630206228	0.44953181735572545	0.129	1.257609089481208	-0.004181295634059203	0.023	1.279444916722495	-0.10691651644879711	0.2179	1.3009009025994138	-0.16595091123798056	0.1804	1.271070319068365	-0.06605415592403825	-0.0119	1.0274307292898268	0.9066825819776867	0.0301	0.8932423921608202	0.4543079787080746	0.129	0.8839432073045596	-0.01835312895261356	0.023	0.7696821131957884	-0.03917365936807284	0.2179	0.7542054696673965	-0.06586060874853585	0.1804	0.9194205211771398	-0.09771177807020358	-0.0119	1.3014861883686462	1.5178524663678232	0.0008	1.3638348771584923	1.7725341246828732	0.0655	1.3368411730012515	1.6161310580688868	0.1076	1.488735601037119	1.3701091720659766	-0.01275	1.5299726368436923	1.0231190024728005	0.0702	1.469204235903777	0.8901848132428752	0.1076	1.0868806435290876	1.5124697670476295	-0.01275	0.8623447098125714	1.2400156715160122	0.0702	0.682962380527984	0.9970288456313499	0.1076
9	0.3008356545961003	1.1472321113367958	0.901993141609505	0.0301	1.2697183197378195	0.8705383056320911	0.0301	1.2570388299254962	0.454828830960278	0.129	1.2565486994924078	0.021562146155493876	0.023	1.2755774845570669	-0.04758168223315681	0.2179	1.2991117347990928	-0.13401030277771656	0.1804	1.2663269079282118	-0.03826011929848105	-0.0119	1.0244676583325996	0.9075275768923439	0.0301	0.9048179651360386	0.45690824474971714	0.129	0.8661200184685127	0.0031570448564533496	0.023	0.7736449787903618	-0.007341470771983784	0.2179	0.7523407901365534	-0.03404629791093481	0.1804	0.8895032793412471	-0.07471897940771893	-0.0119	1.2958118245569814	1.516496981153337	0.0008	1.357388852875019	1.7656029624442977	0.0655	1.3305478568304883	1.613185525873489	0.1076	1.480026121188494	1.3728147197537788	-0.01275	1.5259768336990975	1.0264340126637748	0.0702	1.476209631966961	0.8944213572865547	0.1076	1.0831096555587572	1.5128249694459708	-0.01275	0.8600110443903108	1.2448102852447949	0.0702	0.6851806233813854	1.0016971600979172	0.1076
10	0.3342618384401114	1.1413186481922433	0.9028435173134922	0.0301	1.2639264554816307	0.870004731998674	0.0301	1.2562785439397288	0.45305798566266425	0.129	1.2580335757461187	0.023310069287975164	0.023	1.2711155478942557	-0.005519738052927768	0.2179	1.3032257918731758	-0.09698508345365768	0.1804	1.2623222734247606	-0.044262761529370996	-0.0119	1.0217810992918699	0.9047166418034986	0.0301	0.9154384717553729	0.4564055319366454	0.129	0.8529208898269665	0.028517841741371265	0.023	0.7737036255936965	0.020269328257657267	0.2179	0.7521710426871658	-0.003919979245827049	0.1804	0.8667414524645661	-0.04888127509788528	-0.0119	1.2881292448447972	1.5128865035877375	0.0008	1.3493830669086708	1.759412068376898	0.0655	1.3243895721589913	1.6098847737036044	0.1076	1.4708341593990897	1.3779057028680113	-0.01275	1.5216711067345952	1.030441939420316	0.0702	1.4795320992690024	0.8960472482307987	0.1076	1.0768113511767656	1.5105362981548434	-0.01275	0.8529905696498954	1.247707580600815	0.0702	0.686318360221858	1.0054012189145425	0.1076
11	0.36768802228412256	1.1349115003637331	0.902132486559152	0.0301	1.2584371133762804	0.8703928106323855	0.0301	1.2542658962937359	0.4507344963860244	0.129	1.259637935418619	0.006633655670079986	0.023	1.2682345040929417	0.010754546609627446	0.2179	1.3097307924616066	-0.07417421767911571	0.1804	1.2600633685036988	-0.07967432174496288	-0.0119	1.0173459608768138	0.9034387052508652	0.0301	0.9206520753042663	0.4543919284984567	0.129	0.8476780253718997	0.05168576857259874	0.023	0.7728377484681692	0.039316380072542505	0.2179	0.7523871074822458	0.020361624450527287	0.1804	0.8564155047810686	-0.029392772271067295	-0.0119	1.2754952564024065	1.505017849347564	0.0008	1.3396432222488175	1.7556578266650344	0.0655	1.3181129470786268	1.6019892386746297	0.1076	1.4608551223344002	1.3801611919208092	-0.01275	1.5156758508169101	1.0343700420971944	0.0702	1.4764717055212175	0.8935558898156033	0.1076	1.0664244055342709	1.5050671497008543	-0.01275	0.8423941627234434	1.2508027259231818	0.0702	0.6856974481199885	1.0080431979356403	0.1076
12	0.40111420612813375	1.1272947845421806	0.9015385296994491	0.0301	1.2530646500353275	0.8712575756328099	0.0301	1.2516403666051497	0.45159594772791595	0.129	1.256671355105523	-0.0034171492043025106	0.023	1.2624436511167747	0.01501957794170011	0.2179	1.3098599213929552	-0.04866552393888403	0.1804	1.2551277624854942	-0.10575984059107446	-0.0119	1.0105061394770003	0.9048316298471808	0.0301	0.9207013520010459	0.4539623687307543	0.129	0.8496707900057295	0.06623317789139349	0.023	0.7781290583922145	0.047960388738124055	0.2179	0.7569025741080844	0.03683534057732518	0.1804	0.8567105022063868	-0.018466645594406427	-0.0119	1.2600986804807246	1.4997058626528292	0.0008	1.3251062034322236	1.7530699726155066	0.0655	1.3038849701097568	1.5929746937079827	0.1076	1.4489351561192803	1.3796043176052468	-0.01275	1.5089695155207061	1.036756469638451	0.0702	1.4701229639573028	0.8899019009313659	0.1076	1.052741211344475	1.499271172543715	-0.01275	0.8304583138362176	1.2553030283277054	0.0702	0.6830727495942097	1.0099896750216237	0.1076
13	0.4345403899721449	1.1186475683131354	0.9022058122658558	0.0301	1.246889048689491	0.8720265345651804	0.0301	1.246327154973091	0.4576795473910546	0.129	1.2494918357233524	0.03809091484081731	0.023	1.2517431479469459	0.02602332231984789	0.2179	1.3023667341053202	0.01920716243891774	0.1804	1.246532837628247	-0.05690830051852297	-0.0119	1.0022824379370745	0.9070750298817191	0.0301	0.919194995447194	0.45616298137782196	0.129	0.8543427213483327	0.06972137246809122	0.023	0.7907367908556923	0.047709891597440685	0.2179	0.7664897531146299	0.04132904403929744	0.1804	0.8621673539625113	-0.013448134881890646	-0.0119	1.2458581878029458	1.5008141463545512	0.0008	1.3038336014599545	1.7508224452686882	0.0655	1.277724938315726	1.590009993093299	0.1076	1.4350170570145466	1.3790811201833657	-0.01275	1.5019540711457768	1.0383089955620652	0.0702	1.465656487474427	0.8901016617937867	0.1076	1.039169348309846	1.495590736835849	-0.01275	0.8201757082642734	1.2614489225149614	0.0702	0.6781494106958517	1.010951760222492	0.1076
14	0.46796657381615603	1.1104310910987525	0.9036524976408338	0.0301	1.2403426496578498	0.873756757255449	0.0301	1.2373607640834339	0.4665354259079029	0.129	1.2460721880820844	0.1551843329515415	0.023	1.2425090167145882	0.04242674833686894	0.2179	1.2932935103039818	0.10197591164689909	0.1804	1.2436587196750775	0.09716565771897034	-0.0119	0.9932168185881981	0.9078814183528514	0.0301	0.917560082280343	0.4594117183522673	0.129	0.8575299824536411	0.06520828218983904	0.023	0.80321118460679	0.043131515867320135	0.2179	0.774435562493966	0.03273367312935216	0.1804	0.8674164261021785	-0.013871031700002433	-0.0119	1.2315477541205126	1.503676194672942	0.0008	1.2782394333071883	1.7490687141563426	0.0655	1.2486006971439099	1.591962541603565	0.1076	1.419183431675182	1.380591419712969	-0.01275	1.493623021691519	1.0425580902482436	0.0702	1.4636572332932172	0.8940111006299823	0.1076	1.0265158558527396	1.4927540078384052	-0.01275	0.8122594314614604	1.2674256667877553	0.0702	0.6723925459452285	1.0100942147151073	0.1076
15	0.5013927576601671	1.1021060479417464	0.9049041521278662	0.0301	1.2323123581927204	0.8773790130601288	0.0301	1.2274610801960104	0.4722499944016547	0.129	1.253456382424816	0.29594019780851505	0.023	1.24065297354301	0.04943588224495104	0.2179	1.282793932750904	0.10579949068588639	0.1804	1.2546979308220172	0.2858162160623371	-0.0119	0.9828841853467467	0.906191039638661	0.0301	0.9140506913994426	0.46142840520565165	0.129	0.8587901623215103	0.05811032760558193	0.023	0.8085254090932252	0.038837262641980654	0.2179	0.7757470891639032	0.020189286484548284	0.1804	0.8697886698885389	-0.018982366196404175	-0.0119	1.2138757371159479	1.5048950747308523	0.0008	1.2526651589894733	1.7463507645181686	0.0655	1.2253607569795344	1.5925719587942722	0.1076	1.4009544294425464	1.3843690650925689	-0.01275	1.483540062823796	1.0522928310273338	0.0702	1.4619013887066155	0.8964567126021695	0.1076	1.0113223717450697	1.4883922811585473	-0.01275	0.8032895590966754	1.2698588178663215	0.0702	0.6689807342321129	1.0077811518621593	0.1076
16	0.5348189415041783	1.0914549209027047	0.90646332213301	0.0301	1.2194905080460228	0.8826893716819695	0.0301	1.217689430619382	0.47760505262676606	0.129	1.2639845437666726	0.38391229217308365	0.023	1.241363353767899	0.05285375292100948	0.2179	1.2726221058966123	0.051833962464049955	0.1804	1.2694005778283046	0.40577586701910684	-0.0119	0.9716559054245406	0.9042057957926569	0.0301	0.9073279407128609	0.4620864208109296	0.129	0.8594576569816124	0.0536422040523025	0.023	0.8062842941710306	0.0385556493136775	0.2179	0.7731535561442634	0.015552701439815082	0.1804	0.8700699405961113	-0.022296823879705184	-0.0119	1.1930213290002158	1.5058974710425514	0.0008	1.2291018073756674	1.74143097827829	0.0655	1.2062198458614528	1.5916070868156726	0.1076	1.3802527380343468	1.3903517791617623	-0.01275	1.472331123183728	1.0648783334702487	0.0702	1.4595502690168192	0.8956028502577177	0.1076	0.9912200378929147	1.4832043648937838	-0.01275	0.7902689265527622	1.2670131734798649	0.0702	0.6692670656554964	1.0055170512498717	0.1076
17	0.5682451253481895	1.0785998056911015	0.9105554829232267	0.0301	1.2020563697226274	0.8891773853836632	0.0301	1.2064850847333972	0.4902283535038917	0.129	1.2617852340026132	0.41849470401273087	0.023	1.2376716565729466	0.08447748368964443	0.2179	1.273645561121242	0.09200918779773143	0.1804	1.2698128364230508	0.4492531384775144	-0.0119	0.9603486901429293	0.9061557335488344	0.0301	0.8987553727415285	0.4639166233947844	0.129	0.8589733863657728	0.054103568843054686	0.023	0.8007885702462064	0.041705586928155444	0.2179	0.7710441505494671	0.019220495668961	0.1804	0.8701198423962768	-0.018617022206193566	-0.0119	1.1712656117620943	1.507114167505074	0.0008	1.2061990406848055	1.736366380419877	0.0655	1.1860761952949905	1.592124685599589	0.1076	1.3578891998338798	1.3984261498158579	-0.01275	1.4609564792772032	1.0760620870920143	0.0702	1.4554297973297454	0.8945852016291148	0.1076	0.9682239248202199	1.4798410489662435	-0.01275	0.7749552877452472	1.2611635390149614	0.0702	0.6713109248734556	1.0043070782292394	0.1076
18	0.6016713091922006	1.0667036698023495	0.9186006519139168	0.0301	1.1855332256107967	0.897420022564682	0.0301	1.1948646093824193	0.5087825776523165	0.129	1.2441666708683123	0.4374165173663769	0.023	1.233501794555407	0.14688741975108152	0.2179	1.287889477673035	0.2493718022455705	0.1804	1.2536074000431023	0.4667736242466909	-0.0119	0.949198483161759	0.9132156810099054	0.0301	0.8914191453224029	0.4692092305304401	0.129	0.8562210986504926	0.05770957365420321	0.023	0.7970804706105185	0.0425914914613147	0.2179	0.7698252996705178	0.021261560736066717	0.1804	0.8703567415013603	-0.01174419446705982	-0.0119	1.1499850799817628	1.508045207165486	0.0008	1.1830564530643328	1.7349347329547717	0.0655	1.1646037951838424	1.5938634896259516	0.1076	1.3352364535852401	1.4071019619030156	-0.01275	1.4488442810516426	1.0868234106625092	0.0702	1.4493768201977615	0.8952488449267257	0.1076	0.9459035108607305	1.4790525820113247	-0.01275	0.7601527027084577	1.255666875482504	0.0702	0.6730308387820708	1.0040065421235176	0.1076
19	0.6350974930362118	1.058415543909311	0.929063475171563	0.0301	1.174231506285998	0.9080408917699402	0.0301	1.185973497553185	0.5268394206922848	0.129	1.2226581493245197	0.44619326507034507	0.023	1.2338997819987694	0.1840475881527181	0.2179	1.3025418305334806	0.3930797467993131	0.1804	1.2318591908660925	0.4766084978082411	-0.0119	0.938705769457224	0.9221830350513235	0.0301	0.8871637135458375	0.47710625255750516	0.129	0.8528056021754202	0.061277810759281945	0.023	0.7972508678059362	0.03850292015409068	0.2179	0.7688826613927491	0.017522184242122166	0.1804	0.869950984220786	-0.00778619119463112	-0.0119	1.1298440656542033	1.5103251613819002	0.0008	1.1616222396969083	1.737997377949817	0.0655	1.1448108277474487	1.5955435833283196	0.1076	1.313469927260509	1.4149240091020199	-0.01275	1.4336581165611204	1.100009610525803	0.0702	1.4443486198302626	0.8969373241930113	0.1076	0.9262123459432713	1.4799109059970619	-0.01275	0.7453628763183603	1.2509721530123243	0.0702	0.6743058810659431	1.003859290253801	0.1076
20	0.6685236768802229	1.052636973221033	0.9385948157159544	0.0301	1.166536380238381	0.919082500888623	0.0301	1.1800000106871447	0.540910366197996	0.129	1.2072197572475714	0.45330212287603794	0.023	1.233671525698465	0.19651912511291356	0.2179	1.3035278354603954	0.46497123003531754	0.1804	1.213449271458718	0.48866897460888575	-0.0119	0.929758676199821	0.9300840082647633	0.0301	0.8850192491994283	0.4838990394399708	0.129	0.8510504267841424	0.06274701772079307	0.023	0.8002452274884992	0.03263836272055612	0.2179	0.7700218918961075	0.01399509645372922	0.1804	0.8682121836341987	-0.007068570808035872	-0.0119	1.1114723457510365	1.5151735742155275	0.0008	1.1436209763353793	1.7421369653357224	0.0655	1.1277621416078594	1.5978071208164044	0.1076	1.2929825932377037	1.4230853933152552	-0.01275	1.414986759350799	1.1144927642388012	0.0702	1.441267171716995	0.8996713638189506	0.1076	0.9090017179833045	1.482114468879496	-0.01275	0.7293109076812998	1.246415459259066	0.0702	0.6754485992952038	1.003783225722283	0.1076
21	0.701949860724234	1.045740603413628	0.944662108669918	0.0301	1.1584503878484933	0.9272765262419365	0.0301	1.1743474827074816	0.5511210809696093	0.129	1.2003564912301574	0.47915685488201276	0.023	1.2250002468846177	0.2746588542828477	0.2179	1.2880537295133856	0.49988450964632414	0.1804	1.1994473946662796	0.5157901715784404	-0.0119	0.9222989108417571	0.9360812807481941	0.0301	0.8829897291452404	0.4876500185086476	0.129	0.8510161401355784	0.06261097405478946	0.023	0.8043093963034437	0.02821719979644625	0.2179	0.7739323572963744	0.013474790287804447	0.1804	0.8656551142845079	-0.006350240886075309	-0.0119	1.0949894907495592	1.5209290647417741	0.0008	1.1279309492207545	1.7448594575580354	0.0655	1.1105455070947117	1.6020478454733933	0.1076	1.2741055632219207	1.432621891854721	-0.01275	1.3955412648254566	1.1273652547922544	0.0702	1.4371446847648348	0.90419661708532	0.1076	0.8932282932474099	1.484968222479484	-0.01275	0.7128282102611763	1.2422972171444067	0.0702	0.6761981739325995	1.0039634945713105	0.1076
22	0.7353760445682451	1.0359697632701828	0.947123452400306	0.0301	1.1487105012155379	0.9318670537401181	0.0301	1.1688243197607346	0.5599048147352587	0.129	1.2004523778768157	0.5106609956949917	0.023	1.2064403479938597	0.41425520519941067	0.2179	1.2680630777022044	0.5123988557200623	0.1804	1.187041340791901	0.5366229850718065	-0.0119	0.9149974293544297	0.9392601517914276	0.0301	0.880395386362301	0.49109707506494754	0.129	0.8514816502841174	0.06301480637731574	0.023	0.8069454689499325	0.02600389398563939	0.2179	0.7764559602825973	0.012061961789718455	0.1804	0.8638059346819316	-0.004260015938091643	-0.0119	1.0802627414511616	1.525567732504182	0.0008	1.11214531842275	1.7476718289166986	0.0655	1.089857900829724	1.6075803970713747	0.1076	1.2578277615898064	1.4410604371897147	-0.01275	1.3780523071071356	1.137685201119837	0.0702	1.4308022807582867	0.9097925954540635	0.1076	0.8784885803038464	1.4862615910347212	-0.01275	0.6970927572650042	1.2375638188417772	0.0702	0.6765011930997542	1.0031871483391341	0.1076
23	0.7688022284122563	1.025230533298523	0.9476342727024226	0.0301	1.1387632525817297	0.9342992425559482	0.0301	1.1654106419277386	0.5672273364930045	0.129	1.203218910710525	0.5171006720271285	0.023	1.1861565089660064	0.5016261944367044	0.2179	1.2558977445423083	0.49530894259610647	0.1804	1.1768278231026885	0.5202608085199284	-0.0119	0.9070022120073631	0.9393173080389343	0.0301	0.8779836013816463	0.4968548238816246	0.129	0.8516677475030159	0.06419857772515342	0.023	0.805630329502781	0.026640376837817257	0.2179	0.7738963244221801	0.009373059900927763	0.1804	0.8635229286197362	-0.0028566363249957673	-0.0119	1.0667836683068428	1.5288721523907445	0.0008	1.0951991847760496	1.751700927716306	0.0655	1.0664927344301867	1.6117846547809997	0.1076	1.2443328114687917	1.4464836287903924	-0.01275	1.3633526113331973	1.1450979397204781	0.0702	1.424458721873215	0.9141750473452377	0.1076	0.8650148267275897	1.4845973147927056	-0.01275	0.6823125059532161	1.229414769331442	0.0702	0.6767477559168381	0.9999607766900808	0.1076
24	0.8022284122562675	1.0160737711844616	0.9479290527914985	0.0301	1.1296320961885598	0.9357926312583283	0.0301	1.1626690044325556	0.571975336533958	0.129	1.2025777646708857	0.49903363334337103	0.023	1.1753098632328982	0.500212079217022	0.2179	1.250312380771458	0.4602619173562614	0.1804	1.1726307132948388	0.482358360255181	-0.0119	0.8994376073862076	0.9382595970130868	0.0301	0.8762258044205852	0.5025304611907935	0.129	0.8516737563830726	0.06448318271323045	0.023	0.8009376857433261	0.030392598471257946	0.2179	0.7693994803954181	0.009396738056629625	0.1804	0.8647177929283911	-0.004465482718191997	-0.0119	1.0532477579371962	1.5313496777667004	0.0008	1.0783904806181566	1.7552125900327766	0.0655	1.0454884217664833	1.6142411961647252	0.1076	1.2318506087529224	1.4507478590896004	-0.01275	1.350648365859794	1.1488576693092831	0.0702	1.4197069380315328	0.916126475068707	0.1076	0.8527445473356217	1.4812425535913474	-0.01275	0.669242960106023	1.2172019168377088	0.0702	0.677420052592187	0.995332248045205	0.1076
25	0.8356545961002786	1.0086981651205271	0.9489893281939183	0.0301	1.121081453079146	0.9372363178160097	0.0301	1.1578494431467905	0.5789490139425116	0.129	1.1944276991876692	0.48286205213218775	0.023	1.175030869518207	0.4707718453423997	0.2179	1.2441250142977676	0.4325134661670405	0.1804	1.174130996875505	0.46340843035327645	-0.0119	0.8934379564160853	0.9385405823963219	0.0301	0.8742434390002316	0.504363828547969	0.129	0.8518312023309861	0.06343955098794782	0.023	0.7959800603864259	0.03493767150476892	0.2179	0.7673245207062366	0.012837012797731489	0.1804	0.8668246072119433	-0.008373544206093429	-0.0119	1.0394146669012967	1.5328390330135557	0.0008	1.0643754307018032	1.7568977635742353	0.0655	1.031512717624991	1.6164596435577459	0.1076	1.2188769354515454	1.45538001548255	-0.01275	1.3391955555417001	1.1499729607890485	0.0702	1.4165783253040818	0.9171033058547957	0.1076	0.8411222459382189	1.4787995141800467	-0.01275	0.6595490207671914	1.2040051546870958	0.0702	0.6790583829522824	0.9922278885938675	0.1076
26	0.8690807799442898	1.0019719814853096	0.9506685353592413	0.0301	1.1131560283702684	0.9391546411800327	0.0301	1.1530618109647142	0.5927326322704386	0.129	1.1811440043761814	0.48147013804519434	0.023	1.177337455313601	0.4624195424326551	0.2179	1.2388715411967826	0.42488385854107047	0.1804	1.1762730528277605	0.4674305811168544	-0.0119	0.8877450870057939	0.9408139469443959	0.0301	0.8709868796334921	0.5030166839270638	0.129	0.8519877935936402	0.06232808170073738	0.023	0.7925394389829361	0.036803290881238696	0.2179	0.765898828391606	0.016778742608817176	0.1804	0.8682837021397746	-0.011993429162027437	-0.0119	1.027005990389196	1.5332928329487114	0.0008	1.054279930450409	1.75761357780409	0.0655	1.0236355266415471	1.6179338684643794	0.1076	1.2062386105672132	1.459016005217552	-0.01275	1.3292719545399783	1.150736915632463	0.0702	1.415078203882683	0.9190568020532583	0.1076	0.8298432201359082	1.4787791724055919	-0.01275	0.6543816979082872	1.193368252658672	0.0702	0.682160436175621	0.9916070032077369	0.1076
27	0.9025069637883009	0.9953021236075722	0.9514999564519171	0.0301	1.1062498018709142	0.9410181732769737	0.0301	1.1515111572837953	0.6094505270386484	0.129	1.1701070069977468	0.4879362040109563	0.023	1.174782456596277	0.4806845440675889	0.2179	1.2394217042416302	0.4352700013350118	0.1804	1.1751655633892326	0.4734041201755769	-0.0119	0.8809883406807636	0.943211159180433	0.0301	0.866872845296596	0.5023086062565278	0.129	0.8518168982364035	0.062276015550803705	0.023	0.7909528973009475	0.035228186865670336	0.2179	0.7628981937526698	0.0195673751842712	0.1804	0.867973858241306	-0.013614351209953133	-0.0119	1.0174171314637952	1.5338854520530842	0.0008	1.0460972044165466	1.7581174648532236	0.0655	1.0176854852726696	1.6178069333778886	0.1076	1.1957572857633307	1.4607264359834211	-0.01275	1.3206927214985698	1.1522079311943139	0.0702	1.4141742795149954	0.9215080782857876	0.1076	0.8198096732385834	1.4804175483621198	-0.01275	0.6533973873923002	1.1862597818861067	0.0702	0.686545694843623	0.9918785735843417	0.1076
28	0.9359331476323121	0.9882974854450827	0.9505871732678289	0.0301	1.0996761555372772	0.942205284203696	0.0301	1.1508688928912587	0.6249904616517096	0.129	1.165328848554318	0.49731911590519073	0.023	1.1639311348015204	0.5069097147850171	0.2179	1.2386584704313885	0.461719355253872	0.1804	1.1708614305469942	0.4769791189291253	-0.0119	0.8741546459157377	0.9430536185029968	0.0301	0.8631743081468085	0.503571491878857	0.129	0.851650025085062	0.06276767682517694	0.023	0.7921884407300877	0.033696850314223405	0.2179	0.7613851518688151	0.021217468262114167	0.1804	0.867038595322472	-0.0135915092149584	-0.0119	1.0103114100922779	1.5353847257179747	0.0008	1.0375509290692082	1.7580034491882712	0.0655	1.0131775505067957	1.617682077171825	0.1076	1.1878732644557344	1.461902226231293	-0.01275	1.312287353599691	1.154033931983284	0.0702	1.411816362952031	0.9228609572446363	0.1076	0.8123198796835596	1.4818503749005807	-0.01275	0.6552643243908288	1.1819588586149732	0.0702	0.6907243001841935	0.9926647534816393	0.1076
29	0.9693593314763231	0.9805754103352214	0.9494866851725848	0.0301	1.0923132439444383	0.9431875154406907	0.0301	1.1474437666738337	0.6390359573324085	0.129	1.1641027019799588	0.5056025999250449	0.023	1.145174137251194	0.4918645044900306	0.2179	1.2286821959706626	0.488960283510784	0.1804	1.165812206786855	0.479000293307285	-0.0119	0.8685121925287019	0.9411809485910835	0.0301	0.8605175390188841	0.5037220595130958	0.129	0.852175587619705	0.06239619728934799	0.023	0.7963538369335652	0.034930930299328464	0.2179	0.7639092110136908	0.021206299551712507	0.1804	0.8669677015210278	-0.013164951032276896	-0.0119	1.00443938811991	1.5368878521498779	0.0008	1.0296346839420878	1.7573823315901203	0.0655	1.0123725015936222	1.618517560850131	0.1076	1.1810843582010573	1.463608076495608	-0.01275	1.3033623780091204	1.1558783617663468	0.0702	1.4082029972261514	0.9233239544412386	0.1076	0.8069268552509372	1.4818032348648644	-0.01275	0.6594503649591295	1.1798170149043676	0.0702	0.6934024852550877	0.9953522528171906	0.1076
30	1.0027855153203342	0.9727447467480166	0.9498330102468244	0.0301	1.0849431944471322	0.9444341457173395	0.0301	1.1431764241361775	0.6482733215584807	0.129	1.1626250580193382	0.4893341843011926	0.023	1.124231657466172	0.38009149059530467	0.2179	1.2171991761227345	0.4623113731058447	0.1804	1.1622047522618841	0.45587307800227755	-0.0119	0.8637579904555468	0.941137328438855	0.0301	0.8590788979686215	0.5005061672074941	0.129	0.8529022134838236	0.06154496779912883	0.023	0.8018206688973353	0.03535699203966011	0.2179	0.7683888744583984	0.01842760250243922	0.1804	0.8667601493055839	-0.01230940010336747	-0.0119	0.9982546132032162	1.537599982731783	0.0008	1.0246802823094419	1.757100548829959	0.0655	1.0143062498709907	1.6185314165064288	0.1076	1.1738475644968516	1.4652465467281315	-0.01275	1.2946819220940968	1.1580755302922563	0.0702	1.4056564622352576	0.9246507279873619	0.1076	0.801702113124206	1.4796184366726863	-0.01275	0.6662998207538213	1.1779915197699555	0.0702	0.696100081228863	0.9987088988088842	0.1076
31	1.0362116991643455	0.9665974324769526	0.950581555369755	0.0301	1.0796598406248201	0.9451466498176384	0.0301	1.141111987734564	0.6511147126534589	0.129	1.1602934126747197	0.4218557861938299	0.023	1.113123262996455	0.20467469924205073	0.2179	1.2133596058905396	0.3386017036900036	0.1804	1.161680918894443	0.3856191931146005	-0.0119	0.8593234323076029	0.9430719875011843	0.0301	0.858732351845227	0.4970991075429249	0.129	0.8527136750485285	0.061745928264965125	0.023	0.806283158448428	0.03171314673430606	0.2179	0.7718321974896847	0.013905784217179083	0.1804	0.8644448946289458	-0.01083523882238316	-0.0119	0.9908787452287603	1.5379069520554052	0.0008	1.022106213585478	1.7572579212051664	0.0655	1.0153922479863364	1.616897420143259	0.1076	1.1663402154535714	1.4665676315768086	-0.01275	1.2875017143125196	1.1614077596161352	0.0702	1.4045698508504318	0.9278895691116759	0.1076	0.7957293389376746	1.47605283699873	-0.01275	0.6749124238113138	1.1742206225827734	0.0702	0.7014479795996168	0.9992618610104178	0.1076
32	1.0696378830083566	0.9636087196962468	0.9504293436823309	0.0301	1.0765653962401094	0.9446718069039751	0.0301	1.1389093481820918	0.6518382803067709	0.129	1.1594017133478507	0.3248072531675003	0.023	1.1197998429775704	0.0825000038063993	0.2179	1.2151176452450563	0.17905207022998496	0.1804	1.1656844167739566	0.2995484761511349	-0.0119	0.8558314567634348	0.9443089028716681	0.0301	0.8585442122589264	0.4975368979877665	0.129	0.8517853600917006	0.06250115563740787	0.023	0.8068862604670491	0.027906647268909495	0.2179	0.7733037944536865	0.011928868955333379	0.1804	0.860926235006774	-0.009923127643578063	-0.0119	0.983660226957695	1.5383579892405659	0.0008	1.0195930528448292	1.7572114848990552	0.0655	1.01468179588063	1.6154950113170927	0.1076	1.159519593370692	1.4682470308790727	-0.01275	1.2816124052159803	1.166319267465704	0.0702	1.4033929030988652	0.9315200818930837	0.1076	0.7897702677759978	1.4738935222485616	-0.01275	0.6825085539626262	1.1700166941766206	0.0702	0.7088884375316229	0.9969436450899402	0.1076
33	1.1030640668523677	0.9630393711829192	0.9504740832199401	0.0301	1.0739474277788545	0.9438368435297232	0.0301	1.13413352030805	0.651100804922014	0.129	1.1621833721993	0.2558367003651632	0.023	1.1356097378218442	0.06421311998110923	0.2179	1.217841725221998	0.0913834552917426	0.1804	1.1721941621668992	0.24197198185848423	-0.0119	0.8542598457563403	0.9443400861698844	0.0301	0.8575535194945751	0.5011430070217114	0.129	0.8510594882564064	0.062251943409459054	0.023	0.8032327880319649	0.028036406241070223	0.2179	0.773507412048099	0.014445171533607101	0.1804	0.8592694362852313	-0.010262109863548457	-0.0119	0.9787312081441736	1.5391438113048044	0.0008	1.0161543543427092	1.7566663770994009	0.0655	1.0140292502420711	1.6149128911558854	0.1076	1.1538026858491057	1.470338340560235	-0.01275	1.2759399512247114	1.1718413703049178	0.0702	1.401800319239286	0.9332272372498465	0.1076	0.7850629950019685	1.4742567613442221	-0.01275	0.6872619987408229	1.168549048095718	0.0702	0.7154504873657562	0.994469123567494	0.1076
34	1.136490250696379	0.9625706625944443	0.9525533753254056	0.0301	1.0718056247370351	0.9434962044650403	0.0301	1.128993269554101	0.6461535588700149	0.129	1.1670021323665372	0.23696268361839073	0.023	1.1440912928251443	0.09199285323671344	0.2179	1.2188782792574162	0.08646079264832167	0.1804	1.1764031451603183	0.21098904048541786	-0.0119	0.8539702533003504	0.9441564675702299	0.0301	0.8560132236327288	0.504885362721918	0.129	0.850921173702757	0.06127543827344717	0.023	0.7992126850183111	0.030327648893813244	0.2179	0.7731088840138124	0.017154345708843017	0.1804	0.8606214892523011	-0.011185646408553546	-0.0119	0.9760732464580961	1.5401255780131229	0.0008	1.0116356751788866	1.7558232061178674	0.0655	1.013440604632487	1.6128515281803784	0.1076	1.1491262587185787	1.4720172050074745	-0.01275	1.270319099747823	1.1762345657095254	0.0702	1.4004349517801706	0.9335519161662706	0.1076	0.7816614649663084	1.4741391745528587	-0.01275	0.6910659526870875	1.1688854606002042	0.0702	0.7196293922637145	0.9925101995039955	0.1076
35	1.16991643454039	0.9609411375605301	0.9567822891921809	0.0301	1.0710595631352706	0.9437074899025758	0.0301	1.1251190166871974	0.6409116598747288	0.129	1.1695475329967577	0.24812466762814211	0.023	1.1406610172809393	0.10947347508396686	0.2179	1.2159203175237945	0.10426098810788477	0.1804	1.1769040251255836	0.19792498910163656	-0.0119	0.8531812004980565	0.9440203027509881	0.0301	0.855142544711834	0.5079862761941065	0.129	0.8512145554531448	0.06055589870478183	0.023	0.7977451574758622	0.03177400568143355	0.2179	0.7719906702590907	0.01614529356418983	0.1804	0.8633985956973128	-0.011974190277026175	-0.0119	0.9737595715320229	1.5406973699514157	0.0008	1.0058255451827016	1.75424012780111	0.0655	1.0104942487830657	1.6088939330267646	0.1076	1.1453607801493688	1.472373181234086	-0.01275	1.2654769541469775	1.1788578643905359	0.0702	1.3992477884150554	0.9345910381255388	0.1076	0.7780052872228163	1.4707123832927371	-0.01275	0.696487937129698	1.1673067555856345	0.0702	0.7218852358965819	0.99032777375366	0.1076
36	1.2033426183844012	0.9583313301148708	0.9603188142794544	0.0301	1.070073966211939	0.9445023271074455	0.0301	1.1211996604613386	0.6429360145987981	0.129	1.1677695852131125	0.2684877106550123	0.023	1.1342905692191396	0.11566272534861739	0.2179	1.2097601885122111	0.12038988671120575	0.1804	1.175211145202448	0.20787126462130667	-0.0119	0.8513648991651745	0.9438318675167409	0.0301	0.8553519528978775	0.5112001143663336	0.129	0.8514958247443123	0.059951226424135175	0.023	0.7973959421476206	0.03370758209041984	0.2179	0.7705312021285193	0.013944307866264423	0.1804	0.8657181671886938	-0.012493008668241224	-0.0119	0.9701661028155433	1.540257152181907	0.0008	0.9993583307276704	1.7506976762957005	0.0655	1.0035452084048861	1.6064123526826577	0.1076	1.142657839381226	1.4715371572331455	-0.01275	1.2628694059000687	1.1803145783152318	0.0702	1.3979223079069711	0.9360657394356366	0.1076	0.7740230636915642	1.4655109704922056	-0.01275	0.7020152096367592	1.1621772819284872	0.0702	0.7231688371691763	0.9873673123648892	0.1076
37	1.2367688022284122	0.9553766605859144	0.9601314719102223	0.0301	1.0669049098423011	0.9452356509371355	0.0301	1.1168748154966086	0.651370844219004	0.129	1.163304723946877	0.28635953057792796	0.023	1.1322769198041833	0.1254539974149839	0.2179	1.2039980964843047	0.14022223119660995	0.1804	1.1715777814342312	0.22899262356897965	-0.0119	0.8495884671640915	0.9433847198722365	0.0301	0.8556297287933654	0.5137778616603917	0.129	0.8512152799901673	0.059506961003176734	0.023	0.7962453288860711	0.038375346893335036	0.2179	0.7697238863625906	0.014078572791454734	0.1804	0.8668480110328394	-0.013059313923726758	-0.0119	0.9654683595320414	1.5387738063162864	0.0008	0.9946406397734293	1.74563260100758	0.0655	0.9929633552809197	1.6067075386730585	0.1076	1.14035521508283	1.471103278654967	-0.01275	1.2630145514983024	1.1815742123061521	0.0702	1.3966005043282863	0.9364355707241409	0.1076	0.7718550003514868	1.4617076895390322	-0.01275	0.7045812184937279	1.1554805936297101	0.0702	0.7244558417413186	0.9827038128706874	0.1076
38	1.2701949860724235	0.9533589784288475	0.9579165281744517	0.0301	1.0630059579176059	0.9444730663661742	0.0301	1.1131238430549404	0.6563060614100772	0.129	1.1584537597701399	0.29737438765263363	0.023	1.1329020972243216	0.1371964782800439	0.2179	1.1997010376820978	0.15697781093551716	0.1804	1.1656367471250288	0.24338404983222459	-0.0119	0.8489559039989231	0.9431712696117299	0.0301	0.8550773590119769	0.5145844778939868	0.129	0.8501197281979644	0.05977718869572905	0.023	0.7948950194950569	0.042617023432341375	0.2179	0.7697242765844106	0.01550075228731669	0.1804	0.8667393719942529	-0.01366704486001027	-0.0119	0.9615798371741897	1.5362356521025398	0.0008	0.9941877720771954	1.7414743476852652	0.0655	0.98282802631664	1.6057682613724804	0.1076	1.1370163813716705	1.4712712182419845	-0.01275	1.2639005753666928	1.1832421008333058	0.0702	1.395713276717469	0.9367723906456278	0.1076	0.7719770769629622	1.4595240570761976	-0.01275	0.7047168207898212	1.150862798790855	0.0702	0.7262917536802663	0.9772778383103441	0.1076
39	1.3036211699164346	0.9529039657349334	0.9570263379668054	0.0301	1.0607993644940792	0.9421670394251062	0.0301	1.1101777018200982	0.6526603850496732	0.129	1.1535460253179857	0.3042604876424816	0.023	1.1317304359488956	0.14222799914093007	0.2179	1.1949406781510346	0.16240533049318684	0.1804	1.1582845365681878	0.24885236903170826	-0.0119	0.8491955046517565	0.944015817173782	0.0301	0.853754820244618	0.5138758932443035	0.129	0.8484421541764056	0.060533897793891275	0.023	0.7948566746546813	0.04255721508519584	0.2179	0.770156470212621	0.016205514251827438	0.1804	0.865607735053322	-0.013374234426396842	-0.0119	0.9603910318814641	1.532274858320801	0.0008	0.9976377186569423	1.738740767769398	0.0655	0.9797256941172268	1.600713896267422	0.1076	1.1339194836544144	1.4697189067831646	-0.01275	1.2638236344443665	1.1848238358155456	0.0702	1.3953072922818432	0.9390162201845407	0.1076	0.7731849510421598	1.4572261588598925	-0.01275	0.7048974676857043	1.1498006242336627	0.0702	0.7281196549282719	0.9736255650538576	0.1076
40	1.3370473537604457	0.9526727267336111	0.9560180898046465	0.0301	1.0604415648729535	0.9399247327035083	0.0301	1.1079721254099033	0.6465091931697506	0.129	1.1486327072494522	0.308290772181024	0.023	1.1277829586691197	0.1408247431040291	0.2179	1.1894923619109856	0.16102409453577754	0.1804	1.1521967339921768	0.2505610539229361	-0.0119	0.8488985312086669	0.9444733386343687	0.0301	0.8523938535963048	0.5121278200102599	0.129	0.8471619724624178	0.061381227045561565	0.023	0.7962044140618858	0.04068026930361247	0.2179	0.7708090302278309	0.016653302000795452	0.1804	0.8640267715355079	-0.011212575019278503	-0.0119	0.9620471883901162	1.5276434217004105	0.0008	1.0018901626430088	1.7351084886153645	0.0655	0.984709119548493	1.5949582385103185	0.1076	1.1343194758649684	1.465927910093039	-0.01275	1.263223420982212	1.1856731199090966	0.0702	1.3949811240753784	0.9424353982849343	0.1076	0.7754354713478936	1.4544537222345775	-0.01275	0.7056003831030698	1.1501799297138626	0.0702	0.7287531865295072	0.9721150723922192	0.1076
41	1.370473537604457	0.9517205161942335	0.9521584787488735	0.0301	1.0607270907814397	0.9385482067282054	0.0301	1.106431987718248	0.6428179471976251	0.129	1.1449350592053837	0.3076008563931959	0.023	1.12405581500241	0.13868255473952495	0.2179	1.1855211408329367	0.15875094483510982	0.1804	1.1493549061459758	0.25014102590437504	-0.0119	0.848177747038781	0.9425742047269928	0.0301	0.8519553466250757	0.5100775426373427	0.129	0.8475751638314599	0.0624275630525893	0.023	0.7967724285087078	0.041163330966668944	0.2179	0.7707574473730101	0.018093624763149095	0.1804	0.8627600080868061	-0.007690249665939825	-0.0119	0.9655145379696238	1.5235651882660344	0.0008	1.0042839655018923	1.7296004681338844	0.0655	0.9907066030080044	1.592292591385791	0.1076	1.1383656905561894	1.4617492800115244	-0.01275	1.2631909872157392	1.1857914724080152	0.0702	1.3946442203580647	0.9453028885799871	0.1076	0.7792912459115042	1.4522496340404085	-0.01275	0.706201007505175	1.1504391566175067	0.0702	0.7277348288255628	0.972200643017627	0.1076
42	1.403899721448468	0.9510136508921171	0.9477313603363983	0.0301	1.0608515677770165	0.937520634335766	0.0301	1.1045257675952471	0.6384450733136627	0.129	1.1424166303512118	0.3039460944846773	0.023	1.123108022441589	0.1374921788216928	0.2179	1.1836723476370843	0.15465797188954308	0.1804	1.147306238912992	0.2477287492805279	-0.0119	0.8488907575393262	0.9393737179885647	0.0301	0.8525244093404392	0.5097006438345728	0.129	0.8492676262584249	0.06360188252160627	0.023	0.7948139262015734	0.043241032229382914	0.2179	0.768694424879092	0.020227307017504848	0.1804	0.8622963422108308	-0.004609986947655999	-0.0119	0.9701459272683275	1.5188356728272108	0.0008	1.0049171767160843	1.7239700753645928	0.0655	0.9912083135555902	1.5900418967726058	0.1076	1.1436250993001422	1.4566589503118246	-0.01275	1.2649837324720854	1.1842724025213787	0.0702	1.394445891538763	0.9466657098938897	0.1076	0.7843284532100401	1.4510343710551756	-0.01275	0.7069778452656005	1.1517740315168579	0.0702	0.726154434887162	0.9736927459042333	0.1076
43	1.4373259052924792	0.9516344956790245	0.9457547801575684	0.0301	1.0607193413245197	0.9362906274558154	0.0301	1.101065615796764	0.6319697489795684	0.129	1.1396806942236708	0.30049101100130127	0.023	1.122085812713519	0.13361856718380294	0.2179	1.1818036154561051	0.14565245653695214	0.1804	1.1424213642900127	0.24335166810914363	-0.0119	0.8511195446856741	0.9369822721874511	0.0301	0.8532460582351231	0.5118483615014852	0.129	0.8502009046123762	0.06456974977530432	0.023	0.7921984882833162	0.044015063527796425	0.2179	0.7655153942576501	0.021528619225925152	0.1804	0.8626368279496328	-0.0031812408656571247	-0.0119	0.9758939428240215	1.5120705703481094	0.0008	1.0065772937077169	1.7191146754491173	0.0655	0.9886076032659934	1.5835858760022037	0.1076	1.1489063074489292	1.4487796650927676	-0.01275	1.269171587871823	1.1799760374953907	0.0702	1.394299620414256	0.9459909682664817	0.1076	0.7895694282732312	1.4500847460257984	-0.01275	0.7081930188510284	1.1541694443560315	0.0702	0.7256631702900055	0.9749547507937287	0.1076
44	1.4707520891364902	0.9536804407169737	0.9441243830708355	0.0301	1.0604558507238036	0.9342511268359914	0.0301	1.0963410305627173	0.6284494062109272	0.129	1.136006481525145	0.2957959886358267	0.023	1.1151448237706083	0.1252595700002624	0.2179	1.1774806655250798	0.13363527988946092	0.1804	1.1351334011683043	0.23546773057294182	-0.0119	0.8531510618661418	0.9359802786521814	0.0301	0.853793981849174	0.5136904401834672	0.129	0.8502103949822054	0.06462754889704232	0.023	0.7914930220950831	0.044311699996562995	0.2179	0.764186049180704	0.021986009554401775	0.1804	0.8637573456450864	-0.003203709600242817	-0.0119	0.9827644646547103	1.5053627109351215	0.0008	1.0120912505565858	1.7137343008123185	0.0655	0.9906399351431221	1.5752174429855308	0.1076	1.1546458826874595	1.4394868976601194	-0.01275	1.274657018675283	1.1743311128555343	0.0702	1.3939565311633355	0.9440716735256084	0.1076	0.7946550502339034	1.4489031782123483	-0.01275	0.7088267094995048	1.1556601058733633	0.0702	0.7260809863596769	0.9753599428295312	0.1076
45	1.5041782729805016	0.956762179144161	0.9404794841415797	0.0301	1.0604504949274838	0.9314701160170439	0.0301	1.091314898236085	0.6305747078620536	0.129	1.1297118444736216	0.28842614928392885	0.023	1.1012102952641774	0.11738802365913788	0.2179	1.170652672661309	0.12526713101167494	0.1804	1.1261153103479498	0.2254633403977115	-0.0119	0.8544916610203577	0.9356303315043254	0.0301	0.854678391729801	0.5124924242911136	0.129	0.851188600815956	0.06303167337342577	0.023	0.7921020980020719	0.046165991519554	0.2179	0.7656976794172183	0.022418675923503713	0.1804	0.8652969703290817	-0.004110528886673397	-0.0119	0.9901989701288663	1.500922667421498	0.0008	1.020721810094681	1.7076478235275194	0.0655	0.999061496385733	1.5707593790036092	0.1076	1.1614838524587547	1.4313705867181532	-0.01275	1.2801233903983744	1.1691270592264669	0.0702	1.3930779643818896	0.942827614040371	0.1076	0.8004118400327566	1.447514823292059	-0.01275	0.7076766462831068	1.1555963037606125	0.0702	0.7256316574206495	0.9769112480666443	0.1076
46	1.5376044568245126	0.9604082369654734	0.937023838455208	0.0301	1.0617509259328186	0.9290465802033577	0.0301	1.0866955892315733	0.6326438745520324	0.129	1.119276282201913	0.2799216566547809	0.023	1.0871110801904371	0.11454781571794256	0.2179	1.1636659639808498	0.12369732796860536	0.1804	1.1142425198897565	0.21639430445867666	-0.0119	0.855928579279815	0.934632176901989	0.0301	0.8563670509727337	0.510618616864102	0.129	0.853224853279236	0.06169221920540257	0.023	0.7922376691584088	0.04786100172464664	0.2179	0.7682337648323265	0.02184465389472166	0.1804	0.8659423136825966	-0.005672901101731198	-0.0119	0.9973620873298082	1.496999766548719	0.0008	1.0294308861229762	1.7028625869475773	0.0655	1.007689652631265	1.5689587576412942	0.1076	1.1689375327423346	1.4240815441859773	-0.01275	1.2854701641410073	1.1628683439172884	0.0702	1.3918549963653515	0.9426442005604047	0.1076	0.808240386771961	1.445791602279404	-0.01275	0.7056161070780068	1.1549963396698943	0.0702	0.7244429414141365	0.9799167723751695	0.1076
47	1.5710306406685237	0.9641842991479054	0.9358589437457621	0.0301	1.064937423012811	0.9265974282544559	0.0301	1.0841785681017817	0.6281241892473087	0.129	1.1091587870683937	0.27179297751241105	0.023	1.0804425453381648	0.11507631416390145	0.2179	1.1585755093949963	0.12605763814467025	0.1804	1.103151150023076	0.2065722743777421	-0.0119	0.858121966559505	0.9325655155656377	0.0301	0.8587071552074098	0.5119000700590459	0.129	0.8544406883962841	0.06389768855267274	0.023	0.7916040034392648	0.04775575702366325	0.2179	0.7700509863238982	0.019989802314404503	0.1804	0.8651289447471375	-0.007199563470517614	-0.0119	1.0047461067975731	1.4914804746160688	0.0008	1.0375492694328983	1.6997538097165066	0.0655	1.012192826252371	1.5648275875805375	0.1076	1.1756739583541589	1.4161165332502426	-0.01275	1.2912781036092142	1.1539655561126931	0.0702	1.3912481161012384	0.9418258629614454	0.1076	0.8182350044723193	1.4438514236444635	-0.01275	0.7056462192842268	1.1560996453065395	0.0702	0.7242156264737541	0.9825249220601082	0.1076
48	1.604456824512535	0.9678703471915404	0.9357275799342928	0.0301	1.0686248641785157	0.9228585952735673	0.0301	1.085260223888292	0.6216993975365429	0.129	1.1058625701264901	0.26759809724252365	0.023	1.0789850462646675	0.11779467777993152	0.2179	1.155921437198999	0.12882091403923418	0.1804	1.0985491340133364	0.19486163635313378	-0.0119	0.8613749613294468	0.9304188800058483	0.0301	0.8608491793698998	0.5154105487905697	0.129	0.853942598979175	0.06820261586705427	0.023	0.7917165679460741	0.047209979459735055	0.2179	0.7706756951607484	0.019076452749642713	0.1804	0.8638215582797785	-0.007110668759097974	-0.0119	1.0139376352151541	1.4860533757209404	0.0008	1.0469706649233552	1.6960993369864175	0.0655	1.0161855592540683	1.5599245129950177	0.1076	1.1816496923088302	1.4082561396396176	-0.01275	1.297799844653308	1.1443607020040647	0.0702	1.3913892417973162	0.9393358350764796	0.1076	0.8291526569193715	1.4423012471365724	-0.01275	0.7098373572657919	1.161476601412443	0.0702	0.7246058809518265	0.9848428644914913	0.1076
49	1.637883008356546	0.9713864778189182	0.9351445720547787	0.0301	1.0711364369640846	0.9191486369768	0.0301	1.0888336532896508	0.623080849187483	0.129	1.1081403079045897	0.26614046347410075	0.023	1.0770460656571643	0.12427513624130437	0.2179	1.1561395189792965	0.13017244945728343	0.1804	1.09903095167802	0.18233412754221184	-0.0119	0.8657700845564614	0.9291610611915668	0.0301	0.862059292017337	0.5175213330316747	0.129	0.8526956582746091	0.07062186528363314	0.023	0.7939717155926966	0.047383375711224474	0.2179	0.7706489274274542	0.02090955413295835	0.1804	0.8627286784291	-0.004857001237204674	-0.0119	1.0251557682429486	1.48242147005414	0.0008	1.0591054813713736	1.6912101960807941	0.0655	1.0256619393427384	1.5583885662398071	0.1076	1.1883174014627738	1.4018784343471788	-0.01275	1.3046808249650985	1.1364186782285446	0.0702	1.3912092824278957	0.9364407022789271	0.1076	0.8406656536711293	1.441303227354773	-0.01275	0.7172221736592009	1.1701990043162667	0.0702	0.7244366321214851	0.987866181433382	0.1076
50	1.6713091922005572	0.9748888360321051	0.9340205483652768	0.0301	1.0731039334407406	0.9178301155274994	0.0301	1.0933785410478876	0.6292288531642852	0.129	1.1097635295956563	0.2562393578921891	0.023	1.0797588358913721	0.13064409107393013	0.2179	1.1595614511573082	0.12777439747381894	0.1804	1.0999304035463546	0.16731872384073024	-0.0119	0.871145349874983	0.9291339276326512	0.0301	0.8624517076033589	0.5179507230259093	0.129	0.8522775121704852	0.07239270170416175	0.023	0.7967405340237157	0.04909668339848855	0.2179	0.7706330769251553	0.025479011759899885	0.1804	0.8623210348231926	-0.001576569199432359	-0.0119	1.0371792678127425	1.4783600157258954	0.0008	1.074020249133376	1.6868436127237099	0.0655	1.0413178479547047	1.5574170636554874	0.1076	1.19668154733653	1.3958503114793945	-0.01275	1.3109734435757867	1.130120121189614	0.0702	1.390543124460467	0.9352211345683266	0.1076	0.8529939524147603	1.4402340801900273	-0.01275	0.7255823223710216	1.1777401645637628	0.0702	0.7241339257643505	0.990232883640754	0.1076
51	1.7047353760445683	0.9791648464109728	0.9325903897569147	0.0301	1.076373260279032	0.918395540583584	0.0301	1.0986722424130833	0.63058794649759	0.129	1.1082286115613345	0.2380812580340398	0.023	1.0903805022094	0.13059866295751782	0.2179	1.1643465836218547	0.12111225354897298	0.1804	1.0999241355337674	0.1535049574977744	-0.0119	0.8770265633616255	0.9302677663871189	0.0301	0.8621975070800142	0.5199190489967632	0.129	0.8524866503227897	0.07857216204122074	0.023	0.798165626791914	0.052397125024267084	0.2179	0.7709259636239082	0.03137400774529356	0.1804	0.8621177022522346	0.003783289207533632	-0.0119	1.0493464514073672	1.4718525546281305	0.0008	1.0912478754167356	1.6833828534577184	0.0655	1.0616928667977799	1.5512375395107774	0.1076	1.2065707498801839	1.3891302418569484	-0.01275	1.315664138459824	1.125243390424444	0.0702	1.3901557041533967	0.9357980347133815	0.1076	0.8652239050847556	1.4385789472996053	-0.01275	0.7334581961219037	1.1814617290982532	0.0702	0.7242644098564254	0.9902468562565659	0.1076
52	1.7381615598885796	0.9849261347786055	0.9313587962038142	0.0301	1.081520632437945	0.9184360122253846	0.0301	1.1035807614262387	0.6277440105793402	0.129	1.1056031882725192	0.22843472023392422	0.023	1.0970658384561338	0.12815241473799474	0.2179	1.167827699821067	0.117510661698602	0.1804	1.0984318670345923	0.1490136683367035	-0.0119	0.8829914423011705	0.9315731976764089	0.0301	0.8608087553126531	0.5255643754030431	0.129	0.8512803153362719	0.09264710963479389	0.023	0.8003011246782464	0.05352977614907038	0.2179	0.7717490167112682	0.03688614982337769	0.1804	0.8596011271257321	0.01689455262135804	-0.0119	1.0614506191421351	1.4657480121211106	0.0008	1.1095812487656285	1.678555538436164	0.0655	1.0879783425606528	1.5410786776771086	0.1076	1.2171333641108388	1.3837170858339973	-0.01275	1.318739436276445	1.1223314423889665	0.0702	1.3891552007670518	0.9363689796164246	0.1076	0.8767009271414392	1.4365633502505082	-0.01275	0.7401860145740454	1.1824838241641773	0.0702	0.7250188782483596	0.9892356638161736	0.1076
53	1.7715877437325906	0.9919510405880352	0.93136580098111	0.0301	1.0879991896353765	0.9174756785846196	0.0301	1.1069555669384086	0.6249611880472716	0.129	1.104521257804052	0.23169197409565886	0.023	1.0941922105093467	0.13049131606710423	0.2179	1.1700714472267455	0.12250834724126274	0.1804	1.0950846706879598	0.1490500199922564	-0.0119	0.8891007488699927	0.9325322149864445	0.0301	0.8578138791868513	0.5344911231274656	0.129	0.8483516489057594	0.11641625846767133	0.023	0.8046130816425144	0.04921872186942487	0.2179	0.771839269210183	0.04171209892430117	0.1804	0.8552422791522737	0.042667734729365754	-0.0119	1.0730134507702471	1.463675397740285	0.0008	1.1268200840716192	1.6712186533167732	0.0655	1.1172201348798683	1.5328214140630172	0.1076	1.2274642126165687	1.380658678578144	-0.01275	1.3214925643467654	1.1207050885466932	0.0702	1.38561911181357	0.9361036921459736	0.1076	0.8880834041274158	1.4351420245105455	-0.01275	0.7467143614207296	1.1834825378406568	0.0702	0.7269444406451487	0.9904064412228125	0.1076
54	1.8050139275766017	0.9994279761017593	0.9330909753982018	0.0301	1.0956970495894272	0.9175194663154612	0.0301	1.1102935849288385	0.6212104851435147	0.129	1.1054213078177428	0.23597095325404974	0.023	1.0917960406262537	0.13376495868705382	0.2179	1.1720861055342708	0.12763077720950808	0.1804	1.0920103824784069	0.14213847672358415	-0.0119	0.8953531820285682	0.9347782227925668	0.0301	0.8537048727013283	0.5457127396211395	0.129	0.8460516780248796	0.14995448569241038	0.023	0.8082101338657087	0.043232197546338724	0.2179	0.7693182876435937	0.04680059087001834	0.1804	0.8546179344778756	0.07886032926402879	-0.0119	1.0837121500308355	1.4641156351355644	0.0008	1.1415100183701423	1.6641478564732277	0.0655	1.1396514826946458	1.5283157481098812	0.1076	1.237500898264587	1.3773610143000892	-0.01275	1.325674340332912	1.118508616618249	0.0702	1.3801375087614312	0.9352318334568737	0.1076	0.8994965706339966	1.4349309760235993	-0.01275	0.755409071035495	1.1871204302211658	0.0702	0.7297814920340752	0.9946733387895844	0.1076
55	1.8384401114206128	1.0063956511660483	0.9354856570083544	0.0301	1.104410791619686	0.9196906016416533	0.0301	1.115009092454314	0.6177439781487933	0.129	1.1068031407086478	0.23793951046628672	0.023	1.0928566987843475	0.1343610864843683	0.2179	1.1715379863592439	0.12589495210097265	0.1804	1.0907245717885188	0.13164864532676862	-0.0119	0.9013520306050884	0.9387772623205903	0.0301	0.8498534510781003	0.5584625893762767	0.129	0.8462709865647385	0.18931539761516725	0.023	0.8085960144728576	0.04231600494081825	0.2179	0.7652704626775864	0.053898127147965824	0.1804	0.8606995313986255	0.11837829039963074	-0.0119	1.093250893819152	1.4634909551620099	0.0008	1.153912409354527	1.660236463306126	0.0655	1.150695382173126	1.5254409380554932	0.1076	1.2473956020406378	1.372452714058768	-0.01275	1.3315809428983274	1.1148591212591508	0.0702	1.3751843015769485	0.9340856799811355	0.1076	0.9101039726923447	1.4350995486671705	-0.01275	0.7664075396631427	1.1932941277841767	0.0702	0.7320496262958847	0.9990805081625677	0.1076
56	1.8718662952646241	1.0124159286388767	0.9376221003067662	0.0301	1.112122139172362	0.9224861705238885	0.0301	1.1192138926424922	0.6204894934466707	0.129	1.1070377728270016	0.2436486965621107	0.023	1.0888686292816634	0.13760581545456443	0.2179	1.1642740101913103	0.1244904707576526	0.1804	1.0896641957756006	0.12803875256369493	-0.0119	0.90720721712027	0.9418843135262562	0.0301	0.8472345190479097	0.5713317684393018	0.129	0.8488567380600127	0.22665162971777225	0.023	0.8066752904631984	0.04908865761545563	0.2179	0.7622086727952342	0.06497400912652962	0.1804	0.8696774496081845	0.1542299422992681	-0.0119	1.1012871720976654	1.4613724559830366	0.0008	1.1647767527056034	1.6582071514407295	0.0655	1.1572594657964508	1.522008321295712	0.1076	1.2559710323139024	1.3684107909238716	-0.01275	1.3376120054081697	1.1103974129101986	0.0702	1.3719520475081395	0.9335238801488592	0.1076	0.9197770272664264	1.434793831739647	-0.01275	0.7763643346122749	1.1981008742736223	0.0702	0.7328397756343688	1.0010412011414194	0.1076
57	1.9052924791086352	1.0177350462461008	0.9406020570868411	0.0301	1.1164787635649986	0.9250629104057079	0.0301	1.1206961412155627	0.6288742661210014	0.129	1.1061273944869763	0.25091651158678674	0.023	1.0793438588127917	0.14310982819441603	0.2179	1.1528028627574527	0.12798569120896033	0.1804	1.0879068019973228	0.12810237498601323	-0.0119	0.9133724048952508	0.9437687773262267	0.0301	0.8461161727103891	0.5828166081078646	0.129	0.8525254926555386	0.2544577714488415	0.023	0.8057014272471139	0.06242352587297967	0.2179	0.7612414787992206	0.08039628959508684	0.1804	0.8763988809911416	0.1807814077027675	-0.0119	1.1081697412763694	1.4590700854405378	0.0008	1.175223617585002	1.6554573109996762	0.0655	1.1670521460986936	1.516963652234662	0.1076	1.2622647021448379	1.3670559818214676	-0.01275	1.3427665632150636	1.10614466617944	0.0702	1.370460807283279	0.9336817751011136	0.1076	0.9288340826938534	1.4345046381639386	-0.01275	0.7828722222203465	1.199624196791249	0.0702	0.7327556919386715	1.0013486252389763	0.1076
58	1.9387186629526463	1.0219316815180588	0.9455309144396674	0.0301	1.1178687180212272	0.9291206081641136	0.0301	1.1202178168641783	0.634159288478356	0.129	1.1058631478800418	0.2511760880205363	0.023	1.0736266481747416	0.14091568235224278	0.2179	1.1480677978081963	0.1271381520985588	0.1804	1.0870801025319434	0.1201624567457928	-0.0119	0.9189829649879263	0.9481252841129743	0.0301	0.8471906124576158	0.5935675816446331	0.129	0.8557483413680613	0.2698893085264588	0.023	0.8098195616117325	0.08201300581408234	0.2179	0.7633664616027932	0.09989216065409916	0.1804	0.879050076350984	0.1958330800121456	-0.0119	1.1146763480758681	1.4572388997203274	0.0008	1.1859615250605076	1.6521908648982302	0.0655	1.1782114651805555	1.5119811422693366	0.1076	1.2673192320119986	1.366787434674476	-0.01275	1.3470573281808866	1.103310323596713	0.0702	1.3705519229066927	0.9344851996463739	0.1076	0.9368632376478284	1.4345494876550253	-0.01275	0.7875472716673201	1.2011141029841703	0.0702	0.7330317299520628	1.0012281251899267	0.1076
59	1.9721448467966576	1.0238875446028566	0.9507981732156345	0.0301	1.1182120730873406	0.9347845771580088	0.0301	1.1196015568066688	0.6329921151385682	0.129	1.1064519159140893	0.2487772104047603	0.023	1.0742668231671482	0.13270084700507975	0.2179	1.15100401302055	0.12021558154881057	0.1804	1.0868614229771763	0.11040309778817202	-0.0119	0.9223667824248977	0.9557986468413903	0.0301	0.8507763083122509	0.6047233786496065	0.129	0.8573922344245267	0.27394162770630276	0.023	0.8192778906054818	0.1105087848262983	0.2179	0.7698390270274019	0.1246041445262893	0.1804	0.8779368569767197	0.20168145535699153	-0.0119	1.1208404596856467	1.45610245274459	0.0008	1.1952104970829496	1.6497799865171183	0.0655	1.1844318799438756	1.5100956661056846	0.1076	1.2720485499658614	1.3653042295518156	-0.01275	1.3496650628798876	1.1032402096645657	0.0702	1.371595576845127	0.9368375149753018	0.1076	0.9435734441884324	1.4343459876194815	-0.01275	0.7931743324033702	1.2045243567951875	0.0702	0.7343266268204175	1.0011184435310572	0.1076
60	2.0055710306406684	1.0237816794898593	0.9537843654052591	0.0301	1.1178373893542821	0.9389953581457039	0.0301	1.1196288578255913	0.6318300122118776	0.129	1.106402134916213	0.27559693305045657	0.023	1.076026307838509	0.15663453932845517	0.2179	1.1461841731134614	0.14544897751485564	0.1804	1.0862284964569267	0.14545780941840192	-0.0119	0.923461384250889	0.9627906252514465	0.0301	0.8551165249572145	0.6140091400785606	0.129	0.8573975703945567	0.26994653514625827	0.023	0.8287117716253111	0.147029217533637	0.2179	0.7805098160934416	0.15336896039854603	0.1804	0.8739267193276983	0.20244681495072264	-0.0119	1.1262311163176277	1.4552926093738072	0.0008	1.2009560953623053	1.6477585652999056	0.0655	1.1852824602703333	1.5109022043975948	0.1076	1.27564431897485	1.3623610977138436	-0.01275	1.3500211921662444	1.1058083265900895	0.0702	1.3725313559007837	0.9400714245091883	0.1076	0.9497829824568501	1.433788674975446	-0.01275	0.7998069254785065	1.2074252016580158	0.0702	0.7359351814639528	1.0017939107019584	0.1076
61	2.03899721448468	1.0234197127011921	0.9547751247321667	0.0301	1.1165831324740974	0.9404001614497266	0.0301	1.1204329920958747	0.6352637677161223	0.129	1.108001065913954	0.3647418410916961	0.023	1.079860049721355	0.2563180305308744	0.2179	1.1314025024504242	0.24919001292416687	0.1804	1.0896789144633445	0.2733048965790554	-0.0119	0.9238067068228453	0.9666308831620916	0.0301	0.8587403220995674	0.6185178706681703	0.129	0.8563314844655543	0.26463766077351464	0.023	0.8352084964569992	0.18093862224156995	0.2179	0.7925588619003172	0.17932841367067825	0.1804	0.8684555178431298	0.20158691273166687	-0.0119	1.130946785369285	1.453224174806483	0.0008	1.2042338428659767	1.6447553640893795	0.0655	1.1852859127643887	1.5110004667866093	0.1076	1.2780360377169029	1.3593237524835209	-0.01275	1.3492547668875727	1.1087013654171274	0.0702	1.372643669823649	0.9418979753976905	0.1076	0.9559822311596795	1.4330228160621887	-0.01275	0.8052369967887393	1.2087677389760727	0.0702	0.7369241288649887	1.003399940387382	0.1076
62	2.072423398328691	1.0236596615462097	0.9567422634003561	0.0301	1.1155678348433946	0.9411912109595769	0.0301	1.121534905733323	0.6393231391840787	0.129	1.114360663172522	0.4879608629261001	0.023	1.0889993252681776	0.39765626005049837	0.2179	1.1239601169326325	0.3965553027895301	0.1804	1.0998580005423135	0.4504753762351554	-0.0119	0.9243421971702207	0.968526695427223	0.0301	0.8629391164204958	0.6190175410502988	0.129	0.8544283651957197	0.2644104483320915	0.023	0.842432614083819	0.2015262940973598	0.2179	0.8018359672059765	0.19602019972231258	0.1804	0.8627108428223239	0.2007880575659348	-0.0119	1.1348351868099913	1.4481872272491603	0.0008	1.207275372721587	1.6404979451885238	0.0655	1.1867024128944597	1.508609650073365	0.1076	1.2812710084728338	1.3571401458419092	-0.01275	1.3487416790373012	1.1095416975033732	0.0702	1.3721127750834021	0.9415435877963748	0.1076	0.9605191343238879	1.4316183075464164	-0.01275	0.8083109383334086	1.2106814380326896	0.0702	0.7376387107013759	1.0052703671898926	0.1076
63	2.105849582172702	1.0233329361159504	0.9602906564436137	0.0301	1.1152706052830852	0.9429366238740753	0.0301	1.121989084355158	0.6398503886999185	0.129	1.1218266480367904	0.5717699968409085	0.023	1.097387119898706	0.48962540536136206	0.2179	1.1287147442802528	0.4939995760408712	0.1804	1.1100214935866897	0.5692740444724459	-0.0119	0.9246498912064748	0.9695896372928204	0.0301	0.8687060504214069	0.617214162153666	0.129	0.852005973510711	0.2693927728970039	0.023	0.8530971345814995	0.20979184844037843	0.2179	0.8075011727926323	0.20425303939245837	0.1804	0.8573165527743396	0.20114702998396475	-0.0119	1.1369255007339725	1.4414724405738242	0.0008	1.2108870063959143	1.6356726124112102	0.0655	1.189058216785083	1.5048892286596598	0.1076	1.285996696794562	1.355700878075265	-0.01275	1.3487183689702762	1.1082720205118353	0.0702	1.3714951830464621	0.9398734510009997	0.1076	0.9614774468562299	1.4297920996596825	-0.01275	0.8097680388172783	1.2136264525087173	0.0702	0.7383762599202105	1.0067071494169229	0.1076
64	2.139275766016713	1.021948320176416	0.9623463207105755	0.0301	1.114473450543342	0.9445338818484256	0.0301	1.1215953003707928	0.6397486265493258	0.129	1.1243587421355437	0.5953278303852426	0.023	1.0990856343053332	0.5104099360852227	0.2179	1.1345464856443015	0.5181169015466077	0.1804	1.113341216548518	0.600657197043839	-0.0119	0.9243238467402878	0.9699015720994667	0.0301	0.8746834571573457	0.6139808214132167	0.129	0.8498596351506621	0.27541867737957787	0.023	0.8641257814550262	0.21350080821797704	0.2179	0.8126478638136958	0.20937033987027173	0.1804	0.852707919975718	0.205013394934059	-0.0119	1.1370329531062426	1.437419928377425	0.0008	1.2146050581394272	1.6312833649841736	0.0655	1.1919897311680314	1.501705079117062	0.1076	1.2894371267846196	1.3547573202835645	-0.01275	1.3482243137426675	1.1066194735096135	0.0702	1.3709414455093463	0.9377287158203952	0.1076	0.9601345770843753	1.42868241957167	-0.01275	0.8104114194631943	1.2155435188137822	0.0702	0.7387124671584445	1.007104504859782	0.1076
65	2.1727019498607243	1.0208662032182028	0.9617620292121767	0.0301	1.1125788019056928	0.9451687329477587	0.0301	1.1210648428327887	0.6428029775614463	0.129	1.1213931741025742	0.5998896265479475	0.023	1.0971044466490787	0.5169346806455835	0.2179	1.135803401925587	0.5239871205339968	0.1804	1.1098754069429775	0.6029553559655868	-0.0119	0.9236483899818544	0.9699473593160596	0.0301	0.8801992291348614	0.6113548091614555	0.129	0.8487696380487316	0.28030027787551104	0.023	0.8710309181330701	0.21674985711936876	0.2179	0.8188395007822475	0.21439256170008777	0.1804	0.8493609624332071	0.2130571214897912	-0.0119	1.1357421194506288	1.4370273868198757	0.0008	1.2170899469811092	1.6281651069138166	0.0655	1.1938666751721019	1.499416347068531	0.1076	1.2890062866356606	1.354409608682196	-0.01275	1.3457369590526143	1.1059196303232688	0.0702	1.3702256144080576	0.9355975104489955	0.1076	0.9594201103044862	1.4283533871778742	-0.01275	0.8100055497608462	1.2159542110416666	0.0702	0.7388752466200338	1.0068364663433564	0.1076
66	2.2061281337047354	1.0209674336731196	0.9608344848438222	0.0301	1.1110541203237136	0.9461129648701297	0.0301	1.1208185972556781	0.6469179883349152	0.129	1.1183638148577948	0.6106186178403123	0.023	1.095416535563755	0.5347799413903356	0.2179	1.1389226006581192	0.5397875851447144	0.1804	1.1048360275350886	0.6065499438247121	-0.0119	0.9228507064235872	0.9704142009169724	0.0301	0.886183327865702	0.6104582463809941	0.129	0.8494334480173759	0.2843990319693685	0.023	0.8730432712114707	0.2195541997668936	0.2179	0.8240571281334341	0.21894579853767224	0.1804	0.8485725965373301	0.22119708352319237	-0.0119	1.1322030438301023	1.435778983616629	0.0008	1.2162940426051883	1.625950767594686	0.0655	1.19126023478129	1.4970945941812244	0.1076	1.284723810580061	1.3546173957683554	-0.01275	1.3407811727211487	1.106133889572157	0.0702	1.3695897416154281	0.9339767011875567	0.1076	0.9586468201700348	1.4275318624057531	-0.01275	0.8069074518333698	1.2166374405845541	0.0702	0.7387915845763732	1.006957317887323	0.1076
67	2.2395543175487465	1.02169871163504	0.9603267559475249	0.0301	1.1111492791501534	0.9481777989167339	0.0301	1.1204728772024908	0.6488175604616653	0.129	1.1202246507142084	0.6168713133166112	0.023	1.0941005874113923	0.5359844562968404	0.2179	1.1510015785176138	0.54393885735	0.1804	1.10436691420312	0.5969001192857656	-0.0119	0.9223916971268499	0.9712121378332987	0.0301	0.8922533959844253	0.6097395474181895	0.129	0.8521429415173504	0.28702463796159006	0.023	0.8729262991179955	0.22245244364174388	0.2179	0.8261022462256373	0.2230082280590661	0.1804	0.8515752695473316	0.225121246092761	-0.0119	1.1253341582401708	1.431454655807067	0.0008	1.2109350237325234	1.6235342973842306	0.0655	1.1837803515421237	1.4943309279506303	0.1076	1.277613905724602	1.354932484644373	-0.01275	1.3344331295258958	1.106634875605555	0.0702	1.3699457566725552	0.9331953714873614	0.1076	0.9542720303750027	1.4256869780478858	-0.01275	0.7990778784656197	1.2193660982853016	0.0702	0.73721424625776	1.0079182986405055	0.1076
68	2.272980501392758	1.0222923070330356	0.9600441504738649	0.0301	1.1115433445269554	0.9504226604077181	0.0301	1.119518763131576	0.6498910534449708	0.129	1.1231296557597121	0.6141943767042478	0.023	1.092811391284658	0.5175434200675623	0.2179	1.1620900774383127	0.5315263065331709	0.1804	1.107497861549114	0.5862423153391672	-0.0119	0.9231229163789122	0.9714721473893076	0.0301	0.8965450455614006	0.6087045987594667	0.129	0.8561302400402709	0.2872021534710834	0.023	0.8737678864667343	0.22582436734687308	0.2179	0.8254173841312855	0.22688719947265376	0.1804	0.8567908074288727	0.2253341499681424	-0.0119	1.1169406586084403	1.4275682497035815	0.0008	1.2019448644340793	1.6212884860919576	0.0655	1.175887480635534	1.4926703235847865	0.1076	1.268738894818712	1.3553599227403954	-0.01275	1.3277615852188358	1.1074386461144654	0.0702	1.3710925270141656	0.9333401342507923	0.1076	0.9465268437586275	1.423395084591074	-0.01275	0.7867224510199331	1.225719872261273	0.0702	0.7338384886570509	1.0106765077426632	0.1076
69	2.306406685236769	1.0221772218541985	0.9620487613234924	0.0301	1.1100722480999352	0.9526061889402981	0.0301	1.117932932400438	0.6526565438223486	0.129	1.1208287357360767	0.6177835088329376	0.023	1.0921740027020217	0.514789498895108	0.2179	1.1579663976610142	0.5308328985765063	0.1804	1.1080879057850561	0.6066602272165409	-0.0119	0.9243812101173469	0.9711731727967262	0.0301	0.8981457990480624	0.6092546444158405	0.129	0.8597459165700087	0.2866152698419695	0.023	0.8767308780470766	0.22816833036968265	0.2179	0.8246135444186871	0.22896888938955617	0.1804	0.8607570661028249	0.224840759575407	-0.0119	1.1094233574941614	1.426643412775885	0.0008	1.191626698194129	1.6207052498307488	0.0655	1.1703965460479302	1.4941190505701933	0.1076	1.2590045271206802	1.3566069276198325	-0.01275	1.3209796115506005	1.109187282755392	0.0702	1.37086609085829	0.9344307723823391	0.1076	0.9390166723981728	1.4211542614352053	-0.01275	0.7722710226278072	1.236215292956442	0.0702	0.7290245604118069	1.0164439018567357	0.1076
70	2.33983286908078	1.0203684192176337	0.9669640301009231	0.0301	1.1062784451772765	0.9558168376193634	0.0301	1.115936778585681	0.6556034054570464	0.129	1.117994157327661	0.6322732673630954	0.023	1.0920420450112376	0.5291595571408957	0.2179	1.147266515159627	0.5454648489867986	0.1804	1.1059727361487308	0.6453701877441379	-0.0119	0.9234495727101271	0.9718279365182196	0.0301	0.8973774855058679	0.6118337127630961	0.129	0.8613639169181723	0.28714145692743154	0.023	0.8795612305564365	0.22870212688735442	0.2179	0.8253340738451493	0.22798994303544728	0.1804	0.8620733696384952	0.2251518503438683	-0.0119	1.1018900214506004	1.4269506768507692	0.0008	1.1823255409910567	1.6211580052023424	0.0655	1.1655484811429204	1.496464296470712	0.1076	1.2484158812474833	1.359076241147523	-0.01275	1.3135383025216152	1.1123028695106438	0.0702	1.3678324411480671	0.9361604840679214	0.1076	0.9320208058136564	1.4195663041375004	-0.01275	0.7573831924750255	1.248501450737903	0.0702	0.7220007131988414	1.0246777987660447	0.1076
71	2.3732590529247912	1.015901116166651	0.9721093177665081	0.0301	1.1010678066209205	0.9603807428657369	0.0301	1.113409351213655	0.6564379610182832	0.129	1.121614901708202	0.6430005813367772	0.023	1.091005429727069	0.5214069798428091	0.2179	1.1454460388236054	0.5413086985070927	0.1804	1.104927200810888	0.6645590493901615	-0.0119	0.9186924747705714	0.9744790163231031	0.0301	0.894987757976222	0.6142814052867042	0.129	0.8606538353369075	0.28753536743747143	0.023	0.8789075003563533	0.22841975156900712	0.2179	0.8265660214919373	0.22567761396799077	0.1804	0.861480130320202	0.2259267269694408	-0.0119	1.0929844303246516	1.4273213322253293	0.0008	1.1762379642910163	1.6200122988266212	0.0655	1.1605607803841682	1.4947527924382125	0.1076	1.2372946776941682	1.3625571599522939	-0.01275	1.3045800759237456	1.1163461092363323	0.0702	1.3632190721297166	0.9376665862916834	0.1076	0.9233929141903504	1.4194974708348065	-0.01275	0.7424153700550511	1.2600713377554524	0.0702	0.7132209315814699	1.0341115969242642	0.1076
72	2.4066852367688023	1.0094547373585199	0.9759763748301139	0.0301	1.0953948367720423	0.9655235887059402	0.0301	1.1097178801653829	0.6579770244220852	0.129	1.1256250612482586	0.6452715496202607	0.023	1.0889484531726887	0.49229540646207	0.2179	1.1505128756484115	0.5127682307360945	0.1804	1.1043705993645585	0.6621322051642723	-0.0119	0.912228972383399	0.9783978331108181	0.0301	0.8919623082901807	0.6153788011094471	0.129	0.8588722829270956	0.2863093255492483	0.023	0.8766886864486975	0.22805229826412668	0.2179	0.8269006792718802	0.22437836693318955	0.1804	0.8595259031174965	0.22643534603524573	-0.0119	1.0843922026764827	1.4294199389081998	0.0008	1.1740267802491504	1.6166554698837055	0.0655	1.1577889378776771	1.4894179377314145	0.1076	1.2275726738869854	1.3664784056506896	-0.01275	1.2942506007500587	1.1206050741122804	0.0702	1.3591943436993303	0.937830101882987	0.1076	0.9142735052057339	1.4209700142819262	-0.01275	0.7287152912954489	1.2716065954827251	0.0702	0.7064022641080441	1.0444705176133835	0.1076
73	2.4401114206128134	1.002891020486956	0.9793083383709825	0.0301	1.0897327235573941	0.9702984805556714	0.0301	1.104916254626757	0.6650957950545275	0.129	1.1209107232653412	0.6508783443430326	0.023	1.0887318112469875	0.4965780481464642	0.2179	1.1546535287721618	0.5053795376169755	0.1804	1.1016246372760594	0.6621815800769636	-0.0119	0.9071661568942394	0.9819890249157619	0.0301	0.8891520167530673	0.6162398732520131	0.129	0.857424009928328	0.2846670141378953	0.023	0.8783208985584562	0.22748947759305038	0.2179	0.8265571724702374	0.22389099239585172	0.1804	0.8569010609635053	0.22644506689331115	-0.0119	1.0775188997638223	1.4341945587432896	0.0008	1.1738457486109268	1.6133323363185852	0.0655	1.158529052027427	1.4852971009128542	0.1076	1.2196872780024086	1.370495069813741	-0.01275	1.284139213630932	1.1252116966511168	0.0702	1.3568633452057262	0.9366056173726023	0.1076	0.9070925165378588	1.4231497112442102	-0.01275	0.7183084286583673	1.2836188018351529	0.0702	0.7057404492545194	1.0559269019243722	0.1076
74	2.4735376044568245	0.9970157123808697	0.9824679016251413	0.0301	1.084189014090893	0.9739683575993077	0.0301	1.1008659712948454	0.6771749366311112	0.129	1.110951031083398	0.6639379447393483	0.023	1.0919207552278143	0.5546806264645359	0.2179	1.1572238754248836	0.5450609849065722	0.1804	1.0969690752222032	0.6740257132494246	-0.0119	0.9032983385963457	0.9840784109290177	0.0301	0.8870087455335042	0.6177427400971827	0.129	0.8569111880876018	0.28407200608257016	0.023	0.883679256528888	0.22681640102202516	0.2179	0.8264455399119383	0.22289596459366057	0.1804	0.8551309163330251	0.22609295081987224	-0.0119	1.0709881283142282	1.4394040832405328	0.0008	1.1740195229761137	1.612024318039269	0.0655	1.1609272370535926	1.4833826992172316	0.1076	1.21101268645103	1.3749997892464882	-0.01275	1.275938066199594	1.129912574777181	0.0702	1.3556999033122819	0.9357402369624567	0.1076	0.9010780673705172	1.4256558718775632	-0.01275	0.711150939707899	1.293283494166399	0.0702	0.7123278610176673	1.0675631533758834	0.1076
75	2.506963788300836	0.9915027073617876	0.984950427005323	0.0301	1.0786132329572053	0.9760230505335837	0.0301	1.0993425983567302	0.6878979689557788	0.129	1.1050934006048692	0.6751428189097036	0.023	1.0960330100180682	0.6212201001903127	0.2179	1.1600231122451399	0.599782195647775	0.1804	1.0933693877917352	0.6865904809401524	-0.0119	0.8988162013559842	0.9847441650632465	0.0301	0.8854863595835649	0.6191217605827771	0.129	0.8573285383042114	0.28430599977246934	0.023	0.8877458713768858	0.2264144258257971	0.2179	0.8268806044173317	0.22163918508556205	0.1804	0.855089104062393	0.22570377270376676	-0.0119	1.064088097498959	1.4422183234306154	0.0008	1.1745433615496126	1.6124595407858897	0.0655	1.1626885286617135	1.4815716741318268	0.1076	1.200648524004975	1.379819574675796	-0.01275	1.2695205273197487	1.133498702156109	0.0702	1.354276974360815	0.936632514088066	0.1076	0.8947240471916288	1.4282874227399471	-0.01275	0.7057666290172876	1.2979702517206542	0.0702	0.7240443178728598	1.0773454366425153	0.1076
76	2.540389972144847	0.9860361453437386	0.9864343895520833	0.0301	1.0725683393573249	0.9763895889175476	0.0301	1.0996768689352254	0.6925212547353246	0.129	1.105559266514351	0.6791638109103145	0.023	1.0988884228836184	0.6596305573352634	0.2179	1.1617272977706925	0.6353567405331169	0.1804	1.0927475236538566	0.6914338155737428	-0.0119	0.893934800559368	0.9848691980278623	0.0301	0.8840061111164752	0.6192974169284535	0.129	0.8580746585578745	0.28432468008809897	0.023	0.8883185583471184	0.22625361480711664	0.2179	0.8275147670436983	0.22092905327510418	0.1804	0.8560374933155316	0.225555999706361	-0.0119	1.058467670398397	1.4429931695677578	0.0008	1.1749541945896913	1.612387345712652	0.0655	1.1631309424255574	1.4800405615937913	0.1076	1.191315893218527	1.3834189007067506	-0.01275	1.2630156843205038	1.1356742813852039	0.0702	1.351922078417602	0.9386743300764977	0.1076	0.8888675202632503	1.4298307532819323	-0.01275	0.7021606492607577	1.2975685021073233	0.0702	0.7383640063446085	1.0837180461296532	0.1076
77	2.573816155988858	0.9804135083664991	0.9874694368126622	0.0301	1.065985461503662	0.9761834635097055	0.0301	1.1000915660968524	0.6929081711744978	0.129	1.1077898971480522	0.6818054481010432	0.023	1.1010405514517791	0.6783082171970681	0.2179	1.1600223166522923	0.6518076456888338	0.1804	1.0936067393194937	0.6949870478358134	-0.0119	0.8896058142605088	0.985037831610022	0.0301	0.8822720206803705	0.6182718847777152	0.129	0.8583568165474725	0.283273721026747	0.023	0.8869184350518391	0.22630471994948814	0.2179	0.8277957100571451	0.22069810994297534	0.1804	0.8566794170165731	0.22538708120529002	-0.0119	1.0551775910702392	1.4437047103415823	0.0008	1.1742881163029881	1.610302413079207	0.0655	1.162287958403327	1.4797687192130493	0.1076	1.1847364421480353	1.3850130026361078	-0.01275	1.2557782189096303	1.13705847054866	0.0702	1.3493571443295966	0.94055472353312	0.1076	0.8849656799382198	1.4291009487379487	-0.01275	0.7012965743281592	1.292708610909922	0.0702	0.7541803170761691	1.0864545751398098	0.1076
78	2.6072423398328692	0.9746097796091457	0.9886274075481953	0.0301	1.0598086928286714	0.9764666997590034	0.0301	1.100129764228085	0.6930105300119159	0.129	1.1083012230464795	0.6882383392748392	0.023	1.103656641646796	0.696807920784391	0.2179	1.1573345741278922	0.6605849264747217	0.1804	1.093630332568861	0.7034004330882424	-0.0119	0.8856902452823395	0.9855309177514422	0.0301	0.8809411850396345	0.6172088061724071	0.129	0.8583605331415325	0.28224294856140586	0.023	0.8851083168090198	0.22725111803960507	0.2179	0.8276333505668687	0.2213292435549385	0.1804	0.8564232093212288	0.22455390843886597	-0.0119	1.0531248240331068	1.4444190871608504	0.0008	1.1729502226584638	1.6079944205586436	0.0655	1.1605187463261903	1.4793787022382903	0.1076	1.1792481385075124	1.3855920406528621	-0.01275	1.2495925261089267	1.1382577432378465	0.0702	1.34781845060816	0.9418915305807557	0.1076	0.8832433770339088	1.4265805423970983	-0.01275	0.7032782743025275	1.284009004002233	0.0702	0.7714498691613916	1.0864029485841693	0.1076
79	2.6406685236768803	0.9688978129864991	0.9894919470884993	0.0301	1.0548099627709522	0.9766614021749458	0.0301	1.1004798091046242	0.693954329053123	0.129	1.1071583869270645	0.6970662227128485	0.023	1.1045711271392482	0.7169475861162358	0.2179	1.1579590419875372	0.6720336301927072	0.1804	1.0925937595139257	0.7119419015068253	-0.0119	0.8820998958672704	0.9861681255152728	0.0301	0.8803898847430024	0.6172335853034072	0.129	0.8589346842274295	0.28352521505634315	0.023	0.8842257492258513	0.22950477323148513	0.2179	0.8276639732483045	0.22391972543790165	0.1804	0.8554457690350687	0.2234852841428017	-0.0119	1.0514791328620428	1.44418142421142	0.0008	1.172547493711319	1.6074953054262946	0.0655	1.1594588200745843	1.476737818889621	0.1076	1.1726711323286378	1.3858583708752163	-0.01275	1.245791445058755	1.1391263102815503	0.0702	1.3477829031159507	0.9435076548500982	0.1076	0.8830604123441531	1.423952086293285	-0.01275	0.7079969853151826	1.272389627109277	0.0702	0.7903877167903602	1.0849767421554068	0.1076
80	2.6740947075208914	0.9634571113326419	0.9897846829270704	0.0301	1.0497315347175995	0.9762790991681269	0.0301	1.101719232973319	0.6965586818693174	0.129	1.1041423166523427	0.7081263638198526	0.023	1.0965159950290957	0.6998958055839738	0.2179	1.1589962735861858	0.6943438269418399	0.1804	1.0917120242359868	0.7181056257227671	-0.0119	0.8791185335982588	0.9857187696986806	0.0301	0.8797784254368173	0.6182163278343061	0.129	0.8595201477588578	0.2862133749608122	0.023	0.8868242293899874	0.2318848470725506	0.2179	0.8284874734289795	0.22768108397749096	0.1804	0.8539075149012466	0.22406689713379244	-0.0119	1.0510121535397727	1.442999237964705	0.0008	1.1735845735145756	1.607698611224936	0.0655	1.160614319488649	1.4727014113491401	0.1076	1.1650894778018763	1.3857967106400908	-0.01275	1.2430888886510434	1.138448029217753	0.0702	1.3484587238978638	0.9459290223554057	0.1076	0.884153678967077	1.4225974177391536	-0.01275	0.7154811022220244	1.259268754653545	0.0702	0.8105134738212034	1.0836547066132423	0.1076
81	2.7075208913649025	0.9581118518934285	0.9901944618435505	0.0301	1.043190555501732	0.9760359414058947	0.0301	1.1034708046583834	0.7018929259959035	0.129	1.0996333563239853	0.7187786253956765	0.023	1.0783692668971439	0.5934452604971251	0.2179	1.15520823493937	0.7100834310322057	0.1804	1.0921139109224431	0.7227184065884608	-0.0119	0.8765711399506064	0.9841643221612714	0.0301	0.8788214337589256	0.6203759595003733	0.129	0.8587544536933103	0.2876059859176835	0.023	0.8929465928190351	0.23277635307866926	0.2179	0.8297113473898526	0.2300233263001677	0.1804	0.8519948161575167	0.22650890866462778	-0.0119	1.051597228912093	1.441805502643987	0.0008	1.174014232348557	1.6073826349790175	0.0655	1.1626756743337385	1.4704088213758113	0.1076	1.158366145765833	1.385832127181621	-0.01275	1.2397863086380352	1.1360764524681854	0.0702	1.3484799948759416	0.9483366754647733	0.1076	0.8868988262598075	1.4226804458405593	-0.01275	0.7254716707796227	1.246174999942837	0.0702	0.8306737619551041	1.0827680342525787	0.1076
82	2.740947075208914	0.9526046009059694	0.9914060149525432	0.0301	1.0368798335080378	0.9763250749880624	0.0301	1.1043412737817064	0.7077163531098879	0.129	1.0997151185106628	0.7185134795471987	0.023	1.0673673212898567	0.42403568965714067	0.2179	1.1526313584259946	0.659788981307711	0.1804	1.0940150774640331	0.7168370059499098	-0.0119	0.8740722954179148	0.9842816788027735	0.0301	0.8784162495883686	0.6248415019661132	0.129	0.8571159081742115	0.2883932221818979	0.023	0.8971887325851109	0.23228426049776738	0.2179	0.8304575279836146	0.23020697545192143	0.1804	0.8506081759607405	0.22813142043686124	-0.0119	1.0513495550108964	1.4414463592644093	0.0008	1.173137566652684	1.6074777462528178	0.0655	1.1634327104823339	1.4700884851413927	0.1076	1.153952299364419	1.3861304117475548	-0.01275	1.2365786129812921	1.1341819105250202	0.0702	1.3471403676288387	0.9497626241269413	0.1076	0.8905054101732777	1.4234364614980544	-0.01275	0.7376138608368098	1.2334073583444176	0.0702	0.8507505318642731	1.082726273120697	0.1076
83	2.774373259052925	0.947250655500452	0.9936375062840344	0.0301	1.0328467952902216	0.9766582789205226	0.0301	1.103160400810959	0.710122863764099	0.129	1.1095721368156413	0.708573121369981	0.023	1.080553542720565	0.29125877958713414	0.2179	1.1598863106394925	0.5105777494682652	0.1804	1.0968317311692615	0.6980430549382364	-0.0119	0.8715310910564082	0.9873437137544648	0.0301	0.8784912155530867	0.629075019759247	0.129	0.8559866223446185	0.28997354063779496	0.023	0.8957046352089921	0.23156830979372575	0.2179	0.8311507228304185	0.22973810548039392	0.1804	0.8503021705796813	0.22737499552508492	-0.0119	1.049219012760756	1.4415680647729583	0.0008	1.1741228601519322	1.6082063004781617	0.0655	1.1630941026511867	1.4693130785642696	0.1076	1.1512471757096168	1.3864579581582916	-0.01275	1.2346010860995538	1.1353392466554388	0.0702	1.3454352809432746	0.9501306224958381	0.1076	0.8927714352935123	1.424027506952318	-0.01275	0.7508912675683469	1.220130479600844	0.0702	0.8720947776537198	1.0871657240376085	0.1076
84	2.807799442896936	0.9429227825480274	0.9963606914046723	0.0301	1.0298990502928376	0.9764785631359632	0.0301	1.0998461543174909	0.7100422138135175	0.129	1.1216883013472736	0.7072821981425533	0.023	1.104595831054114	0.247667682093629	0.2179	1.1681855552133737	0.3401529340095072	0.1804	1.0991599027630743	0.6857460651690871	-0.0119	0.8692282769559501	0.9904085730367236	0.0301	0.878245878505269	0.6279824892790989	0.129	0.8556463259556192	0.29089057813937946	0.023	0.8915276827758053	0.23117540273782003	0.2179	0.8330924280173707	0.2295839086256708	0.1804	0.8502942794961273	0.22605059002811234	-0.0119	1.046213013038225	1.4412921975443553	0.0008	1.1782490444694331	1.6075988665262635	0.0655	1.1633395815268361	1.4665426184989854	0.1076	1.1481821317715117	1.3870000126583244	-0.01275	1.2328006854694609	1.1394297635368527	0.0702	1.3451708366240913	0.9501332563454405	0.1076	0.8930108361993531	1.4237886531126547	-0.01275	0.7641348541067063	1.206266239074316	0.0702	0.8942374537392315	1.0989109485895854	0.1076
85	2.8412256267409473	0.9400791928846827	0.9980327610178679	0.0301	1.0264814650338532	0.975948978390649	0.0301	1.0949950409758562	0.7123606800488779	0.129	1.1243768819334143	0.7243863885908602	0.023	1.1107861326753983	0.2617402766674231	0.2179	1.1611173802623462	0.2552509358911089	0.1804	1.0991935799265313	0.6965024538660146	-0.0119	0.8673256493814115	0.9909331567343367	0.0301	0.8779226370002484	0.6225567242669872	0.129	0.8559727424855895	0.29023202717812285	0.023	0.8891851260738659	0.2311571627561899	0.2179	0.8355331774227691	0.2293784227981656	0.1804	0.8504180261457541	0.22633964326592548	-0.0119	1.0439931075000082	1.4406260957202213	0.0008	1.1827536061370003	1.6040383304893129	0.0655	1.16517538854954	1.460944395380526	0.1076	1.1443113175405386	1.3876143887055872	-0.01275	1.230229353777645	1.143086557883008	0.0702	1.346115401105287	0.9506488420894357	0.1076	0.8929733084031833	1.4223846047925348	-0.01275	0.7779601029284495	1.1939281993907882	0.0702	0.9109803097713891	1.113259118176699	0.1076
86	2.8746518105849583	0.9386467944068264	0.9972401300367406	0.0301	1.0238107978178361	0.9761887178986995	0.0301	1.0895168207096952	0.716786433206279	0.129	1.1194114607550512	0.7445428081835208	0.023	1.0986361800921447	0.28241152937939284	0.2179	1.1402888097256105	0.25668922449918297	0.1804	1.097927025136706	0.7164809659200216	-0.0119	0.8652663459749013	0.9903792102622812	0.0301	0.8779441985673828	0.619377367600807	0.129	0.8567353854722238	0.2896065832267295	0.023	0.8891301013383887	0.231098947423432	0.2179	0.8357318001085192	0.22897706468866882	0.1804	0.8516849737039792	0.22766219514733738	-0.0119	1.043081212780185	1.4399822094968984	0.0008	1.1863253485074832	1.5987739085920791	0.0655	1.1683008664021657	1.4534385887535781	0.1076	1.1416509074667	1.3871994486621304	-0.01275	1.2278538528745435	1.1439362815386094	0.0702	1.3460937298420756	0.9520989614784602	0.1076	0.8943352839403307	1.4207924111109729	-0.01275	0.7943926021818584	1.1868232403819405	0.0702	0.9161042025317331	1.1185170223469438	0.1076
87	2.9080779944289694	0.9380321602471152	0.9936526120786372	0.0301	1.0229332457582407	0.9772606058091521	0.0301	1.0841878487690135	0.7184145278652984	0.129	1.1166365834008363	0.7213467010372853	0.023	1.0907803821357562	0.2874806034799269	0.2179	1.1219907452892217	0.27773631668649723	0.1804	1.097540838221063	0.6921187009716455	-0.0119	0.8628841760062167	0.9905501955010815	0.0301	0.8780874226610375	0.6209061842149528	0.129	0.8573553554785928	0.2905063015887666	0.023	0.8890624823272446	0.23007000339498895	0.2179	0.8334438107857671	0.2295373347419411	0.1804	0.8537826309663932	0.22822790533515747	-0.0119	1.0434038493387676	1.4394659458628996	0.0008	1.1894870029199045	1.5945989878866467	0.0655	1.171726675552491	1.4472549776276111	0.1076	1.1409314964132746	1.3852257466990834	-0.01275	1.2266413074516582	1.142934253378244	0.0702	1.3445557293393116	0.9539993485743875	0.1076	0.8975764742682657	1.4208159917516723	-0.01275	0.814920141843972	1.1862772846862104	0.0702	0.9203996097720526	1.1044306590527664	0.1076
88	2.9415041782729805	0.9363859457581977	0.988809205374856	0.0301	1.0212256224742837	0.9766210194529609	0.0301	1.0788048940722401	0.7170491414747279	0.129	1.1157659925018386	0.6119148842850339	0.023	1.093369240008937	0.2850915267576937	0.2179	1.115777230650466	0.2850604870335684	0.1804	1.0944749903868363	0.5740901063679228	-0.0119	0.861310208163142	0.9896736221898748	0.0301	0.8781898697787073	0.6233337555155686	0.129	0.8578714169923937	0.29197096168858483	0.023	0.8883124997090285	0.2277496035933598	0.2179	0.83276065337337	0.2314675475936914	0.1804	0.8551926963185446	0.22818578754388016	-0.0119	1.045934752893582	1.4390498578865438	0.0008	1.1913589365224202	1.5920454654686964	0.0655	1.1750014137413376	1.4439581992868165	0.1076	1.1405772338781301	1.3830807364675188	-0.01275	1.2266626572609796	1.1416685168624787	0.0702	1.3434851864031931	0.9553302868517243	0.1076	0.9032794559875552	1.4224183999159625	-0.01275	0.8410277898093766	1.187766279932518	0.0702	0.94950260025784	1.074670846176437	0.1076
89	2.974930362116992	0.9323653860897358	0.9856062317263855	0.0301	1.0157401715305814	0.9729135323393049	0.0301	1.0733708420256178	0.7139055239796022	0.129	1.1107039696157797	0.4551554157057577	0.023	1.1018983839620555	0.2868453986105381	0.2179	1.1250294883909318	0.2823209375349158	0.1804	1.0857539345471172	0.40452674030916747	-0.0119	0.8611136811777592	0.985997338183942	0.0301	0.8784239642769441	0.6239236739378277	0.129	0.8586737030578387	0.29209495827049364	0.023	0.8889303882444323	0.22559385657435266	0.2179	0.836759220329566	0.2328709368556309	0.1804	0.8552927475923368	0.22920546039673845	-0.0119	1.0505162724462558	1.438499860054999	0.0008	1.192476437166586	1.5891403080381319	0.0655	1.1780869087673898	1.4413753266760911	0.1076	1.1397923310530849	1.3821168694279058	-0.01275	1.2273559142893486	1.1408194366225093	0.0702	1.3445306673301898	0.9555646740062418	0.1076	0.9116177271958208	1.4238604854416934	-0.01275	0.8757928852843099	1.185715110785731	0.0702	1.0072018762079626	1.045670473393022	0.1076
90	3.008356545961003	0.9274552618836285	0.9850221727958132	0.0301	1.008361109766717	0.9689216552041081	0.0301	1.0694519369384026	0.70630331367996	0.129	1.1046743470203984	0.3467844154661872	0.023	1.1206038783269014	0.2913573333584391	0.2179	1.1486316070552334	0.27738104470348696	0.1804	1.0778979948360152	0.28668877220570865	-0.0119	0.8612859863496793	0.9827339234739976	0.0301	0.8787776273203142	0.6240965097203545	0.129	0.8593835662739091	0.2912163845075505	0.023	0.8919210377438775	0.22586880371397774	0.2179	0.8432070522314834	0.23226002904633125	0.1804	0.8544377560050869	0.2319683297862627	-0.0119	1.0541868577305586	1.4376147149985588	0.0008	1.1960758674649936	1.5854330492748459	0.0655	1.1807639579124949	1.437550638006976	0.1076	1.139163455885799	1.3817175856175141	-0.01275	1.2280007449536323	1.1403847431719998	0.0702	1.3468000120780295	0.9549518556656208	0.1076	0.9207323632434816	1.4241195631663266	-0.01275	0.9173369843906835	1.1812401449029115	0.0702	1.062994522244604	1.0291553203586943	0.1076
91	3.041782729805014	0.9244985168059182	0.9855805361085992	0.0301	1.003442224129475	0.9671709914694814	0.0301	1.0675465610581445	0.6957159655512899	0.129	1.1029635110637066	0.319069458117071	0.023	1.1437613215224305	0.2942795262699756	0.2179	1.169833962190184	0.27479101966501224	0.1804	1.0758749707436843	0.2550885622281311	-0.0119	0.8610533009674168	0.9835763332218572	0.0301	0.8789622054077709	0.6252753692517835	0.129	0.8595913931893878	0.2908791484250277	0.023	0.895291013891108	0.22852161435896462	0.2179	0.8481316699006348	0.23059803407116125	0.1804	0.8532047323530204	0.23513989903309418	-0.0119	1.0558480352592368	1.436668129701794	0.0008	1.202550141346547	1.5827318180842938	0.0655	1.1832725355655318	1.4339530860896663	0.1076	1.1395485938302186	1.3809654460957883	-0.01275	1.2287445691889871	1.1395104124040194	0.0702	1.3482407494218012	0.9540914134768959	0.1076	0.9283400740775971	1.4233290651069865	-0.01275	0.9531600475801437	1.1784394116846864	0.0702	1.0936575213099964	1.024182600881224	0.1076
92	3.0752089136490253	0.9251806592689901	0.9861455298122919	0.0301	1.0021857435657762	0.9667662563465058	0.0301	1.0660570784539933	0.6884774902346334	0.129	1.102481226675993	0.32897197513172327	0.023	1.1526193344087423	0.2961809481554902	0.2179	1.1701163542280628	0.27660344289452066	0.1804	1.0754561140960408	0.2656178305869731	-0.0119	0.8609881625860278	0.9862261136219159	0.0301	0.8795736230816841	0.6277009641451428	0.129	0.8594557057383171	0.29164551864817806	0.023	0.8972809643229143	0.23066375663835012	0.2179	0.8504605764452354	0.2297635739313553	0.1804	0.8519316574762622	0.23694884123525534	-0.0119	1.0586533363654511	1.4358589069765055	0.0008	1.2087984574529382	1.5817931974363804	0.0655	1.1866835186807874	1.4323061921358056	0.1076	1.1414331593593956	1.380021352822626	-0.01275	1.229827106533984	1.1375862598213302	0.0702	1.3483383293320226	0.9531625876988907	0.1076	0.9342975413837294	1.4227634438285026	-0.01275	0.9735241395208994	1.1760173035330013	0.0702	1.1080617335780931	1.0252106665027025	0.1076
93	3.1086350974930363	0.9284557599878922	0.9863473098785347	0.0301	1.0029133796145064	0.9666224566084963	0.0301	1.0648149131112852	0.6860036430992696	0.129	1.0996972810017032	0.3357321423905709	0.023	1.1451062151482334	0.2962808539642983	0.2179	1.15464344385034	0.27860219483520143	0.1804	1.0727464573892154	0.27602101127579254	-0.0119	0.8620448358866064	0.9868135922023197	0.0301	0.8818538112029229	0.6311123392271448	0.129	0.8590448353531682	0.29320849961097534	0.023	0.8982946213325071	0.23032798493526027	0.2179	0.8516142260676509	0.23018203193262207	0.1804	0.8509385312817117	0.236715998017482	-0.0119	1.0644345105196276	1.4343657107334433	0.0008	1.2135610961165249	1.5821970554576317	0.0655	1.191837614151646	1.4319299041265172	0.1076	1.1442206036328986	1.3791579915570495	-0.01275	1.2305266639904526	1.1354887118796382	0.0702	1.3480930546132575	0.9523954709075184	0.1076	0.9399490296368352	1.4231708523896136	-0.01275	0.9827377219989532	1.1710044720624695	0.0702	1.1223756172745034	1.0293015651359982	0.1076
94	3.1420612813370474	0.9310339373998413	0.985417617980811	0.0301	1.004224666171071	0.9671722637934068	0.0301	1.0652193904166387	0.6839210551732849	0.129	1.0977028359159924	0.3279558183153169	0.023	1.1437005054833802	0.2888161387392166	0.2179	1.1475948307849066	0.2700179736148591	0.1804	1.0705073154475915	0.2697514462189503	-0.0119	0.8642119775895968	0.9857558811395536	0.0301	0.8856485978310198	0.6333159003655332	0.129	0.8584476768159275	0.29427351609954944	0.023	0.8989184176000938	0.2287518095809988	0.2179	0.8526906537447456	0.23076674492519092	0.1804	0.8506589877246588	0.23433461220051116	-0.0119	1.0704161975207949	1.43057754562375	0.0008	1.2180375595576134	1.5842525111484387	0.0655	1.1979662393499781	1.431593375937639	0.1076	1.1467794778759806	1.3783787794932156	-0.01275	1.2303448720416474	1.1341639768169551	0.0702	1.3482579700958792	0.9529445790268752	0.1076	0.9461144996438586	1.42271821470359	-0.01275	0.9901414405686364	1.1651782145085718	0.0702	1.1384196986140038	1.034418595129329	0.1076
95	3.1754874651810585	0.9318102699667826	0.9831524432594169	0.0301	1.005318697938168	0.9681915067523409	0.0301	1.0666799113085321	0.6794427341283632	0.129	1.0991883621076493	0.31133642550179497	0.023	1.1636040456965453	0.2738226495913955	0.2179	1.1556379835614	0.2481142182634947	0.1804	1.072336364625779	0.2486777287569026	-0.0119	0.8669573663793175	0.9851729022338545	0.0301	0.8895572862665301	0.6329761890221395	0.129	0.8579963314775291	0.2939375264049692	0.023	0.8990487046431629	0.2279323799428677	0.2179	0.8535293598980551	0.2309108353467374	0.1804	0.8508850606562522	0.23080497733388938	-0.0119	1.0745132931719386	1.4245218512532052	0.0008	1.2227986551072667	1.58741478780322	0.0655	1.203647856066498	1.4312394199640717	0.1076	1.1488435968153794	1.3778734819375016	-0.01275	1.2299730127270292	1.1331820305396716	0.0702	1.3484031071482618	0.954540631676173	0.1076	0.9531320577043855	1.42021585848948	-0.01275	1.0013179070620828	1.160287896552123	0.0702	1.1520087428792993	1.0365549962902003	0.1076
96	3.20891364902507	0.9340828445328123	0.9807661865877484	0.0301	1.0062454645751489	0.9677569711054602	0.0301	1.0670763648774682	0.6740205929035478	0.129	1.099522898879837	0.2967994813432708	0.023	1.1895548372263636	0.26263197345182226	0.2179	1.1590050758701922	0.22778559752569238	0.1804	1.0745151664825539	0.2294586461781033	-0.0119	0.8709959202302731	0.985424734418543	0.0301	0.8929448877688261	0.6321695105159476	0.129	0.8578651529396231	0.2928583635756963	0.023	0.8996285974959674	0.228053679733913	0.2179	0.8539211688524806	0.23092941725491295	0.1804	0.8511225021208221	0.2287624151246878	-0.0119	1.0794318358745005	1.4194098281274854	0.0008	1.2271106774791365	1.5893394170722244	0.0655	1.2091937892630493	1.4319502005575395	0.1076	1.151501363483988	1.3778182032860358	-0.01275	1.2300986541423966	1.1321189189114595	0.0702	1.3476447203827184	0.9544368159829075	0.1076	0.9616180218074121	1.4174502595565834	-0.01275	1.0175094926322823	1.1536190200606027	0.0702	1.1642725426613816	1.0328933364274764	0.1076
97	3.242339832869081	0.940253270091003	0.9788830189224875	0.0301	1.00839350618685	0.964640470187299	0.0301	1.0663929524169442	0.6680332003049836	0.129	1.0948263190758272	0.29000507526491276	0.023	1.2006196911603755	0.2591048457051577	0.2179	1.1577017272284347	0.2207443367876357	0.1804	1.0717532868715496	0.22419688938973803	-0.0119	0.8771159966255319	0.9852190442116687	0.0301	0.8965932959970523	0.6320747036074823	0.129	0.8582284700826227	0.2916870416629267	0.023	0.9022483236861168	0.228386134173225	0.2179	0.8542403779830998	0.23125370766976788	0.1804	0.8514342805834154	0.22937799802526085	-0.0119	1.0876650232570633	1.4177268775590333	0.0008	1.2306610045409174	1.5895939276109685	0.0655	1.215674943301812	1.4340852018550283	0.1076	1.1557053765267575	1.377660678539878	-0.01275	1.2303538163036503	1.1314843787481115	0.0702	1.3464403393313429	0.9514335856586438	0.1076	0.971680391879177	1.4156052497837799	-0.01275	1.035387060625852	1.144955202549962	0.0702	1.175849297546643	1.0259938440641723	0.1076
98	3.275766016713092	0.9476773317950458	0.9766087946189967	0.0301	1.0129361673112787	0.9606498964236702	0.0301	1.0673282523607774	0.6602711544940485	0.129	1.0898212810737686	0.2882017884365728	0.023	1.1995477660657248	0.2519769146254376	0.2179	1.1735409705800264	0.2183177142505587	0.1804	1.0670563932013521	0.22543986798822974	-0.0119	0.8838335953184657	0.9833449674015226	0.0301	0.9015712187844992	0.6312379819802145	0.129	0.859432349924594	0.29097208193079077	0.023	0.9058005245611606	0.229069164797326	0.2179	0.8549973436336029	0.23253974620224616	0.1804	0.8520620092937402	0.23077553221408503	-0.0119	1.0968920211020514	1.4177098558690038	0.0008	1.2349416074370982	1.590120420526079	0.0655	1.222523509823858	1.4356775700736184	0.1076	1.160801523998588	1.3757261250761834	-0.01275	1.2301543482927266	1.1310559212350833	0.0702	1.3462676409951058	0.9479304448138012	0.1076	0.9819975383829297	1.41339155981957	-0.01275	1.0477364936462665	1.141589257796809	0.0702	1.1805025042377209	1.0227962198348715	0.1076
99	3.3091922005571033	0.9533257861550505	0.9734250295823823	0.0301	1.0194745105656942	0.9577990734647283	0.0301	1.0718329989858661	0.6525229929275008	0.129	1.090507921545096	0.28469452701881126	0.023	1.2027552054419322	0.2368098782058189	0.2179	1.2014741251879264	0.20976128292819174	0.1804	1.0664236087512013	0.21985276277061236	-0.0119	0.890011666099102	0.9802129158527719	0.0301	0.9083427024418099	0.6296948084055441	0.129	0.8614047001639229	0.29160098731238987	0.023	0.908871852204404	0.23078850737239717	0.2179	0.8573294845828915	0.23520848117086363	0.1804	0.8527607234682397	0.2313389794308776	-0.0119	1.1048231329891487	1.4167264092226008	0.0008	1.2412251081950343	1.5910933949534027	0.0655	1.2289828171713248	1.435176680087971	0.1076	1.1658927008682434	1.3710345739346737	-0.01275	1.2293895633816503	1.129476841082084	0.0702	1.3472887064348342	0.9461688242016897	0.1076	0.9921305660747619	1.409846695237412	-0.01275	1.0505907129529368	1.1489267939803334	0.0702	1.1744345029640257	1.029371775972596	0.1076
100	3.3426183844011144	0.9587401113394138	0.9702356296150542	0.0301	1.0262197585396218	0.9553204224118697	0.0301	1.0779275265598314	0.6472022834216661	0.129	1.0964201233005693	0.2766577861553124	0.023	1.2166435605501835	0.22448660296021652	0.2179	1.2197135145492588	0.20002575709088877	0.1804	1.0706119836994277	0.20790900683759675	-0.0119	0.8979180484602729	0.9773304430215506	0.0301	0.9170266921297322	0.6302117149781706	0.129	0.863684642983651	0.2936264835771717	0.023	0.9138126244030792	0.23259410836266375	0.2179	0.8624751825667024	0.2376713447235157	0.1804	0.8529667563533133	0.23175331747600944	-0.0119	1.113644894373237	1.414598122479946	0.0008	1.2482735963360057	1.5913319603518565	0.0655	1.2362941507008736	1.4347698157566602	0.1076	1.1710054557392537	1.3656380277579443	-0.01275	1.2284983862437995	1.1265796752636181	0.0702	1.3481991144891958	0.9448252718051501	0.1076	1.0048150399099969	1.40634745439504	-0.01275	1.0502511083579618	1.1621483939565338	0.0702	1.1645106516708097	1.0463084810152865	0.1076
101	3.3760445682451254	0.9666553743095853	0.9682334512838946	0.0301	1.0320728370236527	0.952491524603149	0.0301	1.0823443551087788	0.6449048789725285	0.129	1.103093517335703	0.269456204594178	0.023	1.2333758004085165	0.22270257553574982	0.2179	1.2257492899282094	0.1972942794509591	0.1804	1.0762528036879462	0.20063155811008807	-0.0119	0.9096297119164286	0.9757265203601933	0.0301	0.9273808383474992	0.634528400608781	0.129	0.8659303280083677	0.2968540059358124	0.023	0.9197504505300179	0.23193878437687246	0.2179	0.8676755415680117	0.2374324000234667	0.1804	0.8530614482022507	0.23382981718152135	-0.0119	1.1250055255519342	1.4120568622166612	0.0008	1.255131251198832	1.5909386433228192	0.0655	1.2459539143183553	1.436745742880365	0.1076	1.176458787452933	1.3618306030254024	-0.01275	1.228829566074933	1.123242135476689	0.0702	1.3482774360213468	0.94111075546831	0.1076	1.0207798001191133	1.404328258941551	-0.01275	1.0526269826494088	1.1735098125377217	0.0702	1.1589688871489117	1.06696991432202	0.1076
102	3.4094707520891365	0.9763230894533064	0.967078960583383	0.0301	1.0382982188832033	0.9506775998814199	0.0301	1.085138210467418	0.6449175192818855	0.129	1.1074189529970238	0.26880142392731393	0.023	1.2440730357657759	0.22459381100428652	0.2179	1.2280604515159563	0.1977444006694605	0.1804	1.080121902077426	0.2022557727782133	-0.0119	0.9229761648433908	0.9753675922761313	0.0301	0.9389960936607876	0.640599935434883	0.129	0.8678986694365812	0.3019834693208726	0.023	0.9201185892033946	0.22853200792523565	0.2179	0.8668942253124349	0.23549913747468645	0.1804	0.854150683114335	0.23936582042640012	-0.0119	1.1362409624194472	1.409020387092526	0.0008	1.2632209589480954	1.5904391029333216	0.0655	1.2573529732590605	1.4391988533609348	0.1076	1.1828280738316375	1.3583128510578621	-0.01275	1.2316303223313956	1.1189400089264059	0.0702	1.3480114977487148	0.9349968435674204	0.1076	1.035682830550021	1.4027110095002664	-0.01275	1.0532363534199665	1.1805637286587236	0.0702	1.1575094991980301	1.0789426919991003	0.1076
103	3.4428969359331476	0.9858155478238096	0.9647594108348181	0.0301	1.0458491933645349	0.950365984027068	0.0301	1.0881198379243984	0.6437855708437251	0.129	1.1092473329889505	0.27231886614193773	0.023	1.2472876774138875	0.2214637268245663	0.2179	1.229606620517944	0.1948145862610827	0.1804	1.0817382828994815	0.2068773439279008	-0.0119	0.9348289635808473	0.9747344344704849	0.0301	0.9521516995044855	0.6449826239060018	0.129	0.8699554087161941	0.30976633032098944	0.023	0.9152237115255676	0.22650301386381727	0.2179	0.8601775219393035	0.23698166557893408	0.1804	0.8558769948075693	0.24877631012061388	-0.0119	1.1455337363019014	1.4056049654339067	0.0008	1.2736599553357884	1.5896296116517887	0.0655	1.2690689905483832	1.4399260925364152	0.1076	1.1900842486036158	1.353113346436039	-0.01275	1.235866869831594	1.1131637360809201	0.0702	1.347871249375344	0.9293500676616244	0.1076	1.04753054597686	1.400024294277871	-0.01275	1.0502822037520807	1.1840797104777732	0.0702	1.156492616659877	1.0751996035306373	0.1076
104	3.476323119777159	0.9951155050682889	0.9600933191721952	0.0301	1.052596502142616	0.9494541955975632	0.0301	1.0915112273528085	0.6392888292865484	0.129	1.110022714359769	0.274898040054943	0.023	1.2460699861881248	0.2158184039038587	0.2179	1.2292728944742306	0.19106391947428916	0.1804	1.0822652344355825	0.2095188313089014	-0.0119	0.9454355750275714	0.9714161392073776	0.0301	0.9674971203646502	0.647190785569523	0.129	0.8730820712078072	0.3202430442151309	0.023	0.9145215171428447	0.23096962204983446	0.2179	0.8567695355883319	0.24571906141201552	0.1804	0.8567652012898155	0.26055915508131294	-0.0119	1.1547234677695073	1.4030393036941746	0.0008	1.2857834512117634	1.5881816697380433	0.0655	1.2806086462701243	1.43952433177339	0.1076	1.1968234295574378	1.3474571406555844	-0.01275	1.2386424205270026	1.107958946268143	0.0702	1.3478248264320472	0.9266328747469736	0.1076	1.0591990854601205	1.3970567414734754	-0.01275	1.0506082382914173	1.1849574033166994	0.0702	1.1550331160954692	1.0647442436059809	0.1076
105	3.50974930362117	1.004491304480414	0.9549831269295808	0.0301	1.056682692844642	0.9465918478330297	0.0301	1.0949196681592577	0.6353169174676611	0.129	1.110790077829953	0.2754764380463107	0.023	1.2444242252929127	0.21371185370305082	0.2179	1.2272912494105834	0.19048519959789406	0.1804	1.081609319391797	0.21051661867047622	-0.0119	0.9558234830848782	0.9659391792305857	0.0301	0.9850323342428807	0.6503834992921631	0.129	0.877246504253785	0.3323183015833958	0.023	0.9227404013900454	0.24271184722266134	0.2179	0.8644170496063598	0.2601338924006579	0.1804	0.856502939852744	0.27346364916908145	-0.0119	1.1649813376006468	1.4016919137470887	0.0008	1.2974600369396516	1.5868793000863908	0.0655	1.2916174391441524	1.4387584535341091	0.1076	1.2023051603238377	1.3435167845420606	-0.01275	1.2387966862476696	1.1052479484885906	0.0702	1.3479096040977767	0.9270243192879354	0.1076	1.0720282968085078	1.394903022995739	-0.01275	1.0561890438790367	1.1834918916238033	0.0702	1.153116639396308	1.0577132700359761	0.1076
106	3.5431754874651813	1.0137411638931968	0.9523174685700633	0.0301	1.0600872388854956	0.9437440397932166	0.0301	1.0984424526982344	0.6356341761292678	0.129	1.1111630979277862	0.2743881940286707	0.023	1.2445668095854012	0.21469503856459152	0.2179	1.2259546007388404	0.19085458105595865	0.1804	1.0794929224182142	0.21114749982502212	-0.0119	0.9649115172886009	0.9620488680439427	0.0301	1.003659457738323	0.6564991481670951	0.129	0.8817023656113764	0.3439504070710734	0.023	0.9349266190179346	0.2574104422347664	0.2179	0.8808125156578063	0.27520020970457343	0.1804	0.8566137583288105	0.2874212757698334	-0.0119	1.1748375863980764	1.4000800646460605	0.0008	1.305780496329733	1.5872454827052516	0.0655	1.3013084319098538	1.437844173744735	0.1076	1.2071513532873401	1.3411579593636307	-0.01275	1.2382485852475917	1.1041312558869196	0.0702	1.348196180341617	0.9288076917717774	0.1076	1.0839089898329606	1.3924848860262458	-0.01275	1.0616942349228053	1.1792399107038252	0.0702	1.1517242276762834	1.0494006279354844	0.1076
107	3.5766016713091924	1.022763549810756	0.9522303114904261	0.0301	1.0647336711392386	0.9427945426764361	0.0301	1.1012891324951668	0.638014527549244	0.129	1.1106086264615107	0.2713767723866083	0.023	1.245540516417416	0.21570444237689315	0.2179	1.2264227061245534	0.19000318652062703	0.1804	1.077632000118717	0.21174450008540774	-0.0119	0.9723521244843258	0.9610792335777488	0.0301	1.0213062950499527	0.6619108939388051	0.129	0.887593898038238	0.353811935487294	0.023	0.9463063461443527	0.26922822665626567	0.2179	0.9006259346071485	0.28603324620411463	0.1804	0.8595046562425137	0.30114442510670486	-0.0119	1.182787077410229	1.397402324068928	0.0008	1.3104179780615526	1.5884654661774111	0.0655	1.3092277777652286	1.436746789962698	0.1076	1.2115751766763807	1.339030890310039	-0.01275	1.2389601998964332	1.1036980409094264	0.0702	1.348138732207015	0.9301029353859708	0.1076	1.0930463841545188	1.3887108417702798	-0.01275	1.0648155831662947	1.1736092671684064	0.0702	1.1547455779431852	1.0363427099846905	0.1076
108	3.6100278551532035	1.0304076994238138	0.9529611444655707	0.0301	1.0687806810255696	0.9426533044146359	0.0301	1.1021229852984222	0.6395291677808078	0.129	1.1099823645049276	0.26902306458386294	0.023	1.2461253656037221	0.2162987436421475	0.2179	1.2277366072489673	0.19087332808463517	0.1804	1.0774764456316257	0.21376130226352896	-0.0119	0.9796695535070795	0.9609694025957632	0.0301	1.0359595371789587	0.662155305389209	0.129	0.8970643193922587	0.36127103811498246	0.023	0.9592023683650686	0.2749166576773811	0.2179	0.9242396004214902	0.29063234371768765	0.1804	0.866299405668715	0.31116250791670386	-0.0119	1.188930932354691	1.394925227246507	0.0008	1.3153313763478982	1.5874194580091268	0.0655	1.3159771433398895	1.4346245757650389	0.1076	1.2154584422820232	1.337028292503404	-0.01275	1.2406166525972973	1.1042113325160485	0.0702	1.3468278464744836	0.9305107781189348	0.1076	1.1002303064088574	1.3852303927280607	-0.01275	1.0670983860662269	1.1701975554383595	0.0702	1.163902971039197	1.0280409442555776	0.1076
109	3.6434540389972145	1.035237735871537	0.9534770044355345	0.0301	1.0705171221026526	0.9420393920339313	0.0301	1.1012271162492033	0.6400735380139755	0.129	1.1104177097838754	0.2711982431160558	0.023	1.2465413987403229	0.2170853819935608	0.2179	1.228899887111366	0.19588353261953045	0.1804	1.0778522087811722	0.21862255299340264	-0.0119	0.9871829698611024	0.9602007218658482	0.0301	1.046593777073326	0.6583230565435403	0.129	0.9099890580598851	0.3646689758625968	0.023	0.9785073372511658	0.2766276077305596	0.2179	0.9532758395518623	0.29144694315991015	0.1804	0.8764168831464392	0.3145137861413871	-0.0119	1.1940447476640632	1.3940589785284898	0.0008	1.3236483954249239	1.583683493497687	0.0655	1.3223214191379769	1.4316030448435237	0.1076	1.2189241596398546	1.3361940593123698	-0.01275	1.2412035344521015	1.1050716164766639	0.0702	1.3443479653575348	0.9307331542710415	0.1076	1.1068297066419859	1.3841216256001871	-0.01275	1.0682393052966446	1.1702157494245276	0.0702	1.1728389329503706	1.0293397191424358	0.1076
110	3.6768802228412256	1.0380622570169575	0.9529036470105222	0.0301	1.0717487655904148	0.9412327561324096	0.0301	1.100273243168002	0.6379784236279175	0.129	1.1113970110993585	0.27605399868570324	0.023	1.2471141491868993	0.21776352504780175	0.2179	1.2296909051788676	0.20162124932500855	0.1804	1.076845677912446	0.22316519742092356	-0.0119	0.993833282771742	0.9590810404112847	0.0301	1.0534933478124007	0.653316828434224	0.129	0.9248369585469306	0.3621923681353389	0.023	1.0047243813668696	0.2789460944840021	0.2179	0.9841712107046758	0.2918573328387014	0.1804	0.8893511787363978	0.31110302469467727	-0.0119	1.198255050191636	1.3942941965666735	0.0008	1.3322878183021087	1.5802550075682837	0.0655	1.3272890350258961	1.4293822919564183	0.1076	1.2216261735782725	1.3368347197822916	-0.01275	1.2388968662121715	1.1058569638501818	0.0702	1.3421163523601605	0.9312630295714174	0.1076	1.112539137576111	1.3844188410183216	-0.01275	1.0676240561268966	1.1710703158220581	0.0702	1.1729674437428002	1.0296799761411484	0.1076
111	3.710306406685237	1.04131460727247	0.9503752081453835	0.0301	1.0744715276995012	0.9404868921299591	0.0301	1.1006103623387669	0.6308720723683465	0.129	1.1113184206648492	0.27751391415807475	0.023	1.2479074699713233	0.21783913650196501	0.2179	1.2302261216547052	0.2032636943104635	0.1804	1.0738891171271585	0.22220171643429001	-0.0119	0.9999651930390236	0.9583894436110081	0.0301	1.0582352816199037	0.6473857076918248	0.129	0.9413482993159085	0.3547509619117254	0.023	1.0335814906429075	0.2823682781950443	0.2179	1.0123750792622446	0.2924167009559471	0.1804	0.9047785751310831	0.30341930406587975	-0.0119	1.2011043848534129	1.3935559381654141	0.0008	1.3356520750459595	1.5789620990672484	0.0655	1.3291479739329846	1.4285984247723313	0.1076	1.2229343976928106	1.3375789283240758	-0.01275	1.2345603515244916	1.1067900859294197	0.0702	1.3417766372276463	0.9316961473062816	0.1076	1.117149022152876	1.3830105450287522	-0.01275	1.0697647177151113	1.1690002322196642	0.0702	1.1666472729431576	1.0192424596725096	0.1076
112	3.7437325905292482	1.0459059629128136	0.9467597675437087	0.0301	1.0777078307152534	0.9396755587030106	0.0301	1.1025422907393692	0.6224293439443345	0.129	1.109260128115921	0.2745136474170204	0.023	1.248582119788607	0.21758291052454362	0.2179	1.2304820200542816	0.20077704006128788	0.1804	1.0688189270049033	0.2167038634630507	-0.0119	1.0067147884785919	0.9578554775061995	0.0301	1.0620778786336325	0.6414961406135289	0.129	0.9593612422319737	0.34589763151275554	0.023	1.0601705831279833	0.2826626022968761	0.2179	1.0382996210876483	0.29172055265253716	0.1804	0.9214388663377678	0.2948277237357274	-0.0119	1.2020301246864338	1.3904216017109319	0.0008	1.333170556339386	1.5790412287304034	0.0655	1.3282705343922807	1.4281311410849769	0.1076	1.2222270530725337	1.3367818374388578	-0.01275	1.231326719665341	1.1065790200889043	0.0702	1.3439496199644225	0.9313198701182834	0.1076	1.1217342917228366	1.3785299406647968	-0.01275	1.0817436094610908	1.161567352766981	0.0702	1.1674226957286216	1.0030593763950058	0.1076
113	3.7771587743732593	1.0503064482975235	0.9436527216803814	0.0301	1.0801599499016599	0.9387247769720637	0.0301	1.1053346032026703	0.6180979643479811	0.129	1.1065669486200918	0.2713488782991939	0.023	1.2482769305174581	0.21763878899711164	0.2179	1.2300323405891005	0.19771891368110578	0.1804	1.0628222293398468	0.2122171736096931	-0.0119	1.0131532841340565	0.9565478282480732	0.0301	1.064865938326937	0.6378484282139402	0.129	0.9755606902385768	0.3385861038027245	0.023	1.0799345962458233	0.27708422062553245	0.2179	1.0599338744132272	0.28839983956460497	0.1804	0.9362246847483815	0.2875972936477378	-0.0119	1.2003942156362835	1.3862267002058386	0.0008	1.3285841921593884	1.579280905088327	0.0655	1.3265376728749991	1.4271528057324374	0.1076	1.2188124464355818	1.335234674150129	-0.01275	1.2298945237101446	1.1042146322030164	0.0702	1.3470209975939378	0.9307257076675255	0.1076	1.1256100471971708	1.373842931918366	-0.01275	1.100589362781648	1.1513037315564638	0.0702	1.179631494349875	0.9908298651987587	0.1076
114	3.8105849582172704	1.0531432790121942	0.9417444945038659	0.0301	1.082589774741767	0.9379783290236829	0.0301	1.107422713103014	0.6163707086791002	0.129	1.106648296982097	0.2700306878181114	0.023	1.247111706314448	0.21814722192415795	0.2179	1.2289924775183334	0.19605224271598856	0.1804	1.0597522062875115	0.21086025264544397	-0.0119	1.0175343058637354	0.9545969854743801	0.0301	1.066416176593039	0.6359875455357574	0.129	0.9849658774786503	0.33384894739531507	0.023	1.0884691227299812	0.26931407866870216	0.2179	1.067630342662113	0.283799701991761	0.1804	0.9455436712485519	0.2824272094699272	-0.0119	1.1961254632693676	1.3846747546526534	0.0008	1.324148941073467	1.579020076657925	0.0655	1.3240768906073537	1.425664111351612	0.1076	1.2124445975657758	1.3360552332080826	-0.01275	1.227232354827408	1.1022842211875166	0.0702	1.348015659450392	0.9317026606479957	0.1076	1.1253864783965035	1.3731386063581708	-0.01275	1.1108472655150328	1.1449461069996638	0.0702	1.1880299450686191	0.985077685120015	0.1076
115	3.8440111420612815	1.054709853488865	0.941442538518443	0.0301	1.0846788042914186	0.9382678572044617	0.0301	1.1074948832234777	0.6140612117483882	0.129	1.1100483868706565	0.269644192564974	0.023	1.2463692947712501	0.2186426716377162	0.2179	1.2282814477498365	0.19528948815263245	0.1804	1.0610276511505674	0.21136778343293672	-0.0119	1.0203438391101596	0.9531678244353465	0.0301	1.0670518950184915	0.6339990822754568	0.129	0.9870075827920772	0.33150259977320456	0.023	1.086790133080821	0.2652777987782186	0.2179	1.061317790147738	0.28134860831072395	0.1804	0.9492270219305623	0.27931972272860994	-0.0119	1.1902213347287147	1.3875461274211036	0.0008	1.3195113233064026	1.5778848022110328	0.0655	1.3196259447925838	1.4241359694985154	0.1076	1.2030206588820886	1.3406669935490398	-0.01275	1.221800085188248	1.1038695507147516	0.0702	1.346110065081666	0.9346198584998894	0.1076	1.1206547117974792	1.376059343152228	-0.01275	1.1070281077200168	1.1448517258537108	0.0702	1.1827709487092455	0.9836076812600294	0.1076
116	3.8774373259052926	1.0554023792511056	0.9425006859748063	0.0301	1.083266227659779	0.9397658915487139	0.0301	1.1062667020616452	0.6132152343841366	0.129	1.1123225588773231	0.26995278999674366	0.023	1.24694354108194	0.21893710240152622	0.2179	1.228306150563392	0.19576487608262141	0.1804	1.0634917421382408	0.2126710394983352	-0.0119	1.0231664624034178	0.953149234909607	0.0301	1.0667284002222563	0.6321341896956756	0.129	0.9859759252667216	0.3306185603613574	0.023	1.082654850104031	0.26542764133274915	0.2179	1.0560461337554776	0.2812697720516703	0.1804	0.9498581402584998	0.2783840828729747	-0.0119	1.1842356791086666	1.3919013579823025	0.0008	1.314027130033271	1.5769248998866323	0.0655	1.3142298149762848	1.424738638931563	0.1076	1.1907243482160268	1.3474362661675665	-0.01275	1.2157073699848344	1.108067166434042	0.0702	1.3433041995432835	0.9373856418993258	0.1076	1.1170705650844543	1.3784172191361657	-0.01275	1.1071145944721883	1.1462415284992573	0.0702	1.1829034116818788	0.9825899559840223	0.1076
117	3.9108635097493036	1.054899808987137	0.944233412503848	0.0301	1.0767568416852296	0.9421376414354798	0.0301	1.1053274778616333	0.616546989463215	0.129	1.1104652478852433	0.27063988076859163	0.023	1.2489704770013947	0.21899531130846792	0.2179	1.2285193474208438	0.1975163920597503	0.1804	1.0645682452260699	0.21363781749090324	-0.0119	1.026314569076627	0.9544352715849235	0.0301	1.0655152309947535	0.6321719469055407	0.129	0.9848301451304062	0.3305840617447683	0.023	1.0817587243809452	0.2657205682103621	0.2179	1.0586319432414952	0.2809160140361326	0.1804	0.9488417313160027	0.2795934746880455	-0.0119	1.1794700031763183	1.3945195740845342	0.0008	1.3086015684227679	1.5783544612810865	0.0655	1.3104629508790702	1.4295135633919307	0.1076	1.177460166725243	1.3546464561585942	-0.01275	1.210498194278411	1.1127888471290313	0.0702	1.340784523232196	0.9389784358067496	0.1076	1.1186313836548334	1.3786420546797662	-0.01275	1.1251819080026357	1.1451728878876635	0.0702	1.2092487060212584	0.97873934970177	0.1076
118	3.944289693593315	1.0529265981790574	0.9470987104694768	0.0301	1.0679969426529858	0.9456800650458045	0.0301	1.1041107818057359	0.6226393585794564	0.129	1.1064899395283063	0.2707947631379675	0.023	1.2515622873173728	0.21725691685242127	0.2179	1.2281962627645322	0.1974582292169238	0.1804	1.0636405945739336	0.21304334623539053	-0.0119	1.029253600767208	0.9564715149647964	0.0301	1.0644820091484597	0.6340931449274754	0.129	0.9833428941812987	0.3311806853177896	0.023	1.0830196830932424	0.26437545353255426	0.2179	1.0610646622955489	0.28026799338715525	0.1804	0.947319179638804	0.2813120282808893	-0.0119	1.175812225489722	1.3959623958676977	0.0008	1.3046571625245682	1.5816511992380204	0.0655	1.3080209985288245	1.4360709137162444	0.1076	1.1661485491965176	1.3610099598027647	-0.01275	1.2057048544628792	1.118251298147162	0.0702	1.3379780497192466	0.9412534989315489	0.1076	1.1211745786047922	1.378054825332021	-0.01275	1.1463204876458022	1.1432319046308077	0.0702	1.2412604599706967	0.9736263694516835	0.1076
119	3.9777158774373262	1.0500833891319004	0.9515032198118605	0.0301	1.0603855946507157	0.9502498370756717	0.0301	1.101043568563721	0.6282121537700611	0.129	1.1030163091902354	0.2702031946152826	0.023	1.2531577140684889	0.21247753937772074	0.2179	1.2272946797087452	0.1938503359756826	0.1804	1.0607784140131051	0.21113966486591695	-0.0119	1.0320403664047517	0.959149801809485	0.0301	1.0640404481393315	0.6359228657854846	0.129	0.9815452194248748	0.3315378344785716	0.023	1.0835316432559527	0.2630332632438483	0.2179	1.0582472562262957	0.2809213533211276	0.1804	0.9470592105076014	0.28145009111320984	-0.0119	1.1718594426148952	1.3975215139297086	0.0008	1.3013129160715022	1.5839496080262154	0.0655	1.3045131142491055	1.4397423185615623	0.1076	1.158212358050813	1.3643050823513307	-0.01275	1.2012121416977222	1.1240869331865784	0.0702	1.335470793295302	0.9445020567007802	0.1076	1.120199988869462	1.3766060963726179	-0.01275	1.1534592726087145	1.1432850220652861	0.0702	1.247862080941905	0.971402169539761	0.1076
120	4.011142061281337	1.048183978087461	0.9559861320995011	0.0301	1.0536657919155912	0.9544336188078171	0.0301	1.0962493478022028	0.6314152051815473	0.129	1.1000245558971247	0.26949126418742797	0.023	1.2537636286864742	0.20747189386696732	0.2179	1.226690529105185	0.1900945747819461	0.1804	1.057030618355387	0.2099987880252517	-0.0119	1.0371972470973103	0.9618724389733634	0.0301	1.0626517752845008	0.6370798331607607	0.129	0.9807646143993864	0.33071052799486583	0.023	1.0830177356073631	0.2625000988473152	0.2179	1.0546201209800843	0.28105128507202776	0.1804	0.9480829724970247	0.2804926316658729	-0.0119	1.1677554069522083	1.3987243967758896	0.0008	1.2971179239297232	1.585173265388484	0.0655	1.299961923448162	1.4395871769288395	0.1076	1.1520787397746293	1.3643854870315688	-0.01275	1.1966364748176153	1.1280489195619035	0.0702	1.3345960033456323	0.9461968945557024	0.1076	1.1217572520318095	1.3732493806699213	-0.01275	1.1599117750422987	1.1449384081818652	0.0702	1.2498891190971286	0.9718097040525783	0.1076
121	4.044568245125348	1.0483102315885038	0.9589797937854193	0.0301	1.0453509569449166	0.9574343292175675	0.0301	1.0904885248769203	0.6322908284619552	0.129	1.096032006340998	0.26929877305827365	0.023	1.2544502784985292	0.20584430195091985	0.2179	1.2266057004667545	0.18920836084245166	0.1804	1.0534465523716467	0.21096376676359066	-0.0119	1.0487005482173217	0.9630178441712121	0.0301	1.0601013001992954	0.6388638098056039	0.129	0.9811731579009731	0.3288715588203565	0.023	1.0831567638562782	0.2614995253778987	0.2179	1.054879417781982	0.2778056411894705	0.1804	0.949141633783518	0.2801817597767363	-0.0119	1.1657941388936035	1.3991129753069076	0.0008	1.2924981521773131	1.5871779804144408	0.0655	1.2963544913855036	1.4386536199062927	0.1076	1.1440056110355448	1.365062583908505	-0.01275	1.1908607297696334	1.1293979890397192	0.0702	1.3348886636493846	0.9460748221775117	0.1076	1.1354808725570842	1.3677173403742258	-0.01275	1.1846586710444214	1.1459261911031624	0.0702	1.2814173110060272	0.9707404521122476	0.1076
122	4.07799442896936	1.0486372141659537	0.9608785746023735	0.0301	1.0348716049956548	0.9597245523641068	0.0301	1.0845244266877108	0.6328453613211007	0.129	1.0902395819842865	0.26865617220505905	0.023	1.2536753664950777	0.20661001508690585	0.2179	1.224383360475923	0.1895723146577736	0.1804	1.0503178755177445	0.21261323292632414	-0.0119	1.0653469460369491	0.9620703653224828	0.0301	1.058951684272039	0.6419042679382381	0.129	0.9810116497195934	0.32760652760859654	0.023	1.0855289178565708	0.2594784306894688	0.2179	1.0556827698606897	0.27290383612233055	0.1804	0.9496102631693193	0.2803009577982389	-0.0119	1.1663715455181256	1.3990407971045518	0.0008	1.2867781611503728	1.589220874981899	0.0655	1.293450390965552	1.4388315434701233	0.1076	1.1316795520183789	1.3684633016850167	-0.01275	1.1845811350813393	1.129556811783077	0.0702	1.334734116320092	0.947435687325266	0.1076	1.1584127188999236	1.3607578019188005	-0.01275	1.218968772208656	1.1457965901718201	0.0702	1.3242590107880396	0.9671585355964121	0.1076
123	4.111420612813371	1.0470290690403012	0.9625891610306583	0.0301	1.0242824743429533	0.9615911095599088	0.0301	1.0799547915525485	0.6368345944317046	0.129	1.0823554634425512	0.267642226925446	0.023	1.2480832866532303	0.20722944400835494	0.2179	1.2162437379736004	0.18976590549888864	0.1804	1.0462767499579344	0.21430459528714169	-0.0119	1.0804564277337145	0.9604096744149174	0.0301	1.0604778553028376	0.6459753502007416	0.129	0.9794635291830722	0.3287796802773089	0.023	1.0895749757813749	0.25765581480115585	0.2179	1.0497693093111071	0.27037781018654267	0.1804	0.9495746358849187	0.27976391559223096	-0.0119	1.166730355334138	1.3990135060137585	0.0008	1.278281960335465	1.5896634234299098	0.0655	1.289174687141387	1.4392363930392977	0.1076	1.1166447134512556	1.3720544709905758	-0.01275	1.1794884145210638	1.1301260064721836	0.0702	1.3328341615283041	0.9519259881277583	0.1076	1.1781162251600785	1.3542957570359402	-0.01275	1.2438831235929801	1.1456949131825895	0.0702	1.3459087770958693	0.9633100629380752	0.1076
124	4.144846796657382	1.0445858832232928	0.9638823836001026	0.0301	1.0153125733805564	0.9631836277817036	0.0301	1.07738645265744	0.6463171267652539	0.129	1.0712888725867733	0.271216065113946	0.023	1.2375210125488423	0.2088052794465592	0.2179	1.2021211184685547	0.1921952161234721	0.1804	1.0381422647977432	0.21851610243853573	-0.0119	1.0906092483976988	0.9592477218796209	0.0301	1.06341288234998	0.6508851283592632	0.129	0.9776960493016429	0.33185732014249475	0.023	1.0920577391553281	0.25703239052420873	0.2179	1.0412253833172944	0.2705418612482408	0.1804	0.9489437232123966	0.27928601671391234	-0.0119	1.1650434957626292	1.3994595863293084	0.0008	1.268746308446598	1.589692229732001	0.0655	1.2837233626392384	1.4398903283048003	0.1076	1.1023082587239879	1.3734821660016137	-0.01275	1.175176541204429	1.1316384453686696	0.0702	1.3288623063845646	0.9566851170434408	0.1076	1.1884658616945714	1.3498204266531515	-0.01275	1.2549921342001245	1.1461336011000858	0.0702	1.347811452924047	0.9595236732922493	0.1076
125	4.178272980501393	1.0433535262110973	0.9645046623010745	0.0301	1.0083292255394027	0.9648421928069459	0.0301	1.075596333884323	0.6577626061656291	0.129	1.0574660405248864	0.2817694070111499	0.023	1.224901452399537	0.21341744871319526	0.2179	1.1853648286815348	0.198267771813215	0.1804	1.0258372712452766	0.22582283806334072	-0.0119	1.0968268247481796	0.9585019445836164	0.0301	1.0671319355319338	0.6554632432308888	0.129	0.9759479175723892	0.3344704261532564	0.023	1.0916886112132151	0.25713728648633943	0.2179	1.0469006133417758	0.27063424732758834	0.1804	0.9461787611724372	0.2806216467642742	-0.0119	1.1623353310653328	1.4001110412801558	0.0008	1.2607969866406754	1.5914219885532874	0.0655	1.2791426769682486	1.4420224237426538	0.1076	1.0905265792192615	1.3728205367658146	-0.01275	1.1698447311324773	1.13258301666981	0.0702	1.3231298265176215	0.9596217180904828	0.1076	1.1931362474805463	1.3472831359999244	-0.01275	1.2582142081631638	1.146882068328273	0.0702	1.3451686919075985	0.9569417845863235	0.1076
126	4.211699164345404	1.0431630720382141	0.965008744759897	0.0301	1.0037122806864232	0.9663205182588539	0.0301	1.073083254206757	0.664746366889536	0.129	1.0443030680987042	0.2916358471645046	0.023	1.212581270551815	0.21909323302435973	0.2179	1.1691965760156207	0.20421179742966464	0.1804	1.0144107992233582	0.23094382665542557	-0.0119	1.0998399644503196	0.9577935347620806	0.0301	1.072644244485284	0.6580679745491667	0.129	0.9726338219316583	0.3361322691811426	0.023	1.092075332032247	0.25700377385215006	0.2179	1.0695722087530666	0.27063529711784995	0.1804	0.9395908587131867	0.2839508495006398	-0.0119	1.1598266407994775	1.4000333456002332	0.0008	1.2535493078836213	1.5946938706402465	0.0655	1.2757214991085484	1.444986437244347	0.1076	1.0808035942961915	1.370518917523762	-0.01275	1.1617458335901294	1.1309671536195385	0.0702	1.315401141309481	0.9628930072103299	0.1076	1.1979228175483774	1.346621660171317	-0.01275	1.2587535333494364	1.1476906293167262	0.0702	1.3431857468645603	0.9605456645205795	0.1076
127	4.245125348189415	1.0429628374138882	0.9655664701578076	0.0301	1.0015228950409	0.9672044844079446	0.0301	1.069232168752413	0.6648720905358665	0.129	1.0340974483327532	0.29306352357369586	0.023	1.2009567875776732	0.22201011313630922	0.2179	1.1553385285843956	0.20582125208743016	0.1804	1.0067087145636713	0.22910936533369422	-0.0119	1.1007202425858356	0.9572333907254597	0.0301	1.079711526560592	0.6584189340205159	0.129	0.9677667139647256	0.3381476742703	0.023	1.095438364409502	0.25667282516141837	0.2179	1.0896655734788496	0.2736020618432168	0.1804	0.9308472446068233	0.288040209783427	-0.0119	1.157670477252214	1.3995758142928718	0.0008	1.2463210821480097	1.597745790358675	0.0655	1.2725776503413966	1.4471657927799473	0.1076	1.0724095527010937	1.367430218154759	-0.01275	1.1493819455272685	1.1272987110027102	0.0702	1.3059027521925357	0.9674714068721031	0.1076	1.2041482254687224	1.3477369705556488	-0.01275	1.2580076768564294	1.1485071712396413	0.0702	1.3409246418878853	0.970585714554042	0.1076
128	4.278551532033426	1.0419079464827508	0.9657210656964783	0.0301	0.9998424859892446	0.9679387330577729	0.0301	1.0656558862793286	0.661586123904157	0.129	1.0248228685238334	0.2909042332694507	0.023	1.1865197477757206	0.22202708590502993	0.2179	1.1407874270206513	0.20497949100048835	0.1804	0.9989351051194743	0.22676061491473015	-0.0119	1.1011539984857628	0.9569828056578146	0.0301	1.0849922962527363	0.6571798790857057	0.129	0.9648454212473446	0.3415695320502896	0.023	1.0979703899127018	0.2572294884444537	0.2179	1.095574650374729	0.28002351607664433	0.1804	0.9249176086183768	0.2926035795346669	-0.0119	1.1563183718015928	1.400630218846125	0.0008	1.241439420903756	1.5996597168681161	0.0655	1.270004043215764	1.4489154036949605	0.1076	1.06538123588092	1.3652720665867297	-0.01275	1.1328475628673487	1.1237199279679975	0.0702	1.2956450481099462	0.9712434802645958	0.1076	1.2100730134452637	1.3490543729357578	-0.01275	1.2569922087425678	1.149188362009916	0.0702	1.3387071775885233	0.9791210669314656	0.1076
129	4.311977715877438	1.0395909026190908	0.9657046919445151	0.0301	0.9960193278783898	0.9693149115326345	0.0301	1.0636943118297228	0.6596198586081646	0.129	1.0126951143596428	0.2951327190444851	0.023	1.1651345167702658	0.22188642657154986	0.2179	1.1196447812253547	0.2062395841677065	0.1804	0.9868641830824594	0.2355741087101357	-0.0119	1.10136204155523	0.9572947522471746	0.0301	1.0859489322718976	0.6556669232706077	0.129	0.9674188116081965	0.34627856990308004	0.023	1.0969496981148774	0.258592558772113	0.2179	1.0948586163483014	0.2857682791104127	0.1804	0.9254975279918756	0.2969979168038418	-0.0119	1.155870029274031	1.4032115248526402	0.0008	1.2401885369114425	1.6009500252855082	0.0655	1.2680563776305258	1.4513861845346057	0.1076	1.0590696636316577	1.3651400898564465	-0.01275	1.1135193581746698	1.121757733227047	0.0702	1.283481591711937	0.9736446084694708	0.1076	1.2155603763286482	1.3492070276443247	-0.01275	1.258543449896423	1.1492805933171515	0.0702	1.3375655131809079	0.9804904493589235	0.1076
130	4.345403899721449	1.0374342945639718	0.9661565558009877	0.0301	0.9902238724946609	0.9712645067277501	0.0301	1.0601388661960185	0.6604109142071267	0.129	0.9979885474342144	0.3051284462167325	0.023	1.1401815352701612	0.22199358322100893	0.2179	1.0938104143080594	0.20919294523347942	0.1804	0.9720774135860466	0.2528103529811811	-0.0119	1.1012989435686298	0.9587671327420901	0.0301	1.0846065301664498	0.6552500976209912	0.129	0.9749005818508235	0.34943997641046465	0.023	1.0958055798175286	0.2576974374524617	0.2179	1.0952225585462747	0.28499431418959176	0.1804	0.9315878838800643	0.2977282599388658	-0.0119	1.1552076256545631	1.4044689993231696	0.0008	1.240540550691546	1.6019835042314405	0.0655	1.265413364511398	1.4537353881661939	0.1076	1.0526193391158907	1.3670589714785415	-0.01275	1.092172081615746	1.1221537881482604	0.0702	1.267881923402189	0.975083385328917	0.1076	1.2209353735195452	1.3488241826121952	-0.01275	1.2636143953610446	1.148642783819056	0.0702	1.3372935880500036	0.9774523088110302	0.1076
131	4.37883008356546	1.0373291353994343	0.9668491127933522	0.0301	0.9852283270704623	0.9728171726509066	0.0301	1.0525702109209942	0.6622257551004733	0.129	0.9858873732386622	0.31311414542742033	0.023	1.120161436763174	0.22092059391768343	0.2179	1.073498081109062	0.2115407909742817	0.1804	0.9596166266977875	0.2634431576587722	-0.0119	1.1018660468836003	0.9604736905521377	0.0301	1.0839806781554129	0.6553706971071668	0.129	0.9826138616806702	0.34708248991268864	0.023	1.0970822313653228	0.25120449373930215	0.2179	1.096317471436909	0.27544664372242034	0.1804	0.9383612907312174	0.2921698477154476	-0.0119	1.1539619681055482	1.403094289176805	0.0008	1.2401240777848528	1.6026190694826443	0.0655	1.2621613256198767	1.45449555618401	0.1076	1.0469446957040522	1.3712241524220343	-0.01275	1.0691700037569247	1.124952173441175	0.0702	1.251495735509426	0.9744973636860078	0.1076	1.2254906409425046	1.3486979484744832	-0.01275	1.2688739319730333	1.1476232609906662	0.0702	1.3373783805944424	0.9749658113402718	0.1076
132	4.412256267409471	1.0389552552215922	0.9671441639621905	0.0301	0.9828052359175042	0.9732803091499801	0.0301	1.0460578890537944	0.663278801610042	0.129	0.9789617015007721	0.3161714353187963	0.023	1.108390265661767	0.2192022480861001	0.2179	1.0632738118416964	0.2142306572156514	0.1804	0.9514282883759916	0.2624485420567382	-0.0119	1.1032913649471223	0.9598238694467457	0.0301	1.0842188653095965	0.6547912157934216	0.129	0.9859479738654051	0.3398753410350657	0.023	1.097104694269243	0.2409908660643681	0.2179	1.095116889372042	0.2631129287604608	0.1804	0.9409541023416457	0.28364232071622875	-0.0119	1.153045878822472	1.4014488167954455	0.0008	1.2390711916840305	1.603116609517142	0.0655	1.260566258263064	1.4539663034295	0.1076	1.0433406559795626	1.377368527470828	-0.01275	1.0448638868718714	1.1295605462936693	0.0702	1.235323713090345	0.9725892903092371	0.1076	1.2296010161957605	1.348613347104223	-0.01275	1.2707149089693113	1.1463967597368157	0.0702	1.3375509917433948	0.9732950074984271	0.1076
133	4.445682451253482	1.0411097698937295	0.9667596781823596	0.0301	0.9823917183083078	0.9728249544649371	0.0301	1.0457082505948216	0.6635269827453372	0.129	0.97334790345828	0.3145915200833734	0.023	1.0997271770583932	0.21682480470431037	0.2179	1.0563365357777403	0.21574559560717063	0.1804	0.9438142742019477	0.2562974859285356	-0.0119	1.1054230478032954	0.9567106576678445	0.0301	1.0844102304132537	0.6539345558650091	0.129	0.9843593323141339	0.3339306467944325	0.023	1.0914252063359533	0.23390918884831083	0.2179	1.0897957010250512	0.2565476242779057	0.1804	0.9390380070261062	0.27830587295369197	-0.0119	1.1525923127770523	1.4014998593092218	0.0008	1.2392571064006792	1.603664403633314	0.0655	1.261273150957594	1.4532020764380886	0.1076	1.040923654036768	1.3827217659488527	-0.01275	1.0197931400065952	1.1351703450295307	0.0702	1.2123962163919149	0.9724645849810595	0.1076	1.2337645536816766	1.3484788210304286	-0.01275	1.2694163535569187	1.1454319300388696	0.0702	1.3375421357641581	0.9705702220980884	0.1076
134	4.479108635097493	1.043615212627756	0.9658208286083338	0.0301	0.9825302156121763	0.9720355160492501	0.0301	1.0471359145190544	0.6637748403601005	0.129	0.964840851556948	0.30801368225178527	0.023	1.0872548628351149	0.2118686340482449	0.2179	1.0450679793609443	0.21114792681521324	0.1804	0.9324405560684438	0.24793447215113773	-0.0119	1.1085851234604018	0.95401272014583	0.0301	1.0845426962399063	0.6536922847883331	0.129	0.9809249716287389	0.33296653527164005	0.023	1.0819443885651876	0.23472631878216368	0.2179	1.081798894626526	0.25699100317887014	0.1804	0.9367929193584495	0.2778921820156932	-0.0119	1.1517060486918649	1.4021951544956297	0.0008	1.2415470762451628	1.6036682499328425	0.0655	1.2618801332785476	1.452994414583269	0.1076	1.0377371086326075	1.3840415662642045	-0.01275	0.9956577400075289	1.1406559002800942	0.0702	1.1775594659146782	0.9749964187639325	0.1076	1.236643245538301	1.348257271132518	-0.01275	1.2678496535840325	1.1452911991812438	0.0702	1.337373487442392	0.9681496508555283	0.1076
135	4.512534818941504	1.0459682873966678	0.9647211457822851	0.0301	0.9822610963604904	0.9713250389362486	0.0301	1.040361226873587	0.6630628838363718	0.129	0.9531645265300909	0.29910976208420814	0.023	1.070577371711458	0.20594108669383443	0.2179	1.0295074476008181	0.20174638757433114	0.1804	0.9174994251919393	0.2384884158766969	-0.0119	1.1114307312170946	0.953009119994006	0.0301	1.084475355004061	0.6532359175621307	0.129	0.9792730785121933	0.3342945994116312	0.023	1.0747950322936366	0.24252783507753028	0.2179	1.0755310893180254	0.26121799620413744	0.1804	0.9374276489497262	0.27999434512356086	-0.0119	1.1501652089306738	1.4022692405236452	0.0008	1.2440917496479327	1.6022543443398447	0.0655	1.2605977530861812	1.4542184457389047	0.1076	1.0336170937810665	1.3816552298859859	-0.01275	0.9742146146477674	1.1446856849227496	0.0702	1.1364902659437024	0.978472757479908	0.1076	1.2368623597124269	1.3474171695647235	-0.01275	1.2676736073246035	1.1449116149400078	0.0702	1.3369759721259233	0.9678076187930287	0.1076
136	4.545961002785516	1.047245421160355	0.96313451676573	0.0301	0.9815131488679394	0.9700167329512159	0.0301	1.021614629245816	0.6585787180176103	0.129	0.9396684163866172	0.2927734871797934	0.023	1.05544238315633	0.20337597790826267	0.2179	1.0141258110340425	0.1949327405117516	0.1804	0.9013898969073485	0.2335479754669913	-0.0119	1.112162424725833	0.9518988835325021	0.0301	1.0834090405272991	0.6503562534085137	0.129	0.9808961181468617	0.3344978179249875	0.023	1.0735959195754445	0.25267004194807363	0.2179	1.0742897336798825	0.26781184985458495	0.1804	0.9407877013334924	0.28302876065183785	-0.0119	1.1485279851518768	1.4020885444176714	0.0008	1.2434549663425287	1.5996745180896415	0.0655	1.2588620631400256	1.45680338416609	0.1076	1.0303402428639659	1.3784660873057355	-0.01275	0.9551741023518884	1.147392629099567	0.0702	1.0968076101123239	0.9816841841798097	0.1076	1.2345600180231937	1.3461844750065537	-0.01275	1.267556549972633	1.1433667168711534	0.0702	1.3358370069280703	0.9683037228605383	0.1076
137	4.579387186629527	1.0482252714729237	0.9602852100684247	0.0301	0.9816094320633713	0.966817711368835	0.0301	0.999368939370535	0.6506021886924034	0.129	0.9260877983085826	0.28940423520670694	0.023	1.0450594454606705	0.203394216492193	0.2179	1.0012027742423588	0.19270150674893682	0.1804	0.8856833318993402	0.23464214826693583	-0.0119	1.1122192714084007	0.9488866874478299	0.0301	1.0818225804466348	0.6450444336009209	0.129	0.9840323892380212	0.3334706630967673	0.023	1.0773047055256117	0.2595398610159418	0.2179	1.0772651648392886	0.27513409904198577	0.1804	0.9450934408728929	0.2860801547964699	-0.0119	1.146686492328087	1.4020766160877367	0.0008	1.238376980851009	1.5976888626531915	0.0655	1.258402179062873	1.4593502164075762	0.1076	1.0286474643163084	1.3762754603331933	-0.01275	0.9368619072131518	1.1505597109149117	0.0702	1.0584653704375697	0.984179099898135	0.1076	1.2312025930148456	1.3456377429877266	-0.01275	1.2654334579901911	1.1419359735168213	0.0702	1.3340422165179304	0.9689863550392721	0.1076
138	4.612813370473538	1.0504749837862866	0.9566339422769081	0.0301	0.9843599071928744	0.9620612720241142	0.0301	0.9852844244269228	0.6447725962013432	0.129	0.9153385115450166	0.28558638358314875	0.023	1.0365639722745452	0.20128853668875993	0.2179	0.9899494471699184	0.1899686022880438	0.1804	0.8730876964406215	0.23531429552962663	-0.0119	1.1135615149776572	0.9449603463379875	0.0301	1.0820773591327428	0.6404739707952025	0.129	0.9859575663466876	0.33252950460288494	0.023	1.081182235158931	0.26091270084096896	0.2179	1.0810247499753896	0.2808179690731945	0.1804	0.9478499837149492	0.28764145892703813	-0.0119	1.1438625854716085	1.4021090472142292	0.0008	1.2314974179640787	1.5974845305384076	0.0655	1.2572302086027618	1.460877008583306	0.1076	1.0265196232153493	1.3750787385323964	-0.01275	0.9181992310014052	1.1544576875480153	0.0702	1.0182250352521953	0.9852415313505835	0.1076	1.2288197637969702	1.3458814923548885	-0.01275	1.2619162887663646	1.141717291905006	0.0702	1.3324189755053057	0.9705423305081478	0.1076
139	4.646239554317549	1.0533876549649512	0.9534521422436651	0.0301	0.9887896523667257	0.9580695326463949	0.0301	0.9813130227269345	0.6453746877595163	0.129	0.9097673821826859	0.280840084852543	0.023	1.0279330752193805	0.19655964957609937	0.2179	0.9808511493318266	0.18478309126372394	0.1804	0.8667184221935764	0.23180945863246516	-0.0119	1.1151737943486613	0.9425487723469351	0.0301	1.0854194201378644	0.6386751960821941	0.129	0.986157753418714	0.33220873405391455	0.023	1.0807464139753842	0.25941356199323157	0.2179	1.083008849628506	0.28382933912027003	0.1804	0.9478996636610911	0.2876548742979502	-0.0119	1.1401802376657797	1.4022893684531028	0.0008	1.225701451486504	1.5983415074297551	0.0655	1.252501710363262	1.4613005058264499	0.1076	1.0216716994457073	1.3745353036359576	-0.01275	0.8995392167440684	1.1582192499590116	0.0702	0.975569387936492	0.9862934392761699	0.1076	1.2282422328502576	1.3461045894540402	-0.01275	1.2594460322883447	1.1422270782752109	0.0702	1.3313530654862198	0.9717255704931818	0.1076
140	4.67966573816156	1.054878226762841	0.9518384361445321	0.0301	0.9915163970103749	0.9572406021208135	0.0301	0.9812188290645596	0.6499644490275491	0.129	0.9082298253737137	0.2773609394144329	0.023	1.021217143040587	0.19178468620294564	0.2179	0.9754158913072695	0.18025788646053795	0.1804	0.8649803104941892	0.22760176774224514	-0.0119	1.1158916015261409	0.9422415348930145	0.0301	1.0903727498281732	0.6391624250955331	0.129	0.9859951603535605	0.33260262742426855	0.023	1.0768602635225943	0.2576807824912529	0.2179	1.0829443080616101	0.28335781198682203	0.1804	0.9469161058454552	0.2878076067439153	-0.0119	1.1368220475679554	1.4028787264107379	0.0008	1.2206959895663476	1.5990781017351932	0.0655	1.2461309669191134	1.4604913593608242	0.1076	1.0144147159528034	1.3749829923912382	-0.01275	0.883125181464648	1.1638660186488266	0.0702	0.9306121129100882	0.9936884103808986	0.1076	1.2285486752444041	1.3460063581546493	-0.01275	1.2585631968280107	1.1424224926053865	0.0702	1.3308820343023364	0.9712838267699807	0.1076
141	4.713091922005571	1.054386269343712	0.9523909334646476	0.0301	0.990796415069709	0.9599489436252885	0.0301	0.9802140854780365	0.6561142149158115	0.129	0.9071091705842581	0.2761356350548933	0.023	1.0172037868521293	0.18774696596124604	0.2179	0.9723867929817321	0.1777808133306787	0.1804	0.8632199699057064	0.22589042244181715	-0.0119	1.1167241772577434	0.9429191709079734	0.0301	1.095175995437893	0.6413273607281772	0.129	0.9863576234589256	0.3346653361159738	0.023	1.07381670601377	0.25644069138631265	0.2179	1.0819667627093343	0.2804571110671864	0.1804	0.9469550548570883	0.28974251424684067	-0.0119	1.1344423045506806	1.403781449095936	0.0008	1.215182790287018	1.5992790244787913	0.0655	1.2414866997835377	1.4584927683231528	0.1076	1.0070388178130905	1.376679747270384	-0.01275	0.8719673481986613	1.1734725350876198	0.0702	0.8843873819482633	1.0104184257544722	0.1076	1.2283712676028125	1.3460112670728115	-0.01275	1.257847390755009	1.141630193032058	0.0702	1.3310302932201996	0.9704410968346076	0.1076
142	4.7465181058495824	1.053043503631736	0.9544556047524868	0.0301	0.987365186284873	0.9640296837475815	0.0301	0.9779061698431292	0.6674964310615492	0.129	0.9047007559582944	0.27781545813475245	0.023	1.0138236509120144	0.18535717679396993	0.2179	0.9698120122329339	0.17762632796581473	0.1804	0.860491657729952	0.2257446919569559	-0.0119	1.1187103291272278	0.9440157446215618	0.0301	1.0993573787568018	0.6436866220809084	0.129	0.986667570885574	0.3375900626758895	0.023	1.0735087967443213	0.256263718117832	0.2179	1.081336232028705	0.2789570735722761	0.1804	0.9478865531395966	0.2934911741161708	-0.0119	1.1323522378959914	1.4044002142444716	0.0008	1.2097298239658512	1.599403372532872	0.0655	1.2375580848475096	1.4570007201808788	0.1076	1.001219180891749	1.3785186886694778	-0.01275	0.8659044779067318	1.1835792875075162	0.0702	0.8425604979283919	1.0274684581020632	0.1076	1.2270139190211926	1.3465766249249687	-0.01275	1.2570004220518718	1.1402517303488395	0.0702	1.3309813309392282	0.9700623226513774	0.1076
143	4.779944289693594	1.0517575063241777	0.9566191631466647	0.0301	0.982798279547041	0.9672572859004006	0.0301	0.9756546474854919	0.6851261286721014	0.129	0.9022577194786012	0.28283600458490166	0.023	1.0098040777123645	0.18570609398150775	0.2179	0.9681459333250375	0.18133726564191	0.1804	0.8588753966760507	0.22571417181432982	-0.0119	1.1208536669078326	0.9452772408896636	0.0301	1.1026054775922591	0.643026187863876	0.129	0.9852827322933323	0.33729726817023653	0.023	1.0745766335108446	0.25564735535201927	0.2179	1.0810539330694517	0.2793746595425796	0.1804	0.9467848338165937	0.29602517321773203	-0.0119	1.1291735424899156	1.4043411145197713	0.0008	1.204506431317577	1.6008795597094465	0.0655	1.232441822017091	1.458998285781793	0.1076	0.9964453229007311	1.3791043006578185	-0.01275	0.8609084578434216	1.1890048262172215	0.0702	0.8102792151651718	1.0347398020914624	0.1076	1.224759345408699	1.3478215950184682	-0.01275	1.2569356813378605	1.1392019147664911	0.0702	1.329800478757793	0.9695077708658859	0.1076
144	4.813370473537605	1.0502246068418208	0.9576845016612445	0.0301	0.9779510181093048	0.969332345867815	0.0301	0.9742064577482579	0.7001695544400914	0.129	0.9006801957638693	0.28863932072695264	0.023	1.0058101135088138	0.1870324529625485	0.2179	0.9675734565954321	0.18702103301691422	0.1804	0.8589280702387365	0.22716119952409086	-0.0119	1.1209173068405571	0.9451495974941043	0.0301	1.1047018118651986	0.6385248282359937	0.129	0.9816793267470066	0.33321287905547314	0.023	1.0749178964734134	0.2513093659869191	0.2179	1.0798405015827153	0.2782727805597516	0.1804	0.9415382415688964	0.29402685323794675	-0.0119	1.1241675771744495	1.4042738102940948	0.0008	1.1972788685149485	1.6044297693872742	0.0655	1.2264323342960257	1.4643882506198767	0.1076	0.9910028803448105	1.3785359206388192	-0.01275	0.8537079972128231	1.1893252355019774	0.0702	0.785781700384618	1.032891383627615	0.1076	1.222651340822324	1.3495302740908524	-0.01275	1.2576470954395533	1.1388385131709606	0.0702	1.3281964776063546	0.9690981486476937	0.1076
145	4.846796657381616	1.0478272157976547	0.9567569106848751	0.0301	0.9729597660318252	0.9701035273223176	0.0301	0.9724760247140329	0.7042456310244272	0.129	0.8990489551399858	0.2911708083831408	0.023	1.002727251295876	0.18670563427054584	0.2179	0.9661673832421745	0.1890622961187987	0.1804	0.8597456753849383	0.2313106186832928	-0.0119	1.1181952501155394	0.9420496474870683	0.0301	1.1067814324521024	0.6337578236671055	0.129	0.9784898816359375	0.32967780408116865	0.023	1.0735330374858805	0.24359595190592936	0.2179	1.0770162338930684	0.27434697872225855	0.1804	0.9358348526378085	0.28821066519449456	-0.0119	1.1181216991315284	1.4048975372341732	0.0008	1.1867739457775768	1.6082554027343523	0.0655	1.2185534760029741	1.4685669397626444	0.1076	0.9840387316703486	1.3775942233406104	-0.01275	0.8442957894267096	1.1873483234431965	0.0702	0.765433662161831	1.0274431828303199	0.1076	1.2214946245070641	1.351222578653914	-0.01275	1.2578453565152783	1.139060680045771	0.0702	1.3274812174490203	0.9696224142094382	0.1076
146	4.880222841225627	1.0450611805491798	0.9535809718576016	0.0301	0.9688573389373106	0.9683457194382028	0.0301	0.9683944413486146	0.6988823255562568	0.129	0.8962693132437626	0.28932934172556773	0.023	1.0008100878748918	0.18476222562455996	0.2179	0.9632120887772199	0.18529041078526529	0.1804	0.8603822457782596	0.23413156204974495	-0.0119	1.114790962351047	0.9374168532404376	0.0301	1.1110040465958915	0.6319207448784867	0.129	0.9789325704292822	0.3290215178842866	0.023	1.0709251505254167	0.2374200553287256	0.2179	1.0734863275991018	0.2689866586929769	0.1804	0.9352164719036231	0.28259385064197784	-0.0119	1.1125541307751046	1.405789720575517	0.0008	1.1748614425220347	1.6104856587581624	0.0655	1.2080382178905846	1.4691597287028488	0.1076	0.9760925113155223	1.3759226976571646	-0.01275	0.8344522910038437	1.1848554880942794	0.0702	0.7496903490296902	1.0217422015596902	0.1076	1.2200816950115818	1.352915923405235	-0.01275	1.256204375148337	1.1397484625387604	0.0702	1.327585714792953	0.970527359854716	0.1076
147	4.913649025069638	1.0430333546303208	0.9495235556600086	0.0301	0.9666833370256175	0.96396910999497	0.0301	0.9620510437065888	0.6904137407670863	0.129	0.8926015487911475	0.284799782131748	0.023	1.0001762360255344	0.18262617501903108	0.2179	0.9607455510210721	0.17892182000562534	0.1804	0.8600918431203795	0.23115388196780534	-0.0119	1.1131117943379458	0.9347536358849812	0.0301	1.1184949594765363	0.6325540801477957	0.129	0.9837695876394719	0.33200225394241084	0.023	1.069178788331007	0.2373513261540342	0.2179	1.0718350858871886	0.2651557342935764	0.1804	0.9402132264478614	0.2821371767995211	-0.0119	1.1079530455833773	1.4064264421168926	0.0008	1.163605923905854	1.612041937405967	0.0655	1.1982491356278497	1.4696426274248247	0.1076	0.9685124311586412	1.3728832217496652	-0.01275	0.8263155367962925	1.1824246027298269	0.0702	0.7409195105940037	1.0179161462208732	0.1076	1.2163315816203777	1.3550969843877916	-0.01275	1.25315985050697	1.1406301056242383	0.0702	1.327796425918436	0.9711218712672306	0.1076
148	4.947075208913649	1.0420031029895924	0.9473847651094112	0.0301	0.9658144995803101	0.9595019797186094	0.0301	0.9569671917645592	0.6839105298872693	0.129	0.8898178163313344	0.27968019348882106	0.023	1.000428396137762	0.18034788493928705	0.2179	0.9600997716819213	0.17413805062532037	0.1804	0.8590119797894488	0.22586153476776666	-0.0119	1.113285541661608	0.9353516892934087	0.0301	1.128499599734096	0.6337490747749918	0.129	0.9921182669424016	0.339816185952668	0.023	1.0725569358350173	0.24371436854975975	0.2179	1.0759414263743836	0.26743145462116436	0.1804	0.9481382350703845	0.28957863758417834	-0.0119	1.1033389759970549	1.4068219364147896	0.0008	1.153150481849242	1.6142996070455171	0.0655	1.1917232990659323	1.4724598426409654	0.1076	0.9625622188083057	1.3697389577723793	-0.01275	0.8211478675446674	1.1801409008155013	0.0702	0.7390458256040655	1.016625994689534	0.1076	1.2112252970085553	1.3573297011815808	-0.01275	1.2510302585802884	1.1416019822990902	0.0702	1.327949394144506	0.9714778979666326	0.1076
149	4.9805013927576605	1.0415713168782865	0.9482673785232777	0.0301	0.9652122956392105	0.9578266544709994	0.0301	0.9559520633452911	0.6810118068250689	0.129	0.8893500771734266	0.2762392771624114	0.023	1.000613681542644	0.17774305794075326	0.2179	0.9603039926883784	0.17223559627305499	0.1804	0.858011529853509	0.22436047513367258	-0.0119	1.1143128411878385	0.9376174813478572	0.0301	1.1395782436363846	0.6347595239707272	0.129	1.0020015494930214	0.35067609744490946	0.023	1.0822247226465829	0.2524798404309603	0.2179	1.085759494776691	0.27603782308866986	0.1804	0.956750229384154	0.3020635075487793	-0.0119	1.0977698367176485	1.407204546243658	0.0008	1.1435810982958223	1.6165463467695962	0.0655	1.1862728131770939	1.474870363699264	0.1076	0.9574749332556948	1.3682316153740643	-0.01275	0.8178172605155046	1.1770128427686966	0.0702	0.7410670094939092	1.015637486158386	0.1076	1.2077053831417524	1.3590218742974127	-0.01275	1.2508470181261058	1.1433052454678216	0.0702	1.3277845480366237	0.9721367129449574	0.1076
150	5.013927576601672	1.0417138518879276	0.9500368511898677	0.0301	0.964742500057259	0.959064949221773	0.0301	0.9573210871993884	0.6798404752542493	0.129	0.8906368285212073	0.2760887069869924	0.023	1.0008329663369298	0.1761530051159208	0.2179	0.9604639475575648	0.17148862795624853	0.1804	0.857487759079152	0.22607482419933397	-0.0119	1.1160228551954559	0.9398628348561666	0.0301	1.1505966522480493	0.6362347542836917	0.129	1.0106953185072698	0.3604026995760963	0.023	1.0909949949362396	0.2586132767664242	0.2179	1.0943157650663946	0.2837469040039055	0.1804	0.9643164445379868	0.3142140643314861	-0.0119	1.0918536769651228	1.4079865083871608	0.0008	1.1361709523873968	1.618704109073617	0.0655	1.1805237387400505	1.4748939741886689	0.1076	0.9511293269006006	1.3680709518432732	-0.01275	0.813660627362034	1.1726258218182672	0.0702	0.7440155874036123	1.0131635051026087	0.1076	1.2062040060345705	1.3612997828023707	-0.01275	1.2508398455464076	1.1461804586381978	0.0702	1.3269327880257964	0.9736426365332517	0.1076
151	5.047353760445683	1.0425427982587303	0.9505932099958109	0.0301	0.9646964818930185	0.9609526385038658	0.0301	0.9579428656359108	0.6794666419421964	0.129	0.8925692199317441	0.2788427393671694	0.023	1.0016290480378265	0.17672814565940448	0.2179	0.9602802994411747	0.17073945944650964	0.1804	0.8574075516453894	0.22799887928989074	-0.0119	1.1186412778013584	0.941273590146886	0.0301	1.1606188237537653	0.6385689219739019	0.129	1.016715792078869	0.3664971162549769	0.023	1.092960746473361	0.2599729343284811	0.2179	1.0974037840563862	0.2848856352475624	0.1804	0.969821739976448	0.32335595361701963	-0.0119	1.0871761699770608	1.4091419006097674	0.0008	1.1312204590974106	1.6222935198523722	0.0655	1.1755409548088205	1.4744937822533526	0.1076	0.9440800652776045	1.36814013573283	-0.01275	0.80747391276648	1.1691159343343438	0.0702	0.7463335353675788	1.0106185910607843	0.1076	1.205320380115438	1.3651416923047712	-0.01275	1.2497106619929383	1.1492880275709954	0.0702	1.3261005629316298	0.9751329321529516	0.1076
152	5.080779944289694	1.0438048075600352	0.9500868808334577	0.0301	0.9651098057759825	0.9618291358656981	0.0301	0.9574674818370633	0.6801299340822201	0.129	0.8949111137297467	0.2822905647860481	0.023	1.002224601994573	0.17853089723244212	0.2179	0.959367991318147	0.1707674785915479	0.1804	0.857849669214273	0.23076404029737044	-0.0119	1.121921564859518	0.9415522764985309	0.0301	1.1683304210176986	0.6401289305490203	0.129	1.0205011847875733	0.3691494696516507	0.023	1.0926931746617772	0.2576938008612101	0.2179	1.100066745732705	0.28164833869422673	0.1804	0.9731249816804898	0.3290782007919542	-0.0119	1.0846022239129158	1.4102183428982036	0.0008	1.1272695770450005	1.6262603437240566	0.0655	1.1711389959978888	1.4751321173062575	0.1076	0.9392041221590166	1.3681041879737708	-0.01275	0.8010007953781143	1.1692239046446211	0.0702	0.7470483103065968	1.0096312349546774	0.1076	1.2047092105169805	1.368920206804702	-0.01275	1.248443664747572	1.1511952634855946	0.0702	1.3261689314726606	0.9754148808920069	0.1076
153	5.114206128133705	1.0452263034072404	0.9496741021410017	0.0301	0.9658055678421257	0.9620712003620436	0.0301	0.9573325752392436	0.6794234276435855	0.129	0.8970257976087312	0.28416750091911935	0.023	1.001748599736312	0.17975698319370856	0.2179	0.9581464563040121	0.17207403365862814	0.1804	0.8584121016874778	0.23410720732546295	-0.0119	1.1250243317271187	0.9416242037771099	0.0301	1.1726737676653944	0.6391024998889809	0.129	1.0238841363923086	0.3697262992998719	0.023	1.0974671915499719	0.254525061626842	0.2179	1.1079041717668967	0.2788682742485589	0.1804	0.9761082831829443	0.33134556207928195	-0.0119	1.083911432165407	1.4112306209543382	0.0008	1.124269525392618	1.627765156762532	0.0655	1.1675198653522068	1.4758548113312828	0.1076	0.9374324875381709	1.3682380292142513	-0.01275	0.7970323826715234	1.1729245694252102	0.0702	0.7462295255271998	1.0097490411489203	0.1076	1.2046667756890221	1.370823462141999	-0.01275	1.2481325712746305	1.1518557190892118	0.0702	1.326380326491608	0.9751175591938374	0.1076
154	5.147632311977716	1.046612776934371	0.9501483999539664	0.0301	0.9665686721932378	0.9628055595223963	0.0301	0.9579761989522193	0.675532666627392	0.129	0.897735814027456	0.2843638530889862	0.023	1.0003535103962542	0.17994510067907757	0.2179	0.957254012524925	0.17436888654388563	0.1804	0.8582921781900024	0.23526778668876677	-0.0119	1.1269067594624862	0.9431090664033689	0.0301	1.1742405497820145	0.6367101577017432	0.129	1.0291330444123483	0.3682171963078076	0.023	1.1087228161038107	0.25239365249340123	0.2179	1.1207371857747737	0.27738002328279954	0.1804	0.9827784918809097	0.32926004098993705	-0.0119	1.0845836383698961	1.4119534137597987	0.0008	1.124044061306646	1.627015782245411	0.0655	1.1661498015634082	1.475851670026959	0.1076	0.9372744152779485	1.368889232028103	-0.01275	0.7961103636711806	1.177063180305084	0.0702	0.7451942628173712	1.0098058876679818	0.1076	1.2048301841838882	1.3713626354098862	-0.01275	1.2491357993478467	1.152347533422138	0.0702	1.3258582705935704	0.9748984685476748	0.1076
155	5.181058495821727	1.0478317358209526	0.951218437247922	0.0301	0.9672403557056172	0.964034490916401	0.0301	0.9588159460899198	0.6709697810103935	0.129	0.8972571546596706	0.2841902572276306	0.023	0.9982613529112695	0.18015834195668595	0.2179	0.956403815284668	0.17719402254023436	0.1804	0.8580701905431638	0.23481744594000842	-0.0119	1.1276689113005642	0.9460033266600684	0.0301	1.1742178122278346	0.6348546396725688	0.129	1.036679629395986	0.36244058846454547	0.023	1.1233691710176916	0.24985650823839847	0.2179	1.1358937836292422	0.2741526690696532	0.1804	0.994063202436989	0.3207186120506866	-0.0119	1.0858997077717694	1.411290525037547	0.0008	1.126397254911133	1.6259269392043036	0.0655	1.166797125660612	1.4755725532474857	0.1076	0.9375815783495887	1.3698748384865678	-0.01275	0.7966282873532372	1.1792245395988898	0.0702	0.7448370880025508	1.0093620413470004	0.1076	1.2049163444684976	1.3716568908198903	-0.01275	1.2517997996230834	1.152753774758011	0.0702	1.3256052035129384	0.9742204162217921	0.1076
156	5.2144846796657385	1.049020006079557	0.9518492127179248	0.0301	0.9681603001610933	0.9646765636172875	0.0301	0.9595056127389093	0.6686384910515231	0.129	0.8968235646632335	0.28424977493066417	0.023	0.9954177560185585	0.1813706445626271	0.2179	0.9548648643390288	0.17971497928502994	0.1804	0.8594380300955566	0.2354547899305363	-0.0119	1.1290244091454924	0.9485010979908083	0.0301	1.1725178644689238	0.6323991476095262	0.129	1.0448610649065586	0.3519882799665697	0.023	1.136890040854617	0.24395231893615432	0.2179	1.150202280613317	0.2670986242545408	0.1804	1.0061425854389854	0.3064911723075883	-0.0119	1.0867491342686288	1.4090446430200554	0.0008	1.12899060758728	1.6247715592514893	0.0655	1.1683881039808555	1.4751530671519058	0.1076	0.9386381335442213	1.3707807144263249	-0.01275	0.7976561157688525	1.1802916908150152	0.0702	0.7449021321835938	1.0089419147157008	0.1076	1.2057972578388518	1.3718890865214137	-0.01275	1.2554602269183857	1.1521930361538706	0.0702	1.3267450457115075	0.9731364334946482	0.1076
157	5.24791086350975	1.0505154260609342	0.9517816453222269	0.0301	0.9699487509051615	0.964497662093444	0.0301	0.9602373783285452	0.6682873236288721	0.129	0.8967264649896828	0.28461951490509424	0.023	0.9921743206025598	0.18311045989954614	0.2179	0.9523005469159836	0.18123244105851224	0.1804	0.8619282634291113	0.23628598339785115	-0.0119	1.1322812584211615	0.9493341664475168	0.0301	1.1688465112821063	0.627779126698087	0.129	1.0526105708065827	0.340105382303685	0.023	1.1460674086597005	0.23453176876434426	0.2179	1.1607685780207928	0.25696090367286384	0.1804	1.0159386844543237	0.2912984779689081	-0.0119	1.0868478813694957	1.4066823872000858	0.0008	1.131371673520108	1.623089033425153	0.0655	1.1704164156120855	1.4734359306119629	0.1076	0.9407817009356192	1.3714488675498504	-0.01275	0.7995388248100005	1.1815199440599267	0.0702	0.7450859868921105	1.0092489714344461	0.1076	1.208171308332422	1.3716014449490324	-0.01275	1.2581043359574426	1.1508282360163342	0.0702	1.3284959399297338	0.9723121666615845	0.1076
158	5.281337047353761	1.0526259106528335	0.9514331545764004	0.0301	0.9725598780724757	0.9644426851672203	0.0301	0.9613792635885288	0.6687199626580046	0.129	0.8964804935350819	0.28536901374993956	0.023	0.9897030564679817	0.18418638297293097	0.2179	0.9496329934055021	0.18227323456952166	0.1804	0.8631662053424676	0.23482481564381708	-0.0119	1.1365166621896785	0.9489630180567041	0.0301	1.164178379857663	0.6231231753061249	0.129	1.060385327311316	0.3292862908384767	0.023	1.1515752866261537	0.22466037711472667	0.2179	1.16824984639121	0.2458081448378122	0.1804	1.0233821711520203	0.27835200566708884	-0.0119	1.0874869365275066	1.4052732654908195	0.0008	1.1351817155984856	1.6214491750576066	0.0655	1.1719566745033239	1.470067871059035	0.1076	0.9430867973668237	1.3715730896763751	-0.01275	0.8022115237881238	1.1823100912148188	0.0702	0.7460412355702768	1.0102546915128339	0.1076	1.2111123205826881	1.3703456684391284	-0.01275	1.2585234833124885	1.1501443043413637	0.0702	1.329332853412929	0.9719074458766667	0.1076
159	5.314763231197772	1.0552362436436937	0.9507099266098755	0.0301	0.9753260431347639	0.964733902864855	0.0301	0.9626534470527854	0.6699268690636248	0.129	0.895958204998225	0.2866967484815403	0.023	0.9889975539415089	0.18483459902232102	0.2179	0.9483386600802826	0.18434059589202018	0.1804	0.8632073719873843	0.23219543145899588	-0.0119	1.1397005770779722	0.9483809649005741	0.0301	1.1596055121516065	0.621915309789049	0.129	1.068311865404648	0.319411823474774	0.023	1.1560345290123912	0.21645906042798707	0.2179	1.1755588011480302	0.235637043052635	0.1804	1.0294920734440212	0.2676566408551682	-0.0119	1.0901627600827635	1.4049317958332181	0.0008	1.1402692189880408	1.6209287974219215	0.0655	1.1728737124994415	1.4674904137644653	0.1076	0.9448175662998032	1.3710791257697839	-0.01275	0.8047061569196816	1.1821518909816109	0.0702	0.7484271080779991	1.0112113932437483	0.1076	1.2138225615176574	1.3685672407255156	-0.01275	1.2580514186983909	1.1505399831037497	0.0702	1.329013497136235	0.9716588273853108	0.1076
160	5.348189415041783	1.0578384398151344	0.949764905433059	0.0301	0.9779289471491942	0.9647351028302737	0.0301	0.9634011313165864	0.6715622972552393	0.129	0.8951956130358999	0.28850661070286626	0.023	0.9895363085642929	0.18603688970651103	0.2179	0.9486031640813818	0.18710579973289101	0.1804	0.8641274786513344	0.23178460276678142	-0.0119	1.1410501544220515	0.9477408286933434	0.0301	1.1553067807263435	0.6231761989244421	0.129	1.0748146635649665	0.3103386557885993	0.023	1.1598817717678727	0.20853487137405752	0.2179	1.1818674140182064	0.22672392296406677	0.1804	1.0353871769546394	0.25882324961242126	-0.0119	1.095345718644802	1.4060273479814607	0.0008	1.1446275185457055	1.621329614999001	0.0655	1.174853833367188	1.4680107492177654	0.1076	0.9477492640235778	1.3711246779617559	-0.01275	0.8069682549243021	1.1819214494367645	0.0702	0.7510927749740135	1.01159670344468	0.1076	1.2175336265234522	1.3670625035199366	-0.01275	1.259707143081	1.1501248764059382	0.0702	1.328666842336382	0.9711050250535677	0.1076
161	5.381615598885794	1.0604975795253035	0.9493187517222972	0.0301	0.9805805647064485	0.9644361114158823	0.0301	0.963965273951024	0.672349632210523	0.129	0.8943617693159653	0.2891161102068428	0.023	0.990274696110567	0.18665174686265568	0.2179	0.9494051137520199	0.18739538391418908	0.1804	0.8654431559405752	0.2333687489808512	-0.0119	1.1418534800399491	0.946891243189706	0.0301	1.1515990952524533	0.6227924192417713	0.129	1.078071300002825	0.3026133212071878	0.023	1.161628973282319	0.20021877766435417	0.2179	1.1838336244122656	0.21843952350960885	0.1804	1.0410105353120727	0.2519022218169986	-0.0119	1.1022295186524018	1.4079380788928162	0.0008	1.1487753553236553	1.6214293979776935	0.0655	1.1791853667526757	1.4697812869595128	0.1076	0.9540911098068579	1.3730663972490509	-0.01275	0.8102241862888588	1.182622369562094	0.0702	0.7527066925072703	1.0118688848355102	0.1076	1.2236751257268177	1.365417508549219	-0.01275	1.2648476489487845	1.147701600174602	0.0702	1.3294065106479553	0.9701091365948624	0.1076
162	5.415041782729805	1.0638623830969889	0.9493319345414071	0.0301	0.9832778224274495	0.9644222409020352	0.0301	0.9654513402230422	0.6728903921138251	0.129	0.894275003933378	0.28734036082494324	0.023	0.9908408066396132	0.18514567201250065	0.2179	0.9498629298381991	0.18454467329823626	0.1804	0.8650982597906405	0.2337598923606998	-0.0119	1.1438368498906235	0.9462110774900122	0.0301	1.14950257723751	0.620564275726211	0.129	1.07847686486887	0.2971563917368007	0.023	1.161217123200365	0.1944001615394208	0.2179	1.182327693232164	0.21221016223076772	0.1804	1.0444220369093018	0.24735712409351995	-0.0119	1.1093853332221875	1.4085773566593955	0.0008	1.1558933653274417	1.6216363066318387	0.0655	1.1862829955242178	1.4700108186039287	0.1076	0.9626350061949209	1.3762964872856307	-0.01275	0.8149077789622381	1.1842071608250075	0.0702	0.7546772038554934	1.0129343952817744	0.1076	1.2312981550693083	1.3629948283817612	-0.01275	1.271471676241923	1.1449049338598773	0.0702	1.3313686180379525	0.9692346094673978	0.1076
163	5.4484679665738165	1.0678735552256593	0.9492018072653851	0.0301	0.9859293623868433	0.9650985083628354	0.0301	0.9682982513526932	0.675877337631361	0.129	0.8952886823991095	0.285119975278608	0.023	0.9908538435262564	0.18292217559571647	0.2179	0.9499067733023443	0.1826972784764178	0.1804	0.8641882025832525	0.23303947740267195	-0.0119	1.1472069427114608	0.9457042486102681	0.0301	1.1494800663427722	0.6196407090966006	0.129	1.0779426525929596	0.2949909807565479	0.023	1.160636130602521	0.19259687829206878	0.2179	1.1813854707500477	0.2100454557458882	0.1804	1.04452930433765	0.2459187696504123	-0.0119	1.116276237400053	1.4077981121836274	0.0008	1.1672008341877975	1.6237283323744713	0.0655	1.1962026914863222	1.4696984662371988	0.1076	0.970482379653337	1.378987668628855	-0.01275	0.820744243585336	1.1863521717102044	0.0702	0.7586015568824761	1.0151527536792238	0.1076	1.238495207963699	1.3605948350274144	-0.01275	1.2771325648604195	1.1436447806172336	0.0702	1.3336003743757527	0.9691196448714492	0.1076
164	5.481894150417828	1.0718145875978065	0.9492900006443936	0.0301	0.9890306046276864	0.9665361666618016	0.0301	0.9717372184920087	0.6808056584020891	0.129	0.8965746312679754	0.28433285010286	0.023	0.9903192759614688	0.18174268975599167	0.2179	0.949759558973587	0.1836027361490152	0.1804	0.865617141224223	0.2333413606725917	-0.0119	1.1515186144160257	0.9448639410779301	0.0301	1.1507238175863885	0.6204230653563311	0.129	1.0775783724177592	0.2953851967942323	0.023	1.1611960350620323	0.19276183133210645	0.2179	1.181949967898158	0.21098642581940566	0.1804	1.0432040609587843	0.2465334710712523	-0.0119	1.1235712887509293	1.4080761890656488	0.0008	1.1808360768372692	1.6268805683848881	0.0655	1.206188646183668	1.4701687320006058	0.1076	0.977128556018028	1.3810562680295997	-0.01275	0.8279092667546059	1.1894612508240456	0.0702	0.7628261810499802	1.0178415225073643	0.1076	1.2455748108423015	1.3589359887077117	-0.01275	1.281805973229023	1.1432684321282247	0.0702	1.3348757868756052	0.9703203093542805	0.1076
165	5.515320334261839	1.0753797714599536	0.9509885792914202	0.0301	0.9930287827604021	0.9681879268695311	0.0301	0.9746050610685326	0.6830667582405633	0.129	0.8973029009234496	0.28421286749599073	0.023	0.9901113575380561	0.1811901229571382	0.2179	0.9494315824216256	0.18393925654147608	0.1804	0.8686979506374528	0.23343892878590328	-0.0119	1.1567061616132468	0.943903249922771	0.0301	1.1520907809575072	0.6210989645350985	0.129	1.0777920066572737	0.2958377664767859	0.023	1.16226860034901	0.19308975719529925	0.2179	1.181878721517941	0.2125619024460447	0.1804	1.0426546834450718	0.24647085220569492	-0.0119	1.1318031286290986	1.4103368175827737	0.0008	1.19454902425826	1.6286651080429875	0.0655	1.2122103019596686	1.470418804609406	0.1076	0.9836766224103012	1.384124506831927	-0.01275	0.8361222866606404	1.193486746545478	0.0702	0.7653625107232099	1.0198389149440545	0.1076	1.2540683000257176	1.357594641802552	-0.01275	1.2866444086362863	1.141655262243261	0.0702	1.3353431699443237	0.9727128237556146	0.1076
166	5.54874651810585	1.0786734669003342	0.9547994312068667	0.0301	0.9972492244412943	0.9690597516088407	0.0301	0.9766111527724519	0.6817307151652156	0.129	0.8974410566646137	0.28472713586233206	0.023	0.9901655672531863	0.18224003583802137	0.2179	0.9490533138362242	0.18353281965515142	0.1804	0.8701742678092111	0.231071133084955	-0.0119	1.1618606185211466	0.9433649245881833	0.0301	1.1529843104094364	0.6212857158590339	0.129	1.0789086285995362	0.29547510902128155	0.023	1.1630973967526983	0.19384548426729503	0.2179	1.1806159755198624	0.213817097110167	0.1804	1.0427843502714587	0.2451268259015148	-0.0119	1.1403252282555387	1.4126361499359894	0.0008	1.2065264888304912	1.6299285938438184	0.0655	1.21418694925878	1.4707591557901747	0.1076	0.9905775650361172	1.3887312114234567	-0.01275	0.8447431048605245	1.197200905594764	0.0702	0.7669757408972048	1.0206922610630764	0.1076	1.2631823593669356	1.3565529880108664	-0.01275	1.2917075456704787	1.1384072220457857	0.0702	1.3364156383845256	0.9745829485604457	0.1076
167	5.582172701949861	1.0816383244551195	0.9585832393974508	0.0301	1.000525951321373	0.9686561626926882	0.0301	0.9782671969116593	0.6812410752966684	0.129	0.8981076045494548	0.28832354522255593	0.023	0.9894609325488957	0.18850303749101818	0.2179	0.9485462904168872	0.18812903773944237	0.1804	0.870986793597077	0.22898924851226102	-0.0119	1.165567322245187	0.9429726432197023	0.0301	1.1531453850506754	0.6212211646987436	0.129	1.0805396515950485	0.2956358509185229	0.023	1.1640565232078928	0.19584207668081116	0.2179	1.1799935215104196	0.21472249281966274	0.1804	1.0428689928994006	0.2445759438068038	-0.0119	1.1477693619643874	1.4138183326474223	0.0008	1.214973022015545	1.6325268416112027	0.0655	1.2148565417566832	1.4728251953536993	0.1076	0.9976750002147232	1.3935637118284827	-0.01275	0.8534651158843224	1.1992787315979523	0.0702	0.769090037289328	1.02051408434629	0.1076	1.2708181508691587	1.356229704294418	-0.01275	1.296478423327579	1.135661031133313	0.0702	1.3385578049290503	0.9748560159224375	0.1076
168	5.615598885793872	1.0840264937482416	0.959229979764198	0.0301	1.0026580258409226	0.9671510459571963	0.0301	0.9800283596656743	0.683618969697987	0.129	0.9010890068676829	0.2954921314809897	0.023	0.9880415336037678	0.19989300048701808	0.2179	0.9472077294830973	0.20022508609572448	0.1804	0.8767080352417218	0.23354461439402108	-0.0119	1.1677878456461555	0.9417880752859976	0.0301	1.1524093802422057	0.620905200890827	0.129	1.0818269530211007	0.2964455910611984	0.023	1.1655825321168691	0.1982471754927576	0.2179	1.1812456521209054	0.2150617365183561	0.1804	1.0437369513000552	0.24573569620235403	-0.0119	1.1536120525498788	1.4146951731877675	0.0008	1.2196010089769371	1.6346779513353544	0.0655	1.2153010489906673	1.4759189612763635	0.1076	1.0041845509740148	1.3969977516428331	-0.01275	0.8611498026640851	1.1989372189508962	0.0702	0.7713698012579343	1.0189615946419794	0.1076	1.2772301369315127	1.356107057065664	-0.01275	1.3011031186792543	1.135200422636782	0.0702	1.3407558867713187	0.9747627492941274	0.1076
169	5.649025069637883	1.0862581090528818	0.9569901576741402	0.0301	1.0044120074132632	0.965391927233345	0.0301	0.982004109787739	0.6864234011051228	0.129	0.9064098132170898	0.3022111020143155	0.023	0.986174450589335	0.20939592195697102	0.2179	0.9440890350642518	0.21283774992087776	0.1804	0.8882434465042414	0.24472017713743205	-0.0119	1.1697285058957645	0.9395876617384966	0.0301	1.151071913626559	0.620890944385075	0.129	1.0823144595818392	0.29696310150134075	0.023	1.16710803351397	0.1991030257640915	0.2179	1.1835720067330886	0.21482478732768495	0.1804	1.0465450547814443	0.24745012282074919	-0.0119	1.1588505300793643	1.415452555988608	0.0008	1.2227706914772412	1.6344550606130868	0.0655	1.215229454884751	1.47781408260506	0.1076	1.0097899598468225	1.3986680785864989	-0.01275	0.86687433291923	1.1968467298971808	0.0702	0.7725901341632297	1.0159770749601664	0.1076	1.2843945723571102	1.3550746846810828	-0.01275	1.3059305913016566	1.1361452161721868	0.0702	1.3423364794690396	0.9751318545117026	0.1076
170	5.6824512534818945	1.0897305311129102	0.955553034572538	0.0301	1.006743130457043	0.9654729960990457	0.0301	0.9839337720381717	0.6871397368465442	0.129	0.9114175219335613	0.30476462349371614	0.023	0.9835118899277326	0.20985312043391496	0.2179	0.9387580028441543	0.21564796824664448	0.1804	0.8977588430270824	0.25276101514401517	-0.0119	1.1725710925203914	0.9385401857811224	0.0301	1.1495488854768763	0.621246806012304	0.129	1.0819118424979035	0.2974332837947814	0.023	1.1677291782381718	0.1981588008695849	0.2179	1.1854499853511025	0.21439633741476796	0.1804	1.0502689847632793	0.24875431439676066	-0.0119	1.1648184173319904	1.4155516998052031	0.0008	1.2271550801790874	1.6344910698155313	0.0655	1.2150710635423096	1.4788968561103666	0.1076	1.0155312340633118	1.3994602350323964	-0.01275	0.8722575234504695	1.195263683880279	0.0702	0.7728305676411774	1.013351950320675	0.1076	1.2929359449528823	1.3527282637789244	-0.01275	1.3110573919958681	1.1367456363853923	0.0702	1.3439928913345869	0.9748340830661303	0.1076
171	5.715877437325906	1.0948616154982513	0.957404331860414	0.0301	1.009963112646198	0.9691191739639955	0.0301	0.9854979335930176	0.6847568005859319	0.129	0.9138838139956886	0.30298572446997324	0.023	0.9807292158826958	0.2010428330160068	0.2179	0.9327399551115548	0.20615770791227148	0.1804	0.8994750943165926	0.25053835013800924	-0.0119	1.1764768776503247	0.9414960028633768	0.0301	1.1480221503394423	0.6215111092810951	0.129	1.0810508882733756	0.297790353857137	0.023	1.1672601863391514	0.19693759328617988	0.2179	1.186348885471198	0.2143311142104899	0.1804	1.0523768454823876	0.24901224776275596	-0.0119	1.171569592506535	1.415591384149093	0.0008	1.2322757758887033	1.6376642445192933	0.0655	1.2149363136199667	1.481882044975126	0.1076	1.0213850987148074	1.4001675713209438	-0.01275	0.8787946195693741	1.1955767876309833	0.0702	0.7732044705694666	1.013026361514478	0.1076	1.301327231323441	1.349984060272211	-0.01275	1.3166314449544791	1.136444240425021	0.0702	1.3465034075273334	0.9731321569958656	0.1076
172	5.749303621169917	1.0996676147848095	0.9619851778317979	0.0301	1.0131776746725345	0.9748805889241903	0.0301	0.9860106987942383	0.6796580479224746	0.129	0.9138568731466491	0.29799514356264184	0.023	0.9787699840686004	0.1880561052527203	0.2179	0.9285271234589431	0.1916518330539965	0.1804	0.896930425722196	0.24211837231808703	-0.0119	1.180173672448747	0.9471056063909924	0.0301	1.14674683551948	0.6217469114893995	0.129	1.0806243754468958	0.29723674704854985	0.023	1.1663612979683817	0.19640722203439112	0.2179	1.1863317691436595	0.21474322155854603	0.1804	1.0518681990466174	0.24771848811791333	-0.0119	1.1776214909860852	1.416430070048115	0.0008	1.2350640273612246	1.641327607910477	0.0655	1.2131065974479611	1.486623042888114	0.1076	1.0258425171360475	1.4012180487867703	-0.01275	0.8846468828411552	1.1966428664027804	0.0702	0.7738358482848837	1.0140482079896118	0.1076	1.3077353433551977	1.3483483517966177	-0.01275	1.3228160068343868	1.1351885040607923	0.0702	1.3495269437361623	0.9713276636631888	0.1076
173	5.782729805013928	1.1019999261832352	0.9674238068373688	0.0301	1.0154900620087157	0.9801584574070695	0.0301	0.9845437674557553	0.6759019444412343	0.129	0.9119221803696456	0.2923239187434632	0.023	0.9765261840017286	0.17607473667451803	0.2179	0.9256094572572875	0.18069717755438727	0.1804	0.8948837401558095	0.23493046576176252	-0.0119	1.1822328219674136	0.9509697490233507	0.0301	1.1457110372275245	0.6218445661112945	0.129	1.0806897003094593	0.29615503557251766	0.023	1.165627349100499	0.19596866192421591	0.2179	1.1850139366552213	0.21512199202733387	0.1804	1.0497825136597647	0.2453215475611578	-0.0119	1.1814565911159016	1.4171603931142094	0.0008	1.234422398174098	1.6417153130585032	0.0655	1.20795328768494	1.4891367864815273	0.1076	1.0287075356551447	1.4026198882473735	-0.01275	0.8875300071305179	1.1965908210679173	0.0702	0.7741354289245563	1.0143657754160074	0.1076	1.3120547712183208	1.3480218803264605	-0.01275	1.3296403915804833	1.1329421870124432	0.0702	1.3526633409874051	0.9711102428097306	0.1076
174	5.816155988857939	1.1022029156467679	0.9719907694646784	0.0301	1.01724656579409	0.9846764921543207	0.0301	0.9818413057424284	0.6802237234837777	0.129	0.9089494206748132	0.2907618662332745	0.023	0.9717228703205564	0.169593698532548	0.2179	0.9208323127324363	0.1776152338887653	0.1804	0.8936221973216045	0.23279443871479694	-0.0119	1.1826865984001869	0.9519212419310222	0.0301	1.1448203235843224	0.6222873694806081	0.129	1.0806386794927678	0.2954622545018591	0.023	1.1647780279685507	0.1949772241921309	0.2179	1.182894117398722	0.21517172150270092	0.1804	1.0476027951932698	0.2427715949942848	-0.0119	1.1827040019184067	1.416321081399076	0.0008	1.232675793927696	1.6399504185137181	0.0655	1.2019912891998672	1.487344793596953	0.1076	1.0309065215407456	1.4034867484637843	-0.01275	0.8883579762229219	1.1956877973709803	0.0702	0.7743470793147215	1.0141386209990109	0.1076	1.3153664918597552	1.3481622758607588	-0.01275	1.3369292353971522	1.1308315241695417	0.0702	1.3563607909735103	0.9725915814320646	0.1076
175	5.84958217270195	1.102000054375145	0.9746799598998855	0.0301	1.0189130699976034	0.9887363413986507	0.0301	0.9799467290131361	0.6937825482047008	0.129	0.9069670634513438	0.296807482954749	0.023	0.9639005661433953	0.17284787069443344	0.2179	0.9133708955087108	0.18270976158359142	0.1804	0.8933455756058091	0.23711072931285296	-0.0119	1.1826479983573017	0.9518571488884112	0.0301	1.1443931601467787	0.6245984007403422	0.129	1.080488464435749	0.29530800124946566	0.023	1.1635926427988232	0.1943856177893991	0.2179	1.1818619488917086	0.2151172007036796	0.1804	1.0466085722627319	0.24129952427470738	-0.0119	1.1823549862079143	1.4142844566761787	0.0008	1.2312476159415582	1.6386818037483197	0.0655	1.1988219614633437	1.483843744434686	0.1076	1.0325118045903456	1.4035029764889033	-0.01275	0.8895441846543165	1.1954963948485033	0.0702	0.7751854317094844	1.014281890920273	0.1076	1.3185116072363081	1.3490035882164477	-0.01275	1.3441593249733785	1.1307592689306294	0.0702	1.3608198725645553	0.9740678855645182	0.1076
176	5.883008356545961	1.1020440910118776	0.9755804987750728	0.0301	1.0199542512649948	0.9916607977452518	0.0301	0.9793586068111477	0.7091865047846574	0.129	0.9074226461056178	0.30844538569913243	0.023	0.9549190446046949	0.18559466175990563	0.2179	0.9050885081124754	0.1920114293558066	0.1804	0.8959216164676369	0.2455484993737246	-0.0119	1.1828856704560768	0.9520720601186655	0.0301	1.1444911238173539	0.6282641018394012	0.129	1.0805059541977036	0.29549783698598364	0.023	1.1628737559204791	0.19525412915997137	0.2179	1.182740190216421	0.21533470257007267	0.1804	1.0477122265243914	0.24217895563086606	-0.0119	1.1824073464115816	1.4126549468022402	0.0008	1.2287369126423744	1.6382441925842608	0.0655	1.1954820435583673	1.4817008507675726	0.1076	1.033369332779234	1.4038803770557735	-0.01275	0.8917665492697899	1.1956853247973644	0.0702	0.7764803652004427	1.014619038527566	0.1076	1.3217398624966206	1.3507101725840378	-0.01275	1.3509440289335977	1.1322004614713195	0.0702	1.3654572758980472	0.9731908651638224	0.1076
177	5.9164345403899725	1.1021105218807046	0.975726442120308	0.0301	1.0199203304511497	0.9940261628894197	0.0301	0.9788514714454386	0.7199949705139277	0.129	0.908672218527768	0.31737123029426034	0.023	0.9464427855581492	0.19977859586664667	0.2179	0.8968159334689003	0.20318694840902687	0.1804	0.9006071402574244	0.2501089296624422	-0.0119	1.1834061569022851	0.9534323665640283	0.0301	1.1446428279312568	0.6310665497096019	0.129	1.080661638421839	0.29581927944285746	0.023	1.1631619265568198	0.19699312219808035	0.2179	1.1843845479550934	0.2159317099743857	0.1804	1.0506804892595425	0.24485994837315841	-0.0119	1.1838115816767238	1.4121883315219756	0.0008	1.2251054168723536	1.638629409821718	0.0655	1.187812501567298	1.48128282111214	0.1076	1.033921698857524	1.4051933442592017	-0.01275	0.8941006987898293	1.1950460346112655	0.0702	0.7772136563533388	1.014973706412665	0.1076	1.3242794695596598	1.3519624705007705	-0.01275	1.3574101169600197	1.1320136356815502	0.0702	1.3700051520484577	0.9698033690028092	0.1076
178	5.949860724233984	1.102112879452834	0.9758433293774404	0.0301	1.0192810015084661	0.9971877965251794	0.0301	0.9778881611735035	0.7275896146628743	0.129	0.9061221857706991	0.3158878760346898	0.023	0.9383950928401054	0.20526038846531078	0.2179	0.8893834213882161	0.23402437334951154	0.1804	0.9033855304378676	0.24391688220152588	-0.0119	1.1841254262434828	0.9560275291378929	0.0301	1.1444837009235551	0.6325457341566357	0.129	1.0808238457782215	0.29591772227168633	0.023	1.1636956437765331	0.19840342826111101	0.2179	1.185294854958241	0.215974116790563	0.1804	1.0537778199954555	0.24677459676391217	-0.0119	1.1855282508152942	1.4124064362483275	0.0008	1.2228841729982693	1.6404747096870287	0.0655	1.1791532390065471	1.4813904357121863	0.1076	1.0343001584370968	1.406296476015535	-0.01275	0.8955283245221431	1.1937420535261607	0.0702	0.7772210983470493	1.015603181848218	0.1076	1.3252514816597105	1.3521133041815734	-0.01275	1.3636674919100806	1.1294050666031397	0.0702	1.3745458694973414	0.966470362027383	0.1076
179	5.983286908077995	1.1019897379461818	0.9758240528168072	0.0301	1.0188323773339045	0.9998879843177473	0.0301	0.9770656658036758	0.7352600636265448	0.129	0.8982108528618895	0.3126308621974025	0.023	0.9299381959608585	0.20488084587628463	0.2179	0.8854355496864676	0.31272881713879136	0.1804	0.9029111430757374	0.23866597292570713	-0.0119	1.1850000499814983	0.9578225999736515	0.0301	1.1441592595538497	0.6328513472051441	0.129	1.0808491241557847	0.29581892723034664	0.023	1.163580959998051	0.1989475879988405	0.2179	1.1848380149660045	0.21435488556024637	0.1804	1.0551810885741875	0.2466517048894416	-0.0119	1.186457593896651	1.4128834953785	0.0008	1.2223104942742302	1.643235826753228	0.0655	1.1747459933952102	1.481496420894819	0.1076	1.0338556240608603	1.40622925699005	-0.01275	0.8955299396629437	1.1925415555079284	0.0702	0.7776273438341996	1.0168503637497341	0.1076	1.3252065672500033	1.351865990926076	-0.01275	1.3692870947445488	1.1277349436173305	0.0702	1.3787906774227732	0.9647055970188598	0.1076
180	6.016713091922006	1.1019775457335068	0.9759924660075946	0.0301	1.0193238995768041	0.9999270862489295	0.0301	0.9768078461880768	0.7433603727777476	0.129	0.8928613354744115	0.33951612788092694	0.023	0.9221794040283414	0.22792780816746536	0.2179	0.8849958830631167	0.42265779104662965	0.1804	0.9041636861895204	0.2758427903782251	-0.0119	1.1856950907744341	0.9573198780090041	0.0301	1.144050539536123	0.6313402838058016	0.129	1.080717411793907	0.2959184071706407	0.023	1.1624767388646213	0.19881558363572788	0.2179	1.1833771653220453	0.21228338223343135	0.1804	1.054992094208983	0.24580398348028507	-0.0119	1.1862837352254805	1.413341295927712	0.0008	1.220327513048306	1.6450638920490803	0.0655	1.1748754987100796	1.4830166702294294	0.1076	1.0320285304860424	1.4051943576031634	-0.01275	0.894375923542063	1.1929852435070134	0.0702	0.7785739026804804	1.0189520582296328	0.1076	1.325002245604543	1.351829755377622	-0.01275	1.3736592087431663	1.129459345073219	0.0702	1.3826183843825384	0.9636577345823045	0.1076
181	6.050139275766017	1.1025354688323334	0.976849008661069	0.0301	1.0208987057947128	0.9980903316507995	0.0301	0.9769698941232706	0.7504389994139102	0.129	0.8965955819405232	0.4089277298307109	0.023	0.9172430364489093	0.304519315594633	0.2179	0.8827758299582418	0.5026800331661185	0.1804	0.9111009815080403	0.3741213207893892	-0.0119	1.186331966312867	0.9560090994760634	0.0301	1.1442646579175533	0.6287714046035123	0.129	1.0806160439062993	0.29580785624695133	0.023	1.1607613268752983	0.19839985534220622	0.2179	1.1816430378401477	0.2121083108873855	0.1804	1.0548332589876541	0.24517416328943323	-0.0119	1.185071633137722	1.412702042028305	0.0008	1.2159334067620575	1.6450183256880866	0.0655	1.1764082597305712	1.4862974281640984	0.1076	1.0298254093789099	1.4038617341231086	-0.01275	0.8926946352531923	1.1962571267285322	0.0702	0.7786894741568634	1.021362391992103	0.1076	1.3247276019938288	1.3523233494084081	-0.01275	1.3768447928753809	1.1322811756647364	0.0702	1.38580850421082	0.962566042167803	0.1076
182	6.083565459610028	1.103300980462073	0.9773191545952631	0.0301	1.0227316843990193	0.9965250251434994	0.0301	0.9766479473548674	0.7534309937775202	0.129	0.9012207761396652	0.47948568747751613	0.023	0.9130745140863337	0.41003625361179374	0.2179	0.8741957973559737	0.5251452500299204	0.1804	0.9182820579729566	0.4697654562137616	-0.0119	1.18742578614467	0.9556790172190376	0.0301	1.1445505987826459	0.6269993871824883	0.129	1.080821074333121	0.2950626855610096	0.023	1.1599945175906954	0.19787984132511793	0.2179	1.1804707240804315	0.21355236217542511	0.1804	1.0552459960321436	0.2448469164620837	-0.0119	1.1835429381367228	1.410498690003824	0.0008	1.211627507348441	1.64387112927602	0.0655	1.1765090762176926	1.488403793595107	0.1076	1.0292469911293425	1.4029446385915016	-0.01275	0.8907767578539644	1.2000575273357454	0.0702	0.777702788677941	1.022769812996682	0.1076	1.3243428253595735	1.3529101102867904	-0.01275	1.3793009075128988	1.1323338033181733	0.0702	1.387720541894761	0.9616306553710452	0.1076
183	6.116991643454039	1.103598911417523	0.9762574800690985	0.0301	1.024051328568749	0.9959327737312311	0.0301	0.9754322947615242	0.7520822187205571	0.129	0.9012457961538073	0.5301337799510102	0.023	0.9085644831056158	0.4853623610648364	0.2179	0.8643973865175845	0.5208903372244634	0.1804	0.919207464305036	0.48973020284740587	-0.0119	1.1887651334125973	0.9563335098098011	0.0301	1.1447827502849557	0.6265258071812791	0.129	1.081413962944221	0.29456111671212615	0.023	1.1606669403198038	0.19779459779283134	0.2179	1.1803312687740124	0.21451533384580668	0.1804	1.0554699875306637	0.2452196098055176	-0.0119	1.1821603804781662	1.4083337540616563	0.0008	1.2084835064244734	1.6427344200358327	0.0655	1.1750024224822198	1.487611173776342	0.1076	1.029865005555422	1.4023351194302462	-0.01275	0.8881924423353809	1.2006626250385584	0.0702	0.7769298087687011	1.0223973005214537	0.1076	1.3236974262670307	1.3522545137097983	-0.01275	1.3807607070178582	1.1292286555829907	0.0702	1.388796793029129	0.9611550642649177	0.1076
184	6.1504178272980505	1.1037411870959304	0.9746434672456546	0.0301	1.0247452505891506	0.9956006401149914	0.0301	0.9744466065651335	0.7508130174969798	0.129	0.9049916695441705	0.5833398357238626	0.023	0.9090933378957585	0.5132699927778894	0.2179	0.8631778186480983	0.523628471704006	0.1804	0.9147253373720375	0.43557080332311043	-0.0119	1.1900136081752137	0.9570261126670381	0.0301	1.1454444470251208	0.626544949922165	0.129	1.0820545595779116	0.29458784040661284	0.023	1.1609192075598846	0.1988745176024954	0.2179	1.1805178266214096	0.21425648332499517	0.1804	1.0553235018021752	0.24550275287668477	-0.0119	1.1800610871504653	1.4074309917628742	0.0008	1.2046761002420532	1.6419778341009816	0.0655	1.1736688082453846	1.485440225493676	0.1076	1.0283424282058526	1.4007802283040403	-0.01275	0.8844604548607728	1.19759806255011	0.0702	0.7768047437195172	1.0209848186477182	0.1076	1.3226059121498688	1.3503438288737752	-0.01275	1.3803581932287214	1.1259612334480757	0.0702	1.3900600453147924	0.9607644497617284	0.1076
185	6.183844011142062	1.1041075178505737	0.9732234810929044	0.0301	1.0247939376794903	0.9944394788718314	0.0301	0.9736869070982032	0.7514212761136865	0.129	0.9123257883745338	0.6236537362905826	0.023	0.9137109152472213	0.5143451646757765	0.2179	0.8675649134543548	0.5311568106939599	0.1804	0.9099417861231083	0.37939851099536887	-0.0119	1.191022173097332	0.9563337357829278	0.0301	1.1468803740349092	0.6262090521828445	0.129	1.0821695039154513	0.2941206336969958	0.023	1.1601592350312302	0.2005073250077038	0.2179	1.1803501274835768	0.2133290296060434	0.1804	1.0550168973171796	0.2447398081825074	-0.0119	1.1766726482280805	1.4070838089899909	0.0008	1.1992475768717699	1.6413873745106304	0.0655	1.1737718194138025	1.4836489664471508	0.1076	1.0228917673073905	1.3979110143261686	-0.01275	0.8809177485680229	1.1934300494545553	0.0702	0.7761994340927997	1.0198494185076312	0.1076	1.3209788342492845	1.3491996727452975	-0.01275	1.3780699476066514	1.1246387217542484	0.0702	1.3910505738233558	0.959612570949487	0.1076
186	6.217270194986073	1.104228776124699	0.9716103521969546	0.0301	1.024125675313008	0.9928639062518069	0.0301	0.9711071838492238	0.7507362547647723	0.129	0.914392742793149	0.6339360105770638	0.023	0.9134740500739981	0.5049561583127608	0.2179	0.8670641535583009	0.5312293226665762	0.1804	0.9128161118825202	0.4222496309350427	-0.0119	1.1912425747835202	0.9545225329511112	0.0301	1.1483344985779065	0.6253981960163663	0.129	1.0815490373498429	0.29303925956377286	0.023	1.1596594390506147	0.2012885218833069	0.2179	1.180131831407377	0.21264915986710398	0.1804	1.0543953348044814	0.2436993999997966	-0.0119	1.1727906637843533	1.4068593354460603	0.0008	1.1930610592482103	1.640913318325332	0.0655	1.1753837921842567	1.4830795174949227	0.1076	1.015700033748237	1.3953567651033758	-0.01275	0.8793901257487347	1.1903930476833002	0.0702	0.7742960678947958	1.0193101300051515	0.1076	1.31838408644108	1.3501856829139176	-0.01275	1.3749118948638435	1.1247326563596165	0.0702	1.3909469137301667	0.9579197448184977	0.1076
187	6.250696378830084	1.1037352887443752	0.9703771952464969	0.0301	1.022850069799547	0.9919731541880162	0.0301	0.9665818290050111	0.74604772309864	0.129	0.912767913034995	0.6452061455914953	0.023	0.9073668223544986	0.49626022275378917	0.2179	0.8620940844914167	0.5293769515197028	0.1804	0.924477869392113	0.5647907173618818	-0.0119	1.1905812217056586	0.9538880526395717	0.0301	1.1489297597947488	0.62446348281493	0.129	1.0806350331772172	0.29232188088756517	0.023	1.1593514854612064	0.2010642908941739	0.2179	1.1801325716078628	0.21317675427266922	0.1804	1.053477947878109	0.24299288857792428	-0.0119	1.1688196887484599	1.407225030369646	0.0008	1.1862934566474028	1.640633174490736	0.0655	1.1765350448627552	1.4836671626522329	0.1076	1.0096249345573702	1.3943154049629913	-0.01275	0.8790165424194355	1.1887869573397098	0.0702	0.7717226521885583	1.0189270436731734	0.1076	1.3146728461863826	1.3523708004021044	-0.01275	1.3713530226652304	1.1254360618295889	0.0702	1.3902667929564336	0.9569292773293026	0.1076
188	6.284122562674095	1.1024203538198254	0.9690023913478021	0.0301	1.0210777277356617	0.9899293429998667	0.0301	0.9633162070812797	0.7384005336964616	0.129	0.9127274685226986	0.6670020176647198	0.023	0.901226445726598	0.49315645893834387	0.2179	0.858422537760865	0.5307721674033755	0.1804	0.934255044286138	0.684983120289435	-0.0119	1.1893309813352373	0.953534015921755	0.0301	1.1488850234493597	0.6230482768568086	0.129	1.0799018562518212	0.29246553954386967	0.023	1.159036849859531	0.20057150073867797	0.2179	1.1803193923249302	0.21464461531810605	0.1804	1.052544961862139	0.24236375630664458	-0.0119	1.163868077562387	1.4084174375844585	0.0008	1.1780715830738313	1.640288365636771	0.0655	1.1717373646098672	1.4848004770113703	0.1076	1.004399531578349	1.3934395239495823	-0.01275	0.8774781493699749	1.1872515588769101	0.0702	0.7697724121342154	1.01859023808299	0.1076	1.3106082555028704	1.3539645649648961	-0.01275	1.367402131190593	1.1270921844736668	0.0702	1.3897733795571163	0.9569928348447067	0.1076
189	6.317548746518106	1.100190661751798	0.9655218363153634	0.0301	1.0189807151129118	0.9843216843024392	0.0301	0.962691108654026	0.7297308218470654	0.129	0.9138308824600301	0.6745830583595004	0.023	0.8984892492155305	0.49103872080337385	0.2179	0.8574992326486347	0.5295531378686569	0.1804	0.9366088321033009	0.714530624604162	-0.0119	1.1873420809412194	0.9503866936411153	0.0301	1.1487354140383794	0.6206337437250016	0.129	1.0794169732384429	0.2929564024156736	0.023	1.1599093469233437	0.2000322303154037	0.2179	1.1805325702654712	0.21537817947389834	0.1804	1.051543682162919	0.24175654565837457	-0.0119	1.1572368335389895	1.4099874319725814	0.0008	1.1683508325456444	1.6400748968641956	0.0655	1.1570539322699747	1.4861746467259322	0.1076	0.9982057887608119	1.3909008125453615	-0.01275	0.8737586005370894	1.1841549130076805	0.0702	0.7688868101091053	1.0181066121697058	0.1076	1.3066965939663444	1.354769517386776	-0.01275	1.3636608214673893	1.129853874263099	0.0702	1.3896217413959524	0.9571822994666617	0.1076
190	6.350974930362117	1.0978093196831678	0.9609820488509411	0.0301	1.0167534462064065	0.9775909128431789	0.0301	0.9617669298889931	0.7191029481712323	0.129	0.9148648685033812	0.662972916932839	0.023	0.8997239678642095	0.48771799964656826	0.2179	0.8593297200344007	0.525522346352258	0.1804	0.9368683731821859	0.6963786937699752	-0.0119	1.1849492475221708	0.9466429945362832	0.0301	1.1480812818123804	0.6181844866180017	0.129	1.0793014786298487	0.29322492260365834	0.023	1.1617342135839592	0.19921828008821693	0.2179	1.1805516595921297	0.21449119213210247	0.1804	1.0501474314381645	0.2415582517078886	-0.0119	1.1496764362957714	1.4109813257432948	0.0008	1.1580646457140815	1.6410107337839106	0.0655	1.1368612567885357	1.4872905572893251	0.1076	0.9912990288287288	1.3872337068975877	-0.01275	0.8682321203553727	1.1799429095050125	0.0702	0.7680445103685811	1.0167267907300435	0.1076	1.3019387543929422	1.356603376163019	-0.01275	1.3601225098789589	1.1325710334933434	0.0702	1.3896312089379568	0.95621688413345	0.1076
191	6.3844011142061285	1.0955964741240027	0.958193103622167	0.0301	1.0139663800164584	0.9735008399595779	0.0301	0.959095767093305	0.7066585610956114	0.129	0.9163196962419828	0.6538544242460397	0.023	0.903674356244432	0.4892475048858838	0.2179	0.8639699943105236	0.5288493718678915	0.1804	0.9396352180581149	0.6878479971560523	-0.0119	1.1827935699979906	0.9463768052756013	0.0301	1.1464238533918076	0.6170246742413282	0.129	1.0797171369748242	0.29377808097944136	0.023	1.1626355838196953	0.19813614535532806	0.2179	1.1807455772604638	0.2130131131541195	0.1804	1.0486491400887221	0.24213193847456468	-0.0119	1.1422125610650973	1.41130729090205	0.0008	1.1476346669274875	1.6432064050048982	0.0655	1.1193201820129155	1.4878372399270452	0.1076	0.9847406496009647	1.384525125343031	-0.01275	0.8619058542041274	1.176803432413383	0.0702	0.7661473511988632	1.0145118501295298	0.1076	1.2947981565582698	1.3607182561577424	-0.01275	1.3558162682067085	1.1345778820128212	0.0702	1.3894322233497336	0.9538617030279648	0.1076
192	6.41782729805014	1.0922920905884015	0.9568158049851485	0.0301	1.0101804896570092	0.9706663102257064	0.0301	0.9572858149052534	0.6984894782688581	0.129	0.9183822178971276	0.6570093741558447	0.023	0.908138387220102	0.4956752633588737	0.2179	0.8702502717876563	0.5393646838412524	0.1804	0.9437057455305817	0.6969633603626548	-0.0119	1.1804065739231817	0.9469900320227401	0.0301	1.1447151273994525	0.616911828910789	0.129	1.080304758512811	0.29492083878547315	0.023	1.1621062060339697	0.19738699495717957	0.2179	1.1815430589452651	0.2120314422318639	0.1804	1.0479915241115436	0.2428307727901855	-0.0119	1.134372070733905	1.4117333325890422	0.0008	1.1363556398171861	1.6446950569913314	0.0655	1.1070853879582134	1.4886335552492733	0.1076	0.9776179108657408	1.3838705311765145	-0.01275	0.8555339699070661	1.1750793007968994	0.0702	0.76335266947026	1.0128879314183254	0.1076	1.2854733187535925	1.3659925134995254	-0.01275	1.3506808964747308	1.1372432601771028	0.0702	1.3888541310923597	0.9518783071620945	0.1076
193	6.451253481894151	1.0872113055491996	0.9548461781496151	0.0301	1.005903040027805	0.965961198343264	0.0301	0.9565591631374835	0.6985220236792984	0.129	0.9165261872075133	0.634539318965506	0.023	0.9075716118842452	0.47758331006576216	0.2179	0.8711794668512447	0.5212073169308608	0.1804	0.9414633883824217	0.669420474677561	-0.0119	1.1769622093828909	0.9439161644747286	0.0301	1.143917411334126	0.6167696181524233	0.129	1.0805139682892622	0.2953800785303027	0.023	1.1613411254292498	0.19776506845123168	0.2179	1.1822073196100227	0.21139987694910223	0.1804	1.0483045849447787	0.24265937890980618	-0.0119	1.125079616760922	1.4121932556501862	0.0008	1.1229716195701334	1.6437707844163678	0.0655	1.0959521737408802	1.4895200452369568	0.1076	0.9688001080377017	1.3841135009184848	-0.01275	0.8486516976483811	1.172766860762963	0.0702	0.7600599678070843	1.0129559297017934	0.1076	1.2755799792088265	1.370499826409253	-0.01275	1.3456977382565583	1.1411208199646772	0.0702	1.387683749732832	0.9515700416673213	0.1076
194	6.484679665738162	1.0816642778239043	0.9526124641892456	0.0301	1.0011828463200518	0.9603605269386541	0.0301	0.9521206520687725	0.6994538893878199	0.129	0.9014405912448994	0.5355981717465707	0.023	0.8928868368768984	0.39560950028699515	0.2179	0.8542544669365185	0.4300856432421432	0.1804	0.9231064124157017	0.5418702888835695	-0.0119	1.172460544898068	0.938720030788127	0.0301	1.1432200943714412	0.615669919719176	0.129	1.0802998707402194	0.2943605255888359	0.023	1.1614356351560322	0.19918028220038586	0.2179	1.1818135216087542	0.21090456936823684	0.1804	1.0487069033244685	0.2420033078305572	-0.0119	1.114283193882372	1.412200426700837	0.0008	1.1072813721779446	1.6423657125553124	0.0655	1.0810887983361799	1.488733319756767	0.1076	0.9587552964217123	1.382936648224886	-0.01275	0.8404893964491837	1.1692026519543413	0.0702	0.7561245477626565	1.0141450218800536	0.1076	1.2657426649030117	1.3733607307882556	-0.01275	1.341281246717892	1.1445164408487092	0.0702	1.3855142918537602	0.9517285586078653	0.1076
195	6.518105849582173	1.0768245548123578	0.9516654356617733	0.0301	0.9950169475150088	0.9559953890191456	0.0301	0.941672465432742	0.6921673284677636	0.129	0.8731876217319158	0.3876106538500829	0.023	0.8640840497911711	0.26951876281995396	0.2179	0.8189765103286262	0.2913130214295304	0.1804	0.8922307640428996	0.3519227871897507	-0.0119	1.1673286263780747	0.9350416281349097	0.0301	1.1417640959897648	0.6124241843572357	0.129	1.0800679467656025	0.2927847447991737	0.023	1.1621336527330386	0.19987834802482818	0.2179	1.1809094825980653	0.21106752569352122	0.1804	1.0488317486691956	0.24208775118654313	-0.0119	1.1024054213533636	1.4122866054248067	0.0008	1.0910137563122424	1.6437000005584261	0.0655	1.0631833106741941	1.4863454642265987	0.1076	0.9478519514694501	1.3795840087101257	-0.01275	0.8316584401782006	1.1656903807429362	0.0702	0.7513694426202133	1.0141671709145632	0.1076	1.255394979070923	1.3745229055211527	-0.01275	1.3366805142519507	1.146884386171193	0.0702	1.3828313658496565	0.9513896156712954	0.1076
196	6.551532033426184	1.0721198169726547	0.9521159112082218	0.0301	0.9875054296844409	0.9527161201270953	0.0301	0.9302315615503499	0.6791758735025362	0.129	0.8489881184947018	0.2835192023086212	0.023	0.8368006744425394	0.1743205467747528	0.2179	0.7863211699488398	0.19039158349365962	0.1804	0.8691593141326112	0.2200453514072316	-0.0119	1.1620573872565325	0.9333467013289933	0.0301	1.1406031668448795	0.6060067934281095	0.129	1.0802700695526164	0.2917158603160688	0.023	1.1624845264763777	0.19779793782489635	0.2179	1.1811773338337344	0.21214352229107214	0.1804	1.048985760182501	0.2432262095979955	-0.0119	1.089481358906768	1.4135997712305681	0.0008	1.075885521316906	1.6470073277073876	0.0655	1.0465424229200098	1.4849605563652972	0.1076	0.9357624954320979	1.3754437013807592	-0.01275	0.8230840547688688	1.1621241525594026	0.0702	0.7454674465176724	1.0106824750807701	0.1076	1.243889277608114	1.3750762248465134	-0.01275	1.3310176804286076	1.1492889324721653	0.0702	1.380912318264305	0.9513974990365539	0.1076
197	6.584958217270195	1.0666319458100264	0.9530431573489135	0.0301	0.9798285332097989	0.9505303150480928	0.0301	0.9229957724824318	0.6692589263258557	0.129	0.8415494665941519	0.2583765146226295	0.023	0.8242558474757448	0.14410803999816038	0.2179	0.7743620397963902	0.16264076886523854	0.1804	0.8652737206017892	0.1922358026025159	-0.0119	1.1569456926359023	0.9336257203946724	0.0301	1.1422897741351958	0.5974502450715002	0.129	1.081615650480043	0.2926138443588699	0.023	1.162365799718081	0.19402564727935218	0.2179	1.1835045985156343	0.2134833389322815	0.1804	1.0495369630019016	0.24587058317855165	-0.0119	1.075879184409166	1.416720358242621	0.0008	1.0616777644939692	1.6495079427529127	0.0655	1.031820050295788	1.4864229781173737	0.1076	0.9227452937094025	1.3719589091203381	-0.01275	0.814257591109957	1.1574438382365755	0.0702	0.7388993999271616	1.0047414723167016	0.1076	1.2314014162109657	1.377154514670572	-0.01275	1.3245860874169635	1.1514658166484915	0.0702	1.3798908386513669	0.9522414380297969	0.1076
198	6.618384401114207	1.0605066554769036	0.9538487411927682	0.0301	0.9720983635059883	0.9498318111355403	0.0301	0.9184589839609745	0.6644367308986722	0.129	0.842409272064265	0.2666763356110122	0.023	0.822764931738605	0.1477514371348495	0.2179	0.7768493079504164	0.16888300961995453	0.1804	0.8685692695672331	0.21042671735312993	-0.0119	1.1517550149148932	0.936204996660336	0.0301	1.1487582046740235	0.5897781340363469	0.129	1.0852780128587145	0.29812960562333907	0.023	1.1619061356019185	0.1925662441959268	0.2179	1.1864023086668825	0.21466886231856502	0.1804	1.0512528030229624	0.2531140596361715	-0.0119	1.0630667909711857	1.420725252468569	0.0008	1.04761308630701	1.6517979627358317	0.0655	1.0157054226691564	1.490071404285437	0.1076	0.9097660368464926	1.370155835097869	-0.01275	0.8046390237717695	1.1531098579621557	0.0702	0.7336970948123089	1.000467918969138	0.1076	1.2196643128237048	1.3811633105175936	-0.01275	1.3183081103294545	1.1521266402921653	0.0702	1.3787349609042723	0.9533111854354562	0.1076
199	6.651810584958217	1.0547043735226087	0.9545055404909336	0.0301	0.9641408978720026	0.9495951191886003	0.0301	0.9133134927198977	0.6614064024117166	0.129	0.8393876562699079	0.26822009291701104	0.023	0.8223821567665952	0.15165934735311326	0.2179	0.7781005874909244	0.1710220234839907	0.1804	0.8657615290114584	0.22185441366424766	-0.0119	1.146575593292708	0.9394864963039213	0.0301	1.1593469347239185	0.585526979982807	0.129	1.0910097848644738	0.3090024189837587	0.023	1.160839090308425	0.19471189589043905	0.2179	1.1877868132472773	0.21621132319789083	0.1804	1.054633344174902	0.26792047661521584	-0.0119	1.0523710010593466	1.4241360095297422	0.0008	1.0346235782634396	1.6563705696601483	0.0655	0.9991153347353622	1.4942001651992243	0.1076	0.8978341953178661	1.3710212139456117	-0.01275	0.7948863298050614	1.1515297991517925	0.0702	0.7305001717776041	0.9995602051289504	0.1076	1.2103039785121692	1.3855221618934517	-0.01275	1.3121961725060562	1.1514034769740935	0.0702	1.3773348218925452	0.9539469422004717	0.1076
200	6.685236768802229	1.0502426202012005	0.9551123025748551	0.0301	0.9573095492468645	0.9489493316414168	0.0301	0.9082934093528547	0.6594348623240385	0.129	0.8330121497731937	0.2613640479505826	0.023	0.8186917052587159	0.14812751181563744	0.2179	0.7732897621297364	0.16448265700247267	0.1804	0.8593405761653449	0.2213506587001685	-0.0119	1.1425203660090704	0.9417633997729821	0.0301	1.1713366941640373	0.5851631748501704	0.129	1.0958210375475823	0.32149687486609774	0.023	1.1600192337761779	0.1965433472495623	0.2179	1.1880653270922745	0.21815412631048237	0.1804	1.0584923159544048	0.28696719827334977	-0.0119	1.0433581663752225	1.427609055577239	0.0008	1.024513799894122	1.6629472752353807	0.0655	0.9879380935199092	1.4978363905230505	0.1076	0.8872921731263496	1.373798448586248	-0.01275	0.785498701746244	1.1525135872595382	0.0702	0.7268630154874032	0.9995621914514299	0.1076	1.202964266021801	1.389361914996926	-0.01275	1.3054602108391857	1.1510063354897857	0.0702	1.3763102155325546	0.954300592424214	0.1076
201	6.71866295264624	1.0473430244900965	0.9553064542711533	0.0301	0.9530711973315513	0.9480059804671004	0.0301	0.9050765562256499	0.657287359100581	0.129	0.8288415893550813	0.2555644461068884	0.023	0.8129275090208139	0.14111938093924992	0.2179	0.7677385566069668	0.15646274236652624	0.1804	0.8563560466625121	0.2180190272396275	-0.0119	1.1404058413130258	0.9428560139709851	0.0301	1.1816901247450189	0.5864368410684012	0.129	1.097404308429286	0.33038668875292443	0.023	1.1602376034786668	0.1938519732140012	0.2179	1.1885583685456111	0.21865495824682818	0.1804	1.0608242982003573	0.3016032132723545	-0.0119	1.0350507078189715	1.432346205627455	0.0008	1.0173163018655715	1.669145825169544	0.0655	0.9831523579224164	1.5015951707371578	0.1076	0.87788003547786	1.3760960082185605	-0.01275	0.7764967856393505	1.15410269585802	0.0702	0.7208168259795145	0.9986111318044204	0.1076	1.1966070481679056	1.3927268951894312	-0.01275	1.2982548351289118	1.1521948176569325	0.0702	1.375777894366096	0.9551843320599064	0.1076
202	6.752089136490251	1.045100199890931	0.9542946970018074	0.0301	0.9510020476738629	0.9471676414387861	0.0301	0.9027455911971681	0.6498431894319906	0.129	0.8264720905835155	0.2526472329220546	0.023	0.8082269070807275	0.13300274131310996	0.2179	0.7650959555369977	0.14970116113233292	0.1804	0.8563756965247412	0.21386505837835	-0.0119	1.1397352810589916	0.943022849119301	0.0301	1.1882766785936556	0.5862217762199089	0.129	1.0974344990378422	0.33229231919319274	0.023	1.1592604533912392	0.18684028726874508	0.2179	1.1887578043353157	0.21500173518081825	0.1804	1.0610499254560433	0.30535105921923766	-0.0119	1.028086936491514	1.4368102290226246	0.0008	1.0112843433964374	1.6738994985053763	0.0655	0.9798115271742679	1.5069836799573313	0.1076	0.8702320300113028	1.3770712820918678	-0.01275	0.7685076591455136	1.154955059526808	0.0702	0.7140966934431228	0.9984224819135665	0.1076	1.1912082724004605	1.395541520857457	-0.01275	1.2923267852982623	1.1543502071754024	0.0702	1.3758872713294	0.9565833547070008	0.1076
203	6.785515320334262	1.0427586715804489	0.9522527637250005	0.0301	0.949820228970739	0.9467198772202553	0.0301	0.9001630692047609	0.6368825126391467	0.129	0.8231234288385928	0.25016166622660413	0.023	0.8058835076725712	0.12396636730952183	0.2179	0.7635282322951328	0.14470500657775467	0.1804	0.8558028568299684	0.20786510089012333	-0.0119	1.1396306811916184	0.942627406178407	0.0301	1.1909921232207672	0.5841696918058614	0.129	1.0987985395243913	0.3253502106470253	0.023	1.1561113342833467	0.1772037673214775	0.2179	1.1887104754584998	0.20549651402965263	0.1804	1.0602151653769056	0.296970398886621	-0.0119	1.023671865679606	1.4395086705021916	0.0008	1.005522789175108	1.6770913765704958	0.0655	0.9749986673760165	1.5134382146310246	0.1076	0.8658217582101646	1.3780844835050337	-0.01275	0.7624791857734216	1.1551058376489658	0.0702	0.7096974429512116	1.000862483346912	0.1076	1.1875612822645694	1.3978471707953426	-0.01275	1.2890922106077405	1.1558580877108586	0.0702	1.37651418146456	0.9577358017669428	0.1076
204	6.818941504178273	1.0409729308955242	0.9509157445778001	0.0301	0.9488809553264856	0.9452422967096733	0.0301	0.8981807399039675	0.6272919911370525	0.129	0.8213850628578593	0.24827962586961294	0.023	0.8056046626638625	0.11803340626488597	0.2179	0.7626475236093785	0.1448228397675506	0.1804	0.8546910261283933	0.2023411498289606	-0.0119	1.1396488348663265	0.941831165470207	0.0301	1.1917518006987247	0.5826806668879926	0.129	1.1013229450360613	0.30905601531175286	0.023	1.1559078620613576	0.16359290744870433	0.2179	1.1909460710270507	0.1899710562941464	0.1804	1.0592430672538777	0.27763475279204647	-0.0119	1.0213267721144157	1.4418770355352775	0.0008	1.000988577573682	1.677930092433064	0.0655	0.9693679975603119	1.5180718106095958	0.1076	0.8643406822647511	1.3798661199142737	-0.01275	0.7584334251665978	1.1554251811724396	0.0702	0.7072706262594481	1.0041318719472612	0.1076	1.1858677203091121	1.3999204987551972	-0.01275	1.2880321699174562	1.1562456854095313	0.0702	1.3767734875517175	0.9585624823005546	0.1076
205	6.852367688022285	1.0404738896652799	0.9523603901400591	0.0301	0.9480255115236708	0.9423322819258613	0.0301	0.8979739690040663	0.6278971590129754	0.129	0.8240295487102742	0.24836050634142537	0.023	0.8071195294788096	0.11894823536476705	0.2179	0.7638563802012109	0.15129229888941959	0.1804	0.8539998413927931	0.1996944337860218	-0.0119	1.1398355772172524	0.9414915087839545	0.0301	1.192485964140373	0.5837480077875142	0.129	1.103159561551371	0.2854122609393917	0.023	1.1629020884486028	0.14392402701367313	0.2179	1.196930369310854	0.16927764740796755	0.1804	1.0585180348161365	0.24970969436356633	-0.0119	1.0196451344798156	1.445101424467747	0.0008	0.9986482607076814	1.6764594128918662	0.0655	0.9652699178043321	1.5196301554011316	0.1076	0.8633669876128833	1.381472679943016	-0.01275	0.7555693635576168	1.1564399731556396	0.0702	0.7042784662817004	1.005635709418277	0.1076	1.1849700504848957	1.4017344752773928	-0.01275	1.2878098915984295	1.1563454213354027	0.0702	1.3765310398018837	0.9588421586008652	0.1076
206	6.885793871866295	1.040682729189191	0.9569300552576441	0.0301	0.9475216500507158	0.9414297171580192	0.0301	0.8991937829269488	0.6344468683195659	0.129	0.8279841442884773	0.2488541516543242	0.023	0.8088963904474624	0.12254193141709682	0.2179	0.7651557520143379	0.15714174454659938	0.1804	0.8528003984100885	0.198163210392514	-0.0119	1.1407445574704187	0.9429498150796921	0.0301	1.1930595752868158	0.586164162707427	0.129	1.1048162194999847	0.2580308048347347	0.023	1.173665086380323	0.11910097383149026	0.2179	1.2050647883982482	0.14418278126873943	0.1804	1.0590975895304466	0.21719408772676077	-0.0119	1.0183642024582344	1.447644947151901	0.0008	0.9984507871446427	1.6740172676400296	0.0655	0.9654371204079993	1.5195161697082864	0.1076	0.861811419130724	1.3824856779720167	-0.01275	0.7536399947417614	1.1577712607293589	0.0702	0.7007910523405213	1.0060858737505551	0.1076	1.1842421420407643	1.402854398952866	-0.01275	1.2880716573810937	1.156556166787667	0.0702	1.3766566248630796	0.9575112722480992	0.1076
207	6.919220055710307	1.0412665455713301	0.9612700542886562	0.0301	0.9478044009229616	0.9439582406364855	0.0301	0.9002925702762907	0.6382543282285703	0.129	0.8301624433076369	0.2472620270546519	0.023	0.8077412051594952	0.12182064475630537	0.2179	0.7624829302530819	0.15360624675670517	0.1804	0.8506870576514317	0.19475546934159138	-0.0119	1.1428584506139625	0.944782760750201	0.0301	1.191664286323433	0.5860378869269679	0.129	1.1085790722902142	0.22958487322890203	0.023	1.1828024004494795	0.09315278552137414	0.2179	1.2139602919212862	0.11675468342279169	0.1804	1.062531979605568	0.18387786686318916	-0.0119	1.018409380368626	1.4480507279447994	0.0008	1.0000766772467156	1.6722443078678295	0.0655	0.9698238558208918	1.5189907443965598	0.1076	0.8611379244096129	1.3834783651476315	-0.01275	0.7529863401945479	1.158731093109005	0.0702	0.6979912630520386	1.0061174595363476	0.1076	1.18518056010879	1.4029582514067265	-0.01275	1.2894078713696735	1.156585918775011	0.0702	1.3773810388152394	0.9543860583508904	0.1076
208	6.952646239554318	1.0430145703242342	0.9604141163311944	0.0301	0.9487155971760192	0.9464975709973428	0.0301	0.8994284185919283	0.6352851772342607	0.129	0.8306212510090294	0.24434224128575385	0.023	0.8028133253859578	0.11685173828872455	0.2179	0.7554880757336822	0.14269407994286282	0.1804	0.8482436207690272	0.1903924324780419	-0.0119	1.1458138307453332	0.9432513258086075	0.0301	1.1869886956673315	0.5811305075908946	0.129	1.1151113604214196	0.20188378713871882	0.023	1.1902735549879153	0.07234749734829711	0.2179	1.224134398818865	0.09313390338570346	0.1804	1.069434079695278	0.152221918832793	-0.0119	1.0205632801914108	1.447105603607657	0.0008	1.0030423179441645	1.6740954427715633	0.0655	0.9751671929158605	1.5184733309037413	0.1076	0.8622951408434508	1.3842312462741273	-0.01275	0.753238795891448	1.158851450021095	0.0702	0.694236007498113	1.0026950464855924	0.1076	1.1893274331584178	1.4020835754446455	-0.01275	1.291927513459446	1.1563739359147767	0.0702	1.3782290291222221	0.951047286102814	0.1076
209	6.986072423398329	1.0459563898685587	0.9524523181588228	0.0301	0.9495921047078397	0.9447687487571014	0.0301	0.8950442707355595	0.6236010736769506	0.129	0.8282965959148304	0.2426734861480203	0.023	0.7975926316517148	0.1134264274867488	0.2179	0.74901628722576	0.13496480212541218	0.1804	0.845786268350017	0.18832089625697515	-0.0119	1.1487718463531156	0.9362114262499743	0.0301	1.1795017723728558	0.5732694453998527	0.129	1.1224824476362283	0.1776659912076421	0.023	1.2003612315248735	0.0606956256908177	0.2179	1.2355502126465898	0.07868166945533038	0.1804	1.078421328728138	0.12423851899371975	-0.0119	1.0246442564792995	1.4461746005008944	0.0008	1.0070371125392148	1.6804452561443373	0.0655	0.979385377603984	1.5187872691530218	0.1076	0.8642963455099179	1.384332707276592	-0.01275	0.7536468378055656	1.157719527039874	0.0702	0.6890546173292746	0.9946600180733689	0.1076	1.1959544027882116	1.4007551577628852	-0.01275	1.2949548657209633	1.1560154809703331	0.0702	1.378997943685987	0.9490628561100657	0.1076
210	7.01949860724234	1.0488262486803193	0.9411332345994744	0.0301	0.9497768746395623	0.9367054519863126	0.0301	0.8885395903858556	0.6051312738574104	0.129	0.8231704426642792	0.24265531680938499	0.023	0.7952801399722058	0.11349600824905412	0.2179	0.7467038093536345	0.13427263997325736	0.1804	0.8436890067426224	0.1885472472670998	-0.0119	1.1513038960887296	0.9267386834935099	0.0301	1.1707170069415764	0.566169395461987	0.129	1.127703199243166	0.15907668788153811	0.023	1.2153301615268912	0.054672195479374734	0.2179	1.2453492826624826	0.07095660686655436	0.1804	1.0862332190369883	0.10126746651145588	-0.0119	1.0298841625899011	1.4456749633001165	0.0008	1.01265847449643	1.686501345433946	0.0655	0.9835802664804535	1.5201895139707218	0.1076	0.8667530494016205	1.3847062260532832	-0.01275	0.7547909684934181	1.1558312047952495	0.0702	0.6869755951107238	0.9872144041618489	0.1076	1.2029949470165848	1.39988552458891	-0.01275	1.2983254327006195	1.1552889329838674	0.0702	1.3798043236792958	0.9477390821381786	0.1076
211	7.052924791086351	1.0511103131262367	0.9327362318890285	0.0301	0.9495005508829826	0.9252526695170659	0.0301	0.8846601314387641	0.5911230772741678	0.129	0.8197162069288213	0.2427270722307615	0.023	0.7957656362899775	0.11410758419541403	0.2179	0.7472925668505096	0.13616066027486315	0.1804	0.8425044780826232	0.18852895371407402	-0.0119	1.153496655952822	0.9202609411589799	0.0301	1.1620172172018757	0.5611526460140202	0.129	1.1288449601353685	0.14471193971379373	0.023	1.22978619024299	0.04725688923603428	0.2179	1.2491035179445937	0.06337063404666404	0.1804	1.0900902607038558	0.08320903771587473	-0.0119	1.036191792569789	1.4452074960105314	0.0008	1.0204534576895063	1.687957389144458	0.0655	0.9905183841753485	1.5204094715137169	0.1076	0.8710718174734005	1.3861242415540955	-0.01275	0.7579777763410765	1.1551723950887869	0.0702	0.6910428060412216	0.9856310091138657	0.1076	1.2100064892232303	1.3992470255224312	-0.01275	1.302857122259842	1.1537607475621334	0.0702	1.3805036919299865	0.9463202212353868	0.1076
212	7.086350974930363	1.0538844349204703	0.9283027511547693	0.0301	0.9507012785129882	0.916156227520442	0.0301	0.8854703195318537	0.5890549088647653	0.129	0.8202799087029167	0.24246327803820247	0.023	0.7968078758661287	0.11335923063662211	0.2179	0.7481421815570052	0.13762147869838384	0.1804	0.8421938486068015	0.18793806248585074	-0.0119	1.156058505928766	0.9154848762445611	0.0301	1.1548610932688732	0.5555121642986112	0.129	1.1265769139188686	0.13135690361271532	0.023	1.2330825655344233	0.03575318296529642	0.2179	1.2458825144848473	0.051772602434833635	0.1804	1.0897309550612462	0.06898490835612457	-0.0119	1.0443993551033248	1.4443433123291625	0.0008	1.0302354774635398	1.6858188211830702	0.0655	1.0042344861842136	1.5175041433625311	0.1076	0.8779176323405591	1.3873102348811281	-0.01275	0.7629614510159517	1.1565002173055496	0.0702	0.6976379355081642	0.9887995119774908	0.1076	1.218934444499984	1.3972144393960992	-0.01275	1.3091702786326727	1.1516284744520031	0.0702	1.3804418259741864	0.9472384722262379	0.1076
213	7.119777158774373	1.0579976536000766	0.9245769443420081	0.0301	0.9547476906307396	0.9116600897809047	0.0301	0.8884958777783841	0.5928179573172124	0.129	0.8220414820276767	0.24360240316568435	0.023	0.796897603047234	0.11158779390524834	0.2179	0.7481095062476021	0.13867749663138298	0.1804	0.8422707233403448	0.18994464571222597	-0.0119	1.1598838731085213	0.9084111246143126	0.0301	1.1506924107195935	0.5472737802752856	0.129	1.123660864638152	0.11851517504309615	0.023	1.2216344309202678	0.020879533787339737	0.2179	1.2400387171622094	0.0347805828456361	0.1804	1.0866497535304307	0.057567566803243826	-0.0119	1.0548599295608414	1.4430879373851797	0.0008	1.0417708475794523	1.6831206404230195	0.0655	1.0247762166037613	1.5134055655274332	0.1076	0.8860252066276043	1.3870143612914616	-0.01275	0.7691788226360864	1.1584430689426826	0.0702	0.7022865972483578	0.9922602982073582	0.1076	1.2306070497933497	1.3938612137210455	-0.01275	1.3169750008285168	1.1508456646548542	0.0702	1.3798787705462134	0.9515829110768058	0.1076
214	7.153203342618385	1.0629952053417906	0.9212559002000399	0.0301	0.9601606920127188	0.9104246032240685	0.0301	0.8917996419182646	0.5946317605097929	0.129	0.823047393340934	0.2479041480105015	0.023	0.7973622259293163	0.10947524325090456	0.2179	0.7476548773924547	0.1388454132324119	0.1804	0.8425500780595443	0.1972944625282958	-0.0119	1.164641463461564	0.9022138235928334	0.0301	1.1498833802653756	0.5387943360631916	0.129	1.122573857008116	0.10831875829973459	0.023	1.2050274682867024	0.002508402738645444	0.2179	1.2357907173420892	0.013598098939488984	0.1804	1.0827025849629126	0.04816779302553627	-0.0119	1.0673025127962275	1.4416532007545528	0.0008	1.054813994070691	1.6814755682007057	0.0655	1.0432973577403937	1.509225208478007	0.1076	0.8946728242288584	1.3866865960071748	-0.01275	0.7776153584887698	1.1606268991213882	0.0702	0.7052470630040736	0.9940671567418261	0.1076	1.243545075065616	1.391526443960782	-0.01275	1.3260546416640202	1.1533902521440673	0.0702	1.3808315046502104	0.9557913497600947	0.1076
215	7.186629526462396	1.0685696974764485	0.9197014180488233	0.0301	0.9653380088577027	0.9108786005515243	0.0301	0.895827134746883	0.5939036932482058	0.129	0.8245040059022153	0.254004368857257	0.023	0.7989939833634221	0.1076625195990394	0.2179	0.7473136516737487	0.13701197314932057	0.1804	0.8437570374365237	0.20679352629177206	-0.0119	1.1696179792232193	0.9003801113311636	0.0301	1.1522322465429369	0.532607075136815	0.129	1.1238040487235552	0.10171452320230798	0.023	1.1939214744673203	-0.017789333764843637	0.2179	1.2335519366385295	-0.0071638630663810095	0.1804	1.0794643363173797	0.0406820779602121	-0.0119	1.0816012425343462	1.4408796436637528	0.0008	1.0691540576748737	1.6797386598104833	0.0655	1.0535519099625184	1.5023394594518071	0.1076	0.9047556923425312	1.3882297038258447	-0.01275	0.7882166223996124	1.163790353348203	0.0702	0.7087856767250427	0.9952786709487759	0.1076	1.2573895541826559	1.3909697503269798	-0.01275	1.3367380369229476	1.1579663889972693	0.0702	1.3845117340723272	0.9571392281060858	0.1076
216	7.220055710306407	1.075048012533016	0.9197964832952097	0.0301	0.9706984806341235	0.9124878729245396	0.0301	0.9010191173330913	0.5931440943080607	0.129	0.8276697153288196	0.25759983097876843	0.023	0.7994718949218624	0.1068131152243391	0.2179	0.7466382740629085	0.13391945285724138	0.1804	0.8473811665264899	0.21195453037182085	-0.0119	1.1757174018815155	0.9002977181991498	0.0301	1.1580819003963174	0.5279718994789964	0.129	1.1257085397664406	0.09734143127668747	0.023	1.1886826321869082	-0.03415172326605121	0.2179	1.2318794710253405	-0.022304936454094034	0.1804	1.0777180560574662	0.0362106825883319	-0.0119	1.0966467914109352	1.4417806833355464	0.0008	1.0847486973635667	1.6755099783648688	0.0655	1.0626024900104487	1.4923584656269937	0.1076	0.9164200423701844	1.3912446073910396	-0.01275	0.7989134047916686	1.1675413441386597	0.0702	0.7133985719953018	0.9967425517440485	0.1076	1.2726560750032687	1.3909001740726445	-0.01275	1.349067673611427	1.1614797656245512	0.0702	1.3900967075971054	0.9560129325758367	0.1076
217	7.253481894150418	1.0822946774289097	0.9213744430123928	0.0301	0.9771022670827191	0.9162035007782237	0.0301	0.9065311947281464	0.5937258675255426	0.129	0.8312447362196806	0.256542675371454	0.023	0.797401038376325	0.10671641447244665	0.2179	0.745247279920678	0.13116720446238322	0.1804	0.85304186758618	0.21130233171290572	-0.0119	1.1844211032864085	0.9008587774334357	0.0301	1.166712982998551	0.5230824230732068	0.129	1.1263604517750814	0.09348553663400964	0.023	1.1853316969805545	-0.04244252913593494	0.2179	1.2298705200157851	-0.030372721902602484	0.1804	1.0772601225922693	0.0350974537963245	-0.0119	1.1107692726272242	1.4433240138494	0.0008	1.101246964937486	1.6717928823286357	0.0655	1.0781853775985968	1.4839480112397703	0.1076	0.9283400880760885	1.3952824175053176	-0.01275	0.8084255134140955	1.1711783510630809	0.0702	0.7180527719510302	0.9978327765921075	0.1076	1.2882667172396913	1.3914686310277617	-0.01275	1.3632019614209014	1.1633412685204703	0.0702	1.3975589291584551	0.9534055995134633	0.1076
218	7.286908077994429	1.0902463877080375	0.923933977267812	0.0301	0.9850291618374574	0.9227456256351603	0.0301	0.9112320117237279	0.5963840276011911	0.129	0.8328333381116432	0.25360867285823396	0.023	0.7947199278148911	0.10607748192913093	0.2179	0.7438744613436302	0.12895122165606765	0.1804	0.8575785180704263	0.20818124168967928	-0.0119	1.195308833263785	0.9044441048317494	0.0301	1.1749571394791225	0.516864827142647	0.129	1.1258429989887968	0.08987150260888065	0.023	1.183861623416906	-0.045303678460258325	0.2179	1.228081286345656	-0.03344875238784807	0.1804	1.0775359199921577	0.03572368519674801	-0.0119	1.1242459569474295	1.4438056244766673	0.0008	1.1183962628942283	1.6775181228376836	0.0655	1.0959771881112002	1.4836742969514816	0.1076	0.940059915177712	1.4016062035462395	-0.01275	0.8170355406473268	1.1756215580357652	0.0702	0.7218257654493849	0.9979208599533806	0.1076	1.3035507416288457	1.39384249411494	-0.01275	1.3797680479288974	1.1657944990649647	0.0702	1.408894614024944	0.9510057783978508	0.1076
219	7.320334261838441	1.0990532496157777	0.9260413831064725	0.0301	0.9939144241998633	0.9295153831804627	0.0301	0.915122287309042	0.6021904904360285	0.129	0.8324346432950219	0.252058814511484	0.023	0.7943838321774911	0.10409501207376248	0.2179	0.7446963356599826	0.127927595275729	0.1804	0.8593062287731215	0.20492633440733005	-0.0119	1.2058439343244711	0.9091845743927115	0.0301	1.1800789865478643	0.5099822077060938	0.129	1.1253148771607568	0.08728360323835221	0.023	1.1856475855104247	-0.04683195741125708	0.2179	1.227754820533971	-0.03373285674700269	0.1804	1.0783826243243402	0.03613705254775054	-0.0119	1.1380455664100018	1.4447903935898494	0.0008	1.136101788268591	1.6938018828894248	0.0655	1.1092793478089087	1.494651460664549	0.1076	0.9521459656346262	1.4101463423900198	-0.01275	0.8254359482489118	1.18212235545648	0.0702	0.7245409817670548	0.997645927546289	0.1076	1.319341458585932	1.3975099710319652	-0.01275	1.3983727778850543	1.169737878066516	0.0702	1.425121535782779	0.9500311521266498	0.1076
220	7.353760445682451	1.107320394037488	0.9270075127380383	0.0301	1.001484507535244	0.9325434802695638	0.0301	0.9194255707504654	0.6117749399481237	0.129	0.8324269341702797	0.25202861286768297	0.023	0.7983582149303793	0.10186054878817215	0.2179	0.7500989115938484	0.1287653116778075	0.1804	0.8603064848491451	0.20165387985471137	-0.0119	1.2137032765048168	0.9091382085753037	0.0301	1.1820029718244685	0.5052731894139532	0.129	1.1252805741638285	0.08589126811121728	0.023	1.1889233907076489	-0.047408147977943633	0.2179	1.2287969832949515	-0.03292448861377227	0.1804	1.0795435185248037	0.034947915291770666	-0.0119	1.1516041012950946	1.4494493624689924	0.0008	1.1530172809303234	1.7081616685962635	0.0655	1.1198237839303082	1.5107740596863934	0.1076	0.9642589858936181	1.418230456425099	-0.01275	0.8337805612089049	1.189343823218902	0.0702	0.7261764335814753	0.9983420602972656	0.1076	1.3354927589478767	1.401705934383039	-0.01275	1.4172491646240342	1.1727195637603052	0.0702	1.4429698778625992	0.9490419161411371	0.1076
221	7.387186629526463	1.1133939587160784	0.9278934439632505	0.0301	1.0067868846652779	0.9331420915301215	0.0301	0.9243290081496434	0.6234282665160575	0.129	0.8341750690918315	0.2528529110185317	0.023	0.8052954916832452	0.10163217782124925	0.2179	0.7581879217950591	0.13010762494661213	0.1804	0.8624398282103529	0.19796744843665337	-0.0119	1.2192109476188118	0.904188954599369	0.0301	1.1821075139958852	0.5042851526774823	0.129	1.1258533452917332	0.08519374818510626	0.023	1.1907247770816964	-0.046684364036623544	0.2179	1.2296840881820146	-0.033121157085557094	0.1804	1.0800883122603038	0.032166890316617354	-0.0119	1.1643171374761778	1.4576052624755467	0.0008	1.1673708429324765	1.71065660762657	0.0655	1.1324650893197608	1.5203144546008973	0.1076	0.9760282166812728	1.4243765925482696	-0.01275	0.8415194023767077	1.1945476144104699	0.0702	0.7267971818536308	1.0001155456116142	0.1076	1.350335589694006	1.4073404147041635	-0.01275	1.4345495496949858	1.1730196880137456	0.0702	1.456367187011611	0.9467295286607433	0.1076
222	7.420612813370474	1.1186526648796573	0.9302938304488874	0.0301	1.0121876865199768	0.9370486549473731	0.0301	0.9277261458369607	0.632449094630356	0.129	0.8362916758441077	0.25436169693445787	0.023	0.8098018062179113	0.10375222296194804	0.2179	0.7623111475813981	0.13077986242524564	0.1804	0.8643991537506213	0.19430455994879914	-0.0119	1.2250937152351187	0.9017832112823062	0.0301	1.1823274418066043	0.5053488811145953	0.129	1.1268357254031212	0.08491052404365618	0.023	1.1904750177181744	-0.04593370218436409	0.2179	1.2293999939223186	-0.03516357335040255	0.1804	1.0797897880988825	0.02985061923618933	-0.0119	1.1764764612425378	1.4658497590477872	0.0008	1.1795924347676172	1.7070758085911117	0.0655	1.1478736804183811	1.5193738441696438	0.1076	0.9883279299011356	1.4304357613697953	-0.01275	0.8487486190988098	1.198110610191249	0.0702	0.7274692247306518	1.0021960085813142	0.1076	1.3625936817540596	1.414886117405405	-0.01275	1.44931902140794	1.171946478711812	0.0702	1.4624911982042406	0.943935063559982	0.1076
223	7.454038997214485	1.1252479776080864	0.9333095105196493	0.0301	1.0190701893122818	0.9440678454750991	0.0301	0.9284836188470756	0.6354338961069534	0.129	0.8373637188165254	0.2553600018380365	0.023	0.8087823055524792	0.10533289139541703	0.2179	0.7600126079648439	0.13086460398287128	0.1804	0.8654388103692819	0.19156439068513947	-0.0119	1.2325701608483965	0.9051169612090055	0.0301	1.1838841676051028	0.5059219979925628	0.129	1.1277890186650052	0.08495080157295443	0.023	1.1894199050480743	-0.0459193956494076	0.2179	1.22826795220166	-0.03749679438516421	0.1804	1.0801268645803652	0.02954427534150827	-0.0119	1.188397488434591	1.4719354427618743	0.0008	1.1915215548688656	1.708617647555888	0.0655	1.1630467361961614	1.5155401966474258	0.1076	1.001702169261774	1.4383003842273918	-0.01275	0.856212424349501	1.2030014095450605	0.0702	0.7294149646108293	1.0051364487115144	0.1076	1.3732162399206778	1.4220031635559363	-0.01275	1.4617995485605504	1.1699753532125259	0.0702	1.464525947881671	0.9407426656624344	0.1076
224	7.4874651810584965	1.131769901850631	0.93373248638176	0.0301	1.025258276465819	0.9465199933010542	0.0301	0.9281293990085359	0.6335531314423318	0.129	0.8376629652296077	0.25412977488363975	0.023	0.8055256497777064	0.1039895271988566	0.2179	0.7561127860144707	0.13012479999788124	0.1804	0.8670586592653489	0.18908010357732494	-0.0119	1.2391264446739778	0.9083182384682927	0.0301	1.1861319693721375	0.5049816523282504	0.129	1.1285452273898706	0.08538961620174	0.023	1.1885214056367148	-0.046217988081027	0.2179	1.2273073420979326	-0.038424263651941945	0.1804	1.0820485436512888	0.030090503485041782	-0.0119	1.2004014485977272	1.4767472943307902	0.0008	1.2037449081954568	1.7150490603964899	0.0655	1.1746256866815759	1.51528547055176	0.1076	1.0153589674793178	1.4465316523920826	-0.01275	0.8632612001096064	1.2089400459947033	0.0702	0.732007768532401	1.0092681916247395	0.1076	1.384372950791663	1.4252539699726234	-0.01275	1.4728732965432223	1.1650749612045321	0.0702	1.4674987165215785	0.9362484704099786	0.1076
225	7.520891364902507	1.136020218798987	0.9313093565290361	0.0301	1.0289657589885746	0.9416468890493617	0.0301	0.9281664842286866	0.629592192970227	0.129	0.837523891886698	0.25038404790646035	0.023	0.8036484334972097	0.09959086702153107	0.2179	0.7537213116511847	0.1271996678810047	0.1804	0.8688913579115956	0.18565489256540657	-0.0119	1.2427641428813894	0.9066119696821487	0.0301	1.188375078810613	0.5039556970388022	0.129	1.1290715347250604	0.08623253666004155	0.023	1.1881012698333238	-0.046590023323475754	0.2179	1.227087027529983	-0.038203544040598766	0.1804	1.0840467001511684	0.02970168136250968	-0.0119	1.2122840444577325	1.4817556699184853	0.0008	1.2159346978092462	1.7181219124294655	0.0655	1.182173142604519	1.5166296179634808	0.1076	1.028116600194913	1.4525762606572568	-0.01275	0.8688908171223423	1.2125435019017483	0.0702	0.7337055253243688	1.012722728737834	0.1076	1.396157877982051	1.4237517875821488	-0.01275	1.4832054308008735	1.157026042808942	0.0702	1.4734396543233699	0.9318300479644471	0.1076
226	7.554317548746519	1.1393140315961574	0.9300926927230104	0.0301	1.031810426608868	0.9377642573155378	0.0301	0.9292651748358943	0.6273378164410881	0.129	0.8377757899321977	0.2464269257326789	0.023	0.8029720708812531	0.09175878454502642	0.2179	0.7514942982285923	0.11985981724700835	0.1804	0.8693560101004617	0.18239002408542884	-0.0119	1.2453192291336377	0.9028145522075537	0.0301	1.1909847381050565	0.5045178460961457	0.129	1.1294520089858004	0.08696299371072501	0.023	1.1878660478295027	-0.047026282596461313	0.2179	1.2272960848282328	-0.038126402023625126	0.1804	1.0843488787299662	0.028439414100297	-0.0119	1.222384613605109	1.4857346525490298	0.0008	1.2283724258713031	1.7167100619842581	0.0655	1.1882927690112637	1.5163398464043374	0.1076	1.0391743222003318	1.4568211447321437	-0.01275	0.874378495793234	1.2140947033267113	0.0702	0.7348118153816358	1.0142545169114632	0.1076	1.4060967994668652	1.4201622009489157	-0.01275	1.4928984732886084	1.149469797367992	0.0702	1.4808679755433594	0.930030645050581	0.1076
227	7.587743732590529	1.14348265357791	0.9330675381673836	0.0301	1.036163732185233	0.9427320196121771	0.0301	0.9318278561042734	0.6295875223465985	0.129	0.8397278640555426	0.24374599139919095	0.023	0.802237447208329	0.0802327194298725	0.2179	0.7488001725837083	0.10723658364193514	0.1804	0.8691782714962353	0.17832814197925612	-0.0119	1.2490127790735626	0.9024143683339451	0.0301	1.1940365519872018	0.5059731768778074	0.129	1.129952506580183	0.08723976265887791	0.023	1.1868415775080943	-0.04710793061763132	0.2179	1.2275373617561272	-0.03846516631825739	0.1804	1.0836772653512994	0.027218987767160058	-0.0119	1.2293727493296571	1.4864490671168182	0.0008	1.2409127956991752	1.7159022323519135	0.0655	1.1951990256305738	1.515228965452571	0.1076	1.0483413767462164	1.461232662128382	-0.01275	0.8810896013665055	1.2173203013577663	0.0702	0.7372360571775036	1.0152899494440826	0.1076	1.4123909057072048	1.4179674974385859	-0.01275	1.501831918440231	1.1444862427553626	0.0702	1.487335368028976	0.9298897917506347	0.1076
228	7.621169916434541	1.1473510408762988	0.938585994884455	0.0301	1.0413810743169172	0.951815731946147	0.0301	0.935439562133266	0.6319836904267696	0.129	0.8430478988007682	0.23697583651177534	0.023	0.8007317009619009	0.06643497281207972	0.2179	0.7465327705196687	0.09201541857538466	0.1804	0.86974119249986	0.1654826253215295	-0.0119	1.2530138391785643	0.9057163730220498	0.0301	1.1967671035778402	0.5068223221060505	0.129	1.130541166371651	0.08771585520012175	0.023	1.184612445593619	-0.04658446852120799	0.2179	1.227733209447804	-0.03848309544549403	0.1804	1.0838791689818652	0.02604597542645231	-0.0119	1.2350019370872158	1.4856992609734347	0.0008	1.2513187476801602	1.7167134922644354	0.0655	1.2021410495753269	1.5149225028058937	0.1076	1.0563047665631988	1.4658351478070757	-0.01275	0.8874628180840477	1.221825500801068	0.0702	0.741319204471652	1.017098452885675	0.1076	1.417002693154063	1.4182627099950653	-0.01275	1.5101691476106398	1.139356900059028	0.0702	1.4921929365341948	0.9283463225415842	0.1076
229	7.654596100278552	1.1496355612740683	0.9424753512215072	0.0301	1.0453731396420756	0.9551386072967798	0.0301	0.9393286387584276	0.6296079944351645	0.129	0.8452431944300262	0.21719613599998297	0.023	0.7978824526737063	0.05191830901284736	0.2179	0.7447122077695855	0.0767078392963165	0.1804	0.8704724577252327	0.13950752682202433	-0.0119	1.2556901669772351	0.9075228241013776	0.0301	1.1980516997689759	0.5069482892454688	0.129	1.1309803045867302	0.08869447008593581	0.023	1.182293611333413	-0.04602281161707962	0.2179	1.2280128864717932	-0.03809482097863936	0.1804	1.0850556210249567	0.02458006629737568	-0.0119	1.242322226124823	1.4870312160368668	0.0008	1.2575720693298895	1.7168762197673548	0.0655	1.2060580323496408	1.5151540532425567	0.1076	1.0638243904241864	1.4695485967027455	-0.01275	0.8920050604523533	1.2236807929803986	0.0702	0.7447518974295744	1.0186851034955025	0.1076	1.4236968892962543	1.4194593150665589	-0.01275	1.5177357684974624	1.1323164530574825	0.0702	1.4968014061206898	0.9255810834562237	0.1076
230	7.688022284122563	1.1516198834298224	0.9428086265207808	0.0301	1.0479394828225894	0.9520961827530553	0.0301	0.9428111427802164	0.6256968252589441	0.129	0.8431912245103454	0.18194440015109895	0.023	0.7941041230014004	0.03616842173878529	0.2179	0.7421137422974342	0.05763642607268702	0.1804	0.8697306729132714	0.10950834401662184	-0.0119	1.2577254431341032	0.9054608788423953	0.0301	1.1976578344692437	0.5068850192667087	0.129	1.131401596004351	0.08870842036793229	0.023	1.180764130628062	-0.04592310901764055	0.2179	1.2284489819716238	-0.037686718682180674	0.1804	1.0859896967167102	0.023260939830336634	-0.0119	1.2512714325668148	1.4892059735948366	0.0008	1.2615537660847658	1.716007166817817	0.0655	1.2064151969943244	1.5152019497579767	0.1076	1.0703349034963827	1.4721361373324255	-0.01275	0.8962467621828851	1.2230891327326037	0.0702	0.7459599802357301	1.019116185194642	0.1076	1.4329129060242642	1.4191041221830814	-0.01275	1.5233265253695423	1.1262458135353586	0.0702	1.5016145724323053	0.9241470404353442	0.1076
231	7.7214484679665745	1.1547095733863253	0.9419681386300205	0.0301	1.050099463718362	0.9493731007089988	0.0301	0.9461211360284609	0.6243350379059774	0.129	0.8394502965316962	0.14715258604840212	0.023	0.7941875118127723	0.01761604965979594	0.2179	0.740762406107373	0.031047295178844546	0.1804	0.8688652459490911	0.08348364026126504	-0.0119	1.2602289817405574	0.9024974152150768	0.0301	1.197341894479	0.5067916315111127	0.129	1.1317959335295602	0.08675244681722392	0.023	1.1794286642769274	-0.04596567611462615	0.2179	1.2283287165180636	-0.036796390453967355	0.1804	1.086381759715901	0.02256369609379311	-0.0119	1.2588731443001866	1.4891726935358987	0.0008	1.2663078625949733	1.7151081166357158	0.0655	1.2074348499447523	1.5145076368354695	0.1076	1.0752765437857201	1.4737416558057488	-0.01275	0.9015884814943754	1.2233481871446337	0.0702	0.7469785812278573	1.0193275948012483	0.1076	1.4412594275136363	1.4169724137247224	-0.01275	1.5257046809591002	1.1241210236676349	0.0702	1.5051685886231914	0.9246210848832065	0.1076
232	7.754874651810585	1.1584163786823134	0.9427283487849679	0.0301	1.0529008175146197	0.9497115092350084	0.0301	0.9516462896666228	0.6248080560125227	0.129	0.8458907165866955	0.16356208690174948	0.023	0.8064959986139594	-0.0022251404087027327	0.2179	0.7491136345842416	0.011189932081406213	0.1804	0.8730064934608699	0.05609728369675389	-0.0119	1.2622512670381638	0.9008696777364453	0.0301	1.1988023752062493	0.5064021803395389	0.129	1.131608455998536	0.08426811753962314	0.023	1.177702114220981	-0.04586060613208408	0.2179	1.2264543576101767	-0.0353066062288505	0.1804	1.0872920177168723	0.022255550625202746	-0.0119	1.2635050383579691	1.4889232455710781	0.0008	1.2710984780822046	1.7137006140179918	0.0655	1.213037210273846	1.5111846415467873	0.1076	1.0796081372138573	1.4743928483592186	-0.01275	0.9066706090902671	1.2245378567525045	0.0702	0.7506186699073201	1.0199467659081676	0.1076	1.4461961380669257	1.415588003162782	-0.01275	1.5245282430486282	1.125395320229348	0.0702	1.5069395188333812	0.9257145340314897	0.1076
233	7.788300835654597	1.1621028671683595	0.944586938800378	0.0301	1.0570582428488626	0.9501124748327624	0.0301	0.9606556136354155	0.6259009725791	0.129	0.8705891298802211	0.2798561632618129	0.023	0.8323160768444366	-0.009634121485060126	0.2179	0.7748048578476741	0.042009575741818975	0.1804	0.8841697741611054	0.03259053346008155	-0.0119	1.2632320730315776	0.899920981548815	0.0301	1.2013864143917998	0.505043357981909	0.129	1.1309003005162195	0.08310823405459337	0.023	1.1756905886344213	-0.04584942638349823	0.2179	1.2227509959694134	-0.03461795769266344	0.1804	1.089388666884606	0.022571673868504172	-0.0119	1.2664661701320372	1.4924582207277364	0.0008	1.274014255928278	1.7096683781642468	0.0655	1.2227782806472005	1.50412962895814	0.1076	1.0838303611495275	1.4743275920456271	-0.01275	0.9097084251227663	1.2246044592429535	0.0702	0.7560765231687437	1.019894386356227	0.1076	1.4488865690323556	1.41574588717199	-0.01275	1.5202868972687036	1.1275605154804174	0.0702	1.5077714240148399	0.9264870238942294	0.1076
234	7.821727019498607	1.1663396545091327	0.9451285323254237	0.0301	1.0620375166511846	0.9489845676821148	0.0301	0.9699385931297344	0.6281642767279495	0.129	0.902629979062949	0.4496769628300204	0.023	0.8612919674321023	0.032413187288343706	0.2179	0.8127101383156872	0.1630728110521687	0.1804	0.9000385187200142	0.06558794606643917	-0.0119	1.2652500196921634	0.898637243601651	0.0301	1.204229807542422	0.5021442094095849	0.129	1.1304829196458832	0.08355125121001104	0.023	1.1740725305296744	-0.04617128993541415	0.2179	1.2188588085006278	-0.035467177348150816	0.1804	1.0915201091559736	0.023587395686842427	-0.0119	1.2687023903914811	1.4978533874304505	0.0008	1.276291189209903	1.7032469711338867	0.0655	1.232809895013227	1.4964795140841947	0.1076	1.086862531693101	1.4739695209645673	-0.01275	0.9110390403643237	1.2234850635075647	0.0702	0.7599474429050176	1.0187723129968356	0.1076	1.4509881497274117	1.4160096139053082	-0.01275	1.514610185404185	1.1285592532503559	0.0702	1.5075082875641566	0.9253671074400363	0.1076
235	7.855153203342619	1.1707241074700556	0.9425504723723676	0.0301	1.0660318678286862	0.9477497181843885	0.0301	0.9757589748534068	0.6320469835383258	0.129	0.9244912482814152	0.5620114331789091	0.023	0.8828671065414658	0.15350666761238616	0.2179	0.8435877241345645	0.3360396104973265	0.1804	0.9214854255889388	0.21695094641138843	-0.0119	1.2695947296063819	0.8961830209034012	0.0301	1.208046593810736	0.49786379459804847	0.129	1.130482917718377	0.08454758068568011	0.023	1.1741044700668992	-0.046804728738142266	0.2179	1.2170030312455271	-0.03672748675503184	0.1804	1.0922385740333909	0.023497321018214896	-0.0119	1.2690764087600555	1.4994747170181844	0.0008	1.2795193036179726	1.69874836903285	0.0655	1.2389672787241222	1.4926500476084321	0.1076	1.0878348461321434	1.4735512711236267	-0.01275	0.9119601255697961	1.2223984264735297	0.0702	0.7603419153038851	1.0177830453513534	0.1076	1.4518894056580276	1.4164049326285324	-0.01275	1.5095772175745028	1.1279717420110154	0.0702	1.5058124801962793	0.9203768223932808	0.1076
236	7.88857938718663	1.1727011101490077	0.9377713124368974	0.0301	1.0674351459645055	0.9458753934743086	0.0301	0.9781301889026665	0.634870775595561	0.129	0.9349097140813516	0.5867022913846425	0.023	0.8955573211889278	0.30509406517727305	0.2179	0.8540302836458997	0.45684883028307666	0.1804	0.9489957600092546	0.44581611710472174	-0.0119	1.2736496569785385	0.8922006486369937	0.0301	1.212275717507739	0.4935762641319587	0.129	1.1304780469331193	0.08460236287737315	0.023	1.1759405042875215	-0.04743880271729915	0.2179	1.2181965258560665	-0.0372549116206278	0.1804	1.0918502258120397	0.021196896147465727	-0.0119	1.267806810178285	1.4970491774756425	0.0008	1.2823223292193044	1.6990317410638853	0.0655	1.2408199640378226	1.492982514428875	0.1076	1.0872895175126926	1.4732367133049213	-0.01275	0.9125983809930022	1.221718910541694	0.0702	0.758430266099188	1.0176004467715425	0.1076	1.4514576796189729	1.4170973507983027	-0.01275	1.5055148293120129	1.1268619770892123	0.0702	1.5039182019536625	0.9129232182531001	0.1076
237	7.922005571030641	1.1716242880258265	0.9338140646105286	0.0301	1.0668770011867392	0.9418860547470929	0.0301	0.9782213232981537	0.6314539443708199	0.129	0.9383203669030534	0.5793453937050618	0.023	0.9008676730530291	0.37656776939071057	0.2179	0.8497057929679032	0.45743748910028714	0.1804	0.9719450927441913	0.6188639770183687	-0.0119	1.2745430998998146	0.8882362405025	0.0301	1.2145136065478104	0.491235912276188	0.129	1.1308163170257683	0.0833061545045065	0.023	1.1777928099200414	-0.047560819608633245	0.2179	1.2210554668695515	-0.036900966726698466	0.1804	1.0915252466005279	0.018962634598421665	-0.0119	1.2674011258110718	1.4950146169682161	0.0008	1.2831736913005227	1.7014973464305791	0.0655	1.241272790876379	1.4942188671172747	0.1076	1.0864046737363917	1.4732545863928461	-0.01275	0.9128092451175787	1.2211584123481416	0.0702	0.7568897841155607	1.0178214395800418	0.1076	1.4510168732019446	1.4164875361180214	-0.01275	1.5011174076054614	1.1261364289898574	0.0702	1.5031501417895043	0.9065842734601925	0.1076
238	7.9554317548746525	1.1703885313025264	0.931234065359489	0.0301	1.0663218450217713	0.9364900607829235	0.0301	0.9758878435586049	0.6214954202031355	0.129	0.9288401460262594	0.5711075901110888	0.023	0.8968770792284427	0.3313059143372205	0.2179	0.8387835960307009	0.3633630366602175	0.1804	0.9768295869442107	0.6644056217852659	-0.0119	1.2731191653474692	0.8854825175876159	0.0301	1.2142099942036424	0.49037840477103933	0.129	1.132266924148509	0.0820572895303805	0.023	1.178076383022886	-0.04698294409213479	0.2179	1.2232146349799446	-0.03623838861698177	0.1804	1.0915070708303005	0.01945527242980698	-0.0119	1.2682740564776047	1.4952783773163167	0.0008	1.2827651729601488	1.70235202811022	0.0655	1.241757890428394	1.494070205854609	0.1076	1.0851879046984698	1.473149641280297	-0.01275	0.9132839594889628	1.2209363852912638	0.0702	0.7569032201291297	1.0181990438866098	0.1076	1.4508272982149952	1.4147024640469748	-0.01275	1.49564518390493	1.1257268136702092	0.0702	1.503163538139032	0.9011725502011324	0.1076
239	7.988857938718663	1.1706428314219446	0.927561722378125	0.0301	1.0664685156515965	0.930112850618729	0.0301	0.9718258096197843	0.6096822553825253	0.129	0.907954752888417	0.5524502776152305	0.023	0.8856590597189298	0.2656336148069022	0.2179	0.8243223302002832	0.2828913287366861	0.1804	0.9666822057563892	0.6377597458567253	-0.0119	1.2718619798579072	0.8826485088207078	0.0301	1.2131216581087427	0.48806687250605174	0.129	1.1341704821201826	0.08193501742582655	0.023	1.1771107460885055	-0.04637435192156807	0.2179	1.2237173483657986	-0.03594345192940023	0.1804	1.0913491178476193	0.0216312042693056	-0.0119	1.2679023377640808	1.4967372497941025	0.0008	1.2817741803906533	1.7014643651983314	0.0655	1.2422431222203603	1.4934001884073478	0.1076	1.0820623341000855	1.4719357025305895	-0.01275	0.9137388547757304	1.2215741577074646	0.0702	0.7573048134781724	1.019184968271563	0.1076	1.4505414691922656	1.4147638091736987	-0.01275	1.489398949079483	1.125244368302493	0.0702	1.5028655924471472	0.8941225995703966	0.1076
240	8.022284122562674	1.1711621838616302	0.9222155552740372	0.0301	1.0672176525666164	0.9222234870966234	0.0301	0.9677673523991003	0.5962912443737932	0.129	0.8914957516945492	0.5263424347688679	0.023	0.87547950342111	0.2693170893783761	0.2179	0.8116123002814628	0.29611689378037487	0.1804	0.9572982173313414	0.6286500907978242	-0.0119	1.2717687214099176	0.8787454744779559	0.0301	1.2127608234273155	0.48364826502731173	0.129	1.1346540555051292	0.08239280421177271	0.023	1.1763740566464531	-0.04638644144873891	0.2179	1.2227877687489732	-0.03559656750900177	0.1804	1.0909689312110307	0.022521925852909495	-0.0119	1.2650684957266658	1.4986435879242122	0.0008	1.2792536275709865	1.701789813858134	0.0655	1.2416922524479286	1.4952168709815261	0.1076	1.0766357398661173	1.4695844453064226	-0.01275	0.9122496707778514	1.2219666409382173	0.0702	0.7565625448211932	1.0202661595648923	0.1076	1.450580476783994	1.4173219614570747	-0.01275	1.4836666768605742	1.1244350420247253	0.0702	1.5022793485970458	0.887211266243357	0.1076
241	8.055710306406686	1.1710460092940607	0.9173831438012534	0.0301	1.0679230490760325	0.9139222158483989	0.0301	0.9651240674085257	0.5810610772451608	0.129	0.8900458056337442	0.5120497309506714	0.023	0.872518753522459	0.31360479283981796	0.2179	0.8077664938244461	0.3561621059611915	0.1804	0.9559877033793267	0.6443011233555318	-0.0119	1.2722012104825646	0.8742280237592424	0.0301	1.2134439036107558	0.4788571995077317	0.129	1.133304643477183	0.08249199583459196	0.023	1.1770972393428765	-0.04666488602926791	0.2179	1.2211639585525467	-0.03444170609856288	0.1804	1.0905832510293212	0.02168626388798752	-0.0119	1.260714241585251	1.5008658883046435	0.0008	1.2747084946906468	1.7065810344400258	0.0655	1.2369776325902715	1.5020264489706947	0.1076	1.0708635999519032	1.4672887296591008	-0.01275	0.9076926796841911	1.2204584637716633	0.0702	0.7537865008487458	1.0191564371390283	0.1076	1.450161518935644	1.4196575613636893	-0.01275	1.4804411610531547	1.1239681674931088	0.0702	1.5022708899740946	0.884629069330713	0.1076
242	8.089136490250697	1.1706548393048177	0.9142626291086482	0.0301	1.0667564500121778	0.9074060700267961	0.0301	0.9652864356930512	0.5708884030629341	0.129	0.900813764902453	0.5106631114556672	0.023	0.8798251261165231	0.34043680044967906	0.2179	0.8204063557451906	0.3882493058819202	0.1804	0.9578818453511977	0.6292119812988661	-0.0119	1.2721050422682518	0.8694365388389602	0.0301	1.2144811710449126	0.47398424270783307	0.129	1.1314554018515919	0.08155250973940963	0.023	1.1793762323962937	-0.04686723198931943	0.2179	1.2201835538864225	-0.033254035694885414	0.1804	1.090324404824041	0.020704275905063355	-0.0119	1.2550088929234156	1.503444076701189	0.0008	1.2699105923714844	1.7160864383549306	0.0655	1.2289502563227193	1.5125990445310753	0.1076	1.065260509551408	1.4659765840192438	-0.01275	0.9008167497703412	1.2179620343544386	0.0702	0.7492434066974704	1.0154806866866306	0.1076	1.4467700044319973	1.4208090088976209	-0.01275	1.480131834393073	1.1250483853735436	0.0702	1.5029302525547492	0.8857963517673206	0.1076
243	8.122562674094707	1.1701835520321346	0.9119800014804276	0.0301	1.0633214435298937	0.9033229124521323	0.0301	0.9682220558381203	0.569770127574704	0.129	0.9148074728023848	0.5048442286910977	0.023	0.895100485772928	0.34285772263220377	0.2179	0.8471256003038147	0.3889863210680704	0.1804	0.9590397502399957	0.5776591298123811	-0.0119	1.2711569073933147	0.8651872483481396	0.0301	1.214825283481087	0.46906299640461246	0.129	1.1302727327499476	0.08009662197320322	0.023	1.1819341634147673	-0.04710093281008231	0.2179	1.2209819489114095	-0.03302160183407792	0.1804	1.0902785507049217	0.020437437004973236	-0.0119	1.2477029893865723	1.5061671833083352	0.0008	1.265698742165342	1.7259454182079808	0.0655	1.2233233945101605	1.5237853508315895	0.1076	1.0578697695969268	1.4648411820582532	-0.01275	0.8931384488153279	1.2160892697406944	0.0702	0.7438722577833129	1.0116741338691175	0.1076	1.4399148722013297	1.4221221061506455	-0.01275	1.4808138983379953	1.1273962223242804	0.0702	1.5038318123655983	0.8865389420270571	0.1076
244	8.15598885793872	1.1687873373352256	0.9087897844244437	0.0301	1.0597358358900126	0.8994717488100276	0.0301	0.9717940748162647	0.5706844765707887	0.129	0.9278695824494466	0.49056547622246605	0.023	0.9095846729456004	0.3299911875394346	0.2179	0.8712644893025252	0.3770331015785156	0.1804	0.9630258969405624	0.5375404641492381	-0.0119	1.2696015420221876	0.8622851591933318	0.0301	1.2140031358797494	0.46445327509116774	0.129	1.1301241084797642	0.07996707429893953	0.023	1.1838340759704495	-0.04738670504992245	0.2179	1.2239000685177854	-0.033388481082029534	0.1804	1.0904859614445188	0.02109323139697648	-0.0119	1.2400822638044333	1.5073612154909741	0.0008	1.2591888335586565	1.7316621818080962	0.0655	1.2204701191182021	1.5349935996479926	0.1076	1.0480854115068527	1.4621502548074585	-0.01275	0.8854801943097268	1.2140279002460113	0.0702	0.7371920385743875	1.008457028302417	0.1076	1.4321259582410237	1.4245064504385614	-0.01275	1.4804268864006729	1.129508620596947	0.0702	1.5049953019010522	0.8852372832120039	0.1076
245	8.18941504178273	1.1650656184983061	0.9032872618489894	0.0301	1.0566192063673272	0.8925983114118046	0.0301	0.9736684767827128	0.5653889845960329	0.129	0.9406171768492712	0.47880509290514134	0.023	0.9170626697586362	0.30789106939167304	0.2179	0.8812966540440307	0.35740441773984205	0.1804	0.971859126527445	0.5300486862786408	-0.0119	1.267492044140562	0.859113783632241	0.0301	1.2122470577342266	0.4591502167360611	0.129	1.1305110491281547	0.08141932387775333	0.023	1.185674965067675	-0.04800776557126399	0.2179	1.227590387151225	-0.03438567131965982	0.1804	1.0909259836795506	0.022715045748880655	-0.0119	1.2327293041471903	1.5060328407874597	0.0008	1.2480843578296155	1.7326657185439795	0.0655	1.2146877981007838	1.545456313424819	0.1076	1.0370656396141382	1.4576352631658869	-0.01275	0.8764196410979093	1.2098726990440205	0.0702	0.7284090985992026	1.0038342122337525	0.1076	1.4248879966980987	1.4277305091143064	-0.01275	1.4782005916538072	1.1304394320960844	0.0702	1.5061160429520715	0.8834684722454706	0.1076
246	8.222841225626741	1.1586732218095956	0.8961528924773488	0.0301	1.0518076424781235	0.8826637369850769	0.0301	0.9718204023253646	0.5554346491520803	0.129	0.9485600479860992	0.4726459859555125	0.023	0.9170052002011799	0.2878187307658884	0.2179	0.8795047194983763	0.3368824683843184	0.1804	0.9787148621851346	0.5375483193471615	-0.0119	1.264822117338879	0.8536728321535101	0.0301	1.2101354799241766	0.4533866786867976	0.129	1.1309036001306014	0.08256101121929585	0.023	1.1875756597898295	-0.04965506357340095	0.2179	1.229519798428542	-0.0370374384469882	0.1804	1.0913827827067344	0.02448492637206053	-0.0119	1.223655709193313	1.5037785923398057	0.0008	1.234085493033605	1.7308666109702473	0.0655	1.203202379148288	1.5518908139566765	0.1076	1.0251613446724284	1.4530426159075425	-0.01275	0.8641277129827919	1.203230174266041	0.0702	0.7188059576971533	0.9969680946715364	0.1076	1.417214431152236	1.4306547307854471	-0.01275	1.4749286727436055	1.130608437931606	0.0702	1.5065267648729688	0.8825211492876348	0.1076
247	8.256267409470752	1.151016069226567	0.8890082656248752	0.0301	1.0446026333487597	0.8735367638759259	0.0301	0.9656116638008962	0.5477285711518562	0.129	0.947096341447038	0.46937509121265436	0.023	0.911944501212574	0.2782765306010561	0.2179	0.8727218479788156	0.32315588274054424	0.1804	0.9783784092710727	0.5488200499223489	-0.0119	1.2615419850290976	0.8473926008457713	0.0301	1.208509745366297	0.4489138659011592	0.129	1.1314597008308127	0.08209417078908002	0.023	1.188899856366896	-0.05240712888931828	0.2179	1.2292871033578296	-0.04028496215380705	0.1804	1.0912723765651515	0.025200890861059293	-0.0119	1.2113412931274743	1.5017469363606044	0.0008	1.2190885595713323	1.7301985271689186	0.0655	1.1887163365060813	1.5534434856012391	0.1076	1.0117261044208927	1.449991313198954	-0.01275	0.8498301905827546	1.1960753068264782	0.0702	0.7096689483270888	0.9895798761119974	0.1076	1.4083408987416388	1.4321750793561678	-0.01275	1.4723256248649677	1.1316269172870954	0.0702	1.5065259867510385	0.8820187399649103	0.1076
248	8.289693593314764	1.143786653720135	0.8824092079272912	0.0301	1.0369806685016814	0.8686984529502839	0.0301	0.9577801796063957	0.5447499070399623	0.129	0.9404501847260689	0.4700527128436376	0.023	0.9063700018665098	0.2773759804853073	0.2179	0.8665645111297055	0.3171661508704881	0.1804	0.9742952437154393	0.564138333994794	-0.0119	1.2573729516480765	0.843451036800976	0.0301	1.2082807820531762	0.44577275330428534	0.129	1.1315669434191926	0.08046526559144473	0.023	1.1898685382459226	-0.05472245918673058	0.2179	1.2289506327706292	-0.04098276670245994	0.1804	1.0901905531568796	0.025165431682983387	-0.0119	1.1967099776085068	1.4994853550157408	0.0008	1.202609551906546	1.7350711478449377	0.0655	1.1750834169194135	1.5531044344758185	0.1076	0.9963917253535833	1.4477150601709328	-0.01275	0.8362422855927939	1.1908973845340625	0.0702	0.6996338556860565	0.9826842220867356	0.1076	1.3983716099554107	1.4320762497943713	-0.01275	1.471004574397916	1.1340349425460903	0.0702	1.5064769699681422	0.8814395993223699	0.1076
249	8.323119777158775	1.1372140097394703	0.8775678334084193	0.0301	1.029781540633221	0.8681047592602122	0.0301	0.9513956666728026	0.5455488168810972	0.129	0.9354040714509251	0.47458824817093953	0.023	0.9038300211597492	0.27780918859360615	0.2179	0.8638513634409325	0.31672137775248593	0.1804	0.9713944687161984	0.5749749054702056	-0.0119	1.2521236946433254	0.8429241045529434	0.0301	1.2099878986449653	0.4437600743727246	0.129	1.1303879885509582	0.07954137317826467	0.023	1.1902659427926134	-0.05544737592719781	0.2179	1.22958816916527	-0.039663750482549	0.1804	1.0887185845115968	0.026466522857357146	-0.0119	1.18176203781809	1.497244572621134	0.0008	1.1842865413312933	1.7458515708635793	0.0655	1.161763871679492	1.5550079893369175	0.1076	0.9801667208044054	1.4450435645088648	-0.01275	0.824289242164908	1.188217622266948	0.0702	0.6878371469959561	0.9769353530127615	0.1076	1.3871382199614848	1.4317149934997881	-0.01275	1.4695839124424552	1.1362496456254036	0.0702	1.5051411150071339	0.8812190670165917	0.1076
250	8.356545961002785	1.1306573223743923	0.8761368836658128	0.0301	1.0219769996526862	0.8696498609034652	0.0301	0.9460908134068997	0.5490086135398473	0.129	0.9325118953367378	0.4791093898329149	0.023	0.9053426158125459	0.2789394477074127	0.2179	0.8639818915585595	0.3221236857391673	0.1804	0.9699559440899509	0.5790424737248459	-0.0119	1.246303248149328	0.8447072876724191	0.0301	1.2137473588622734	0.4439302119359776	0.129	1.129707337026327	0.08164181997560042	0.023	1.1893866454711288	-0.055868333681604807	0.2179	1.2300791958865214	-0.040241171424099526	0.1804	1.0880041573313695	0.03129267651690877	-0.0119	1.1681910417250039	1.4958553240546901	0.0008	1.165199860959264	1.7601736414697802	0.0655	1.1441958335017772	1.5628621016129367	0.1076	0.9650019477363525	1.4433192131741062	-0.01275	0.812803048479651	1.1866444010215453	0.0702	0.6769834352013743	0.9749605467472637	0.1076	1.3750356014182386	1.433980403925788	-0.01275	1.465916241874838	1.1375256069850264	0.0702	1.5016697040617268	0.881662308350001	0.1076
251	8.389972144846798	1.12440225392409	0.8778282810567226	0.0301	1.0140900142497622	0.8719531565705765	0.0301	0.9408138731391124	0.5521494781481762	0.129	0.9276892666321696	0.4769684171445396	0.023	0.9096640997141419	0.29037430838452155	0.2179	0.8649928892442574	0.3330448915644651	0.1804	0.9684362535400923	0.5988603094912707	-0.0119	1.2412399698402257	0.8480403365308521	0.0301	1.219401323964146	0.44485641299953554	0.129	1.1323526531853871	0.08802439323307384	0.023	1.188822161879517	-0.057243934053640956	0.2179	1.2298449089815633	-0.042292171365464384	0.1804	1.0887196169548734	0.04094440335287302	-0.0119	1.1561251471051979	1.4958451084133635	0.0008	1.1467197611551696	1.7756094562321045	0.0655	1.1225640100855172	1.5754943562126107	0.1076	0.9515755217115167	1.4439000455482898	-0.01275	0.8001752116258025	1.1845111022397308	0.0702	0.6691084507290517	0.9763914132317031	0.1076	1.3633617068392987	1.4399039599023686	-0.01275	1.45901935825788	1.1387911980022019	0.0702	1.4981705976224535	0.8820848622553085	0.1076
252	8.423398328690809	1.1190229105021614	0.8812357397913686	0.0301	1.0076815512297927	0.8741866685175147	0.0301	0.9363934326481491	0.5511659733182821	0.129	0.9196045890196637	0.4671539177718517	0.023	0.9126037267779812	0.3121068433188447	0.2179	0.8650447070499693	0.33895539860186963	0.1804	0.9674912061771104	0.647652909379424	-0.0119	1.2377963129038703	0.8532452594273643	0.0301	1.2264920198651956	0.4415683174731338	0.129	1.1377518503220259	0.0981609509044856	0.023	1.1906475418825573	-0.05882199882760652	0.2179	1.2304578928235268	-0.04146457697945271	0.1804	1.090414780636091	0.05540131805032516	-0.0119	1.1443824073511886	1.4981384589739435	0.0008	1.1297763700069388	1.787547815039655	0.0655	1.103886983776344	1.585311272326734	0.1076	0.9390188281341665	1.4457955101472637	-0.01275	0.7870933789230729	1.1817154733825481	0.0702	0.6620123926478053	0.9761020647901955	0.1076	1.3527298105801855	1.4464077658154855	-0.01275	1.450130318463956	1.1399528596085844	0.0702	1.497267336027937	0.8818658083473141	0.1076
253	8.45682451253482	1.1140965132005223	0.8842259807088155	0.0301	1.0019560630674333	0.8748507430742192	0.0301	0.9328349079424664	0.5435163777950743	0.129	0.9074782740918224	0.44004961243192625	0.023	0.9048933507506559	0.299490487661374	0.2179	0.8566487412554391	0.30637633627890426	0.1804	0.9608011069857438	0.6486367395039576	-0.0119	1.2352583777510124	0.8597581731948016	0.0301	1.2346493140444355	0.431863372216462	0.129	1.1423903653645382	0.11016979249447277	0.023	1.1933482303519423	-0.05905817626358351	0.2179	1.232783043997876	-0.03688098047012656	0.1804	1.0915381067625507	0.07249819522187484	-0.0119	1.1323159790543647	1.5028377178599739	0.0008	1.114562268220055	1.792386962144136	0.0655	1.0902117679325876	1.5874178519383877	0.1076	0.9268580995100646	1.4473198300326866	-0.01275	0.7758192358364775	1.1793056999537141	0.0702	0.6530280320677069	0.9716985477060451	0.1076	1.3426531314804515	1.4504623637974716	-0.01275	1.441356165690412	1.1404257834649023	0.0702	1.4980201212560058	0.8811018999084763	0.1076
254	8.49025069637883	1.1093326485456971	0.8843719921327415	0.0301	0.9954950812997249	0.8728701696465889	0.0301	0.927749091424105	0.5267917600143287	0.129	0.88437256643781	0.34653392280430206	0.023	0.8757855319493264	0.18640788045674117	0.2179	0.8272933516447364	0.1905194880032041	0.1804	0.9339879634782522	0.4781890758699399	-0.0119	1.2323321311651974	0.8652526342921173	0.0301	1.2437357347455482	0.4201612856249063	0.129	1.1441237707310863	0.12132157883520131	0.023	1.194146587210917	-0.057698910008217405	0.2179	1.2357304768568085	-0.03222324408078101	0.1804	1.09144090219086	0.08849850900139423	-0.0119	1.1202910280720177	1.508117488759817	0.0008	1.1005783177100712	1.7936923323160971	0.0655	1.0745863823643502	1.585170054691998	0.1076	0.9155449285780367	1.4475854303510471	-0.01275	0.7664816413597543	1.1772404833212717	0.0702	0.6433265612949095	0.9662933226288267	0.1076	1.3326825614728275	1.4529680072287656	-0.01275	1.433687961341437	1.1415357671053263	0.0702	1.4977962213481841	0.880414416719379	0.1076
255	8.523676880222842	1.1054119626818666	0.8828454170579354	0.0301	0.9893972795983977	0.869393285993991	0.0301	0.9197747627371328	0.5025857359313162	0.129	0.8498095967522004	0.1757516608502373	0.023	0.8314095087936628	-0.005215112830271975	0.2179	0.7818711546275625	0.011142227311425458	0.1804	0.8895668359817349	0.17630151894176335	-0.0119	1.22884750917896	0.8669607412745859	0.0301	1.2524849394064903	0.4119725757829124	0.129	1.1436850463721893	0.12788101498828322	0.023	1.1935245057851807	-0.058211936980917874	0.2179	1.2387133710488765	-0.03169664747254464	0.1804	1.091374168589077	0.09987258065457592	-0.0119	1.1092366853088154	1.51255126682411	0.0008	1.0875964600724606	1.796632302335899	0.0655	1.0555414952451445	1.5830935011508211	0.1076	0.9054838286509902	1.4470759056606102	-0.01275	0.7581462946263312	1.175047016870534	0.0702	0.6358702591874783	0.9633722382261477	0.1076	1.3238054006921285	1.456190999500102	-0.01275	1.427487947923265	1.1444622834650213	0.0702	1.4970248029190634	0.880830908610717	0.1076
256	8.557103064066853	1.102766550952301	0.8838419628843405	0.0301	0.9853915945333365	0.8667371656781703	0.0301	0.9116113178121599	0.4815232548681376	0.129	0.8203311114626191	0.0239782847898265	0.023	0.7966468134706644	-0.15845015212407026	0.2179	0.7472798566459853	-0.13062104427071486	0.1804	0.8532949527833851	-0.05698478781871611	-0.0119	1.2257414942112304	0.863271137999345	0.0301	1.2582541833078795	0.40802389046345783	0.129	1.142522828425765	0.12664517102108122	0.023	1.1938634001069433	-0.06611154688484838	0.2179	1.2419868249427044	-0.037803828151523645	0.1804	1.0916328419240982	0.10394859010806419	-0.0119	1.09997928408154	1.5163186250057306	0.0008	1.0764366165210426	1.7992439692980173	0.0655	1.0423584150595162	1.5824548893715482	0.1076	0.8967953471084363	1.447134972820849	-0.01275	0.7513458759041362	1.1730074779898547	0.0702	0.6308477025305506	0.9633330232335319	0.1076	1.3178360759139132	1.460218540605868	-0.01275	1.4236615417054936	1.1475791581247812	0.0702	1.4975979702312712	0.8823345266851155	0.1076
257	8.590529247910863	1.1009043274977475	0.888100985769997	0.0301	0.9832773218078352	0.8658247396728305	0.0301	0.9070069696447103	0.4731119345047127	0.129	0.808793524973204	-0.03378260653458155	0.023	0.7839468689925833	-0.21235331585840397	0.2179	0.7375081325574981	-0.1778402575559897	0.1804	0.8416070004172522	-0.1285475673778931	-0.0119	1.2239934169456919	0.856033790178343	0.0301	1.2600220276049405	0.4059449545141422	0.129	1.1411271268584435	0.11749231018813751	0.023	1.1952817291301001	-0.08241121818940425	0.2179	1.2451546273498262	-0.050598632461786655	0.1804	1.090746819572103	0.09874113154743863	-0.0119	1.0927214640999299	1.5194201849966875	0.0008	1.068161527367147	1.7986912016332692	0.0655	1.0392267396875627	1.5838673195389141	0.1076	0.8899176630282944	1.448154342710432	-0.01275	0.7465489772309128	1.1710532059295025	0.0702	0.6266185041398282	0.964356962757829	0.1076	1.3143828485983586	1.4637953002312245	-0.01275	1.4228529161654555	1.1489208057793712	0.0702	1.498823711060079	0.8838527501356662	0.1076
258	8.623955431754876	1.0997337112456473	0.8920290199959844	0.0301	0.9821789269218072	0.865061761862985	0.0301	0.906170925621931	0.47342327880480906	0.129	0.809576263649482	-0.03050917465783039	0.023	0.7828374160948363	-0.20944399757559284	0.2179	0.7390560064353693	-0.17171570354512314	0.1804	0.8432993141905062	-0.11394455678202209	-0.0119	1.2241329345795846	0.8498115073660646	0.0301	1.2596561985321288	0.40425138958070006	0.129	1.1397533811556313	0.1024187271191016	0.023	1.195908344135347	-0.10221717127289937	0.2179	1.247219017691521	-0.06769292698593202	0.1804	1.0882780039792648	0.08320269282349808	-0.0119	1.0879483712088074	1.5214928594703068	0.0008	1.0628640536623837	1.7980943870983987	0.0655	1.0394668195991061	1.58623369616883	0.1076	0.8852896814860649	1.4494531905915677	-0.01275	0.7432726080888292	1.1688908740803174	0.0702	0.6234282488326894	0.9640723233257452	0.1076	1.3114839665911007	1.4661153077335063	-0.01275	1.4243398366157765	1.148741675988626	0.0702	1.4989415239925359	0.8853988539372764	0.1076
259	8.657381615598887	1.1000683864679226	0.8924744247262424	0.0301	0.9819424863943436	0.8621634914022706	0.0301	0.9066881281109085	0.4728925342581521	0.129	0.81222813292239	-0.020100181319560286	0.023	0.7820338125644027	-0.20113226597101574	0.2179	0.7367923622207126	-0.16404959743569056	0.1804	0.8420885177264594	-0.0949529111603594	-0.0119	1.2259992594357934	0.8467125262962875	0.0301	1.2586473573702683	0.4025422257194631	0.129	1.1389648650589743	0.08217507891886458	0.023	1.195559492371353	-0.12140963177185586	0.2179	1.2475227633164798	-0.08688805179228032	0.1804	1.08538746760283	0.05670818564280488	-0.0119	1.0862716650381439	1.5228016942547156	0.0008	1.0600659143259517	1.7994487435637534	0.0655	1.038079117395169	1.5871817301128135	0.1076	0.8823905191355266	1.4508651843614964	-0.01275	0.7415848411221827	1.1664619193914636	0.0702	0.62193444341342	0.9609970962218898	0.1076	1.309107004696476	1.4671672882050617	-0.01275	1.4263608119150049	1.148265481870407	0.0702	1.4984463196835995	0.8871009509875789	0.1076
260	8.690807799442897	1.1021168341435648	0.8887777935995618	0.0301	0.9824833963243348	0.8576962517662018	0.0301	0.9071646968808733	0.4696172459261606	0.129	0.8125813790983688	-0.018963072313279112	0.023	0.7799821193797848	-0.20154903632874205	0.2179	0.7301611640654317	-0.16610404102766285	0.1804	0.8367287714864199	-0.09175635847075408	-0.0119	1.2290486356177233	0.8455626551862332	0.0301	1.2557928189277867	0.39946389493028917	0.129	1.1384870879940168	0.05574541493255307	0.023	1.1965205579541456	-0.1411048697135472	0.2179	1.2462628743759023	-0.1089913018608065	0.1804	1.083077818678253	0.01935972718982367	-0.0119	1.086691131724479	1.5237098180244644	0.0008	1.0597994889805562	1.8003528029227545	0.0655	1.0367149278289824	1.5876567966355124	0.1076	0.880607009694415	1.452527803977695	-0.01275	0.7421407419569402	1.1631650974960068	0.0702	0.6206329102249416	0.9558122532240668	0.1076	1.3078041813658101	1.4683155888627575	-0.01275	1.4274986346806053	1.1486136192820022	0.0702	1.49953995729699	0.8882902235788049	0.1076
261	8.724233983286908	1.105161043120575	0.8830293511803634	0.0301	0.9838952004702898	0.8544402428242721	0.0301	0.9075884328754431	0.4665912759341436	0.129	0.8103356786657017	-0.022681372358424247	0.023	0.7783835461661823	-0.20584846039661855	0.2179	0.7244018838026567	-0.17012011303375357	0.1804	0.8319972695493103	-0.09732901929831374	-0.0119	1.2329369652713031	0.8456741409469228	0.0301	1.250037481053459	0.3934768243853431	0.129	1.1372315792657246	0.024426394457869375	0.023	1.1994816137697664	-0.16431045634130298	0.2179	1.2447478634975666	-0.13588416236938017	0.1804	1.081181514544689	-0.02381592180386088	-0.0119	1.0874120626333028	1.524395037596259	0.0008	1.0623114030118517	1.7993844861075885	0.0655	1.038162063999855	1.5882412507837302	0.1076	0.880252433869253	1.453594103763787	-0.01275	0.7444445413679828	1.1589529833560455	0.0702	0.6184188220129923	0.9502197873833412	0.1076	1.3069131272829648	1.4708240195127502	-0.01275	1.4277987853908394	1.1506913670553178	0.0702	1.5022473803158065	0.8888392403895422	0.1076
262	8.75766016713092	1.1082596598545171	0.8792288914626822	0.0301	0.9862235157364329	0.8543076884816843	0.0301	0.9075991644863203	0.4634476364470435	0.129	0.8060875855543608	-0.024540553543209727	0.023	0.7772459278887208	-0.20809369350881382	0.2179	0.721522609000102	-0.1717676858907708	0.1804	0.8277646649598556	-0.10267386729391652	-0.0119	1.236903084059638	0.8469204731885656	0.0301	1.2434022228926147	0.385569877231216	0.129	1.135062441882281	-0.006893908709022897	0.023	1.2009964288236532	-0.19142375555133792	0.2179	1.2446757196189644	-0.1667637362019303	0.1804	1.07900687697921	-0.06315455608567891	-0.0119	1.08773554449606	1.5254052192322458	0.0008	1.0669965218279103	1.7974724468103047	0.0655	1.0430038247807372	1.5859602440374407	0.1076	0.8812371731868297	1.4530804730153568	-0.01275	0.7467669183587081	1.1551136945894382	0.0702	0.6165656680414339	0.9447960239934466	0.1076	1.3066294347473892	1.4738484675063412	-0.01275	1.4282688097449039	1.154276957100764	0.0702	1.5036016591503345	0.8883221413484846	0.1076
263	8.79108635097493	1.1102658151737006	0.8782445495062176	0.0301	0.9884150010740063	0.8556511263925318	0.0301	0.9068950492177726	0.4569878717704227	0.129	0.8020202597226729	-0.023856447495785044	0.023	0.7753260865003051	-0.20737768021157385	0.2179	0.7203730825605168	-0.17144621275430527	0.1804	0.8235979787958808	-0.10513439619285041	-0.0119	1.2393127755403037	0.8464803085507011	0.0301	1.23758009279176	0.3769635812686802	0.129	1.1327355335169313	-0.03530123003908374	0.023	1.19859664622688	-0.22002607051991693	0.2179	1.246266691587699	-0.19817453652206626	0.1804	1.0764878924007515	-0.0941403700795349	-0.0119	1.0881053260221445	1.527787613939791	0.0008	1.0726226951043445	1.7945004072716777	0.0655	1.0495957881580698	1.5808977293688766	0.1076	0.8829469932648083	1.4515615071182084	-0.01275	0.7480952091471152	1.1520300271055437	0.0702	0.6162722985182999	0.9398912361024566	0.1076	1.3080503931929637	1.4760357923998402	-0.01275	1.4297600174873968	1.1572801131900605	0.0702	1.5023706890224795	0.8861215399544621	0.1076
264	8.824512534818941	1.1111193526686427	0.8754498508523159	0.0301	0.9898987324830117	0.8525930825712063	0.0301	0.9069385481325991	0.44636052634365697	0.129	0.8015562055244219	-0.025231129026265967	0.023	0.7722826318059735	-0.20558147729795234	0.2179	0.7195452465103616	-0.1690995786498643	0.1804	0.823087598688127	-0.11021224265233055	-0.0119	1.239729274800656	0.8397002445310765	0.0301	1.2310591155584614	0.3668462829820106	0.129	1.1302653583206193	-0.06129744342774811	0.023	1.1952004173088036	-0.24598194610090957	0.2179	1.2479820691210435	-0.22591586200562155	0.1804	1.073785488648498	-0.1205728324487027	-0.0119	1.089937300992236	1.5311256808665104	0.0008	1.0786819933076095	1.7897484710945915	0.0655	1.0556344500923593	1.576993858059006	0.1076	0.8856793867865431	1.4506698278770462	-0.01275	0.7492196090066007	1.148641214400338	0.0702	0.6163785786341873	0.9356431649880257	0.1076	1.311576157418141	1.4766393944447715	-0.01275	1.4329176260145444	1.1577898478604975	0.0702	1.5008719743146086	0.883591187277555	0.1076
265	8.857938718662954	1.112544157916614	0.8678685593067184	0.0301	0.9916285958880838	0.8433211675579763	0.0301	0.9086372716629881	0.4348895671976225	0.129	0.8046796000967399	-0.02997425356465631	0.023	0.7697848709340523	-0.20411045501967348	0.2179	0.7188478304856112	-0.16595398237273776	0.1804	0.8271048041483909	-0.12052169692189976	-0.0119	1.2403573971434738	0.82685689984786	0.0301	1.2233945934660617	0.35674184290794747	0.129	1.127126947028094	-0.08341567314277304	0.023	1.194671948671231	-0.265546905071574	0.2179	1.2485616593873479	-0.2474072029310886	0.1804	1.0705681482893872	-0.14460193576900976	-0.0119	1.0948651122690354	1.5332618583612336	0.0008	1.0858981142028463	1.7855153891836284	0.0655	1.0619778817621273	1.5754436098682254	0.1076	0.8899032935436906	1.4514226221966127	-0.01275	0.7520178257147702	1.1447205765351465	0.0702	0.6154566308766636	0.9306507448142568	0.1076	1.317266110888897	1.4751882719909135	-0.01275	1.4379421114559328	1.1573029189972974	0.0702	1.5009960940267908	0.8830372001067514	0.1076
266	8.891364902506965	1.1154534344647051	0.8599999106304954	0.0301	0.9933658855084799	0.8351030348244448	0.0301	0.9090270289663085	0.42674328876437606	0.129	0.8061341241454888	-0.03331949644704654	0.023	0.7691955033789094	-0.20364780680475364	0.2179	0.7176558673231719	-0.1664335524678761	0.1804	0.8293616535749085	-0.12724633183133177	-0.0119	1.2427830301805645	0.8152580555572815	0.0301	1.217215719861177	0.35028585836840936	0.129	1.1236781685898958	-0.0976517761083144	0.023	1.196792312626657	-0.2783258848365907	0.2179	1.2482044339658012	-0.26258367236656127	0.1804	1.066996371738638	-0.16207127292738768	-0.0119	1.1031949300996575	1.534400372488403	0.0008	1.0949611645231618	1.7836217150309976	0.0655	1.0731086027555294	1.5725522200483582	0.1076	0.8952723588150965	1.4535486423174335	-0.01275	0.7578416665861799	1.1419955396607109	0.0702	0.6151154750417278	0.9251575730097136	0.1076	1.3253744391630395	1.4726221392061403	-0.01275	1.4439998225453408	1.1586602747034023	0.0702	1.5020850741834921	0.8844267794923725	0.1076
267	8.924791086350975	1.1192765191681124	0.8575750401269489	0.0301	0.9941333788455776	0.8337938022588767	0.0301	0.9069314803406483	0.42602111459832676	0.129	0.8034835964440945	-0.032845315448011836	0.023	0.7692089978352022	-0.20421017746791226	0.2179	0.7153179191280611	-0.1704991927480288	0.1804	0.8266672950391851	-0.12487027347493754	-0.0119	1.2458618192216788	0.8108988574224173	0.0301	1.2141238041330389	0.34728580608632265	0.129	1.1210243435550824	-0.10310683674925822	0.023	1.198621650414856	-0.28601306057886705	0.2179	1.2472706425637115	-0.27130783358873967	0.1804	1.0645387464864327	-0.17010014020005776	-0.0119	1.1139302863427771	1.5366529708565735	0.0008	1.1055123622404497	1.7821107699125822	0.0655	1.0889659270926795	1.5653685535086619	0.1076	0.9016096828528989	1.455489900554168	-0.01275	0.7661733565168891	1.1420492306237264	0.0702	0.617269339054723	0.9220511172194599	0.1076	1.336036614866316	1.4708200840128989	-0.01275	1.4506655959529229	1.1617097630220021	0.0702	1.5030699240174585	0.8854227780320797	0.1076
268	8.958217270194986	1.124284925648073	0.859268057796293	0.0301	0.99620911297244	0.836651912021823	0.0301	0.9076535065719356	0.4331919892058789	0.129	0.8010591549802201	-0.03156273446147485	0.023	0.7684018322568943	-0.20519803833470487	0.2179	0.7131953786874963	-0.17108796112372082	0.1804	0.8246517390905707	-0.12125898726073343	-0.0119	1.2491676725074654	0.8120052848255228	0.0301	1.2136275613311058	0.34528860340134976	0.129	1.1196796337136912	-0.10349637659133971	0.023	1.1988176286391454	-0.28984117593378617	0.2179	1.2456827695621582	-0.2740568832048328	0.1804	1.064145110934926	-0.1718456406076715	-0.0119	1.1262629184805837	1.539112069977149	0.0008	1.1171441275528877	1.7814939488661388	0.0655	1.101686665900578	1.5595638900478337	0.1076	0.9093987097704759	1.4555565545082516	-0.01275	0.7745317651324767	1.1427919939268896	0.0702	0.6203741974879926	0.9219532734828196	0.1076	1.3493729573824569	1.4697743083642836	-0.01275	1.4590933209980446	1.1638726475151793	0.0702	1.504469743822866	0.8850224035004979	0.1076
269	8.991643454038998	1.1309779780573073	0.8603343269764859	0.0301	1.0024171621430376	0.8396606784371332	0.0301	0.9138541476140589	0.4402121021953656	0.129	0.8016886255761883	-0.030462291732086245	0.023	0.76819320784332	-0.20617345880214508	0.2179	0.7125084522438981	-0.1672277789581092	0.1804	0.8261666448184825	-0.12161854009616095	-0.0119	1.2542543362095815	0.8143736304925975	0.0301	1.2155153974977848	0.3448283040152425	0.129	1.1194154452314578	-0.10262482222119426	0.023	1.1988992697590617	-0.291176771668819	0.2179	1.2441921931793756	-0.2742144371940343	0.1804	1.0648432099481506	-0.17169659400083112	-0.0119	1.139726370814869	1.5391204058962067	0.0008	1.1302627960530758	1.7873070456460856	0.0655	1.107543807617585	1.5641442554947143	0.1076	0.9185316048637507	1.4545312712032965	-0.01275	0.7806588051675056	1.1416272843689463	0.0702	0.6222710299810328	0.9225752949878364	0.1076	1.3652520198928637	1.4681601106862665	-0.01275	1.4698244806688663	1.1634901366441184	0.0702	1.5074011863957923	0.884573252598731	0.1076
270	9.025069637883009	1.1380861036509433	0.8608277497667527	0.0301	1.0107227718802998	0.844170282274402	0.0301	0.9205509142029707	0.44283366603361474	0.129	0.8041105418893056	-0.02767224793293333	0.023	0.7711278314325731	-0.20681903154492134	0.2179	0.7134947880557462	-0.16607754164387428	0.1804	0.8272454982374174	-0.12113216088250316	-0.0119	1.2614747994143702	0.8186717293572484	0.0301	1.2195172939431254	0.34792508381334386	0.129	1.1200600083090388	-0.10212190698783555	0.023	1.1999846836811574	-0.29138521747896745	0.2179	1.243911450827282	-0.27450913503122437	0.1804	1.0656667416220593	-0.1710953325868272	-0.0119	1.153191827314894	1.5370972639168787	0.0008	1.1454938870837188	1.8018126319128924	0.0655	1.1165642528560349	1.5766194095966362	0.1076	0.9278499116872857	1.4557322251224691	-0.01275	0.785301657805877	1.1423373215660904	0.0702	0.6232926120952732	0.9228723591410188	0.1076	1.381661881524616	1.4678369629638586	-0.01275	1.4811985280703026	1.161716441650846	0.0702	1.5111457151334071	0.885448290381996	0.1076
271	9.05849582172702	1.143690819206288	0.8634757845801287	0.0301	1.0174033957089164	0.8517889672123716	0.0301	0.9241680984915466	0.44673720708451203	0.129	0.808233186410027	-0.024412710652770682	0.023	0.7767040245589514	-0.20661829496563286	0.2179	0.7159983112812803	-0.16782431209332396	0.1804	0.8263199603920403	-0.11818027712401119	-0.0119	1.268967430306658	0.8263257729194974	0.0301	1.2235933265806778	0.353265399916396	0.129	1.1210630957359007	-0.10275605817134568	0.023	1.2011075266626037	-0.2909744817760383	0.2179	1.244617020992173	-0.27444790484491677	0.1804	1.066449293578049	-0.1703190520629067	-0.0119	1.1655808845963402	1.5365569018789356	0.0008	1.1624226560932092	1.8184495090725907	0.0655	1.1396436989589156	1.5863250745952204	0.1076	0.9371011212527026	1.461150165750723	-0.01275	0.7911318895754401	1.1495597691957489	0.0702	0.6244810222983974	0.923411840547718	0.1076	1.395425111691154	1.4726041044874312	-0.01275	1.4917028042921758	1.1606744194233878	0.0702	1.5143080887927725	0.8874812305725956	0.1076
272	9.091922005571032	1.1476747706099462	0.867417942659107	0.0301	1.0221376811606346	0.858586314788985	0.0301	0.9267518709240328	0.45343986156357485	0.129	0.8137071416716695	-0.023791442308311213	0.023	0.7804536569074764	-0.20556250989391794	0.2179	0.7181918276596879	-0.16564751247125334	0.1804	0.8265358430765717	-0.11843696110700708	-0.0119	1.2749129240796735	0.8329271550795294	0.0301	1.224979869085731	0.3571428747841115	0.129	1.1213932455803772	-0.10451194537393438	0.023	1.200960207786462	-0.29019953630812245	0.2179	1.2452371369242925	-0.2732901679450848	0.1804	1.0669959016651362	-0.16992885739158625	-0.0119	1.177100088046638	1.540212842266644	0.0008	1.178312994365917	1.8293042649431317	0.0655	1.168919070205539	1.5911782059854545	0.1076	0.9475495483774393	1.4691881769929123	-0.01275	0.7992187574312548	1.1593748886987882	0.0702	0.6256280690748	0.9241181054513599	0.1076	1.4064820796284876	1.4804457885533546	-0.01275	1.502368639530928	1.1596818633526613	0.0702	1.51807781992465	0.8881969093644914	0.1076
273	9.125348189415043	1.1518187819678367	0.8706889773697776	0.0301	1.0263542919420126	0.8623179456180642	0.0301	0.9299539070637991	0.4597300026294275	0.129	0.8172223960796063	-0.02571905395914839	0.023	0.779047437206938	-0.20437274118581641	0.2179	0.7188596847916702	-0.16021149454569453	0.1804	0.8307611453683075	-0.12408978577346792	-0.0119	1.2790977280358011	0.8350837922691592	0.0301	1.2233396759170538	0.3594327085337074	0.129	1.1214886788377412	-0.10604720771943582	0.023	1.198831626391974	-0.28900656038992384	0.2179	1.2452761913181882	-0.27206443786478973	0.1804	1.0680876842827984	-0.17008016681072455	-0.0119	1.188676056073873	1.5467219778612518	0.0008	1.190288484325707	1.8339807288341334	0.0655	1.1860641344471778	1.59577644942615	0.1076	0.9593551255638509	1.476794391255081	-0.01275	0.8078521430200322	1.165041505557241	0.0702	0.626512720536225	0.9250583265628289	0.1076	1.41814512375916	1.4844460555874737	-0.01275	1.5150224267872043	1.1566435423989534	0.0702	1.5238268137268196	0.8859588376945444	0.1076
274	9.158774373259053	1.157262733921584	0.875785051373335	0.0301	1.0303431035244692	0.8695656579085181	0.0301	0.9322319483109761	0.46759042460134986	0.129	0.8166516427806749	-0.026989013713475323	0.023	0.774819118201689	-0.2036262874899327	0.2179	0.7194763698291423	-0.1592111602002545	0.1804	0.8370087952128943	-0.12889939237203907	-0.0119	1.2821646786003187	0.8384603888106746	0.0301	1.2211157467091949	0.3627036032964407	0.129	1.1226287723408157	-0.10617909325534403	0.023	1.194979201340908	-0.2873502333719982	0.2179	1.2450823588130457	-0.2720434142078263	0.1804	1.0706350512920728	-0.17043593862786893	-0.0119	1.2009810644063685	1.552180880657674	0.0008	1.1998646268846185	1.836052339397297	0.0655	1.1867198115143665	1.5993337758766775	0.1076	0.9716439094124302	1.482968583631685	-0.01275	0.8141596836704729	1.16605100936863	0.0702	0.6276712004196388	0.9268057100448958	0.1076	1.4314299868499776	1.482550938710979	-0.01275	1.5290408151886632	1.1530801207750703	0.0702	1.5293156376248793	0.884351975951056	0.1076
275	9.192200557103064	1.1629487160331757	0.8861908851575434	0.0301	1.033567137268401	0.8850647019446366	0.0301	0.9324433815310729	0.4789880432391565	0.129	0.8134195717123542	-0.025845336163132563	0.023	0.7717689278632094	-0.2038140610475608	0.2179	0.720294315283277	-0.1646640594495194	0.1804	0.8390882131697119	-0.13237851361937653	-0.0119	1.2850206904544481	0.8485327380883261	0.0301	1.2197890751627183	0.36626609447365804	0.129	1.1238014142395827	-0.10562580797620655	0.023	1.191032937336656	-0.28596224078433696	0.2179	1.2447713574588024	-0.27288051638044636	0.1804	1.073085784764079	-0.1705404164560266	-0.0119	1.2138302271335633	1.5557104017012915	0.0008	1.2104260804811693	1.836259331601262	0.0655	1.1816094628945004	1.5997129576077895	0.1076	0.9848221673034315	1.4893096214778248	-0.01275	0.817287190218808	1.1658165803098535	0.0702	0.6287224861934079	0.9284794867573558	0.1076	1.443486930191144	1.4791848210837393	-0.01275	1.5416025834172826	1.1523450018143182	0.0702	1.532312147038272	0.8866062427727743	0.1076
276	9.225626740947076	1.1668497277724679	0.8986091158412866	0.0301	1.0353573227329396	0.8999037437586667	0.0301	0.9311417738918786	0.48714323021581124	0.129	0.8100391858653323	-0.024173250427382206	0.023	0.7698551953121786	-0.20594247132438484	0.2179	0.7186188106317439	-0.1705610824843595	0.1804	0.8349761554647112	-0.1491847894331075	-0.0119	1.288357358704316	0.859254063138964	0.0301	1.218339380083815	0.3679491597492771	0.129	1.1233973592126039	-0.10592639693293898	0.023	1.1886283285354247	-0.28525543394985836	0.2179	1.243300692785692	-0.2730886034451423	0.1804	1.0732137762466054	-0.17086701516516972	-0.0119	1.225765502756269	1.560002371086549	0.0008	1.2210778015597668	1.8335456390786027	0.0655	1.179709749980784	1.5992317318667129	0.1076	0.9986567750616309	1.4965031035095753	-0.01275	0.8199204992031095	1.1663299394641626	0.0702	0.6284134704693766	0.928899245061772	0.1076	1.452494920472671	1.4778641435704625	-0.01275	1.550871224758734	1.1536376152235905	0.0702	1.5349458039235522	0.8895251974041725	0.1076
277	9.259052924791087	1.1680236941789452	0.9055346771271987	0.0301	1.0353184830927524	0.9029518283278258	0.0301	0.9287491735674741	0.4851991322711684	0.129	0.8081241642623396	-0.024442468136206714	0.023	0.7672117942085239	-0.21010935265444694	0.2179	0.7129493498411144	-0.17222611729553353	0.1804	0.8310988435756913	-0.1728354842129599	-0.0119	1.2908847446523914	0.8612602893874893	0.0301	1.2161208547755011	0.367905995570157	0.129	1.1222677977897038	-0.10732284388818875	0.023	1.1878531840195703	-0.28462946061250816	0.2179	1.240599383089055	-0.27202902427072556	0.1804	1.0713455269527687	-0.17237425826007274	-0.0119	1.2350982936370647	1.5650284824365568	0.0008	1.2290836967098129	1.8282330574338972	0.0655	1.1814964474601573	1.597666566493088	0.1076	1.010554292739302	1.5023737319735018	-0.01275	0.8245887539101914	1.1677986806282485	0.0702	0.6271886736128652	0.9286831114139347	0.1076	1.4601348193629724	1.476992550317585	-0.01275	1.5578255565464982	1.152899038115813	0.0702	1.540011788075305	0.8899711898715362	0.1076
278	9.292479108635098	1.167227900817933	0.9047058157802048	0.0301	1.0342444226909995	0.8973590907099345	0.0301	0.9260522070739593	0.4770091634834554	0.129	0.8079760418231365	-0.028135579516544967	0.023	0.764737253172633	-0.21371359501144513	0.2179	0.7058351636829319	-0.17192073281947973	0.1804	0.8368849841699926	-0.1189813020165454	-0.0119	1.2903086739203384	0.8553548270389676	0.0301	1.2139316152870885	0.3665278010148072	0.129	1.1216027320740927	-0.10886099535855856	0.023	1.1877983705193529	-0.28359883828588744	0.2179	1.2390118388567737	-0.27058092165250625	0.1804	1.0691017103539615	-0.1741975740371947	-0.0119	1.2415071634909158	1.5673218839846954	0.0008	1.2351564327518192	1.8220355499012786	0.0655	1.184871428043726	1.5902097575571694	0.1076	1.0182671903767764	1.504586762388437	-0.01275	0.8296626978677175	1.1702107577495617	0.0702	0.6276407071554148	0.928967430428517	0.1076	1.468508184104489	1.473780410381002	-0.01275	1.564589912960977	1.1486434703852184	0.0702	1.546123989159556	0.8900955007174483	0.1076
279	9.32590529247911	1.1658245383351469	0.9002481829619082	0.0301	1.0339500735804832	0.8933204869802255	0.0301	0.9245771407706492	0.46956180879109194	0.129	0.8103301793239827	-0.0386845596583354	0.023	0.7664810001250677	-0.21305168771904387	0.2179	0.7034526315711798	-0.17078369827237908	0.1804	0.8590949876643821	0.10963311095073057	-0.0119	1.2870686420563733	0.8490168106188088	0.0301	1.2122599914275058	0.3628898271073105	0.129	1.1211521756022582	-0.10963607951167151	0.023	1.1869922184644732	-0.2826025757017874	0.2179	1.2392851155354063	-0.2696507780561246	0.1804	1.067677820024549	-0.17511785413251502	-0.0119	1.2464151735886626	1.5665302197460294	0.0008	1.2414874938136056	1.8168299257043752	0.0655	1.1907879740652227	1.5770991677996535	0.1076	1.0228164725447457	1.5040003187482474	-0.01275	0.8322049518760539	1.1729335888853922	0.0702	0.6309805512538904	0.9303031022120456	0.1076	1.4771729919401668	1.4692768054543297	-0.01275	1.5713681879115282	1.1435026809857136	0.0702	1.5501916641568692	0.892006586389578	0.1076
280	9.35933147632312	1.164636450898277	0.8962833366405025	0.0301	1.035562572838602	0.8932897587641929	0.0301	0.9252672662331665	0.46729365995627725	0.129	0.8172931105369841	-0.06208617925377309	0.023	0.77405926891008	-0.21045526025033826	0.2179	0.7099843920187394	-0.16524014811853452	0.1804	0.8959321795428319	0.4413480951168411	-0.0119	1.2838236610100213	0.8456593224544118	0.0301	1.2109837200165936	0.35664383580768544	0.129	1.1205510454543428	-0.10948514969308527	0.023	1.1838088631975856	-0.2821962529714894	0.2179	1.2382254787927152	-0.26842109714412726	0.1804	1.0683516589825977	-0.17577998804823924	-0.0119	1.2519698205309553	1.5664105797817889	0.0008	1.2478385547718076	1.8132752822285978	0.0655	1.2002177664543323	1.5669933115265524	0.1076	1.0281567897755324	1.5046278585582988	-0.01275	0.8327167493063953	1.1745141563941577	0.0702	0.6343622713433051	0.9327181381675159	0.1076	1.4843530601336086	1.4661750994777052	-0.01275	1.576100567617467	1.1400175384490419	0.0702	1.5516984048862688	0.8938428605033939	0.1076
281	9.392757660167131	1.1641266321297992	0.8945680470085746	0.0301	1.0379869286355603	0.8939572428904693	0.0301	0.9280805227419153	0.47405747408446036	0.129	0.8265447966051436	-0.08768527464151536	0.023	0.7803886891217102	-0.22054896572027852	0.2179	0.7172544534718732	-0.16421196191566886	0.1804	0.932164493824285	0.6735566510122606	-0.0119	1.2822932520547343	0.8445013771371291	0.0301	1.2101776015835044	0.35044916264505477	0.129	1.1201357116966237	-0.10899246751181868	0.023	1.179018746713655	-0.28226524858167423	0.2179	1.2341515487967285	-0.26599393945387323	0.1804	1.0709289840428864	-0.17640893453672166	-0.0119	1.2584139663895755	1.5690071945089277	0.0008	1.2527564690985107	1.8102020510833943	0.0655	1.2092207739098453	1.5657680367355167	0.1076	1.0357923341934259	1.5084405962953928	-0.01275	0.833527785171802	1.1746781089486547	0.0702	0.6342933215581738	0.935363495964846	0.1076	1.4890264838641112	1.4652849621078985	-0.01275	1.5775147069950302	1.137385796016407	0.0702	1.5519591407243782	0.8933931496692042	0.1076
282	9.426183844011142	1.165085029575945	0.8964709865750548	0.0301	1.0392066233264663	0.8943029185091226	0.0301	0.9315772687156142	0.4865314135710387	0.129	0.8310484731899473	-0.0475538128337177	0.023	0.7800661534064064	-0.24343475914585683	0.2179	0.7123222576736243	-0.1779176714234179	0.1804	0.9511869377907252	0.7310785087621332	-0.0119	1.2835049288928446	0.8451660371800727	0.0301	1.2100637652470518	0.34868238139865115	0.129	1.1208282062068524	-0.1087283274416741	0.023	1.1754244594609597	-0.28240709035522454	0.2179	1.2303967933241666	-0.264133409301998	0.1804	1.0731534607442432	-0.17670456653227112	-0.0119	1.2635195421780399	1.5722070540137605	0.0008	1.2564565838731658	1.806913511863	0.0655	1.2131341721906355	1.568550659760432	0.1076	1.041514237110541	1.512273611302989	-0.01275	0.835279016476971	1.1743955025297035	0.0702	0.6315500954188052	0.9377900255720495	0.1076	1.4912866363551434	1.46619243693957	-0.01275	1.5771467906291359	1.1330649093641167	0.0702	1.551863975956275	0.8907360116653515	0.1076
283	9.459610027855154	1.1675330493643223	0.9014755367091273	0.0301	1.0392433524795546	0.8952094856300442	0.0301	0.9340399901574329	0.4966119211500029	0.129	0.837614219826053	0.14157346937815826	0.023	0.7875427802616664	-0.20482628352071064	0.2179	0.7093173132865448	-0.14858851597673756	0.1804	0.9548230029306946	0.7027078582671691	-0.0119	1.2873277226780504	0.8466876851758708	0.0301	1.2105761872487197	0.3515357673314465	0.129	1.1228145632783673	-0.10867023879040706	0.023	1.1740805304344724	-0.28205663371835193	0.2179	1.2299970881293154	-0.26415478434312056	0.1804	1.073866512133379	-0.17755848926959586	-0.0119	1.2658792345104815	1.5734169510128724	0.0008	1.2600824367867263	1.8052517418965688	0.0655	1.213362567624271	1.5678702171877124	0.1076	1.0417872331278637	1.5134572419215457	-0.01275	0.8375136672501617	1.1736697455810488	0.0702	0.6290133286255113	0.9396165716033025	0.1076	1.4919981060553897	1.4675981799237445	-0.01275	1.5771900689107128	1.126583874078059	0.0702	1.552712435752794	0.88700445364282	0.1076
284	9.493036211699165	1.1698299993311305	0.9054762954001322	0.0301	1.039723251842641	0.8963629353374553	0.0301	0.9356412209759774	0.5033068521716029	0.129	0.8647241921363652	0.42823113116699796	0.023	0.8225554117004747	-0.006629819805626721	0.2179	0.7448316766899353	0.024277945327185146	0.1804	0.956842457223738	0.6740626978504787	-0.0119	1.2907284083029393	0.84699974974379	0.0301	1.2115030509122018	0.3543436313095111	0.129	1.1244044237009523	-0.10887571569270076	0.023	1.1742037786103603	-0.28094953090013636	0.2179	1.2317514637896128	-0.2640169593467442	0.1804	1.0732641908476088	-0.17909356003517665	-0.0119	1.2662696721586448	1.5724887405767483	0.0008	1.263559191037087	1.8063759426173327	0.0655	1.2157558208577934	1.5629154386023112	0.1076	1.03936935876462	1.513240799920403	-0.01275	0.8393469711989189	1.171752465135488	0.0702	0.6269759247988185	0.9379035776524626	0.1076	1.4919876750150385	1.4678030011826153	-0.01275	1.577697186739049	1.1212765329782555	0.0702	1.556072400031921	0.8843038148990694	0.1076
285	9.526462395543176	1.1707670423604308	0.9053711848208148	0.0301	1.0413496495363768	0.8971528929905024	0.0301	0.9369936650940881	0.5095639324130663	0.129	0.9056672029375932	0.6370797535636111	0.023	0.871625991600188	0.2816602499209461	0.2179	0.8143356483222282	0.3015400473371548	0.1804	0.9616031252322954	0.6649211411461966	-0.0119	1.2913906850092203	0.8457890015814972	0.0301	1.2126223435475196	0.35488447084901276	0.129	1.1241810163835468	-0.10996304353329188	0.023	1.175360398704418	-0.2799481776160046	0.2179	1.2330163689637195	-0.26253203502683436	0.1804	1.071260884490744	-0.17998522152804564	-0.0119	1.266356719739179	1.5704256328569794	0.0008	1.265908507390059	1.807964444240031	0.0655	1.2221966786725298	1.5580728263925838	0.1076	1.0392346792599965	1.5131056581523368	-0.01275	0.8396653346741926	1.1696156975213186	0.0702	0.624819338774841	0.9317385429340825	0.1076	1.4918692099631947	1.4668994091539014	-0.01275	1.5772960475187374	1.1192903575914228	0.0702	1.5601933966068418	0.8841720853173782	0.1076
286	9.559888579387188	1.1708896862913685	0.902974594902841	0.0301	1.043750285217356	0.8979353012421295	0.0301	0.9375994693784981	0.5152981265370796	0.129	0.931090908650992	0.6817366092734546	0.023	0.8970140352142298	0.44853421623360706	0.2179	0.8633918107287366	0.5007021399653128	0.1804	0.9646120729407703	0.6630393956478479	-0.0119	1.2909406884407348	0.8444660109026485	0.0301	1.2135717895755793	0.35538050756491985	0.129	1.1231445398926825	-0.11170426563520117	0.023	1.1776377638106656	-0.280079559461884	0.2179	1.2329742451188828	-0.26149699246516933	0.1804	1.06898680327884	-0.1792359160638774	-0.0119	1.2676128244864504	1.568258604585562	0.0008	1.2668478650780166	1.807913335529931	0.0655	1.2269773966557298	1.5561533475830884	0.1076	1.0424516008997184	1.5133183726880648	-0.01275	0.8390766804610919	1.1698074821974243	0.0702	0.6238186975892306	0.9269028519916835	0.1076	1.4922732000889611	1.4665976127358902	-0.01275	1.575687517534562	1.1164696527758782	0.0702	1.5613886772428902	0.8843402670692398	0.1076
287	9.593314763231199	1.1711952020078198	0.9015991542461363	0.0301	1.0461173542752904	0.8985113468531809	0.0301	0.937911144949143	0.5192919012653668	0.129	0.9322312641809287	0.6316990977257247	0.023	0.8899506605496603	0.4345241348250385	0.2179	0.8668303411571411	0.5443043056827302	0.1804	0.9646665706760521	0.6587333021135845	-0.0119	1.291286127057963	0.8439398795248232	0.0301	1.2140492316362876	0.356764304885293	0.129	1.1226797474462464	-0.11258796189688743	0.023	1.1800988423554273	-0.28110365915676366	0.2179	1.232594342760914	-0.2616960113259279	0.1804	1.0688554956301426	-0.17727303656867374	-0.0119	1.2696949803448119	1.5672027597587768	0.0008	1.2668109170577395	1.8071082051493945	0.0655	1.2255982786843655	1.5550042521309813	0.1076	1.0459337324961113	1.5138673413728252	-0.01275	0.8387944057567291	1.172222839654739	0.0702	0.6248719906844188	0.9271570578748392	0.1076	1.4932510060653632	1.4674824266776736	-0.01275	1.5736265865495727	1.1093875777908355	0.0702	1.5601605265565301	0.8807543478985668	0.1076
288	9.62674094707521	1.1721783790510596	0.9021558430535025	0.0301	1.0473870205428584	0.8980921830898596	0.0301	0.9397954372478156	0.51999294045813	0.129	0.9240882555141274	0.584043265326268	0.023	0.8745510876720957	0.37115684942222865	0.2179	0.8513926275364956	0.5174272984932039	0.1804	0.9641047056866769	0.65527730264742	-0.0119	1.2923851843807548	0.8442156383159654	0.0301	1.2139852782976575	0.3575220003666651	0.129	1.1226031644406889	-0.11203566253628264	0.023	1.180715114533779	-0.2820732131727558	0.2179	1.2325381871411596	-0.26192113683034574	0.1804	1.0711159037400133	-0.17590131053829342	-0.0119	1.2707366632904156	1.5675385156332078	0.0008	1.266242887255161	1.8066981898786758	0.0655	1.2210670858205246	1.5525524833962399	0.1076	1.0473343594203262	1.5143160461905625	-0.01275	0.8375784109137668	1.1732390995775321	0.0702	0.626795130604435	0.9283039838510828	0.1076	1.49418036200532	1.4684122624448723	-0.01275	1.570532033923645	1.1035465475261081	0.0702	1.560091366067387	0.8736028965495886	0.1076
289	9.66016713091922	1.1736018773111994	0.9036989702967942	0.0301	1.0475375292422338	0.8977221479501675	0.0301	0.9429152847091218	0.5159167684477681	0.129	0.9167966401522057	0.5677889366308096	0.023	0.8647429542194839	0.3382915599975578	0.2179	0.839658041507536	0.4961419045412976	0.1804	0.9630968633656513	0.6490504099004102	-0.0119	1.2938619178615427	0.8453047515709219	0.0301	1.2137215695578971	0.35747127720943467	0.129	1.1225482562076539	-0.11100813997676816	0.023	1.1794087783283407	-0.28261125277498933	0.2179	1.232489822139928	-0.2622136466753933	0.1804	1.0730831341268319	-0.17594452132325722	-0.0119	1.2698692803853509	1.568205249841223	0.0008	1.265916555850058	1.8062248580965954	0.0655	1.2172586791003652	1.5510956267246068	0.1076	1.0473527622236685	1.514248314224301	-0.01275	0.8340590554249228	1.1718558527017329	0.0702	0.6285316955500961	0.9279892608969093	0.1076	1.4944880271386956	1.4685177619313503	-0.01275	1.5653587823948585	1.105023774470483	0.0702	1.5615897115241444	0.8672862468783048	0.1076
290	9.693593314763232	1.1743925993665345	0.9041588891042018	0.0301	1.0477210110254704	0.8990832747789036	0.0301	0.9437686451791646	0.5099345853928187	0.129	0.9118910591246691	0.5625094482630485	0.023	0.8598378127080292	0.31645339254157034	0.2179	0.8318325333354724	0.4837442470402539	0.1804	0.9588830587635645	0.622902303424633	-0.0119	1.2947664870632651	0.8470852424591107	0.0301	1.2138182779238242	0.3584126610235783	0.129	1.1227295673625792	-0.1102652275488477	0.023	1.1781786842216446	-0.2827075474630714	0.2179	1.2321998336504973	-0.2637205552896922	0.1804	1.0730248879512136	-0.17603530884663762	-0.0119	1.26739469253986	1.5684714771210992	0.0008	1.2665750394464304	1.8052747803281597	0.0655	1.2140691335278635	1.5531230451194564	0.1076	1.0460250565017086	1.5140408963324565	-0.01275	0.8304204391174308	1.171954042292595	0.0702	0.6299171884273463	0.9295448544329444	0.1076	1.4937974178830706	1.4682076869771776	-0.01275	1.5598481269585627	1.1092115112697607	0.0702	1.5621590431876031	0.8638652877598713	0.1076
291	9.727019498607243	1.1736417832546364	0.9017443240143723	0.0301	1.0480993956343754	0.9008417026087899	0.0301	0.9407697748238881	0.5076287826923988	0.129	0.9146294778543949	0.5571283488555322	0.023	0.8657940283312767	0.31175705809946225	0.2179	0.8270679075567448	0.4677039502176803	0.1804	0.9506469361417637	0.5813184507962045	-0.0119	1.294091145542602	0.8485659074123885	0.0301	1.2143275907297648	0.36121877840552047	0.129	1.123074406574112	-0.1097752215552106	0.023	1.1778150102382254	-0.2823915592042113	0.2179	1.2318222469063052	-0.26609569960135576	0.1804	1.07207258985337	-0.17523365391708454	-0.0119	1.2636879299419876	1.5686920968732465	0.0008	1.2677118926622075	1.8049729026674564	0.0655	1.211646989823769	1.5573712974245701	0.1076	1.0420009693286678	1.5143825585356112	-0.01275	0.8292567021593292	1.1755277342588215	0.0702	0.6303568135207429	0.9327259120004378	0.1076	1.4919086693737105	1.4683000372884445	-0.01275	1.55675852941287	1.1082605348002224	0.0702	1.5613231774329461	0.8619619863930256	0.1076
292	9.760445682451254	1.171855195288413	0.8974681983268382	0.0301	1.0476941738262988	0.8985203860962453	0.0301	0.9365224953573527	0.5070370974223538	0.129	0.9213488270178811	0.5224499106811582	0.023	0.8787449267648537	0.3197094750447942	0.2179	0.821277807726855	0.4224214496209077	0.1804	0.9419179828791461	0.5621625888195608	-0.0119	1.2926408471238098	0.8480045758743111	0.0301	1.2147681807860546	0.36371404650776734	0.129	1.1233139515359123	-0.1091326452497804	0.023	1.1777138180819402	-0.28220150296154384	0.2179	1.231648787726348	-0.26729564211834317	0.1804	1.0715858383183532	-0.1743338683643965	-0.0119	1.259804588812077	1.5694537468371912	0.0008	1.2675861122902823	1.8063732490243347	0.0655	1.2125248272930598	1.5603580098746352	0.1076	1.0365603199465525	1.5153921304964235	-0.01275	0.829157469592711	1.1791630378489004	0.0702	0.6295854890253899	0.9336219890204603	0.1076	1.4892152594768566	1.469057855801705	-0.01275	1.5558775614017741	1.1040526599349125	0.0702	1.561113773304783	0.860875851981636	0.1076
293	9.793871866295266	1.1699399842895006	0.8933742242020181	0.0301	1.0460026130576257	0.8895480288176664	0.0301	0.932537461590753	0.49638509093483735	0.129	0.9045459803165498	0.3801049641257104	0.023	0.8681710920265797	0.23817349694052403	0.2179	0.7980118958281345	0.2816223083460278	0.1804	0.9336893395315541	0.5799061430450548	-0.0119	1.291718851968403	0.8443905058273986	0.0301	1.2147199886254003	0.3630978575258649	0.129	1.123415006482586	-0.10811964564431904	0.023	1.177649164064091	-0.2823180706813471	0.2179	1.2318340268408254	-0.2658970968990154	0.1804	1.0715216892064476	-0.1742574663175524	-0.0119	1.2573927099010511	1.5710204165042059	0.0008	1.2648492119622932	1.8087296798533608	0.0655	1.215522062252362	1.5608134282028931	0.1076	1.0325734556706785	1.5166045517302609	-0.01275	0.8274389186615551	1.180066795598182	0.0702	0.6284503542863568	0.9321932366162102	0.1076	1.486222391046127	1.4695654069518471	-0.01275	1.555039946804536	1.1041135326409626	0.0702	1.5625419613598048	0.860749903082325	0.1076
294	9.827298050139277	1.1676028229403463	0.889786945522747	0.0301	1.0425336702178898	0.8783143162291707	0.0301	0.927267050594457	0.4691274882886785	0.129	0.8522016089871949	0.13566687872032407	0.023	0.8196797158942379	0.018116436466194586	0.2179	0.7501713297509736	0.03766062207062946	0.1804	0.9235820422234068	0.5935259730545185	-0.0119	1.2909975816712755	0.8392934561104269	0.0301	1.214042814466627	0.3585304473745395	0.129	1.1233503305077364	-0.10774847374123381	0.023	1.177954222662716	-0.2820750223372842	0.2179	1.2321016639508464	-0.26316964923576613	0.1804	1.0715180565174989	-0.175294781525318	-0.0119	1.2561210845487416	1.573020082468967	0.0008	1.2602765461545353	1.8111674352793676	0.0655	1.21595469336208	1.5606873682721	0.1076	1.0294990385127492	1.5173494347158563	-0.01275	0.8241609251430747	1.1798185728535067	0.0702	0.627695945760603	0.9308245818857042	0.1076	1.4825019852355357	1.4681616037456013	-0.01275	1.5536965464751447	1.109189484643243	0.0702	1.5639385494566411	0.8609923614654936	0.1076
295	9.860724233983287	1.1644388431470167	0.8865041503378446	0.0301	1.0370395557861631	0.8716528409271682	0.0301	0.9222144199831191	0.43964043035511596	0.129	0.8031814442733145	-0.0660740768989324	0.023	0.7697493586107171	-0.20691344231194098	0.2179	0.700324721297919	-0.18108724369255355	0.1804	0.913542026999771	0.525133336950216	-0.0119	1.2892882980654559	0.8351430225304529	0.0301	1.2129655640933588	0.3508720052803699	0.129	1.1230676341576922	-0.10968691941565971	0.023	1.178936198014597	-0.2814021609753449	0.2179	1.2321242072714358	-0.2614865660739187	0.1804	1.0715818785082136	-0.17735521460556122	-0.0119	1.2530252929518715	1.574315819773308	0.0008	1.2562691600410576	1.8129269308226483	0.0655	1.2157831355951103	1.5601805414239625	0.1076	1.024235891691387	1.5172492908161632	-0.01275	0.8200616133987553	1.1800644062744268	0.0702	0.627159157075298	0.9300940475466041	0.1076	1.4772954906965712	1.4654307444508425	-0.01275	1.5525898564945964	1.1132107493894159	0.0702	1.5629966386139196	0.8609806145513969	0.1076
296	9.894150417827298	1.1613251844918957	0.8825959852393686	0.0301	1.031642701451152	0.8688654540579724	0.0301	0.9216218919127442	0.42963552367769003	0.129	0.7968238319359793	-0.13417086217152568	0.023	0.7585542178412071	-0.3019787271930233	0.2179	0.6765227808595641	-0.2602413264600859	0.1804	0.9033346492317426	0.31023288709342434	-0.0119	1.2864819258501385	0.8310856177110338	0.0301	1.2120585128995358	0.3430573779960769	0.129	1.12269001388324	-0.11356322790340678	0.023	1.1805673001605166	-0.2811059467932932	0.2179	1.232037690912158	-0.26138873705316396	0.1804	1.0716992814724897	-0.17971296118784777	-0.0119	1.2466220603156863	1.5742563469441226	0.0008	1.254154317465429	1.8125120944808937	0.0655	1.2201043554288529	1.5587853167533234	0.1076	1.016661416034383	1.5165065464318201	-0.01275	0.8144562958862558	1.1804883368012018	0.0702	0.6259439276782208	0.929937095231204	0.1076	1.4710659743519847	1.4653518278488313	-0.01275	1.5505345739738587	1.113318943829694	0.0702	1.559975382833361	0.8608132238167752	0.1076
297	9.92757660167131	1.15894249140321	0.8757200972540387	0.0301	1.0287429495937805	0.8628877995556471	0.0301	0.9231641193210056	0.43504844228951295	0.129	0.8166255548430925	-0.12188620679887265	0.023	0.7751532738737458	-0.29014371510986486	0.2179	0.6785594178988867	-0.23227764388980973	0.1804	0.8857266765969947	0.015419136879591271	-0.0119	1.2834354777570742	0.8240698993729757	0.0301	1.2112469862341557	0.3377343249531066	0.129	1.122439957776542	-0.1165530644083458	0.023	1.182457585033089	-0.2817257230007783	0.2179	1.232231177158885	-0.2615924047703071	0.1804	1.0717907998332772	-0.1808116156987702	-0.0119	1.2387657955341396	1.5734129232236533	0.0008	1.2525864287886608	1.8108671247547674	0.0655	1.2256937327128616	1.5595948729653484	0.1076	1.0086841890434954	1.515775853406538	-0.01275	0.8078422794906642	1.1813404278729316	0.0702	0.623936868989596	0.9307150703310743	0.1076	1.4649756777881315	1.4704274421422106	-0.01275	1.5455659393303245	1.1126351331016262	0.0702	1.5574395707299085	0.860782208618524	0.1076
298	9.961002785515321	1.1563766843624426	0.8673778946866435	0.0301	1.026895924776041	0.853183294687665	0.0301	0.9199173317934275	0.43259274371711937	0.129	0.8221933347198693	-0.10460834026895151	0.023	0.7814668835226488	-0.2648481485479125	0.2179	0.6861704397757977	-0.20127596789223562	0.1804	0.8590299301936148	-0.18786371185118272	-0.0119	1.280154806706589	0.8158632592671798	0.0301	1.2096139757342435	0.3347094755908941	0.129	1.1224507630065568	-0.11680665497380187	0.023	1.183929905063039	-0.2826239345667771	0.2179	1.23305128635693	-0.26126950815171984	0.1804	1.0719511646097863	-0.17986282449386015	-0.0119	1.2305726026786676	1.5721739373167298	0.0008	1.248931343030358	1.8113301650434994	0.0655	1.2258644451072258	1.5634754930454475	0.1076	0.9989889266740788	1.5158109655196783	-0.01275	0.8022133263536518	1.1830745294630896	0.0702	0.6227954620402801	0.9320514575850048	0.1076	1.4588299739413861	1.477669805732418	-0.01275	1.5384862394087704	1.1143762730389144	0.0702	1.556709287275772	0.8608929257895681	0.1076
299	9.994428969359332	1.1528192292992125	0.8638608238807564	0.0301	1.0232485556402573	0.848043890779129	0.0301	0.9121005407529984	0.4203468165899964	0.129	0.808718598256862	-0.10429111253204841	0.023	0.7683279757506715	-0.2709306327259835	0.2179	0.6898630492490788	-0.2170322476967515	0.1804	0.8337186430718403	-0.23993996640859663	-0.0119	1.2759337265307156	0.8127342955213295	0.0301	1.2072904113441965	0.3336876871173501	0.129	1.122644350640886	-0.11590936417078741	0.023	1.1841805710277058	-0.28270116179258303	0.2179	1.2341026981241614	-0.2612990129738718	0.1804	1.0719827969055478	-0.17889603974566692	-0.0119	1.2210553470876375	1.5708904561466894	0.0008	1.2413331061244275	1.814652896149389	0.0655	1.2188256200479142	1.5673337190933467	0.1076	0.9863475271462857	1.516746815037008	-0.01275	0.7975783750267844	1.1848715351349954	0.0702	0.6227481993030929	0.9325850893896203	0.1076	1.4516945360366005	1.4823416828061249	-0.01275	1.5315211943214955	1.1183693635920917	0.0702	1.556886311341935	0.861082823385687	0.1076
300	10.027855153203344	1.1487583069912386	0.8657922887111765	0.0301	1.0182225343886564	0.8494050540410276	0.0301	0.9059076085063061	0.4142779551517747	0.129	0.7990503559927788	-0.11272079151080923	0.023	0.7549757983315383	-0.2939555468679138	0.2179	0.6931916869559603	-0.2515244378770903	0.1804	0.8228632873960471	-0.22483588021148745	-0.0119	1.271020290853415	0.8144162260035982	0.0301	1.2053498053749823	0.3342719603023998	0.129	1.1227649903405506	-0.11623265666122162	0.023	1.1830849284965093	-0.28226537368156956	0.2179	1.2337384788254453	-0.26252047910882653	0.1804	1.0712342052236745	-0.18055009398227947	-0.0119	1.2108311750036276	1.571057606267835	0.0008	1.229902184350853	1.818750531451467	0.0655	1.2069533968690387	1.572000051285531	0.1076	0.97441164205559	1.5180735019869174	-0.01275	0.7924665297192368	1.1860335898982377	0.0702	0.6208971318594481	0.9311727607728468	0.1076	1.443903189624701	1.4835796967135177	-0.01275	1.5253519844976204	1.122456601530848	0.0702	1.5566859702025175	0.8614461605279063	0.1076
301	10.061281337047355	1.14455672813742	0.8666634284529376	0.0301	1.0137186815942902	0.8490775891951595	0.0301	0.9036946197515919	0.41225489564114015	0.129	0.7980579052803327	-0.12237729579207808	0.023	0.7496462444492185	-0.3110213389142539	0.2179	0.6935009309818262	-0.27114150810471316	0.1804	0.8245558584855209	-0.2157080207022545	-0.0119	1.266281953622727	0.8142705428687785	0.0301	1.2034538106808519	0.3336383263013888	0.129	1.1225727483233898	-0.11712879686534125	0.023	1.181622813202164	-0.28279947843205955	0.2179	1.2311074956134975	-0.26409228012685043	0.1804	1.069587238820486	-0.1840478720760783	-0.0119	1.2017770895085071	1.572849247916801	0.0008	1.2169787616078638	1.8218138716517307	0.0655	1.1932286845135593	1.5797453799201062	0.1076	0.9660290969505062	1.5189495772468746	-0.01275	0.7866848406136481	1.186750193112855	0.0702	0.6159721545591362	0.9283054715139712	0.1076	1.4361277204970953	1.4837304015497186	-0.01275	1.5192174329539159	1.1250993772590219	0.0702	1.5551763859130725	0.8620927222786169	0.1076
302	10.094707520891365	1.1396589229714136	0.8646915554099531	0.0301	1.0094284255905717	0.8449559602077827	0.0301	0.903118067526327	0.4025516920876226	0.129	0.7939275051276302	-0.13153025505077584	0.023	0.7456648016679123	-0.31935996706666975	0.2179	0.6891721616747861	-0.2768368814489133	0.1804	0.8248860491459924	-0.21998089342180413	-0.0119	1.261967288190454	0.8122677311451876	0.0301	1.201155544933774	0.3309437817221442	0.129	1.1220420084922775	-0.11668718061535095	0.023	1.180907905143276	-0.2846713442025605	0.2179	1.2287943583199248	-0.2649251062222903	0.1804	1.0681233541803032	-0.18632009146530804	-0.0119	1.1930850279665453	1.5738131611504496	0.0008	1.204903958394862	1.8232620205859602	0.0655	1.177990969007929	1.5872863336925878	0.1076	0.9581293758827735	1.5182399038783831	-0.01275	0.7800725293750749	1.1871210848486666	0.0702	0.6107536174454167	0.9254983972610414	0.1076	1.427881513962945	1.484421410207318	-0.01275	1.5127938712358102	1.1262846470567254	0.0702	1.5520762050935712	0.8624436330666495	0.1076
303	10.128133704735376	1.133512911047804	0.8627742233263185	0.0301	1.0041705741932225	0.8430581218242469	0.0301	0.9013821898219655	0.3909692831161808	0.129	0.7862054532011375	-0.13760474195572037	0.023	0.7407945055781092	-0.32423567780369306	0.2179	0.6881853699511545	-0.2778202413371857	0.1804	0.8204811900161473	-0.22281348031342318	-0.0119	1.2577613589946606	0.8129330566814328	0.0301	1.1997254326161533	0.32984173066857814	0.129	1.1213621423131188	-0.11514984235124907	0.023	1.1810657625860514	-0.285899436974817	0.2179	1.2304061718366006	-0.265114530034442	0.1804	1.0683066739553675	-0.18609275863408445	-0.0119	1.1831088328719663	1.5727650408562475	0.0008	1.1931818845548627	1.8243539122047892	0.0655	1.160393932643224	1.5910263378624994	0.1076	0.946978251202752	1.515948414837194	-0.01275	0.7723410831821398	1.1873607106650568	0.0702	0.6079683644616408	0.9243420304985343	0.1076	1.418659436512469	1.4854144734427754	-0.01275	1.5069531020300782	1.1262215029246299	0.0702	1.548608786812129	0.8610249422509784	0.1076
304	10.161559888579388	1.1261768482400318	0.8601131786844101	0.0301	0.9976410570638292	0.8432127741016179	0.0301	0.8965359519648187	0.38856366240637275	0.129	0.7818349437195592	-0.13903814144640916	0.023	0.7356699069929211	-0.3278652606623519	0.2179	0.6861988312452056	-0.28012119936334945	0.1804	0.8171500157309496	-0.22246765427863507	-0.0119	1.2529696130717465	0.8138704034587169	0.0301	1.1993414858745794	0.3319540448052896	0.129	1.1207370248154918	-0.11361091927579489	0.023	1.1805211732056122	-0.2849868774266378	0.2179	1.2344963316043813	-0.2651166921293896	0.1804	1.0701752801217128	-0.18468475344864718	-0.0119	1.1734514043888622	1.571469255602092	0.0008	1.1796497197302838	1.8287165519364357	0.0655	1.140273653521685	1.5922641643411213	0.1076	0.9340441769746992	1.514430537197457	-0.01275	0.7653471143735172	1.1885189913380212	0.0702	0.6075802915832136	0.9259185057092787	0.1076	1.409444326447501	1.4857844764542814	-0.01275	1.502212645407444	1.1247604217064913	0.0702	1.5466244728334695	0.8577340944313727	0.1076
305	10.194986072423399	1.117685826902481	0.8562238686929818	0.0301	0.9895586098816367	0.840888126388864	0.0301	0.8892344656684511	0.39395817965361474	0.129	0.7813056848876198	-0.13811580481676455	0.023	0.7293383243520993	-0.33013624176787193	0.2179	0.6720350277043756	-0.287421824459548	0.1804	0.8159355501135331	-0.2263795782481229	-0.0119	1.2467066348035927	0.8106162913068453	0.0301	1.1979904996544437	0.3344941842258354	0.129	1.120352887035915	-0.11222154281085796	0.023	1.1774934593984026	-0.2839850666124743	0.2179	1.2360155251562204	-0.2649391237311469	0.1804	1.0716897032985526	-0.18374608755046348	-0.0119	1.1657578099920118	1.5719021854634934	0.0008	1.1648923299304415	1.8384601908316027	0.0655	1.1190655587601874	1.5923218381735205	0.1076	0.9233451591786555	1.5162340919375183	-0.01275	0.7608780919197524	1.1918323197825638	0.0702	0.6085255524808659	0.9287254015525652	0.1076	1.4012343939680028	1.4857784793637376	-0.01275	1.497782796228947	1.1232185221825237	0.0702	1.5462250979213457	0.855207935797397	0.1076
306	10.22841225626741	1.1083634408013936	0.8554502117497556	0.0301	0.980321169784717	0.8368823883561297	0.0301	0.8834682210103921	0.40065413729840904	0.129	0.7809875676889668	-0.1372142686047516	0.023	0.7239530325619409	-0.33060649121408525	0.2179	0.6534442640492234	-0.2945565072080313	0.1804	0.8155549823144902	-0.23149186008596795	-0.0119	1.2392035044909808	0.8054919563417839	0.0301	1.1943415993022342	0.33494274502628224	0.129	1.1201433452664922	-0.11129959518246751	0.023	1.1734383622139983	-0.28440937224116825	0.2179	1.2343484768301718	-0.26466086563594793	0.1804	1.0709761358663912	-0.1837514480767436	-0.0119	1.1576705519085515	1.5737796658717749	0.0008	1.1524101322702984	1.8493457635375103	0.0655	1.1027371082455166	1.5906080208943199	0.1076	0.915741975839057	1.5206306338672777	-0.01275	0.758065033106309	1.1970452467285724	0.0702	0.6104578733338224	0.9305441140976294	0.1076	1.3931738112565444	1.4878619165155529	-0.01275	1.4927847218682835	1.124424401512982	0.0702	1.5462091890897007	0.8556012364961386	0.1076
307	10.261838440111422	1.1001703500344688	0.8600286090029171	0.0301	0.9713541926172676	0.8348422541134596	0.0301	0.8812588615699178	0.4058744841239477	0.129	0.7783181573608219	-0.13665455473625934	0.023	0.7221769520031462	-0.33027146592118967	0.2179	0.6432462708047502	-0.29687353402708505	0.1804	0.8162622474831984	-0.2311130881292099	-0.0119	1.2326728804882825	0.803755460025808	0.0301	1.1894310081257957	0.33355203830193914	0.129	1.1194586623550544	-0.11135553465803494	0.023	1.171554471403267	-0.2838057384567248	0.2179	1.2329738654847069	-0.2645283298460729	0.1804	1.068787033321523	-0.18429215150776018	-0.0119	1.147112563873701	1.5748456706068943	0.0008	1.1428949870049787	1.8554682820278692	0.0655	1.0946953132631176	1.5908280587422592	0.1076	0.9093099151439422	1.5250331603491236	-0.01275	0.7555709621152482	1.2020888515927142	0.0702	0.6125785726931666	0.931438398829809	0.1076	1.3843339792573295	1.4935767503765185	-0.01275	1.487286207688361	1.128764767561389	0.0702	1.5462358331474115	0.8577876341003595	0.1076
308	10.295264623955433	1.0948671485843793	0.865445253844889	0.0301	0.9631896370848341	0.8369938860960064	0.0301	0.878913475277004	0.40792665162732733	0.129	0.7743840545049112	-0.1365070063857407	0.023	0.722660431699935	-0.33054732234817474	0.2179	0.6414015775986194	-0.29764887181017596	0.1804	0.8168874971858479	-0.2294278143298073	-0.0119	1.2288170621373773	0.8070914801869612	0.0301	1.1851415279074884	0.33243089476606713	0.129	1.1180515186341056	-0.11178493549846172	0.023	1.1720898491480949	-0.2814262874337109	0.2179	1.2333679501440513	-0.26452939847359147	0.1804	1.0674077319777113	-0.18483982940294905	-0.0119	1.1360702868757726	1.5748340739130204	0.0008	1.1330704322867835	1.8570190095328019	0.0655	1.0866337796652825	1.5991686247607215	0.1076	0.9033856545232827	1.529494420326887	-0.01275	0.7526425166556251	1.2054344836947437	0.0702	0.6126327656795765	0.931527291355411	0.1076	1.3751472299805094	1.4995941507750699	-0.01275	1.4818515655687565	1.1330587733738227	0.0702	1.5464498924429568	0.8590057005874203	0.1076
309	10.328690807799443	1.0906604167721443	0.8665361121892867	0.0301	0.9553955538678702	0.842050771703923	0.0301	0.8726484408757382	0.40329350609675246	0.129	0.7719942384296824	-0.13706871951753952	0.023	0.7228811620550131	-0.33190343728253696	0.2179	0.6432668292782032	-0.3000809220716395	0.1804	0.8147211057714467	-0.23183063974352855	-0.0119	1.2256566301936676	0.8122373745028765	0.0301	1.1815679902021063	0.3323276033112045	0.129	1.1169489971844804	-0.11192465818266621	0.023	1.1731390695655113	-0.2809316670324074	0.2179	1.2344798829008028	-0.26493648082800236	0.1804	1.0677260195408418	-0.1852616936420049	-0.0119	1.1264212448156212	1.5761158383042597	0.0008	1.1212271656701194	1.8577432695386733	0.0655	1.0695541231869021	1.6129544957912278	0.1076	0.8978631932798652	1.5345321268503014	-0.01275	0.7481642655346862	1.2068774280360706	0.0702	0.6098170497835053	0.930602962722639	0.1076	1.3661033201225612	1.5016387449206994	-0.01275	1.4769154824031572	1.1346604810762555	0.0702	1.5466619847586076	0.8580602986191032	0.1076
310	10.362116991643454	1.08437526925445	0.863945821125396	0.0301	0.9483478315383328	0.8453272604479632	0.0301	0.8642843578261595	0.3928543887748827	0.129	0.7712674116659702	-0.1372759794429743	0.023	0.7225942689345971	-0.334253712283257	0.2179	0.6461740361926759	-0.3035580917305544	0.1804	0.8099384857144294	-0.2356643176184775	-0.0119	1.2201696427719566	0.8150278091945274	0.0301	1.1780014239972125	0.3319616883311087	0.129	1.1169078488223898	-0.11219962190896449	0.023	1.1734162464466886	-0.2837106106540307	0.2179	1.2351502571237472	-0.2658341342740857	0.1804	1.0685830999466788	-0.1850444190631901	-0.0119	1.1166322970871378	1.5788614591760477	0.0008	1.10891339096344	1.8592237234059732	0.0655	1.0482382303140243	1.6227313044964	0.1076	0.8903784799844551	1.5370232927021497	-0.01275	0.7416046084122291	1.2057284297259263	0.0702	0.6064547680320157	0.9293777429645083	0.1076	1.3571500755289354	1.5011776883125283	-0.01275	1.4722414728207154	1.1342874739626663	0.0702	1.546169575990401	0.8564441647798677	0.1076
311	10.395543175487466	1.0765588111093292	0.8615035506901106	0.0301	0.9427487269332558	0.8448161203037133	0.0301	0.8575519982244907	0.38327080520480766	0.129	0.7704744546497083	-0.13584175024371098	0.023	0.7231239090510246	-0.33665689227731593	0.2179	0.6482986643685699	-0.3063444851785508	0.1804	0.8061840074163	-0.23739174954676748	-0.0119	1.213092632754295	0.8151552745087471	0.0301	1.1749032075159414	0.33059239579819183	0.129	1.1173214957077442	-0.11265508869665099	0.023	1.1725298140078644	-0.2864207810707363	0.2179	1.235260039590315	-0.2662232830228961	0.1804	1.0688356998257718	-0.18322242770043978	-0.0119	1.1048377092655919	1.5810445781192717	0.0008	1.0972301854175923	1.8610452500086325	0.0655	1.0326694282760558	1.626054317765194	0.1076	0.8790020407941963	1.5337086941710933	-0.01275	0.7337841960765271	1.201917962505942	0.0702	0.6042367905383087	0.9283631689939891	0.1076	1.3476248397528456	1.5024442714680537	-0.01275	1.4669908305738073	1.1353342402854558	0.0702	1.5437371934277706	0.8560634483442789	0.1076
312	10.428969359331477	1.0699060268872775	0.8607999902971297	0.0301	0.9374920263084513	0.8427474542679008	0.0301	0.8531740431372653	0.3768666279135101	0.129	0.7685687953874546	-0.1347047819463283	0.023	0.7247724586945193	-0.338525624408747	0.2179	0.6487083270043903	-0.30802145435646516	0.1804	0.8048367737739545	-0.23685688292969212	-0.0119	1.2070985231109808	0.8143656646916844	0.0301	1.1725003077520402	0.3279332965809572	0.129	1.1174884883216158	-0.11250555326879592	0.023	1.1718336388123662	-0.287237249008724	0.2179	1.2354418462927654	-0.2658185863496555	0.1804	1.0687499632316093	-0.1813603148170488	-0.0119	1.0921731549992133	1.5823798108337106	0.0008	1.0851871991341826	1.8624113380931435	0.0655	1.0222015264431696	1.6280862942127425	0.1076	0.8657718367140164	1.5257372240866915	-0.01275	0.7259484034296758	1.1981378939160903	0.0702	0.602229104868802	0.928351623047663	0.1076	1.336945742792875	1.504944388090861	-0.01275	1.4610831705562213	1.1398515823413051	0.0702	1.5400775623397305	0.8569534568376558	0.1076
313	10.462395543175488	1.0641911259422374	0.860292790907886	0.0301	0.9309157442583214	0.8403438181376478	0.0301	0.8494774113097542	0.37036880367976177	0.129	0.7656836453343947	-0.1368095739924733	0.023	0.7253916407158681	-0.34072218455712316	0.2179	0.6476451948883326	-0.3098321326392932	0.1804	0.8036954939078244	-0.23519374852196773	-0.0119	1.202302865958203	0.8132713513931689	0.0301	1.1705874049539153	0.3240599763279815	0.129	1.1174449355775664	-0.11159350916549529	0.023	1.1734488288412528	-0.2879804553441563	0.2179	1.236168960502992	-0.2657507204068341	0.1804	1.068864953470319	-0.1822891301202427	-0.0119	1.0813300381213549	1.5834352144551274	0.0008	1.0717815965562805	1.8627525975498116	0.0655	1.009286983341207	1.6312854445402263	0.1076	0.8540619920290885	1.5178514035161885	-0.01275	0.7185623762345092	1.1969493602779324	0.0702	0.5996035728796079	0.9301626783423245	0.1076	1.3263345529325035	1.504869612287948	-0.01275	1.455012243554258	1.1451182789361818	0.0702	1.5382094144129324	0.8581543715976488	0.1076
314	10.4958217270195	1.057702046197432	0.857898153173782	0.0301	0.9235151440687887	0.8376361086564281	0.0301	0.8439129458850101	0.3628932960275655	0.129	0.7633015866530088	-0.1408786310333581	0.023	0.7226953613482215	-0.34250336963787187	0.2179	0.6458497890461549	-0.31137442537021925	0.1804	0.8019283012020397	-0.23388606620448207	-0.0119	1.1974920896847516	0.8123677343569523	0.0301	1.1696728475832827	0.3202044937312686	0.129	1.1175518116236356	-0.1108120184219117	0.023	1.1765340547562362	-0.2896396797708266	0.2179	1.2376563706883392	-0.26640495418518795	0.1804	1.0689133711735943	-0.18411483060104808	-0.0119	1.0734625909948878	1.5834303547995414	0.0008	1.0579695074985476	1.8620764693147887	0.0655	0.9929882628386469	1.6328235910796232	0.1076	0.8445790364234568	1.5139112750442878	-0.01275	0.7114156165745886	1.1979051616000163	0.0702	0.5969655279301808	0.9329135897063402	0.1076	1.3175449539617659	1.5020880389441027	-0.01275	1.4491387605848387	1.1479593060452058	0.0702	1.538342202230417	0.8588653763511133	0.1076
315	10.52924791086351	1.0510829530076482	0.8539874963431063	0.0301	0.9167074905754393	0.8361648593511831	0.0301	0.8355640819991278	0.3558860874111797	0.129	0.7623715372995088	-0.14344594485804865	0.023	0.7183120666278796	-0.3413311414575664	0.2179	0.6444152084242455	-0.31064853605834764	0.1804	0.8003414632699295	-0.23358310176728508	-0.0119	1.193357375059444	0.8122513989186253	0.0301	1.1701084367889911	0.3175328155920946	0.129	1.117761049577886	-0.11126319335630785	0.023	1.1790607257219858	-0.29140995543965276	0.2179	1.2398982851388527	-0.2670824294264836	0.1804	1.0680975798276635	-0.18350306077639156	-0.0119	1.067486340921064	1.5823666907853746	0.0008	1.0456375019683026	1.8603015543836585	0.0655	0.978892578341738	1.6297584034141372	0.1076	0.8357325650028328	1.5128864546527323	-0.01275	0.7051763333904372	1.1997175329820966	0.0702	0.595502511376095	0.9350704087860613	0.1076	1.3101116048897077	1.5003523722097154	-0.01275	1.4444167605244924	1.1489623734117793	0.0702	1.53762710601886	0.8587113022942684	0.1076
316	10.562674094707521	1.0464991790523859	0.8512651605959003	0.0301	0.9115040459308175	0.8373021154722847	0.0301	0.828389428334677	0.35081550138055906	0.129	0.7618071525352613	-0.1438075979186079	0.023	0.7169504317587441	-0.3383106480985846	0.2179	0.6445586882095119	-0.3089681496264425	0.1804	0.7985676789406962	-0.23358139530149327	-0.0119	1.1912057011763115	0.8130399281162912	0.0301	1.1717197867938889	0.3168909687500906	0.129	1.1176249048641755	-0.1127605941455434	0.023	1.181987654805157	-0.29295908681143207	0.2179	1.242149441375398	-0.26732183461903103	0.1804	1.0663923122457688	-0.18277919698595604	-0.0119	1.0613037185042373	1.5819834897644507	0.0008	1.0350252678043295	1.856647745909291	0.0655	0.9698322964437952	1.6227961524299361	0.1076	0.8265029392270872	1.5110766489232252	-0.01275	0.7009029204633397	1.2013187866465491	0.0702	0.5960905482805643	0.9357492427587987	0.1076	1.3031726956759333	1.5008030739507876	-0.01275	1.4411763145836904	1.148851965783462	0.0702	1.5361210980505633	0.8584973256737809	0.1076
317	10.596100278551532	1.0449907422889304	0.8523011031625598	0.0301	0.9084326643606572	0.8402921643955611	0.0301	0.8271394647902925	0.3501597219895636	0.129	0.7609274797672075	-0.14345542248562473	0.023	0.7202950460247064	-0.3374388214036575	0.2179	0.6462736290533403	-0.3091138074586324	0.1804	0.7965081109388307	-0.2330276472570802	-0.0119	1.1901869194968002	0.8150015206579928	0.0301	1.174755311203854	0.3179366133305975	0.129	1.1173869459887318	-0.11276367761091773	0.023	1.185394479034432	-0.29408960556293545	0.2179	1.242968320068821	-0.26715503677972235	0.1804	1.0657378094630796	-0.18350327782670717	-0.0119	1.0545401523403641	1.5830217934709374	0.0008	1.0249695449102896	1.8509241306732607	0.0655	0.9642873161962486	1.6157048899254984	0.1076	0.8182249012521235	1.5082344368955047	-0.01275	0.6985851606650333	1.2015723161573728	0.0702	0.5981811972891511	0.9352551750877152	0.1076	1.2982319327097458	1.499676645842145	-0.01275	1.4385404293701265	1.1467952557068146	0.0702	1.5359864605543279	0.858809498285329	0.1076
318	10.629526462395544	1.0456397932658579	0.8577935089291197	0.0301	0.9063732239425154	0.8423176770805993	0.0301	0.8299086171254878	0.35402028656630996	0.129	0.7606886122115042	-0.14303903081513236	0.023	0.7240785735902416	-0.33889325342532645	0.2179	0.6480867243645511	-0.3101637829709605	0.1804	0.7956392415873215	-0.23126153318629172	-0.0119	1.188415039705957	0.8171016872357274	0.0301	1.1797789150964202	0.31755288653238256	0.129	1.1177425252433795	-0.10894516394933088	0.023	1.1857905636229749	-0.2935200806452695	0.2179	1.2418002252713738	-0.2667431506798312	0.1804	1.0675493980508457	-0.18020548668162756	-0.0119	1.0497160506100283	1.584433425272239	0.0008	1.0149328573402976	1.8456162276114607	0.0655	0.9605980160023688	1.6132761622796667	0.1076	0.8134965148863608	1.5075966959372975	-0.01275	0.6979433458579675	1.2011411345915601	0.0702	0.6000189903447235	0.9350477155035332	0.1076	1.296057620121092	1.495736434854196	-0.01275	1.436436647692021	1.1434875086630563	0.0702	1.5365440687964191	0.8586561706022002	0.1076
319	10.662952646239555	1.0467398832958847	0.8643507274482258	0.0301	0.9043681712807885	0.8406489907155228	0.0301	0.831285227257488	0.35832497920090306	0.129	0.7613753345204024	-0.1421035145153055	0.023	0.7235152267659093	-0.33990921641947247	0.2179	0.6486457976123116	-0.31038710041176387	0.1804	0.7968402409394246	-0.22751416894156848	-0.0119	1.1865211820767059	0.8167963646857971	0.0301	1.1859275599745405	0.31393173676064046	0.129	1.1177825301646314	-0.10302571590432882	0.023	1.1825862677901098	-0.29056317509786284	0.2179	1.239854576005011	-0.26586571768726885	0.1804	1.0693397778536449	-0.17035678071078028	-0.0119	1.0478499494045885	1.5850282407623077	0.0008	1.0058916273024598	1.8441384767379108	0.0655	0.9575440739067076	1.6170640402672283	0.1076	0.8129130619206151	1.5096967711546005	-0.01275	0.6981677435659482	1.2013088919037456	0.0702	0.6005988985852992	0.9356083347910129	0.1076	1.2946687643857437	1.4941627463963345	-0.01275	1.434448935661936	1.141248526725403	0.0702	1.5361681459157615	0.8579314848326672	0.1076
320	10.696378830083566	1.0472471490073496	0.8656044410815544	0.0301	0.9036174597344054	0.8360354331480669	0.0301	0.830796797362176	0.3601262928355147	0.129	0.7619000637172046	-0.14105929428175729	0.023	0.7199178532818201	-0.34017864887868376	0.2179	0.6479766501170761	-0.3104969275892329	0.1804	0.7987432117224503	-0.22212555857116667	-0.0119	1.1867618555558206	0.8135416920712552	0.0301	1.190873422305557	0.30985831804685965	0.129	1.1151647420899502	-0.09892284214503938	0.023	1.180548236506107	-0.2877036572751581	0.2179	1.2380424456448997	-0.26420896371383024	0.1804	1.0670084231751351	-0.16110426595407085	-0.0119	1.0456757871532238	1.5846167219617138	0.0008	1.0006958883859745	1.8459084886761923	0.0655	0.9545827910772139	1.6197257309110418	0.1076	0.8134883220582947	1.5101466808776778	-0.01275	0.6975827616880013	1.2005737159236516	0.0702	0.6004977504284935	0.9359346279012399	0.1076	1.2933498837428181	1.4966363753325007	-0.01275	1.4309129374594938	1.1409266150054054	0.0702	1.5353210532335624	0.8579625325373222	0.1076
321	10.729805013927578	1.0470453823322454	0.8600458525170454	0.0301	0.9046925362915764	0.8311026817986832	0.0301	0.8313653657239005	0.3605235726371874	0.129	0.7619582088900777	-0.14114177690403876	0.023	0.7184302983852574	-0.3413803045230803	0.2179	0.6473462659527424	-0.31127662535709144	0.1804	0.7994189300121419	-0.21883660743461966	-0.0119	1.1880067894482895	0.809183014273118	0.0301	1.19384278200828	0.30819100170638347	0.129	1.1098470950871824	-0.09844005051385755	0.023	1.1821743537348581	-0.2884664768284409	0.2179	1.2359450611686826	-0.2628340664461819	0.1804	1.0601180045103378	-0.159090753822305	-0.0119	1.0414616805720858	1.5834133867561069	0.0008	1.001044862025001	1.8465182516290541	0.0655	0.9530742954174342	1.6124441698058487	0.1076	0.8120474613549283	1.5057114961510323	-0.01275	0.6962801190921182	1.19681447174421	0.0702	0.6004022188305834	0.9352003988032864	0.1076	1.2929730404320146	1.4975887518960915	-0.01275	1.4266936524053264	1.1411439900447384	0.0702	1.5347701498511606	0.858974291887088	0.1076
322	10.763231197771589	1.0471562127188323	0.8537517792082556	0.0301	0.9071181516140054	0.827720335540811	0.0301	0.833260032815959	0.361826862830386	0.129	0.7619416116488287	-0.14214770310823965	0.023	0.7208052329959498	-0.34383564392165133	0.2179	0.6477935673576279	-0.3120261324089296	0.1804	0.7999091239621294	-0.2225109402638815	-0.0119	1.1875873997317237	0.8062078924692002	0.0301	1.1959264850243325	0.3084552724594107	0.129	1.1052245676187953	-0.10105654520875236	0.023	1.1826309781025686	-0.29290096321233816	0.2179	1.2330479233487168	-0.2638819931984925	0.1804	1.05271211851551	-0.16246026614582573	-0.0119	1.0386409011225182	1.5812548367904335	0.0008	1.0041516235013832	1.8438197352869212	0.0655	0.9522610482178324	1.5995293288982273	0.1076	0.8095875899209888	1.500133318246251	-0.01275	0.6964322577091705	1.191834801705988	0.0702	0.6000043511018578	0.9335341615475568	0.1076	1.2925884687312308	1.4952869788665284	-0.01275	1.4253851779499422	1.1408096681843318	0.0702	1.5344054298865202	0.8596619184156468	0.1076
323	10.7966573816156	1.0497002110751008	0.8528340506350254	0.0301	0.9121747828722567	0.8279995110661207	0.0301	0.8351825826221304	0.36424493309973105	0.129	0.7610090451112206	-0.14276623778329392	0.023	0.7242153808729382	-0.3458812761960292	0.2179	0.6488842326877801	-0.3113445022655513	0.1804	0.8024283800533363	-0.23134158141998382	-0.0119	1.1877138516446406	0.8071480798224631	0.0301	1.1971121678413783	0.3083697752031122	0.129	1.1033808936869547	-0.10532085372403417	0.023	1.176458528194211	-0.2980519191089398	0.2179	1.2280840492626897	-0.2677193100308736	0.1804	1.0483731349874994	-0.1666998366512876	-0.0119	1.039774416782694	1.5789031716582786	0.0008	1.0064704720586728	1.8401274338567193	0.0655	0.9498417664669703	1.5925670900105933	0.1076	0.8092062680471103	1.4986641387165096	-0.01275	0.6987576607146425	1.1892238980890508	0.0702	0.5990519636095608	0.9320903185222162	0.1076	1.291303232240904	1.493728095361158	-0.01275	1.4282866086885697	1.1405507680609543	0.0702	1.5343011512039302	0.8590878216258743	0.1076
324	10.83008356545961	1.0546883927694717	0.8562050688796289	0.0301	0.9197995300953153	0.8308755978740531	0.0301	0.837169644898232	0.3650147177905134	0.129	0.7591763828157285	-0.14357772394208776	0.023	0.7255726119521532	-0.3466109489451304	0.2179	0.6490583667797871	-0.3092987463354148	0.1804	0.804614587888317	-0.2373727408394222	-0.0119	1.1917225714241941	0.8099548844590796	0.0301	1.196158564523577	0.30561849362809845	0.129	1.101702307672844	-0.10974544938115258	0.023	1.1661859981578189	-0.3016356157022463	0.2179	1.2201427297250806	-0.27208607337589585	0.1804	1.0463499164327048	-0.17122758888075232	-0.0119	1.043161042831596	1.5778578971543522	0.0008	1.0073223317564424	1.837777718681757	0.0655	0.9484505831008115	1.593874400607926	0.1076	0.8115158136345517	1.4998399719681434	-0.01275	0.7015369267314123	1.1892318822634584	0.0702	0.5987510402763839	0.9325551989619948	0.1076	1.2911737931830896	1.4933738429797876	-0.01275	1.4329772534205825	1.141343667115263	0.0702	1.5350790446979021	0.8581693669174321	0.1076
325	10.863509749303622	1.0586209845663015	0.8576055150637272	0.0301	0.9257864436413613	0.8311687926801509	0.0301	0.8397217163657483	0.3622265416832668	0.129	0.7585018722384426	-0.14686868020411153	0.023	0.7245312387134002	-0.3471867517041618	0.2179	0.6465533499840896	-0.30808499251097643	0.1804	0.8036158679939346	-0.23811638737977026	-0.0119	1.1971795200133695	0.8082755109278458	0.0301	1.193097171216206	0.3004020111380295	0.129	1.097137738202381	-0.11411600581031207	0.023	1.1589934307976817	-0.30321921144825087	0.2179	1.2126626178914781	-0.27524484039992875	0.1804	1.0443705167429773	-0.17791827986391406	-0.0119	1.0470103638114636	1.5774956531419257	0.0008	1.0079203270463677	1.8361806081934404	0.0655	0.9510698102214685	1.5975005303559846	0.1076	0.8157579711968039	1.4993776665995386	-0.01275	0.7038155521983823	1.1896358123452102	0.0702	0.6008448359806381	0.935857788362429	0.1076	1.2941794248753458	1.4918300932531912	-0.01275	1.4374723502859597	1.1429376934109805	0.0702	1.5370593188448245	0.8581345699152055	0.1076
326	10.896935933147633	1.0601762622847808	0.8548703655661658	0.0301	0.9284369299850749	0.8284680377705672	0.0301	0.8425873385454784	0.35924669888881533	0.129	0.7593002927764495	-0.15235266966655123	0.023	0.7229497910368413	-0.3475821954553379	0.2179	0.6414807312675689	-0.30781334306049557	0.1804	0.8021412537766865	-0.23725949410204364	-0.0119	1.200194838181511	0.8025195123605665	0.0301	1.1898988176774057	0.297340961483447	0.129	1.0913149299621498	-0.11940318730321967	0.023	1.1569878801943574	-0.30308136125623214	0.2179	1.2104195922309262	-0.27743260316251883	0.1804	1.042403137064708	-0.18669019282585314	-0.0119	1.0514660227730201	1.5764317180578054	0.0008	1.0107526023090139	1.833275391578314	0.0655	0.9562252367196812	1.5982027440987692	0.1076	0.8225511150004549	1.4972541862008857	-0.01275	0.7075534450614512	1.1891131730034004	0.0702	0.6052705755786633	0.9408306930623866	0.1076	1.29951290127861	1.490426955234564	-0.01275	1.442575081085625	1.1446913941086327	0.0702	1.5394290551863534	0.8585575347333105	0.1076
327	10.930362116991644	1.0625464759621857	0.8518895565541285	0.0301	0.9315873950302646	0.827437637244613	0.0301	0.8457511870548224	0.36116443576176027	0.129	0.7603645339387368	-0.1563294893402521	0.023	0.7222464327946858	-0.3463958570175735	0.2179	0.6373647904151013	-0.30612041882709884	0.1804	0.80269018503344	-0.23554459637964267	-0.0119	1.2017173472110807	0.7996590481673139	0.0301	1.1880004692517818	0.29921161660542966	0.129	1.087737377095441	-0.12541069024668206	0.023	1.1560552106791275	-0.30145753286381816	0.2179	1.2122914922747734	-0.2786322422937294	0.1804	1.0411985090454565	-0.19467031269877663	-0.0119	1.0570077839298955	1.576311618265289	0.0008	1.0175485566463531	1.8279328280121292	0.0655	0.9643423802099639	1.5931343177952277	0.1076	0.8328588332089234	1.496533177893248	-0.01275	0.7150663871442878	1.1876565349651798	0.0702	0.6101765924158343	0.9451502710739283	0.1076	1.3064284948885745	1.4917522711679025	-0.01275	1.4487011317518543	1.1468477898688767	0.0702	1.5409041616263062	0.8586220714616949	0.1076
328	10.963788300835656	1.0680187274578312	0.8514883118935604	0.0301	0.9376832756453097	0.8284292340147053	0.0301	0.8506841438311409	0.36754671336953304	0.129	0.7620263723189818	-0.1569949573049835	0.023	0.7219930351715833	-0.3449578911247199	0.2179	0.6370211032698312	-0.3041224328706635	0.1804	0.803860695442994	-0.23409873050373314	-0.0119	1.2052751331139067	0.8011312642066762	0.0301	1.1865387800151894	0.30109195387816007	0.129	1.08688635884773	-0.12984632918090838	0.023	1.1530222449398018	-0.2992871564228548	0.2179	1.2132278461317285	-0.27846211684018146	0.1804	1.0405409202598739	-0.19968741369729967	-0.0119	1.0642089036469269	1.5793235424768393	0.0008	1.0272460842191173	1.8221305173997702	0.0655	0.9782012333650878	1.5841789800916912	0.1076	0.845857221382873	1.4991395762711648	-0.01275	0.7255032890922876	1.1864381356797429	0.0702	0.6140178948476341	0.9479355937792073	0.1076	1.315621953634297	1.4946804915327276	-0.01275	1.4546993925343437	1.149086307081698	0.0702	1.541469730970998	0.8583941574312973	0.1076
329	10.997214484679667	1.0752586994147295	0.8528903070278163	0.0301	0.9452106873017334	0.8284637767372329	0.0301	0.8578287023684386	0.3725650818182173	0.129	0.7640542968370424	-0.15639243415958826	0.023	0.7208342297803956	-0.34567840093080865	0.2179	0.6381326765377591	-0.3046676170208653	0.1804	0.8046604159855977	-0.23655083914674602	-0.0119	1.2118054983844604	0.8029382720835546	0.0301	1.1846447411064243	0.29948610495721334	0.129	1.0870817147294491	-0.13104263109172265	0.023	1.149521440320794	-0.29808910273146305	0.2179	1.2116556307839765	-0.27790198288687196	0.1804	1.0404490050875066	-0.2024975954310438	-0.0119	1.0739412695246806	1.5839346773786558	0.0008	1.038048028540355	1.820652419847309	0.0655	0.995776083247493	1.5788530696416923	0.1076	0.8592352875482918	1.5043590987742028	-0.01275	0.7363154654698784	1.1871499790932372	0.0702	0.6165361398788615	0.9492325583344555	0.1076	1.3266357569589105	1.4974434426830256	-0.01275	1.460493659772253	1.1495682232522269	0.0702	1.5425497990433255	0.858098062468415	0.1076
330	11.030640668523677	1.0818903742535717	0.8544193615498562	0.0301	0.9525707473028933	0.8278511567470883	0.0301	0.8651323406864522	0.3736778055913768	0.129	0.7651913724126824	-0.1546243225744737	0.023	0.7185203928179754	-0.34672351279096675	0.2179	0.6376311775388284	-0.3054799892478926	0.1804	0.8059562017667287	-0.2403795733106928	-0.0119	1.2188409362390167	0.8033181991791544	0.0301	1.183206375172107	0.2984973195753865	0.129	1.0873271957274868	-0.12992680392242434	0.023	1.1484274689812983	-0.29807060405937974	0.2179	1.2099402824771632	-0.27832967011182147	0.1804	1.0410609773766697	-0.20430869747494196	-0.0119	1.0863306914536945	1.5865579291843832	0.0008	1.049860027211761	1.8270134417171051	0.0655	1.0113092352484438	1.5833270370016184	0.1076	0.8718454872742308	1.5103308513234848	-0.01275	0.7468387755383195	1.1894004313470592	0.0702	0.6180979095880369	0.9481167223553986	0.1076	1.3376748183424423	1.5011826801122616	-0.01275	1.4667137919400612	1.1476255327186202	0.0702	1.5445979975945903	0.8578271577731075	0.1076
331	11.064066852367688	1.08770762242563	0.8550081950418751	0.0301	0.9597982496569982	0.828445580474777	0.0301	0.8712095721247544	0.3747269926752815	0.129	0.7667338523662729	-0.14910558267257554	0.023	0.7181371493956006	-0.3445007783582197	0.2179	0.6382004837934783	-0.30280012730475997	0.1804	0.8080486903019108	-0.24057512269054931	-0.0119	1.2243787300539355	0.80314720040533	0.0301	1.1828925621239352	0.30075163811531047	0.129	1.0874989999583742	-0.1284128765279659	0.023	1.149551499826674	-0.29817389518420223	0.2179	1.209545862748556	-0.27934310480277663	0.1804	1.0412323710761537	-0.20482134927424375	-0.0119	1.1001970505054535	1.5856678961122277	0.0008	1.064070616286344	1.838903762481834	0.0655	1.0234407221485624	1.5962878195510124	0.1076	0.8839308867309122	1.5151498140453836	-0.01275	0.7569514256692549	1.1895758968443253	0.0702	0.6188702420679774	0.9439505717035964	0.1076	1.3477837418781167	1.5054539961184625	-0.01275	1.4730886280841071	1.1449994125150307	0.0702	1.5462887052919623	0.8578903819487361	0.1076
332	11.0974930362117	1.094608630026791	0.8548956139859837	0.0301	0.967482404398921	0.8298468607975816	0.0301	0.8762285656584345	0.3784235216284253	0.129	0.7702250094524512	-0.14219797594680872	0.023	0.7226563985100924	-0.3396149557275424	0.2179	0.6452789966285724	-0.2985180136829587	0.1804	0.8093512744331894	-0.2385883337502872	-0.0119	1.2294784904659257	0.8034376668543005	0.0301	1.1830218074635668	0.3046471670209937	0.129	1.0872393911378726	-0.12754147407119848	0.023	1.1509813909370665	-0.29793647547032326	0.2179	1.2092257803731394	-0.27930387773550236	0.1804	1.0398928027269216	-0.20411279541468053	-0.0119	1.1131691924131837	1.5831389567545682	0.0008	1.0808587450173315	1.848282558319368	0.0655	1.0365731982256803	1.6086871180859739	0.1076	0.8943344202409729	1.516945064006774	-0.01275	0.7644190478347133	1.183878065781785	0.0702	0.618500321266316	0.936052455439253	0.1076	1.3572889023079437	1.5061065225829697	-0.01275	1.4789147690989723	1.1422635686355935	0.0702	1.5474015996514623	0.8583547492568748	0.1076
333	11.130919220055711	1.1031726238120463	0.8561819367231027	0.0301	0.9754827583075071	0.8315259924926379	0.0301	0.880771104276053	0.38505683558718196	0.129	0.7734555629669719	-0.13967392231410394	0.023	0.7281790854423863	-0.33563588652610077	0.2179	0.6574090812862223	-0.2964863325659605	0.1804	0.8085296805841843	-0.23721425902629117	-0.0119	1.235987955881189	0.8053411170955251	0.0301	1.182910770271439	0.3100429384483318	0.129	1.086519039268457	-0.1273888827519974	0.023	1.152161401773602	-0.2977239677632487	0.2179	1.2075361701055907	-0.27824679182473055	0.1804	1.0381911467758345	-0.20310983761654045	-0.0119	1.1233927260930638	1.581785652007608	0.0008	1.0973043379408078	1.8496675631395179	0.0655	1.0536266744291263	1.611344473827313	0.1076	0.9014812827154364	1.5159014900775196	-0.01275	0.7681970952936921	1.1734130026941219	0.0702	0.6166003441246334	0.9239241322732379	0.1076	1.3668332470284923	1.5025982948327623	-0.01275	1.4835822075256238	1.138697099147336	0.0702	1.5490675495307895	0.8587960252230797	0.1076
334	11.164345403899722	1.1114632208097837	0.860388224927013	0.0301	0.9828891424475305	0.8351465242392129	0.0301	0.8851231710179355	0.3931459973777013	0.129	0.7740693705553651	-0.1415397413229371	0.023	0.7290206982434945	-0.333997166999636	0.2179	0.6654317641538476	-0.2963743700439436	0.1804	0.8067941402468396	-0.2349224084974922	-0.0119	1.2436829793481037	0.8098451292532847	0.0301	1.182792491205828	0.31720109214878217	0.129	1.086482830414585	-0.1277350412969893	0.023	1.1530667102483705	-0.2977188808659042	0.2179	1.205214214722632	-0.27832320246431447	0.1804	1.0377727820727427	-0.20180369546674728	-0.0119	1.1321561444217336	1.5823495145230664	0.0008	1.111053677883037	1.845788543794487	0.0655	1.0716906883097737	1.6049007885248485	0.1076	0.9068265919019188	1.5143043681426582	-0.01275	0.7714231400011513	1.164988875218439	0.0702	0.6142847082119837	0.9132830316081261	0.1076	1.3769546708465126	1.499621970558178	-0.01275	1.4874980741804615	1.1357257583004603	0.0702	1.5509206580380268	0.8586907941677745	0.1076
335	11.197771587743734	1.117764200285815	0.8657791685344802	0.0301	0.9888248111122789	0.8416874429042186	0.0301	0.8890445976152371	0.3969796818365188	0.129	0.7733722390839444	-0.14345802258927828	0.023	0.7268808081560714	-0.33226908715360387	0.2179	0.6649064573957549	-0.29619665002377066	0.1804	0.8066130114277759	-0.23127204619167727	-0.0119	1.25025849492886	0.8158009350913359	0.0301	1.1831080572785846	0.3239688980687596	0.129	1.0876636032959537	-0.12833641301849144	0.023	1.1528065718644052	-0.2979585339698845	0.2179	1.2039351115939285	-0.28008183677351384	0.1804	1.0380598338818114	-0.19998456855845867	-0.0119	1.1419543069857945	1.5835270477854082	0.0008	1.1233213734610055	1.841747324679351	0.0655	1.086179258151591	1.5971012290329591	0.1076	0.9133531157016214	1.5131855391295292	-0.01275	0.7765189184318667	1.1639476129259796	0.0702	0.6133978316040329	0.9117324800684364	0.1076	1.387770592922069	1.4990316523263256	-0.01275	1.4920747818671447	1.1347088792432336	0.0702	1.551864764276456	0.8575023636457523	0.1076
336	11.231197771587745	1.1229268798055756	0.8695161890228946	0.0301	0.9939429295840061	0.8481120624285693	0.0301	0.8934583735559811	0.39412948192590924	0.129	0.7739593887990679	-0.14313230959605897	0.023	0.7260755984783753	-0.32782345433779414	0.2179	0.6608418476710579	-0.29545051067395073	0.1804	0.8091503190307271	-0.22993244409598584	-0.0119	1.2540604073663424	0.8200895869793376	0.0301	1.18327367079962	0.3281634649002306	0.129	1.0888201479206299	-0.1289450496356786	0.023	1.1511577931611514	-0.2986421165029323	0.2179	1.2040415829315985	-0.2807191592594536	0.1804	1.037763960997178	-0.1986285909814131	-0.0119	1.1520131481684646	1.583926217667653	0.0008	1.1351655365904665	1.8388546065367066	0.0655	1.0967704077034925	1.5919789035341125	0.1076	0.921490719347384	1.5120491455671106	-0.01275	0.7807765656171826	1.1670037632102253	0.0702	0.6132112918521072	0.9163015319952119	0.1076	1.3976935793043375	1.4988416209452435	-0.01275	1.4971727068431926	1.1343410139300023	0.0702	1.55212963855277	0.8559826938797469	0.1076
337	11.264623955431755	1.1281198725065515	0.8701520902019912	0.0301	0.9999323895891901	0.8497335227591719	0.0301	0.899144020555662	0.38912087407794105	0.129	0.7767574802858522	-0.14026001192272247	0.023	0.7270737586442828	-0.32204723174098915	0.2179	0.6580328278548608	-0.2932597689923375	0.1804	0.8135508548275325	-0.23121246481345833	-0.0119	1.2562120329538244	0.8201832493626791	0.0301	1.1823670156344077	0.3290829687358872	0.129	1.0888529216379315	-0.12974893998451958	0.023	1.1495093718024663	-0.2992044802196525	0.2179	1.2048736405062577	-0.2785336909087403	0.1804	1.0371893441255164	-0.1983778343897137	-0.0119	1.1591810435250023	1.5833939723598531	0.0008	1.145868890218783	1.8349120621522694	0.0655	1.1079978658061658	1.5872292883629726	0.1076	0.9288255549779924	1.5108655099985713	-0.01275	0.7806914387351639	1.1667782698736961	0.0702	0.6115784127510548	0.9192650275675235	0.1076	1.4039962643439192	1.4986750412807135	-0.01275	1.5013858048996815	1.1329916129321642	0.0702	1.5523039987382112	0.8560398400916629	0.1076
338	11.298050139275766	1.1320850609553494	0.8681951126188565	0.0301	1.0060109412856584	0.8465700240105702	0.0301	0.9041631020540258	0.38845715864360125	0.129	0.7812119945273458	-0.13530939990964083	0.023	0.7301172383511826	-0.31971701770292144	0.2179	0.6569401304191802	-0.288760845829185	0.1804	0.8183181211162903	-0.23085158979440765	-0.0119	1.2585003127549987	0.8168814267755017	0.0301	1.180923160045217	0.3275771626657088	0.129	1.088167814795793	-0.1308416806268829	0.023	1.148649110078082	-0.2985794009605071	0.2179	1.205747239786712	-0.27619232644415154	0.1804	1.0368880537972858	-0.19816254974299746	-0.0119	1.162875863593283	1.5824041811990839	0.0008	1.155531521704965	1.8292678917324243	0.0655	1.1217711188381982	1.581628386479342	0.1076	0.9329913667022747	1.510032255249381	-0.01275	0.7778250486611326	1.1632657990146948	0.0702	0.6088144702771776	0.919862963393967	0.1076	1.4063376852167098	1.4993446295018646	-0.01275	1.5049489889731478	1.1307634228512562	0.0702	1.5523047392098706	0.857086297873498	0.1076
339	11.331476323119778	1.134274884258155	0.8662387269041818	0.0301	1.0097760021861797	0.8436016012299731	0.0301	0.9065994845689378	0.39502769172932367	0.129	0.786036627116304	-0.13073106978495225	0.023	0.7359558243750165	-0.32376605371999206	0.2179	0.6571048652495275	-0.28408149489573403	0.1804	0.8222321239748913	-0.22813375615845582	-0.0119	1.2610493867033705	0.8140698107024354	0.0301	1.1802196522372685	0.327556635597591	0.129	1.0876343337892331	-0.13118970973377844	0.023	1.1477378889040668	-0.296917565293648	0.2179	1.205879678970406	-0.2761517809551572	0.1804	1.037140823721802	-0.1967776207391625	-0.0119	1.165819430370772	1.5813357877451601	0.0008	1.1645262166221593	1.8250567061835004	0.0655	1.1332739864329051	1.5783400615799879	0.1076	0.9340420478513687	1.5097121060015941	-0.01275	0.7766488452073289	1.1625083349359009	0.0702	0.6062012998872203	0.9196370084990536	0.1076	1.4080078449660198	1.4999042798349067	-0.01275	1.509107042939535	1.1287246638966892	0.0702	1.5524421773683774	0.8567711184767841	0.1076
340	11.364902506963789	1.1366086799443076	0.8657620108997987	0.0301	1.0110083598362045	0.8425048689665469	0.0301	0.9067084127325349	0.40109892889919324	0.129	0.7890404859700515	-0.130466131111388	0.023	0.740542689486836	-0.33110209430269477	0.2179	0.6582751279748793	-0.2832661983089571	0.1804	0.8238223096064722	-0.22583089939392692	-0.0119	1.2631404132875863	0.8128353789199136	0.0301	1.1804619118025936	0.33158909938785863	0.129	1.087523404754947	-0.12982710491430813	0.023	1.1467058454837407	-0.29582367895297856	0.2179	1.2045961657324251	-0.2767258102684059	0.1804	1.0390340969960778	-0.1946570606544859	-0.0119	1.1701055917549674	1.5806160379180787	0.0008	1.1721075227389168	1.8237170092824189	0.0655	1.1403151165758036	1.5780457718081267	0.1076	0.9346769509563547	1.5097421086179945	-0.01275	0.7783236707973603	1.1642961595947579	0.0702	0.6036338518213836	0.917588868578139	0.1076	1.4120179690194403	1.499243493931749	-0.01275	1.5142430731221732	1.1272195278860833	0.0702	1.5536619480099387	0.8551510266683366	0.1076
341	11.3983286908078	1.139470832501614	0.8659755154547304	0.0301	1.0110746937306239	0.8409636500084366	0.0301	0.9057682207510459	0.4003480248124043	0.129	0.7881962314112377	-0.1348055515489835	0.023	0.7382827100250958	-0.3360081870472585	0.2179	0.6597058846368417	-0.2871363564207444	0.1804	0.8226090732066035	-0.225414319786419	-0.0119	1.2642842653312876	0.8113656760604644	0.0301	1.1812979057013862	0.33579998489848406	0.129	1.0880346981017253	-0.12755885654607632	0.023	1.1470228335281247	-0.29695021420736234	0.2179	1.2024702000268508	-0.27640046213354624	0.1804	1.0420317278115845	-0.19369586439415576	-0.0119	1.1754814884075986	1.5802399823106448	0.0008	1.1777584530884506	1.8235446113141354	0.0655	1.146553183712152	1.5772279503644993	0.1076	0.9378497760609307	1.5100257388562193	-0.01275	0.7807701510583304	1.163155576532792	0.0702	0.601993933395631	0.9147976951235776	0.1076	1.4174034730553338	1.4986198705527085	-0.01275	1.5192973193964943	1.1259563967641577	0.0702	1.5556914928609984	0.8540977596341361	0.1076
342	11.431754874651812	1.1412114934207294	0.8667595732394562	0.0301	1.0108451445475664	0.8398430741428363	0.0301	0.9058056893041042	0.4010568974254293	0.129	0.7845253671954414	-0.13733555209619344	0.023	0.731649689694644	-0.3343272946926887	0.2179	0.6617658420600518	-0.290450598664383	0.1804	0.8208178939005569	-0.22606003670153757	-0.0119	1.2645441249629203	0.8112669457159458	0.0301	1.1825921807462205	0.33630589896058444	0.129	1.0895779551432985	-0.1260515728186885	0.023	1.1490751887348836	-0.29980246600932875	0.2179	1.2015532091244328	-0.2765371746495991	0.1804	1.043039878787038	-0.1952861280037039	-0.0119	1.180675635827186	1.579865094568207	0.0008	1.1822777134551783	1.823452670946807	0.0655	1.15246011227491	1.5747315406930917	0.1076	0.9434156247893928	1.5110559319340129	-0.01275	0.783096173525308	1.1589265583957555	0.0702	0.6025423473006186	0.9134668475948027	0.1076	1.4219499443411576	1.499561771740964	-0.01275	1.522105542569138	1.1249264373865477	0.0702	1.5565379165469782	0.8550242430796983	0.1076
343	11.465181058495823	1.1419197172715208	0.8680652172345691	0.0301	1.011217047368466	0.8414198602893213	0.0301	0.908926829490336	0.40861181716038064	0.129	0.7851680802799341	-0.13278351769830796	0.023	0.7306010955918338	-0.3258934094032988	0.2179	0.6696784984129022	-0.28695699278681414	0.1804	0.8212994313465335	-0.22475105688953873	-0.0119	1.2647854030476966	0.8143385720349895	0.0301	1.1833173889078898	0.3350462744558612	0.129	1.0916706945154893	-0.125843695062628	0.023	1.1503987775529125	-0.3017653054440944	0.2179	1.202139197535111	-0.2773789204807055	0.1804	1.0409729114244688	-0.19726075273140778	-0.0119	1.184856214478828	1.579381043019049	0.0008	1.186638089476392	1.8231018366074592	0.0655	1.155973412246312	1.572697165462057	0.1076	0.9485624205911798	1.5129607398428127	-0.01275	0.785687619300454	1.1556152126463908	0.0702	0.6029989689637215	0.9122207786882791	0.1076	1.4257393036201715	1.5007993606971795	-0.01275	1.5219307090782674	1.1243345813698162	0.0702	1.554899834873141	0.8578470590906565	0.1076
344	11.498607242339833	1.1432835028186947	0.8694414668240925	0.0301	1.0138833269177807	0.8451837522829334	0.0301	0.9157071839129058	0.4159155208012694	0.129	0.7973107914125808	-0.12528086041810435	0.023	0.7404058213658482	-0.3179925526052465	0.2179	0.685845631723182	-0.27842910823947536	0.1804	0.8245687267778792	-0.21993340788361962	-0.0119	1.2659143951417877	0.8180476032992147	0.0301	1.182107474514849	0.33542189065963535	0.129	1.0928771780982078	-0.12615480368806803	0.023	1.1482414128270422	-0.30158581342498303	0.2179	1.2011357559305198	-0.277444496017577	0.1804	1.0388904538311108	-0.19537463638308591	-0.0119	1.1883050735616012	1.5788638272455258	0.0008	1.1909202954630702	1.8222810507021243	0.0655	1.1603265117545964	1.5719361061944628	0.1076	0.9519051534071609	1.5146969639871108	-0.01275	0.7880481623335978	1.1548404441772309	0.0702	0.6009764392755134	0.9100408098092115	0.1076	1.4290033379470621	1.499877891231833	-0.01275	1.5211848038589315	1.12406770572316	0.0702	1.5524713341704504	0.8609593671577654	0.1076
345	11.532033426183844	1.145620832593948	0.8710613786427872	0.0301	1.018519566964726	0.849264318505134	0.0301	0.9234819281850415	0.4176729006290992	0.129	0.8137109343675962	-0.12229700970664169	0.023	0.753121124481895	-0.31734990646161815	0.2179	0.6994555364899022	-0.2732893653968931	0.1804	0.8284097919008256	-0.21434827053686603	-0.0119	1.2675895485507915	0.819950723252039	0.0301	1.1799346732194518	0.3378053409538385	0.129	1.0925224357742795	-0.12595282919932013	0.023	1.1439887028877171	-0.30066530226160465	0.2179	1.1976750796286897	-0.2767963989778845	0.1804	1.0397130419723533	-0.1900198582929161	-0.0119	1.1912805797597306	1.5786784078839136	0.0008	1.1948251026916943	1.8214926666249955	0.0655	1.1693297936489222	1.5713702963218923	0.1076	0.9543194190603838	1.5154962526169293	-0.01275	0.7896572602610903	1.156198271993881	0.0702	0.5986157665952738	0.9091032345733596	0.1076	1.4310195513884798	1.496577730887292	-0.01275	1.5228424825122422	1.1236846023533982	0.0702	1.5520564411936788	0.8630697307126382	0.1076
346	11.565459610027856	1.1480025416150776	0.8724327587158336	0.0301	1.0217439787533238	0.8518011633437489	0.0301	0.927590476315682	0.4160531607878429	0.129	0.8187860423789223	-0.12368681225866367	0.023	0.7576355212978874	-0.3181575706744113	0.2179	0.7011499626360069	-0.2737037062407301	0.1804	0.8300874104374543	-0.21027884803594152	-0.0119	1.269219402700711	0.8201885580905826	0.0301	1.1793249942818655	0.34030026536410984	0.129	1.0915148874271032	-0.1248001387747954	0.023	1.141709023985813	-0.3001504561650064	0.2179	1.1960132159317127	-0.27662804932154944	0.1804	1.0421632394398344	-0.18619592098228413	-0.0119	1.192857690059933	1.5791164905643276	0.0008	1.1980630061999127	1.8211113385673896	0.0655	1.178312057022376	1.570748178935622	0.1076	0.9562692822796898	1.5157797902423975	-0.01275	0.7912463171669011	1.1590622773081403	0.0702	0.5982881926248869	0.9100352043650274	0.1076	1.4319730957109942	1.4930268634999606	-0.01275	1.5263653346787522	1.1235872563878968	0.0702	1.5537650529590639	0.8638520011561654	0.1076
347	11.598885793871867	1.1498779820816252	0.8730042910882907	0.0301	1.0224106036342042	0.8523879632200059	0.0301	0.9269056958087558	0.41470708131133605	0.129	0.8110996445811842	-0.12376565340346667	0.023	0.7542139893071068	-0.3116110189397301	0.2179	0.697180889569848	-0.2730908107849043	0.1804	0.8306587998549166	-0.2071968272315216	-0.0119	1.2712508008192143	0.8196419345349991	0.0301	1.1807324048463925	0.3409501436014333	0.129	1.091237216908143	-0.12326798818781345	0.023	1.142557033404418	-0.2994046127395303	0.2179	1.1985511097453827	-0.2769317023198177	0.1804	1.0435528531960645	-0.18586187294753162	-0.0119	1.1926484423335753	1.5794112548536645	0.0008	1.2000680957084315	1.820664992718057	0.0655	1.1803657006646278	1.5709183012014294	0.1076	0.957861905313455	1.5162415396746507	-0.01275	0.7933338565792397	1.162094312556453	0.0702	0.599259759184676	0.9115090203511814	0.1076	1.4326951117600353	1.4911407146097755	-0.01275	1.52870851185431	1.1245934752996223	0.0702	1.5554163217000472	0.8630526777180504	0.1076
348	11.632311977715878	1.1511078595020185	0.8735365754240954	0.0301	1.0231494439569766	0.8526357974880792	0.0301	0.9246730817220382	0.41488039485827954	0.129	0.8031538755742333	-0.1212663361438995	0.023	0.7500353143534395	-0.30233553257006446	0.2179	0.6954737432760314	-0.2678204871796361	0.1804	0.8358102127979019	-0.20588430173985703	-0.0119	1.2733007303930408	0.8194770162002117	0.0301	1.1827016136710857	0.3399943637479449	0.129	1.0920555337916737	-0.12201414900292548	0.023	1.1442675276442513	-0.2977881289211272	0.2179	1.2016934144990705	-0.2769186190941152	0.1804	1.0438243771804419	-0.1864892933497334	-0.0119	1.1925794481589835	1.578114835673826	0.0008	1.2003404854326256	1.8204610676803765	0.0655	1.1774288131558532	1.57277198425044	0.1076	0.9599581526931366	1.5169704369309416	-0.01275	0.7952567067175922	1.163894456536833	0.0702	0.6003953265552667	0.913239411125778	0.1076	1.433705231855327	1.4907029342685256	-0.01275	1.5293212375453746	1.1260052459387222	0.0702	1.5557242432071678	0.8610035833071547	0.1076
349	11.66573816155989	1.1519574093062865	0.8747819383447051	0.0301	1.0254787146883702	0.8545112153465386	0.0301	0.9236135768850398	0.41759901756638473	0.129	0.8033015168251249	-0.11819777490731767	0.023	0.7486363653407454	-0.29905194794443596	0.2179	0.6967247343095073	-0.2603193039871018	0.1804	0.8474729251551644	-0.20723353033934303	-0.0119	1.2744281659362404	0.8211007752593557	0.0301	1.1845910972968978	0.34104941432669217	0.129	1.0928065228159096	-0.12116993976727122	0.023	1.145076505540177	-0.2956343217525678	0.2179	1.202406089312794	-0.27679321650420724	0.1804	1.043636254264796	-0.18669691818835416	-0.0119	1.1944785097523225	1.575340636786051	0.0008	1.1998819007877521	1.8222755299814932	0.0655	1.17634141916172	1.576560406071154	0.1076	0.9628149481499212	1.517354084583696	-0.01275	0.7969069508201833	1.1645266075556115	0.0702	0.6012262966294195	0.9150859972097231	0.1076	1.434974205628966	1.4902006205763323	-0.01275	1.5301658686221438	1.1272091425819748	0.0702	1.5552293624698528	0.859476395437132	0.1076
350	11.6991643454039	1.1533251043121517	0.8763413278290016	0.0301	1.0280612059560772	0.8583596658808081	0.0301	0.9237711029518617	0.42353770621282727	0.129	0.8077829048219717	-0.11436697025238378	0.023	0.749642247402512	-0.29956970957481155	0.2179	0.6996734037946786	-0.254457198253355	0.1804	0.8555535221705675	-0.20847254714179078	-0.0119	1.2756916825698534	0.8242185363780196	0.0301	1.185930668743476	0.3452464543615563	0.129	1.0917269586860874	-0.12170484165536817	0.023	1.1459416874894215	-0.29392651689397076	0.2179	1.202946584141214	-0.27756917270893866	0.1804	1.0422571215687844	-0.18804927696201412	-0.0119	1.197516890391831	1.5733059070414375	0.0008	1.200740368144365	1.8256471695615926	0.0655	1.1771021836867657	1.5809445501231647	0.1076	0.965918095406365	1.5171470272778156	-0.01275	0.7987878537336859	1.1651153318072403	0.0702	0.601317631208082	0.9164204483305067	0.1076	1.436040541712658	1.489521115760812	-0.01275	1.5318000325860488	1.1288060468487167	0.0702	1.5548382760643387	0.8597123062067431	0.1076
351	11.732590529247911	1.155499347681139	0.877122788599341	0.0301	1.0291373903779553	0.8612163469073939	0.0301	0.9237218683603843	0.4281336883320011	0.129	0.8098516931963251	-0.11166272993004535	0.023	0.7515308530341415	-0.300725849370467	0.2179	0.7010292987801755	-0.255321540322804	0.1804	0.8505092517231652	-0.20748509215326688	-0.0119	1.2779595771161913	0.8264054460788877	0.0301	1.1855876813544162	0.34766928786447	0.129	1.0888432227339864	-0.12452200394381743	0.023	1.1481044479142772	-0.29392337471352387	0.2179	1.2052972961018626	-0.27930877180994534	0.1804	1.0397409585450046	-0.19100855002233508	-0.0119	1.2000228568186018	1.5733424927611832	0.0008	1.202864005436656	1.8263623682667651	0.0655	1.1748402232484425	1.5837669520511046	0.1076	0.9689921626068194	1.5171091329496935	-0.01275	0.800174309905532	1.1654117580289736	0.0702	0.6006953761426437	0.9168438249705894	0.1076	1.4366384465713955	1.489674508289135	-0.01275	1.5330058111427673	1.1301716091986158	0.0702	1.5547629673335006	0.8599976693488364	0.1076
352	11.766016713091922	1.1572746671617773	0.8765544108564278	0.0301	1.0284944991968477	0.8587241233100863	0.0301	0.9231848423585871	0.4256170416248117	0.129	0.8108911649412633	-0.11371669331317104	0.023	0.7526631678907442	-0.3062514836155803	0.2179	0.698321602620784	-0.26369348763194755	0.1804	0.8409837702815366	-0.2069117538096065	-0.0119	1.279858554405591	0.8266863760478332	0.0301	1.1841533585182604	0.3457656557433896	0.129	1.0866731215324046	-0.12790630252372137	0.023	1.1506544042868923	-0.29590317193817695	0.2179	1.2075258093683412	-0.2807273811860966	0.1804	1.0379024254544067	-0.19347291163266261	-0.0119	1.2014280610020003	1.574364076384303	0.0008	1.2041142402517244	1.8226629726189543	0.0655	1.1712404078278513	1.5843204937396704	0.1076	0.9714624697218104	1.5175141461917883	-0.01275	0.799847990243891	1.1632858224912621	0.0702	0.5998521150473093	0.9154304455679217	0.1076	1.4368097902690318	1.489953914515476	-0.01275	1.5328931998173891	1.1301974679296152	0.0702	1.5548448922986784	0.8584205970040362	0.1076
353	11.799442896935934	1.157693172181256	0.8754870822626556	0.0301	1.0273409779008136	0.8514489812237047	0.0301	0.9230895117093791	0.41626198936043163	0.129	0.8123087994768543	-0.11879783906002192	0.023	0.7514830943265512	-0.31625124649892655	0.2179	0.6924738075351343	-0.2731717097715247	0.1804	0.8369201086656227	-0.2094211687761704	-0.0119	1.2802879924501065	0.8259165078774805	0.0301	1.1837387451342933	0.3415550482810687	0.129	1.0870480902068946	-0.12942521643729574	0.023	1.1526394673554365	-0.29856715681275414	0.2179	1.2081131380740422	-0.28144257532103933	0.1804	1.0378426600064095	-0.19428085902988698	-0.0119	1.2017607814894153	1.5751018404832802	0.0008	1.204557832945884	1.8183846652636537	0.0655	1.172022561469517	1.5835381646550326	0.1076	0.9724700548377713	1.5172818522691218	-0.01275	0.798235965951689	1.1592464421213489	0.0702	0.5992278797674341	0.9115930105515178	0.1076	1.436580984480841	1.4892725265285673	-0.01275	1.5317985558085057	1.1291820864285003	0.0702	1.5550286893956808	0.8568587343778699	0.1076
354	11.832869080779945	1.1574274303970842	0.8759520001122169	0.0301	1.026569209692905	0.8471796305516703	0.0301	0.9227908675163212	0.40439206910990405	0.129	0.8072435435938518	-0.12249073654629117	0.023	0.7478200851206421	-0.32407976059847093	0.2179	0.6843342301921556	-0.28008701390459445	0.1804	0.8299558901731247	-0.21251780409153068	-0.0119	1.2797178051188371	0.824509873263718	0.0301	1.1849365223395185	0.33660337460628365	0.129	1.0891240941098475	-0.12904527225221157	0.023	1.1539807882664053	-0.3000090245054438	0.2179	1.2078645072696184	-0.2827823224777842	0.1804	1.038613912815264	-0.19452129374587793	-0.0119	1.2011970387494357	1.5754694511309417	0.0008	1.2067503397440444	1.8170711231230081	0.0655	1.1772933138922372	1.5824663338227904	0.1076	0.9719404545872053	1.5155286120468066	-0.01275	0.7970294587509132	1.1580396225816019	0.0702	0.5989740427678621	0.9077618286887251	0.1076	1.4361710578508105	1.489384029860123	-0.01275	1.530854959682572	1.1282224979959141	0.0702	1.555189250932284	0.8583580190000878	0.1076
355	11.866295264623956	1.1574756474771135	0.879093867577175	0.0301	1.0260945808725734	0.8515262987874087	0.0301	0.921423165144064	0.3940482622677461	0.129	0.7940454305380716	-0.12386606823407385	0.023	0.7438289139091363	-0.3257078880113399	0.2179	0.6759713412977292	-0.2857719551780912	0.1804	0.8140624632794633	-0.21264924934139265	-0.0119	1.2792118690641416	0.824199922922616	0.0301	1.1866901150757836	0.3333909435954719	0.129	1.0908335859320286	-0.1285560184633328	0.023	1.154644281496281	-0.2998454564844017	0.2179	1.208078432686635	-0.2848765256346018	0.1804	1.038767328962797	-0.19558992797099348	-0.0119	1.200451660623766	1.5759090086234047	0.0008	1.210291098254639	1.8184901775490148	0.0655	1.1826933128148067	1.5816767891012482	0.1076	0.9710757336438874	1.5131704641953607	-0.01275	0.7968282183340293	1.161159405828262	0.0702	0.5988074082104533	0.9070939053628637	0.1076	1.4361351028186014	1.4921990666402496	-0.01275	1.53087567226469	1.1286281147878827	0.0702	1.5546618331014943	0.8623007494560256	0.1076
356	11.899721448467968	1.157995561639061	0.8825421509808761	0.0301	1.0265613062922092	0.8587224576655388	0.0301	0.9194891874375728	0.38591540511506633	0.129	0.7818659525295938	-0.1247105322168452	0.023	0.7402153867313378	-0.3244078726274603	0.2179	0.6696244306935791	-0.289997054637589	0.1804	0.7997594993126782	-0.2121986239160646	-0.0119	1.2796693231188874	0.8262121598715079	0.0301	1.1876876801231793	0.3332567904768578	0.129	1.090920544183132	-0.1293561024599576	0.023	1.1547608936799145	-0.2996613548944026	0.2179	1.2090061340905434	-0.2858661911151297	0.1804	1.0386211349793784	-0.1978370636520187	-0.0119	1.2003018939101444	1.5769245135194014	0.0008	1.2111702398557282	1.8210012754845426	0.0655	1.1848930833233269	1.5815515311234039	0.1076	0.9711951192479489	1.5118143104585997	-0.01275	0.7967579536044354	1.1632912370244577	0.0702	0.5982779913606148	0.9088778262471064	0.1076	1.4366003503467706	1.4956775042143153	-0.01275	1.5315033097839126	1.129936881113435	0.0702	1.5528656160183987	0.8656106846347082	0.1076
357	11.933147632311979	1.1588851242412626	0.8834197358911642	0.0301	1.0288289257468104	0.8612813835453079	0.0301	0.9173023719227358	0.3802827280103402	0.129	0.7770840284029257	-0.1255768517266755	0.023	0.7356876499137636	-0.3243965720811808	0.2179	0.6645759843107928	-0.2913390208724723	0.1804	0.7954136849574935	-0.214990639960028	-0.0119	1.2812474356709183	0.8283731041097309	0.0301	1.1872233504266836	0.33437915944716856	0.129	1.090305970189502	-0.13021210725989257	0.023	1.1533616895961807	-0.29983922596897644	0.2179	1.208695706932504	-0.28473571749147225	0.1804	1.0398278356417303	-0.19985329347028818	-0.0119	1.2004006269365344	1.5785109721509647	0.0008	1.2085696533650985	1.8227471544479383	0.0655	1.1844596646271397	1.581996752699906	0.1076	0.972239994057677	1.511812755470967	-0.01275	0.7964739419950939	1.1613938486392792	0.0702	0.5975691431413828	0.910186634344807	0.1076	1.436893691912823	1.496969556935068	-0.01275	1.5317417703578353	1.130135880521616	0.0702	1.551008858507681	0.8666990439665682	0.1076
358	11.96657381615599	1.1600939578080778	0.8835776762935518	0.0301	1.0309153645391123	0.8619095908608668	0.0301	0.9156826010777724	0.38215995664450214	0.129	0.7779835688292563	-0.12392972936148897	0.023	0.731506850024175	-0.3260466968518973	0.2179	0.6607944359254398	-0.2912525506011183	0.1804	0.7983809836708081	-0.2184113597025566	-0.0119	1.2831282248394729	0.8299685513764753	0.0301	1.1860884152544418	0.3378055389049594	0.129	1.0906632595376982	-0.12823803783012136	0.023	1.1495088634792698	-0.2992693241402387	0.2179	1.2054268747171002	-0.2826322492167303	0.1804	1.0422169924386968	-0.1993239604235464	-0.0119	1.1999674006935308	1.5801478985896316	0.0008	1.2070349813641588	1.8217128982045492	0.0655	1.1857943319091282	1.5817239179953757	0.1076	0.973577951127942	1.5135333231764927	-0.01275	0.7969020456016651	1.1606092452829604	0.0702	0.5975825145973318	0.9098249604541493	0.1076	1.4364068747999317	1.4969198567762305	-0.01275	1.531099752253308	1.1297329625701922	0.0702	1.5514707439679238	0.8659463444259757	0.1076
359	12.0	1.1614063031996318	0.8857185606487528	0.0301	1.030697532915195	0.8652564828174016	0.0301	0.9154713661914539	0.39315334420320697	0.129	0.7809579664735307	-0.1183868410354911	0.023	0.7293983933202743	-0.3285318423947115	0.2179	0.6590488351694263	-0.2921656747776737	0.1804	0.8040748886206998	-0.2189704575167832	-0.0119	1.2845699519869276	0.8324953980609391	0.0301	1.1853620441878907	0.3454141992618766	0.129	1.0920688394667317	-0.12314688127135301	0.023	1.1443064655515638	-0.2979541559604717	0.2179	1.2002324864164575	-0.2809005014891683	0.1804	1.04435043957386	-0.1959899415238139	-0.0119	1.199047681871338	1.5816316084086506	0.0008	1.2092024307204152	1.8177764546097737	0.0655	1.19126538465872	1.579841398484026	0.1076	0.9750396564256756	1.5173684416663922	-0.01275	0.7984937997014261	1.1648909331846475	0.0702	0.5986459178097137	0.9084194895395095	0.1076	1.4352732161884545	1.4974436605142105	-0.01275	1.5298301160158203	1.1304691124021244	0.0702	1.5545801027982753	0.8642847932386499	0.1076
